fetched_at,statId,chgerId,stat,statUpdDt,lastTsdt,lastTedt,nowTsdt,busiId
2026-10-09T00:01:09.631714+00:00,ME174013,01,2,20261009085742,20261008234258,20261009002410,,ME
2026-10-09T00:01:09.631714+00:00,ME174027,01,2,20261009085749,20261009082920,20261009084501,,ME
2026-10-09T00:01:09.631714+00:00,ME174039,01,2,20261009085749,20261008061115,20261008062046,,ME
2026-10-09T00:01:09.631714+00:00,ME178009,01,2,20261009085757,20261008191814,20261008195914,,ME
2026-10-09T00:01:09.631714+00:00,ME178009,02,3,20261009085800,20261009071433,20261009072758,20261009084453,ME
2026-10-09T00:01:09.631714+00:00,ME181102,01,2,20261009085805,20261008142807,20261008151127,,ME
2026-10-09T00:01:09.631714+00:00,ME181150,12,2,20261009085810,20261007141930,20261007172850,,ME
2026-10-09T00:01:09.631714+00:00,ME181150,13,2,20261009085813,20261007153124,20261007161751,,ME
2026-10-09T00:01:09.631714+00:00,ME183001,01,2,20261009085816,20261008123815,20261008124230,,ME
2026-10-09T00:01:09.631714+00:00,ME183002,01,2,20261009085821,20261008161751,20261008164007,,ME
2026-10-09T00:01:09.631714+00:00,ME183003,01,2,20261009085826,20261007114138,20261007121624,,ME
2026-10-09T00:01:09.631714+00:00,ME183004,01,2,20261009085827,20261008184720,20261008190104,,ME
2026-10-09T00:01:09.631714+00:00,ME183006,01,2,20261009085830,20261008204729,20261008212854,,ME
2026-10-09T00:01:09.631714+00:00,ME183008,01,2,20261009085847,20261009000352,20261009004645,,ME
2026-10-09T00:01:09.631714+00:00,ME183009,01,2,20261009085842,20261008104659,20261008104811,,ME
2026-10-09T00:01:09.631714+00:00,ME183103,01,2,20261009085850,20261008164242,20261008171727,,ME
2026-10-09T00:01:09.631714+00:00,ME183103,02,2,20261009085849,20261008134222,20261008142526,,ME
2026-10-09T00:01:09.631714+00:00,ME183103,52,2,20261009085848,20261008175253,20261008180926,,ME
2026-10-09T00:01:09.631714+00:00,ME183219,01,2,20261009085857,20261008082737,20261008090638,,ME
2026-10-09T00:01:09.631714+00:00,ME183219,02,2,20261009085859,20261008090141,20261008094709,,ME
2026-10-09T00:01:09.631714+00:00,ME183219,52,2,20261009085857,20261009062324,20261009070505,,ME
2026-10-09T00:01:09.631714+00:00,ME184075,01,2,20261009085904,20261002111139,20261002125929,,ME
2026-10-09T00:01:09.631714+00:00,ME184076,01,2,20261009085908,20261009083634,20261009085624,,ME
2026-10-09T00:01:09.631714+00:00,ME18B159,01,2,20261009085412,20261009011909,20261009012545,,ME
2026-10-09T00:01:09.631714+00:00,ME18B163,01,2,20261009085412,20261009061544,20261009065849,,ME
2026-10-09T00:01:09.631714+00:00,ME18B164,01,2,20261009085415,20261008173449,20261008174250,,ME
2026-10-09T00:01:09.631714+00:00,ME18B165,01,2,20261009085809,20261008124420,20261008131540,,ME
2026-10-09T00:01:09.631714+00:00,ME18B166,01,2,20261009085425,20261009043710,20261009052317,,ME
2026-10-09T00:01:09.631714+00:00,ME18B168,01,2,20261009085429,20261009073734,20261009080334,,ME
2026-10-09T00:01:09.631714+00:00,ME18B169,01,2,20261009085434,20261009052900,20261009053951,,ME
2026-10-09T00:01:09.631714+00:00,ME18B170,01,2,20261009085438,20261008214604,20261008222619,,ME
2026-10-09T00:01:09.631714+00:00,ME18B175,01,2,20261009085442,20261008031825,20261008034230,,ME
2026-10-09T00:01:09.631714+00:00,ME18B176,01,2,20261009085445,20261008191510,20261008195815,,ME
2026-10-09T00:01:09.631714+00:00,ME18B179,01,2,20261009085450,20261008200740,20261008205046,,ME
2026-10-09T00:01:09.631714+00:00,ME18B180,01,2,20261009085452,20261009080625,20261009084746,,ME
2026-10-09T00:01:09.631714+00:00,ME18B181,01,2,20261009085457,20261009050836,20261009055126,,ME
2026-10-09T00:01:09.631714+00:00,ME18B183,01,2,20261009085501,20261008132326,20261008135021,,ME
2026-10-09T00:01:09.631714+00:00,ME18B278,11,2,20261009085505,20261008061329,20261008064416,,ME
2026-10-09T00:01:09.631714+00:00,ME18B278,12,2,20261009085509,20261008113230,20261008115032,,ME
2026-10-09T00:01:09.631714+00:00,ME18B279,11,2,20261009085626,20261009073055,20261009081358,,ME
2026-10-09T00:01:09.631714+00:00,ME18B279,12,2,20261009085627,20261008232721,20261008235436,,ME
2026-10-09T00:01:09.631714+00:00,ME18B284,11,2,20261009085517,20261008235256,20261009001700,,ME
2026-10-09T00:01:09.631714+00:00,ME18B284,12,2,20261009085518,20261008230837,20261008231406,,ME
2026-10-09T00:01:09.631714+00:00,ME18B288,11,2,20261009085525,20261005230008,20261005233919,,ME
2026-10-09T00:01:09.631714+00:00,ME18B288,12,2,20261009085526,20261009080022,20261009082343,,ME
2026-10-09T00:01:09.631714+00:00,ME18B408,01,2,20261009085648,20261009075849,20261009082431,,ME
2026-10-09T00:01:09.631714+00:00,ME19A152,01,2,20261009085626,20261009054316,20261009060647,,ME
2026-10-09T00:01:09.631714+00:00,ME19A153,01,2,20261009085528,20261008190912,20261008192847,,ME
2026-10-09T00:01:09.631714+00:00,ME19A160,01,2,20261009085528,20261009072436,20261009075233,,ME
2026-10-09T00:01:09.631714+00:00,ME19A164,01,2,20261009085536,20261008231653,20261008232241,,ME
2026-10-09T00:01:09.631714+00:00,ME19A170,01,2,20261009085612,20261008142328,20261008145753,,ME
2026-10-09T00:01:09.631714+00:00,ME19A601,26,3,20261009085714,20261008211344,20261008212439,20261009085307,ME
2026-10-09T00:01:09.631714+00:00,ME19D118,01,2,20261009085713,20261008074557,20261008080742,,ME
2026-10-09T00:01:09.631714+00:00,ME19X403,41,2,20261009085713,20261008223736,20261008231736,,ME
2026-10-09T00:01:09.631714+00:00,ME19X403,42,5,20261009085707,20261008211044,20261008211938,,ME
2026-10-09T00:01:09.631714+00:00,ME19X403,43,2,20261009085609,20261008200655,20261008203450,,ME
2026-10-09T00:01:09.631714+00:00,ME19X403,44,2,20261009085602,20261008205501,20261008205803,,ME
2026-10-09T00:01:09.631714+00:00,ME19X403,45,2,20261009085634,20261008075118,20261008083118,,ME
2026-10-09T00:01:09.631714+00:00,ME19X417,42,2,20261009085733,20261009081342,20261009083146,,ME
2026-10-09T00:01:09.631714+00:00,ME19X417,43,2,20261009085725,20261008132237,20261008140237,,ME
2026-10-09T00:01:09.631714+00:00,ME19X417,44,2,20261009085716,20261008120936,20261008121544,,ME
2026-10-09T00:01:09.631714+00:00,ME19X417,45,2,20261009085732,20261008104047,20261008112047,,ME
2026-10-09T00:01:09.631714+00:00,ME19Y284,21,2,20261009085740,20261009074603,20261009075156,,ME
2026-10-09T00:01:09.631714+00:00,ME19Y284,22,2,20261009085740,20261009042314,20261009050314,,ME
2026-10-09T00:01:09.631714+00:00,ME19Y601,21,2,20261009085824,20261009044411,20261009052411,,ME
2026-10-09T00:01:09.631714+00:00,ME19Y601,22,2,20261009085824,20261009043726,20261009051625,,ME
2026-10-09T00:01:09.631714+00:00,ME19Y601,23,2,20261009085758,20261009050038,20261009052745,,ME
2026-10-09T00:01:09.631714+00:00,ME19Y601,24,2,20261009085758,20261009050321,20261009054321,,ME
2026-10-09T00:01:09.631714+00:00,ME19Y601,25,2,20261009085750,20261009063103,20261009070128,,ME
2026-10-09T00:01:09.631714+00:00,ME19Y601,26,3,20261009085608,20261009064009,20261009070116,20261009080244,ME
2026-10-09T00:01:09.631714+00:00,ME20A193,01,2,20261009085430,20261009014257,20261009022257,,ME
2026-10-09T00:01:09.631714+00:00,ME20A194,01,2,20261009085725,20261008231236,20261008232301,,ME
2026-10-09T00:01:09.631714+00:00,ME20A195,01,2,20261009085725,20261008201612,20261008204630,,ME
2026-10-09T00:01:09.631714+00:00,ME20A196,01,3,20261009085809,20261009063948,20261009065503,20261009085309,ME
2026-10-09T00:01:09.631714+00:00,ME20A197,01,2,20261009085723,20261009031819,20261009035819,,ME
2026-10-09T00:01:09.631714+00:00,ME20A198,01,2,20261009085722,20261009074305,20261009075216,,ME
2026-10-09T00:01:09.631714+00:00,ME20A199,01,3,20261009085543,20261009071912,20261009075912,20261009082528,ME
2026-10-09T00:01:09.631714+00:00,ME20A1a0,01,2,20261009085721,20260930211119,20260930212304,,ME
2026-10-09T00:01:09.631714+00:00,ME20A1a1,01,2,20261009085728,20261008024437,20261008032110,,ME
2026-10-09T00:01:09.631714+00:00,ME20A1a2,01,2,20261009085727,20261008191929,20261008195929,,ME
2026-10-09T00:01:09.631714+00:00,ME20A1a3,01,2,20261009085713,20261009060627,20261009064627,,ME
2026-10-09T00:01:09.631714+00:00,ME20A1a4,01,2,20261009085721,20261008164528,20261008172528,,ME
2026-10-09T00:01:09.631714+00:00,ME20A1a5,01,2,20261009085721,20261008161354,20261008165354,,ME
2026-10-09T00:01:09.631714+00:00,ME20A1a6,01,2,20261009085738,20261009041612,20261009042110,,ME
2026-10-09T00:01:09.631714+00:00,ME20A1a7,01,2,20261009085713,20261008195906,20261008201906,,ME
2026-10-09T00:01:09.631714+00:00,ME20A1a8,01,2,20261009085726,20261009064513,20261009072513,,ME
2026-10-09T00:01:09.631714+00:00,ME20A1a9,01,3,20261009085750,20261008161021,20261008162844,20261009083741,ME
2026-10-09T00:01:09.631714+00:00,ME20A1b0,01,2,20261009085724,20261008144309,20261008152309,,ME
2026-10-09T00:01:09.631714+00:00,ME20A278,21,2,20261009085557,20261009070641,20261009071645,,ME
2026-10-09T00:01:09.631714+00:00,ME20A278,22,2,20261009085557,20261009062350,20261009070350,,ME
2026-10-09T00:01:09.631714+00:00,ME20A279,21,2,20261009085720,20261008125440,20261008131833,,ME
2026-10-09T00:01:09.631714+00:00,ME20A279,22,2,20261009085720,20261008211407,20261008213916,,ME
2026-10-09T00:01:09.631714+00:00,ME20A280,01,2,20261009085736,20261008220426,20261008222343,,ME
2026-10-09T00:01:09.631714+00:00,ME20A280,02,2,20261009085825,20261008211609,20261008215609,,ME
2026-10-09T00:01:09.631714+00:00,ME20A301,01,2,20261009085742,20261005114303,20261005121841,,ME
2026-10-09T00:01:09.631714+00:00,ME20A301,21,2,20261009085723,20261008202357,20261008204852,,ME
2026-10-09T00:01:09.631714+00:00,ME20A301,22,2,20261009085723,20261004151939,20261004155939,,ME
2026-10-09T00:01:09.631714+00:00,ME20A409,21,2,20261009085748,20261009063003,20261009064731,,ME
2026-10-09T00:01:09.631714+00:00,ME20A409,22,2,20261009085748,20261008131903,20261008135903,,ME
2026-10-09T00:01:09.631714+00:00,ME20A409,23,2,20261009085734,20261008213833,20261008221833,,ME
2026-10-09T00:01:09.631714+00:00,ME20A409,24,2,20261009085735,20261008115604,20261008115712,,ME
2026-10-09T00:01:09.631714+00:00,ME20A410,01,2,20261009085754,20261008194001,20261008201855,,ME
2026-10-09T00:01:09.631714+00:00,ME20A410,02,2,20261009085754,20261008120224,20261008124224,,ME
2026-10-09T00:01:09.631714+00:00,ME20A410,03,2,20261009085820,20261008185934,20261008193934,,ME
2026-10-09T00:01:09.631714+00:00,ME20A410,91,2,20261009085759,20261008193746,20261008200913,,ME
2026-10-09T00:01:09.631714+00:00,ME20A411,01,3,20261009085706,20261008112828,20261008120828,20261009084158,ME
2026-10-09T00:01:09.631714+00:00,ME20A411,02,2,20261009085820,20261008140558,20261008140658,,ME
2026-10-09T00:01:09.631714+00:00,ME20A411,03,2,20261009085819,20261008140128,20261008144128,,ME
2026-10-09T00:01:09.631714+00:00,ME20A411,04,2,20261009085828,20261008143655,20261008151655,,ME
2026-10-09T00:01:09.631714+00:00,ME21A114,01,2,20261009085222,20261009080244,20261009084250,,ME
2026-10-09T00:01:09.631714+00:00,ME21B131,01,2,20261009085336,20261008231535,20261008235443,,ME
2026-10-09T00:01:09.631714+00:00,ME21B133,01,2,20261009085758,20261009081713,20261009085750,,ME
2026-10-09T00:01:09.631714+00:00,ME21B1C3,01,3,20261009085816,20261009060501,20261009064237,20261009085206,ME
2026-10-09T00:01:09.631714+00:00,ME21B404,01,2,20261009085630,20261009083131,20261009085628,,ME
2026-10-09T00:01:09.631714+00:00,ME21C250,21,2,20261009085811,20261008141434,20261008145159,,ME
2026-10-09T00:01:09.631714+00:00,ME21C250,22,2,20261009085811,20261009004806,20261009012808,,ME
2026-10-09T00:01:09.631714+00:00,ME21C251,21,2,20261009085812,20261008191143,20261008193921,,ME
2026-10-09T00:01:09.631714+00:00,ME21C251,22,2,20261009085812,20261008230609,20261008232657,,ME
2026-10-09T00:01:09.631714+00:00,ME22C1B8,01,2,20261009085838,20261008190401,20261008194402,,ME
2026-10-09T00:01:09.631714+00:00,ME22C1B9,01,2,20261009085908,20261008231203,20261008232958,,ME
2026-10-09T00:01:09.631714+00:00,ME22C1C0,01,2,20261009085902,20261008084418,20261008092420,,ME
2026-10-09T00:01:09.631714+00:00,ME22C802,01,2,20261009085813,20261008150545,20261008152224,,ME
2026-10-09T00:01:09.631714+00:00,ME22C802,02,2,20261009085901,20261008200951,20261008204443,,ME
2026-10-09T00:01:09.631714+00:00,ME22C802,03,2,20261009085815,20261008185058,20261008190657,,ME
2026-10-09T00:01:09.631714+00:00,ME22C802,04,2,20261009085810,20261009075008,20261009083010,,ME
2026-10-09T00:01:09.631714+00:00,ME22C802,05,2,20261009085818,20261008181142,20261008182212,,ME
2026-10-09T00:01:09.631714+00:00,ME22C802,06,2,20261009085818,20261008152859,20261008160838,,ME
2026-10-09T00:01:09.631714+00:00,ME22C802,07,2,20261009085847,20261008154549,20261008161157,,ME
2026-10-09T00:01:09.631714+00:00,ME22C802,08,2,20261009085909,20261008183556,20261008190237,,ME
2026-10-09T00:01:09.631714+00:00,ME22D121,01,2,20261009085833,20261008222607,20261008230600,,ME
2026-10-09T00:01:09.631714+00:00,ME22D134,01,2,20261009085908,20261003080645,20261003084648,,ME
2026-10-09T00:01:09.631714+00:00,ME22D152,01,2,20261009085845,20261006183220,20261006191223,,ME
2026-10-09T00:01:09.631714+00:00,ME22D205,01,3,20261009085829,20261008220241,20261008224244,20261009085023,ME
2026-10-09T00:01:09.631714+00:00,ME22D205,02,2,20261009085812,20261008160956,20261008162523,,ME
2026-10-09T00:01:09.631714+00:00,ME22D402,01,2,20261009085813,20261009080906,20261009084909,,ME
2026-10-09T00:01:09.631714+00:00,ME22D402,02,2,20261009085836,20261008134528,20261008142531,,ME
2026-10-09T00:01:09.631714+00:00,ME22D402,03,2,20261009085901,20261008121757,20261008123552,,ME
2026-10-09T00:01:09.631714+00:00,ME22D402,04,2,20261009085843,20261009023532,20261009031534,,ME
2026-10-09T00:01:09.631714+00:00,ME22M301,01,2,20261009085903,20261009012434,20261009014544,,ME
2026-10-09T00:01:09.631714+00:00,ME22M301,02,2,20261009085902,20261009083914,20261009084619,,ME
2026-10-09T00:01:09.631714+00:00,ME22M301,81,2,20261009085907,20261008153443,20261008160619,,ME
2026-10-09T00:01:09.631714+00:00,ME22M301,82,2,20261009085825,20261009011757,20261009013744,,ME
2026-10-09T00:01:09.631714+00:00,ME22M301,83,2,20261009085902,20261009004013,20261009011130,,ME
2026-10-09T00:01:09.631714+00:00,ME22M301,84,2,20261009085812,20261007150110,20261007152502,,ME
2026-10-09T00:01:09.631714+00:00,ME22M302,12,2,20261009085443,20260817104012,20260817112018,,ME
2026-10-09T00:01:09.631714+00:00,ME22M302,33,2,20261009085858,20261008141742,20261008143449,,ME
2026-10-09T00:01:09.631714+00:00,ME22M302,34,2,20261009085814,20261007125930,20261007132509,,ME
2026-10-09T00:01:09.631714+00:00,ME22M302,35,2,20261009085856,20261008154514,20261008155948,,ME
2026-10-09T00:01:09.631714+00:00,ME22M302,36,2,20261009085903,20261005145348,20261005153349,,ME
2026-10-09T00:01:09.631714+00:00,ME25A102,01,2,20261009085817,20261008185214,20261008190827,,ME
2026-10-09T00:01:09.631714+00:00,ME25A107,01,2,20261009085520,20261007125914,20261007133926,,ME
2026-10-09T00:01:09.631714+00:00,ME25A108,01,2,20261009085718,20261008151120,20261008154149,,ME
2026-10-09T00:01:09.631714+00:00,ME25A109,01,2,20261009085530,20261008213025,20261008221041,,ME
2026-10-09T00:01:09.631714+00:00,ME25A401,21,2,20261009085524,20261008224237,20261008230029,,ME
2026-10-09T00:01:09.631714+00:00,ME25A401,22,2,20261009085526,20261008170334,20261008172848,,ME
2026-10-09T00:01:09.631714+00:00,ME25A401,23,2,20261009085531,20261005223143,20261005230339,,ME
2026-10-09T00:01:09.631714+00:00,ME25A401,24,2,20261009085534,20261007160032,20261007162128,,ME
2026-10-09T00:01:09.631714+00:00,ME25A403,21,2,20261009085546,20261007111344,20261007111449,,ME
2026-10-09T00:01:09.631714+00:00,ME25A403,22,2,20261009085548,20261007111603,20261007111709,,ME
2026-10-09T00:01:09.631714+00:00,ME25A403,23,2,20261009085715,20261008131128,20261008203249,,ME
2026-10-09T00:01:09.631714+00:00,ME25A403,24,2,20261009085717,20261008181759,20261008182313,,ME
2026-10-09T00:01:09.631714+00:00,ME25A404,21,2,20261009085558,20261009051320,20261009054536,,ME
2026-10-09T00:01:09.631714+00:00,ME25A404,22,2,20261009085600,20261007105331,20261007105442,,ME
2026-10-09T00:01:09.631714+00:00,ME25A404,23,2,20261009085611,20261007105647,20261007105756,,ME
2026-10-09T00:01:09.631714+00:00,ME25A404,24,2,20261009085613,20261007105845,20261007105954,,ME
2026-10-09T00:01:09.631714+00:00,ME25A405,21,2,20261009085625,20261008115429,20261008123433,,ME
2026-10-09T00:01:09.631714+00:00,ME25A405,22,2,20261009085628,20261008121453,20261008124728,,ME
2026-10-09T00:01:09.631714+00:00,ME25A406,21,2,20261009085734,20261007151402,20261007154231,,ME
2026-10-09T00:01:09.631714+00:00,ME25A406,22,2,20261009085736,20261008052704,20261008054547,,ME
2026-10-09T00:01:09.631714+00:00,ME25A406,23,2,20261009085745,20261009070857,20261009074610,,ME
2026-10-09T00:01:09.631714+00:00,ME25A406,24,2,20261009085747,20261007121010,20261007121111,,ME
2026-10-09T00:01:09.631714+00:00,AMAM0005,02,2,20261009085429,20261008235429,20261008235429,,AM
2026-10-09T00:01:09.631714+00:00,BE240104,10,3,20261009085534,20261009085534,20261007194053,20261009085534,BE
2026-10-09T00:01:09.631714+00:00,BE240709,01,3,20261009085658,20261009085658,20261008155114,20261009085658,BE
2026-10-09T00:01:09.631714+00:00,BNBN0328,02,2,20261009085404,20261008203938,20261008230929,,BN
2026-10-09T00:01:09.631714+00:00,BT000131,04,3,20261009085645,20261009085645,20261008185521,20261009085645,BT
2026-10-09T00:01:09.631714+00:00,BT200001,03,3,20261009090008,20261009090008,20261009090008,20261009090008,BT
2026-10-09T00:01:09.631714+00:00,CR000244,01,3,20261009085939,20261009085939,20261009085600,20261009085939,CR
2026-10-09T00:01:09.631714+00:00,CSCS1033,02,9,20261009085310,20261008232120,20261008232120,,CS
2026-10-09T00:01:09.631714+00:00,CU200009,01,3,20261009085109,20261009083612,20261008221819,20261009083612,CU
2026-10-09T00:01:09.631714+00:00,CU200010,03,3,20261009085315,20261009083819,20261009044114,20261009083819,CU
2026-10-09T00:01:09.631714+00:00,CV000826,04,2,20261009085546,20261009081424,20261009085233,,CV
2026-10-09T00:01:09.631714+00:00,CV000857,02,1,20261009085518,20261007200635,20261007211325,,CV
2026-10-09T00:01:09.631714+00:00,CV001290,02,2,20261009085521,20261009082437,20261009085436,,CV
2026-10-09T00:01:09.631714+00:00,CV001306,02,2,20261009085521,20261009080618,20261009085447,,CV
2026-10-09T00:01:09.631714+00:00,CV001350,01,3,20261009085521,20261009085052,20261009085050,20261009085052,CV
2026-10-09T00:01:09.631714+00:00,CV001364,04,2,20261009085522,20261009081903,20261009085208,,CV
2026-10-09T00:01:09.631714+00:00,CV001453,01,2,20261009085522,20261009010057,20261009085111,,CV
2026-10-09T00:01:09.631714+00:00,CV001543,01,3,20261009085521,20261009085237,20261009085238,20261009085237,CV
2026-10-09T00:01:09.631714+00:00,CV002464,01,2,20261009085521,20261009081136,20261009085111,,CV
2026-10-09T00:01:09.631714+00:00,CV002673,21,2,20261009085544,20261009055324,20261009085033,,CV
2026-10-09T00:01:09.631714+00:00,CV003815,11,3,20261009085542,20261009085454,20261009085455,20261009085542,CV
2026-10-09T00:01:09.631714+00:00,CV003816,01,3,20261009085541,20261009085317,20261009085324,20261009085541,CV
2026-10-09T00:01:09.631714+00:00,CV003990,02,3,20261009085543,20261009085425,20261009085426,20261009085543,CV
2026-10-09T00:01:09.631714+00:00,CV003990,03,3,20261009085543,20261009085413,20261009085413,20261009085413,CV
2026-10-09T00:01:09.631714+00:00,CV004156,10,2,20261009085536,20261009064022,20261009085310,,CV
2026-10-09T00:01:09.631714+00:00,CV004303,02,2,20261009085543,20261009083514,20261009085316,,CV
2026-10-09T00:01:09.631714+00:00,CV004473,04,3,20261009085544,20261009085034,20261009085046,20261009085544,CV
2026-10-09T00:01:09.631714+00:00,DO000048,04,3,20261009085214,20261009085214,20261008222832,20261009085214,DO
2026-10-09T00:01:09.631714+00:00,DO000061,01,3,20261009085212,20261009085212,20261009053228,20261009085212,DO
2026-10-09T00:01:09.631714+00:00,EC001018,06,3,20261009090001,20261009085922,20261009050759,20261009085922,EC
2026-10-09T00:01:09.631714+00:00,EC001020,03,3,20261009090001,20261009085832,20261009044420,20261009085832,EC
2026-10-09T00:01:09.631714+00:00,EC004811,01,2,20261009085402,20261008224254,20261009080252,,EC
2026-10-09T00:01:09.631714+00:00,EC004866,01,2,20261009085802,20261009053845,20261009085639,,EC
2026-10-09T00:01:09.631714+00:00,EC004867,03,3,20261009085402,20261009085348,20261008210553,20261009085348,EC
2026-10-09T00:01:09.631714+00:00,EC004868,02,2,20261009090002,20261009013455,20261009045934,,EC
2026-10-09T00:01:09.631714+00:00,EC004871,02,2,20261009085802,20261008202544,20261008215819,,EC
2026-10-09T00:01:09.631714+00:00,EC007775,02,2,20261009085402,20261009002218,20261009014144,,EC
2026-10-09T00:01:09.631714+00:00,EO000121,04,3,20261009085710,20261009085710,20261009062232,20261009085710,EO
2026-10-09T00:01:09.631714+00:00,EP210167,02,5,20261009085600,20261009031016,20261009061018,,EP
2026-10-09T00:01:09.631714+00:00,ER000462,10,2,20261009085405,20261009034708,20261008194700,,ER
2026-10-09T00:01:09.631714+00:00,EREL0030,05,2,20261009085721,20261009085540,20261009085015,,ER
2026-10-09T00:01:09.631714+00:00,EV000001,03,2,20261009085910,20261008211843,20261008224607,,EV
2026-10-09T00:01:09.631714+00:00,EV000003,01,2,20261009085306,20261008161930,20261008215121,,EV
2026-10-09T00:01:09.631714+00:00,EV000044,03,3,20261009085708,20260930103636,20260930182521,20261009035620,EV
2026-10-09T00:01:09.631714+00:00,EV000524,01,3,20261009085508,20261009013802,20261009085208,20261009085508,EV
2026-10-09T00:01:09.631714+00:00,EV000843,01,2,20261009085509,20261008233849,20261009085311,,EV
2026-10-09T00:01:09.631714+00:00,EV001627,01,3,20261009085305,20261008125417,20261008142003,20261008224342,EV
2026-10-09T00:01:09.631714+00:00,EV002133,01,2,20261009085711,20261009023951,20261009085644,,EV
2026-10-09T00:01:09.631714+00:00,EV002135,02,2,20261009085308,20261008174922,20261009041236,,EV
2026-10-09T00:01:09.631714+00:00,EV002472,02,3,20261009085710,20261007194449,20261007222826,20261009085641,EV
2026-10-09T00:01:09.631714+00:00,EV002547,04,2,20261009085709,20261009005023,20261009085357,,EV
2026-10-09T00:01:09.631714+00:00,EV002936,04,2,20261009085709,20261008223620,20261009015836,,EV
2026-10-09T00:01:09.631714+00:00,EV003123,04,2,20261009085508,20261009014040,20261009032040,,EV
2026-10-09T00:01:09.631714+00:00,EV003832,03,3,20261009085307,20261008201057,20261009032910,20261009085011,EV
2026-10-09T00:01:09.631714+00:00,EV003849,04,2,20261009085709,20261008220819,20261009084459,,EV
2026-10-09T00:01:09.631714+00:00,EV003851,02,2,20261009085911,20261008151758,20261008213655,,EV
2026-10-09T00:01:09.631714+00:00,EV003852,03,3,20261009085912,20261008205740,20261009001936,20261009085842,EV
2026-10-09T00:01:09.631714+00:00,EV004092,02,2,20261009085305,20261008162444,20261008220932,,EV
2026-10-09T00:01:09.631714+00:00,EV004210,02,3,20261009085508,20261007205955,20261008011406,20261009085348,EV
2026-10-09T00:01:09.631714+00:00,EV004295,01,3,20261009085909,20261009004932,20261009032653,20261009085844,EV
2026-10-09T00:01:09.631714+00:00,EV004427,02,2,20261009085909,20261008210244,20261009085806,,EV
2026-10-09T00:01:09.631714+00:00,EV005021,02,3,20261009085912,20261009060212,20261009070719,20261009085702,EV
2026-10-09T00:01:09.631714+00:00,EV005021,05,3,20261009085509,20261009062751,20261009070804,20261009085433,EV
2026-10-09T00:01:09.631714+00:00,EV005035,04,9,20261009085909,20261008100501,20261008100532,,EV
2026-10-09T00:01:09.631714+00:00,EV005104,01,3,20261009085305,20261008171513,20261008221353,20261009085305,EV
2026-10-09T00:01:09.631714+00:00,EV005126,02,2,20261009085708,20261008233850,20261009023140,,EV
2026-10-09T00:01:09.631714+00:00,EV005276,03,3,20261009085910,20261009051803,20261009082046,20261009085846,EV
2026-10-09T00:01:09.631714+00:00,EV005562,03,3,20261009085910,20261008153700,20261008231931,20261009085715,EV
2026-10-09T00:01:09.631714+00:00,EV005861,05,2,20261009085909,20261008214505,20261009085646,,EV
2026-10-09T00:01:09.631714+00:00,EV006714,01,2,20261009085710,20261008215915,20261009014121,,EV
2026-10-09T00:01:09.631714+00:00,EV007173,05,2,20261009085307,20261008223731,20261009085203,,EV
2026-10-09T00:01:09.631714+00:00,EV007355,01,3,20261009085506,20261008201250,20261009025456,20261009085424,EV
2026-10-09T00:01:09.631714+00:00,EV007627,02,2,20261009085307,20261008165040,20261008200249,,EV
2026-10-09T00:01:09.631714+00:00,EV007762,01,2,20261009085507,20261008220842,20261009004701,,EV
2026-10-09T00:01:09.631714+00:00,EV008291,01,2,20261009085509,20261008181157,20261009015919,,EV
2026-10-09T00:01:09.631714+00:00,EV008357,03,3,20261009085708,20261007232914,20261008035355,20261009085708,EV
2026-10-09T00:01:09.631714+00:00,EV008453,04,3,20261009085710,20261008074348,20261008103501,20261009085605,EV
2026-10-09T00:01:09.631714+00:00,EV008495,04,2,20261009085710,20261008182242,20261009020229,,EV
2026-10-09T00:01:09.631714+00:00,EV008520,02,2,20261009085420,20261008201120,20261009003410,,EV
2026-10-09T00:01:09.631714+00:00,EV008548,03,2,20261009085507,20261008235339,20261009054429,,EV
2026-10-09T00:01:09.631714+00:00,EV008814,02,2,20261009085306,20261008123721,20261008144136,,EV
2026-10-09T00:01:09.631714+00:00,EV008816,02,2,20261009085709,20261008170733,20261009035337,,EV
2026-10-09T00:01:09.631714+00:00,EV008990,01,2,20261009085306,20261009055956,20261009085043,,EV
2026-10-09T00:01:09.631714+00:00,EV010095,03,2,20261009085305,20261007160304,20261008040522,,EV
2026-10-09T00:01:09.631714+00:00,EV010594,02,2,20261009085307,20261008201634,20261009002754,,EV
2026-10-09T00:01:09.631714+00:00,EV010839,02,3,20261009085307,20261009031211,20261009040826,20261009085150,EV
2026-10-09T00:01:09.631714+00:00,EV010910,02,2,20261009085909,20261008181853,20261008234135,,EV
2026-10-09T00:01:09.631714+00:00,EV010972,01,3,20261009085910,20261008190906,20261009035218,20261009085756,EV
2026-10-09T00:01:09.631714+00:00,EV010972,02,2,20261009085306,20261008194143,20261009010434,,EV
2026-10-09T00:01:09.631714+00:00,EV010978,01,2,20261009085910,20261008212805,20261009041307,,EV
2026-10-09T00:01:09.631714+00:00,EV011245,04,2,20261009085307,20261008224911,20261009004137,,EV
2026-10-09T00:01:09.631714+00:00,EV011641,02,2,20261009085707,20261008180615,20261009013853,,EV
2026-10-09T00:01:09.631714+00:00,EV012083,01,3,20261009085308,20261009044914,20261009060701,20261009085129,EV
2026-10-09T00:01:09.631714+00:00,EV012392,03,3,20261009085421,20261008122743,20261008224546,20261009085421,EV
2026-10-09T00:01:09.631714+00:00,EV012392,04,3,20261009085307,20261008185118,20261008224611,20261009085307,EV
2026-10-09T00:01:09.631714+00:00,EV012393,02,3,20261009085911,20261007212144,20261007223843,20261009085817,EV
2026-10-09T00:01:09.631714+00:00,EV012690,02,2,20261009085422,20261008171212,20261009025547,,EV
2026-10-09T00:01:09.631714+00:00,EV012800,01,2,20261009085711,20261009084630,20261009085605,,EV
2026-10-09T00:01:09.631714+00:00,EV013404,01,2,20261009085710,20261008130655,20261008172700,,EV
2026-10-09T00:01:09.631714+00:00,EV013616,05,3,20261009085710,20261008134327,20261008191738,20261009082911,EV
2026-10-09T00:01:09.631714+00:00,EV013808,05,2,20261009085507,20261008203651,20261009053723,,EV
2026-10-09T00:01:09.631714+00:00,EV013826,02,2,20261009085911,20261008174148,20261009004719,,EV
2026-10-09T00:01:09.631714+00:00,EV013831,01,2,20261009085911,20261008223737,20261009061656,,EV
2026-10-09T00:01:09.631714+00:00,EV014122,02,2,20261009085509,20261009062807,20261009074236,,EV
2026-10-09T00:01:09.631714+00:00,EV014188,01,2,20261009085508,20261008191827,20261009005658,,EV
2026-10-09T00:01:09.631714+00:00,EV014391,01,3,20261009085305,20261008204523,20261009012554,20261009085305,EV
2026-10-09T00:01:09.631714+00:00,EV014972,05,2,20261009085306,20261008200939,20261009024856,,EV
2026-10-09T00:01:09.631714+00:00,EV015282,02,2,20261009085305,20261008221751,20261009015153,,EV
2026-10-09T00:01:09.631714+00:00,EV015329,01,2,20261009085710,20261008202340,20261008232110,,EV
2026-10-09T00:01:09.631714+00:00,EV015598,01,3,20261009085910,20261009041724,20261009082202,20261009085808,EV
2026-10-09T00:01:09.631714+00:00,EV016038,02,2,20261009085307,20261008192131,20261009010001,,EV
2026-10-09T00:01:09.631714+00:00,EV016289,03,2,20261009085709,20261009002912,20261009020951,,EV
2026-10-09T00:01:09.631714+00:00,EV016377,05,2,20261009085307,20261008175638,20261008222244,,EV
2026-10-09T00:01:09.631714+00:00,EV016937,04,2,20261009085911,20261008195802,20261009023407,,EV
2026-10-09T00:01:09.631714+00:00,EV017503,06,2,20261009085509,20261008200750,20261008232425,,EV
2026-10-09T00:01:09.631714+00:00,EV017509,06,2,20261009085509,20261008222319,20261009042449,,EV
2026-10-09T00:01:09.631714+00:00,EV017511,03,2,20261009085912,20261008232919,20261009050334,,EV
2026-10-09T00:01:09.631714+00:00,EV017924,05,3,20261009085419,20261008205236,20261009040933,20261009085419,EV
2026-10-09T00:01:09.631714+00:00,EV018067,05,2,20261009085306,20261008075406,20261008091810,,EV
2026-10-09T00:01:09.631714+00:00,EV018297,01,2,20261009085710,20261008183539,20261009012339,,EV
2026-10-09T00:01:09.631714+00:00,EV018362,08,3,20261009085912,20261007160951,20261007164435,20261009085731,EV
2026-10-09T00:01:09.631714+00:00,EV018368,04,2,20261009085506,20261008214748,20261009025419,,EV
2026-10-09T00:01:09.631714+00:00,EV018531,01,2,20261009085307,20261009062338,20261009085101,,EV
2026-10-09T00:01:09.631714+00:00,EV018651,03,2,20261009085419,20261008213729,20261008230149,,EV
2026-10-09T00:01:09.631714+00:00,EV018892,02,2,20261009085910,20261008183357,20261009021239,,EV
2026-10-09T00:01:09.631714+00:00,EV018986,07,2,20261009085912,20261009003035,20261009040039,,EV
2026-10-09T00:01:09.631714+00:00,EV019014,07,2,20261009085707,20261008164136,20261009005729,,EV
2026-10-09T00:01:09.631714+00:00,EV019050,05,2,20261009085420,20261009000505,20261009062336,,EV
2026-10-09T00:01:09.631714+00:00,EV019052,02,3,20261009085711,20261008004005,20261008014003,20261009085629,EV
2026-10-09T00:01:09.631714+00:00,EV019215,02,2,20261009085506,20261008212717,20261009022446,,EV
2026-10-09T00:01:09.631714+00:00,EV019478,01,2,20261009085305,20261008175854,20261008201609,,EV
2026-10-09T00:01:09.631714+00:00,EV019492,03,2,20261009085708,20261008174610,20261008225606,,EV
2026-10-09T00:01:09.631714+00:00,EV019505,02,2,20261009085307,20261008175002,20261009001358,,EV
2026-10-09T00:01:09.631714+00:00,EV019674,01,2,20261009085710,20261008173741,20261008193453,,EV
2026-10-09T00:01:09.631714+00:00,EV019675,02,2,20261009085710,20261008163224,20261009010516,,EV
2026-10-09T00:01:09.631714+00:00,EV019966,02,3,20261009085421,20261006224038,20261007035750,20261009054315,EV
2026-10-09T00:01:09.631714+00:00,EV020118,01,2,20261009085419,20261008194200,20261009063025,,EV
2026-10-09T00:01:09.631714+00:00,EV020167,03,3,20261009085710,20261008211528,20261009005754,20261009085536,EV
2026-10-09T00:01:09.631714+00:00,EV020881,04,2,20261009085911,20261008194818,20261009073724,,EV
2026-10-09T00:01:09.631714+00:00,GS000009,02,3,20261009085815,20261009085815,20261009081004,20261009085815,GS
2026-10-09T00:01:09.631714+00:00,GS000140,04,3,20261009085815,20261009085815,20261007180556,20261009085815,GS
2026-10-09T00:01:09.631714+00:00,HE000423,08,2,20261009085400,20261009084700,20261009085400,,HE
2026-10-09T00:01:09.631714+00:00,HE000443,01,5,20261009085200,20261007151500,20261007151600,,HE
2026-10-09T00:01:09.631714+00:00,HE001015,01,2,20261009085800,20261009081000,20261009085800,,HE
2026-10-09T00:01:09.631714+00:00,HE001015,03,3,20261009085500,20261009085500,20261008234200,20261009085500,HE
2026-10-09T00:01:09.631714+00:00,HE001015,05,2,20261009085400,20261009085000,20261009085400,,HE
2026-10-09T00:01:09.631714+00:00,HE001047,35,3,20261009085700,20261009085700,20261008204401,20261009085700,HE
2026-10-09T00:01:09.631714+00:00,HE001048,04,2,20261009085800,20261009085500,20261009085800,,HE
2026-10-09T00:01:09.631714+00:00,HE192182,04,3,20261009085900,20261009085900,20261008143700,20261009085900,HE
2026-10-09T00:01:09.631714+00:00,HE192682,04,3,20261009085500,20261009085500,20261006204800,20261009085500,HE
2026-10-09T00:01:09.631714+00:00,HE212779,01,2,20261009085800,20261009022700,20261009085800,,HE
2026-10-09T00:01:09.631714+00:00,HE240401,01,2,20261009090000,20261007122440,20261007144035,,HE
2026-10-09T00:01:09.631714+00:00,HE240401,03,2,20261009090000,20261006164742,20261006173924,,HE
2026-10-09T00:01:09.631714+00:00,HE240404,03,2,20261009090000,20261008220527,20261009045513,,HE
2026-10-09T00:01:09.631714+00:00,HJ000002,02,2,20261009085200,20261009082304,20261009085150,,HJ
2026-10-09T00:01:09.631714+00:00,HJ000002,22,2,20261009090000,20261009085024,20261009085922,,HJ
2026-10-09T00:01:09.631714+00:00,HM000466,16,2,20261009085606,20261008180303,20261009085409,,HM
2026-10-09T00:01:09.631714+00:00,HM000646,02,2,20261009085408,20261008223107,20261009085211,,HM
2026-10-09T00:01:09.631714+00:00,HM000649,05,2,20261009085609,20261009065026,20261009085547,,HM
2026-10-09T00:01:09.631714+00:00,HM001269,02,3,20261009085613,20261008075503,20261008164532,20261009085555,HM
2026-10-09T00:01:09.631714+00:00,HM001659,10,2,20261009085415,20261009065110,20261009085321,,HM
2026-10-09T00:01:09.631714+00:00,HM110333,06,2,20261009085220,20261009064445,20261009085041,,HM
2026-10-09T00:01:09.631714+00:00,HP250010,05,2,20261009085549,20261009073409,20261009085549,,HP
2026-10-09T00:01:09.631714+00:00,HP250010,06,2,20261009085657,20261009060436,20261009085657,,HP
2026-10-09T00:01:09.631714+00:00,HP250010,07,2,20261009085639,20261009055521,20261009085639,,HP
2026-10-09T00:01:09.631714+00:00,HY000109,11,3,20261009090004,20261009085922,20261008172025,20261009085922,HY
2026-10-09T00:01:09.631714+00:00,HY000539,01,2,20261009090007,20261009082629,20261009085903,,HY
2026-10-09T00:01:09.631714+00:00,HY000816,02,3,20261009085704,20261009085623,20261009085623,20261009085623,HY
2026-10-09T00:01:09.631714+00:00,HY000826,03,3,20261009085804,20261009085736,20261009045602,20261009085736,HY
2026-10-09T00:01:09.631714+00:00,HY001019,01,2,20261009085903,20261009060606,20261009085815,,HY
2026-10-09T00:01:09.631714+00:00,HY001059,02,2,20261009085904,20261008205433,20261009085837,,HY
2026-10-09T00:01:09.631714+00:00,HY001383,18,2,20261009090007,20261008212533,20261009051704,,HY
2026-10-09T00:01:09.631714+00:00,HY001391,02,2,20261009085705,20261009081105,20261009085659,,HY
2026-10-09T00:01:09.631714+00:00,HY001628,06,2,20261009085406,20261008220322,20261009085324,,HY
2026-10-09T00:01:09.631714+00:00,HY001876,04,2,20261009085406,20261008192528,20261009085308,,HY
2026-10-09T00:01:09.631714+00:00,HY001876,39,2,20261009085906,20261008214502,20261009085832,,HY
2026-10-09T00:01:09.631714+00:00,JA110031,22,3,20261009085603,20261009085603,20261008222802,20261009085603,JA
2026-10-09T00:01:09.631714+00:00,JA110040,31,2,20261009085604,20261008172804,20261009085604,,JA
2026-10-09T00:01:09.631714+00:00,JA110116,02,3,20261009090009,20261009090009,20261008112809,20261009090009,JA
2026-10-09T00:01:09.631714+00:00,JA110130,01,2,20261009085610,20261009024912,20261009085610,,JA
2026-10-09T00:01:09.631714+00:00,JA110181,01,2,20261009085616,20261009081015,20261009085616,,JA
2026-10-09T00:01:09.631714+00:00,JA110197,03,3,20261009085618,20261009085618,20261008150719,20261009085618,JA
2026-10-09T00:01:09.631714+00:00,JA110197,04,3,20261009085618,20261009085618,20261008211420,20261009085618,JA
2026-10-09T00:01:09.631714+00:00,JA110197,05,3,20261009085618,20261009085618,20261008184219,20261009085618,JA
2026-10-09T00:01:09.631714+00:00,JA110197,08,2,20261009085618,20261009084217,20261009085618,,JA
2026-10-09T00:01:09.631714+00:00,JA110198,02,2,20261009085618,20261009082018,20261009085618,,JA
2026-10-09T00:01:09.631714+00:00,JA110198,03,2,20261009085618,20261009075616,20261009085618,,JA
2026-10-09T00:01:09.631714+00:00,JA110198,05,3,20261009085618,20261009085618,20261009080717,20261009085618,JA
2026-10-09T00:01:09.631714+00:00,JA110201,04,2,20261009085618,20261009084919,20261009085618,,JA
2026-10-09T00:01:09.631714+00:00,JA110201,09,3,20261009085618,20261009085618,20261009083519,20261009085618,JA
2026-10-09T00:01:09.631714+00:00,JA110202,16,3,20261009085618,20261009085618,20261009082018,20261009085618,JA
2026-10-09T00:01:09.631714+00:00,JA110202,20,2,20261009085618,20261009082815,20261009085618,,JA
2026-10-09T00:01:09.631714+00:00,JA110203,01,3,20261009085618,20261009085618,20261009072018,20261009085618,JA
2026-10-09T00:01:09.631714+00:00,JA110212,05,2,20261009085618,20261009084017,20261009085618,,JA
2026-10-09T00:01:09.631714+00:00,JA110212,06,2,20261009085618,20261009084017,20261009085618,,JA
2026-10-09T00:01:09.631714+00:00,KE000684,01,3,20261009085159,20261009085150,20261008144707,20261009085150,KE
2026-10-09T00:01:09.631714+00:00,KE000697,03,3,20261009085200,20261009085125,20261008054855,20261009085125,KE
2026-10-09T00:01:09.631714+00:00,KE001173,01,3,20261009085700,20261009085610,20261008141723,20261009085610,KE
2026-10-09T00:01:09.631714+00:00,KL001290,01,2,20261009085502,20261008233745,20261009085358,,KL
2026-10-09T00:01:09.631714+00:00,KL001436,02,3,20261009085702,20261009085702,20261004215115,20261009085603,KL
2026-10-09T00:01:09.631714+00:00,KL002116,02,2,20261009085702,20261009040638,20261009085153,,KL
2026-10-09T00:01:09.631714+00:00,KL200168,22,3,20261009085732,20261009085732,20261009085728,20261009085627,KL
2026-10-09T00:01:09.631714+00:00,KL200275,76,2,20261009085650,20261008230010,20261009040121,,KL
2026-10-09T00:01:09.631714+00:00,KP000581,03,3,20261009090006,20261008202549,20261009030001,20261009085321,KP
2026-10-09T00:01:09.631714+00:00,KP000687,02,3,20261009090006,20261009020254,20261009020342,20261009085020,KP
2026-10-09T00:01:09.631714+00:00,KP000713,02,3,20261009090006,20261008104842,20261008191320,20261009085444,KP
2026-10-09T00:01:09.631714+00:00,KP000825,02,2,20261009090008,20261008223635,20261009085001,,KP
2026-10-09T00:01:09.631714+00:00,KP003600,04,3,20261009090007,20261008124217,20261008212236,20261009085137,KP
2026-10-09T00:01:09.631714+00:00,LI000358,01,2,20261009085423,20261009085422,20261009085423,,LI
2026-10-09T00:01:09.631714+00:00,LU001004,08,2,20261009085214,20261009085209,20261009085214,,LU
2026-10-09T00:01:09.631714+00:00,LU001190,01,3,20261009085453,20261008235538,20261009085451,20261008235538,LU
2026-10-09T00:01:09.631714+00:00,LU001236,11,3,20261009085525,20261009085530,20261008123738,20261008105254,LU
2026-10-09T00:01:09.631714+00:00,LU001428,08,3,20261009085602,20261009085616,20261008000233,20261007194158,LU
2026-10-09T00:01:09.631714+00:00,LU001456,05,2,20261009085905,20261008230411,20261009020905,,LU
2026-10-09T00:01:09.631714+00:00,LU001995,02,3,20261009085230,20261009085236,20261008093718,20261008080143,LU
2026-10-09T00:01:09.631714+00:00,LU002933,04,2,20261009085226,20261008210343,20261009000717,,LU
2026-10-09T00:01:09.631714+00:00,LU003307,10,2,20261009085155,20261009002747,20261009040752,,LU
2026-10-09T00:01:09.631714+00:00,LU003317,01,2,20261009085554,20261007195956,20261008003320,,LU
2026-10-09T00:01:09.631714+00:00,LU003317,02,2,20261009085600,20261005235507,20261006020747,,LU
2026-10-09T00:01:09.631714+00:00,LU003789,24,3,20261009085810,20261009085817,20261005114055,20261009085810,LU
2026-10-09T00:01:09.631714+00:00,LU003805,02,2,20261009085938,20261008202053,20261009023104,,LU
2026-10-09T00:01:09.631714+00:00,LU003817,39,2,20261009085442,20261008193608,20261008225010,,LU
2026-10-09T00:01:09.631714+00:00,LU003977,20,2,20261009085607,20261008192113,20261008233045,,LU
2026-10-09T00:01:09.631714+00:00,LU003979,06,2,20261009085230,20261008175502,20261008210553,,LU
2026-10-09T00:01:09.631714+00:00,LU003981,03,2,20261009085834,20261008231810,20261009025046,,LU
2026-10-09T00:01:09.631714+00:00,LU004023,01,3,20261009085144,20261009071034,20261009085143,20261009071034,LU
2026-10-09T00:01:09.631714+00:00,LU004070,17,3,20261009085326,20261009085335,20261008231417,20261008195542,LU
2026-10-09T00:01:09.631714+00:00,LU004193,05,2,20261009085204,20261008200958,20261008215348,,LU
2026-10-09T00:01:09.631714+00:00,LU004256,04,2,20261009085219,20261009005418,20261009043927,,LU
2026-10-09T00:01:09.631714+00:00,LU100031,10,2,20261009085247,20261008185000,20261008225443,,LU
2026-10-09T00:01:09.631714+00:00,LU100200,02,2,20261009085838,20261008173028,20261008213743,,LU
2026-10-09T00:01:09.631714+00:00,LU100334,02,3,20261009085616,20261009085629,20261007232831,20261007173143,LU
2026-10-09T00:01:09.631714+00:00,LU100342,01,2,20261009085245,20261008214404,20261009054512,,LU
2026-10-09T00:01:09.631714+00:00,LU100344,05,2,20261009085951,20261008184710,20261008235114,,LU
2026-10-09T00:01:09.631714+00:00,LU100368,20,2,20261009085156,20261008212954,20261008223645,,LU
2026-10-09T00:01:09.631714+00:00,LU100368,42,2,20261009085619,20261008153503,20261008173120,,LU
2026-10-09T00:01:09.631714+00:00,LU100474,07,2,20261009085911,20261008232731,20261008234253,,LU
2026-10-09T00:01:09.631714+00:00,LU100710,01,2,20261009085420,20261008205832,20261009014256,,LU
2026-10-09T00:01:09.631714+00:00,LU100856,22,2,20261009085443,20261008172306,20261008191838,,LU
2026-10-09T00:01:09.631714+00:00,LU100944,10,3,20261009085237,20261009085251,20261009022641,20261008171429,LU
2026-10-09T00:01:09.631714+00:00,LU101063,09,3,20261009090001,20261007052045,20261007160441,20261007052045,LU
2026-10-09T00:01:09.631714+00:00,LU101136,06,2,20261009085522,20261008200043,20261009050841,,LU
2026-10-09T00:01:09.631714+00:00,LU101446,03,2,20261009085732,20261008180153,20261009022729,,LU
2026-10-09T00:01:09.631714+00:00,LU101528,08,2,20261009085424,20261008083756,20261008110346,,LU
2026-10-09T00:01:09.631714+00:00,LU101573,11,3,20261009085550,20261009085606,20261007033826,20261006172050,LU
2026-10-09T00:01:09.631714+00:00,LU101631,22,2,20261009085231,20261008180407,20261009012311,,LU
2026-10-09T00:01:09.631714+00:00,LU101686,02,3,20261009085753,20261009085804,20261009084904,20261008184900,LU
2026-10-09T00:01:09.631714+00:00,LU101695,01,2,20261009085533,20261008162029,20261008225638,,LU
2026-10-09T00:01:09.631714+00:00,LU101706,44,2,20261009085330,20261008180809,20261008233556,,LU
2026-10-09T00:01:09.631714+00:00,LU101707,21,3,20261009085131,20261009085145,20261008224215,20261008212311,LU
2026-10-09T00:01:09.631714+00:00,LU101766,13,3,20261009085707,20261008235300,20261009085707,20261008235300,LU
2026-10-09T00:01:09.631714+00:00,MO112910,03,1,20261009090008,20260901220003,20260901220005,,MO
2026-10-09T00:01:09.631714+00:00,MO112911,01,1,20261009090009,20261006211305,20261006211310,,MO
2026-10-09T00:01:09.631714+00:00,MO114401,01,1,20261009090009,20260919201150,20260920052309,,MO
2026-10-09T00:01:09.631714+00:00,MO114401,02,1,20261009090009,20260917193804,20260918025432,,MO
2026-10-09T00:01:09.631714+00:00,MO114403,01,1,20261009090009,20260915105045,20260915175804,,MO
2026-10-09T00:01:09.631714+00:00,MO114701,01,2,20261009090009,20261009085610,20261009090009,,MO
2026-10-09T00:01:09.631714+00:00,MO114701,02,3,20261009090009,20261009090009,20261009085610,20261009090009,MO
2026-10-09T00:01:09.631714+00:00,MO114703,01,3,20261009090008,20261009090008,20261009085610,20261009090008,MO
2026-10-09T00:01:09.631714+00:00,MO114703,02,3,20261009090008,20261009090008,20261009085610,20261009090008,MO
2026-10-09T00:01:09.631714+00:00,MO115004,01,1,20261009090005,20240801062802,20240801062812,,MO
2026-10-09T00:01:09.631714+00:00,MO115004,02,1,20261009090005,20240730062802,20240730062816,,MO
2026-10-09T00:01:09.631714+00:00,MO115004,03,1,20261009090005,20240731202116,20240731202127,,MO
2026-10-09T00:01:09.631714+00:00,MO115307,01,1,20261009090009,20260708070003,20260708070004,,MO
2026-10-09T00:01:09.631714+00:00,MO115309,01,1,20261009090009,20260615090004,20260615090004,,MO
2026-10-09T00:01:09.631714+00:00,MO115605,01,3,20261009090004,20261009090004,20261009085610,20261009090004,MO
2026-10-09T00:01:09.631714+00:00,MO116803,01,2,20261009090004,20261009090004,20261009090004,,MO
2026-10-09T00:01:09.631714+00:00,MO116804,01,1,20261009090009,20260310125633,20260310125652,,MO
2026-10-09T00:01:09.631714+00:00,NS850117,01,3,20261009085554,20261008121024,20261008021037,20261009085554,NS
2026-10-09T00:01:09.631714+00:00,NS850121,01,5,20261009085457,20261008031052,20261008061057,,NS
2026-10-09T00:01:09.631714+00:00,NT100156,03,2,20261009085450,20261009015750,20261009085450,,NT
2026-10-09T00:01:09.631714+00:00,NT100156,10,2,20261009085250,20261008200550,20261009085250,,NT
2026-10-09T00:01:09.631714+00:00,NT100376,08,3,20261009085350,20261009085350,20261008104850,20261009085350,NT
2026-10-09T00:01:09.631714+00:00,NT100408,03,2,20261009085950,20261008163350,20261009085950,,NT
2026-10-09T00:01:09.631714+00:00,NT100441,01,3,20261009085450,20261009085450,20261008154850,20261009085450,NT
2026-10-09T00:01:09.631714+00:00,NT100582,06,3,20261009085550,20261009085550,20261008233850,20261009085550,NT
2026-10-09T00:01:09.631714+00:00,NT101105,02,3,20261009085750,20261009085750,20261008190350,20261009085750,NT
2026-10-09T00:01:09.631714+00:00,NT101142,01,2,20261009085250,20261009085150,20261009085250,,NT
2026-10-09T00:01:09.631714+00:00,NT101142,02,2,20261009085350,20261009085250,20261009085350,,NT
2026-10-09T00:01:09.631714+00:00,NT101145,13,2,20261009085350,20261008175650,20261009085350,,NT
2026-10-09T00:01:09.631714+00:00,NT101157,07,2,20261009085350,20261008205650,20261009085350,,NT
2026-10-09T00:01:09.631714+00:00,NT101773,07,3,20261009085550,20261009085550,20261008094550,20261009085550,NT
2026-10-09T00:01:09.631714+00:00,NT101833,17,2,20261009085250,20261008220350,20261009085250,,NT
2026-10-09T00:01:09.631714+00:00,NT101896,13,2,20261009085250,20261008174250,20261009085250,,NT
2026-10-09T00:01:09.631714+00:00,NT101945,10,2,20261009085350,20261009012150,20261009085350,,NT
2026-10-09T00:01:09.631714+00:00,NT102016,05,2,20261009085350,20261008192950,20261009085350,,NT
2026-10-09T00:01:09.631714+00:00,NT102058,04,2,20261009085650,20261008205250,20261009085650,,NT
2026-10-09T00:01:09.631714+00:00,NT102102,16,2,20261009085250,20261009001750,20261009085250,,NT
2026-10-09T00:01:09.631714+00:00,NT102114,04,2,20261009085850,20261009025050,20261009085850,,NT
2026-10-09T00:01:09.631714+00:00,NT102127,04,3,20261009085650,20261009085650,20261009064250,20261009085650,NT
2026-10-09T00:01:09.631714+00:00,NT102150,07,3,20261009085950,20261009085950,20261009083450,20261009085950,NT
2026-10-09T00:01:09.631714+00:00,NT102210,02,9,20261009085650,20261009082250,20261009085650,,NT
2026-10-09T00:01:09.631714+00:00,NT102290,01,3,20261009085950,20261009085950,20261009082050,20261009085950,NT
2026-10-09T00:01:09.631714+00:00,NT102353,03,2,20261009085750,20261008224850,20261009085750,,NT
2026-10-09T00:01:09.631714+00:00,NT102369,08,3,20261009085250,20261009085250,20260926171550,20261009085250,NT
2026-10-09T00:01:09.631714+00:00,NT102421,19,2,20261009085850,20261008235050,20261009085850,,NT
2026-10-09T00:01:09.631714+00:00,NT102510,12,2,20261009085650,20261009003250,20261009085650,,NT
2026-10-09T00:01:09.631714+00:00,NT102512,13,2,20261009085550,20261009074350,20261009085550,,NT
2026-10-09T00:01:09.631714+00:00,NT102513,08,2,20261009085950,20261009031750,20261009085950,,NT
2026-10-09T00:01:09.631714+00:00,NT102515,01,3,20261009085650,20261009085650,20261008085150,20261009085650,NT
2026-10-09T00:01:09.631714+00:00,NT102518,04,2,20261009085450,20261009040450,20261009085050,,NT
2026-10-09T00:01:09.631714+00:00,NT102543,05,2,20261009085150,20261009025750,20261009085150,,NT
2026-10-09T00:01:09.631714+00:00,NT102544,03,2,20261009085150,20261009054250,20261009085150,,NT
2026-10-09T00:01:09.631714+00:00,NT102614,17,2,20261009085750,20261008205150,20261009085750,,NT
2026-10-09T00:01:09.631714+00:00,NT102625,08,3,20261009085250,20261009085250,20261009082650,20261009085250,NT
2026-10-09T00:01:09.631714+00:00,NT102644,02,2,20261009085550,20261008195650,20261009085550,,NT
2026-10-09T00:01:09.631714+00:00,NT102766,30,2,20261009085550,20261008194050,20261009085550,,NT
2026-10-09T00:01:09.631714+00:00,NT102781,01,3,20261009085950,20261009085950,20261009084751,20261009085950,NT
2026-10-09T00:01:09.631714+00:00,NT102874,10,3,20261009085950,20261009085950,20261009062350,20261009085950,NT
2026-10-09T00:01:09.631714+00:00,NT102885,16,2,20261009085750,20261008184650,20261009085750,,NT
2026-10-09T00:01:09.631714+00:00,NT102885,58,2,20261009085350,20261008215250,20261009085350,,NT
2026-10-09T00:01:09.631714+00:00,NT102886,48,3,20261009085950,20261009085950,20261009071650,20261009085950,NT
2026-10-09T00:01:09.631714+00:00,NT102907,02,2,20261009085550,20261008141250,20261009085550,,NT
2026-10-09T00:01:09.631714+00:00,NT200210,05,3,20261009085750,20261009085750,20261007231350,20261009085750,NT
2026-10-09T00:01:09.631714+00:00,NX000003,02,2,20261009085915,20261009085911,20261009085915,,NX
2026-10-09T00:01:09.631714+00:00,PC000070,13,3,20261009085621,20261008163041,20261008190328,20261009085621,PC
2026-10-09T00:01:09.631714+00:00,PC000070,22,3,20261009085241,20261008213038,20261009014152,20261009085241,PC
2026-10-09T00:01:09.631714+00:00,PC000070,28,3,20261009085129,20261008171008,20261008175856,20261009085129,PC
2026-10-09T00:01:09.631714+00:00,PC000172,10,2,20261009085803,20261008190921,20261009085706,,PC
2026-10-09T00:01:09.631714+00:00,PC000186,04,2,20261009085240,20261009082045,20261009085202,,PC
2026-10-09T00:01:09.631714+00:00,PC000200,01,2,20261009085517,20261008201051,20261009085419,,PC
2026-10-09T00:01:09.631714+00:00,PC000505,42,3,20261009085639,20261007181023,20261007215041,20261009085639,PC
2026-10-09T00:01:09.631714+00:00,PC000638,02,2,20261009085734,20261008201243,20261008235151,,PC
2026-10-09T00:01:09.631714+00:00,PC000723,10,2,20261009085959,20261009034628,20261009081742,,PC
2026-10-09T00:01:09.631714+00:00,PC001108,28,2,20261009085733,20261008173439,20261009073443,,PC
2026-10-09T00:01:09.631714+00:00,PC001153,04,2,20261009085707,20261008201809,20261009053731,,PC
2026-10-09T00:01:09.631714+00:00,PC001385,08,3,20261009085226,20261008222321,20261008212139,20261009085226,PC
2026-10-09T00:01:09.631714+00:00,PI000555,01,3,20261009085601,20261009085229,20261009040443,20261009085601,PI
2026-10-09T00:01:09.631714+00:00,PI000712,02,2,20261009085600,20261008171830,20261008215219,,PI
2026-10-09T00:01:09.631714+00:00,PI067416,04,3,20261009085547,20261009085211,20261009012105,20261009085547,PI
2026-10-09T00:01:09.631714+00:00,PI121604,04,2,20261009085611,20261009004433,20261009075157,,PI
2026-10-09T00:01:09.631714+00:00,PI200258,03,9,20261009085310,20261008230658,20261008013932,20261008231122,PI
2026-10-09T00:01:09.631714+00:00,PI200273,11,2,20261009085253,20261008192625,20261008220406,,PI
2026-10-09T00:01:09.631714+00:00,PI200401,01,2,20261009085604,20261009075536,20261009085543,,PI
2026-10-09T00:01:09.631714+00:00,PI200778,02,3,20261009085610,20261009085358,20261008170252,20261009085610,PI
2026-10-09T00:01:09.631714+00:00,PI200789,05,3,20261009085610,20261009085159,20261002073644,20261009085610,PI
2026-10-09T00:01:09.631714+00:00,PI200798,05,2,20261009085610,20261008175150,20261009075147,,PI
2026-10-09T00:01:09.631714+00:00,PI200868,01,3,20261009085612,20261009085500,20261008173750,20261009085612,PI
2026-10-09T00:01:09.631714+00:00,PI200893,01,9,20261009085310,20261009075856,20261006095451,20261009080142,PI
2026-10-09T00:01:09.631714+00:00,PI200915,10,2,20261009085614,20261009021206,20261009075219,,PI
2026-10-09T00:01:09.631714+00:00,PI200949,03,2,20261009085615,20261008194224,20261009074827,,PI
2026-10-09T00:01:09.631714+00:00,PI200961,02,2,20261009085126,20261009083132,20261009084641,,PI
2026-10-09T00:01:09.631714+00:00,PI200975,01,3,20261009085201,20261009084703,20261008162812,20261009085201,PI
2026-10-09T00:01:09.631714+00:00,PI201000,02,3,20261009085128,20261009085100,20261008174203,20261009085128,PI
2026-10-09T00:01:09.631714+00:00,PI202227,04,2,20261009085551,20261008165316,20261009042035,,PI
2026-10-09T00:01:09.631714+00:00,PI204007,01,2,20261009085129,20261009015620,20261008073543,,PI
2026-10-09T00:01:09.631714+00:00,PI204030,01,3,20261009085130,20261009085036,20261008094750,20261009085130,PI
2026-10-09T00:01:09.631714+00:00,PI204059,02,3,20261009085131,20261009085124,20261009083620,20261009085131,PI
2026-10-09T00:01:09.631714+00:00,PI204113,02,2,20261009085626,20261009063439,20261008202929,,PI
2026-10-09T00:01:09.631714+00:00,PI204124,02,3,20261009085135,20261009084733,20261009022327,20261009085135,PI
2026-10-09T00:01:09.631714+00:00,PI204128,07,2,20261009085629,20261009072812,20261009082312,,PI
2026-10-09T00:01:09.631714+00:00,PI204136,41,1,20261009085137,20261008115620,20261008125620,,PI
2026-10-09T00:01:09.631714+00:00,PI204179,05,2,20261009085634,20261008224902,20261009074834,,PI
2026-10-09T00:01:09.631714+00:00,PI204216,02,3,20261009085636,20261009085515,20261009010411,20261009085636,PI
2026-10-09T00:01:09.631714+00:00,PI204261,03,3,20261009085642,20261009085230,20261009004053,20261009085642,PI
2026-10-09T00:01:09.631714+00:00,PI204273,01,2,20261009085643,20261009000357,20261009074527,,PI
2026-10-09T00:01:09.631714+00:00,PI204278,01,3,20261009085155,20261009085109,20261008180920,20261009085155,PI
2026-10-09T00:01:09.631714+00:00,PI204307,02,2,20261009085645,20261009001455,20261009074533,,PI
2026-10-09T00:01:09.631714+00:00,PI204337,07,3,20261009085158,20261009084724,20261002052235,20261009085158,PI
2026-10-09T00:01:09.631714+00:00,PI306208,05,2,20261009085616,20261009010036,20261009075103,,PI
2026-10-09T00:01:09.631714+00:00,PI306208,11,2,20261009085616,20261009053235,20261009075105,,PI
2026-10-09T00:01:09.631714+00:00,PI645091,01,2,20261009085727,20261009083510,20261009083901,,PI
2026-10-09T00:01:09.631714+00:00,PI700597,10,3,20261009085522,20261009085406,20261008211831,20261009085522,PI
2026-10-09T00:01:09.631714+00:00,PI708252,15,2,20261009085511,20261008220627,20261009085325,,PI
2026-10-09T00:01:09.631714+00:00,PI708866,12,2,20261009085511,20261009062914,20261009084331,,PI
2026-10-09T00:01:09.631714+00:00,PI709168,08,2,20261009085512,20261008200009,20261009084316,,PI
2026-10-09T00:01:09.631714+00:00,PI709623,25,2,20261009085524,20261008173534,20261009084435,,PI
2026-10-09T00:01:09.631714+00:00,PI710168,10,2,20261009085523,20261008211019,20261009085135,,PI
2026-10-09T00:01:09.631714+00:00,PI711283,06,2,20261009085519,20261008204415,20261009034223,,PI
2026-10-09T00:01:09.631714+00:00,PI711315,09,2,20261009085519,20261003110343,20261003143906,,PI
2026-10-09T00:01:09.631714+00:00,PI713007,05,2,20261009085526,20261009083034,20261009085402,,PI
2026-10-09T00:01:09.631714+00:00,PI713370,26,2,20261009085528,20261008161029,20261008184304,,PI
2026-10-09T00:01:09.631714+00:00,PI713948,01,2,20261009085534,20261009083638,20261009085432,,PI
2026-10-09T00:01:09.631714+00:00,PI716788,02,2,20261009085540,20261008194317,20261008232550,,PI
2026-10-09T00:01:09.631714+00:00,PI717891,02,3,20261009085735,20261009085510,20261008230727,20261009085735,PI
2026-10-09T00:01:09.631714+00:00,PI721016,07,2,20261009085806,20261008205814,20261009031629,,PI
2026-10-09T00:01:09.631714+00:00,PI721126,15,2,20261009085351,20261008183949,20261009004908,,PI
2026-10-09T00:01:09.631714+00:00,PI721731,06,3,20261009085203,20261009084909,20261008215419,20261009085203,PI
2026-10-09T00:01:09.631714+00:00,PI721748,04,3,20261009085806,20261009085452,20261008195344,20261009085806,PI
2026-10-09T00:01:09.631714+00:00,PI751290,09,2,20261009085536,20261008121115,20261008152257,,PI
2026-10-09T00:01:09.631714+00:00,PI755112,05,9,20261009085310,20261007115251,20261007120239,,PI
2026-10-09T00:01:09.631714+00:00,PI760126,03,2,20261009085517,20261008202910,20261009001617,,PI
2026-10-09T00:01:09.631714+00:00,PI761352,23,2,20261009085517,20261008210508,20261009022407,,PI
2026-10-09T00:01:09.631714+00:00,PI763036,12,2,20261009085528,20261008180307,20261008221734,,PI
2026-10-09T00:01:09.631714+00:00,PI766931,09,3,20261009085549,20261009085203,20261008205800,20261009085549,PI
2026-10-09T00:01:09.631714+00:00,PI766993,09,2,20261009085545,20261008212242,20261009022731,,PI
2026-10-09T00:01:09.631714+00:00,PI767274,20,3,20261009085546,20261009085303,20261007172026,20261009085546,PI
2026-10-09T00:01:09.631714+00:00,PI768702,03,2,20261009085554,20261008201543,20261009032224,,PI
2026-10-09T00:01:09.631714+00:00,PI769697,07,2,20261009085554,20261008214122,20261008214323,,PI
2026-10-09T00:01:09.631714+00:00,PI774037,14,2,20261009085746,20261007183208,20261008013932,,PI
2026-10-09T00:01:09.631714+00:00,PI775277,08,3,20261009085805,20261009085526,20261008205241,20261009085805,PI
2026-10-09T00:01:09.631714+00:00,PI780122,03,2,20261009090007,20261009081415,20261009085419,,PI
2026-10-09T00:01:09.631714+00:00,PI793855,37,2,20261009085311,20261008175400,20261008210603,,PI
2026-10-09T00:01:09.631714+00:00,PI793887,01,2,20261009085755,20261008213018,20261009033401,,PI
2026-10-09T00:01:09.631714+00:00,PI793897,05,2,20261009085313,20261009003027,20261009085033,,PI
2026-10-09T00:01:09.631714+00:00,PI793914,02,2,20261009085313,20261008212918,20261009041119,,PI
2026-10-09T00:01:09.631714+00:00,PI794299,03,3,20261009085313,20261009084826,20261003220412,20261009085313,PI
2026-10-09T00:01:09.631714+00:00,PI794634,03,2,20261009085756,20261008142531,20261009024424,,PI
2026-10-09T00:01:09.631714+00:00,PI795179,03,2,20261009085309,20261008185634,20261008213659,,PI
2026-10-09T00:01:09.631714+00:00,PI795941,01,3,20261009085757,20261009085331,20261004000226,20261009085757,PI
2026-10-09T00:01:09.631714+00:00,PI796282,08,2,20261009085322,20261009000845,20261009041534,,PI
2026-10-09T00:01:09.631714+00:00,PI796306,01,2,20261009085322,20261008215716,20261009020525,,PI
2026-10-09T00:01:09.631714+00:00,PI796613,05,2,20261009085804,20261008190342,20261008202031,,PI
2026-10-09T00:01:09.631714+00:00,PI800726,04,2,20261009085254,20261008215007,20261009010449,,PI
2026-10-09T00:01:09.631714+00:00,PI808426,05,3,20261009085809,20261009085758,20261008224102,20261009085809,PI
2026-10-09T00:01:09.631714+00:00,PI808560,08,2,20261009085809,20261008192121,20261008203817,,PI
2026-10-09T00:01:09.631714+00:00,PI809448,10,2,20261009085811,20261008191636,20261009020607,,PI
2026-10-09T00:01:09.631714+00:00,PI809544,09,2,20261009085331,20261008211255,20261008234052,,PI
2026-10-09T00:01:09.631714+00:00,PI809544,11,2,20261009085811,20261008225236,20261009005106,,PI
2026-10-09T00:01:09.631714+00:00,PI809914,06,2,20261009085332,20261008222503,20261009064300,,PI
2026-10-09T00:01:09.631714+00:00,PIH00025,08,3,20261009085228,20261009084920,20261008213710,20261009085228,PI
2026-10-09T00:01:09.631714+00:00,PIH00054,02,3,20261009085714,20261009085455,20261007195523,20261009085714,PI
2026-10-09T00:01:09.631714+00:00,PIH00125,21,3,20261009085230,20261009085225,20261009085144,20261009085230,PI
2026-10-09T00:01:09.631714+00:00,PIH00144,10,3,20261009085230,20261009084829,20261009084607,20261009085230,PI
2026-10-09T00:01:09.631714+00:00,PIH00199,04,3,20261009085229,20261009085015,20261009015923,20261009085229,PI
2026-10-09T00:01:09.631714+00:00,PIH00266,19,2,20261009085233,20261008194115,20261009084947,,PI
2026-10-09T00:01:09.631714+00:00,PIH00304,24,2,20261009085713,20261009044242,20261009085415,,PI
2026-10-09T00:01:09.631714+00:00,PIH00340,01,2,20261009085218,20261008171319,20261008222129,,PI
2026-10-09T00:01:09.631714+00:00,PIH00455,07,3,20261009085719,20261009085641,20261008072316,20261009085719,PI
2026-10-09T00:01:09.631714+00:00,PIH00550,04,9,20261009085310,20261009074740,20261008213822,20261009075215,PI
2026-10-09T00:01:09.631714+00:00,PIH00550,05,1,20261009085705,20261008213745,20261008230920,,PI
2026-10-09T00:01:09.631714+00:00,PIH00550,06,2,20261009085219,20261008210403,20261009025831,,PI
2026-10-09T00:01:09.631714+00:00,PIH00564,01,3,20261009085219,20261009084746,20261008095414,20261009085219,PI
2026-10-09T00:01:09.631714+00:00,PIH00592,17,2,20261009085219,20261008174258,20261009014931,,PI
2026-10-09T00:01:09.631714+00:00,PIH01011,13,3,20261009085724,20261009085630,20261008203428,20261009085724,PI
2026-10-09T00:01:09.631714+00:00,PIH01027,04,3,20261009085716,20261009085524,20261007041218,20261009085716,PI
2026-10-09T00:01:09.631714+00:00,PIH01647,25,3,20261009085228,20261009085138,20261007180957,20261009085228,PI
2026-10-09T00:01:09.631714+00:00,PIH02032,02,3,20261009085219,20261009084920,20260923151430,20261009085219,PI
2026-10-09T00:01:09.631714+00:00,PIS00004,01,2,20261009085813,20261008195057,20261008225055,,PI
2026-10-09T00:01:09.631714+00:00,PIS00004,04,2,20261009085813,20261008172305,20261008185724,,PI
2026-10-09T00:01:09.631714+00:00,PIS00006,01,3,20261009085333,20261009084857,20261008121628,20261009085333,PI
2026-10-09T00:01:09.631714+00:00,PIS00018,07,2,20261009085333,20261008191235,20261009010103,,PI
2026-10-09T00:01:09.631714+00:00,PIS00037,10,2,20261009085813,20261009044049,20261009070828,,PI
2026-10-09T00:01:09.631714+00:00,PIS00045,07,3,20261009085334,20261009085055,20261009004903,20261009085334,PI
2026-10-09T00:01:09.631714+00:00,PIS00080,08,2,20261009085335,20261008182950,20261009024114,,PI
2026-10-09T00:01:09.631714+00:00,PIS00081,05,2,20261009085814,20261008172300,20261008204721,,PI
2026-10-09T00:01:09.631714+00:00,PIS00082,05,2,20261009085814,20261008180406,20261008195911,,PI
2026-10-09T00:01:09.631714+00:00,PK000005,05,2,20261009085128,20261009080026,20261009084642,,PK
2026-10-09T00:01:09.631714+00:00,PK000006,17,3,20261009085128,20261009081805,20261009083634,20261009084544,PK
2026-10-09T00:01:09.631714+00:00,PK000006,18,3,20261009085128,20261009075229,20261009082456,20261009084624,PK
2026-10-09T00:01:09.631714+00:00,PK000007,10,3,20261009085128,20261009073056,20261009075853,20261009084930,PK
2026-10-09T00:01:09.631714+00:00,PK000007,23,3,20261009085130,20261009073918,20261009075801,20261009084508,PK
2026-10-09T00:01:09.631714+00:00,PK000008,01,3,20261009085130,20261008235846,20261009002312,20261009085053,PK
2026-10-09T00:01:09.631714+00:00,PK000009,09,3,20261009085128,20261009080820,20261009083300,20261009084237,PK
2026-10-09T00:01:09.631714+00:00,PK000009,10,3,20261009085128,20261009080849,20261009083302,20261009084310,PK
2026-10-09T00:01:09.631714+00:00,PK000021,15,2,20261009085126,20261009082821,20261009084445,,PK
2026-10-09T00:01:09.631714+00:00,PK000028,23,3,20261009085127,20261009075524,20261009082154,20261009084926,PK
2026-10-09T00:01:09.631714+00:00,PK000028,24,3,20261009085127,20261009075609,20261009082155,20261009085009,PK
2026-10-09T00:01:09.631714+00:00,PK000028,27,2,20261009085127,20261009082738,20261009084728,,PK
2026-10-09T00:01:09.631714+00:00,PK000028,28,2,20261009085127,20261009082818,20261009084405,,PK
2026-10-09T00:01:09.631714+00:00,PK000076,01,2,20261009085126,20261009082744,20261009084346,,PK
2026-10-09T00:01:09.631714+00:00,PK000076,02,2,20261009085126,20261009082820,20261009084347,,PK
2026-10-09T00:01:09.631714+00:00,PK000077,11,2,20261009085128,20261009083531,20261009084800,,PK
2026-10-09T00:01:09.631714+00:00,PK000077,12,2,20261009085128,20261009083615,20261009084802,,PK
2026-10-09T00:01:09.631714+00:00,PK000077,14,3,20261009085127,20261009080430,20261009081524,20261009084849,PK
2026-10-09T00:01:09.631714+00:00,PK000148,04,2,20261009085126,20261009073839,20261009075839,,PK
2026-10-09T00:01:09.631714+00:00,PK000148,06,9,20261009085125,20261009081458,20261009084419,,PK
2026-10-09T00:01:09.631714+00:00,PK000148,07,2,20261009085126,20261009075218,20261009082524,,PK
2026-10-09T00:01:09.631714+00:00,PK000148,08,2,20261009085126,20261009081611,20261009084855,,PK
2026-10-09T00:01:09.631714+00:00,PK000148,09,9,20261009085125,20261009082417,20261009084121,,PK
2026-10-09T00:01:09.631714+00:00,PK000148,10,9,20261009085125,20261009082328,20261009084121,,PK
2026-10-09T00:01:09.631714+00:00,PK000148,15,9,20261009085125,20261009082414,20261009084656,,PK
2026-10-09T00:01:09.631714+00:00,PK000148,19,9,20261009085128,20261009081016,20261009084139,,PK
2026-10-09T00:01:09.631714+00:00,PK000156,02,2,20261009085126,20261009073901,20261009084627,,PK
2026-10-09T00:01:09.631714+00:00,PK000156,09,2,20261009085126,20261009080056,20261009084321,,PK
2026-10-09T00:01:09.631714+00:00,PK000156,10,2,20261009085126,20261009080010,20261009084320,,PK
2026-10-09T00:01:09.631714+00:00,PK000158,01,2,20261009085128,20261009082520,20261009084857,,PK
2026-10-09T00:01:09.631714+00:00,PK000158,03,3,20261009085128,20261009074506,20261009081644,20261009084714,PK
2026-10-09T00:01:09.631714+00:00,PK000158,04,3,20261009085128,20261009074542,20261009081632,20261009084750,PK
2026-10-09T00:01:09.631714+00:00,PK000161,07,3,20261009085128,20261008225956,20261009003725,20261009084403,PK
2026-10-09T00:01:09.631714+00:00,PK000161,08,3,20261009085128,20261008224217,20261008234749,20261009084439,PK
2026-10-09T00:01:09.631714+00:00,PK000185,06,3,20261009085129,20261008233803,20261009000547,20261009084404,PK
2026-10-09T00:01:09.631714+00:00,PK000186,02,3,20261009085127,20261009070427,20261009080214,20261009084915,PK
2026-10-09T00:01:09.631714+00:00,PK000186,03,3,20261009085130,20261009082332,20261009083716,20261009084758,PK
2026-10-09T00:01:09.631714+00:00,PK000288,03,3,20261009085127,20261009075524,20261009082154,20261009084926,PK
2026-10-09T00:01:09.631714+00:00,PK000288,04,3,20261009085127,20261009075609,20261009082155,20261009085009,PK
2026-10-09T00:01:09.631714+00:00,PK000288,07,2,20261009085127,20261009082738,20261009084728,,PK
2026-10-09T00:01:09.631714+00:00,PK000288,08,2,20261009085127,20261009082818,20261009084405,,PK
2026-10-09T00:01:09.631714+00:00,PK000289,01,2,20261009085126,20261009082033,20261009084235,,PK
2026-10-09T00:01:09.631714+00:00,PK000289,02,2,20261009085126,20261009082110,20261009084233,,PK
2026-10-09T00:01:09.631714+00:00,PK000291,07,2,20261009085125,20261009080603,20261009084454,,PK
2026-10-09T00:01:09.631714+00:00,PK000294,02,3,20261009085126,20261009070049,20261009070852,20261009084726,PK
2026-10-09T00:01:09.631714+00:00,PK000295,01,2,20261009085126,20261009080457,20261009084507,,PK
2026-10-09T00:01:09.631714+00:00,PK000295,07,2,20261009085128,20261009074556,20261009080220,,PK
2026-10-09T00:01:09.631714+00:00,PK000296,05,2,20261009085126,20261009082821,20261009084445,,PK
2026-10-09T00:01:09.631714+00:00,PK000322,07,3,20261009085128,20261009075135,20261009080958,20261009084943,PK
2026-10-09T00:01:09.631714+00:00,PK000322,11,2,20261009085128,20261009083531,20261009084800,,PK
2026-10-09T00:01:09.631714+00:00,PK000322,12,2,20261009085128,20261009083615,20261009084802,,PK
2026-10-09T00:01:09.631714+00:00,PK000322,14,3,20261009085127,20261009080430,20261009081524,20261009084849,PK
2026-10-09T00:01:09.631714+00:00,PK000474,11,2,20261009085127,20261009081741,20261009083259,,PK
2026-10-09T00:01:09.631714+00:00,PL000006,09,2,20261009085603,20261008202358,20261009085603,,PL
2026-10-09T00:01:09.631714+00:00,PL000019,02,2,20261009085842,20261008205523,20261009085842,,PL
2026-10-09T00:01:09.631714+00:00,PL000377,01,3,20261009085425,20261009085425,20261009085136,20261009085425,PL
2026-10-09T00:01:09.631714+00:00,PL000463,01,2,20261009085242,20261008180251,20261009085242,,PL
2026-10-09T00:01:09.631714+00:00,PL000598,03,2,20261009085342,20261009020727,20261009085342,,PL
2026-10-09T00:01:09.631714+00:00,PL000976,21,2,20261009085749,20261009085749,20261009085749,,PL
2026-10-09T00:01:09.631714+00:00,PL001244,03,3,20261009085411,20261009085411,20261008163608,20261009085411,PL
2026-10-09T00:01:09.631714+00:00,PL001301,00,3,20261009085457,20261009085457,20261008110848,20261009085457,PL
2026-10-09T00:01:09.631714+00:00,PL001489,02,2,20261009085412,20261008210317,20261009085412,,PL
2026-10-09T00:01:09.631714+00:00,PL001489,03,2,20261009085233,20261008222054,20261009085233,,PL
2026-10-09T00:01:09.631714+00:00,PL001618,28,2,20261009085553,20261008180051,20261009085553,,PL
2026-10-09T00:01:09.631714+00:00,PL001944,21,2,20261009085935,20261008183300,20261009085935,,PL
2026-10-09T00:01:09.631714+00:00,PL001945,17,2,20261009085347,20261008120925,20261009085347,,PL
2026-10-09T00:01:09.631714+00:00,PL002162,03,2,20261009085309,20261008210345,20261009085309,,PL
2026-10-09T00:01:09.631714+00:00,PL002337,01,2,20261009085803,20261008223252,20261009085803,,PL
2026-10-09T00:01:09.631714+00:00,PL002467,03,2,20261009085239,20261009000219,20261009085239,,PL
2026-10-09T00:01:09.631714+00:00,PL003047,08,2,20261009085506,20261008135235,20261009085506,,PL
2026-10-09T00:01:09.631714+00:00,PL003371,09,2,20261009085548,20261008231949,20261009085548,,PL
2026-10-09T00:01:09.631714+00:00,PL003387,11,2,20261009085409,20261008220607,20261009085409,,PL
2026-10-09T00:01:09.631714+00:00,PL003509,07,2,20261009085730,20261008184001,20261009085730,,PL
2026-10-09T00:01:09.631714+00:00,PL003509,12,2,20261009085208,20261008221055,20261009085208,,PL
2026-10-09T00:01:09.631714+00:00,PL003817,51,2,20261009085158,20261008232925,20261009085158,,PL
2026-10-09T00:01:09.631714+00:00,PL004573,17,2,20261009085255,20261008213619,20261009085255,,PL
2026-10-09T00:01:09.631714+00:00,PL027987,34,2,20261009085444,20261008182229,20261009085444,,PL
2026-10-09T00:01:09.631714+00:00,PL030107,01,3,20261009085758,20261009085758,20261009074631,20261009085758,PL
2026-10-09T00:01:09.631714+00:00,PL030369,04,2,20261009085721,20261008233127,20261009085721,,PL
2026-10-09T00:01:09.631714+00:00,PL030485,04,2,20261009085512,20261008225615,20261009085512,,PL
2026-10-09T00:01:09.631714+00:00,PL030689,10,2,20261009085308,20261008204741,20261009085308,,PL
2026-10-09T00:01:09.631714+00:00,PL031061,01,2,20261009085918,20261009033946,20261009085918,,PL
2026-10-09T00:01:09.631714+00:00,PL031427,05,2,20261009085800,20261009013504,20261009085800,,PL
2026-10-09T00:01:09.631714+00:00,PL031444,13,2,20261009085223,20261008223833,20261009085223,,PL
2026-10-09T00:01:09.631714+00:00,PL031462,11,2,20261009085859,20261008180226,20261009085859,,PL
2026-10-09T00:01:09.631714+00:00,PL031551,02,3,20261009085525,20261009085525,20261008102936,20261009085525,PL
2026-10-09T00:01:09.631714+00:00,PL031560,02,2,20261009085933,20261008225140,20261009085933,,PL
2026-10-09T00:01:09.631714+00:00,PL031733,04,2,20261009085154,20261008172630,20261009085154,,PL
2026-10-09T00:01:09.631714+00:00,PL031783,01,3,20261009085249,20261009085249,20261008182719,20261009085249,PL
2026-10-09T00:01:09.631714+00:00,PL031905,03,3,20261009085156,20261009085156,20261003215845,20261009085156,PL
2026-10-09T00:01:09.631714+00:00,PL031997,04,2,20261009085636,20261008143822,20261009085636,,PL
2026-10-09T00:01:09.631714+00:00,PL032030,01,2,20261009085323,20261008234555,20261009085323,,PL
2026-10-09T00:01:09.631714+00:00,PL032196,01,2,20261009085911,20261008225939,20261009085911,,PL
2026-10-09T00:01:09.631714+00:00,PL032236,05,2,20261009085316,20261008192956,20261009085316,,PL
2026-10-09T00:01:09.631714+00:00,PL032288,02,2,20261009085203,20261009081215,20261009085203,,PL
2026-10-09T00:01:09.631714+00:00,PL032452,03,2,20261009085957,20261009013923,20261009085957,,PL
2026-10-09T00:01:09.631714+00:00,PL032568,03,2,20261009085244,20261008224029,20261009085244,,PL
2026-10-09T00:01:09.631714+00:00,PL032605,33,2,20261009085622,20261008185903,20261009085622,,PL
2026-10-09T00:01:09.631714+00:00,PL032605,39,2,20261009090001,20261008205708,20261009090001,,PL
2026-10-09T00:01:09.631714+00:00,PL032832,00,3,20261009085940,20261009085940,20261009085928,20261009085940,PL
2026-10-09T00:01:09.631714+00:00,PL032832,08,3,20261009085936,20261009085936,20261009080818,20261009085936,PL
2026-10-09T00:01:09.631714+00:00,PL033017,04,2,20261009085701,20261008210640,20261009085701,,PL
2026-10-09T00:01:09.631714+00:00,PL033017,05,2,20261009085319,20261009085016,20261009085319,,PL
2026-10-09T00:01:09.631714+00:00,PL033017,06,2,20261009085617,20261008222222,20261009085617,,PL
2026-10-09T00:01:09.631714+00:00,PL033017,07,3,20261009085121,20261009085121,20261009082912,20261009085121,PL
2026-10-09T00:01:09.631714+00:00,PL033026,00,2,20261009085837,20261008182414,20261009085837,,PL
2026-10-09T00:01:09.631714+00:00,PL033111,02,2,20261009085224,20261008194826,20261009085224,,PL
2026-10-09T00:01:09.631714+00:00,PL033275,10,2,20261009085813,20261008223420,20261009085813,,PL
2026-10-09T00:01:09.631714+00:00,PL033357,01,2,20261009085552,20261008185459,20261009085552,,PL
2026-10-09T00:01:09.631714+00:00,PL033666,24,2,20261009085145,20261008200227,20261009085145,,PL
2026-10-09T00:01:09.631714+00:00,PL832708,14,2,20261009085201,20261008221159,20261009085201,,PL
2026-10-09T00:01:09.631714+00:00,PL832708,15,2,20261009085850,20261008213902,20261009085850,,PL
2026-10-09T00:01:09.631714+00:00,PL832708,56,2,20261009085926,20261009005531,20261009085926,,PL
2026-10-09T00:01:09.631714+00:00,PL932708,55,2,20261009085703,20261008214910,20261009085703,,PL
2026-10-09T00:01:09.631714+00:00,PW001260,01,2,20261009085508,20261008204929,20261009050504,,PW
2026-10-09T00:01:09.631714+00:00,PW010300,02,2,20261009085708,20261008190333,20261009074927,,PW
2026-10-09T00:01:09.631714+00:00,PW011626,03,2,20261009085312,20261008174531,20261008193050,,PW
2026-10-09T00:01:09.631714+00:00,PW012259,02,2,20261009085808,20261008201955,20261009002020,,PW
2026-10-09T00:01:09.631714+00:00,PW012513,01,2,20261009085809,20261008193808,20261009060035,,PW
2026-10-09T00:01:09.631714+00:00,PW012532,04,2,20261009085409,20261008163532,20261008193555,,PW
2026-10-09T00:01:09.631714+00:00,PW012634,05,2,20261009085410,20261008195133,20261008221537,,PW
2026-10-09T00:01:09.631714+00:00,PW013083,01,2,20261009085820,20261008201027,20261009055610,,PW
2026-10-09T00:01:09.631714+00:00,PW013103,05,2,20261009085820,20261009062546,20261009085640,,PW
2026-10-09T00:01:09.631714+00:00,PW013139,68,2,20261009085830,20261008234237,20261009021544,,PW
2026-10-09T00:01:09.631714+00:00,PW013231,54,2,20261009085436,20261008171913,20261009034959,,PW
2026-10-09T00:01:09.631714+00:00,PW013448,12,2,20261009085841,20261008211633,20261009023208,,PW
2026-10-09T00:01:09.631714+00:00,PW013448,19,2,20261009085449,20261008212439,20261009022513,,PW
2026-10-09T00:01:09.631714+00:00,PW013774,01,2,20261009085502,20261008185240,20261008205302,,PW
2026-10-09T00:01:09.631714+00:00,PW014214,03,2,20261009085910,20261009020820,20261009085642,,PW
2026-10-09T00:01:09.631714+00:00,PW014562,02,2,20261009085533,20261008172518,20261008194044,,PW
2026-10-09T00:01:09.631714+00:00,PW014784,16,3,20261009085544,20261009085544,20261009064219,20261009085232,PW
2026-10-09T00:01:09.631714+00:00,PW800490,02,2,20261009085318,20261008173743,20261008193137,,PW
2026-10-09T00:01:09.631714+00:00,PW800511,03,2,20261009085319,20261008214640,20261009010904,,PW
2026-10-09T00:01:09.631714+00:00,PW800512,01,2,20261009085721,20261008191138,20261008201739,,PW
2026-10-09T00:01:09.631714+00:00,PW800656,09,3,20261009085724,20261009085724,20261004180833,20261009085602,PW
2026-10-09T00:01:09.631714+00:00,PW800939,01,2,20261009085113,20261008191512,20261008204031,,PW
2026-10-09T00:01:09.631714+00:00,PW801068,19,2,20261009085123,20261008194135,20261009052349,,PW
2026-10-09T00:01:09.631714+00:00,PW801095,05,2,20261009085123,20261008210328,20261009013332,,PW
2026-10-09T00:01:09.631714+00:00,PW801420,09,2,20261009085536,20261008203929,20261009085412,,PW
2026-10-09T00:01:09.631714+00:00,PW801481,14,3,20261009085147,20261009085147,20261008225547,20261009085111,PW
2026-10-09T00:01:09.631714+00:00,PWE00619,06,3,20261009085420,20261009085420,20260927111822,20261009085420,PW
2026-10-09T00:01:09.631714+00:00,PWE00619,35,2,20261009085207,20261008193015,20261009085207,,PW
2026-10-09T00:01:09.631714+00:00,PWE06339,06,2,20261009085512,20261008223412,20261009085512,,PW
2026-10-09T00:01:09.631714+00:00,RE000053,02,2,20261009085803,20260926194126,20260926211613,,RE
2026-10-09T00:01:09.631714+00:00,RE000333,03,3,20261009085403,20261009085403,20261009085159,20261009085159,RE
2026-10-09T00:01:09.631714+00:00,SE000073,01,3,20261009085643,20261009085639,20261009075232,20261009085639,SE
2026-10-09T00:01:09.631714+00:00,SE000088,02,3,20261009085543,20261009085448,20261008220216,20261009085448,SE
2026-10-09T00:01:09.631714+00:00,SE000107,01,3,20261009085743,20261009085627,20261009055343,20261009085627,SE
2026-10-09T00:01:09.631714+00:00,SE000108,01,3,20261009085543,20261009062233,20261009175323,20261009175421,SE
2026-10-09T00:01:09.631714+00:00,SE000151,02,3,20261009085743,20261009085725,20261009074240,20261009085725,SE
2026-10-09T00:01:09.631714+00:00,SE000154,03,2,20261009085243,20261009072144,20261009083246,,SE
2026-10-09T00:01:09.631714+00:00,SE000181,01,3,20261009085343,20261009085251,20261008070610,20261009085251,SE
2026-10-09T00:01:09.631714+00:00,SE000191,02,3,20261009085743,20261009085700,20261009022536,20261009085700,SE
2026-10-09T00:01:09.631714+00:00,SE000197,01,3,20261009085543,20261009085455,20261009063457,20261009085455,SE
2026-10-09T00:01:09.631714+00:00,SE000197,04,3,20261009085543,20261009085504,20261009010153,20261009085504,SE
2026-10-09T00:01:09.631714+00:00,SE000197,05,2,20261009085543,20261009080317,20261009085450,,SE
2026-10-09T00:01:09.631714+00:00,SE000204,08,3,20261009085943,20261008182219,20261008184827,20261009085944,SE
2026-10-09T00:01:09.631714+00:00,SE000216,03,2,20261009085143,20261009080300,20261009085114,,SE
2026-10-09T00:01:09.631714+00:00,SF000422,05,3,20261009085622,20261009085622,20261008202711,20261009084735,SF
2026-10-09T00:01:09.631714+00:00,SF000830,50,2,20261009085639,20261009063650,20261009085151,,SF
2026-10-09T00:01:09.631714+00:00,SF003592,03,2,20261009085633,20261009012851,20261009085113,,SF
2026-10-09T00:01:09.631714+00:00,SF003688,01,2,20261009085639,20261008184914,20261009084916,,SF
2026-10-09T00:01:09.631714+00:00,SN000037,02,3,20261009085843,20261009085834,20261008200519,20261009085834,SN
2026-10-09T00:01:09.631714+00:00,ST111105,01,3,20261009085631,20261009085631,20261009073035,20261009064856,ST
2026-10-09T00:01:09.631714+00:00,ST111704,03,2,20261009085433,20261009054707,20261009063354,,ST
2026-10-09T00:01:09.631714+00:00,ST112001,03,2,20261009085425,20261008192007,20261008231407,,ST
2026-10-09T00:01:09.631714+00:00,ST114401,03,2,20261009085430,20261009085228,20261009085430,,ST
2026-10-09T00:01:09.631714+00:00,ST114401,05,2,20261009085829,20261007082304,20261007140324,,ST
2026-10-09T00:01:09.631714+00:00,ST114420,04,2,20261009085246,20261009082450,20261009085246,,ST
2026-10-09T00:01:09.631714+00:00,ST114705,05,2,20261009085437,20261009085043,20261009085437,,ST
2026-10-09T00:01:09.631714+00:00,ST115623,01,3,20261009085643,20261008020830,20261008032721,20261009085643,ST
2026-10-09T00:01:09.631714+00:00,ST116205,03,2,20261009085237,20261009080843,20261009085237,,ST
2026-10-09T00:01:09.631714+00:00,ST116526,04,2,20261009085839,20261009082442,20261009085839,,ST
2026-10-09T00:01:09.631714+00:00,ST116529,03,3,20261009085237,20261009085237,20261008200028,20261008191149,ST
2026-10-09T00:01:09.631714+00:00,ST116534,03,2,20261009085452,20261009045812,20261009061945,,ST
2026-10-09T00:01:09.631714+00:00,ST116808,01,2,20261009085231,20261009081033,20261009085231,,ST
2026-10-09T00:01:09.631714+00:00,ST116815,01,2,20261009085648,20261008100107,20261009085648,,ST
2026-10-09T00:01:09.631714+00:00,ST117110,02,3,20261009085435,20261009035954,20261009044037,20261009085435,ST
2026-10-09T00:01:09.631714+00:00,ST117112,01,3,20261009085443,20261009052603,20261009082425,20261009085443,ST
2026-10-09T00:01:09.631714+00:00,ST117116,01,3,20261009085836,20261008205714,20261009034550,20261009085836,ST
2026-10-09T00:01:09.631714+00:00,ST600071,02,2,20261009085848,20261009082449,20261009085848,,ST
2026-10-09T00:01:09.631714+00:00,ST600292,06,2,20261009085457,20261008210423,20261009085457,,ST
2026-10-09T00:01:09.631714+00:00,ST600507,01,3,20261009085459,20261009085459,20261009085103,20261009071635,ST
2026-10-09T00:01:09.631714+00:00,ST600984,01,2,20261009085109,20261009014023,20261009085109,,ST
2026-10-09T00:01:09.631714+00:00,ST601187,02,3,20261009085506,20261009085506,20261008221616,20261008213145,ST
2026-10-09T00:01:09.631714+00:00,ST601190,02,3,20261009085703,20261008181555,20261008221755,20261009085703,ST
2026-10-09T00:01:09.631714+00:00,ST601293,02,3,20261009085506,20261009034507,20261009070935,20261009085506,ST
2026-10-09T00:01:09.631714+00:00,ST601521,02,3,20261009085909,20261009085909,20261009050718,20261009032036,ST
2026-10-09T00:01:09.631714+00:00,SZBA0008,09,3,20261009085553,20261009085553,20261009062214,20261009085553,SZ
2026-10-09T00:01:09.631714+00:00,SZBA0008,10,3,20261009085648,20261009085648,20261009085614,20261009085648,SZ
2026-10-09T00:01:09.631714+00:00,SZBA0008,26,3,20261009085528,20261009085528,20261009081408,20261009085528,SZ
2026-10-09T00:01:09.631714+00:00,SZBA0008,28,2,20261009085500,20261009081424,20261009085500,,SZ
2026-10-09T00:01:09.631714+00:00,SZBA0029,01,2,20261009085958,20261009084238,20261009085958,,SZ
2026-10-09T00:01:09.631714+00:00,SZBA0029,02,2,20261009085958,20261009084203,20261009085958,,SZ
2026-10-09T00:01:09.631714+00:00,SZBA0038,01,2,20261009085202,20261009085054,20261009085202,,SZ
2026-10-09T00:01:09.631714+00:00,SZBA0038,02,2,20261009085515,20261009085424,20261009085515,,SZ
2026-10-09T00:01:09.631714+00:00,SZBA0079,02,2,20261009085911,20260708143008,20261009085911,,SZ
2026-10-09T00:01:09.631714+00:00,SZBA0108,01,2,20261009085949,20261007234747,20261008002527,,SZ
2026-10-09T00:01:09.631714+00:00,SZBA0108,02,2,20261009085952,20261008002252,20261008013306,,SZ
2026-10-09T00:01:09.631714+00:00,SZBA0108,12,3,20261009085141,20261009085141,20261009084804,20261009085141,SZ
2026-10-09T00:01:09.631714+00:00,SZBA0108,15,5,20261009085141,20260609124348,20261008163618,,SZ
2026-10-09T00:01:09.631714+00:00,SZBA0108,16,5,20261009085141,20260609124118,20261009004438,,SZ
2026-10-09T00:01:09.631714+00:00,TDA00050,01,2,20261009090010,20261007175841,20261008041356,,TD
2026-10-09T00:01:09.631714+00:00,TDMD0006,03,3,20261009090010,20261008084605,20261008134918,20261008084605,TD
2026-10-09T00:01:09.631714+00:00,UN000099,03,3,20261009085319,20261009085319,20261009081627,20261009085231,UN
2026-10-09T00:01:09.631714+00:00,ZE020030,01,3,20261009090001,20261009090001,20261008230000,20261009090001,ZE
2026-10-09T00:10:50.065079+00:00,ME174013,01,2,20261009090745,20261008234258,20261009002410,,ME
2026-10-09T00:10:50.065079+00:00,ME174027,01,2,20261009090751,20261009082920,20261009084501,,ME
2026-10-09T00:10:50.065079+00:00,ME174039,01,2,20261009090751,20261008061115,20261008062046,,ME
2026-10-09T00:10:50.065079+00:00,ME178009,01,2,20261009090759,20261008191814,20261008195914,,ME
2026-10-09T00:10:50.065079+00:00,ME178009,02,3,20261009090803,20261009071433,20261009072758,20261009084453,ME
2026-10-09T00:10:50.065079+00:00,ME181102,01,2,20261009090807,20261008142807,20261008151127,,ME
2026-10-09T00:10:50.065079+00:00,ME181150,12,2,20261009090812,20261007141930,20261007172850,,ME
2026-10-09T00:10:50.065079+00:00,ME181150,13,2,20261009090815,20261007153124,20261007161751,,ME
2026-10-09T00:10:50.065079+00:00,ME183001,01,2,20261009090818,20261008123815,20261008124230,,ME
2026-10-09T00:10:50.065079+00:00,ME183002,01,2,20261009090823,20261008161751,20261008164007,,ME
2026-10-09T00:10:50.065079+00:00,ME183003,01,2,20261009090828,20261007114138,20261007121624,,ME
2026-10-09T00:10:50.065079+00:00,ME183004,01,2,20261009090830,20261008184720,20261008190104,,ME
2026-10-09T00:10:50.065079+00:00,ME183006,01,2,20261009090831,20261008204729,20261008212854,,ME
2026-10-09T00:10:50.065079+00:00,ME183008,01,2,20261009090849,20261009000352,20261009004645,,ME
2026-10-09T00:10:50.065079+00:00,ME183009,01,2,20261009090844,20261008104659,20261008104811,,ME
2026-10-09T00:10:50.065079+00:00,ME183103,01,2,20261009090851,20261008164242,20261008171727,,ME
2026-10-09T00:10:50.065079+00:00,ME183103,02,2,20261009090852,20261008134222,20261008142526,,ME
2026-10-09T00:10:50.065079+00:00,ME183103,52,2,20261009090850,20261008175253,20261008180926,,ME
2026-10-09T00:10:50.065079+00:00,ME183219,01,2,20261009090858,20261008082737,20261008090638,,ME
2026-10-09T00:10:50.065079+00:00,ME183219,02,2,20261009090900,20261008090141,20261008094709,,ME
2026-10-09T00:10:50.065079+00:00,ME183219,52,2,20261009090858,20261009062324,20261009070505,,ME
2026-10-09T00:10:50.065079+00:00,ME184075,01,2,20261009090906,20261002111139,20261002125929,,ME
2026-10-09T00:10:50.065079+00:00,ME184076,01,2,20261009090409,20261009083634,20261009085624,,ME
2026-10-09T00:10:50.065079+00:00,ME18B159,01,2,20261009090415,20261009011909,20261009012545,,ME
2026-10-09T00:10:50.065079+00:00,ME18B163,01,2,20261009090413,20261009061544,20261009065849,,ME
2026-10-09T00:10:50.065079+00:00,ME18B164,01,2,20261009090418,20261008173449,20261008174250,,ME
2026-10-09T00:10:50.065079+00:00,ME18B165,01,2,20261009090755,20261008124420,20261008131540,,ME
2026-10-09T00:10:50.065079+00:00,ME18B166,01,2,20261009090427,20261009043710,20261009052317,,ME
2026-10-09T00:10:50.065079+00:00,ME18B168,01,2,20261009090430,20261009073734,20261009080334,,ME
2026-10-09T00:10:50.065079+00:00,ME18B169,01,2,20261009090437,20261009052900,20261009053951,,ME
2026-10-09T00:10:50.065079+00:00,ME18B170,01,2,20261009090440,20261008214604,20261008222619,,ME
2026-10-09T00:10:50.065079+00:00,ME18B175,01,2,20261009090445,20261008031825,20261008034230,,ME
2026-10-09T00:10:50.065079+00:00,ME18B176,01,2,20261009090446,20261008191510,20261008195815,,ME
2026-10-09T00:10:50.065079+00:00,ME18B179,01,2,20261009090452,20261008200740,20261008205046,,ME
2026-10-09T00:10:50.065079+00:00,ME18B180,01,2,20261009090455,20261009080625,20261009084746,,ME
2026-10-09T00:10:50.065079+00:00,ME18B181,01,2,20261009090459,20261009050836,20261009055126,,ME
2026-10-09T00:10:50.065079+00:00,ME18B183,01,2,20261009090503,20261008132326,20261008135021,,ME
2026-10-09T00:10:50.065079+00:00,ME18B278,11,2,20261009090507,20261008061329,20261008064416,,ME
2026-10-09T00:10:50.065079+00:00,ME18B278,12,2,20261009090510,20261008113230,20261008115032,,ME
2026-10-09T00:10:50.065079+00:00,ME18B279,11,2,20261009090628,20261009073055,20261009081358,,ME
2026-10-09T00:10:50.065079+00:00,ME18B279,12,2,20261009090630,20261008232721,20261008235436,,ME
2026-10-09T00:10:50.065079+00:00,ME18B284,11,2,20261009090521,20261008235256,20261009001700,,ME
2026-10-09T00:10:50.065079+00:00,ME18B284,12,2,20261009090519,20261008230837,20261008231406,,ME
2026-10-09T00:10:50.065079+00:00,ME18B288,11,2,20261009090527,20261005230008,20261005233919,,ME
2026-10-09T00:10:50.065079+00:00,ME18B288,12,2,20261009090529,20261009080022,20261009082343,,ME
2026-10-09T00:10:50.065079+00:00,ME19A152,01,2,20261009090627,20261009054316,20261009060647,,ME
2026-10-09T00:10:50.065079+00:00,ME19A153,01,2,20261009090529,20261008190912,20261008192847,,ME
2026-10-09T00:10:50.065079+00:00,ME19A160,01,2,20261009090531,20261009072436,20261009075233,,ME
2026-10-09T00:10:50.065079+00:00,ME19A164,01,2,20261009090538,20261008231653,20261008232241,,ME
2026-10-09T00:10:50.065079+00:00,ME19A170,01,2,20261009090612,20261008142328,20261008145753,,ME
2026-10-09T00:10:50.065079+00:00,ME19A243,21,3,20261009090722,20261008223654,20261008231557,20261009090112,ME
2026-10-09T00:10:50.065079+00:00,ME19A243,22,2,20261009090220,20261008224326,20261008232155,,ME
2026-10-09T00:10:50.065079+00:00,ME19A246,21,2,20261009090209,20261008091153,20261008095159,,ME
2026-10-09T00:10:50.065079+00:00,ME19A246,22,2,20261009090209,20261008134211,20261008141021,,ME
2026-10-09T00:10:50.065079+00:00,ME19A265,21,2,20261009090211,20261009041452,20261009042004,,ME
2026-10-09T00:10:50.065079+00:00,ME19A265,22,9,20261009090310,20261009071742,20261009073219,,ME
2026-10-09T00:10:50.065079+00:00,ME19A274,21,9,20261009090310,20261008195610,20261008203618,,ME
2026-10-09T00:10:50.065079+00:00,ME19A274,22,9,20261009090310,20261008193959,20261008195351,,ME
2026-10-09T00:10:50.065079+00:00,ME19A601,23,9,20261009090310,20261008192328,20261008195506,,ME
2026-10-09T00:10:50.065079+00:00,ME19A601,24,2,20261009090213,20261008212124,20261008213034,,ME
2026-10-09T00:10:50.065079+00:00,ME19A601,25,2,20261009090206,20261007202459,20261007210507,,ME
2026-10-09T00:10:50.065079+00:00,ME19A601,26,3,20261009090725,20261008211344,20261008212439,20261009085307,ME
2026-10-09T00:10:50.065079+00:00,ME19D118,01,2,20261009090712,20261008074557,20261008080742,,ME
2026-10-09T00:10:50.065079+00:00,ME19X403,41,3,20261009090626,20261008223736,20261008231736,20261009090127,ME
2026-10-09T00:10:50.065079+00:00,ME19X403,42,5,20261009090707,20261008211044,20261008211938,,ME
2026-10-09T00:10:50.065079+00:00,ME19X403,43,2,20261009090609,20261008200655,20261008203450,,ME
2026-10-09T00:10:50.065079+00:00,ME19X403,44,2,20261009090602,20261008205501,20261008205803,,ME
2026-10-09T00:10:50.065079+00:00,ME19X403,45,2,20261009090634,20261008075118,20261008083118,,ME
2026-10-09T00:10:50.065079+00:00,ME19X417,42,2,20261009090733,20261009081342,20261009083146,,ME
2026-10-09T00:10:50.065079+00:00,ME19X417,43,2,20261009090726,20261008132237,20261008140237,,ME
2026-10-09T00:10:50.065079+00:00,ME19X417,44,2,20261009090716,20261008120936,20261008121544,,ME
2026-10-09T00:10:50.065079+00:00,ME19X417,45,2,20261009090733,20261008104047,20261008112047,,ME
2026-10-09T00:10:50.065079+00:00,ME19Y284,21,2,20261009090740,20261009074603,20261009075156,,ME
2026-10-09T00:10:50.065079+00:00,ME19Y284,22,2,20261009090740,20261009042314,20261009050314,,ME
2026-10-09T00:10:50.065079+00:00,ME19Y601,21,2,20261009090824,20261009044411,20261009052411,,ME
2026-10-09T00:10:50.065079+00:00,ME19Y601,22,2,20261009090824,20261009043726,20261009051625,,ME
2026-10-09T00:10:50.065079+00:00,ME19Y601,23,2,20261009090759,20261009050038,20261009052745,,ME
2026-10-09T00:10:50.065079+00:00,ME19Y601,24,2,20261009090759,20261009050321,20261009054321,,ME
2026-10-09T00:10:50.065079+00:00,ME19Y601,25,2,20261009090750,20261009063103,20261009070128,,ME
2026-10-09T00:10:50.065079+00:00,ME19Y601,26,2,20261009090750,20261009080244,20261009084244,,ME
2026-10-09T00:10:50.065079+00:00,ME20A193,01,2,20261009090430,20261009014257,20261009022257,,ME
2026-10-09T00:10:50.065079+00:00,ME20A194,01,2,20261009090725,20261008231236,20261008232301,,ME
2026-10-09T00:10:50.065079+00:00,ME20A195,01,2,20261009090725,20261008201612,20261008204630,,ME
2026-10-09T00:10:50.065079+00:00,ME20A196,01,3,20261009090814,20261009063948,20261009065503,20261009085309,ME
2026-10-09T00:10:50.065079+00:00,ME20A197,01,2,20261009090723,20261009031819,20261009035819,,ME
2026-10-09T00:10:50.065079+00:00,ME20A198,01,2,20261009090722,20261009074305,20261009075216,,ME
2026-10-09T00:10:50.065079+00:00,ME20A199,01,2,20261009090714,20261009082528,20261009090528,,ME
2026-10-09T00:10:50.065079+00:00,ME20A1a0,01,2,20261009090722,20260930211119,20260930212304,,ME
2026-10-09T00:10:50.065079+00:00,ME20A1a1,01,2,20261009090728,20261008024437,20261008032110,,ME
2026-10-09T00:10:50.065079+00:00,ME20A1a2,01,2,20261009090727,20261008191929,20261008195929,,ME
2026-10-09T00:10:50.065079+00:00,ME20A1a3,01,2,20261009090714,20261009060627,20261009064627,,ME
2026-10-09T00:10:50.065079+00:00,ME20A1a4,01,2,20261009090721,20261008164528,20261008172528,,ME
2026-10-09T00:10:50.065079+00:00,ME20A1a5,01,2,20261009090721,20261008161354,20261008165354,,ME
2026-10-09T00:10:50.065079+00:00,ME20A1a6,01,2,20261009090738,20261009041612,20261009042110,,ME
2026-10-09T00:10:50.065079+00:00,ME20A1a7,01,2,20261009090713,20261008195906,20261008201906,,ME
2026-10-09T00:10:50.065079+00:00,ME20A1a8,01,2,20261009090726,20261009064513,20261009072513,,ME
2026-10-09T00:10:50.065079+00:00,ME20A1a9,01,3,20261009090754,20261008161021,20261008162844,20261009083741,ME
2026-10-09T00:10:50.065079+00:00,ME20A1b0,01,2,20261009090724,20261008144309,20261008152309,,ME
2026-10-09T00:10:50.065079+00:00,ME20A278,21,2,20261009090557,20261009070641,20261009071645,,ME
2026-10-09T00:10:50.065079+00:00,ME20A278,22,2,20261009090557,20261009062350,20261009070350,,ME
2026-10-09T00:10:50.065079+00:00,ME20A279,21,2,20261009090720,20261008125440,20261008131833,,ME
2026-10-09T00:10:50.065079+00:00,ME20A279,22,2,20261009090720,20261008211407,20261008213916,,ME
2026-10-09T00:10:50.065079+00:00,ME20A280,01,2,20261009090736,20261008220426,20261008222343,,ME
2026-10-09T00:10:50.065079+00:00,ME20A280,02,2,20261009090825,20261008211609,20261008215609,,ME
2026-10-09T00:10:50.065079+00:00,ME20A301,01,2,20261009090742,20261005114303,20261005121841,,ME
2026-10-09T00:10:50.065079+00:00,ME20A301,21,2,20261009090723,20261008202357,20261008204852,,ME
2026-10-09T00:10:50.065079+00:00,ME20A301,22,2,20261009090723,20261004151939,20261004155939,,ME
2026-10-09T00:10:50.065079+00:00,ME20A409,21,2,20261009090748,20261009063003,20261009064731,,ME
2026-10-09T00:10:50.065079+00:00,ME20A409,22,2,20261009090748,20261008131903,20261008135903,,ME
2026-10-09T00:10:50.065079+00:00,ME20A409,23,2,20261009090734,20261008213833,20261008221833,,ME
2026-10-09T00:10:50.065079+00:00,ME20A409,24,2,20261009090735,20261008115604,20261008115712,,ME
2026-10-09T00:10:50.065079+00:00,ME20A410,01,2,20261009090754,20261008194001,20261008201855,,ME
2026-10-09T00:10:50.065079+00:00,ME20A410,02,2,20261009090754,20261008120224,20261008124224,,ME
2026-10-09T00:10:50.065079+00:00,ME20A410,03,2,20261009090820,20261008185934,20261008193934,,ME
2026-10-09T00:10:50.065079+00:00,ME20A410,91,2,20261009090759,20261008193746,20261008200913,,ME
2026-10-09T00:10:50.065079+00:00,ME20A411,01,3,20261009090711,20261008112828,20261008120828,20261009084158,ME
2026-10-09T00:10:50.065079+00:00,ME20A411,02,2,20261009090820,20261008140558,20261008140658,,ME
2026-10-09T00:10:50.065079+00:00,ME20A411,03,2,20261009090819,20261008140128,20261008144128,,ME
2026-10-09T00:10:50.065079+00:00,ME20A411,04,2,20261009090828,20261008143655,20261008151655,,ME
2026-10-09T00:10:50.065079+00:00,ME21A128,01,2,20261009090230,20261007191559,20261007193759,,ME
2026-10-09T00:10:50.065079+00:00,ME21B132,01,3,20261009090756,20261009054252,20261009062257,20261009090550,ME
2026-10-09T00:10:50.065079+00:00,ME21B133,01,2,20261009090225,20261009081713,20261009085750,,ME
2026-10-09T00:10:50.065079+00:00,ME21B157,01,2,20261009090225,20261009060421,20261009064426,,ME
2026-10-09T00:10:50.065079+00:00,ME21B164,01,2,20261009090232,20261009050305,20261009054311,,ME
2026-10-09T00:10:50.065079+00:00,ME21B168,01,9,20261009090310,20261007090350,20261007092141,,ME
2026-10-09T00:10:50.065079+00:00,ME21B180,01,2,20261009090225,20261008204414,20261008210306,,ME
2026-10-09T00:10:50.065079+00:00,ME21B1C3,01,3,20261009090826,20261009060501,20261009064237,20261009085206,ME
2026-10-09T00:10:50.065079+00:00,ME21B211,01,2,20261009090223,20261008161005,20261008165011,,ME
2026-10-09T00:10:50.065079+00:00,ME21B211,02,2,20261009090222,20261008140819,20261008140924,,ME
2026-10-09T00:10:50.065079+00:00,ME21B234,01,2,20261009090143,20261008230605,20261008233535,,ME
2026-10-09T00:10:50.065079+00:00,ME21B234,02,9,20261009090310,20261008181101,20261008184532,,ME
2026-10-09T00:10:50.065079+00:00,ME21B244,01,2,20261009090203,20261008133027,20261008135414,,ME
2026-10-09T00:10:50.065079+00:00,ME21B244,02,2,20261009090218,20261002144624,20261002151909,,ME
2026-10-09T00:10:50.065079+00:00,ME21B245,01,2,20261009090132,20261009014637,20261009022033,,ME
2026-10-09T00:10:50.065079+00:00,ME21B245,02,2,20261009090227,20261008231833,20261008234818,,ME
2026-10-09T00:10:50.065079+00:00,ME21B305,01,2,20261009090217,20261008171834,20261008172752,,ME
2026-10-09T00:10:50.065079+00:00,ME21B305,02,9,20261009090310,20261008081259,20261008084624,,ME
2026-10-09T00:10:50.065079+00:00,ME21B305,03,9,20261009090310,20261009030401,20261009033026,,ME
2026-10-09T00:10:50.065079+00:00,ME21B309,01,2,20261009090221,20261008133251,20261008134528,,ME
2026-10-09T00:10:50.065079+00:00,ME21B309,02,2,20261009090222,20261008142925,20261008145637,,ME
2026-10-09T00:10:50.065079+00:00,ME21B309,03,2,20261009090139,20261008124225,20261008131332,,ME
2026-10-09T00:10:50.065079+00:00,ME21B404,01,2,20261009090216,20261009083131,20261009085628,,ME
2026-10-09T00:10:50.065079+00:00,ME21B404,02,2,20261009090228,20261008192755,20261008195957,,ME
2026-10-09T00:10:50.065079+00:00,ME21B404,03,2,20261009090223,20261008210519,20261008212523,,ME
2026-10-09T00:10:50.065079+00:00,ME21B404,04,2,20261009090223,20261008193016,20261008195708,,ME
2026-10-09T00:10:50.065079+00:00,ME21B412,01,2,20261009090220,20261007014747,20261007022054,,ME
2026-10-09T00:10:50.065079+00:00,ME21B412,02,2,20261009090219,20261005135358,20261005143405,,ME
2026-10-09T00:10:50.065079+00:00,ME21B412,03,2,20261009090216,20261008220554,20261008223828,,ME
2026-10-09T00:10:50.065079+00:00,ME21B412,04,2,20261009090216,20261007172819,20261007175510,,ME
2026-10-09T00:10:50.065079+00:00,ME21C250,21,2,20261009090814,20261008141434,20261008145159,,ME
2026-10-09T00:10:50.065079+00:00,ME21C250,22,2,20261009090814,20261009004806,20261009012808,,ME
2026-10-09T00:10:50.065079+00:00,ME21C251,21,2,20261009090815,20261008191143,20261008193921,,ME
2026-10-09T00:10:50.065079+00:00,ME21C251,22,2,20261009090815,20261008230609,20261008232657,,ME
2026-10-09T00:10:50.065079+00:00,ME21D045,01,2,20261009090136,20261008214106,20261008220051,,ME
2026-10-09T00:10:50.065079+00:00,ME21D046,01,2,20261009090148,20261009020111,20261009022410,,ME
2026-10-09T00:10:50.065079+00:00,ME21D047,01,2,20261009090138,20261007163422,20261007171224,,ME
2026-10-09T00:10:50.065079+00:00,ME21D048,01,2,20261009090147,20261008170715,20261008173949,,ME
2026-10-09T00:10:50.065079+00:00,ME22C1B8,01,2,20261009090840,20261008190401,20261008194402,,ME
2026-10-09T00:10:50.065079+00:00,ME22C1B9,01,2,20261009090815,20261008231203,20261008232958,,ME
2026-10-09T00:10:50.065079+00:00,ME22C1C0,01,2,20261009090905,20261008084418,20261008092420,,ME
2026-10-09T00:10:50.065079+00:00,ME22C802,01,2,20261009090815,20261008150545,20261008152224,,ME
2026-10-09T00:10:50.065079+00:00,ME22C802,02,2,20261009090904,20261008200951,20261008204443,,ME
2026-10-09T00:10:50.065079+00:00,ME22C802,03,2,20261009090818,20261008185058,20261008190657,,ME
2026-10-09T00:10:50.065079+00:00,ME22C802,04,2,20261009090814,20261009075008,20261009083010,,ME
2026-10-09T00:10:50.065079+00:00,ME22C802,05,2,20261009090821,20261008181142,20261008182212,,ME
2026-10-09T00:10:50.065079+00:00,ME22C802,06,2,20261009090820,20261008152859,20261008160838,,ME
2026-10-09T00:10:50.065079+00:00,ME22C802,07,2,20261009090848,20261008154549,20261008161157,,ME
2026-10-09T00:10:50.065079+00:00,ME22C802,08,2,20261009090811,20261008183556,20261008190237,,ME
2026-10-09T00:10:50.065079+00:00,ME22D121,01,2,20261009090835,20261008222607,20261008230600,,ME
2026-10-09T00:10:50.065079+00:00,ME22D134,01,2,20261009090810,20261003080645,20261003084648,,ME
2026-10-09T00:10:50.065079+00:00,ME22D152,01,2,20261009090847,20261006183220,20261006191223,,ME
2026-10-09T00:10:50.065079+00:00,ME22D205,01,3,20261009090831,20261008220241,20261008224244,20261009085023,ME
2026-10-09T00:10:50.065079+00:00,ME22D205,02,2,20261009090814,20261008160956,20261008162523,,ME
2026-10-09T00:10:50.065079+00:00,ME22D402,01,2,20261009090815,20261009080906,20261009084909,,ME
2026-10-09T00:10:50.065079+00:00,ME22D402,02,2,20261009090838,20261008134528,20261008142531,,ME
2026-10-09T00:10:50.065079+00:00,ME22D402,03,2,20261009090903,20261008121757,20261008123552,,ME
2026-10-09T00:10:50.065079+00:00,ME22D402,04,2,20261009090845,20261009023532,20261009031534,,ME
2026-10-09T00:10:50.065079+00:00,ME22M301,01,2,20261009090905,20261009012434,20261009014544,,ME
2026-10-09T00:10:50.065079+00:00,ME22M301,02,2,20261009090903,20261009083914,20261009084619,,ME
2026-10-09T00:10:50.065079+00:00,ME22M301,81,2,20261009090909,20261008153443,20261008160619,,ME
2026-10-09T00:10:50.065079+00:00,ME22M301,82,2,20261009090714,20261009011757,20261009013744,,ME
2026-10-09T00:10:50.065079+00:00,ME22M301,83,2,20261009090904,20261009004013,20261009011130,,ME
2026-10-09T00:10:50.065079+00:00,ME22M301,84,2,20261009090814,20261007150110,20261007152502,,ME
2026-10-09T00:10:50.065079+00:00,ME22M302,01,2,20261009090149,20260921155947,20260921160006,,ME
2026-10-09T00:10:50.065079+00:00,ME22M302,02,2,20261009090200,20261003155714,20261003163721,,ME
2026-10-09T00:10:50.065079+00:00,ME22M302,03,2,20261009090145,20261006180006,20261006184010,,ME
2026-10-09T00:10:50.065079+00:00,ME22M302,04,2,20261009090502,20261004175434,20261004180023,,ME
2026-10-09T00:10:50.065079+00:00,ME22M302,05,2,20261009090141,20260823093756,20260823101759,,ME
2026-10-09T00:10:50.065079+00:00,ME22M302,06,2,20261009090141,20261004105422,20261004110523,,ME
2026-10-09T00:10:50.065079+00:00,ME22M302,07,2,20261009090152,20261007095927,20261007103157,,ME
2026-10-09T00:10:50.065079+00:00,ME22M302,09,2,20261009090143,20261004130719,20261004134723,,ME
2026-10-09T00:10:50.065079+00:00,ME22M302,10,2,20261009090152,20260921152834,20260921152913,,ME
2026-10-09T00:10:50.065079+00:00,ME22M302,11,2,20261009090133,20261008120848,20261008124951,,ME
2026-10-09T00:10:50.065079+00:00,ME22M302,12,2,20261009090859,20260817104012,20260817112018,,ME
2026-10-09T00:10:50.065079+00:00,ME22M302,13,2,20261009090134,20261005140028,20261005144033,,ME
2026-10-09T00:10:50.065079+00:00,ME22M302,14,2,20261009090157,20261003163148,20261003163235,,ME
2026-10-09T00:10:50.065079+00:00,ME22M302,15,2,20261009090146,20261008114253,20261008115646,,ME
2026-10-09T00:10:50.065079+00:00,ME22M302,16,2,20261009090150,20260926150958,20260926155002,,ME
2026-10-09T00:10:50.065079+00:00,ME22M302,17,2,20261009090149,20261007030350,20261007034354,,ME
2026-10-09T00:10:50.065079+00:00,ME22M302,18,2,20261009090139,20261007113918,20261007121922,,ME
2026-10-09T00:10:50.065079+00:00,ME22M302,19,2,20261009090149,20261003163941,20261003171945,,ME
2026-10-09T00:10:50.065079+00:00,ME22M302,20,2,20261009090150,20261003125206,20261003133212,,ME
2026-10-09T00:10:50.065079+00:00,ME22M302,21,2,20261009090144,20261004113824,20261004121903,,ME
2026-10-09T00:10:50.065079+00:00,ME22M302,22,2,20261009090144,20261004141642,20261004144521,,ME
2026-10-09T00:10:50.065079+00:00,ME22M302,23,2,20261009090132,20261008083825,20261008091829,,ME
2026-10-09T00:10:50.065079+00:00,ME22M302,24,2,20261009090152,20261008125833,20261008133837,,ME
2026-10-09T00:10:50.065079+00:00,ME22M302,25,2,20261009090154,20261003170133,20261003174219,,ME
2026-10-09T00:10:50.065079+00:00,ME22M302,26,2,20261009090146,20261008115642,20261008123645,,ME
2026-10-09T00:10:50.065079+00:00,ME22M302,28,2,20261009090252,20261003141317,20261003145401,,ME
2026-10-09T00:10:50.065079+00:00,ME22M302,29,2,20261009090146,20261005143235,20261005145256,,ME
2026-10-09T00:10:50.065079+00:00,ME22M302,30,2,20261009090132,20261003130927,20261003134933,,ME
2026-10-09T00:10:50.065079+00:00,ME22M302,31,2,20261009090150,20261003151452,20261003155456,,ME
2026-10-09T00:10:50.065079+00:00,ME22M302,32,2,20261009090154,20261004160536,20261004164540,,ME
2026-10-09T00:10:50.065079+00:00,ME22M302,33,2,20261009090900,20261008141742,20261008143449,,ME
2026-10-09T00:10:50.065079+00:00,ME22M302,34,2,20261009090816,20261007125930,20261007132509,,ME
2026-10-09T00:10:50.065079+00:00,ME22M302,35,2,20261009090858,20261008154514,20261008155948,,ME
2026-10-09T00:10:50.065079+00:00,ME22M302,36,2,20261009090905,20261005145348,20261005153349,,ME
2026-10-09T00:10:50.065079+00:00,ME25A102,01,2,20261009090817,20261008185214,20261008190827,,ME
2026-10-09T00:10:50.065079+00:00,ME25A107,01,2,20261009090520,20261007125914,20261007133926,,ME
2026-10-09T00:10:50.065079+00:00,ME25A108,01,2,20261009090718,20261008151120,20261008154149,,ME
2026-10-09T00:10:50.065079+00:00,ME25A109,01,2,20261009090531,20261008213025,20261008221041,,ME
2026-10-09T00:10:50.065079+00:00,ME25A401,21,2,20261009090524,20261008224237,20261008230029,,ME
2026-10-09T00:10:50.065079+00:00,ME25A401,22,2,20261009090526,20261008170334,20261008172848,,ME
2026-10-09T00:10:50.065079+00:00,ME25A401,23,2,20261009090531,20261005223143,20261005230339,,ME
2026-10-09T00:10:50.065079+00:00,ME25A401,24,2,20261009090534,20261007160032,20261007162128,,ME
2026-10-09T00:10:50.065079+00:00,ME25A403,21,2,20261009090546,20261007111344,20261007111449,,ME
2026-10-09T00:10:50.065079+00:00,ME25A403,22,2,20261009090548,20261007111603,20261007111709,,ME
2026-10-09T00:10:50.065079+00:00,ME25A403,23,2,20261009090715,20261008131128,20261008203249,,ME
2026-10-09T00:10:50.065079+00:00,ME25A403,24,2,20261009090717,20261008181759,20261008182313,,ME
2026-10-09T00:10:50.065079+00:00,ME25A404,21,2,20261009090559,20261009051320,20261009054536,,ME
2026-10-09T00:10:50.065079+00:00,ME25A404,22,2,20261009090601,20261007105331,20261007105442,,ME
2026-10-09T00:10:50.065079+00:00,ME25A404,23,2,20261009090611,20261007105647,20261007105756,,ME
2026-10-09T00:10:50.065079+00:00,ME25A404,24,2,20261009090613,20261007105845,20261007105954,,ME
2026-10-09T00:10:50.065079+00:00,ME25A405,21,2,20261009090625,20261008115429,20261008123433,,ME
2026-10-09T00:10:50.065079+00:00,ME25A405,22,2,20261009090628,20261008121453,20261008124728,,ME
2026-10-09T00:10:50.065079+00:00,ME25A406,21,2,20261009090734,20261007151402,20261007154231,,ME
2026-10-09T00:10:50.065079+00:00,ME25A406,22,2,20261009090736,20261008052704,20261008054547,,ME
2026-10-09T00:10:50.065079+00:00,ME25A406,23,2,20261009090745,20261009070857,20261009074610,,ME
2026-10-09T00:10:50.065079+00:00,ME25A406,24,2,20261009090747,20261007121010,20261007121111,,ME
2026-10-09T00:10:50.065079+00:00,BE240104,06,3,20261009091002,20261009091002,20261009090959,20261009091002,BE
2026-10-09T00:10:50.065079+00:00,BNBN0157,01,2,20261009090302,20261008235835,20261009011107,,BN
2026-10-09T00:10:50.065079+00:00,BNBN0385,01,3,20261009090904,20261008223656,20261008232335,20261008223656,BN
2026-10-09T00:10:50.065079+00:00,BNBN0820,02,3,20261009090306,20261009073809,20261009083951,20261009073809,BN
2026-10-09T00:10:50.065079+00:00,BT000138,01,2,20261009090550,20261009090452,20261009090550,,BT
2026-10-09T00:10:50.065079+00:00,BT000151,03,2,20261009090748,20261009081042,20261009090748,,BT
2026-10-09T00:10:50.065079+00:00,BT000153,03,3,20261009090808,20261009090808,20261008232254,20261009090808,BT
2026-10-09T00:10:50.065079+00:00,BT200001,03,4,20261009091006,20261009090957,20261009091006,,BT
2026-10-09T00:10:50.065079+00:00,CPCT0053,02,3,20261009090740,20261009000840,20261009000840,20261009090739,CP
2026-10-09T00:10:50.065079+00:00,CR000244,01,3,20261009090248,20261009090248,20261009090101,20261009090248,CR
2026-10-09T00:10:50.065079+00:00,CSSGI026,02,2,20261009090400,20261008120155,20261009090400,,CS
2026-10-09T00:10:50.065079+00:00,CU200016,04,2,20261009090957,20261009001849,20261009031300,,CU
2026-10-09T00:10:50.065079+00:00,CU200016,06,2,20261009091001,20261008201344,20261009022557,,CU
2026-10-09T00:10:50.065079+00:00,CU200016,18,2,20261009091002,20261005154015,20261005231915,,CU
2026-10-09T00:10:50.065079+00:00,CU200017,03,2,20261009091001,20261006201126,20261007044547,,CU
2026-10-09T00:10:50.065079+00:00,CU200021,01,2,20261009091001,20260702094649,20260702115620,,CU
2026-10-09T00:10:50.065079+00:00,CU200023,02,2,20261009090958,20261006155426,20261006165326,,CU
2026-10-09T00:10:50.065079+00:00,CV000826,05,2,20261009090056,20261009084310,20261009085744,,CV
2026-10-09T00:10:50.065079+00:00,CV000887,01,2,20261009090519,20261004032153,20261004034725,,CV
2026-10-09T00:10:50.065079+00:00,CV000887,02,2,20261009090519,20261009032656,20261009035754,,CV
2026-10-09T00:10:50.065079+00:00,CV000888,02,3,20261009090519,20261009090113,20261009090111,20261009090519,CV
2026-10-09T00:10:50.065079+00:00,CV001112,08,2,20261009090527,20261009084454,20261009090221,,CV
2026-10-09T00:10:50.065079+00:00,CV001112,10,2,20261009090527,20261009085606,20261009090357,,CV
2026-10-09T00:10:50.065079+00:00,CV001742,01,3,20261009090527,20261008232054,20261009053543,20261009090527,CV
2026-10-09T00:10:50.065079+00:00,CV002045,01,3,20261009090531,20261009090041,20261009090043,20261009090531,CV
2026-10-09T00:10:50.065079+00:00,CV003233,11,2,20261009090540,20261009081143,20261009090106,,CV
2026-10-09T00:10:50.065079+00:00,CV003473,09,2,20261009090543,20261009050142,20261009090415,,CV
2026-10-09T00:10:50.065079+00:00,CV004038,02,2,20261009090052,20261009053524,20261009085953,,CV
2026-10-09T00:10:50.065079+00:00,CV004075,02,2,20261009090545,20261009082529,20261009090421,,CV
2026-10-09T00:10:50.065079+00:00,CV004159,03,2,20261009090052,20261009083842,20261009085946,,CV
2026-10-09T00:10:50.065079+00:00,CV004315,02,3,20261009090543,20261009090240,20261009090235,20261009090240,CV
2026-10-09T00:10:50.065079+00:00,CV004504,03,2,20261009090054,20261009080945,20261009090000,,CV
2026-10-09T00:10:50.065079+00:00,CV004772,07,3,20261009090549,20261009090155,20261009090154,20261009090549,CV
2026-10-09T00:10:50.065079+00:00,DO000055,02,2,20261009090421,20261009073240,20261009090421,,DO
2026-10-09T00:10:50.065079+00:00,DO000060,02,3,20261009090826,20261009090826,20261008153510,20261009090826,DO
2026-10-09T00:10:50.065079+00:00,DYME2052,17,2,20261009090101,20261009065701,20261009090101,,DY
2026-10-09T00:10:50.065079+00:00,DYME2062,21,2,20261009090302,20261008170902,20261009090302,,DY
2026-10-09T00:10:50.065079+00:00,EC000500,02,2,20261009091001,20261008150021,20261008205122,,EC
2026-10-09T00:10:50.065079+00:00,EC001002,01,2,20261009091001,20261009013852,20261009064138,,EC
2026-10-09T00:10:50.065079+00:00,EC001023,21,3,20261009090801,20261009081835,20261009090705,20261009081835,EC
2026-10-09T00:10:50.065079+00:00,EC003206,01,3,20261009090201,20261009090104,20261005133321,20261009090104,EC
2026-10-09T00:10:50.065079+00:00,EC004162,02,3,20261009091002,20261009090945,20261008222821,20261009090945,EC
2026-10-09T00:10:50.065079+00:00,EC004822,02,3,20261009090202,20261009090006,20261008143411,20261009090006,EC
2026-10-09T00:10:50.065079+00:00,EC004871,03,2,20261009090402,20261008230206,20261009024133,,EC
2026-10-09T00:10:50.065079+00:00,EC004897,03,2,20261009090602,20261008231917,20261009050942,,EC
2026-10-09T00:10:50.065079+00:00,EO000121,04,2,20261009090800,20261009085710,20261009090800,,EO
2026-10-09T00:10:50.065079+00:00,EP210167,02,3,20261009090555,20261009090555,20261009061018,20261009075600,EP
2026-10-09T00:10:50.065079+00:00,ER000245,03,3,20261009090925,20261007221803,20261007194627,20261009090855,ER
2026-10-09T00:10:50.065079+00:00,ER000259,01,2,20261009090600,20261009043403,20261009000209,,ER
2026-10-09T00:10:50.065079+00:00,ER000397,15,2,20261009090353,20261008215218,20261008161117,,ER
2026-10-09T00:10:50.065079+00:00,ER000518,02,2,20261009090222,20261009024139,20261008200600,,ER
2026-10-09T00:10:50.065079+00:00,ER000567,03,2,20261009090256,20261009031303,20261008224207,,ER
2026-10-09T00:10:50.065079+00:00,ER110061,01,2,20261009090429,20261008222847,20261008180355,,ER
2026-10-09T00:10:50.065079+00:00,EV000119,01,2,20261009090715,20261008213649,20261008222229,,EV
2026-10-09T00:10:50.065079+00:00,EV000828,05,3,20261009090113,20261008091338,20261008160712,20261009085916,EV
2026-10-09T00:10:50.065079+00:00,EV000996,01,2,20261009090915,20261009020720,20261009090802,,EV
2026-10-09T00:10:50.065079+00:00,EV001108,03,2,20261009090715,20261009070619,20261009090104,,EV
2026-10-09T00:10:50.065079+00:00,EV001578,02,3,20261009090515,20261008193040,20261008223635,20261009090401,EV
2026-10-09T00:10:50.065079+00:00,EV002216,01,3,20261009090918,20261007233320,20261008095642,20261009090802,EV
2026-10-09T00:10:50.065079+00:00,EV002505,01,2,20261009090513,20261008224935,20261009090249,,EV
2026-10-09T00:10:50.065079+00:00,EV003168,02,3,20261009090825,20261006161253,20261006203745,20261009090717,EV
2026-10-09T00:10:50.065079+00:00,EV003722,02,2,20261009090314,20261008234120,20261009051241,,EV
2026-10-09T00:10:50.065079+00:00,EV003740,04,2,20261009090315,20261009002522,20261009060215,,EV
2026-10-09T00:10:50.065079+00:00,EV004016,02,2,20261009090515,20261008214118,20261009051820,,EV
2026-10-09T00:10:50.065079+00:00,EV004034,01,2,20261009090516,20261009090113,20261009090140,,EV
2026-10-09T00:10:50.065079+00:00,EV004090,01,2,20261009090112,20261008235610,20261009073322,,EV
2026-10-09T00:10:50.065079+00:00,EV004187,02,3,20261009090715,20261007193709,20261008040801,20261009051316,EV
2026-10-09T00:10:50.065079+00:00,EV005021,04,3,20261009090918,20261009080556,20261009084021,20261009090733,EV
2026-10-09T00:10:50.065079+00:00,EV005035,04,3,20261009090111,20261008100501,20261008100532,20261008194605,EV
2026-10-09T00:10:50.065079+00:00,EV005111,04,2,20261009090111,20261008193024,20261009063854,,EV
2026-10-09T00:10:50.065079+00:00,EV005111,05,3,20261009090513,20261008214609,20261009052448,20261009090134,EV
2026-10-09T00:10:50.065079+00:00,EV005559,01,2,20261009090313,20261008201153,20261009014334,,EV
2026-10-09T00:10:50.065079+00:00,EV005560,03,2,20261009090112,20261008205909,20261009030828,,EV
2026-10-09T00:10:50.065079+00:00,EV005588,02,2,20261009090315,20261008194823,20261009005009,,EV
2026-10-09T00:10:50.065079+00:00,EV005591,02,3,20261009090314,20261008215432,20261009045234,20261009090052,EV
2026-10-09T00:10:50.065079+00:00,EV005690,03,3,20261009090316,20261008083457,20261008111842,20261009090153,EV
2026-10-09T00:10:50.065079+00:00,EV005768,02,2,20261009090316,20261008210139,20261009050859,,EV
2026-10-09T00:10:50.065079+00:00,EV006067,10,2,20261009090918,20261008201432,20261009014811,,EV
2026-10-09T00:10:50.065079+00:00,EV006165,09,3,20261009090314,20261008232846,20261009034622,20261009090110,EV
2026-10-09T00:10:50.065079+00:00,EV006695,02,2,20261009090315,20261008190036,20261008205146,,EV
2026-10-09T00:10:50.065079+00:00,EV007378,03,2,20261009090516,20261008202843,20261009012339,,EV
2026-10-09T00:10:50.065079+00:00,EV007790,01,2,20261009090716,20261008190314,20261009024128,,EV
2026-10-09T00:10:50.065079+00:00,EV008205,01,3,20261009090315,20261008131900,20261008161810,20261009090250,EV
2026-10-09T00:10:50.065079+00:00,EV008232,01,2,20261009090915,20261008185904,20261009023738,,EV
2026-10-09T00:10:50.065079+00:00,EV008281,02,2,20261009090113,20261008181412,20261009005933,,EV
2026-10-09T00:10:50.065079+00:00,EV008807,01,2,20261009090314,20261008190626,20261008232521,,EV
2026-10-09T00:10:50.065079+00:00,EV008847,02,2,20261009090718,20261008223235,20261009064440,,EV
2026-10-09T00:10:50.065079+00:00,EV008990,01,3,20261009090716,20261009055956,20261009085043,20261009090604,EV
2026-10-09T00:10:50.065079+00:00,EV008990,02,2,20261009090916,20261009075920,20261009090749,,EV
2026-10-09T00:10:50.065079+00:00,EV010592,04,2,20261009090315,20260913221023,20260914084057,,EV
2026-10-09T00:10:50.065079+00:00,EV010702,03,2,20261009090516,20261008184445,20261008220220,,EV
2026-10-09T00:10:50.065079+00:00,EV010839,01,2,20261009090315,20261009083307,20261009090039,,EV
2026-10-09T00:10:50.065079+00:00,EV010839,03,3,20261009090114,20261009041701,20261009044519,20261009090005,EV
2026-10-09T00:10:50.065079+00:00,EV010880,02,2,20261009090313,20261008204632,20261009001909,,EV
2026-10-09T00:10:50.065079+00:00,EV010976,02,3,20261009090314,20261008193813,20261009015744,20261009090314,EV
2026-10-09T00:10:50.065079+00:00,EV010981,02,3,20261009090515,20261008195711,20261009003317,20261009090318,EV
2026-10-09T00:10:50.065079+00:00,EV011073,01,9,20261009090915,20261004223410,20261004235156,,EV
2026-10-09T00:10:50.065079+00:00,EV011073,03,2,20261009090111,20261008224247,20261009051100,,EV
2026-10-09T00:10:50.065079+00:00,EV011121,01,2,20261009090717,20261009084322,20261009090516,,EV
2026-10-09T00:10:50.065079+00:00,EV011149,02,2,20261009090115,20261008224620,20261009023418,,EV
2026-10-09T00:10:50.065079+00:00,EV011230,03,2,20261009090918,20261008200716,20261009033515,,EV
2026-10-09T00:10:50.065079+00:00,EV011288,04,2,20261009090716,20261008211327,20261008235437,,EV
2026-10-09T00:10:50.065079+00:00,EV011840,02,3,20261009090915,20261008172509,20261008223335,20261009090854,EV
2026-10-09T00:10:50.065079+00:00,EV012392,01,3,20261009090315,20261008204907,20261008213623,20261009090315,EV
2026-10-09T00:10:50.065079+00:00,EV012392,06,3,20261009090516,20261007222735,20261008025218,20261009090332,EV
2026-10-09T00:10:50.065079+00:00,EV012788,03,3,20261009090918,20261005120905,20261005135215,20261009090823,EV
2026-10-09T00:10:50.065079+00:00,EV012998,02,2,20261009090717,20261008213324,20261009015025,,EV
2026-10-09T00:10:50.065079+00:00,EV012999,05,3,20261009090918,20261008184549,20261009034444,20261009090859,EV
2026-10-09T00:10:50.065079+00:00,EV013085,03,3,20261009090917,20261007204906,20261007234239,20261009090845,EV
2026-10-09T00:10:50.065079+00:00,EV013086,02,2,20261009090718,20261008221832,20261009031433,,EV
2026-10-09T00:10:50.065079+00:00,EV013571,01,2,20261009090515,20261008193431,20261008231451,,EV
2026-10-09T00:10:50.065079+00:00,EV013652,01,3,20261009090514,20261007142853,20261007164206,20261009090327,EV
2026-10-09T00:10:50.065079+00:00,EV013832,04,2,20261009090114,20261007223652,20261008051610,,EV
2026-10-09T00:10:50.065079+00:00,EV013961,01,2,20261009090316,20261008163745,20261008222001,,EV
2026-10-09T00:10:50.065079+00:00,EV014055,03,3,20261009090516,20261008200328,20261008215923,20261009090433,EV
2026-10-09T00:10:50.065079+00:00,EV014104,01,2,20261009090515,20261009061401,20261009090428,,EV
2026-10-09T00:10:50.065079+00:00,EV014688,02,2,20261009090112,20261007105707,20261007184548,,EV
2026-10-09T00:10:50.065079+00:00,EV014932,02,3,20261009090515,20261008113420,20261008144013,20261009090402,EV
2026-10-09T00:10:50.065079+00:00,EV015104,02,3,20261009090313,20261008085442,20261008141256,20261009090106,EV
2026-10-09T00:10:50.065079+00:00,EV015106,03,3,20261009090514,20261006085855,20261006160334,20261009090445,EV
2026-10-09T00:10:50.065079+00:00,EV015132,01,2,20261009090113,20261008173229,20261009062731,,EV
2026-10-09T00:10:50.065079+00:00,EV015132,03,2,20261009090916,20261008191740,20261008233906,,EV
2026-10-09T00:10:50.065079+00:00,EV015207,04,3,20261009090315,20261007155358,20261007234410,20261009090156,EV
2026-10-09T00:10:50.065079+00:00,EV015216,02,2,20261009090516,20261008232817,20261009090005,,EV
2026-10-09T00:10:50.065079+00:00,EV015260,02,2,20261009090718,20261008194435,20261008230814,,EV
2026-10-09T00:10:50.065079+00:00,EV015548,02,2,20261009090316,20261008222003,20261009021804,,EV
2026-10-09T00:10:50.065079+00:00,EV016023,02,3,20261009090314,20261008233957,20261009024728,20261009090023,EV
2026-10-09T00:10:50.065079+00:00,EV016166,06,2,20261009090515,20261008195441,20261009012002,,EV
2026-10-09T00:10:50.065079+00:00,EV016167,01,2,20261009090314,20261008215934,20261009003844,,EV
2026-10-09T00:10:50.065079+00:00,EV016167,03,2,20261009090515,20261007230050,20261008031706,,EV
2026-10-09T00:10:50.065079+00:00,EV016929,01,2,20261009090513,20261008145801,20261009014039,,EV
2026-10-09T00:10:50.065079+00:00,EV017502,07,2,20261009090517,20261008201423,20261008235223,,EV
2026-10-09T00:10:50.065079+00:00,EV017504,10,2,20261009090316,20261008230210,20261009065302,,EV
2026-10-09T00:10:50.065079+00:00,EV017616,04,2,20261009090824,20261008195552,20261009042917,,EV
2026-10-09T00:10:50.065079+00:00,EV017703,02,3,20261009090917,20261008094758,20261008094828,20261009090917,EV
2026-10-09T00:10:50.065079+00:00,EV017789,01,2,20261009090515,20261008215332,20261009032848,,EV
2026-10-09T00:10:50.065079+00:00,EV017839,01,2,20261009090312,20261008165414,20261008185314,,EV
2026-10-09T00:10:50.065079+00:00,EV017856,07,2,20261009090515,20261008215835,20261009012803,,EV
2026-10-09T00:10:50.065079+00:00,EV017915,06,2,20261009090516,20261008210016,20261008231916,,EV
2026-10-09T00:10:50.065079+00:00,EV017932,10,2,20261009090315,20261008192609,20261009042931,,EV
2026-10-09T00:10:50.065079+00:00,EV018245,01,2,20261009090916,20261008172008,20261008224924,,EV
2026-10-09T00:10:50.065079+00:00,EV018543,01,1,20261009090822,20261005163326,20261006012953,,EV
2026-10-09T00:10:50.065079+00:00,EV018547,02,2,20261009090917,20261008174221,20261008221142,,EV
2026-10-09T00:10:50.065079+00:00,EV018619,01,2,20261009090114,20261008145639,20261008203016,,EV
2026-10-09T00:10:50.065079+00:00,EV018646,03,2,20261009090112,20261008161916,20261008221703,,EV
2026-10-09T00:10:50.065079+00:00,EV018915,02,2,20261009090514,20261008232006,20261009085659,,EV
2026-10-09T00:10:50.065079+00:00,EV018921,01,2,20261009090915,20261008224904,20261009090833,,EV
2026-10-09T00:10:50.065079+00:00,EV018986,02,3,20261009090315,20261008193637,20261008210641,20261009090052,EV
2026-10-09T00:10:50.065079+00:00,EV019094,04,2,20261009090315,20261008213132,20261009050638,,EV
2026-10-09T00:10:50.065079+00:00,EV019203,01,3,20261009090314,20261008212735,20261009002055,20261009090222,EV
2026-10-09T00:10:50.065079+00:00,EV019223,04,2,20261009090313,20261008214438,20261009074649,,EV
2026-10-09T00:10:50.065079+00:00,EV019224,04,2,20261009090313,20261009075032,20261009090215,,EV
2026-10-09T00:10:50.065079+00:00,EV019394,01,3,20261009090715,20261008203525,20261009040012,20261009090612,EV
2026-10-09T00:10:50.065079+00:00,EV019474,01,2,20261009090313,20261008160150,20261008182302,,EV
2026-10-09T00:10:50.065079+00:00,EV019500,05,3,20261009090513,20261008174916,20261008211240,20261009090450,EV
2026-10-09T00:10:50.065079+00:00,EV019504,01,2,20261009090315,20261008202950,20261009022941,,EV
2026-10-09T00:10:50.065079+00:00,EV019679,03,2,20261009090917,20261008191952,20261009004113,,EV
2026-10-09T00:10:50.065079+00:00,EV019904,01,2,20261009090515,20261008213338,20261009044359,,EV
2026-10-09T00:10:50.065079+00:00,EV020166,05,2,20261009090115,20261008221548,20261009050825,,EV
2026-10-09T00:10:50.065079+00:00,EV020192,02,2,20261009090514,20261008224109,20261009090417,,EV
2026-10-09T00:10:50.065079+00:00,EV020442,01,2,20261009090822,20261008191912,20261009012548,,EV
2026-10-09T00:10:50.065079+00:00,GS000043,01,2,20261009090116,20261009081305,20261009090116,,GS
2026-10-09T00:10:50.065079+00:00,HD000013,03,3,20261009091000,20261009090935,20261009060202,20261009090935,HD
2026-10-09T00:10:50.065079+00:00,HD000014,01,2,20261009090100,20261008210956,20261008213114,,HD
2026-10-09T00:10:50.065079+00:00,HD000014,02,2,20261009090100,20261008203439,20261008205707,,HD
2026-10-09T00:10:50.065079+00:00,HD000017,02,2,20261009090700,20261009084838,20261009090621,,HD
2026-10-09T00:10:50.065079+00:00,HD000089,01,2,20261009090101,20261008131301,20261008134601,,HD
2026-10-09T00:10:50.065079+00:00,HD000089,02,2,20261009090101,20261008130212,20261008132436,,HD
2026-10-09T00:10:50.065079+00:00,HE001048,04,2,20261009090800,20261009090500,20261009090800,,HE
2026-10-09T00:10:50.065079+00:00,HE192301,04,3,20261009090200,20261009090200,20260928081000,20261009090200,HE
2026-10-09T00:10:50.065079+00:00,HE230061,04,3,20261009090300,20261009090300,20261008190424,20261009090300,HE
2026-10-09T00:10:50.065079+00:00,HE240214,01,3,20261009090900,20261009090900,20261008200813,20261009090900,HE
2026-10-09T00:10:50.065079+00:00,HE240415,10,2,20261009090300,20261008213900,20261009090300,,HE
2026-10-09T00:10:50.065079+00:00,HJ000005,04,3,20261009090600,20261007163337,20261007163741,20261007163337,HJ
2026-10-09T00:10:50.065079+00:00,HM000096,01,2,20261009090800,20261008212546,20261009080719,,HM
2026-10-09T00:10:50.065079+00:00,HM000455,21,3,20261009090206,20261008154722,20261008205400,20261009090116,HM
2026-10-09T00:10:50.065079+00:00,HM000455,32,2,20261009091008,20261008215649,20261009043226,,HM
2026-10-09T00:10:50.065079+00:00,HM000689,13,2,20261009090808,20261008224906,20261009090606,,HM
2026-10-09T00:10:50.065079+00:00,HM000854,04,2,20261009090211,20261008181548,20261009090002,,HM
2026-10-09T00:10:50.065079+00:00,HM001659,12,3,20261009090615,20261005134419,20261005151302,20261009090449,HM
2026-10-09T00:10:50.065079+00:00,HM110030,02,2,20261009090219,20261009025326,20261009090036,,HM
2026-10-09T00:10:50.065079+00:00,HM110116,24,3,20261009090617,20261008075121,20261008161505,20261009090514,HM
2026-10-09T00:10:50.065079+00:00,HM110158,12,3,20261009090818,20261008173322,20261008181921,20261009090739,HM
2026-10-09T00:10:50.065079+00:00,HM110249,05,3,20261009090819,20261008102540,20261008130556,20261009090725,HM
2026-10-09T00:10:50.065079+00:00,HM110289,02,3,20261009090619,20261008191214,20261008201452,20261009090430,HM
2026-10-09T00:10:50.065079+00:00,HM110377,03,3,20261009090222,20261008165808,20261008203545,20261009090117,HM
2026-10-09T00:10:50.065079+00:00,HU200005,07,3,20261009090502,20261008163659,20261008172858,20261009090212,HU
2026-10-09T00:10:50.065079+00:00,HY000539,03,3,20261009090204,20261009090059,20261009090059,20261009090059,HY
2026-10-09T00:10:50.065079+00:00,HY000606,01,2,20261009090605,20261009084831,20261009085945,,HY
2026-10-09T00:10:50.065079+00:00,HY000606,08,3,20261009090705,20261009090620,20261008131753,20261009090620,HY
2026-10-09T00:10:50.065079+00:00,HY000627,02,2,20261009090906,20261008215443,20261009090805,,HY
2026-10-09T00:10:50.065079+00:00,HY000630,01,2,20261009090906,20261008225058,20261009090838,,HY
2026-10-09T00:10:50.065079+00:00,HY000818,10,3,20261009090904,20261009090807,20261007184518,20261009090807,HY
2026-10-09T00:10:50.065079+00:00,HY000890,01,3,20261009090105,20261009090055,20261009083706,20261009090055,HY
2026-10-09T00:10:50.065079+00:00,HY000899,08,2,20261009090105,20261009070300,20261009090000,,HY
2026-10-09T00:10:50.065079+00:00,HY001091,08,2,20261009090803,20261008224308,20261009090750,,HY
2026-10-09T00:10:50.065079+00:00,HY001113,01,2,20261009090206,20261009030129,20261009090102,,HY
2026-10-09T00:10:50.065079+00:00,HY001323,01,2,20261009090905,20261009074224,20261009090824,,HY
2026-10-09T00:10:50.065079+00:00,HY001406,08,2,20261009090307,20261009013019,20261009090234,,HY
2026-10-09T00:10:50.065079+00:00,HY001552,05,2,20261009090505,20261008215337,20261009090419,,HY
2026-10-09T00:10:50.065079+00:00,HY001657,03,2,20261009090208,20261008202206,20261009090144,,HY
2026-10-09T00:10:50.065079+00:00,HY001714,01,2,20261009090905,20261008211224,20261009090851,,HY
2026-10-09T00:10:50.065079+00:00,HY001876,07,2,20261009090106,20261008202802,20261009090041,,HY
2026-10-09T00:10:50.065079+00:00,JA110025,01,2,20261009090701,20261008210004,20261009090701,,JA
2026-10-09T00:10:50.065079+00:00,JA110036,04,3,20261009090703,20261009090703,20261009054203,20261009090703,JA
2026-10-09T00:10:50.065079+00:00,JA110041,06,3,20261009090703,20261009090703,20261008104904,20261009090703,JA
2026-10-09T00:10:50.065079+00:00,JA110041,07,3,20261009090703,20261009090703,20261007181005,20261009090703,JA
2026-10-09T00:10:50.065079+00:00,JA110048,02,3,20261009091005,20261009091005,20261009051404,20261009091005,JA
2026-10-09T00:10:50.065079+00:00,JA110078,05,3,20261009090706,20261009090706,20261009082007,20261009090706,JA
2026-10-09T00:10:50.065079+00:00,JA110114,01,2,20261009090708,20261009073509,20261009090708,,JA
2026-10-09T00:10:50.065079+00:00,JA110130,01,3,20261009091010,20261009091010,20261009085610,20261009091010,JA
2026-10-09T00:10:50.065079+00:00,JA110171,09,2,20261009090713,20261008223519,20261009090713,,JA
2026-10-09T00:10:50.065079+00:00,JA110197,09,3,20261009090716,20261009090716,20261008220719,20261009090716,JA
2026-10-09T00:10:50.065079+00:00,JA110197,12,2,20261009090716,20261009083519,20261009090716,,JA
2026-10-09T00:10:50.065079+00:00,JA110198,03,3,20261009090716,20261009090716,20261009085618,20261009090716,JA
2026-10-09T00:10:50.065079+00:00,JA110198,04,2,20261009090716,20261009075616,20261009090716,,JA
2026-10-09T00:10:50.065079+00:00,JA110201,04,3,20261009090716,20261009090716,20261009085618,20261009090716,JA
2026-10-09T00:10:50.065079+00:00,JA110201,09,2,20261009090716,20261009085618,20261009090716,,JA
2026-10-09T00:10:50.065079+00:00,JA110202,16,2,20261009090716,20261009085618,20261009090716,,JA
2026-10-09T00:10:50.065079+00:00,JA110210,02,3,20261009090716,20261009090716,20261009081418,20261009090716,JA
2026-10-09T00:10:50.065079+00:00,JA110210,03,2,20261009090716,20261009081418,20261009090716,,JA
2026-10-09T00:10:50.065079+00:00,JA110210,04,2,20261009090716,20261009075616,20261009090716,,JA
2026-10-09T00:10:50.065079+00:00,JA110210,05,2,20261009090716,20261009084017,20261009090716,,JA
2026-10-09T00:10:50.065079+00:00,JA110210,09,2,20261009090716,20261009083519,20261009090716,,JA
2026-10-09T00:10:50.065079+00:00,JA110210,12,2,20261009090716,20261009083519,20261009090716,,JA
2026-10-09T00:10:50.065079+00:00,JA110210,15,2,20261009090716,20261009084017,20261009090716,,JA
2026-10-09T00:10:50.065079+00:00,JA110210,16,2,20261009090716,20261009081418,20261009090716,,JA
2026-10-09T00:10:50.065079+00:00,JA110210,17,2,20261009090716,20261009081418,20261009090716,,JA
2026-10-09T00:10:50.065079+00:00,JA110210,19,2,20261009090716,20261009082019,20261009090716,,JA
2026-10-09T00:10:50.065079+00:00,KE000037,02,3,20261009090700,20261009090641,20261006233928,20261009090641,KE
2026-10-09T00:10:50.065079+00:00,KE000666,03,3,20261009090200,20261009090120,20261009005644,20261009090120,KE
2026-10-09T00:10:50.065079+00:00,KE001240,01,3,20261009090259,20261009090202,20261008112905,20261009090202,KE
2026-10-09T00:10:50.065079+00:00,KE001259,04,2,20261009090600,20261009020948,20261009090548,,KE
2026-10-09T00:10:50.065079+00:00,KL001785,03,2,20261009090901,20261009075514,20261009090806,,KL
2026-10-09T00:10:50.065079+00:00,KL001933,03,3,20261009091001,20261009091001,20261009090850,20261009090850,KL
2026-10-09T00:10:50.065079+00:00,KL001951,01,2,20261009090901,20261009010834,20261009090349,,KL
2026-10-09T00:10:50.065079+00:00,KL002441,08,3,20261009090601,20261009051616,20261009090129,,KL
2026-10-09T00:10:50.065079+00:00,KL200177,32,3,20261009090716,20261009090716,20261009082616,20261009090715,KL
2026-10-09T00:10:50.065079+00:00,KP000581,02,2,20261009091009,20261008195513,20261008233501,,KP
2026-10-09T00:10:50.065079+00:00,KP000831,03,2,20261009091009,20261008182444,20261009020501,,KP
2026-10-09T00:10:50.065079+00:00,KP001285,01,3,20261009091006,20261009001041,20261009034738,20261009090032,KP
2026-10-09T00:10:50.065079+00:00,KRC10141,01,9,20261009090310,20261008232836,20261008232836,,KR
2026-10-09T00:10:50.065079+00:00,LD110001,06,3,20261009090717,20261009090717,20261009004035,20261009090717,LD
2026-10-09T00:10:50.065079+00:00,LI000358,01,3,20261009091004,20261009091004,20261009090504,20261009091004,LI
2026-10-09T00:10:50.065079+00:00,LI000358,02,2,20261009090537,20261009085038,20261009090537,,LI
2026-10-09T00:10:50.065079+00:00,LU000578,04,2,20261009090247,20261008233024,20261009090201,,LU
2026-10-09T00:10:50.065079+00:00,LU000808,02,3,20261009090635,20261008233925,20261009090634,20261008233925,LU
2026-10-09T00:10:50.065079+00:00,LU000973,04,3,20261009090524,20261008232713,20261009090523,20261008232713,LU
2026-10-09T00:10:50.065079+00:00,LU001004,43,3,20261009090526,20261008230806,20261009090524,20261008230806,LU
2026-10-09T00:10:50.065079+00:00,LU001456,08,2,20261009090902,20261008223052,20261009034749,,LU
2026-10-09T00:10:50.065079+00:00,LU001557,03,2,20261009090846,20261008194715,20261009022437,,LU
2026-10-09T00:10:50.065079+00:00,LU002277,05,3,20261009090850,20261009090856,20261008120046,20261008092554,LU
2026-10-09T00:10:50.065079+00:00,LU002518,02,3,20261009090224,20261009090235,20261007085801,20261007064944,LU
2026-10-09T00:10:50.065079+00:00,LU002751,05,3,20261009090930,20261009090938,20261008211212,20261008153412,LU
2026-10-09T00:10:50.065079+00:00,LU002935,02,2,20261009090837,20261006224635,20261007030653,,LU
2026-10-09T00:10:50.065079+00:00,LU003007,01,3,20261009090807,20261009081248,20261009090804,20261009081248,LU
2026-10-09T00:10:50.065079+00:00,LU003210,08,2,20261009090859,20261009000007,20261009070856,,LU
2026-10-09T00:10:50.065079+00:00,LU003214,07,2,20261009090229,20261008161731,20261009023707,,LU
2026-10-09T00:10:50.065079+00:00,LU003214,09,2,20261009090506,20261008185655,20261009040439,,LU
2026-10-09T00:10:50.065079+00:00,LU003307,02,2,20261009090657,20261008181753,20261008211454,,LU
2026-10-09T00:10:50.065079+00:00,LU003307,22,3,20261009090808,20261009080527,20261009090806,20261009080527,LU
2026-10-09T00:10:50.065079+00:00,LU003390,02,3,20261009090728,20261009045054,20261009090726,20261009045054,LU
2026-10-09T00:10:50.065079+00:00,LU003777,01,2,20261009090547,20261008210340,20261008235955,,LU
2026-10-09T00:10:50.065079+00:00,LU003808,01,2,20261009090225,20261008225655,20261009034542,,LU
2026-10-09T00:10:50.065079+00:00,LU003835,08,3,20261009090716,20261009090724,20261009010706,20261008220841,LU
2026-10-09T00:10:50.065079+00:00,LU003837,03,3,20261009090211,20261009090223,20261004095721,20261009090211,LU
2026-10-09T00:10:50.065079+00:00,LU003842,29,2,20261009090655,20261008213712,20261008235611,,LU
2026-10-09T00:10:50.065079+00:00,LU003885,02,2,20261009090941,20261008214729,20261009013342,,LU
2026-10-09T00:10:50.065079+00:00,LU004041,04,2,20261009090226,20261008200939,20261009064718,,LU
2026-10-09T00:10:50.065079+00:00,LU004315,01,2,20261009090947,20261008203442,20261009043340,,LU
2026-10-09T00:10:50.065079+00:00,LU100031,10,3,20261009090053,20261009090107,20261008225443,20261008185000,LU
2026-10-09T00:10:50.065079+00:00,LU100200,03,2,20261009090214,20261008194737,20261008212246,,LU
2026-10-09T00:10:50.065079+00:00,LU100248,20,2,20261009090818,20261008215155,20261008231609,,LU
2026-10-09T00:10:50.065079+00:00,LU100290,05,2,20261009090907,20261009025912,20261009075731,,LU
2026-10-09T00:10:50.065079+00:00,LU100368,26,3,20261009090357,20261009090419,20261006125100,20261006095752,LU
2026-10-09T00:10:50.065079+00:00,LU100806,03,3,20261009090106,20261009045853,20261009090104,20261009045853,LU
2026-10-09T00:10:50.065079+00:00,LU100917,04,3,20261009090124,20261009090131,20261009003726,20261008210919,LU
2026-10-09T00:10:50.065079+00:00,LU100944,17,2,20261009090959,20261009001800,20261009090951,,LU
2026-10-09T00:10:50.065079+00:00,LU101063,09,3,20261009090957,20261007052045,20261007160441,20261007052045,LU
2026-10-09T00:10:50.065079+00:00,LU101445,16,3,20261009090226,20261008233617,20261009090225,20261008233617,LU
2026-10-09T00:10:50.065079+00:00,LU101468,03,2,20261009090851,20261008202341,20261009011823,,LU
2026-10-09T00:10:50.065079+00:00,LU101574,01,3,20261009090533,20261009065541,20261009090532,20261009065541,LU
2026-10-09T00:10:50.065079+00:00,LU101598,01,2,20261009090427,20261008132622,20261008201713,,LU
2026-10-09T00:10:50.065079+00:00,LU101683,58,2,20261009090525,20261008162210,20261009042604,,LU
2026-10-09T00:10:50.065079+00:00,LU101683,89,2,20261009090108,20261008231259,20261009035959,,LU
2026-10-09T00:10:50.065079+00:00,LU101686,29,3,20261009090208,20261009090229,20261008161502,20261008075737,LU
2026-10-09T00:10:50.065079+00:00,LU101706,14,2,20261009090204,20261008223825,20261009015313,,LU
2026-10-09T00:10:50.065079+00:00,LU101707,47,3,20261009090539,20261009090551,20261007214550,20261007201932,LU
2026-10-09T00:10:50.065079+00:00,LU101766,02,3,20261009090335,20261009090503,20260930215711,20261009090335,LU
2026-10-09T00:10:50.065079+00:00,LU101819,02,2,20261009090950,20261008121229,20261008135434,,LU
2026-10-09T00:10:50.065079+00:00,MO116803,01,2,20261009091010,20261009090004,20261009090004,,MO
2026-10-09T00:10:50.065079+00:00,NS850121,01,3,20261009090201,20261009090201,20261008061057,20261008191206,NS
2026-10-09T00:10:50.065079+00:00,NS850121,02,2,20261009090551,20261007091023,20261007111035,,NS
2026-10-09T00:10:50.065079+00:00,NT100032,10,2,20261009090550,20261008192850,20261009090550,,NT
2026-10-09T00:10:50.065079+00:00,NT100032,13,2,20261009090550,20261008235250,20261009090550,,NT
2026-10-09T00:10:50.065079+00:00,NT100044,03,3,20261009090150,20261009090150,20261008232250,20261009090150,NT
2026-10-09T00:10:50.065079+00:00,NT100056,09,2,20261009090450,20261008233650,20261009090450,,NT
2026-10-09T00:10:50.065079+00:00,NT100120,04,2,20261009090650,20261009041150,20261009090650,,NT
2026-10-09T00:10:50.065079+00:00,NT100253,07,3,20261009090650,20261009090650,20261002193750,20261009090650,NT
2026-10-09T00:10:50.065079+00:00,NT100373,15,3,20261009090150,20261009090150,20261008200950,20261009090150,NT
2026-10-09T00:10:50.065079+00:00,NT100376,06,2,20261009090650,20261008191150,20261009090650,,NT
2026-10-09T00:10:50.065079+00:00,NT100489,26,2,20261009090250,20261008205450,20261009090250,,NT
2026-10-09T00:10:50.065079+00:00,NT100675,02,2,20261009090750,20261008210150,20261009090750,,NT
2026-10-09T00:10:50.065079+00:00,NT100978,17,2,20261009090750,20261009075150,20261009090750,,NT
2026-10-09T00:10:50.065079+00:00,NT101182,04,2,20261009090450,20261008190650,20261009090450,,NT
2026-10-09T00:10:50.065079+00:00,NT101465,01,3,20261009090750,20261009090750,20261008102350,20261009090750,NT
2026-10-09T00:10:50.065079+00:00,NT101780,01,2,20261009090250,20261008221650,20261009090250,,NT
2026-10-09T00:10:50.065079+00:00,NT101826,02,2,20261009090650,20261008202750,20261009090650,,NT
2026-10-09T00:10:50.065079+00:00,NT101833,86,2,20261009090850,20261008203750,20261009090850,,NT
2026-10-09T00:10:50.065079+00:00,NT101892,07,1,20261009090350,20261009074650,20261009090350,,NT
2026-10-09T00:10:50.065079+00:00,NT101892,08,1,20261009090350,20261008153750,20261009073650,,NT
2026-10-09T00:10:50.065079+00:00,NT101892,09,1,20261009090350,20261009084950,20261009090350,,NT
2026-10-09T00:10:50.065079+00:00,NT101892,10,1,20261009090350,20261005222350,20261006071650,,NT
2026-10-09T00:10:50.065079+00:00,NT101892,11,1,20261009090850,20261008193950,20261009090850,,NT
2026-10-09T00:10:50.065079+00:00,NT101892,12,1,20261009090350,20261007070950,20261007074050,,NT
2026-10-09T00:10:50.065079+00:00,NT101895,22,2,20261009090450,20261009012250,20261009090450,,NT
2026-10-09T00:10:50.065079+00:00,NT101971,01,2,20261009090450,20261008163250,20261009090450,,NT
2026-10-09T00:10:50.065079+00:00,NT102003,16,2,20261009090650,20261008200450,20261009090650,,NT
2026-10-09T00:10:50.065079+00:00,NT102003,22,2,20261009090550,20261009083450,20261009090550,,NT
2026-10-09T00:10:50.065079+00:00,NT102054,07,3,20261009090650,20261009090650,20261007215350,20261009090650,NT
2026-10-09T00:10:50.065079+00:00,NT102114,03,3,20261009090550,20261009090550,20261009064350,20261009090550,NT
2026-10-09T00:10:50.065079+00:00,NT102114,04,3,20261009090950,20261009090950,20261009085850,20261009090950,NT
2026-10-09T00:10:50.065079+00:00,NT102131,05,2,20261009090950,20261009020350,20261009090950,,NT
2026-10-09T00:10:50.065079+00:00,NT102153,59,3,20261009090350,20261009090350,20261009090250,20261009090350,NT
2026-10-09T00:10:50.065079+00:00,NT102163,06,2,20261009090750,20261009053550,20261009090750,,NT
2026-10-09T00:10:50.065079+00:00,NT102207,16,2,20261009090950,20261008200950,20261009090950,,NT
2026-10-09T00:10:50.065079+00:00,NT102218,03,2,20261009090750,20261008223650,20261009090750,,NT
2026-10-09T00:10:50.065079+00:00,NT102252,01,3,20261009090350,20261009090350,20261009081750,20261009090350,NT
2026-10-09T00:10:50.065079+00:00,NT102275,01,3,20261009090850,20261009090850,20261009090150,20261009090850,NT
2026-10-09T00:10:50.065079+00:00,NT102275,07,2,20261009090750,20261009015150,20261009090750,,NT
2026-10-09T00:10:50.065079+00:00,NT102277,06,3,20261009090250,20261009090250,20261009084750,20261009090250,NT
2026-10-09T00:10:50.065079+00:00,NT102353,12,2,20261009090950,20261008155350,20261009090950,,NT
2026-10-09T00:10:50.065079+00:00,NT102513,11,9,20261009090350,20261009020850,20261009090350,,NT
2026-10-09T00:10:50.065079+00:00,NT102514,02,3,20261009090450,20261009090450,20261002140450,20261009090450,NT
2026-10-09T00:10:50.065079+00:00,NT102520,01,2,20261009090950,20261009002250,20261009090950,,NT
2026-10-09T00:10:50.065079+00:00,NT102535,06,3,20261009090550,20261009090550,20261008135350,20261009090550,NT
2026-10-09T00:10:50.065079+00:00,NT102539,03,3,20261009090550,20261009090550,20261009085050,20261009090550,NT
2026-10-09T00:10:50.065079+00:00,NT102540,08,2,20261009090050,20261008193250,20261009090050,,NT
2026-10-09T00:10:50.065079+00:00,NT102541,04,2,20261009090650,20261009084050,20261009090650,,NT
2026-10-09T00:10:50.065079+00:00,NT102565,01,2,20261009090350,20261008155550,20261009090350,,NT
2026-10-09T00:10:50.065079+00:00,NT102565,03,2,20261009090350,20261008160750,20261009090350,,NT
2026-10-09T00:10:50.065079+00:00,NT102586,33,2,20261009090950,20261008201450,20261009090950,,NT
2026-10-09T00:10:50.065079+00:00,NT102614,02,2,20261009090750,20261008203650,20261009090750,,NT
2026-10-09T00:10:50.065079+00:00,NT102625,12,2,20261009090450,20261008204050,20261009090450,,NT
2026-10-09T00:10:50.065079+00:00,NT102717,02,3,20261009090250,20261009090250,20261008150250,20261009090250,NT
2026-10-09T00:10:50.065079+00:00,NT102763,20,2,20261009090550,20261008234250,20261009090550,,NT
2026-10-09T00:10:50.065079+00:00,NT102765,31,2,20261009090050,20261008175750,20261009090050,,NT
2026-10-09T00:10:50.065079+00:00,NT102765,39,2,20261009090850,20261008175350,20261009090850,,NT
2026-10-09T00:10:50.065079+00:00,NT102798,20,2,20261009090950,20261008161650,20261009090950,,NT
2026-10-09T00:10:50.065079+00:00,NT102885,28,3,20261009090150,20261009090150,20261009075050,20261009090150,NT
2026-10-09T00:10:50.065079+00:00,NT102885,40,3,20261009090750,20261009090750,20261008051750,20261009090750,NT
2026-10-09T00:10:50.065079+00:00,NT102886,06,3,20261009090250,20261009090250,20261005105550,20261009090250,NT
2026-10-09T00:10:50.065079+00:00,NT102886,52,2,20261009090950,20261008175750,20261009090950,,NT
2026-10-09T00:10:50.065079+00:00,NT200155,09,3,20261009090250,20261009090250,20261007072450,20261009090250,NT
2026-10-09T00:10:50.065079+00:00,PC000070,26,3,20261009090429,20261008075328,20261008140657,20261009090429,PC
2026-10-09T00:10:50.065079+00:00,PC000075,17,3,20261009090748,20261008192418,20261009080605,20261009090748,PC
2026-10-09T00:10:50.065079+00:00,PC000172,08,2,20261009090916,20261008141708,20261009090818,,PC
2026-10-09T00:10:50.065079+00:00,PC000301,01,2,20261009090240,20261008194957,20261009090211,,PC
2026-10-09T00:10:50.065079+00:00,PC000375,02,2,20261009090256,20261009053745,20261009090154,,PC
2026-10-09T00:10:50.065079+00:00,PC000448,07,2,20261009090755,20261008184348,20261008213822,,PC
2026-10-09T00:10:50.065079+00:00,PC000505,70,2,20261009090424,20261008232416,20261009044214,,PC
2026-10-09T00:10:50.065079+00:00,PC000545,03,2,20261009090212,20261008225207,20261009034851,,PC
2026-10-09T00:10:50.065079+00:00,PC000546,02,2,20261009090246,20261006190923,20261006233929,,PC
2026-10-09T00:10:50.065079+00:00,PC001153,12,2,20261009090240,20261009001524,20261009090236,,PC
2026-10-09T00:10:50.065079+00:00,PC001266,02,3,20261009090951,20261008105418,20261007204406,20261009090951,PC
2026-10-09T00:10:50.065079+00:00,PC001761,05,2,20261009091007,20261008155728,20261008223106,,PC
2026-10-09T00:10:50.065079+00:00,PI000453,03,3,20261009090633,20261009090548,20261009044354,20261009090633,PI
2026-10-09T00:10:50.065079+00:00,PI000557,01,3,20261009090609,20261009090319,20261009090257,20261009090609,PI
2026-10-09T00:10:50.065079+00:00,PI067416,04,2,20261009090554,20261009085211,20261009090222,,PI
2026-10-09T00:10:50.065079+00:00,PI069280,20,2,20261009090113,20261009002259,20261009074611,,PI
2026-10-09T00:10:50.065079+00:00,PI121496,01,2,20261009090615,20261009020726,20261009075744,,PI
2026-10-09T00:10:50.065079+00:00,PI200258,04,2,20261009090609,20261009061756,20261009090555,,PI
2026-10-09T00:10:50.065079+00:00,PI200273,05,2,20261009090134,20261008223845,20261009085722,,PI
2026-10-09T00:10:50.065079+00:00,PI200273,09,2,20261009090311,20261008151510,20261008213929,,PI
2026-10-09T00:10:50.065079+00:00,PI200361,15,2,20261009090408,20261008185120,20261008211040,,PI
2026-10-09T00:10:50.065079+00:00,PI200361,18,2,20261009090408,20261008200411,20261009001952,,PI
2026-10-09T00:10:50.065079+00:00,PI200399,06,9,20261009090310,20261008135425,20260922090301,,PI
2026-10-09T00:10:50.065079+00:00,PI200777,01,3,20261009090136,20261009085841,20261007192125,20261009090136,PI
2026-10-09T00:10:50.065079+00:00,PI200818,01,3,20261009090619,20261009090204,20261008032123,20261009090619,PI
2026-10-09T00:10:50.065079+00:00,PI200849,01,9,20261009090810,20261008233119,20261007211228,20261008233143,PI
2026-10-09T00:10:50.065079+00:00,PI200893,01,2,20261009090622,20261009075856,20261009080157,,PI
2026-10-09T00:10:50.065079+00:00,PI200894,14,3,20261009090622,20261009090237,20261008012053,20261009090622,PI
2026-10-09T00:10:50.065079+00:00,PI200912,07,3,20261009090623,20261009090255,20261007051826,20261009090623,PI
2026-10-09T00:10:50.065079+00:00,PI202286,05,2,20261009090315,20261008211309,20261009004141,,PI
2026-10-09T00:10:50.065079+00:00,PI203002,01,3,20261009090135,20261009090107,20261008181202,20261009090135,PI
2026-10-09T00:10:50.065079+00:00,PI204082,02,3,20261009090634,20261009090215,20261009075840,20261009090634,PI
2026-10-09T00:10:50.065079+00:00,PI204096,06,2,20261009090152,20261009073323,20261009085855,,PI
2026-10-09T00:10:50.065079+00:00,PI204098,01,9,20261009090810,20260927111341,20260927111720,,PI
2026-10-09T00:10:50.065079+00:00,PI204136,41,2,20261009090156,20261008115620,20261008125620,,PI
2026-10-09T00:10:50.065079+00:00,PI204179,03,2,20261009090645,20261009005655,20261009075656,,PI
2026-10-09T00:10:50.065079+00:00,PI204235,05,2,20261009090206,20261009073240,20261009090013,,PI
2026-10-09T00:10:50.065079+00:00,PI204258,18,2,20261009090652,20261009070421,20261009080333,,PI
2026-10-09T00:10:50.065079+00:00,PI204275,03,3,20261009090655,20261009090452,20261008214232,20261009090655,PI
2026-10-09T00:10:50.065079+00:00,PI204307,17,2,20261009090657,20261008232433,20261009075957,,PI
2026-10-09T00:10:50.065079+00:00,PI306186,04,2,20261009090313,20261008215240,20261009032957,,PI
2026-10-09T00:10:50.065079+00:00,PI645117,08,3,20261009090219,20261009085932,20261008103026,20261009090219,PI
2026-10-09T00:10:50.065079+00:00,PI645184,01,3,20261009090259,20261009090042,20261007015608,20261009090259,PI
2026-10-09T00:10:50.065079+00:00,PI645374,02,3,20261009090305,20261009090015,20261008100311,20261009090305,PI
2026-10-09T00:10:50.065079+00:00,PI707856,01,2,20261009090511,20261008220905,20261009085101,,PI
2026-10-09T00:10:50.065079+00:00,PI708450,03,2,20261009090512,20261008195746,20261009045925,,PI
2026-10-09T00:10:50.065079+00:00,PI708610,03,3,20261009090512,20261009090226,20261008155016,20261009090512,PI
2026-10-09T00:10:50.065079+00:00,PI708632,02,2,20261009090512,20261008215247,20261009090444,,PI
2026-10-09T00:10:50.065079+00:00,PI708866,11,2,20261009090512,20261008183904,20261009090414,,PI
2026-10-09T00:10:50.065079+00:00,PI712247,10,3,20261009090526,20261009090040,20261009053018,20261009090526,PI
2026-10-09T00:10:50.065079+00:00,PI712387,03,2,20261009090516,20261009015810,20261009073449,,PI
2026-10-09T00:10:50.065079+00:00,PI712387,06,2,20261009090516,20261008194713,20261008222947,,PI
2026-10-09T00:10:50.065079+00:00,PI712509,11,2,20261009090531,20261008131644,20261008145532,,PI
2026-10-09T00:10:50.065079+00:00,PI712977,12,2,20261009090532,20261008214328,20261009031758,,PI
2026-10-09T00:10:50.065079+00:00,PI713007,06,2,20261009090530,20261008181700,20261009012317,,PI
2026-10-09T00:10:50.065079+00:00,PI717737,13,3,20261009090057,20261009085552,20261009021349,20261009090057,PI
2026-10-09T00:10:50.065079+00:00,PI718321,02,2,20261009090101,20261008233909,20261009081819,,PI
2026-10-09T00:10:50.065079+00:00,PI721016,07,2,20261009090821,20261008205814,20261009031629,,PI
2026-10-09T00:10:50.065079+00:00,PI721315,03,3,20261009090507,20261009090132,20261009055756,20261009090507,PI
2026-10-09T00:10:50.065079+00:00,PI750011,06,2,20261009090525,20261008214308,20261009014521,,PI
2026-10-09T00:10:50.065079+00:00,PI752192,05,2,20261009090543,20261008181731,20261008221200,,PI
2026-10-09T00:10:50.065079+00:00,PI755112,05,2,20261009090051,20261007115251,20261007120239,,PI
2026-10-09T00:10:50.065079+00:00,PI760314,05,2,20261009090523,20261009013549,20261009022041,,PI
2026-10-09T00:10:50.065079+00:00,PI761153,02,3,20261009090518,20261009090340,20261008110243,20261009090518,PI
2026-10-09T00:10:50.065079+00:00,PI761261,02,2,20261009090519,20261008221557,20261009010121,,PI
2026-10-09T00:10:50.065079+00:00,PI764997,12,2,20261009090539,20261007234223,20261008020005,,PI
2026-10-09T00:10:50.065079+00:00,PI764997,38,2,20261009090542,20261008202629,20261009003657,,PI
2026-10-09T00:10:50.065079+00:00,PI766538,02,2,20261009090105,20261008212126,20261009022929,,PI
2026-10-09T00:10:50.065079+00:00,PI766993,11,3,20261009090104,20261009085925,20261008045931,20261009090104,PI
2026-10-09T00:10:50.065079+00:00,PI768986,03,3,20261009090113,20261009085858,20261008045708,20261009090113,PI
2026-10-09T00:10:50.065079+00:00,PI769680,01,2,20261009090601,20261008213057,20261009001408,,PI
2026-10-09T00:10:50.065079+00:00,PI772514,06,2,20261009090745,20261008192256,20261009055336,,PI
2026-10-09T00:10:50.065079+00:00,PI773863,01,2,20261009090309,20261009043741,20261009090039,,PI
2026-10-09T00:10:50.065079+00:00,PI784943,01,2,20261009090740,20261008230334,20261009080114,,PI
2026-10-09T00:10:50.065079+00:00,PI793300,53,2,20261009090322,20261009004956,20261009055011,,PI
2026-10-09T00:10:50.065079+00:00,PI793378,01,2,20261009090322,20261008234531,20261009010729,,PI
2026-10-09T00:10:50.065079+00:00,PI793855,18,2,20261009090811,20261009090323,20261009090602,,PI
2026-10-09T00:10:50.065079+00:00,PI794109,01,2,20261009090810,20261008195846,20261009011958,,PI
2026-10-09T00:10:50.065079+00:00,PI794299,21,2,20261009090326,20261009002557,20261009080037,,PI
2026-10-09T00:10:50.065079+00:00,PI795797,13,3,20261009090332,20261009090142,20261009024607,20261009090332,PI
2026-10-09T00:10:50.065079+00:00,PI796107,05,3,20261009090339,20261009085818,20261008185603,20261009090339,PI
2026-10-09T00:10:50.065079+00:00,PI796107,17,2,20261009090818,20261009015829,20261009090417,,PI
2026-10-09T00:10:50.065079+00:00,PI796333,02,2,20261009090339,20261009060852,20261009090250,,PI
2026-10-09T00:10:50.065079+00:00,PI796333,03,2,20261009090819,20261008203913,20261008215030,,PI
2026-10-09T00:10:50.065079+00:00,PI796587,06,2,20261009090819,20261009070933,20261009090558,,PI
2026-10-09T00:10:50.065079+00:00,PI800771,02,2,20261009090311,20260917223757,20260918054559,,PI
2026-10-09T00:10:50.065079+00:00,PI801383,02,2,20261009090313,20261008235205,20261009083616,,PI
2026-10-09T00:10:50.065079+00:00,PI801810,23,2,20261009090315,20261008203421,20261009000605,,PI
2026-10-09T00:10:50.065079+00:00,PI807070,09,2,20261009090342,20261008165230,20261009005829,,PI
2026-10-09T00:10:50.065079+00:00,PI807857,01,3,20261009090344,20261009090059,20261008025323,20261009090344,PI
2026-10-09T00:10:50.065079+00:00,PI808443,11,2,20261009090826,20261008205455,20261008214443,,PI
2026-10-09T00:10:50.065079+00:00,PI808828,13,2,20261009090346,20261008184722,20261008224620,,PI
2026-10-09T00:10:50.065079+00:00,PI809544,12,2,20261009090828,20261008184554,20261008211615,,PI
2026-10-09T00:10:50.065079+00:00,PIH00012,09,2,20261009090246,20261008193026,20261009085820,,PI
2026-10-09T00:10:50.065079+00:00,PIH00125,21,2,20261009090728,20261009090148,20261009090648,,PI
2026-10-09T00:10:50.065079+00:00,PIH00193,02,2,20261009090731,20261008193654,20261009090646,,PI
2026-10-09T00:10:50.065079+00:00,PIH00213,17,2,20261009090729,20261009025131,20261009090553,,PI
2026-10-09T00:10:50.065079+00:00,PIH00213,77,3,20261009090729,20261009090708,20261009021905,20261009090729,PI
2026-10-09T00:10:50.065079+00:00,PIH00260,03,2,20261009090248,20261008222304,20261009085826,,PI
2026-10-09T00:10:50.065079+00:00,PIH00390,02,2,20261009090236,20261008202857,20261008232111,,PI
2026-10-09T00:10:50.065079+00:00,PIH00467,13,2,20261009090235,20261008162804,20261008200507,,PI
2026-10-09T00:10:50.065079+00:00,PIH00550,04,2,20261009090236,20261009074740,20261009080417,,PI
2026-10-09T00:10:50.065079+00:00,PIH00680,01,2,20261009090704,20261008200045,20261009023850,,PI
2026-10-09T00:10:50.065079+00:00,PIH01011,10,3,20261009090736,20261009090625,20261007165846,20261009090736,PI
2026-10-09T00:10:50.065079+00:00,PIH01011,13,2,20261009090256,20261009085630,20261009085929,,PI
2026-10-09T00:10:50.065079+00:00,PIH01906,01,2,20261009090717,20261008175738,20261008221541,,PI
2026-10-09T00:10:50.065079+00:00,PIH01948,09,2,20261009090726,20261008232049,20261009011634,,PI
2026-10-09T00:10:50.065079+00:00,PIH01971,01,3,20261009090235,20261009085739,20261007161248,20261009090235,PI
2026-10-09T00:10:50.065079+00:00,PIIMK040,03,3,20261009090411,20261009085921,20261007083212,20261009090411,PI
2026-10-09T00:10:50.065079+00:00,PIS00028,25,2,20261009090350,20261009023958,20261009065842,,PI
2026-10-09T00:10:50.065079+00:00,PIS00037,10,3,20261009090831,20261009090517,20261009070828,20261009090831,PI
2026-10-09T00:10:50.065079+00:00,PIS00042,05,3,20261009090351,20261009090200,20261008185733,20261009090351,PI
2026-10-09T00:10:50.065079+00:00,PIS00050,03,2,20261009090831,20261008192416,20261008205544,,PI
2026-10-09T00:10:50.065079+00:00,PIS00065,02,3,20261009090351,20261009090024,20261008153737,20261009090351,PI
2026-10-09T00:10:50.065079+00:00,PIS00080,07,2,20261009090831,20261008172954,20261008231922,,PI
2026-10-09T00:10:50.065079+00:00,PIS00081,13,2,20261009090351,20261008192148,20261008220457,,PI
2026-10-09T00:10:50.065079+00:00,PK000005,01,2,20261009090131,20261009083508,20261009085457,,PK
2026-10-09T00:10:50.065079+00:00,PK000005,03,3,20261009090131,20261009075715,20261009082733,20261009085627,PK
2026-10-09T00:10:50.065079+00:00,PK000005,04,3,20261009090131,20261009081852,20261009083450,20261009085505,PK
2026-10-09T00:10:50.065079+00:00,PK000005,06,2,20261009090131,20261009083430,20261009085728,,PK
2026-10-09T00:10:50.065079+00:00,PK000005,10,2,20261009090131,20261009084631,20261009085649,,PK
2026-10-09T00:10:50.065079+00:00,PK000006,14,2,20261009090131,20261009082638,20261009085937,,PK
2026-10-09T00:10:50.065079+00:00,PK000006,19,3,20261009090132,20261009081509,20261009083501,20261009085309,PK
2026-10-09T00:10:50.065079+00:00,PK000007,04,3,20261009090133,20261008224032,20261008231057,20261009085654,PK
2026-10-09T00:10:50.065079+00:00,PK000007,06,3,20261009090133,20261009085353,20261009085551,20261009085648,PK
2026-10-09T00:10:50.065079+00:00,PK000007,19,3,20261009090133,20261008231221,20261008233555,20261009085958,PK
2026-10-09T00:10:50.065079+00:00,PK000007,23,2,20261009090133,20261009084508,20261009085827,,PK
2026-10-09T00:10:50.065079+00:00,PK000007,25,2,20261009090133,20261009083146,20261009085406,,PK
2026-10-09T00:10:50.065079+00:00,PK000007,31,3,20261009090133,20261009072248,20261009074757,20261009085240,PK
2026-10-09T00:10:50.065079+00:00,PK000007,32,3,20261009090133,20261009005724,20261009011832,20261009085314,PK
2026-10-09T00:10:50.065079+00:00,PK000008,03,2,20261009090133,20261009084110,20261009085421,,PK
2026-10-09T00:10:50.065079+00:00,PK000008,05,2,20261009090133,20261009082714,20261009085145,,PK
2026-10-09T00:10:50.065079+00:00,PK000009,03,3,20261009090131,20261009071017,20261009073919,20261009085220,PK
2026-10-09T00:10:50.065079+00:00,PK000009,04,3,20261009090131,20261009071058,20261009073920,20261009085258,PK
2026-10-09T00:10:50.065079+00:00,PK000009,05,2,20261009090131,20261008231857,20261009000218,,PK
2026-10-09T00:10:50.065079+00:00,PK000009,06,2,20261009090131,20261007155842,20261007161740,,PK
2026-10-09T00:10:50.065079+00:00,PK000009,13,2,20261009090131,20261009083011,20261009085059,,PK
2026-10-09T00:10:50.065079+00:00,PK000009,14,2,20261009090131,20261009083040,20261009085059,,PK
2026-10-09T00:10:50.065079+00:00,PK000025,17,2,20261009090131,20261009082414,20261009084021,,PK
2026-10-09T00:10:50.065079+00:00,PK000025,18,2,20261009090131,20261009082334,20261009084021,,PK
2026-10-09T00:10:50.065079+00:00,PK000025,19,3,20261009090131,20261009071056,20261009072455,20261009085956,PK
2026-10-09T00:10:50.065079+00:00,PK000025,20,3,20261009090131,20261009075712,20261009082258,20261009090044,PK
2026-10-09T00:10:50.065079+00:00,PK000028,22,3,20261009090129,20261009081835,20261009083410,20261009085420,PK
2026-10-09T00:10:50.065079+00:00,PK000077,15,2,20261009090130,20261009083748,20261009085134,,PK
2026-10-09T00:10:50.065079+00:00,PK000077,16,2,20261009090132,20261009083827,20261009085946,,PK
2026-10-09T00:10:50.065079+00:00,PK000148,02,3,20261009090127,20261009075341,20261009083739,20261009085051,PK
2026-10-09T00:10:50.065079+00:00,PK000148,03,2,20261009090126,20261009075526,20261009081714,,PK
2026-10-09T00:10:50.065079+00:00,PK000148,04,3,20261009090127,20261009073839,20261009075839,20261009085558,PK
2026-10-09T00:10:50.065079+00:00,PK000148,07,3,20261009090127,20261009075218,20261009082524,20261009085556,PK
2026-10-09T00:10:50.065079+00:00,PK000148,09,2,20261009090126,20261009082417,20261009084121,,PK
2026-10-09T00:10:50.065079+00:00,PK000148,10,2,20261009090126,20261009082328,20261009084121,,PK
2026-10-09T00:10:50.065079+00:00,PK000148,11,9,20261009090126,20261009082810,20261009085304,,PK
2026-10-09T00:10:50.065079+00:00,PK000148,14,2,20261009090126,20261009083730,20261009085217,,PK
2026-10-09T00:10:50.065079+00:00,PK000148,15,2,20261009090126,20261009082414,20261009084656,,PK
2026-10-09T00:10:50.065079+00:00,PK000148,20,9,20261009090131,20261009083823,20261009085641,,PK
2026-10-09T00:10:50.065079+00:00,PK000148,21,2,20261009090132,20261009075926,20261009090016,,PK
2026-10-09T00:10:50.065079+00:00,PK000148,22,2,20261009090132,20261009075959,20261009090016,,PK
2026-10-09T00:10:50.065079+00:00,PK000156,13,2,20261009090128,20261009082731,20261009085417,,PK
2026-10-09T00:10:50.065079+00:00,PK000156,14,2,20261009090128,20261009075812,20261009085421,,PK
2026-10-09T00:10:50.065079+00:00,PK000158,07,3,20261009090131,20261009073015,20261009080114,20261009085539,PK
2026-10-09T00:10:50.065079+00:00,PK000158,08,3,20261009090131,20261008235936,20261009014002,20261009085617,PK
2026-10-09T00:10:50.065079+00:00,PK000161,07,9,20261009090132,20261009084403,20261009090037,,PK
2026-10-09T00:10:50.065079+00:00,PK000161,08,9,20261009090132,20261009084439,20261009090038,,PK
2026-10-09T00:10:50.065079+00:00,PK000185,06,2,20261009090132,20261009084404,20261009085430,,PK
2026-10-09T00:10:50.065079+00:00,PK000185,07,2,20261009090132,20261009084028,20261009085311,,PK
2026-10-09T00:10:50.065079+00:00,PK000185,09,3,20261009090132,20261008231411,20261009000345,20261009085438,PK
2026-10-09T00:10:50.065079+00:00,PK000252,01,3,20261009090129,20261009080009,20261009080433,20261009085912,PK
2026-10-09T00:10:50.065079+00:00,PK000288,02,3,20261009090129,20261009081835,20261009083410,20261009085420,PK
2026-10-09T00:10:50.065079+00:00,PK000291,07,3,20261009090126,20261009080603,20261009084454,20261009085603,PK
2026-10-09T00:10:50.065079+00:00,PK000294,02,2,20261009090127,20261009084726,20261009085533,,PK
2026-10-09T00:10:50.065079+00:00,PK000295,02,3,20261009090127,20261009074727,20261009081446,20261009085638,PK
2026-10-09T00:10:50.065079+00:00,PK000295,05,9,20261009090129,20261009083919,20261009085321,,PK
2026-10-09T00:10:50.065079+00:00,PK000295,07,3,20261009090131,20261009074556,20261009080220,20261009085142,PK
2026-10-09T00:10:50.065079+00:00,PK000295,08,2,20261009090131,20261009082037,20261009085434,,PK
2026-10-09T00:10:50.065079+00:00,PK000297,03,2,20261009090131,20261009082414,20261009084021,,PK
2026-10-09T00:10:50.065079+00:00,PK000297,04,2,20261009090131,20261009082334,20261009084021,,PK
2026-10-09T00:10:50.065079+00:00,PK000297,05,3,20261009090131,20261009071056,20261009072455,20261009085956,PK
2026-10-09T00:10:50.065079+00:00,PK000297,06,3,20261009090131,20261009075712,20261009082258,20261009090044,PK
2026-10-09T00:10:50.065079+00:00,PK000322,15,2,20261009090130,20261009083748,20261009085134,,PK
2026-10-09T00:10:50.065079+00:00,PK000322,16,2,20261009090132,20261009083827,20261009085946,,PK
2026-10-09T00:10:50.065079+00:00,PK000474,09,3,20261009090130,20261009073227,20261009074454,20261009085203,PK
2026-10-09T00:10:50.065079+00:00,PK000474,12,3,20261009090130,20261009065750,20261009071231,20261009085903,PK
2026-10-09T00:10:50.065079+00:00,PL000006,05,2,20261009090936,20261008214655,20261009090936,,PL
2026-10-09T00:10:50.065079+00:00,PL000019,02,3,20261009090657,20261009090657,20261009085842,20261009090657,PL
2026-10-09T00:10:50.065079+00:00,PL000277,09,2,20261009090705,20261008181901,20261009090705,,PL
2026-10-09T00:10:50.065079+00:00,PL000333,12,3,20261009090244,20261009090244,20261008054056,20261009090244,PL
2026-10-09T00:10:50.065079+00:00,PL000696,02,2,20261009090333,20261008220929,20261009090333,,PL
2026-10-09T00:10:50.065079+00:00,PL000696,07,2,20261009090809,20261008213309,20261009090809,,PL
2026-10-09T00:10:50.065079+00:00,PL000746,02,3,20261009090819,20261009090819,20261007074751,20261009090819,PL
2026-10-09T00:10:50.065079+00:00,PL000808,32,2,20261009090900,20261008171740,20261009090900,,PL
2026-10-09T00:10:50.065079+00:00,PL000976,19,2,20261009090633,20261009002330,20261009090633,,PL
2026-10-09T00:10:50.065079+00:00,PL000993,01,3,20261009090405,20261009090405,20261008082646,20261009090405,PL
2026-10-09T00:10:50.065079+00:00,PL000993,22,2,20261009090302,20261009090215,20261009090302,,PL
2026-10-09T00:10:50.065079+00:00,PL001364,03,2,20261009090312,20261008172542,20261009090312,,PL
2026-10-09T00:10:50.065079+00:00,PL001850,10,2,20261009090840,20261008145532,20261009090840,,PL
2026-10-09T00:10:50.065079+00:00,PL001944,58,3,20261009090052,20261009090052,20261007055542,20261009090052,PL
2026-10-09T00:10:50.065079+00:00,PL002994,11,2,20261009090453,20261008144606,20261009090453,,PL
2026-10-09T00:10:50.065079+00:00,PL003342,01,2,20261009090409,20261008173224,20261009090409,,PL
2026-10-09T00:10:50.065079+00:00,PL003371,23,2,20261009090552,20261009000143,20261009090552,,PL
2026-10-09T00:10:50.065079+00:00,PL004573,16,3,20261009090421,20261009090421,20261009080041,20261009090421,PL
2026-10-09T00:10:50.065079+00:00,PL030552,07,2,20261009090846,20261008215913,20261009090846,,PL
2026-10-09T00:10:50.065079+00:00,PL030666,09,2,20261009090738,20261008190725,20261009090738,,PL
2026-10-09T00:10:50.065079+00:00,PL030675,07,2,20261009090219,20261008214729,20261009090219,,PL
2026-10-09T00:10:50.065079+00:00,PL030848,02,3,20261009090932,20261009090932,20261009050737,20261009090932,PL
2026-10-09T00:10:50.065079+00:00,PL030866,07,2,20261009090656,20261008102414,20261009090656,,PL
2026-10-09T00:10:50.065079+00:00,PL031240,05,2,20261009090709,20261008211236,20261009090709,,PL
2026-10-09T00:10:50.065079+00:00,PL031264,15,2,20261009090425,20261008214222,20261009090425,,PL
2026-10-09T00:10:50.065079+00:00,PL031444,07,2,20261009090629,20261009034455,20261009090629,,PL
2026-10-09T00:10:50.065079+00:00,PL031656,05,2,20261009090109,20261008234324,20261009090109,,PL
2026-10-09T00:10:50.065079+00:00,PL031905,22,2,20261009090809,20261008212109,20261009090809,,PL
2026-10-09T00:10:50.065079+00:00,PL032102,41,2,20261009090133,20261007150917,20261009090133,,PL
2026-10-09T00:10:50.065079+00:00,PL032196,13,2,20261009090130,20261009014835,20261009090130,,PL
2026-10-09T00:10:50.065079+00:00,PL032288,00,3,20261009090959,20261009090959,20260922164702,20261009090959,PL
2026-10-09T00:10:50.065079+00:00,PL032405,04,2,20261009090948,20261008185654,20261009090948,,PL
2026-10-09T00:10:50.065079+00:00,PL032428,15,2,20261009090848,20261008222651,20261009090848,,PL
2026-10-09T00:10:50.065079+00:00,PL032432,03,2,20261009090928,20261008204342,20261009090928,,PL
2026-10-09T00:10:50.065079+00:00,PL032476,10,2,20261009090659,20261008224211,20261009090659,,PL
2026-10-09T00:10:50.065079+00:00,PL032527,03,3,20261009090919,20261009090919,20261008200047,20261009090919,PL
2026-10-09T00:10:50.065079+00:00,PL032546,00,2,20261009090622,20261008215359,20261009090622,,PL
2026-10-09T00:10:50.065079+00:00,PL032568,07,2,20261009090657,20261008201117,20261009090657,,PL
2026-10-09T00:10:50.065079+00:00,PL032605,19,3,20261009090539,20261009090539,20261009084953,20261009090539,PL
2026-10-09T00:10:50.065079+00:00,PL032609,00,2,20261009090933,20261008234100,20261009090933,,PL
2026-10-09T00:10:50.065079+00:00,PL032708,58,2,20261009090337,20261008215348,20261009090337,,PL
2026-10-09T00:10:50.065079+00:00,PL032806,09,2,20261009091008,20261008201905,20261009091008,,PL
2026-10-09T00:10:50.065079+00:00,PL032832,00,3,20261009090713,20261009090713,20261009090705,20261009090713,PL
2026-10-09T00:10:50.065079+00:00,PL032868,01,2,20261009091001,20261008193021,20261009091001,,PL
2026-10-09T00:10:50.065079+00:00,PL032891,05,3,20261009090237,20261009090237,20261009064200,20261009090237,PL
2026-10-09T00:10:50.065079+00:00,PL033005,00,2,20261009090508,20261008201248,20261009090508,,PL
2026-10-09T00:10:50.065079+00:00,PL033017,05,3,20261009090405,20261009090405,20261009085319,20261009090405,PL
2026-10-09T00:10:50.065079+00:00,PL033085,03,2,20261009090640,20261008220503,20261009090640,,PL
2026-10-09T00:10:50.065079+00:00,PL033085,06,2,20261009090947,20261008151243,20261009090947,,PL
2026-10-09T00:10:50.065079+00:00,PL033100,03,2,20261009090630,20261008221616,20261009090630,,PL
2026-10-09T00:10:50.065079+00:00,PL033120,05,2,20261009090954,20261008213632,20261009090954,,PL
2026-10-09T00:10:50.065079+00:00,PL033276,04,2,20261009090734,20261008194053,20261009090734,,PL
2026-10-09T00:10:50.065079+00:00,PL033284,00,2,20261009090613,20261008223342,20261009090613,,PL
2026-10-09T00:10:50.065079+00:00,PL033487,03,2,20261009090111,20261008210057,20261009090111,,PL
2026-10-09T00:10:50.065079+00:00,PL033735,09,3,20261009090852,20261009090852,20261009073637,20261009090852,PL
2026-10-09T00:10:50.065079+00:00,PL033747,06,2,20261009090733,20261008182802,20261009090733,,PL
2026-10-09T00:10:50.065079+00:00,PL033756,03,2,20261009090952,20261008234217,20261009090952,,PL
2026-10-09T00:10:50.065079+00:00,PL033761,01,3,20261009090255,20261009090255,20261009061919,20261009090255,PL
2026-10-09T00:10:50.065079+00:00,PMP00502,07,2,20261009090757,20261009082757,20261009090757,,PM
2026-10-09T00:10:50.065079+00:00,PMP00503,02,3,20261009090757,20261009090757,20261009080757,20261009090757,PM
2026-10-09T00:10:50.065079+00:00,PMP00503,10,1,20261009090757,20261009074757,20261009082757,,PM
2026-10-09T00:10:50.065079+00:00,PMP00503,14,3,20261009090757,20261009090757,20261008212757,20261009090757,PM
2026-10-09T00:10:50.065079+00:00,PMP00503,31,2,20261009090757,20261009082757,20261009090757,,PM
2026-10-09T00:10:50.065079+00:00,PMP00503,32,2,20261009090757,20261009082757,20261009090757,,PM
2026-10-09T00:10:50.065079+00:00,PMP00503,33,3,20261009090757,20261009090757,20261009080757,20261009090757,PM
2026-10-09T00:10:50.065079+00:00,PMP00503,34,3,20261009090757,20261009090757,20261009080757,20261009090757,PM
2026-10-09T00:10:50.065079+00:00,PMP00504,13,3,20261009090757,20261009090757,20261009084757,20261009090757,PM
2026-10-09T00:10:50.065079+00:00,PMP00504,17,2,20261009090757,20261009084757,20261009090757,,PM
2026-10-09T00:10:50.065079+00:00,PMP00504,18,2,20261009090757,20261009080757,20261009090757,,PM
2026-10-09T00:10:50.065079+00:00,PMP00505,03,2,20261009090758,20261009084758,20261009090758,,PM
2026-10-09T00:10:50.065079+00:00,PMP00505,04,2,20261009090758,20261009084758,20261009090758,,PM
2026-10-09T00:10:50.065079+00:00,PMP00505,07,3,20261009090758,20261009090758,20261009060758,20261009090758,PM
2026-10-09T00:10:50.065079+00:00,PMP00505,08,3,20261009090758,20261009090758,20261008150758,20261009090758,PM
2026-10-09T00:10:50.065079+00:00,PMP00505,11,2,20261009090758,20261009084758,20261009090758,,PM
2026-10-09T00:10:50.065079+00:00,PMP00505,12,2,20261009090758,20261009082758,20261009090758,,PM
2026-10-09T00:10:50.065079+00:00,PMP00512,01,3,20261009090757,20261009090757,20261009084757,20261009090757,PM
2026-10-09T00:10:50.065079+00:00,PMP00513,05,2,20261009090757,20261009082757,20261009090757,,PM
2026-10-09T00:10:50.065079+00:00,PMP00513,08,3,20261009090757,20261009090757,20261009070757,20261009090757,PM
2026-10-09T00:10:50.065079+00:00,PMP00513,10,2,20261009090758,20261009084758,20261009090758,,PM
2026-10-09T00:10:50.065079+00:00,PMP00514,04,2,20261009090757,20261009082757,20261009090757,,PM
2026-10-09T00:10:50.065079+00:00,PMP00516,01,2,20261009090757,20261009084757,20261009090757,,PM
2026-10-09T00:10:50.065079+00:00,PMP00516,06,3,20261009090757,20261009090757,20261009082757,20261009090757,PM
2026-10-09T00:10:50.065079+00:00,PMP00519,01,1,20261009090819,20261009012757,20261009012819,,PM
2026-10-09T00:10:50.065079+00:00,PMP00519,02,1,20261009090819,20261009074757,20261009074819,,PM
2026-10-09T00:10:50.065079+00:00,PMP00519,03,1,20261009090819,20261009080757,20261009080819,,PM
2026-10-09T00:10:50.065079+00:00,PMP00519,04,1,20261009090819,20261009004757,20261009004819,,PM
2026-10-09T00:10:50.065079+00:00,PMP00519,05,1,20261009090819,20261009082757,20261009082819,,PM
2026-10-09T00:10:50.065079+00:00,PMP00519,06,1,20261009090819,20261009080757,20261009080819,,PM
2026-10-09T00:10:50.065079+00:00,PMP00519,07,1,20261009090819,20261009080757,20261009080819,,PM
2026-10-09T00:10:50.065079+00:00,PMP00519,08,1,20261009090819,20261009090757,20261009090819,,PM
2026-10-09T00:10:50.065079+00:00,PMP00519,09,1,20261009090819,20261009084757,20261009084819,,PM
2026-10-09T00:10:50.065079+00:00,PMP00519,10,1,20261009090819,20261009082757,20261009082819,,PM
2026-10-09T00:10:50.065079+00:00,PMP00519,11,1,20261009090819,20261009082757,20261009082819,,PM
2026-10-09T00:10:50.065079+00:00,PMP00519,12,1,20261009090819,20261008234757,20261008234819,,PM
2026-10-09T00:10:50.065079+00:00,PMP00519,13,1,20261009090819,20261009074757,20261009074819,,PM
2026-10-09T00:10:50.065079+00:00,PMP00519,14,1,20261009090819,20261009014757,20261009014819,,PM
2026-10-09T00:10:50.065079+00:00,PMP00519,15,1,20261009090819,20261009082757,20261009082819,,PM
2026-10-09T00:10:50.065079+00:00,PMP00519,16,1,20261009090819,20261009054757,20261009054819,,PM
2026-10-09T00:10:50.065079+00:00,PMP00525,06,2,20261009090757,20261009084757,20261009090757,,PM
2026-10-09T00:10:50.065079+00:00,PW000426,02,2,20261009090209,20261008202500,20261008211010,,PW
2026-10-09T00:10:50.065079+00:00,PW011045,08,2,20261009090112,20261009022315,20261009085349,,PW
2026-10-09T00:10:50.065079+00:00,PW011178,02,2,20261009090910,20261008192622,20261009071212,,PW
2026-10-09T00:10:50.065079+00:00,PW011178,05,3,20261009090910,20261009090910,20261009065119,20261009090615,PW
2026-10-09T00:10:50.065079+00:00,PW012513,01,3,20261009090208,20261009090208,20261009060035,20261009085927,PW
2026-10-09T00:10:50.065079+00:00,PW012541,05,2,20261009090609,20261008200317,20261008210339,,PW
2026-10-09T00:10:50.065079+00:00,PW012811,02,2,20261009090610,20261008201836,20261009064545,,PW
2026-10-09T00:10:50.065079+00:00,PW013103,06,3,20261009090618,20261009090618,20261009081012,20261009090210,PW
2026-10-09T00:10:50.065079+00:00,PW013123,09,2,20261009090329,20261008201521,20261009090008,,PW
2026-10-09T00:10:50.065079+00:00,PW013139,56,2,20261009090630,20261009010741,20261009090228,,PW
2026-10-09T00:10:50.065079+00:00,PW013159,02,2,20261009090620,20261008215431,20261009085520,,PW
2026-10-09T00:10:50.065079+00:00,PW013231,25,2,20261009090232,20261008125727,20261008181256,,PW
2026-10-09T00:10:50.065079+00:00,PW013334,07,2,20261009090233,20261008215901,20261009074450,,PW
2026-10-09T00:10:50.065079+00:00,PW013342,09,2,20261009090233,20261009013726,20261009055253,,PW
2026-10-09T00:10:50.065079+00:00,PW013460,04,2,20261009090246,20261008231157,20261009030033,,PW
2026-10-09T00:10:50.065079+00:00,PW014193,09,2,20261009090311,20261008170554,20261008203619,,PW
2026-10-09T00:10:50.065079+00:00,PW014193,11,2,20261009090710,20261008231834,20261009041601,,PW
2026-10-09T00:10:50.065079+00:00,PW014672,04,3,20261009090723,20261009090723,20261008121416,20261009090444,PW
2026-10-09T00:10:50.065079+00:00,PW015148,19,2,20261009090807,20261008204019,20261009003128,,PW
2026-10-09T00:10:50.065079+00:00,PW800803,05,3,20261009090212,20261009090212,20261008223351,20261009085952,PW
2026-10-09T00:10:50.065079+00:00,PW801068,18,2,20261009090321,20261008223305,20261009035240,,PW
2026-10-09T00:10:50.065079+00:00,PW801420,01,2,20261009090334,20261008181235,20261008213244,,PW
2026-10-09T00:10:50.065079+00:00,PW801481,02,3,20261009090737,20261009090737,20261008230905,20261009090703,PW
2026-10-09T00:10:50.065079+00:00,PW801496,05,2,20261009090738,20261008185911,20261009090336,,PW
2026-10-09T00:10:50.065079+00:00,PWE00619,38,2,20261009091007,20261009090110,20261009091007,,PW
2026-10-09T00:10:50.065079+00:00,PWE00863,40,2,20261009091008,20261008212809,20261009091008,,PW
2026-10-09T00:10:50.065079+00:00,PWE01697,12,2,20261009090509,20261008191610,20261009090509,,PW
2026-10-09T00:10:50.065079+00:00,PWE05812,43,2,20261009090509,20261008184009,20261009090509,,PW
2026-10-09T00:10:50.065079+00:00,PWE06341,11,2,20261009090508,20261009010809,20261009090508,,PW
2026-10-09T00:10:50.065079+00:00,SE000038,02,3,20261009090543,20261009090516,20261008153639,20261009090516,SE
2026-10-09T00:10:50.065079+00:00,SE000041,01,2,20261009090143,20261009081159,20261009090114,,SE
2026-10-09T00:10:50.065079+00:00,SE000043,06,2,20261009090243,20261009081421,20261009090241,,SE
2026-10-09T00:10:50.065079+00:00,SE000061,01,2,20261009090943,20261009082533,20261009090845,,SE
2026-10-09T00:10:50.065079+00:00,SE000065,02,2,20261009090943,20261009082215,20261009090854,,SE
2026-10-09T00:10:50.065079+00:00,SE000085,01,3,20261009090343,20261009090337,20261008193339,20261009090337,SE
2026-10-09T00:10:50.065079+00:00,SE000108,01,2,20261009090843,20261009062233,20261009180825,,SE
2026-10-09T00:10:50.065079+00:00,SE000115,01,2,20261009090443,20261009083149,20261009090407,,SE
2026-10-09T00:10:50.065079+00:00,SE000120,01,3,20261009090743,20261009090723,20261009065945,20261009090723,SE
2026-10-09T00:10:50.065079+00:00,SE000188,02,2,20261009090843,20261009083602,20261009090800,,SE
2026-10-09T00:10:50.065079+00:00,SE000191,01,2,20261009090443,20261009081643,20261009090436,,SE
2026-10-09T00:10:50.065079+00:00,SE000204,02,3,20261009090543,20261009090450,20261008150924,20261009090450,SE
2026-10-09T00:10:50.065079+00:00,SE000222,01,2,20261009090743,20261009081720,20261009090705,,SE
2026-10-09T00:10:50.065079+00:00,SF001043,30,2,20261009090511,20261008201401,20261009085908,,SF
2026-10-09T00:10:50.065079+00:00,SF001196,21,2,20261009090456,20261009041833,20261009085924,,SF
2026-10-09T00:10:50.065079+00:00,SF001358,13,3,20261009090505,20261009090505,20260924184749,20261009090146,SF
2026-10-09T00:10:50.065079+00:00,SF002614,06,2,20261009090507,20261008234654,20261009090106,,SF
2026-10-09T00:10:50.065079+00:00,SF002749,84,2,20261009090439,20261008214404,20261009090114,,SF
2026-10-09T00:10:50.065079+00:00,SF002992,32,3,20261009090444,20261009090444,20261009030533,20261009085713,SF
2026-10-09T00:10:50.065079+00:00,SF002992,52,2,20261009090448,20261008222520,20261009090039,,SF
2026-10-09T00:10:50.065079+00:00,SF002992,79,2,20261009090508,20261008230757,20261009090024,,SF
2026-10-09T00:10:50.065079+00:00,SF002993,64,3,20261009090441,20261009090441,20261008232359,20261009084236,SF
2026-10-09T00:10:50.065079+00:00,SF003451,33,2,20261009090444,20261008183704,20261009090044,,SF
2026-10-09T00:10:50.065079+00:00,SF003635,02,2,20261009090501,20261008203841,20261009090059,,SF
2026-10-09T00:10:50.065079+00:00,SF003665,01,3,20261009090508,20261009090508,20261008184032,20261009085536,SF
2026-10-09T00:10:50.065079+00:00,SF003707,01,2,20261009090500,20261009083616,20261009085455,,SF
2026-10-09T00:10:50.065079+00:00,ST111425,02,3,20261009090234,20261009090234,20261009023339,20261009021131,ST
2026-10-09T00:10:50.065079+00:00,ST112001,03,3,20261009090224,20261008192007,20261008231407,20261009090224,ST
2026-10-09T00:10:50.065079+00:00,ST112615,03,3,20261009090502,20261008014249,20261008224631,20261009090502,ST
2026-10-09T00:10:50.065079+00:00,ST113807,01,2,20261009090235,20261009080240,20261009090235,,ST
2026-10-09T00:10:50.065079+00:00,ST113808,01,3,20261009090239,20261009090239,20261009080047,20261009045957,ST
2026-10-09T00:10:50.065079+00:00,ST115016,03,3,20261009090845,20261009090845,20261006095619,20261009090845,ST
2026-10-09T00:10:50.065079+00:00,ST115017,01,2,20261009090648,20261009090052,20261009090648,,ST
2026-10-09T00:10:50.065079+00:00,ST115311,04,3,20261009090638,20261009044453,20261009052620,20261009090638,ST
2026-10-09T00:10:50.065079+00:00,ST115312,02,3,20261009090438,20261009051339,20261009055140,20261009090438,ST
2026-10-09T00:10:50.065079+00:00,ST117109,02,2,20261009090638,20261009071108,20261009090638,,ST
2026-10-09T00:10:50.065079+00:00,ST117112,02,3,20261009090444,20261009030003,20261009081924,20261009090444,ST
2026-10-09T00:10:50.065079+00:00,ST117114,01,3,20261009090437,20261008122942,20261008221657,20261009090437,ST
2026-10-09T00:10:50.065079+00:00,ST117117,01,3,20261009090233,20261009090233,20261009063638,20261009054506,ST
2026-10-09T00:10:50.065079+00:00,ST117119,02,3,20261009090248,20261009021624,20261009074237,20261009090248,ST
2026-10-09T00:10:50.065079+00:00,ST117407,04,3,20261009090053,20261009033902,20261009043122,20261009090053,ST
2026-10-09T00:10:50.065079+00:00,ST600078,02,2,20261009090252,20261009022001,20261009024820,,ST
2026-10-09T00:10:50.065079+00:00,ST600087,01,2,20261009090055,20261009050132,20261009055736,,ST
2026-10-09T00:10:50.065079+00:00,ST600087,02,3,20261009090055,20261009090055,20261009084250,20261009085657,ST
2026-10-09T00:10:50.065079+00:00,ST601333,03,2,20261009090709,20261006114956,20261008140302,,ST
2026-10-09T00:10:50.065079+00:00,ST601470,01,2,20261009090711,20261009082513,20261009090711,,ST
2026-10-09T00:10:50.065079+00:00,ST601472,01,3,20261009090311,20261009085714,20261009085724,20261009090311,ST
2026-10-09T00:10:50.065079+00:00,ST601499,06,3,20261009090918,20260926172610,20260928154033,20261009090918,ST
2026-10-09T00:10:50.065079+00:00,ST601636,02,3,20261009090916,20261006174152,20261007230605,20261009090916,ST
2026-10-09T00:10:50.065079+00:00,ST601646,01,2,20261009090919,20261006191247,20261006203358,,ST
2026-10-09T00:10:50.065079+00:00,SZBA0008,19,3,20261009090646,20261009090646,20261009081548,20261009090646,SZ
2026-10-09T00:10:50.065079+00:00,SZBA0008,20,3,20261009090717,20261009090717,20261009081545,20261009090717,SZ
2026-10-09T00:10:50.065079+00:00,SZBA0017,03,2,20261009090157,20261009083804,20261009090157,,SZ
2026-10-09T00:10:50.065079+00:00,SZBA0017,04,2,20261009090157,20261009083656,20261009090157,,SZ
2026-10-09T00:10:50.065079+00:00,SZBA0018,01,3,20261009090708,20261009090708,20261009072251,20261009090708,SZ
2026-10-09T00:10:50.065079+00:00,SZBA0018,02,3,20261009090634,20261009090634,20261009072148,20261009090634,SZ
2026-10-09T00:10:50.065079+00:00,SZBA0025,01,2,20261009090852,20261009090205,20261009090852,,SZ
2026-10-09T00:10:50.065079+00:00,SZBA0025,02,2,20261009090853,20261009090129,20261009090853,,SZ
2026-10-09T00:10:50.065079+00:00,SZBA0079,02,3,20261009090643,20261009090643,20261009085911,20261009090643,SZ
2026-10-09T00:10:50.065079+00:00,SZBA0108,12,2,20261009090804,20261009085141,20261009090804,,SZ
