fetched_at,statId,chgerId,stat,statUpdDt,lastTsdt,lastTedt,nowTsdt,busiId
2026-10-06T00:01:04.021210+00:00,ME174013,01,2,20261006085732,20261005115649,20261005123751,,ME
2026-10-06T00:01:04.021210+00:00,ME174027,01,2,20261006085741,20261005123348,20261005131709,,ME
2026-10-06T00:01:04.021210+00:00,ME174039,01,2,20261006085745,20261004005209,20261004012940,,ME
2026-10-06T00:01:04.021210+00:00,ME178009,01,2,20261006085742,20261006063654,20261006072300,,ME
2026-10-06T00:01:04.021210+00:00,ME178009,02,2,20261006085750,20261006071945,20261006072910,,ME
2026-10-06T00:01:04.021210+00:00,ME181102,01,2,20261006085754,20261005170023,20261005170648,,ME
2026-10-06T00:01:04.021210+00:00,ME181150,12,2,20261006085758,20261005161041,20261005161457,,ME
2026-10-06T00:01:04.021210+00:00,ME181150,13,2,20261006085755,20261005164229,20261005172550,,ME
2026-10-06T00:01:04.021210+00:00,ME183001,01,2,20261006085800,20261006061204,20261006063430,,ME
2026-10-06T00:01:04.021210+00:00,ME183002,01,2,20261006085815,20261005173438,20261005181744,,ME
2026-10-06T00:01:04.021210+00:00,ME183003,01,2,20261006085818,20261002232940,20261002235428,,ME
2026-10-06T00:01:04.021210+00:00,ME183004,01,2,20261006085825,20261006081146,20261006084556,,ME
2026-10-06T00:01:04.021210+00:00,ME183006,01,3,20261006085834,20261005155940,20261005164245,20261006083717,ME
2026-10-06T00:01:04.021210+00:00,ME183008,01,2,20261006085830,20261005173343,20261005181037,,ME
2026-10-06T00:01:04.021210+00:00,ME183009,01,2,20261006085833,20261002173338,20261002181645,,ME
2026-10-06T00:01:04.021210+00:00,ME183103,01,3,20261006085839,20261006055633,20261006063558,20261006084042,ME
2026-10-06T00:01:04.021210+00:00,ME183103,02,3,20261006085847,20261003131341,20261003135645,20261006084206,ME
2026-10-06T00:01:04.021210+00:00,ME183103,52,2,20261006085839,20261005113113,20261005115854,,ME
2026-10-06T00:01:04.021210+00:00,ME183219,01,3,20261006085853,20261002225815,20261002234120,20261006084343,ME
2026-10-06T00:01:04.021210+00:00,ME183219,02,3,20261006085855,20261006001225,20261006005528,20261006085559,ME
2026-10-06T00:01:04.021210+00:00,ME183219,52,2,20261006085857,20261004210431,20261004214145,,ME
2026-10-06T00:01:04.021210+00:00,ME184075,01,2,20261006085907,20261002111139,20261002125929,,ME
2026-10-06T00:01:04.021210+00:00,ME184076,01,2,20261006085903,20261006072222,20261006080028,,ME
2026-10-06T00:01:04.021210+00:00,ME18B159,01,2,20261006085410,20261003183456,20261003191801,,ME
2026-10-06T00:01:04.021210+00:00,ME18B163,01,2,20261006085420,20261006072042,20261006080652,,ME
2026-10-06T00:01:04.021210+00:00,ME18B164,01,2,20261006085424,20261005154524,20261005161010,,ME
2026-10-06T00:01:04.021210+00:00,ME18B165,01,2,20261006085424,20261006075730,20261006081751,,ME
2026-10-06T00:01:04.021210+00:00,ME18B166,01,2,20261006085433,20261006023810,20261006032116,,ME
2026-10-06T00:01:04.021210+00:00,ME18B168,01,2,20261006085430,20261004062451,20261004070756,,ME
2026-10-06T00:01:04.021210+00:00,ME18B169,01,3,20261006085746,20261006054159,20261006061904,20261006083739,ME
2026-10-06T00:01:04.021210+00:00,ME18B170,01,2,20261006085442,20261005214137,20261005215937,,ME
2026-10-06T00:01:04.021210+00:00,ME18B175,01,2,20261006085448,20261004122529,20261004131139,,ME
2026-10-06T00:01:04.021210+00:00,ME18B176,01,2,20261006085447,20261006071219,20261006075526,,ME
2026-10-06T00:01:04.021210+00:00,ME18B179,01,2,20261006085456,20261005193857,20261005202007,,ME
2026-10-06T00:01:04.021210+00:00,ME18B180,01,3,20261006085504,20261006004924,20261006011332,20261006085500,ME
2026-10-06T00:01:04.021210+00:00,ME18B181,01,2,20261006085506,20261006052408,20261006055354,,ME
2026-10-06T00:01:04.021210+00:00,ME18B183,01,2,20261006085508,20261005161701,20261005163411,,ME
2026-10-06T00:01:04.021210+00:00,ME18B278,11,3,20261006085555,20261006063156,20261006065146,20261006085050,ME
2026-10-06T00:01:04.021210+00:00,ME18B278,12,2,20261006085519,20261006070454,20261006072900,,ME
2026-10-06T00:01:04.021210+00:00,ME18B279,11,2,20261006085519,20261006064102,20261006072630,,ME
2026-10-06T00:01:04.021210+00:00,ME18B279,12,3,20261006085515,20261005201959,20261005203533,20261006084931,ME
2026-10-06T00:01:04.021210+00:00,ME18B284,11,2,20261006085528,20261005134529,20261005142832,,ME
2026-10-06T00:01:04.021210+00:00,ME18B284,12,3,20261006085811,20261005220642,20261005223700,20261006084804,ME
2026-10-06T00:01:04.021210+00:00,ME18B288,11,2,20261006085529,20261005230008,20261005233919,,ME
2026-10-06T00:01:04.021210+00:00,ME18B288,12,2,20261006085528,20261005161240,20261005165546,,ME
2026-10-06T00:01:04.021210+00:00,ME18B408,01,3,20261006085837,20261006063751,20261006071520,20261006084016,ME
2026-10-06T00:01:04.021210+00:00,ME19A152,01,2,20261006085822,20261004223132,20261004223317,,ME
2026-10-06T00:01:04.021210+00:00,ME19A153,01,2,20261006085545,20261006055713,20261006061728,,ME
2026-10-06T00:01:04.021210+00:00,ME19A160,01,2,20261006085438,20261005150014,20261005154020,,ME
2026-10-06T00:01:04.021210+00:00,ME19A164,01,2,20261006085544,20261005163250,20261005165707,,ME
2026-10-06T00:01:04.021210+00:00,ME19A170,01,2,20261006085552,20261004105759,20261004113759,,ME
2026-10-06T00:01:04.021210+00:00,ME19D118,01,2,20261006085732,20261005090430,20261005090518,,ME
2026-10-06T00:01:04.021210+00:00,ME19X403,41,2,20261006085753,20261006071212,20261006075212,,ME
2026-10-06T00:01:04.021210+00:00,ME19X403,42,2,20261006085230,20261005201123,20261005205123,,ME
2026-10-06T00:01:04.021210+00:00,ME19X403,43,2,20261006085458,20261005172213,20261005174417,,ME
2026-10-06T00:01:04.021210+00:00,ME19X403,44,2,20261006085437,20261005203947,20261005210412,,ME
2026-10-06T00:01:04.021210+00:00,ME19X403,45,2,20261006085807,20261006062338,20261006070338,,ME
2026-10-06T00:01:04.021210+00:00,ME19X417,41,2,20261006085604,20260928160118,20260928162510,,ME
2026-10-06T00:01:04.021210+00:00,ME19X417,42,2,20261006085714,20261005020709,20261005022122,,ME
2026-10-06T00:01:04.021210+00:00,ME19X417,43,2,20261006085711,20261005132350,20261005140350,,ME
2026-10-06T00:01:04.021210+00:00,ME19X417,44,2,20261006085159,20261006074812,20261006082812,,ME
2026-10-06T00:01:04.021210+00:00,ME19X417,45,3,20261006085614,20261006074634,20261006082545,20261006083109,ME
2026-10-06T00:01:04.021210+00:00,ME19Y284,21,2,20261006085754,20261003100508,20261003104344,,ME
2026-10-06T00:01:04.021210+00:00,ME19Y284,22,2,20261006085755,20261006051344,20261006053224,,ME
2026-10-06T00:01:04.021210+00:00,ME19Y601,21,2,20261006085822,20261006083218,20261006085341,,ME
2026-10-06T00:01:04.021210+00:00,ME19Y601,22,2,20261006085822,20261006044121,20261006052121,,ME
2026-10-06T00:01:04.021210+00:00,ME19Y601,23,2,20261006085803,20261006051234,20261006055234,,ME
2026-10-06T00:01:04.021210+00:00,ME19Y601,24,2,20261006085803,20261003091119,20261003095119,,ME
2026-10-06T00:01:04.021210+00:00,ME19Y601,25,2,20261006085741,20261006044425,20261006052425,,ME
2026-10-06T00:01:04.021210+00:00,ME19Y601,26,3,20261006085748,20261006034916,20261006041105,20261006081953,ME
2026-10-06T00:01:04.021210+00:00,ME20A193,01,2,20261006085741,20261006000325,20261006002308,,ME
2026-10-06T00:01:04.021210+00:00,ME20A194,01,2,20261006085753,20261006021458,20261006021617,,ME
2026-10-06T00:01:04.021210+00:00,ME20A195,01,2,20261006085736,20261004180723,20261004182419,,ME
2026-10-06T00:01:04.021210+00:00,ME20A196,01,2,20261006085751,20261006053035,20261006060523,,ME
2026-10-06T00:01:04.021210+00:00,ME20A197,01,2,20261006085715,20261006070719,20261006074719,,ME
2026-10-06T00:01:04.021210+00:00,ME20A198,01,2,20261006085741,20261005075959,20261005083959,,ME
2026-10-06T00:01:04.021210+00:00,ME20A199,01,2,20261006085730,20261006033148,20261006041148,,ME
2026-10-06T00:01:04.021210+00:00,ME20A1a0,01,2,20261006085747,20260930211119,20260930212304,,ME
2026-10-06T00:01:04.021210+00:00,ME20A1a1,01,2,20261006085739,20261004133947,20261004141947,,ME
2026-10-06T00:01:04.021210+00:00,ME20A1a2,01,2,20261006085751,20261005232552,20261005234355,,ME
2026-10-06T00:01:04.021210+00:00,ME20A1a3,01,2,20261006085735,20261005192055,20261005194457,,ME
2026-10-06T00:01:04.021210+00:00,ME20A1a4,01,2,20261006085741,20261005153529,20261005161529,,ME
2026-10-06T00:01:04.021210+00:00,ME20A1a5,01,2,20261006085749,20261005210231,20261005214231,,ME
2026-10-06T00:01:04.021210+00:00,ME20A1a6,01,2,20261006085653,20261006081932,20261006085638,,ME
2026-10-06T00:01:04.021210+00:00,ME20A1a7,01,2,20261006085737,20261005152312,20261005160312,,ME
2026-10-06T00:01:04.021210+00:00,ME20A1a8,01,2,20261006085747,20261006065250,20261006073250,,ME
2026-10-06T00:01:04.021210+00:00,ME20A1a9,01,2,20261006085737,20261005230638,20261005234638,,ME
2026-10-06T00:01:04.021210+00:00,ME20A1b0,01,2,20261006085745,20261006000244,20261006004244,,ME
2026-10-06T00:01:04.021210+00:00,ME20A278,21,2,20261006085549,20261005141137,20261005145137,,ME
2026-10-06T00:01:04.021210+00:00,ME20A278,22,2,20261006085549,20261006013607,20261006021451,,ME
2026-10-06T00:01:04.021210+00:00,ME20A279,21,2,20261006085734,20261003133942,20261003141942,,ME
2026-10-06T00:01:04.021210+00:00,ME20A279,22,2,20261006085734,20261005074622,20261005080751,,ME
2026-10-06T00:01:04.021210+00:00,ME20A280,01,3,20261006085445,20261006072501,20261006080501,20261006084439,ME
2026-10-06T00:01:04.021210+00:00,ME20A280,02,3,20261006085510,20261004131801,20261004135801,20261006082457,ME
2026-10-06T00:01:04.021210+00:00,ME20A301,01,2,20261006085753,20261005114303,20261005121841,,ME
2026-10-06T00:01:04.021210+00:00,ME20A301,21,2,20261006085814,20261005164952,20261005172952,,ME
2026-10-06T00:01:04.021210+00:00,ME20A301,22,2,20261006085814,20261004151939,20261004155939,,ME
2026-10-06T00:01:04.021210+00:00,ME20A409,21,2,20261006085737,20261005152530,20261005160530,,ME
2026-10-06T00:01:04.021210+00:00,ME20A409,22,2,20261006085737,20261006062835,20261006063950,,ME
2026-10-06T00:01:04.021210+00:00,ME20A409,23,2,20261006085746,20261006062128,20261006070128,,ME
2026-10-06T00:01:04.021210+00:00,ME20A409,24,2,20261006085746,20261005124107,20261005131020,,ME
2026-10-06T00:01:04.021210+00:00,ME20A410,01,3,20261006085610,20261006082651,20261006084020,20261006084605,ME
2026-10-06T00:01:04.021210+00:00,ME20A410,02,2,20261006085806,20261006070734,20261006072203,,ME
2026-10-06T00:01:04.021210+00:00,ME20A410,03,2,20261006085835,20261006073316,20261006073820,,ME
2026-10-06T00:01:04.021210+00:00,ME20A410,91,3,20261006085547,20261002173633,20261002181633,20261006083537,ME
2026-10-06T00:01:04.021210+00:00,ME20A411,01,3,20261006085541,20261003170056,20261003174033,20261006084034,ME
2026-10-06T00:01:04.021210+00:00,ME20A411,02,2,20261006085830,20261005150452,20261005152742,,ME
2026-10-06T00:01:04.021210+00:00,ME20A411,03,2,20261006085821,20261003143447,20261003151447,,ME
2026-10-06T00:01:04.021210+00:00,ME20A411,04,3,20261006085642,20261002143421,20261002144242,20261006084636,ME
2026-10-06T00:01:04.021210+00:00,ME21B131,01,3,20261006085722,20261004105526,20261004113529,20261006083659,ME
2026-10-06T00:01:04.021210+00:00,ME21B404,01,3,20261006085802,20261005184342,20261005192333,20261006084149,ME
2026-10-06T00:01:04.021210+00:00,ME21C250,21,2,20261006085843,20261006062514,20261006070515,,ME
2026-10-06T00:01:04.021210+00:00,ME21C250,22,2,20261006085843,20261005204933,20261005212110,,ME
2026-10-06T00:01:04.021210+00:00,ME21C251,21,3,20261006085834,20261006035639,20261006041625,20261006084332,ME
2026-10-06T00:01:04.021210+00:00,ME21C251,22,2,20261006085814,20261006075931,20261006081740,,ME
2026-10-06T00:01:04.021210+00:00,ME22C1B8,01,2,20261006085820,20261006005834,20261006012212,,ME
2026-10-06T00:01:04.021210+00:00,ME22C1B9,01,2,20261006085848,20261006053334,20261006061336,,ME
2026-10-06T00:01:04.021210+00:00,ME22C1C0,01,2,20261006085854,20261005232637,20261006000638,,ME
2026-10-06T00:01:04.021210+00:00,ME22C802,01,2,20261006085900,20261005110402,20261005111729,,ME
2026-10-06T00:01:04.021210+00:00,ME22C802,02,3,20261006085904,20261005194319,20261005195245,20261006084838,ME
2026-10-06T00:01:04.021210+00:00,ME22C802,03,3,20261006085847,20261005181008,20261005184043,20261006085545,ME
2026-10-06T00:01:04.021210+00:00,ME22C802,04,2,20261006085858,20261006072125,20261006074213,,ME
2026-10-06T00:01:04.021210+00:00,ME22C802,05,3,20261006085851,20261006073459,20261006081500,20261006084725,ME
2026-10-06T00:01:04.021210+00:00,ME22C802,06,2,20261006085822,20261004112435,20261004113423,,ME
2026-10-06T00:01:04.021210+00:00,ME22C802,07,3,20261006085852,20261004100729,20261004103823,20261006085151,ME
2026-10-06T00:01:04.021210+00:00,ME22C802,08,2,20261006085908,20261004152221,20261004160205,,ME
2026-10-06T00:01:04.021210+00:00,ME22D121,01,2,20261006085823,20261005125104,20261005131126,,ME
2026-10-06T00:01:04.021210+00:00,ME22D134,01,2,20261006085813,20261003080645,20261003084648,,ME
2026-10-06T00:01:04.021210+00:00,ME22D152,01,2,20261006085829,20261003164549,20261003164616,,ME
2026-10-06T00:01:04.021210+00:00,ME22D205,01,2,20261006085907,20261004154327,20261004162330,,ME
2026-10-06T00:01:04.021210+00:00,ME22D205,02,2,20261006085900,20261005202926,20261005204533,,ME
2026-10-06T00:01:04.021210+00:00,ME22D402,01,2,20261006085843,20261006081235,20261006085239,,ME
2026-10-06T00:01:04.021210+00:00,ME22D402,02,2,20261006085859,20261005121340,20261005125342,,ME
2026-10-06T00:01:04.021210+00:00,ME22D402,03,2,20261006085832,20261005203504,20261005205822,,ME
2026-10-06T00:01:04.021210+00:00,ME22D402,04,2,20261006085818,20261006080839,20261006084843,,ME
2026-10-06T00:01:04.021210+00:00,ME22M301,01,2,20261006085900,20261005221659,20261005223628,,ME
2026-10-06T00:01:04.021210+00:00,ME22M301,02,2,20261006085849,20261006061056,20261006063549,,ME
2026-10-06T00:01:04.021210+00:00,ME22M301,81,2,20261006085845,20261006064946,20261006072917,,ME
2026-10-06T00:01:04.021210+00:00,ME22M301,82,2,20261006085722,20261006031815,20261006034111,,ME
2026-10-06T00:01:04.021210+00:00,ME22M301,83,2,20261006085844,20261006070745,20261006074747,,ME
2026-10-06T00:01:04.021210+00:00,ME22M301,84,2,20261006085903,20261005234838,20261006001804,,ME
2026-10-06T00:01:04.021210+00:00,ME22M302,12,2,20261006085211,20260817104012,20260817112018,,ME
2026-10-06T00:01:04.021210+00:00,ME22M302,29,9,20261006085310,20261005143235,20261005145256,,ME
2026-10-06T00:01:04.021210+00:00,ME22M302,33,2,20261006085822,20261005142121,20261005150123,,ME
2026-10-06T00:01:04.021210+00:00,ME22M302,34,2,20261006085855,20261005131412,20261005133447,,ME
2026-10-06T00:01:04.021210+00:00,ME22M302,35,2,20261006085907,20261004112217,20261004120003,,ME
2026-10-06T00:01:04.021210+00:00,ME22M302,36,2,20261006085901,20261005145348,20261005153349,,ME
2026-10-06T00:01:04.021210+00:00,ME25A102,01,2,20261006085636,20261006022514,20261006030534,,ME
2026-10-06T00:01:04.021210+00:00,ME25A107,01,3,20261006085804,20261002103943,20261002111957,20261006085755,ME
2026-10-06T00:01:04.021210+00:00,ME25A108,01,2,20261006085640,20261004081725,20261004085744,,ME
2026-10-06T00:01:04.021210+00:00,ME25A109,01,2,20261006085635,20261002200916,20261002201914,,ME
2026-10-06T00:01:04.021210+00:00,ME25A401,21,2,20261006085637,20261003182029,20261003185230,,ME
2026-10-06T00:01:04.021210+00:00,ME25A401,22,2,20261006085639,20261004114055,20261004114511,,ME
2026-10-06T00:01:04.021210+00:00,ME25A401,23,2,20261006085653,20261005223143,20261005230339,,ME
2026-10-06T00:01:04.021210+00:00,ME25A401,24,2,20261006085655,20261006073342,20261006080136,,ME
2026-10-06T00:01:04.021210+00:00,ME25A403,21,2,20261006085635,20261002180444,20261002182029,,ME
2026-10-06T00:01:04.021210+00:00,ME25A403,22,2,20261006085637,20260923065817,20260923073818,,ME
2026-10-06T00:01:04.021210+00:00,ME25A403,23,2,20261006085706,20261001125825,20261001174231,,ME
2026-10-06T00:01:04.021210+00:00,ME25A403,24,2,20261006085709,20261004092609,20261004094039,,ME
2026-10-06T00:01:04.021210+00:00,ME25A404,21,2,20261006085718,20261005151843,20261005155529,,ME
2026-10-06T00:01:04.021210+00:00,ME25A404,22,2,20261006085720,20261006070056,20261006073812,,ME
2026-10-06T00:01:04.021210+00:00,ME25A404,23,2,20261006085731,20261002090455,20261002211021,,ME
2026-10-06T00:01:04.021210+00:00,ME25A404,24,2,20261006085733,20260915112557,20260915120602,,ME
2026-10-06T00:01:04.021210+00:00,ME25A405,21,2,20261006085745,20261005230502,20261005231501,,ME
2026-10-06T00:01:04.021210+00:00,ME25A405,22,2,20261006085747,20261005221129,20261005224358,,ME
2026-10-06T00:01:04.021210+00:00,ME25A405,23,2,20261006085737,20261004150548,20261004152344,,ME
2026-10-06T00:01:04.021210+00:00,ME25A405,24,2,20261006085739,20261004175417,20261004180108,,ME
2026-10-06T00:01:04.021210+00:00,ME25A406,21,2,20261006085751,20261004161014,20261004163749,,ME
2026-10-06T00:01:04.021210+00:00,ME25A406,22,2,20261006085753,20261006053421,20261006055434,,ME
2026-10-06T00:01:04.021210+00:00,ME25A406,23,2,20261006085814,20261005142858,20261005145944,,ME
2026-10-06T00:01:04.021210+00:00,ME25A406,24,2,20261006085816,20260928125427,20260928131758,,ME
2026-10-06T00:01:04.021210+00:00,BNBN0180,02,3,20261006085702,20261004214103,20261004222202,20261004214103,BN
2026-10-06T00:01:04.021210+00:00,BNBN0864,01,2,20261006085707,20261006081905,20261006085430,,BN
2026-10-06T00:01:04.021210+00:00,BNBN0873,01,3,20261006085707,20261005182334,20261005190914,20261005182334,BN
2026-10-06T00:01:04.021210+00:00,BT000174,02,3,20261006085916,20261006085916,20261006062902,20261006085916,BT
2026-10-06T00:01:04.021210+00:00,BT200001,03,3,20261006090008,20261006090008,20261006090008,20261006090008,BT
2026-10-06T00:01:04.021210+00:00,BT200001,05,2,20261006090010,20261006090008,20261006090010,,BT
2026-10-06T00:01:04.021210+00:00,BT200001,12,3,20261006090008,20261006090008,20261006090002,20261006090008,BT
2026-10-06T00:01:04.021210+00:00,BT200001,15,3,20261006085941,20261006085941,20261006085941,20261006085941,BT
2026-10-06T00:01:04.021210+00:00,CA000107,11,9,20261006085810,20260928174950,20260928174950,,CA
2026-10-06T00:01:04.021210+00:00,CA000107,21,9,20261006085810,20260909115450,20260909115450,,CA
2026-10-06T00:01:04.021210+00:00,CI0I0001,12,3,20261006085521,20261006085521,20261002131506,20261006085521,CI
2026-10-06T00:01:04.021210+00:00,CR000244,01,3,20261006085958,20261006085958,20261006085909,20261006085958,CR
2026-10-06T00:01:04.021210+00:00,CRCR0030,01,2,20261006085419,20261006083757,20261006085419,,CR
2026-10-06T00:01:04.021210+00:00,CRCR0030,02,2,20261006085425,20261006083843,20261006085425,,CR
2026-10-06T00:01:04.021210+00:00,CS298885,01,2,20261006090001,20261006054000,20261006090001,,CS
2026-10-06T00:01:04.021210+00:00,CU200009,01,3,20261006085517,20261006084023,20261006052208,20261006084023,CU
2026-10-06T00:01:04.021210+00:00,CV000114,03,3,20261006085516,20261006085400,20261006085415,20261006085516,CV
2026-10-06T00:01:04.021210+00:00,CV000685,02,3,20261006085519,20261006085232,20261006085241,20261006085232,CV
2026-10-06T00:01:04.021210+00:00,CV001112,03,3,20261006085521,20261006085417,20261006085425,20261006085521,CV
2026-10-06T00:01:04.021210+00:00,CV001243,04,3,20261006085521,20261006085130,20261006085139,20261006085521,CV
2026-10-06T00:01:04.021210+00:00,CV001596,03,3,20261006085524,20261006085142,20261006085154,20261006085524,CV
2026-10-06T00:01:04.021210+00:00,CV002274,29,3,20261006085544,20261006085100,20261006085108,20261006085544,CV
2026-10-06T00:01:04.021210+00:00,CV002572,01,2,20261006085533,20261006010855,20261006085354,,CV
2026-10-06T00:01:04.021210+00:00,CV002593,02,2,20261006085531,20261006075443,20261006085446,,CV
2026-10-06T00:01:04.021210+00:00,CV002836,03,3,20261006085541,20261006085143,20261006085150,20261006085541,CV
2026-10-06T00:01:04.021210+00:00,CV003270,01,3,20261006085539,20261006085226,20261006085222,20261006085226,CV
2026-10-06T00:01:04.021210+00:00,CV003960,04,2,20261006085548,20261006073430,20261006085142,,CV
2026-10-06T00:01:04.021210+00:00,CV004038,03,2,20261006085548,20261006080937,20261006085206,,CV
2026-10-06T00:01:04.021210+00:00,CV004073,04,3,20261006085547,20261006085317,20261006085317,20261006085317,CV
2026-10-06T00:01:04.021210+00:00,CV004090,02,3,20261006085549,20261006085049,20261006085046,20261006085049,CV
2026-10-06T00:01:04.021210+00:00,CV004473,04,2,20261006085550,20261006080626,20261006085103,,CV
2026-10-06T00:01:04.021210+00:00,CV004754,02,2,20261006085552,20261006080752,20261006085336,,CV
2026-10-06T00:01:04.021210+00:00,CV004754,06,2,20261006085552,20261006080736,20261006085350,,CV
2026-10-06T00:01:04.021210+00:00,DO000050,01,3,20261006085109,20261006085109,20261006085055,20261006085109,DO
2026-10-06T00:01:04.021210+00:00,EABYDYS0,01,3,20261006090000,20261006090000,20261005181500,20261006090000,EA
2026-10-06T00:01:04.021210+00:00,EASCLYP1,02,3,20261006090000,20261006090000,20260929173000,20261006090000,EA
2026-10-06T00:01:04.021210+00:00,EC000210,04,3,20261006090002,20261005095352,20261005121818,20261005095352,EC
2026-10-06T00:01:04.021210+00:00,EC000569,01,2,20261006085601,20261005213812,20261005233726,,EC
2026-10-06T00:01:04.021210+00:00,EC001018,08,3,20261006085401,20261006085401,20261001204953,20261006085401,EC
2026-10-06T00:01:04.021210+00:00,EC002393,02,3,20261006085201,20261006085022,20261005203742,20261006085022,EC
2026-10-06T00:01:04.021210+00:00,EC004810,01,2,20261006085402,20261006071316,20261006085312,,EC
2026-10-06T00:01:04.021210+00:00,EC004810,04,3,20261006085802,20261006085707,20261005194317,20261006085707,EC
2026-10-06T00:01:04.021210+00:00,EC004960,03,2,20261006085802,20261006073836,20261006085651,,EC
2026-10-06T00:01:04.021210+00:00,EC110021,03,3,20261006085202,20261006085022,20261002222644,20261006085022,EC
2026-10-06T00:01:04.021210+00:00,EC110042,01,3,20261006085402,20261006085249,20261004180036,20261006085249,EC
2026-10-06T00:01:04.021210+00:00,EC110042,02,3,20261006085602,20261006085518,20261004140528,20261006085518,EC
2026-10-06T00:01:04.021210+00:00,EC110104,11,2,20261006085202,20261006081054,20261006082547,,EC
2026-10-06T00:01:04.021210+00:00,EC110126,01,3,20261006085202,20261006085102,20261002102642,20261006085102,EC
2026-10-06T00:01:04.021210+00:00,EP210167,02,3,20261006085604,20261006085604,20261006051029,20261006074604,EP
2026-10-06T00:01:04.021210+00:00,ER000289,03,2,20261006085856,20261005202928,20261005135901,,ER
2026-10-06T00:01:04.021210+00:00,ER000389,06,3,20261006085155,20261005223500,20261005180142,20261006085155,ER
2026-10-06T00:01:04.021210+00:00,ER000397,31,2,20261006085927,20261005232004,20261005210618,,ER
2026-10-06T00:01:04.021210+00:00,ER000460,03,2,20261006085700,20261006000001,20261005221343,,ER
2026-10-06T00:01:04.021210+00:00,ER000460,09,2,20261006085557,20261005223903,20261005200520,,ER
2026-10-06T00:01:04.021210+00:00,ER000553,03,2,20261006085118,20261006012827,20261005220621,,ER
2026-10-06T00:01:04.021210+00:00,ER000558,22,2,20261006085223,20261005221507,20261005191641,,ER
2026-10-06T00:01:04.021210+00:00,EV000411,01,3,20261006085618,20261003144256,20261004001853,20261006085546,EV
2026-10-06T00:01:04.021210+00:00,EV000828,05,3,20261006085821,20261004135910,20261004181506,20261006085615,EV
2026-10-06T00:01:04.021210+00:00,EV001178,02,2,20261006085417,20261006014608,20261006085135,,EV
2026-10-06T00:01:04.021210+00:00,EV001457,03,2,20261006085218,20261005201035,20261006085048,,EV
2026-10-06T00:01:04.021210+00:00,EV001738,02,3,20261006085418,20261004182418,20261004195812,20261006085334,EV
2026-10-06T00:01:04.021210+00:00,EV002941,03,3,20261006085418,20261005105809,20261005223223,20261006085254,EV
2026-10-06T00:01:04.021210+00:00,EV003123,01,2,20261006085326,20261005161706,20261005210132,,EV
2026-10-06T00:01:04.021210+00:00,EV003306,01,2,20261006085822,20261003210139,20261003231140,,EV
2026-10-06T00:01:04.021210+00:00,EV003900,03,3,20261006085326,20261003215755,20261004023521,20261006014805,EV
2026-10-06T00:01:04.021210+00:00,EV004033,01,2,20261006085621,20261005174537,20261006001741,,EV
2026-10-06T00:01:04.021210+00:00,EV004034,02,2,20261006085218,20261005205636,20261006053540,,EV
2026-10-06T00:01:04.021210+00:00,EV004264,02,2,20261006085820,20261006075107,20261006085719,,EV
2026-10-06T00:01:04.021210+00:00,EV005111,04,2,20261006085616,20261006083819,20261006085404,,EV
2026-10-06T00:01:04.021210+00:00,EV005180,04,2,20261006085619,20261005190226,20261006045139,,EV
2026-10-06T00:01:04.021210+00:00,EV005209,02,3,20261006085821,20261005220848,20261006030520,20261006085804,EV
2026-10-06T00:01:04.021210+00:00,EV005688,02,2,20261006085821,20261005205500,20261006014033,,EV
2026-10-06T00:01:04.021210+00:00,EV005893,02,2,20261006085621,20261005163128,20261005234552,,EV
2026-10-06T00:01:04.021210+00:00,EV005951,03,2,20261006085417,20261005213559,20261005233624,,EV
2026-10-06T00:01:04.021210+00:00,EV005989,01,2,20261006085218,20261005194107,20261005220422,,EV
2026-10-06T00:01:04.021210+00:00,EV006150,02,2,20261006085218,20261005163456,20261006002823,,EV
2026-10-06T00:01:04.021210+00:00,EV006266,04,2,20261006085617,20261006082659,20261006091832,,EV
2026-10-06T00:01:04.021210+00:00,EV006828,07,3,20261006085621,20261004222328,20261005025359,20261006085427,EV
2026-10-06T00:01:04.021210+00:00,EV006887,02,9,20261006085821,20261005193146,20261005204312,,EV
2026-10-06T00:01:04.021210+00:00,EV006963,05,3,20261006085822,20261003135022,20261003180323,20261006085822,EV
2026-10-06T00:01:04.021210+00:00,EV006967,02,3,20261006085216,20261002075613,20261002101757,20261006085103,EV
2026-10-06T00:01:04.021210+00:00,EV006967,05,3,20261006085216,20261002122115,20261002190302,20261006085103,EV
2026-10-06T00:01:04.021210+00:00,EV006967,06,3,20261006085418,20260929210530,20260929225930,20261006085255,EV
2026-10-06T00:01:04.021210+00:00,EV006968,04,2,20261006085418,20261002090605,20261002153122,,EV
2026-10-06T00:01:04.021210+00:00,EV007450,01,2,20261006085330,20261006080321,20261006085141,,EV
2026-10-06T00:01:04.021210+00:00,EV007561,01,2,20261006085418,20261005182053,20261006005659,,EV
2026-10-06T00:01:04.021210+00:00,EV007627,03,2,20261006085822,20261005073115,20261005185409,,EV
2026-10-06T00:01:04.021210+00:00,EV007954,01,2,20261006085820,20261004095317,20261004105344,,EV
2026-10-06T00:01:04.021210+00:00,EV007954,02,2,20261006085820,20261004074723,20261004092403,,EV
2026-10-06T00:01:04.021210+00:00,EV008125,01,3,20261006085619,20261002075715,20261002120356,20261006075443,EV
2026-10-06T00:01:04.021210+00:00,EV008342,02,2,20261006085618,20261002134306,20261002134310,,EV
2026-10-06T00:01:04.021210+00:00,EV008841,08,2,20261006085823,20261005185940,20261006045853,,EV
2026-10-06T00:01:04.021210+00:00,EV008855,02,2,20261006085417,20260916160836,20260917002053,,EV
2026-10-06T00:01:04.021210+00:00,EV008903,01,2,20261006085215,20261005200619,20261005210128,,EV
2026-10-06T00:01:04.021210+00:00,EV008962,01,3,20261006085214,20260930085128,20260930094618,20261006085057,EV
2026-10-06T00:01:04.021210+00:00,EV008979,02,2,20261006085822,20261006073359,20261006085108,,EV
2026-10-06T00:01:04.021210+00:00,EV008990,01,3,20261006085618,20261006060016,20261006084743,20261006085431,EV
2026-10-06T00:01:04.021210+00:00,EV009026,02,2,20261006085620,20261005184129,20261006003418,,EV
2026-10-06T00:01:04.021210+00:00,EV010372,09,3,20261006085820,20261006060610,20261006071608,20261006085757,EV
2026-10-06T00:01:04.021210+00:00,EV010469,01,2,20261006085218,20261005220129,20261006084842,,EV
2026-10-06T00:01:04.021210+00:00,EV010703,06,9,20261006085823,20261005204139,20261005223311,,EV
2026-10-06T00:01:04.021210+00:00,EV010974,03,2,20261006085617,20261005203716,20261006075646,,EV
2026-10-06T00:01:04.021210+00:00,EV010981,03,2,20261006085418,20261005220801,20261006011631,,EV
2026-10-06T00:01:04.021210+00:00,EV011151,01,2,20261006085218,20261005211639,20261006024450,,EV
2026-10-06T00:01:04.021210+00:00,EV011523,01,3,20261006085213,20261004124728,20261004145853,20261006085147,EV
2026-10-06T00:01:04.021210+00:00,EV011523,04,3,20261006085819,20261005141135,20261005170415,20261006085819,EV
2026-10-06T00:01:04.021210+00:00,EV011750,06,2,20261006085621,20261005213419,20261006055246,,EV
2026-10-06T00:01:04.021210+00:00,EV011810,02,2,20261006085214,20261004201804,20261005013141,,EV
2026-10-06T00:01:04.021210+00:00,EV011840,03,3,20261006085215,20261005161848,20261005201603,20261006085140,EV
2026-10-06T00:01:04.021210+00:00,EV012060,02,3,20261006085417,20261005005810,20261005085534,20261006010733,EV
2026-10-06T00:01:04.021210+00:00,EV012691,05,2,20261006085820,20261005150545,20261005173237,,EV
2026-10-06T00:01:04.021210+00:00,EV012714,03,2,20261006085417,20261004192820,20261005013546,,EV
2026-10-06T00:01:04.021210+00:00,EV012736,01,3,20261006085218,20260930085415,20260930101654,20261006085157,EV
2026-10-06T00:01:04.021210+00:00,EV012744,04,2,20261006085215,20261006011126,20261006073528,,EV
2026-10-06T00:01:04.021210+00:00,EV012801,02,2,20261006085621,20261002174501,20261002200316,,EV
2026-10-06T00:01:04.021210+00:00,EV012803,02,2,20261006085823,20261005174807,20261005190312,,EV
2026-10-06T00:01:04.021210+00:00,EV012805,01,3,20261006085621,20261003144527,20261003180941,20261006085535,EV
2026-10-06T00:01:04.021210+00:00,EV012811,03,2,20261006085218,20261005123218,20261005185836,,EV
2026-10-06T00:01:04.021210+00:00,EV012826,01,3,20261006085619,20261002152816,20261002191825,20261006085514,EV
2026-10-06T00:01:04.021210+00:00,EV012876,06,3,20261006085329,20261002085043,20261002133533,20261006085329,EV
2026-10-06T00:01:04.021210+00:00,EV013173,03,3,20261006085331,20261001151059,20261001173509,20261006085225,EV
2026-10-06T00:01:04.021210+00:00,EV013174,04,3,20261006085419,20261002091246,20261002164355,20261006085332,EV
2026-10-06T00:01:04.021210+00:00,EV013174,06,3,20261006085823,20261002085341,20261002142227,20261006085728,EV
2026-10-06T00:01:04.021210+00:00,EV013198,04,3,20261006085216,20261006085031,20261006085143,20261006085216,EV
2026-10-06T00:01:04.021210+00:00,EV013257,02,2,20261006085217,20261006080756,20261006085104,,EV
2026-10-06T00:01:04.021210+00:00,EV013380,02,2,20261006085416,20261005162314,20261005193845,,EV
2026-10-06T00:01:04.021210+00:00,EV013427,01,2,20261006085420,20261005220309,20261006061505,,EV
2026-10-06T00:01:04.021210+00:00,EV013537,08,3,20261006085621,20261005160925,20261005171530,20261006085446,EV
2026-10-06T00:01:04.021210+00:00,EV013843,02,2,20261006085820,20261005155320,20261005194553,,EV
2026-10-06T00:01:04.021210+00:00,EV013899,02,3,20261006085415,20261005154220,20261005201859,20261006085337,EV
2026-10-06T00:01:04.021210+00:00,EV013950,01,2,20261006085216,20261006005305,20261006082439,,EV
2026-10-06T00:01:04.021210+00:00,EV013961,02,2,20261006085219,20261005223608,20261006054345,,EV
2026-10-06T00:01:04.021210+00:00,EV014166,02,2,20261006085620,20261005222429,20261006085447,,EV
2026-10-06T00:01:04.021210+00:00,EV014188,01,2,20261006085418,20261005162145,20261005225401,,EV
2026-10-06T00:01:04.021210+00:00,EV014495,05,2,20261006085618,20261006084239,20261006085538,,EV
2026-10-06T00:01:04.021210+00:00,EV014498,01,3,20261006085417,20261002094912,20261002192310,20261006085417,EV
2026-10-06T00:01:04.021210+00:00,EV014498,02,3,20261006085215,20261002091438,20261002123433,20261006085132,EV
2026-10-06T00:01:04.021210+00:00,EV015103,03,2,20261006085820,20261006072610,20261006085659,,EV
2026-10-06T00:01:04.021210+00:00,EV015132,01,2,20261006085417,20261005161520,20261006033128,,EV
2026-10-06T00:01:04.021210+00:00,EV015765,03,3,20261006085417,20261005164318,20261005183001,20261006085256,EV
2026-10-06T00:01:04.021210+00:00,EV015886,01,2,20261006085416,20261005184203,20261005232714,,EV
2026-10-06T00:01:04.021210+00:00,EV016031,04,2,20261006085616,20261005213222,20261006023950,,EV
2026-10-06T00:01:04.021210+00:00,EV016166,01,2,20261006085618,20261005225534,20261006023834,,EV
2026-10-06T00:01:04.021210+00:00,EV016221,05,2,20261006085214,20261005224305,20261006085004,,EV
2026-10-06T00:01:04.021210+00:00,EV016450,01,2,20261006085419,20261006002045,20261006024730,,EV
2026-10-06T00:01:04.021210+00:00,EV016764,02,2,20261006085326,20261005112847,20261005175159,,EV
2026-10-06T00:01:04.021210+00:00,EV017004,01,2,20261006085822,20261005175459,20261005215703,,EV
2026-10-06T00:01:04.021210+00:00,EV017712,01,3,20261006085219,20261005195422,20261006045205,20261006085219,EV
2026-10-06T00:01:04.021210+00:00,EV017782,02,3,20261006085616,20261005082613,20261005094740,20261006085616,EV
2026-10-06T00:01:04.021210+00:00,EV017832,02,2,20261006085215,20261005183245,20261005213155,,EV
2026-10-06T00:01:04.021210+00:00,EV017839,05,3,20261006085616,20261005194910,20261005223950,20261006085511,EV
2026-10-06T00:01:04.021210+00:00,EV017856,07,2,20261006085217,20261005215539,20261006041731,,EV
2026-10-06T00:01:04.021210+00:00,EV017922,07,2,20261006085620,20261006064606,20261006073620,,EV
2026-10-06T00:01:04.021210+00:00,EV017925,02,2,20261006085823,20261005221935,20261006023310,,EV
2026-10-06T00:01:04.021210+00:00,EV017932,06,2,20261006085823,20261005165057,20261005180146,,EV
2026-10-06T00:01:04.021210+00:00,EV018115,03,3,20261006085616,20261005132649,20261005151244,20261006085435,EV
2026-10-06T00:01:04.021210+00:00,EV018228,04,3,20261006085619,20261002081437,20261002143849,20261006085542,EV
2026-10-06T00:01:04.021210+00:00,EV018361,08,3,20261006085219,20261005171900,20261005201151,20261006085042,EV
2026-10-06T00:01:04.021210+00:00,EV018368,02,2,20261006085820,20261005193342,20261006040859,,EV
2026-10-06T00:01:04.021210+00:00,EV018390,01,2,20261006085615,20261005215644,20261006023724,,EV
2026-10-06T00:01:04.021210+00:00,EV018447,02,2,20261006085419,20261005195553,20261005225653,,EV
2026-10-06T00:01:04.021210+00:00,EV018598,02,2,20261006085217,20261005185932,20261005230527,,EV
2026-10-06T00:01:04.021210+00:00,EV018646,01,3,20261006085820,20261005173427,20261006013442,20261006085640,EV
2026-10-06T00:01:04.021210+00:00,EV018783,01,2,20261006085219,20261006075034,20261006085126,,EV
2026-10-06T00:01:04.021210+00:00,EV018895,03,2,20261006085617,20261005165041,20261005221112,,EV
2026-10-06T00:01:04.021210+00:00,EV018911,03,2,20261006085215,20261005110136,20261006010134,,EV
2026-10-06T00:01:04.021210+00:00,EV018986,06,3,20261006085620,20261004204003,20261004220608,20261006085437,EV
2026-10-06T00:01:04.021210+00:00,EV018986,10,2,20261006085620,20261005234545,20261006061410,,EV
2026-10-06T00:01:04.021210+00:00,EV019214,05,2,20261006085214,20261005202225,20261006005417,,EV
2026-10-06T00:01:04.021210+00:00,EV019224,08,2,20261006085416,20261005215545,20261006052852,,EV
2026-10-06T00:01:04.021210+00:00,EV019283,03,2,20261006085819,20261005224603,20261006000822,,EV
2026-10-06T00:01:04.021210+00:00,EV019386,04,2,20261006085418,20261005180714,20261005235225,,EV
2026-10-06T00:01:04.021210+00:00,EV019396,04,2,20261006085416,20261005201556,20261005210356,,EV
2026-10-06T00:01:04.021210+00:00,EV019410,03,3,20261006085820,20261002151904,20261002204937,20261006085719,EV
2026-10-06T00:01:04.021210+00:00,EV019479,02,2,20261006085819,20261005220447,20261006085736,,EV
2026-10-06T00:01:04.021210+00:00,EV019675,02,2,20261006085218,20261005212620,20261006004536,,EV
2026-10-06T00:01:04.021210+00:00,EV019836,01,3,20261006085616,20261003102754,20261003124814,20261006085546,EV
2026-10-06T00:01:04.021210+00:00,EV019838,01,3,20261006085820,20261003225102,20261004043108,20261006085633,EV
2026-10-06T00:01:04.021210+00:00,EV019841,01,2,20261006085616,20261005180358,20261005225732,,EV
2026-10-06T00:01:04.021210+00:00,EV019853,01,2,20261006085620,20261005190658,20261005205218,,EV
2026-10-06T00:01:04.021210+00:00,EV020166,03,2,20261006085218,20261005200351,20261006015115,,EV
2026-10-06T00:01:04.021210+00:00,EV020167,05,2,20261006085326,20261005210944,20261006034447,,EV
2026-10-06T00:01:04.021210+00:00,EV020432,01,2,20261006085820,20261005174953,20261005204311,,EV
2026-10-06T00:01:04.021210+00:00,HD000013,01,3,20261006090001,20261006051228,20261006054237,20261006051228,HD
2026-10-06T00:01:04.021210+00:00,HD000013,02,2,20261006090001,20261006044321,20261006044341,,HD
2026-10-06T00:01:04.021210+00:00,HD000013,03,2,20261006090001,20261006075040,20261006075143,,HD
2026-10-06T00:01:04.021210+00:00,HD000013,04,2,20261006090001,20261006002640,20261006010830,,HD
2026-10-06T00:01:04.021210+00:00,HD000013,05,2,20261006090001,20261005002953,20261005005702,,HD
2026-10-06T00:01:04.021210+00:00,HD000013,06,2,20261006090001,20261006040940,20261006041230,,HD
2026-10-06T00:01:04.021210+00:00,HD000017,01,2,20261006090001,20261005195327,20261005201130,,HD
2026-10-06T00:01:04.021210+00:00,HD000017,02,2,20261006090001,20261005211214,20261005213434,,HD
2026-10-06T00:01:04.021210+00:00,HD000017,03,2,20261006090001,20261004235816,20261005002009,,HD
2026-10-06T00:01:04.021210+00:00,HD000023,01,2,20261006090001,20261006081436,20261006083306,,HD
2026-10-06T00:01:04.021210+00:00,HD000023,03,2,20261006090001,20261006065328,20261006073016,,HD
2026-10-06T00:01:04.021210+00:00,HD000023,04,2,20261006090001,20261006053135,20261006055100,,HD
2026-10-06T00:01:04.021210+00:00,HD000023,05,2,20261006090001,20261006073903,20261006081146,,HD
2026-10-06T00:01:04.021210+00:00,HD000023,06,2,20261006090001,20261005133837,20261005134024,,HD
2026-10-06T00:01:04.021210+00:00,HD000039,01,2,20261006090002,20261006033317,20261006035206,,HD
2026-10-06T00:01:04.021210+00:00,HD000039,02,2,20261006090002,20261004154040,20261004160335,,HD
2026-10-06T00:01:04.021210+00:00,HD000039,03,2,20261006090002,20261006045523,20261006051602,,HD
2026-10-06T00:01:04.021210+00:00,HD000039,04,2,20261006090002,20261005203332,20261005210652,,HD
2026-10-06T00:01:04.021210+00:00,HD000040,01,2,20261006090002,20261005174548,20261005174620,,HD
2026-10-06T00:01:04.021210+00:00,HD000040,02,2,20261006090002,20261005174632,20261005181155,,HD
2026-10-06T00:01:04.021210+00:00,HD000040,03,2,20261006090002,20261005233725,20261006000949,,HD
2026-10-06T00:01:04.021210+00:00,HD000040,04,2,20261006090002,20261003094447,20261003094930,,HD
2026-10-06T00:01:04.021210+00:00,HE191963,02,3,20261006085600,20261006085600,20261006085200,20261006085600,HE
2026-10-06T00:01:04.021210+00:00,HE240191,01,3,20261006090000,20261006090000,20261005222311,20261006090000,HE
2026-10-06T00:01:04.021210+00:00,HE240193,01,3,20261006090000,20261006090000,20261002224719,20261006090000,HE
2026-10-06T00:01:04.021210+00:00,HE240401,01,2,20261006090000,20261002131202,20261002141550,,HE
2026-10-06T00:01:04.021210+00:00,HE240401,02,2,20261006090000,20261003094400,20261003103043,,HE
2026-10-06T00:01:04.021210+00:00,HE240401,03,2,20261006090000,20261004173959,20261004200055,,HE
2026-10-06T00:01:04.021210+00:00,HE240415,05,2,20261006090000,20261005184105,20261005215350,,HE
2026-10-06T00:01:04.021210+00:00,HE240457,04,2,20261006085200,20261005213000,20261006085200,,HE
2026-10-06T00:01:04.021210+00:00,HM000065,02,3,20261006085200,20261005195125,20261005215825,20261006085111,HM
2026-10-06T00:01:04.021210+00:00,HM000066,21,3,20261006085601,20261006001817,20261006062259,20261006085418,HM
2026-10-06T00:01:04.021210+00:00,HM000106,03,3,20261006085801,20260930085527,20260930144002,20261006085658,HM
2026-10-06T00:01:04.021210+00:00,HM000122,01,3,20261006085801,20261002102431,20261002165008,20261006085654,HM
2026-10-06T00:01:04.021210+00:00,HM001012,03,2,20261006085214,20261006075500,20261006085038,,HM
2026-10-06T00:01:04.021210+00:00,HM001251,05,3,20261006085814,20261002132024,20261002195954,20261006085643,HM
2026-10-06T00:01:04.021210+00:00,HM001278,01,3,20261006085414,20261005095434,20261005130421,20261006085253,HM
2026-10-06T00:01:04.021210+00:00,HM001396,28,3,20261006085815,20261003165123,20261003172941,20261006085716,HM
2026-10-06T00:01:04.021210+00:00,HM001668,01,3,20261006085220,20260927172603,20260927232336,20261006085025,HM
2026-10-06T00:01:04.021210+00:00,HM001714,01,3,20261006085220,20261002074815,20261002160758,20261006085112,HM
2026-10-06T00:01:04.021210+00:00,HM001799,01,3,20261006085221,20261005180419,20261005202735,20261006085058,HM
2026-10-06T00:01:04.021210+00:00,HM110047,01,3,20261006085625,20261005074228,20261005115413,20261006085453,HM
2026-10-06T00:01:04.021210+00:00,HM110116,17,3,20261006085821,20261005105404,20261005144136,20261006085620,HM
2026-10-06T00:01:04.021210+00:00,HM110158,10,2,20261006085223,20261006075537,20261006085021,,HM
2026-10-06T00:01:04.021210+00:00,HM110158,13,2,20261006085223,20261006084121,20261006085155,,HM
2026-10-06T00:01:04.021210+00:00,HM110195,02,2,20261006085420,20261006070906,20261006085209,,HM
2026-10-06T00:01:04.021210+00:00,HM110198,09,2,20261006085420,20261006071239,20261006074439,,HM
2026-10-06T00:01:04.021210+00:00,HM110208,04,3,20261006085420,20261002093437,20261002131102,20261006085243,HM
2026-10-06T00:01:04.021210+00:00,HM110219,08,3,20261006085224,20261005190353,20261005193146,20261006085113,HM
2026-10-06T00:01:04.021210+00:00,HM110219,10,3,20261006085420,20261003150306,20261003153537,20261006085319,HM
2026-10-06T00:01:04.021210+00:00,HM110219,12,3,20261006085224,20261003110423,20261003160649,20261006085043,HM
2026-10-06T00:01:04.021210+00:00,HM110280,03,3,20261006085225,20261002085139,20261002160743,20261006085014,HM
2026-10-06T00:01:04.021210+00:00,HM110306,06,2,20261006085421,20261006075957,20261006084858,,HM
2026-10-06T00:01:04.021210+00:00,HM110307,05,3,20261006085421,20261002151318,20261002174919,20261006085251,HM
2026-10-06T00:01:04.021210+00:00,HM110333,01,3,20261006085422,20261004084723,20261004091537,20261006085225,HM
2026-10-06T00:01:04.021210+00:00,HM110335,03,3,20261006085628,20261005130333,20261005213804,20261006085500,HM
2026-10-06T00:01:04.021210+00:00,HM110377,11,2,20261006085628,20261005155020,20261005185859,,HM
2026-10-06T00:01:04.021210+00:00,HP160001,05,2,20261006085311,20261006081112,20261006085311,,HP
2026-10-06T00:01:04.021210+00:00,HP250010,02,2,20261006085239,20261006071605,20261006085239,,HP
2026-10-06T00:01:04.021210+00:00,HY000003,03,2,20261006090002,20260709154228,20260820145526,,HY
2026-10-06T00:01:04.021210+00:00,HY000003,04,2,20261006090002,20261005014510,20261005014510,,HY
2026-10-06T00:01:04.021210+00:00,HY000019,02,2,20261006090004,20261002101740,20261004115332,,HY
2026-10-06T00:01:04.021210+00:00,HY000019,03,2,20261006090004,20261001200646,20261002064706,,HY
2026-10-06T00:01:04.021210+00:00,HY000019,05,2,20261006090004,20261002161751,20261006065140,,HY
2026-10-06T00:01:04.021210+00:00,HY000019,08,2,20261006090004,20261002100945,20261004122002,,HY
2026-10-06T00:01:04.021210+00:00,HY000019,09,2,20261006090004,20261002135730,20261004122014,,HY
2026-10-06T00:01:04.021210+00:00,HY000019,11,2,20261006090004,20261002181513,20261004135821,,HY
2026-10-06T00:01:04.021210+00:00,HY000109,04,3,20261006085402,20261006085355,20261006013708,20261006085355,HY
2026-10-06T00:01:04.021210+00:00,HY000152,23,2,20261006085803,20261005191638,20261006085718,,HY
2026-10-06T00:01:04.021210+00:00,HY000771,03,3,20261006085103,20261006085032,20261002191525,20261006085032,HY
2026-10-06T00:01:04.021210+00:00,HY000842,03,3,20261006085505,20261006085434,20261002171812,20261006085434,HY
2026-10-06T00:01:04.021210+00:00,HY000893,38,3,20261006085706,20261006085600,20261005130956,20261006085600,HY
2026-10-06T00:01:04.021210+00:00,HY001318,03,2,20261006085305,20261005173018,20261006014928,,HY
2026-10-06T00:01:04.021210+00:00,HY001380,02,2,20261006085406,20261005203801,20261005222323,,HY
2026-10-06T00:01:04.021210+00:00,HY001383,02,2,20261006085909,20261005194612,20261006085756,,HY
2026-10-06T00:01:04.021210+00:00,HY001792,02,3,20261006085504,20261006085441,20261004103940,20261006085441,HY
2026-10-06T00:01:04.021210+00:00,IM000283,02,3,20261006085756,20261006085722,20261002133719,20261006085756,IM
2026-10-06T00:01:04.021210+00:00,JA110012,02,2,20261006085600,20261002161001,20261006085600,,JA
2026-10-06T00:01:04.021210+00:00,JA110012,04,2,20261006090003,20261006070700,20261006090003,,JA
2026-10-06T00:01:04.021210+00:00,JA110023,01,3,20261006090004,20261006090004,20261004210003,20261006090004,JA
2026-10-06T00:01:04.021210+00:00,JA110028,02,3,20261006085602,20261006085602,20261006084002,20261006085602,JA
2026-10-06T00:01:04.021210+00:00,JA110069,03,3,20261006085606,20261006085606,20260928181008,20261006085606,JA
2026-10-06T00:01:04.021210+00:00,JA110072,09,3,20261006085606,20261006085606,20260930121406,20261006085606,JA
2026-10-06T00:01:04.021210+00:00,JA110098,02,3,20261006085608,20261006085608,20261005104906,20261006085608,JA
2026-10-06T00:01:04.021210+00:00,JA110136,02,3,20261006085611,20261006085611,20261006070711,20261006085611,JA
2026-10-06T00:01:04.021210+00:00,JA110171,04,2,20261006085615,20261006002020,20261006085615,,JA
2026-10-06T00:01:04.021210+00:00,JA110174,02,3,20261006085616,20261006085616,20261002154916,20261006085616,JA
2026-10-06T00:01:04.021210+00:00,JA110175,07,2,20261006085616,20261004193519,20261006085616,,JA
2026-10-06T00:01:04.021210+00:00,JA110197,11,2,20261006085619,20261006084918,20261006085619,,JA
2026-10-06T00:01:04.021210+00:00,JA110202,19,2,20261006085620,20261006082118,20261006085620,,JA
2026-10-06T00:01:04.021210+00:00,JA110203,03,3,20261006085620,20261006085620,20261006072117,20261006085620,JA
2026-10-06T00:01:04.021210+00:00,JA110203,08,2,20261006085620,20261006084218,20261006085620,,JA
2026-10-06T00:01:04.021210+00:00,JA110203,17,3,20261006085620,20261006085620,20261005002817,20261006085620,JA
2026-10-06T00:01:04.021210+00:00,JA110203,22,2,20261006085620,20261006082118,20261006085620,,JA
2026-10-06T00:01:04.021210+00:00,JE050027,01,3,20261006085830,20260929101157,20260929130541,20261006085817,JE
2026-10-06T00:01:04.021210+00:00,KE000460,01,3,20261006085359,20261006085354,20261002203527,20261006085354,KE
2026-10-06T00:01:04.021210+00:00,KE000644,04,3,20261006085300,20261006085218,20261002153036,20261006085218,KE
2026-10-06T00:01:04.021210+00:00,KE000678,03,3,20261006085859,20261006085801,20261003210259,20261006085801,KE
2026-10-06T00:01:04.021210+00:00,KE000686,02,3,20261006085500,20261006085421,20261005105253,20261006085421,KE
2026-10-06T00:01:04.021210+00:00,KE000999,01,3,20261006090003,20261006085947,20261005183654,20261006085947,KE
2026-10-06T00:01:04.021210+00:00,KE001248,01,2,20261006085900,20261006082312,20261006085854,,KE
2026-10-06T00:01:04.021210+00:00,KE001331,05,3,20261006085200,20261006085145,20260930201837,20261006085145,KE
2026-10-06T00:01:04.021210+00:00,KE001537,04,3,20261006085659,20261006085645,20261001101245,20261006085645,KE
2026-10-06T00:01:04.021210+00:00,KE001893,01,2,20261006085600,20261006083402,20261006085535,,KE
2026-10-06T00:01:04.021210+00:00,KL001869,02,3,20261006090003,20261006090003,20261002160421,20261006085115,KL
2026-10-06T00:01:04.021210+00:00,KL001936,02,3,20261006085201,20261006085201,20261006084640,20261006020630,KL
2026-10-06T00:01:04.021210+00:00,KL002178,04,2,20261006085701,20261006065619,20261006085127,,KL
2026-10-06T00:01:04.021210+00:00,KP000296,03,5,20261006090004,20260623164253,20260624091514,,KP
2026-10-06T00:01:04.021210+00:00,KP000821,01,3,20261006090005,20261005213726,20261006071501,20261006085348,KP
2026-10-06T00:01:04.021210+00:00,KP000931,02,3,20261006090005,20260919134744,20260919154001,20261006085434,KP
2026-10-06T00:01:04.021210+00:00,KP002274,01,3,20261006090005,20261006082140,20261006082151,20261006085005,KP
2026-10-06T00:01:04.021210+00:00,KP003603,01,3,20261006090006,20261005202508,20261005220714,20261006085012,KP
2026-10-06T00:01:04.021210+00:00,KP005353,01,3,20261006090006,20261006070013,20261006074954,20261006085445,KP
2026-10-06T00:01:04.021210+00:00,KRC10141,02,3,20261006085247,20261005235541,20261005235541,20261006085245,KR
2026-10-06T00:01:04.021210+00:00,LCSLCGP1,12,2,20261006090010,20261005233010,20261006090010,,LC
2026-10-06T00:01:04.021210+00:00,LCSLCGP1,13,2,20261006090010,20261005211510,20261006090010,,LC
2026-10-06T00:01:04.021210+00:00,LCSLCGP1,22,2,20261006090010,20261005160010,20261006090010,,LC
2026-10-06T00:01:04.021210+00:00,LI000358,01,3,20261006085842,20261006085842,20261006085842,20261006085842,LI
2026-10-06T00:01:04.021210+00:00,LI000358,02,2,20261006085609,20261006085608,20261006085609,,LI
2026-10-06T00:01:04.021210+00:00,LI000358,03,2,20261006085726,20261006085709,20261006085726,,LI
2026-10-06T00:01:04.021210+00:00,LI000463,01,2,20261006085740,20261006085729,20261006085740,,LI
2026-10-06T00:01:04.021210+00:00,LU000258,01,2,20261006085209,20261005183048,20261005212952,,LU
2026-10-06T00:01:04.021210+00:00,LU000336,01,2,20261006085459,20261005151208,20261005203308,,LU
2026-10-06T00:01:04.021210+00:00,LU000887,02,3,20261006085630,20261006085654,20260930132249,20261006085630,LU
2026-10-06T00:01:04.021210+00:00,LU001004,17,2,20261006085111,20261005152316,20261005220029,,LU
2026-10-06T00:01:04.021210+00:00,LU001013,01,3,20261006085828,20261006085828,20261005133038,20261006085828,LU
2026-10-06T00:01:04.021210+00:00,LU001013,02,2,20261006085913,20261002090431,20261002120032,,LU
2026-10-06T00:01:04.021210+00:00,LU001013,05,3,20261006085342,20261006085335,20261006085340,20261006085335,LU
2026-10-06T00:01:04.021210+00:00,LU001535,11,2,20261006085524,20261005125930,20261005190006,,LU
2026-10-06T00:01:04.021210+00:00,LU001582,03,2,20261006085104,20261006073143,20261006085104,,LU
2026-10-06T00:01:04.021210+00:00,LU001717,04,3,20261006085858,20261006085910,20261005195451,20261005163010,LU
2026-10-06T00:01:04.021210+00:00,LU001803,02,3,20261006085838,20261006085858,20261005164038,20261005150151,LU
2026-10-06T00:01:04.021210+00:00,LU001836,02,3,20261006085847,20261006085853,20261002150255,20261006085847,LU
2026-10-06T00:01:04.021210+00:00,LU001974,03,3,20261006085327,20261006085347,20261003161525,20261003103529,LU
2026-10-06T00:01:04.021210+00:00,LU001988,02,3,20261006085901,20261006085902,20261002114142,20261006085901,LU
2026-10-06T00:01:04.021210+00:00,LU001988,26,3,20261006085202,20261006085215,20260311183928,20261006085202,LU
2026-10-06T00:01:04.021210+00:00,LU002024,12,3,20261006085703,20261006085720,20261002165229,20261006085703,LU
2026-10-06T00:01:04.021210+00:00,LU002024,14,3,20261006085314,20261006085329,20261002131337,20261006085314,LU
2026-10-06T00:01:04.021210+00:00,LU002024,23,3,20261006085143,20261006085151,20261002105943,20261006085143,LU
2026-10-06T00:01:04.021210+00:00,LU002030,01,3,20261006085248,20261006085301,20261005154626,20261005121311,LU
2026-10-06T00:01:04.021210+00:00,LU002067,06,3,20261006085439,20261006073259,20261006085437,20261006073259,LU
2026-10-06T00:01:04.021210+00:00,LU002166,06,3,20261006085851,20261006072234,20261006085850,20261006072234,LU
2026-10-06T00:01:04.021210+00:00,LU002197,01,3,20261006085819,20261006085829,20261005150907,20261005120105,LU
2026-10-06T00:01:04.021210+00:00,LU002224,09,2,20261006085153,20261005193002,20261005230024,,LU
2026-10-06T00:01:04.021210+00:00,LU002297,76,2,20261006085629,20261006075624,20261006085618,,LU
2026-10-06T00:01:04.021210+00:00,LU002329,05,3,20261006085449,20261006085502,20261001131847,20261006085449,LU
2026-10-06T00:01:04.021210+00:00,LU002449,02,3,20261006085612,20261006085624,20261003204529,20261003162924,LU
2026-10-06T00:01:04.021210+00:00,LU002518,08,3,20261006085341,20261006085349,20261001125149,20261006085341,LU
2026-10-06T00:01:04.021210+00:00,LU002702,05,3,20261006085208,20261006085223,20260921230118,20261006085208,LU
2026-10-06T00:01:04.021210+00:00,LU002751,03,2,20261006085339,20261005220832,20261006022634,,LU
2026-10-06T00:01:04.021210+00:00,LU002862,02,2,20261006085340,20261006003600,20261006064208,,LU
2026-10-06T00:01:04.021210+00:00,LU002955,01,3,20261006085300,20261006085315,20260929154717,20261006085300,LU
2026-10-06T00:01:04.021210+00:00,LU002962,02,2,20261006085832,20261005175449,20261005195803,,LU
2026-10-06T00:01:04.021210+00:00,LU002964,03,2,20261006085259,20261005212116,20261005231632,,LU
2026-10-06T00:01:04.021210+00:00,LU003053,03,2,20261006085231,20261005234651,20261006015025,,LU
2026-10-06T00:01:04.021210+00:00,LU003070,05,3,20261006085114,20261006042912,20261006085111,20261006042912,LU
2026-10-06T00:01:04.021210+00:00,LU003307,14,2,20261006085537,20261006012155,20261006044122,,LU
2026-10-06T00:01:04.021210+00:00,LU003467,01,2,20261006085929,20261006080448,20261006085926,,LU
2026-10-06T00:01:04.021210+00:00,LU003467,05,3,20261006085901,20261006085914,20261002170314,20261006085901,LU
2026-10-06T00:01:04.021210+00:00,LU003653,04,3,20261006085848,20261006085851,20261005200356,20261005131400,LU
2026-10-06T00:01:04.021210+00:00,LU003805,02,2,20261006085235,20261005200132,20261006043252,,LU
2026-10-06T00:01:04.021210+00:00,LU003808,04,2,20261006085952,20261004214352,20261005044909,,LU
2026-10-06T00:01:04.021210+00:00,LU003943,04,2,20261006085259,20261006002130,20261006072640,,LU
2026-10-06T00:01:04.021210+00:00,LU004274,03,2,20261006085433,20261005184603,20261005204737,,LU
2026-10-06T00:01:04.021210+00:00,LU100290,05,2,20261006085850,20261005162648,20261005224103,,LU
2026-10-06T00:01:04.021210+00:00,LU100334,02,2,20261006085816,20261006063335,20261006085807,,LU
2026-10-06T00:01:04.021210+00:00,LU100368,10,2,20261006085407,20261005213509,20261006021559,,LU
2026-10-06T00:01:04.021210+00:00,LU100474,23,2,20261006085416,20261005201914,20261005223445,,LU
2026-10-06T00:01:04.021210+00:00,LU100474,46,2,20261006085523,20261005192146,20261005204916,,LU
2026-10-06T00:01:04.021210+00:00,LU100688,02,3,20261006085126,20261006085155,20261006003725,20261005182030,LU
2026-10-06T00:01:04.021210+00:00,LU100856,19,3,20261006085707,20261006085714,20261001185703,20261006085707,LU
2026-10-06T00:01:04.021210+00:00,LU100856,34,3,20261006085419,20261006085426,20261002105224,20261006085419,LU
2026-10-06T00:01:04.021210+00:00,LU100944,25,2,20261006085230,20261005215508,20261006011505,,LU
2026-10-06T00:01:04.021210+00:00,LU101069,02,3,20261006085130,20261006070039,20261006085128,20261006070039,LU
2026-10-06T00:01:04.021210+00:00,LU101069,04,3,20261006085537,20261005234150,20261006085534,20261005234150,LU
2026-10-06T00:01:04.021210+00:00,LU101100,11,3,20261006085219,20261006085233,20261006053218,20261005211437,LU
2026-10-06T00:01:04.021210+00:00,LU101402,09,2,20261006085852,20261005202306,20261006054810,,LU
2026-10-06T00:01:04.021210+00:00,LU101445,06,2,20261006085729,20261005125850,20261005140117,,LU
2026-10-06T00:01:04.021210+00:00,LU101446,05,2,20261006085355,20261005160116,20261006000807,,LU
2026-10-06T00:01:04.021210+00:00,LU101451,14,2,20261006085735,20261006003759,20261006050631,,LU
2026-10-06T00:01:04.021210+00:00,LU101573,04,2,20261006085626,20261004155636,20261004183039,,LU
2026-10-06T00:01:04.021210+00:00,LU101578,01,2,20261006085300,20261005155643,20261005210459,,LU
2026-10-06T00:01:04.021210+00:00,LU101587,09,2,20261006085131,20261005201100,20261005232107,,LU
2026-10-06T00:01:04.021210+00:00,LU101641,08,2,20261006085256,20261005070610,20261005121712,,LU
2026-10-06T00:01:04.021210+00:00,LU101642,09,2,20261006085802,20261005204427,20261006010354,,LU
2026-10-06T00:01:04.021210+00:00,LU101661,13,2,20261006085529,20261005174738,20261006015220,,LU
2026-10-06T00:01:04.021210+00:00,LU101683,03,3,20261006085341,20261006085357,20261004072332,20261003220252,LU
2026-10-06T00:01:04.021210+00:00,LU101683,14,2,20261006085311,20261005180119,20261006015729,,LU
2026-10-06T00:01:04.021210+00:00,LU101683,31,2,20261006085830,20261004173817,20261005022232,,LU
2026-10-06T00:01:04.021210+00:00,LU101683,41,2,20261006085538,20261005122019,20261005214259,,LU
2026-10-06T00:01:04.021210+00:00,LU101686,04,2,20261006085330,20261005171254,20261005194213,,LU
2026-10-06T00:01:04.021210+00:00,LU101686,37,2,20261006085726,20261004191634,20261005021626,,LU
2026-10-06T00:01:04.021210+00:00,LU101706,02,2,20261006085536,20261005191700,20261005210515,,LU
2026-10-06T00:01:04.021210+00:00,LU101706,06,2,20261006085202,20261005225402,20261006061149,,LU
2026-10-06T00:01:04.021210+00:00,LU101707,31,2,20261006085416,20261005221246,20261006003742,,LU
2026-10-06T00:01:04.021210+00:00,LU101725,09,2,20261006085139,20261005164041,20261006024917,,LU
2026-10-06T00:01:04.021210+00:00,LU101758,05,2,20261006085856,20261005141916,20261005152626,,LU
2026-10-06T00:01:04.021210+00:00,LU101766,17,2,20261006085450,20261004235520,20261005115946,,LU
2026-10-06T00:01:04.021210+00:00,LU101768,13,2,20261006085315,20261005203531,20261005225506,,LU
2026-10-06T00:01:04.021210+00:00,LU101796,04,3,20261006085213,20261006085000,20261006085210,20261006085000,LU
2026-10-06T00:01:04.021210+00:00,LU101796,05,2,20261006085444,20261002150229,20261002182544,,LU
2026-10-06T00:01:04.021210+00:00,LU101796,06,2,20261006085449,20261005140440,20261005170704,,LU
2026-10-06T00:01:04.021210+00:00,LU101822,04,3,20261006085326,20261006085345,20261002190154,20261006085326,LU
2026-10-06T00:01:04.021210+00:00,MO112910,03,1,20261006090006,20260901220003,20260901220005,,MO
2026-10-06T00:01:04.021210+00:00,MO112911,01,1,20261006090006,20261001224319,20261001224409,,MO
2026-10-06T00:01:04.021210+00:00,MO114401,01,1,20261006090006,20260919201150,20260920052309,,MO
2026-10-06T00:01:04.021210+00:00,MO114401,02,1,20261006090006,20260917193804,20260918025432,,MO
2026-10-06T00:01:04.021210+00:00,MO114403,01,1,20261006090006,20260915105045,20260915175804,,MO
2026-10-06T00:01:04.021210+00:00,MO114703,01,2,20261006090006,20261006082801,20261006082810,,MO
2026-10-06T00:01:04.021210+00:00,MO114703,02,3,20261006090006,20261006090006,20261006085610,20261006090006,MO
2026-10-06T00:01:04.021210+00:00,MO115004,01,2,20261006090005,20240801062802,20240801062812,,MO
2026-10-06T00:01:04.021210+00:00,MO115004,02,2,20261006090005,20240730062802,20240730062816,,MO
2026-10-06T00:01:04.021210+00:00,MO115004,03,2,20261006090005,20240731202116,20240731202127,,MO
2026-10-06T00:01:04.021210+00:00,MO115307,01,1,20261006090006,20260708070003,20260708070004,,MO
2026-10-06T00:01:04.021210+00:00,MO115307,02,3,20261006090006,20261006090006,20261006085610,20261006090006,MO
2026-10-06T00:01:04.021210+00:00,MO115309,01,1,20261006090006,20260615090004,20260615090004,,MO
2026-10-06T00:01:04.021210+00:00,MO116803,01,2,20261006090005,20261006082800,20261006082810,,MO
2026-10-06T00:01:04.021210+00:00,MO116804,01,1,20261006090006,20260310125633,20260310125652,,MO
2026-10-06T00:01:04.021210+00:00,MO910140,06,3,20261006090002,20261006090002,20261006090002,20261006090002,MO
2026-10-06T00:01:04.021210+00:00,NS850127,01,5,20261006085929,20261002021029,20261002041038,,NS
2026-10-06T00:01:04.021210+00:00,NS850157,02,3,20261006085726,20261006061031,20261006081023,20261006085726,NS
2026-10-06T00:01:04.021210+00:00,NT100090,02,3,20261006085350,20261006085350,20261005192050,20261006085350,NT
2026-10-06T00:01:04.021210+00:00,NT100133,06,2,20261006085950,20261005142550,20261006085950,,NT
2026-10-06T00:01:04.021210+00:00,NT100207,02,3,20261006085650,20261006085650,20261005184250,20261006085650,NT
2026-10-06T00:01:04.021210+00:00,NT100211,03,2,20261006085250,20261004162350,20261006085250,,NT
2026-10-06T00:01:04.021210+00:00,NT100253,28,2,20261006085450,20261005193950,20261006085450,,NT
2026-10-06T00:01:04.021210+00:00,NT100373,14,3,20261006085150,20261006085150,20261004145750,20261006085150,NT
2026-10-06T00:01:04.021210+00:00,NT100373,19,2,20261006085750,20261006085550,20261006085750,,NT
2026-10-06T00:01:04.021210+00:00,NT100373,33,3,20261006085350,20261006085350,20261002133250,20261006085350,NT
2026-10-06T00:01:04.021210+00:00,NT100408,06,2,20261006085350,20261005194350,20261006085350,,NT
2026-10-06T00:01:04.021210+00:00,NT100416,14,3,20261006085850,20261006085850,20261005191250,20261006085850,NT
2026-10-06T00:01:04.021210+00:00,NT100489,13,3,20261006085150,20261006085150,20261006083650,20261006085150,NT
2026-10-06T00:01:04.021210+00:00,NT100489,24,2,20261006085550,20261005235250,20261006085550,,NT
2026-10-06T00:01:04.021210+00:00,NT100508,03,3,20261006085150,20261006085150,20260902151350,20261006085150,NT
2026-10-06T00:01:04.021210+00:00,NT100548,04,3,20261006085150,20261006085150,20261004233850,20261006085150,NT
2026-10-06T00:01:04.021210+00:00,NT100674,03,2,20261006085750,20261005184450,20261006085650,,NT
2026-10-06T00:01:04.021210+00:00,NT100680,04,3,20261006085750,20261006085750,20261005130250,20261006085750,NT
2026-10-06T00:01:04.021210+00:00,NT101179,05,2,20261006085750,20261006071450,20261006085750,,NT
2026-10-06T00:01:04.021210+00:00,NT101440,02,3,20261006085750,20261006085750,20261005122950,20261006085750,NT
2026-10-06T00:01:04.021210+00:00,NT101454,06,2,20261006085450,20261005203550,20261006085450,,NT
2026-10-06T00:01:04.021210+00:00,NT101505,04,3,20261006085850,20261006085850,20261004213950,20261006085850,NT
2026-10-06T00:01:04.021210+00:00,NT101519,03,2,20261006085750,20261006081550,20261006085750,,NT
2026-10-06T00:01:04.021210+00:00,NT101537,03,2,20261006085650,20261006020250,20261006085650,,NT
2026-10-06T00:01:04.021210+00:00,NT101661,09,2,20261006085150,20261005183850,20261006085150,,NT
2026-10-06T00:01:04.021210+00:00,NT101669,14,2,20261006085850,20261006071450,20261006085850,,NT
2026-10-06T00:01:04.021210+00:00,NT101692,04,3,20261006085850,20261006085850,20261006075550,20261006085850,NT
2026-10-06T00:01:04.021210+00:00,NT101694,01,3,20261006085350,20261006085350,20261001150150,20261006085350,NT
2026-10-06T00:01:04.021210+00:00,NT101892,07,2,20261006085550,20261005181650,20261006085550,,NT
2026-10-06T00:01:04.021210+00:00,NT101892,19,2,20261006085350,20261005190250,20261006085350,,NT
2026-10-06T00:01:04.021210+00:00,NT101913,02,3,20261006085150,20261006085150,20261002171350,20261006085150,NT
2026-10-06T00:01:04.021210+00:00,NT101939,02,2,20261006085550,20261004221250,20261006085550,,NT
2026-10-06T00:01:04.021210+00:00,NT102003,01,2,20261006085850,20261005192350,20261006085850,,NT
2026-10-06T00:01:04.021210+00:00,NT102003,06,2,20261006085750,20261006010750,20261006085750,,NT
2026-10-06T00:01:04.021210+00:00,NT102109,03,2,20261006085850,20261006084550,20261006085850,,NT
2026-10-06T00:01:04.021210+00:00,NT102120,03,2,20261006085450,20261005191050,20261006085450,,NT
2026-10-06T00:01:04.021210+00:00,NT102133,09,2,20261006085750,20261005130950,20261006085750,,NT
2026-10-06T00:01:04.021210+00:00,NT102153,01,2,20261006085850,20261005180850,20261006085850,,NT
2026-10-06T00:01:04.021210+00:00,NT102153,63,2,20261006085250,20261005190550,20261006085250,,NT
2026-10-06T00:01:04.021210+00:00,NT102182,12,2,20261006085150,20261006002450,20261006085150,,NT
2026-10-06T00:01:04.021210+00:00,NT102275,04,2,20261006085550,20261005205150,20261006085550,,NT
2026-10-06T00:01:04.021210+00:00,NT102301,04,3,20261006085150,20261006085150,20261005122050,20261006085150,NT
2026-10-06T00:01:04.021210+00:00,NT102301,06,2,20261006085850,20261006023750,20261006085850,,NT
2026-10-06T00:01:04.021210+00:00,NT102301,16,2,20261006085250,20261005194350,20261006085250,,NT
2026-10-06T00:01:04.021210+00:00,NT102328,16,3,20261006085350,20261006085350,20261002130250,20261006085350,NT
2026-10-06T00:01:04.021210+00:00,NT102414,12,2,20261006085450,20261005174950,20261006085450,,NT
2026-10-06T00:01:04.021210+00:00,NT102415,01,3,20261006085550,20261006085550,20261006084050,20261006085550,NT
2026-10-06T00:01:04.021210+00:00,NT102421,04,2,20261006085950,20261005234450,20261006085950,,NT
2026-10-06T00:01:04.021210+00:00,NT102502,07,2,20261006085250,20261006003550,20261006085250,,NT
2026-10-06T00:01:04.021210+00:00,NT102513,11,3,20261006085750,20261006085750,20261005134550,20261006085750,NT
2026-10-06T00:01:04.021210+00:00,NT102519,06,3,20261006085750,20261006085750,20261003051250,20261006085750,NT
2026-10-06T00:01:04.021210+00:00,NT102520,04,2,20261006085650,20261006083650,20261006085650,,NT
2026-10-06T00:01:04.021210+00:00,NT102562,02,2,20261006085650,20261005204450,20261006085650,,NT
2026-10-06T00:01:04.021210+00:00,NT102578,03,2,20261006085650,20261005204250,20261006085650,,NT
2026-10-06T00:01:04.021210+00:00,NT102598,24,2,20261006085250,20261005222650,20261006085250,,NT
2026-10-06T00:01:04.021210+00:00,NT102614,22,2,20261006085350,20261005181750,20261006085350,,NT
2026-10-06T00:01:04.021210+00:00,NT102621,13,2,20261006085150,20261005185150,20261006085150,,NT
2026-10-06T00:01:04.021210+00:00,NT102646,02,2,20261006085150,20261005233350,20261006085150,,NT
2026-10-06T00:01:04.021210+00:00,NT102765,08,3,20261006085950,20261006085950,20261006063650,20261006085950,NT
2026-10-06T00:01:04.021210+00:00,NT102781,03,2,20261006085450,20261005194750,20261006085450,,NT
2026-10-06T00:01:04.021210+00:00,NT102799,04,2,20261006085950,20261005164750,20261006085950,,NT
2026-10-06T00:01:04.021210+00:00,NT102799,26,2,20261006085150,20261005124050,20261006085150,,NT
2026-10-06T00:01:04.021210+00:00,NT102848,04,2,20261006085350,20261005192350,20261006085350,,NT
2026-10-06T00:01:04.021210+00:00,NT102848,06,2,20261006085350,20261005133350,20261006085350,,NT
2026-10-06T00:01:04.021210+00:00,NT102885,38,2,20261006085550,20261005234350,20261006085550,,NT
2026-10-06T00:01:04.021210+00:00,NT102885,43,3,20261006085350,20261006085350,20261006083950,20261006085350,NT
2026-10-06T00:01:04.021210+00:00,NT102885,91,2,20261006085750,20261005182350,20261006085750,,NT
2026-10-06T00:01:04.021210+00:00,NT102886,69,3,20261006085250,20261006085250,20261006073750,20261006085250,NT
2026-10-06T00:01:04.021210+00:00,NT102934,01,3,20261006085450,20261006085450,20261005122350,20261006085450,NT
2026-10-06T00:01:04.021210+00:00,NT102983,12,3,20261006085550,20261006085550,,20261006085550,NT
2026-10-06T00:01:04.021210+00:00,OS300004,08,3,20261006085709,20261006085709,20261002165207,20261006085709,OS
2026-10-06T00:01:04.021210+00:00,PC000070,02,3,20261006090000,20261006075104,20261006075247,20261006090000,PC
2026-10-06T00:01:04.021210+00:00,PC000070,06,3,20261006085122,20261005201914,20261005235501,20261006085122,PC
2026-10-06T00:01:04.021210+00:00,PC000077,02,3,20261006085631,20261005131651,20261005151539,20261006085631,PC
2026-10-06T00:01:04.021210+00:00,PC000154,02,3,20261006085527,20260928125902,20260928175040,20261006085527,PC
2026-10-06T00:01:04.021210+00:00,PC000163,05,3,20261006085716,20261001154802,20261001165801,20261006085716,PC
2026-10-06T00:01:04.021210+00:00,PC000301,01,2,20261006085922,20261005110611,20261006085824,,PC
2026-10-06T00:01:04.021210+00:00,PC000301,04,2,20261006085926,20261005210732,20261006085828,,PC
2026-10-06T00:01:04.021210+00:00,PC000342,02,3,20261006085248,20261002173832,20261006084929,20261006085248,PC
2026-10-06T00:01:04.021210+00:00,PC000382,02,3,20261006085406,20261005095723,20261005162811,20261006085406,PC
2026-10-06T00:01:04.021210+00:00,PC000421,02,3,20261006085726,20261002075359,20261002125537,20261006085726,PC
2026-10-06T00:01:04.021210+00:00,PC000488,01,2,20261006085811,20261005181346,20261005210458,,PC
2026-10-06T00:01:04.021210+00:00,PC000505,14,3,20261006085118,20261001212732,20261002063821,20261006085118,PC
2026-10-06T00:01:04.021210+00:00,PC000521,01,3,20261006085855,20261005113032,20261005144351,20261006085855,PC
2026-10-06T00:01:04.021210+00:00,PC000556,13,2,20261006085735,20261005201715,20261006062428,,PC
2026-10-06T00:01:04.021210+00:00,PC000664,20,3,20261006085224,20260917150010,20260917155815,20261006085224,PC
2026-10-06T00:01:04.021210+00:00,PC000723,03,2,20261006085543,20261006072546,20261006085537,,PC
2026-10-06T00:01:04.021210+00:00,PC001164,02,3,20261006085952,20261003123107,20261003161141,20261006085952,PC
2026-10-06T00:01:04.021210+00:00,PC001201,09,3,20261006085728,20260910084519,20260910180136,20261006085728,PC
2026-10-06T00:01:04.021210+00:00,PC001244,06,3,20261006085828,20261002133857,20261002154252,20261006085828,PC
2026-10-06T00:01:04.021210+00:00,PC001292,02,2,20261006085232,20261002092232,20261002154848,,PC
2026-10-06T00:01:04.021210+00:00,PC001501,01,3,20261006085836,20261005095934,20261005104214,20261006085836,PC
2026-10-06T00:01:04.021210+00:00,PC001501,07,3,20261006085522,20261004231656,20261005040650,20261006085522,PC
2026-10-06T00:01:04.021210+00:00,PC001502,02,3,20261006085323,20261004163054,20261004165257,20261006085323,PC
2026-10-06T00:01:04.021210+00:00,PC001564,05,3,20261006085216,20261002094720,20261002104512,20261006085216,PC
2026-10-06T00:01:04.021210+00:00,PC001789,01,3,20261006085514,20261001095615,20261001104054,20261006085514,PC
2026-10-06T00:01:04.021210+00:00,PI000430,02,3,20261006085614,20261006085326,20261005143409,20261006085614,PI
2026-10-06T00:01:04.021210+00:00,PI000446,02,3,20261006085832,20261006085624,20261005112740,20261006085832,PI
2026-10-06T00:01:04.021210+00:00,PI000487,02,3,20261006085615,20261006085118,20261002180157,20261006085615,PI
2026-10-06T00:01:04.021210+00:00,PI000487,03,3,20261006085807,20261006085739,20261002112826,20261006085807,PI
2026-10-06T00:01:04.021210+00:00,PI000585,01,2,20261006085615,20261006071443,20261006085118,,PI
2026-10-06T00:01:04.021210+00:00,PI000594,01,3,20261006085615,20261006085256,20261003233007,20261006085615,PI
2026-10-06T00:01:04.021210+00:00,PI000667,01,2,20261006085615,20261006061212,20261006085520,,PI
2026-10-06T00:01:04.021210+00:00,PI000710,26,3,20261006085210,20261006084929,20261004110001,20261006085210,PI
2026-10-06T00:01:04.021210+00:00,PI000710,28,3,20261006085210,20261006085154,20261004193520,20261006085210,PI
2026-10-06T00:01:04.021210+00:00,PI000746,02,2,20261006085836,20261005233327,20261006052138,,PI
2026-10-06T00:01:04.021210+00:00,PI019146,07,3,20261006085112,20261006084911,20261002170341,20261006085112,PI
2026-10-06T00:01:04.021210+00:00,PI070431,02,3,20261006085113,20261006085108,20261005132504,20261006085113,PI
2026-10-06T00:01:04.021210+00:00,PI121461,04,3,20261006085623,20261006085223,20261005060145,20261006085623,PI
2026-10-06T00:01:04.021210+00:00,PI122365,04,3,20261006085653,20261006085304,20261004223101,20261006085653,PI
2026-10-06T00:01:04.021210+00:00,PI122374,03,3,20261006085807,20261006085323,20261006070759,20261006085807,PI
2026-10-06T00:01:04.021210+00:00,PI200330,11,3,20261006085626,20261006085317,20261004152118,20261006085626,PI
2026-10-06T00:01:04.021210+00:00,PI200330,12,2,20261006085626,20261006065356,20261006074907,,PI
2026-10-06T00:01:04.021210+00:00,PI200391,01,3,20261006085118,20261006085031,20261003125529,20261006085118,PI
2026-10-06T00:01:04.021210+00:00,PI200392,01,3,20261006085118,20261006085025,20261005122026,20261006085118,PI
2026-10-06T00:01:04.021210+00:00,PI200411,02,3,20261006085624,20261006085311,20261004173706,20261006085624,PI
2026-10-06T00:01:04.021210+00:00,PI200716,14,2,20261006085631,20261005213011,20261006075156,,PI
2026-10-06T00:01:04.021210+00:00,PI200720,16,2,20261006085658,20261005182502,20261006075328,,PI
2026-10-06T00:01:04.021210+00:00,PI200778,05,3,20261006085124,20261006085056,20261001172041,20261006085124,PI
2026-10-06T00:01:04.021210+00:00,PI200790,01,3,20261006085625,20261006085316,20261002172609,20261006085625,PI
2026-10-06T00:01:04.021210+00:00,PI200806,05,3,20261006085625,20261006085323,20261003004626,20261006085625,PI
2026-10-06T00:01:04.021210+00:00,PI200810,12,2,20261006085626,20261006083103,20261006085128,,PI
2026-10-06T00:01:04.021210+00:00,PI200855,04,2,20261006085627,20261006073754,20261006075257,,PI
2026-10-06T00:01:04.021210+00:00,PI200872,53,2,20261006085639,20261006071125,20260915085333,,PI
2026-10-06T00:01:04.021210+00:00,PI200924,01,2,20261006085128,20261006000119,20261005180015,,PI
2026-10-06T00:01:04.021210+00:00,PI200941,04,3,20261006085629,20261006085417,20261004160327,20261006085629,PI
2026-10-06T00:01:04.021210+00:00,PI200955,01,3,20261006085132,20261006084700,20261001185750,20261006085132,PI
2026-10-06T00:01:04.021210+00:00,PI200963,01,3,20261006085632,20261006085514,20261002115615,20261006085632,PI
2026-10-06T00:01:04.021210+00:00,PI200963,02,3,20261006085632,20261006085627,20261001210342,20261006085632,PI
2026-10-06T00:01:04.021210+00:00,PI200963,03,3,20261006085132,20261006085001,20261002154103,20261006085132,PI
2026-10-06T00:01:04.021210+00:00,PI200964,03,2,20261006085632,20261006084206,20261006085220,,PI
2026-10-06T00:01:04.021210+00:00,PI201575,04,3,20261006085156,20261006085004,20261004133331,20261006085156,PI
2026-10-06T00:01:04.021210+00:00,PI202317,06,3,20261006085324,20261006084911,20261005231924,20261006085324,PI
2026-10-06T00:01:04.021210+00:00,PI202617,02,3,20261006085756,20261006085739,20261005112531,20261006085756,PI
2026-10-06T00:01:04.021210+00:00,PI203049,09,2,20261006085156,20261006070506,20261005145701,,PI
2026-10-06T00:01:04.021210+00:00,PI203079,01,3,20261006085622,20261006085221,20261005161040,20261006085622,PI
2026-10-06T00:01:04.021210+00:00,PI204092,08,3,20261006085640,20261006085620,20261005123626,20261006085640,PI
2026-10-06T00:01:04.021210+00:00,PI204096,05,3,20261006085141,20261006084928,20261004021819,20261006085141,PI
2026-10-06T00:01:04.021210+00:00,PI204098,01,9,20261006085810,20260927111341,20260927111720,,PI
2026-10-06T00:01:04.021210+00:00,PI204098,02,3,20261006085640,20261006085514,20261005120321,20261006085640,PI
2026-10-06T00:01:04.021210+00:00,PI204109,05,3,20261006085641,20261006085341,20261005143057,20261006085641,PI
2026-10-06T00:01:04.021210+00:00,PI204122,01,3,20261006085642,20261006085552,20261005230422,20261006085642,PI
2026-10-06T00:01:04.021210+00:00,PI204153,11,3,20261006085148,20261006085107,20261005173801,20261006085148,PI
2026-10-06T00:01:04.021210+00:00,PI204158,04,9,20261006085810,20261006062442,20261005203757,20261006062635,PI
2026-10-06T00:01:04.021210+00:00,PI204162,14,2,20261006085647,20261006081704,20261006085343,,PI
2026-10-06T00:01:04.021210+00:00,PI204195,02,3,20261006085650,20261006085616,20261003193230,20261006085650,PI
2026-10-06T00:01:04.021210+00:00,PI204212,14,2,20261006085154,20261006075644,20261006083246,,PI
2026-10-06T00:01:04.021210+00:00,PI204212,15,3,20261006085658,20261006085521,20261006021137,20261006085658,PI
2026-10-06T00:01:04.021210+00:00,PI204214,03,3,20261006085653,20261006085310,20261002110407,20261006085653,PI
2026-10-06T00:01:04.021210+00:00,PI204216,04,3,20261006085653,20261006085344,20261005094945,20261006085653,PI
2026-10-06T00:01:04.021210+00:00,PI204227,02,3,20261006085658,20261006085651,20261002130135,20261006085658,PI
2026-10-06T00:01:04.021210+00:00,PI204227,03,3,20261006085658,20261006085340,20261003150453,20261006085658,PI
2026-10-06T00:01:04.021210+00:00,PI204237,07,3,20261006085655,20261006085330,20261004222916,20261006085655,PI
2026-10-06T00:01:04.021210+00:00,PI204245,04,3,20261006085159,20261006085144,20261004024035,20261006085159,PI
2026-10-06T00:01:04.021210+00:00,PI204269,02,3,20261006085659,20261006085454,20261005123029,20261006085659,PI
2026-10-06T00:01:04.021210+00:00,PI204293,02,3,20261006085204,20261006084708,20261005135423,20261006085204,PI
2026-10-06T00:01:04.021210+00:00,PI204303,03,2,20261006085702,20261006041948,20261006075330,,PI
2026-10-06T00:01:04.021210+00:00,PI204322,07,3,20261006085703,20261006085644,20261002133025,20261006085703,PI
2026-10-06T00:01:04.021210+00:00,PI204327,07,3,20261006085206,20261006084943,20261005111619,20261006085206,PI
2026-10-06T00:01:04.021210+00:00,PI204334,06,3,20261006085206,20261006084957,20261005180228,20261006085206,PI
2026-10-06T00:01:04.021210+00:00,PI306152,01,3,20261006085122,20261006085019,20260929184832,20261006085122,PI
2026-10-06T00:01:04.021210+00:00,PI306224,10,3,20261006085126,20261006085115,20261005194841,20261006085126,PI
2026-10-06T00:01:04.021210+00:00,PI700017,01,3,20261006090004,20261006085811,20261003223208,20261006090004,PI
2026-10-06T00:01:04.021210+00:00,PI700023,02,3,20261006090004,20261006085532,20261002164924,20261006090004,PI
2026-10-06T00:01:04.021210+00:00,PI700025,08,2,20261006085404,20261005235901,20261006070112,,PI
2026-10-06T00:01:04.021210+00:00,PI700031,02,3,20261006085614,20261006085432,20261002110829,20261006085614,PI
2026-10-06T00:01:04.021210+00:00,PI700043,06,2,20261006090004,20261006073746,20261006085826,,PI
2026-10-06T00:01:04.021210+00:00,PI707103,07,3,20261006085255,20261006085042,20261006010842,20261006085255,PI
2026-10-06T00:01:04.021210+00:00,PI707160,01,3,20261006085509,20261006085455,20261002151322,20261006085509,PI
2026-10-06T00:01:04.021210+00:00,PI708901,03,3,20261006085513,20261006085348,20261004145919,20261006085513,PI
2026-10-06T00:01:04.021210+00:00,PI709519,02,2,20261006085515,20261005142238,20261006084405,,PI
2026-10-06T00:01:04.021210+00:00,PI711405,01,2,20261006085523,20261005202409,20261005221503,,PI
2026-10-06T00:01:04.021210+00:00,PI711952,02,3,20261006085524,20261006085232,20261005160046,20261006085524,PI
2026-10-06T00:01:04.021210+00:00,PI712282,06,3,20261006085527,20261006085518,20261006002803,20261006085527,PI
2026-10-06T00:01:04.021210+00:00,PI712449,19,3,20261006085532,20261006085306,20261004032809,20261006085532,PI
2026-10-06T00:01:04.021210+00:00,PI715650,03,3,20261006085548,20261006085437,20261004203121,20261006085548,PI
2026-10-06T00:01:04.021210+00:00,PI717723,03,2,20261006085556,20261004102805,20261004104439,,PI
2026-10-06T00:01:04.021210+00:00,PI717737,05,3,20261006085547,20261006085326,20261006025645,20261006085547,PI
2026-10-06T00:01:04.021210+00:00,PI718727,01,2,20261006085558,20261006085013,20261006085115,,PI
2026-10-06T00:01:04.021210+00:00,PI718727,02,3,20261006085558,20261006085434,20261004081716,20261006085558,PI
2026-10-06T00:01:04.021210+00:00,PI721086,15,2,20261006085613,20261005222404,20261006071501,,PI
2026-10-06T00:01:04.021210+00:00,PI721687,05,2,20261006085210,20261005212127,20261006011724,,PI
2026-10-06T00:01:04.021210+00:00,PI722174,02,2,20261006085551,20261003193101,20261003233526,,PI
2026-10-06T00:01:04.021210+00:00,PI723121,24,2,20261006085308,20261004144455,20261004173154,,PI
2026-10-06T00:01:04.021210+00:00,PI724420,01,3,20261006085212,20261006084832,20261005213527,20261006085212,PI
2026-10-06T00:01:04.021210+00:00,PI724504,02,3,20261006085754,20261006085509,20261002161313,20261006085754,PI
2026-10-06T00:01:04.021210+00:00,PI724711,06,3,20261006085247,20261006084940,20261004211031,20261006085247,PI
2026-10-06T00:01:04.021210+00:00,PI724711,07,3,20261006085247,20261006084949,20261002144527,20261006085247,PI
2026-10-06T00:01:04.021210+00:00,PI730590,02,3,20261006085507,20261006085248,20261005181536,20261006085507,PI
2026-10-06T00:01:04.021210+00:00,PI740001,02,2,20261006085507,20261006073805,20261006085315,,PI
2026-10-06T00:01:04.021210+00:00,PI747249,01,2,20261006085316,20261005225125,20261006040337,,PI
2026-10-06T00:01:04.021210+00:00,PI750011,05,2,20261006085509,20261005223436,20261006085412,,PI
2026-10-06T00:01:04.021210+00:00,PI751544,11,2,20261006085544,20261005215453,20261006073150,,PI
2026-10-06T00:01:04.021210+00:00,PI752392,03,3,20261006085553,20261006085439,20261004145922,20261006085553,PI
2026-10-06T00:01:04.021210+00:00,PI754116,10,2,20261006085255,20261005204534,20261005221321,,PI
2026-10-06T00:01:04.021210+00:00,PI755112,06,9,20261006085310,20261006063654,20261006073731,,PI
2026-10-06T00:01:04.021210+00:00,PI760025,06,2,20261006085515,20261005183302,20261006000032,,PI
2026-10-06T00:01:04.021210+00:00,PI760980,10,2,20261006085517,20261005223219,20261005223224,,PI
2026-10-06T00:01:04.021210+00:00,PI761157,16,2,20261006085519,20261005184004,20261005202447,,PI
2026-10-06T00:01:04.021210+00:00,PI761157,18,3,20261006085519,20261006085347,20261004002231,20261006085519,PI
2026-10-06T00:01:04.021210+00:00,PI761352,40,2,20261006085520,20261005181904,20261005225922,,PI
2026-10-06T00:01:04.021210+00:00,PI762405,09,2,20261006085529,20261005140311,20261005171333,,PI
2026-10-06T00:01:04.021210+00:00,PI762720,09,2,20261006085531,20261005194009,20261006031617,,PI
2026-10-06T00:01:04.021210+00:00,PI764626,05,3,20261006085538,20261006085417,20261002145832,20261006085538,PI
2026-10-06T00:01:04.021210+00:00,PI764997,17,2,20261006085539,20261005220222,20261006060557,,PI
2026-10-06T00:01:04.021210+00:00,PI766662,40,3,20261006085557,20261006085522,20261004120918,20261006085557,PI
2026-10-06T00:01:04.021210+00:00,PI766931,12,3,20261006085558,20261006085321,20261004203914,20261006085558,PI
2026-10-06T00:01:04.021210+00:00,PI767383,01,3,20261006085602,20261006085500,20261005160224,20261006085602,PI
2026-10-06T00:01:04.021210+00:00,PI768702,09,3,20261006085108,20261006084658,20261006044113,20261006085108,PI
2026-10-06T00:01:04.021210+00:00,PI768702,13,3,20261006085108,20261006084801,20261006060451,20261006085108,PI
2026-10-06T00:01:04.021210+00:00,PI769581,17,2,20261006085604,20261005210449,20261006002457,,PI
2026-10-06T00:01:04.021210+00:00,PI770215,01,3,20261006085213,20261006085017,20261006081535,20261006085213,PI
2026-10-06T00:01:04.021210+00:00,PI772283,06,2,20261006085254,20261005210012,20261006000707,,PI
2026-10-06T00:01:04.021210+00:00,PI772854,04,2,20261006085258,20261005145823,20261005181503,,PI
2026-10-06T00:01:04.021210+00:00,PI773463,03,3,20261006085803,20261006085641,20261002140714,20261006085803,PI
2026-10-06T00:01:04.021210+00:00,PI775275,01,3,20261006085836,20261006085639,20261005013142,20261006085836,PI
2026-10-06T00:01:04.021210+00:00,PI793789,10,3,20261006085819,20261006085613,20261004074534,20261006085819,PI
2026-10-06T00:01:04.021210+00:00,PI793894,01,3,20261006085324,20261006085139,20261005101355,20261006085324,PI
2026-10-06T00:01:04.021210+00:00,PI794888,02,3,20261006085323,20261006085039,20261005081446,20261006085323,PI
2026-10-06T00:01:04.021210+00:00,PI795179,02,3,20261006085821,20261006085422,20261005061849,20261006085821,PI
2026-10-06T00:01:04.021210+00:00,PI796107,07,3,20261006085334,20261006085327,20261004181656,20261006085334,PI
2026-10-06T00:01:04.021210+00:00,PI796650,01,2,20261006085835,20261005211747,20261006024422,,PI
2026-10-06T00:01:04.021210+00:00,PI807070,03,2,20261006085837,20261005162151,20261005184352,,PI
2026-10-06T00:01:04.021210+00:00,PI807597,03,3,20261006085838,20261006085701,20261001140921,20261006085838,PI
2026-10-06T00:01:04.021210+00:00,PI807817,01,3,20261006085339,20261006084911,20261002105622,20261006085339,PI
2026-10-06T00:01:04.021210+00:00,PI807857,05,2,20261006085839,20261004162318,20261005050326,,PI
2026-10-06T00:01:04.021210+00:00,PI808249,03,2,20261006085840,20261004191949,20261004225900,,PI
2026-10-06T00:01:04.021210+00:00,PI808337,05,2,20261006085840,20261003215326,20261004064224,,PI
2026-10-06T00:01:04.021210+00:00,PI808828,01,2,20261006085341,20261005205627,20261006040956,,PI
2026-10-06T00:01:04.021210+00:00,PI809544,08,2,20261006085343,20261005223818,20261006010730,,PI
2026-10-06T00:01:04.021210+00:00,PI810628,02,2,20261006085905,20261005193438,20261005231608,,PI
2026-10-06T00:01:04.021210+00:00,PIA00089,19,3,20261006085844,20261006085608,20261002120642,20261006085844,PI
2026-10-06T00:01:04.021210+00:00,PIA01344,05,3,20261006085345,20261006085251,20261002120529,20261006085345,PI
2026-10-06T00:01:04.021210+00:00,PIH00021,12,2,20261006085740,20261006014726,20261006051749,,PI
2026-10-06T00:01:04.021210+00:00,PIH00063,02,2,20261006085240,20261006082246,20261006084732,,PI
2026-10-06T00:01:04.021210+00:00,PIH00077,04,3,20261006085241,20261006085147,20261005120910,20261006085241,PI
2026-10-06T00:01:04.021210+00:00,PIH00087,03,2,20261006085241,20261005182812,20261006085109,,PI
2026-10-06T00:01:04.021210+00:00,PIH00097,03,3,20261006085240,20261006085221,20260929154844,20261006085240,PI
2026-10-06T00:01:04.021210+00:00,PIH00270,25,2,20261006085738,20261005161040,20261006085413,,PI
2026-10-06T00:01:04.021210+00:00,PIH00467,09,2,20261006085724,20261005154101,20261005213137,,PI
2026-10-06T00:01:04.021210+00:00,PIH00467,17,2,20261006085724,20261004105159,20261004142830,,PI
2026-10-06T00:01:04.021210+00:00,PIH00592,12,2,20261006085226,20261005200233,20261005221559,,PI
2026-10-06T00:01:04.021210+00:00,PIH00602,01,2,20261006085725,20261005200653,20261006025146,,PI
2026-10-06T00:01:04.021210+00:00,PIH00663,01,3,20261006085227,20261006084904,20261002120742,20261006085227,PI
2026-10-06T00:01:04.021210+00:00,PIH01647,33,2,20261006085236,20261005191913,20261006084727,,PI
2026-10-06T00:01:04.021210+00:00,PIH01762,02,3,20261006085725,20261006085516,20261001143959,20261006085725,PI
2026-10-06T00:01:04.021210+00:00,PIH01766,02,3,20261006085226,20261006085051,20261002161803,20261006085226,PI
2026-10-06T00:01:04.021210+00:00,PIH01888,05,3,20261006085226,20261006084920,20260930164732,20261006085226,PI
2026-10-06T00:01:04.021210+00:00,PIH01945,06,3,20261006085724,20261006085614,20261001112629,20261006085724,PI
2026-10-06T00:01:04.021210+00:00,PIS00003,01,3,20261006085345,20261006085129,20261001160037,20261006085345,PI
2026-10-06T00:01:04.021210+00:00,PIS00003,04,3,20261006085345,20261006085313,20261005172339,20261006085345,PI
2026-10-06T00:01:04.021210+00:00,PIS00010,05,3,20261006085345,20261006085107,20261002143321,20261006085345,PI
2026-10-06T00:01:04.021210+00:00,PIS00013,03,2,20261006085345,20261006001249,20261006084830,,PI
2026-10-06T00:01:04.021210+00:00,PIS00028,11,2,20261006085345,20261005212902,20261006023706,,PI
2026-10-06T00:01:04.021210+00:00,PIS00028,30,2,20261006085846,20261005191410,20261006002416,,PI
2026-10-06T00:01:04.021210+00:00,PIS00039,02,3,20261006085346,20261006085209,20261005191236,20261006085346,PI
2026-10-06T00:01:04.021210+00:00,PIS00045,14,2,20261006085904,20261006074914,20261006081847,,PI
2026-10-06T00:01:04.021210+00:00,PIS00057,02,3,20261006085846,20261006085643,20261002113909,20261006085846,PI
2026-10-06T00:01:04.021210+00:00,PIS00057,03,3,20261006085346,20261006084849,20261005150932,20261006085346,PI
2026-10-06T00:01:04.021210+00:00,PIS00067,01,3,20261006085346,20261006085200,20261002155900,20261006085346,PI
2026-10-06T00:01:04.021210+00:00,PIS00067,02,3,20261006085346,20261006084927,20261002170544,20261006085346,PI
2026-10-06T00:01:04.021210+00:00,PIS00086,09,3,20261006085408,20261006085031,20261005152349,20261006085408,PI
2026-10-06T00:01:04.021210+00:00,PK000005,01,2,20261006085151,20261006082121,20261006084155,,PK
2026-10-06T00:01:04.021210+00:00,PK000005,02,2,20261006085151,20261006082153,20261006084155,,PK
2026-10-06T00:01:04.021210+00:00,PK000005,07,3,20261006085151,20261006075350,20261006081927,20261006084932,PK
2026-10-06T00:01:04.021210+00:00,PK000005,08,3,20261006085151,20261006082221,20261006083946,20261006085004,PK
2026-10-06T00:01:04.021210+00:00,PK000007,02,3,20261006085153,20261005213108,20261005222600,20261006084459,PK
2026-10-06T00:01:04.021210+00:00,PK000007,03,3,20261006085153,20261006081545,20261006083726,20261006085126,PK
2026-10-06T00:01:04.021210+00:00,PK000007,16,2,20261006085153,20261006082258,20261006085049,,PK
2026-10-06T00:01:04.021210+00:00,PK000007,23,2,20261006085153,20261006083441,20261006084958,,PK
2026-10-06T00:01:04.021210+00:00,PK000007,31,3,20261006085153,20261006073456,20261006075040,20261006085005,PK
2026-10-06T00:01:04.021210+00:00,PK000007,45,2,20261006085153,20261006083142,20261006084627,,PK
2026-10-06T00:01:04.021210+00:00,PK000007,46,2,20261006085153,20261006083218,20261006084625,,PK
2026-10-06T00:01:04.021210+00:00,PK000008,08,3,20261006085153,20261005234053,20261005235907,20261006084402,PK
2026-10-06T00:01:04.021210+00:00,PK000009,06,2,20261006085151,20261006083608,20261006085021,,PK
2026-10-06T00:01:04.021210+00:00,PK000009,09,3,20261006085151,20261006075852,20261006080329,20261006084822,PK
2026-10-06T00:01:04.021210+00:00,PK000009,13,3,20261006085151,20261006075108,20261006080530,20261006084317,PK
2026-10-06T00:01:04.021210+00:00,PK000009,14,3,20261006085151,20261006075146,20261006080533,20261006084355,PK
2026-10-06T00:01:04.021210+00:00,PK000009,19,3,20261006090006,20261006090006,20261006085036,20261006090006,PK
2026-10-06T00:01:04.021210+00:00,PK000009,20,3,20261006090006,20261006090006,20261006085036,20261006090006,PK
2026-10-06T00:01:04.021210+00:00,PK000009,21,3,20261006090006,20261006090006,20261006085036,20261006090006,PK
2026-10-06T00:01:04.021210+00:00,PK000009,22,3,20261006090006,20261006090006,20261006085036,20261006090006,PK
2026-10-06T00:01:04.021210+00:00,PK000010,03,3,20261006090007,20261006090007,20261006074036,20261006090007,PK
2026-10-06T00:01:04.021210+00:00,PK000010,04,3,20261006090007,20261006090007,20261006073108,20261006090007,PK
2026-10-06T00:01:04.021210+00:00,PK000010,06,2,20261006090007,20261006083019,20261006090007,,PK
2026-10-06T00:01:04.021210+00:00,PK000011,03,3,20261006090008,20261006090008,20261006080042,20261006090008,PK
2026-10-06T00:01:04.021210+00:00,PK000011,04,3,20261006090008,20261006090008,20261006080042,20261006090008,PK
2026-10-06T00:01:04.021210+00:00,PK000011,05,2,20261006090008,20261006085036,20261006090008,,PK
2026-10-06T00:01:04.021210+00:00,PK000011,06,2,20261006090008,20261006085036,20261006090008,,PK
2026-10-06T00:01:04.021210+00:00,PK000021,15,3,20261006085148,20261006071535,20261006074206,20261006085008,PK
2026-10-06T00:01:04.021210+00:00,PK000021,16,3,20261006085148,20261006071611,20261006074205,20261006085044,PK
2026-10-06T00:01:04.021210+00:00,PK000021,19,2,20261006085148,20261006082455,20261006084339,,PK
2026-10-06T00:01:04.021210+00:00,PK000025,17,2,20261006085151,20261006082449,20261006084158,,PK
2026-10-06T00:01:04.021210+00:00,PK000025,21,2,20261006085151,20261006081920,20261006084943,,PK
2026-10-06T00:01:04.021210+00:00,PK000025,22,2,20261006085151,20261006082000,20261006085107,,PK
2026-10-06T00:01:04.021210+00:00,PK000028,26,2,20261006085150,20261006082932,20261006084131,,PK
2026-10-06T00:01:04.021210+00:00,PK000102,02,2,20261006085149,20261006083243,20261006084836,,PK
2026-10-06T00:01:04.021210+00:00,PK000148,01,9,20261006085148,20261006081304,20261006084625,,PK
2026-10-06T00:01:04.021210+00:00,PK000148,02,2,20261006085148,20261006081919,20261006085015,,PK
2026-10-06T00:01:04.021210+00:00,PK000148,03,2,20261006085148,20261006082216,20261006084537,,PK
2026-10-06T00:01:04.021210+00:00,PK000148,06,9,20261006085148,20261006080630,20261006084611,,PK
2026-10-06T00:01:04.021210+00:00,PK000148,07,3,20261006085148,20261006074027,20261006080323,20261006084205,PK
2026-10-06T00:01:04.021210+00:00,PK000148,08,3,20261006085148,20261006074837,20261006081553,20261006084241,PK
2026-10-06T00:01:04.021210+00:00,PK000148,10,2,20261006085148,20261006082603,20261006084229,,PK
2026-10-06T00:01:04.021210+00:00,PK000148,11,2,20261006085147,20261006081239,20261006084314,,PK
2026-10-06T00:01:04.021210+00:00,PK000148,12,2,20261006085148,20261006081312,20261006084313,,PK
2026-10-06T00:01:04.021210+00:00,PK000148,13,3,20261006085148,20261006080322,20261006083545,20261006084909,PK
2026-10-06T00:01:04.021210+00:00,PK000148,14,3,20261006085148,20261006080356,20261006083545,20261006084941,PK
2026-10-06T00:01:04.021210+00:00,PK000148,15,3,20261006085148,20261006080400,20261006083703,20261006085029,PK
2026-10-06T00:01:04.021210+00:00,PK000148,21,3,20261006085151,20261006075650,20261006082339,20261006084152,PK
2026-10-06T00:01:04.021210+00:00,PK000148,22,3,20261006085151,20261006080611,20261006082631,20261006084230,PK
2026-10-06T00:01:04.021210+00:00,PK000156,03,2,20261006085149,20261006081630,20261006084356,,PK
2026-10-06T00:01:04.021210+00:00,PK000156,04,2,20261006085149,20261006081726,20261006084357,,PK
2026-10-06T00:01:04.021210+00:00,PK000156,07,2,20261006085149,20261006082609,20261006085106,,PK
2026-10-06T00:01:04.021210+00:00,PK000161,03,3,20261006085151,20261006081408,20261006083054,20261006084236,PK
2026-10-06T00:01:04.021210+00:00,PK000161,04,3,20261006085151,20261006081443,20261006083054,20261006084311,PK
2026-10-06T00:01:04.021210+00:00,PK000185,04,3,20261006085152,20261006083338,20261006083851,20261006084217,PK
2026-10-06T00:01:04.021210+00:00,PK000185,09,3,20261006085152,20261006065924,20261006071243,20261006084859,PK
2026-10-06T00:01:04.021210+00:00,PK000186,05,2,20261006085153,20261006083951,20261006084538,,PK
2026-10-06T00:01:04.021210+00:00,PK000186,06,2,20261006085153,20261006082609,20261006084538,,PK
2026-10-06T00:01:04.021210+00:00,PK000186,09,3,20261006085153,20261006080130,20261006084014,20261006085137,PK
2026-10-06T00:01:04.021210+00:00,PK000288,06,2,20261006085150,20261006082932,20261006084131,,PK
2026-10-06T00:01:04.021210+00:00,PK000291,04,9,20261006085147,20261006081317,20261006085043,,PK
2026-10-06T00:01:04.021210+00:00,PK000291,08,3,20261006085148,20261005233411,20261005235326,20261006084228,PK
2026-10-06T00:01:04.021210+00:00,PK000292,02,9,20261006085151,20261006082059,20261006084828,,PK
2026-10-06T00:01:04.021210+00:00,PK000295,04,2,20261006085148,20261006082917,20261006085019,,PK
2026-10-06T00:01:04.021210+00:00,PK000295,07,9,20261006085151,20261006081805,20261006084147,,PK
2026-10-06T00:01:04.021210+00:00,PK000296,05,3,20261006085148,20261006071535,20261006074206,20261006085008,PK
2026-10-06T00:01:04.021210+00:00,PK000296,06,3,20261006085148,20261006071611,20261006074205,20261006085044,PK
2026-10-06T00:01:04.021210+00:00,PK000296,09,2,20261006085148,20261006082455,20261006084339,,PK
2026-10-06T00:01:04.021210+00:00,PK000297,03,2,20261006085151,20261006082449,20261006084158,,PK
2026-10-06T00:01:04.021210+00:00,PK000297,07,2,20261006085151,20261006081920,20261006084943,,PK
2026-10-06T00:01:04.021210+00:00,PK000297,08,2,20261006085151,20261006082000,20261006085107,,PK
2026-10-06T00:01:04.021210+00:00,PK000437,07,2,20261006090008,20261006083020,20261006090008,,PK
2026-10-06T00:01:04.021210+00:00,PL000006,10,2,20261006085137,20261005165016,20261006085137,,PL
2026-10-06T00:01:04.021210+00:00,PL000106,01,2,20261006085108,20261002170623,20261006085108,,PL
2026-10-06T00:01:04.021210+00:00,PL000231,06,2,20261006085804,20261001192713,20261006085804,,PL
2026-10-06T00:01:04.021210+00:00,PL000371,01,3,20261006085318,20261006085318,20261006055226,20261006085318,PL
2026-10-06T00:01:04.021210+00:00,PL000706,33,3,20261006085612,20261006085612,20261005095744,20261006085612,PL
2026-10-06T00:01:04.021210+00:00,PL000706,40,3,20261006085214,20261006085214,20261006073733,20261006085214,PL
2026-10-06T00:01:04.021210+00:00,PL000706,42,3,20261006085946,20261006085946,20261005125707,20261006085946,PL
2026-10-06T00:01:04.021210+00:00,PL000809,45,2,20261006085809,20261005232330,20261006085809,,PL
2026-10-06T00:01:04.021210+00:00,PL000809,46,2,20261006085734,20261005145254,20261006085734,,PL
2026-10-06T00:01:04.021210+00:00,PL000934,00,2,20261006085225,20261005210704,20261006085225,,PL
2026-10-06T00:01:04.021210+00:00,PL000972,50,2,20261006085528,20261004211042,20261006085528,,PL
2026-10-06T00:01:04.021210+00:00,PL000976,28,2,20261006085416,20261005154220,20261006085416,,PL
2026-10-06T00:01:04.021210+00:00,PL001618,80,2,20261006085515,20261006004934,20261006085515,,PL
2026-10-06T00:01:04.021210+00:00,PL002712,00,2,20261006085635,20261005231958,20261006085635,,PL
2026-10-06T00:01:04.021210+00:00,PL002994,07,3,20261006085916,20261006085916,20261006074551,20261006085916,PL
2026-10-06T00:01:04.021210+00:00,PL003111,13,2,20261006085903,20261005163116,20261006085903,,PL
2026-10-06T00:01:04.021210+00:00,PL003390,07,2,20261006085632,20261005232057,20261006085632,,PL
2026-10-06T00:01:04.021210+00:00,PL003509,00,3,20261006085228,20261006085228,20261006072803,20261006085228,PL
2026-10-06T00:01:04.021210+00:00,PL003526,07,2,20261006085844,20261005205039,20261006085844,,PL
2026-10-06T00:01:04.021210+00:00,PL003817,43,2,20261006085929,20261004192626,20261006085929,,PL
2026-10-06T00:01:04.021210+00:00,PL003870,02,2,20261006085246,20261005203614,20261006085246,,PL
2026-10-06T00:01:04.021210+00:00,PL004364,06,2,20261006085828,20261002183350,20261006085828,,PL
2026-10-06T00:01:04.021210+00:00,PL004389,02,2,20261006085103,20261006000711,20261006085103,,PL
2026-10-06T00:01:04.021210+00:00,PL004440,04,2,20261006085652,20261006030000,20261006085652,,PL
2026-10-06T00:01:04.021210+00:00,PL005029,01,3,20261006085607,20261006085607,20260923200253,20261006085607,PL
2026-10-06T00:01:04.021210+00:00,PL030271,02,2,20261006085103,20261005091212,20261006085103,,PL
2026-10-06T00:01:04.021210+00:00,PL030345,02,2,20261006085146,20261004194604,20261006085146,,PL
2026-10-06T00:01:04.021210+00:00,PL030468,16,2,20261006085224,20261005201230,20261006085224,,PL
2026-10-06T00:01:04.021210+00:00,PL030511,16,2,20261006085734,20261005204721,20261006085734,,PL
2026-10-06T00:01:04.021210+00:00,PL030537,01,2,20261006085449,20261005175337,20261006085449,,PL
2026-10-06T00:01:04.021210+00:00,PL030579,13,2,20261006085537,20261005125429,20261006085537,,PL
2026-10-06T00:01:04.021210+00:00,PL030804,06,2,20261006085553,20261005220408,20261006085553,,PL
2026-10-06T00:01:04.021210+00:00,PL030925,03,3,20261006085129,20261006085129,20261005075640,20261006085129,PL
2026-10-06T00:01:04.021210+00:00,PL030928,05,3,20261006085511,20261006085511,20261004134308,20261006085511,PL
2026-10-06T00:01:04.021210+00:00,PL030940,06,2,20261006085656,20261005183955,20261006085656,,PL
2026-10-06T00:01:04.021210+00:00,PL030940,70,3,20261006085720,20261006085720,20261002170043,20261006085720,PL
2026-10-06T00:01:04.021210+00:00,PL031240,04,2,20261006085721,20261004182202,20261006085721,,PL
2026-10-06T00:01:04.021210+00:00,PL031444,10,2,20261006085835,20261005154343,20261006085835,,PL
2026-10-06T00:01:04.021210+00:00,PL031449,02,2,20261006085940,20261004162043,20261006085940,,PL
2026-10-06T00:01:04.021210+00:00,PL031462,03,2,20261006085917,20261005192119,20261006085917,,PL
2026-10-06T00:01:04.021210+00:00,PL031465,01,3,20261006085159,20261006085159,20261003211508,20261006085159,PL
2026-10-06T00:01:04.021210+00:00,PL031581,03,2,20261006085605,20261005214114,20261006085605,,PL
2026-10-06T00:01:04.021210+00:00,PL031610,02,3,20261006085424,20261006085424,20261004142031,20261006085424,PL
2026-10-06T00:01:04.021210+00:00,PL031666,00,3,20261006085832,20261006085832,20261003211847,20261006085832,PL
2026-10-06T00:01:04.021210+00:00,PL031768,04,3,20261006085131,20261006085131,20260930142612,20261006085131,PL
2026-10-06T00:01:04.021210+00:00,PL031768,21,3,20261006085211,20261006085211,20261006085211,20261006085211,PL
2026-10-06T00:01:04.021210+00:00,PL031783,00,3,20261006085545,20261006085545,20261006085540,20261006085545,PL
2026-10-06T00:01:04.021210+00:00,PL031783,02,3,20261006085252,20261006085252,20261002192819,20261006085252,PL
2026-10-06T00:01:04.021210+00:00,PL031783,03,3,20261006085720,20261006085720,20261005194034,20261006085720,PL
2026-10-06T00:01:04.021210+00:00,PL031783,04,3,20261006085720,20261006085720,20261002145455,20261006085720,PL
2026-10-06T00:01:04.021210+00:00,PL032030,02,3,20261006085830,20261006085830,20261006080143,20261006085830,PL
2026-10-06T00:01:04.021210+00:00,PL032107,02,2,20261006085236,20261004193808,20261006085236,,PL
2026-10-06T00:01:04.021210+00:00,PL032147,09,2,20261006085423,20261005134526,20261006085423,,PL
2026-10-06T00:01:04.021210+00:00,PL032398,08,2,20261006085222,20261005235423,20261006085222,,PL
2026-10-06T00:01:04.021210+00:00,PL032432,01,2,20261006085924,20261006000245,20261006085924,,PL
2026-10-06T00:01:04.021210+00:00,PL032440,00,2,20261006085437,20261005225830,20261006085437,,PL
2026-10-06T00:01:04.021210+00:00,PL032453,06,2,20261006085659,20261005173309,20261006085659,,PL
2026-10-06T00:01:04.021210+00:00,PL032589,02,2,20261006085918,20261005111033,20261006085918,,PL
2026-10-06T00:01:04.021210+00:00,PL032605,22,2,20261006085116,20261005224059,20261006085116,,PL
2026-10-06T00:01:04.021210+00:00,PL032699,02,2,20261006085334,20261006000522,20261006085334,,PL
2026-10-06T00:01:04.021210+00:00,PL032803,14,3,20261006085252,20261006085252,20261005213102,20261006085252,PL
2026-10-06T00:01:04.021210+00:00,PL032826,00,2,20261006085335,20261005221749,20261006085335,,PL
2026-10-06T00:01:04.021210+00:00,PL032836,03,2,20261006085348,20261005155816,20261006085348,,PL
2026-10-06T00:01:04.021210+00:00,PL033048,01,2,20261006085910,20261005155942,20261006085910,,PL
2026-10-06T00:01:04.021210+00:00,PL033048,07,3,20261006090005,20261006090005,20261006084426,20261006090005,PL
2026-10-06T00:01:04.021210+00:00,PL033085,02,2,20261006085448,20261005182207,20261006085448,,PL
2026-10-06T00:01:04.021210+00:00,PL033102,04,2,20261006085437,20261006060912,20261006085437,,PL
2026-10-06T00:01:04.021210+00:00,PL033123,01,2,20261006085837,20261005200306,20261006085837,,PL
2026-10-06T00:01:04.021210+00:00,PL033249,03,2,20261006085131,20261005183728,20261006085131,,PL
2026-10-06T00:01:04.021210+00:00,PL033276,01,3,20261006085810,20261006085810,20261006074013,20261006085810,PL
2026-10-06T00:01:04.021210+00:00,PL033391,00,2,20261006085821,20261005231945,20261006085821,,PL
2026-10-06T00:01:04.021210+00:00,PL033400,06,2,20261006085348,20261004211742,20261006085348,,PL
2026-10-06T00:01:04.021210+00:00,PL033481,01,2,20261006085155,20261005110945,20261006085155,,PL
2026-10-06T00:01:04.021210+00:00,PL033498,00,2,20261006085603,20261005233338,20261006085603,,PL
2026-10-06T00:01:04.021210+00:00,PL033735,03,2,20261006085322,20261006075146,20261006085322,,PL
2026-10-06T00:01:04.021210+00:00,PL033735,04,2,20261006085601,20261005180910,20261006085601,,PL
2026-10-06T00:01:04.021210+00:00,PL100006,08,2,20261006085119,20261004202716,20261006085119,,PL
2026-10-06T00:01:04.021210+00:00,PL832708,05,2,20261006085333,20261005163429,20261006085333,,PL
2026-10-06T00:01:04.021210+00:00,PL832708,33,2,20261006085530,20261006065555,20261006085530,,PL
2026-10-06T00:01:04.021210+00:00,PW000042,01,2,20261006085408,20261005191353,20261006001417,,PW
2026-10-06T00:01:04.021210+00:00,PW000209,04,3,20261006085112,20261006085112,20261002130344,20261006084914,PW
2026-10-06T00:01:04.021210+00:00,PW010098,03,2,20261006085507,20261005150231,20261006084841,,PW
2026-10-06T00:01:04.021210+00:00,PW010293,01,2,20261006085711,20261005163112,20261005224641,,PW
2026-10-06T00:01:04.021210+00:00,PW010768,04,2,20261006085610,20261005230740,20261006065313,,PW
2026-10-06T00:01:04.021210+00:00,PW011045,06,2,20261006085510,20261005181727,20261006012135,,PW
2026-10-06T00:01:04.021210+00:00,PW011107,01,2,20261006085407,20261005205120,20261006042147,,PW
2026-10-06T00:01:04.021210+00:00,PW011620,04,3,20261006085112,20261006085112,20261004221527,20261006084613,PW
2026-10-06T00:01:04.021210+00:00,PW011756,02,3,20261006085113,20261006085113,20260930181125,20261006084924,PW
2026-10-06T00:01:04.021210+00:00,PW012197,02,2,20261006085609,20261005161945,20261006040432,,PW
2026-10-06T00:01:04.021210+00:00,PW013094,07,2,20261006085624,20261005200723,20261005213742,,PW
2026-10-06T00:01:04.021210+00:00,PW013112,01,3,20261006085220,20261006085220,20261003130539,20261006084937,PW
2026-10-06T00:01:04.021210+00:00,PW013123,05,2,20261006085731,20261005200700,20261006020733,,PW
2026-10-06T00:01:04.021210+00:00,PW013236,01,3,20261006085230,20261006085230,20261005035315,20261006085024,PW
2026-10-06T00:01:04.021210+00:00,PW013342,07,2,20261006085233,20261005163912,20261006065509,,PW
2026-10-06T00:01:04.021210+00:00,PW013396,05,2,20261006085241,20261005204717,20261006041753,,PW
2026-10-06T00:01:04.021210+00:00,PW013423,02,2,20261006085241,20261005184143,20261005205703,,PW
2026-10-06T00:01:04.021210+00:00,PW013447,04,2,20261006085648,20261005210151,20261006034726,,PW
2026-10-06T00:01:04.021210+00:00,PW013448,14,2,20261006085648,20261004210027,20261004234555,,PW
2026-10-06T00:01:04.021210+00:00,PW013448,21,2,20261006085648,20261005204857,20261005233424,,PW
2026-10-06T00:01:04.021210+00:00,PW013974,02,2,20261006085709,20261005203754,20261006064606,,PW
2026-10-06T00:01:04.021210+00:00,PW014027,01,2,20261006085303,20261005214506,20261006000050,,PW
2026-10-06T00:01:04.021210+00:00,PW014178,03,2,20261006085714,20261005165037,20261005213605,,PW
2026-10-06T00:01:04.021210+00:00,PW014214,07,2,20261006085718,20261005173552,20261005224603,,PW
2026-10-06T00:01:04.021210+00:00,PW014400,12,2,20261006085722,20261005223650,20261006053119,,PW
2026-10-06T00:01:04.021210+00:00,PW014501,12,2,20261006085322,20261005113549,20261005162117,,PW
2026-10-06T00:01:04.021210+00:00,PW014574,01,3,20261006085731,20261006085731,20261001214316,20261006085414,PW
2026-10-06T00:01:04.021210+00:00,PW014875,03,3,20261006085336,20261006085336,20261002123331,20261006085244,PW
2026-10-06T00:01:04.021210+00:00,PW014904,08,2,20261006085745,20261005212101,20261006073608,,PW
2026-10-06T00:01:04.021210+00:00,PW015142,01,3,20261006085811,20261006085811,20261004061637,20261006085725,PW
2026-10-06T00:01:04.021210+00:00,PW015142,02,2,20261006085811,20261006085257,20261006085350,,PW
2026-10-06T00:01:04.021210+00:00,PW015148,18,2,20261006085811,20261004185758,20261004230114,,PW
2026-10-06T00:01:04.021210+00:00,PW100813,02,3,20261006085110,20261006085110,20261006071629,20261006084929,PW
2026-10-06T00:01:04.021210+00:00,PW800316,01,2,20261006085710,20261005163351,20261005225344,,PW
2026-10-06T00:01:04.021210+00:00,PW800656,10,2,20261006085725,20261005163951,20261005192225,,PW
2026-10-06T00:01:04.021210+00:00,PW800777,02,3,20261006085811,20261006085811,20261003121434,20261006085612,PW
2026-10-06T00:01:04.021210+00:00,PW801060,05,2,20261006085124,20261005231517,20261006043948,,PW
2026-10-06T00:01:04.021210+00:00,PW801420,11,2,20261006085935,20261005224301,20261006085802,,PW
2026-10-06T00:01:04.021210+00:00,PW801466,02,2,20261006085943,20261005204000,20261006005353,,PW
2026-10-06T00:01:04.021210+00:00,PW801481,15,2,20261006085548,20261005231130,20261006050552,,PW
2026-10-06T00:01:04.021210+00:00,PW801496,01,3,20261006085151,20261006085151,20261005213702,20261006084759,PW
2026-10-06T00:01:04.021210+00:00,PW801496,19,2,20261006085549,20261005213358,20261006010508,,PW
2026-10-06T00:01:04.021210+00:00,PWE02589,03,3,20261006085908,20261006085908,20261006081241,20261006085908,PW
2026-10-06T00:01:04.021210+00:00,PWE05812,34,2,20261006085309,20261006084410,20261006085309,,PW
2026-10-06T00:01:04.021210+00:00,PWE06371,05,2,20261006085309,20261006073909,20261006085309,,PW
2026-10-06T00:01:04.021210+00:00,RE000182,01,3,20261006090005,20261006085926,20261006085926,,RE
2026-10-06T00:01:04.021210+00:00,RE000182,04,2,20261006085803,20261006072814,20261006085716,,RE
2026-10-06T00:01:04.021210+00:00,RE000182,06,3,20261006085803,20261006085803,20261005151348,20261006085554,RE
2026-10-06T00:01:04.021210+00:00,RE000184,08,3,20261006090003,20261006075940,20261006085458,,RE
2026-10-06T00:01:04.021210+00:00,RE000317,55,3,20261006085202,20261006085202,20261004131706,20261006084955,RE
2026-10-06T00:01:04.021210+00:00,SE000001,01,2,20261006085942,20261004095041,20261004102107,,SE
2026-10-06T00:01:04.021210+00:00,SE000008,01,2,20261006085242,20261006084653,20261006085236,,SE
2026-10-06T00:01:04.021210+00:00,SE000038,01,2,20261006085742,20261006072525,20261004203330,,SE
2026-10-06T00:01:04.021210+00:00,SE000051,02,3,20261006085542,20261006085445,20261006005250,20261006085445,SE
2026-10-06T00:01:04.021210+00:00,SE000056,01,3,20261006085342,20261006085305,20261006043157,20261006085305,SE
2026-10-06T00:01:04.021210+00:00,SE000062,01,3,20261006085642,20261006085636,20261006084008,20261006085636,SE
2026-10-06T00:01:04.021210+00:00,SE000065,02,3,20261006085942,20261006085852,20261006003410,20261006085852,SE
2026-10-06T00:01:04.021210+00:00,SE000100,01,2,20261006085142,20261006085035,20261006085143,,SE
2026-10-06T00:01:04.021210+00:00,SE000100,02,2,20261006085542,20261006085339,20261006085447,,SE
2026-10-06T00:01:04.021210+00:00,SE000140,01,3,20261006085642,20261006085545,20261006024543,20261006085545,SE
2026-10-06T00:01:04.021210+00:00,SE000147,10,2,20261006085142,20261006085019,20261006085120,,SE
2026-10-06T00:01:04.021210+00:00,SE000147,12,2,20261006085842,20261006085735,20261006085836,,SE
2026-10-06T00:01:04.021210+00:00,SE000172,03,2,20261006085742,20261006081338,20261006085645,,SE
2026-10-06T00:01:04.021210+00:00,SE000180,01,3,20261006085942,20261006085926,20261005135832,20261006085926,SE
2026-10-06T00:01:04.021210+00:00,SE000184,01,3,20261006085842,20261006085753,20261006065647,20261006085753,SE
2026-10-06T00:01:04.021210+00:00,SF000083,44,2,20261006085504,20261005153536,20261006085033,,SF
2026-10-06T00:01:04.021210+00:00,SF000099,01,2,20261006085439,20261006065848,20261006085031,,SF
2026-10-06T00:01:04.021210+00:00,SF000218,10,3,20261006085439,20261006085439,20260928180630,20261006084925,SF
2026-10-06T00:01:04.021210+00:00,SF000422,05,3,20261006085440,20261006085440,20261005142001,20261006083126,SF
2026-10-06T00:01:04.021210+00:00,SF000537,61,3,20261006085504,20261006085504,20261004205551,20261006084909,SF
2026-10-06T00:01:04.021210+00:00,SF000574,00,2,20261006085440,20261005214403,20261006084928,,SF
2026-10-06T00:01:04.021210+00:00,SF000574,16,3,20261006085510,20261006085510,20261005171307,20261006085009,SF
2026-10-06T00:01:04.021210+00:00,SF000617,00,2,20261006085457,20261005211904,20261006084220,,SF
2026-10-06T00:01:04.021210+00:00,SF000674,01,3,20261006085503,20261006085503,20261001080142,20261006084215,SF
2026-10-06T00:01:04.021210+00:00,SF000970,01,3,20261006085446,20261006085446,20261003035954,20261006084930,SF
2026-10-06T00:01:04.021210+00:00,SF001009,08,3,20261006085442,20261006085442,20261002151741,20261006084957,SF
2026-10-06T00:01:04.021210+00:00,SF001104,21,3,20261006085513,20261006085513,20260923120335,20261006085024,SF
2026-10-06T00:01:04.021210+00:00,SF001214,28,3,20261006085438,20261006085438,20261003032158,20261006082217,SF
2026-10-06T00:01:04.021210+00:00,SF001246,06,2,20261006085524,20261005224730,20261006084939,,SF
2026-10-06T00:01:04.021210+00:00,SF001315,21,3,20261006085441,20261006085441,20261005165010,20261006084307,SF
2026-10-06T00:01:04.021210+00:00,SF002068,07,3,20261006085459,20261006085459,20261001085150,20261006084853,SF
2026-10-06T00:01:04.021210+00:00,SF002206,01,3,20261006085440,20261006085440,20261005131939,20261006082226,SF
2026-10-06T00:01:04.021210+00:00,SF002369,12,3,20261006085509,20261006085509,20261001152713,20261006084733,SF
2026-10-06T00:01:04.021210+00:00,SF002425,03,3,20261006085516,20261006085516,20260929115209,20261006084939,SF
2026-10-06T00:01:04.021210+00:00,SF002531,11,3,20261006085503,20261006085503,20261005203001,20261006084204,SF
2026-10-06T00:01:04.021210+00:00,SF002542,02,3,20261006085516,20261006085516,20261005193417,20261006083116,SF
2026-10-06T00:01:04.021210+00:00,SF002542,04,2,20261006085449,20261006060912,20261006085010,,SF
2026-10-06T00:01:04.021210+00:00,SF002633,05,3,20261006085516,20261006085516,20261005175340,20261006084816,SF
2026-10-06T00:01:04.021210+00:00,SF002650,00,3,20261006085513,20261006085513,20260927183703,20261006084458,SF
2026-10-06T00:01:04.021210+00:00,SF002747,10,3,20261006085457,20261006085457,20261005081501,20261006082456,SF
2026-10-06T00:01:04.021210+00:00,SF002754,14,2,20261006085510,20261005213606,20261006084520,,SF
2026-10-06T00:01:04.021210+00:00,SF002866,04,2,20261006085504,20261006061953,20261006082944,,SF
2026-10-06T00:01:04.021210+00:00,SF002891,00,3,20261006085508,20261006085508,20261002185731,20261006084851,SF
2026-10-06T00:01:04.021210+00:00,SF002992,50,2,20261006085443,20261005165937,20261006082608,,SF
2026-10-06T00:01:04.021210+00:00,SF002992,56,2,20261006085510,20261005200410,20261006085153,,SF
2026-10-06T00:01:04.021210+00:00,SF002992,78,2,20261006085459,20261005205240,20261006084210,,SF
2026-10-06T00:01:04.021210+00:00,SF002993,04,2,20261006085443,20261005225028,20261006084627,,SF
2026-10-06T00:01:04.021210+00:00,SF002993,27,2,20261006085510,20261005183152,20261006085004,,SF
2026-10-06T00:01:04.021210+00:00,SF002993,60,3,20261006085438,20261006085438,20261005221222,20261006082844,SF
2026-10-06T00:01:04.021210+00:00,SF003005,00,3,20261006085515,20261006085515,20261006025646,20261006083305,SF
2026-10-06T00:01:04.021210+00:00,SF003005,06,2,20261006085524,20261005184743,20261006084603,,SF
2026-10-06T00:01:04.021210+00:00,SF003051,01,3,20261006085459,20261006085459,20261002170828,20261006083326,SF
2026-10-06T00:01:04.021210+00:00,SF003059,00,2,20261006085517,20261006015247,20261006082810,,SF
2026-10-06T00:01:04.021210+00:00,SF003177,15,3,20261006085457,20261006085457,20261002105038,20261006082804,SF
2026-10-06T00:01:04.021210+00:00,SF003319,10,3,20261006085526,20261006085526,20261002133900,20261006083246,SF
2026-10-06T00:01:04.021210+00:00,SF003319,20,3,20261006085456,20261006085456,20261002170518,20261006083228,SF
2026-10-06T00:01:04.021210+00:00,SF003602,03,2,20261006085517,20261006070618,20261006084747,,SF
2026-10-06T00:01:04.021210+00:00,SF003603,02,2,20261006085509,20261006050536,20261006084952,,SF
2026-10-06T00:01:04.021210+00:00,SF003619,00,3,20261006085517,20261006085517,20261002121046,20261006083143,SF
2026-10-06T00:01:04.021210+00:00,SN000025,02,3,20261006085442,20261006085342,20261005150050,20261006085342,SN
2026-10-06T00:01:04.021210+00:00,ST111402,06,2,20261006085748,20260929082155,20261006085748,,ST
2026-10-06T00:01:04.021210+00:00,ST111421,05,2,20261006085601,20261006071351,20261006085601,,ST
2026-10-06T00:01:04.021210+00:00,ST112004,13,3,20261006085402,20261001105428,20261001193839,20261006085402,ST
2026-10-06T00:01:04.021210+00:00,ST112606,02,3,20261006085629,20261006065029,20261006081609,20261006085629,ST
2026-10-06T00:01:04.021210+00:00,ST114401,04,2,20261006085807,20261006041958,20261006085807,,ST
2026-10-06T00:01:04.021210+00:00,ST114415,02,2,20261006085326,20261006070128,20261006085326,,ST
2026-10-06T00:01:04.021210+00:00,ST114415,03,3,20261006085339,20261006085339,20261005190434,20261006085339,ST
2026-10-06T00:01:04.021210+00:00,ST115012,04,2,20261006085126,20261006081129,20261006085126,,ST
2026-10-06T00:01:04.021210+00:00,ST115312,01,3,20261006085821,20261004024011,20261004032646,20261006085821,ST
2026-10-06T00:01:04.021210+00:00,ST115415,01,3,20261006085751,20261006085751,20261002132343,20261006085751,ST
2026-10-06T00:01:04.021210+00:00,ST115608,02,3,20261006085128,20261006085128,20261006084529,20261006082208,ST
2026-10-06T00:01:04.021210+00:00,ST116214,02,2,20261006085620,20261006074611,20261006085620,,ST
2026-10-06T00:01:04.021210+00:00,ST116505,04,2,20261006085539,20261002140331,20261006085539,,ST
2026-10-06T00:01:04.021210+00:00,ST116509,01,3,20261006085813,20261005010251,20261005040733,20261006085813,ST
2026-10-06T00:01:04.021210+00:00,ST116524,07,2,20261006090004,20261005204117,20261006090004,,ST
2026-10-06T00:01:04.021210+00:00,ST116535,01,2,20261006085220,20261006075812,20261006085220,,ST
2026-10-06T00:01:04.021210+00:00,ST116804,02,2,20261006085544,20261006065232,20261006085544,,ST
2026-10-06T00:01:04.021210+00:00,ST117110,02,2,20261006085751,20261006080749,20261006085751,,ST
2026-10-06T00:01:04.021210+00:00,ST117118,10,3,20261006085128,20261003065514,20261003213739,20261006085128,ST
2026-10-06T00:01:04.021210+00:00,ST117118,12,3,20261006085149,20261004092228,20261004144945,20261006085149,ST
2026-10-06T00:01:04.021210+00:00,ST600078,02,2,20261006085821,20261006042126,20261006085821,,ST
2026-10-06T00:01:04.021210+00:00,ST600080,02,3,20261006085825,20261002231404,20261005210455,20261006085825,ST
2026-10-06T00:01:04.021210+00:00,ST600270,04,2,20261006085959,20261005171056,20261006085959,,ST
2026-10-06T00:01:04.021210+00:00,ST600280,04,3,20261006085210,20260923162641,20260930092015,20261006085210,ST
2026-10-06T00:01:04.021210+00:00,ST600324,04,3,20261006085951,20261006023132,20261006025913,20261006085951,ST
2026-10-06T00:01:04.021210+00:00,ST600507,01,3,20261006085147,20261006080238,20261006083933,20261006085147,ST
2026-10-06T00:01:04.021210+00:00,ST600985,01,3,20261006085147,20261006085147,20261005161052,20261004124344,ST
2026-10-06T00:01:04.021210+00:00,ST601333,21,3,20261006085807,20261006085807,20261005093657,20261006085807,ST
2026-10-06T00:01:04.021210+00:00,ST601408,06,3,20261006085806,20261006085806,20261002173113,20261006085806,ST
2026-10-06T00:01:04.021210+00:00,ST601591,02,3,20261006085222,20261004151827,20261005025101,20261006085222,ST
2026-10-06T00:01:04.021210+00:00,ST601592,09,3,20261006085410,20260929141504,20261001173349,20261006085410,ST
2026-10-06T00:01:04.021210+00:00,ST601646,01,3,20261006085954,20261006085954,20261005165253,20261005084732,ST
2026-10-06T00:01:04.021210+00:00,ST602153,02,2,20261006085150,20261003191600,20261005054346,,ST
2026-10-06T00:01:04.021210+00:00,SZBA0008,01,3,20261006085904,20261006085904,20261006075858,20261006085904,SZ
2026-10-06T00:01:04.021210+00:00,SZBA0008,02,3,20261006085828,20261006085828,20261006075859,20261006085828,SZ
2026-10-06T00:01:04.021210+00:00,SZBA0008,09,2,20261006085809,20261006084552,20261006085809,,SZ
2026-10-06T00:01:04.021210+00:00,SZBA0008,10,2,20261006085808,20261006085521,20261006085808,,SZ
2026-10-06T00:01:04.021210+00:00,SZBA0008,27,3,20261006085639,20261006085639,20261006064051,20261006085639,SZ
2026-10-06T00:01:04.021210+00:00,SZBA0008,28,3,20261006085609,20261006085609,20261006064052,20261006085609,SZ
2026-10-06T00:01:04.021210+00:00,SZBA0025,01,3,20261006085657,20261006085657,20261006084805,20261006085657,SZ
2026-10-06T00:01:04.021210+00:00,SZBA0029,01,3,20261006085304,20261006085304,20261005184728,20261006085304,SZ
2026-10-06T00:01:04.021210+00:00,SZBA0029,02,3,20261006085226,20261006085226,20261005184729,20261006085226,SZ
2026-10-06T00:01:04.021210+00:00,SZBA0038,01,3,20261006085541,20261006085541,20261006085220,20261006085541,SZ
2026-10-06T00:01:04.021210+00:00,SZBA0038,02,3,20261006085618,20261006085618,20261006085221,20261006085618,SZ
2026-10-06T00:01:04.021210+00:00,SZBA0108,02,3,20261006085811,20261006085811,20261006084804,20261006085811,SZ
2026-10-06T00:01:04.021210+00:00,TDA00042,01,2,20261006090008,20261005142024,20261005230300,,TD
2026-10-06T00:01:04.021210+00:00,TDA00048,02,3,20261006090006,20261006084936,20261003005826,20261006084936,TD
2026-10-06T00:01:04.021210+00:00,TDMD0006,01,1,20261006090009,20261006085601,20261002172304,,TD
2026-10-06T00:01:04.021210+00:00,UP000661,02,3,20261006090002,20261006090002,20260918160000,20261006090002,UP
2026-10-06T00:01:04.021210+00:00,ZE020030,02,3,20261006090000,20261006090000,20261006081500,20261006090000,ZE
