fetched_at,statId,chgerId,stat,statUpdDt,lastTsdt,lastTedt,nowTsdt,busiId
2026-10-10T00:01:09.230889+00:00,ME174013,01,3,20261010085812,20261010073153,20261010081515,20261010082300,ME
2026-10-10T00:01:09.230889+00:00,ME174027,01,2,20261010085737,20261010073745,20261010074738,,ME
2026-10-10T00:01:09.230889+00:00,ME174039,01,2,20261010085740,20261008061115,20261008062046,,ME
2026-10-10T00:01:09.230889+00:00,ME178009,01,2,20261010085750,20261010065106,20261010072930,,ME
2026-10-10T00:01:09.230889+00:00,ME178009,02,2,20261010085752,20261010064736,20261010072613,,ME
2026-10-10T00:01:09.230889+00:00,ME181102,01,2,20261010085751,20261009151253,20261009155614,,ME
2026-10-10T00:01:09.230889+00:00,ME181150,12,2,20261010085803,20261007141930,20261007172850,,ME
2026-10-10T00:01:09.230889+00:00,ME181150,13,2,20261010085804,20261009163313,20261009171315,,ME
2026-10-10T00:01:09.230889+00:00,ME183001,01,2,20261010085804,20261009201608,20261009204527,,ME
2026-10-10T00:01:09.230889+00:00,ME183002,01,2,20261010085810,20261009152520,20261009155135,,ME
2026-10-10T00:01:09.230889+00:00,ME183003,01,2,20261010085814,20261007114138,20261007121624,,ME
2026-10-10T00:01:09.230889+00:00,ME183004,01,2,20261010085821,20261009205410,20261009211052,,ME
2026-10-10T00:01:09.230889+00:00,ME183006,01,2,20261010085819,20261009193755,20261009200455,,ME
2026-10-10T00:01:09.230889+00:00,ME183008,01,2,20261010085839,20261009194342,20261009200848,,ME
2026-10-10T00:01:09.230889+00:00,ME183009,01,2,20261010085835,20261008104659,20261008104811,,ME
2026-10-10T00:01:09.230889+00:00,ME183103,01,2,20261010085726,20261009111823,20261009115825,,ME
2026-10-10T00:01:09.230889+00:00,ME183103,02,2,20261010085451,20261008134222,20261008142526,,ME
2026-10-10T00:01:09.230889+00:00,ME183103,52,2,20261010085454,20261008175253,20261008180926,,ME
2026-10-10T00:01:09.230889+00:00,ME183219,01,2,20261010085432,20261008082737,20261008090638,,ME
2026-10-10T00:01:09.230889+00:00,ME183219,02,2,20261010085423,20261010080025,20261010084329,,ME
2026-10-10T00:01:09.230889+00:00,ME183219,52,2,20261010085420,20261009115717,20261009123128,,ME
2026-10-10T00:01:09.230889+00:00,ME184075,01,2,20261010085859,20261002111139,20261002125929,,ME
2026-10-10T00:01:09.230889+00:00,ME184076,01,2,20261010085905,20261010001857,20261010004938,,ME
2026-10-10T00:01:09.230889+00:00,ME18B159,01,2,20261010085903,20261009141045,20261009145201,,ME
2026-10-10T00:01:09.230889+00:00,ME18B163,01,2,20261010085904,20261009180629,20261009184632,,ME
2026-10-10T00:01:09.230889+00:00,ME18B164,01,2,20261010085908,20261009095035,20261009103038,,ME
2026-10-10T00:01:09.230889+00:00,ME18B165,01,2,20261010085555,20261009140840,20261009145146,,ME
2026-10-10T00:01:09.230889+00:00,ME18B166,01,2,20261010085416,20261010081439,20261010084938,,ME
2026-10-10T00:01:09.230889+00:00,ME18B168,01,2,20261010085418,20261009112340,20261009120645,,ME
2026-10-10T00:01:09.230889+00:00,ME18B169,01,2,20261010085421,20261010063630,20261010070556,,ME
2026-10-10T00:01:09.230889+00:00,ME18B170,01,2,20261010085426,20261009214055,20261009215640,,ME
2026-10-10T00:01:09.230889+00:00,ME18B175,01,2,20261010085431,20261009142623,20261009150928,,ME
2026-10-10T00:01:09.230889+00:00,ME18B176,01,2,20261010085437,20261008191510,20261008195815,,ME
2026-10-10T00:01:09.230889+00:00,ME18B179,01,2,20261010085440,20261009195802,20261009203848,,ME
2026-10-10T00:01:09.230889+00:00,ME18B180,01,2,20261010085443,20261010073226,20261010075447,,ME
2026-10-10T00:01:09.230889+00:00,ME18B181,01,2,20261010085448,20261010055347,20261010060552,,ME
2026-10-10T00:01:09.230889+00:00,ME18B183,01,2,20261010085447,20261009202643,20261009203950,,ME
2026-10-10T00:01:09.230889+00:00,ME18B278,11,2,20261010085456,20261009125110,20261009132824,,ME
2026-10-10T00:01:09.230889+00:00,ME18B278,12,2,20261010085500,20261008113230,20261008115032,,ME
2026-10-10T00:01:09.230889+00:00,ME18B279,11,3,20261010085850,20261010061734,20261010070037,20261010083847,ME
2026-10-10T00:01:09.230889+00:00,ME18B279,12,2,20261010085622,20261010062903,20261010071432,,ME
2026-10-10T00:01:09.230889+00:00,ME18B284,11,2,20261010085510,20261009141839,20261009150142,,ME
2026-10-10T00:01:09.230889+00:00,ME18B284,12,2,20261010085513,20261010071427,20261010075730,,ME
2026-10-10T00:01:09.230889+00:00,ME18B288,11,2,20261010085515,20261005230008,20261005233919,,ME
2026-10-10T00:01:09.230889+00:00,ME18B288,12,2,20261010085517,20261009120836,20261009124024,,ME
2026-10-10T00:01:09.230889+00:00,ME19A152,01,2,20261010085424,20261010051329,20261010053405,,ME
2026-10-10T00:01:09.230889+00:00,ME19A153,01,2,20261010085520,20261010070940,20261010075201,,ME
2026-10-10T00:01:09.230889+00:00,ME19A160,01,2,20261010085517,20261009110613,20261009114918,,ME
2026-10-10T00:01:09.230889+00:00,ME19A164,01,2,20261010085525,20261010073242,20261010081548,,ME
2026-10-10T00:01:09.230889+00:00,ME19A170,01,2,20261010085624,20261010035247,20261010042730,,ME
2026-10-10T00:01:09.230889+00:00,ME19D118,01,2,20261010085212,20261009102423,20261009110423,,ME
2026-10-10T00:01:09.230889+00:00,ME19X403,41,2,20261010085713,20261010063438,20261010071438,,ME
2026-10-10T00:01:09.230889+00:00,ME19X403,42,3,20261010085811,20261009174216,20261009175024,20261010084312,ME
2026-10-10T00:01:09.230889+00:00,ME19X403,43,2,20261010085608,20261009185644,20261009191539,,ME
2026-10-10T00:01:09.230889+00:00,ME19X403,44,2,20261010085607,20261009171331,20261009173909,,ME
2026-10-10T00:01:09.230889+00:00,ME19X403,45,2,20261010085633,20261008075118,20261008083118,,ME
2026-10-10T00:01:09.230889+00:00,ME19X417,41,2,20261010085646,20261009112504,20261009120504,,ME
2026-10-10T00:01:09.230889+00:00,ME19X417,42,2,20261010085733,20261009081342,20261009083146,,ME
2026-10-10T00:01:09.230889+00:00,ME19X417,43,2,20261010085725,20261008132237,20261008140237,,ME
2026-10-10T00:01:09.230889+00:00,ME19X417,44,2,20261010085716,20261009150112,20261009152944,,ME
2026-10-10T00:01:09.230889+00:00,ME19X417,45,2,20261010085732,20261009094247,20261009100800,,ME
2026-10-10T00:01:09.230889+00:00,ME19Y284,21,2,20261010085750,20261009074603,20261009075156,,ME
2026-10-10T00:01:09.230889+00:00,ME19Y284,22,2,20261010085751,20261010081141,20261010081840,,ME
2026-10-10T00:01:09.230889+00:00,ME19Y601,21,2,20261010085825,20261009231045,20261009233021,,ME
2026-10-10T00:01:09.230889+00:00,ME19Y601,22,2,20261010085825,20261009043726,20261009051625,,ME
2026-10-10T00:01:09.230889+00:00,ME19Y601,23,2,20261010085759,20261009191054,20261009195054,,ME
2026-10-10T00:01:09.230889+00:00,ME19Y601,24,2,20261010085759,20261009050321,20261009054321,,ME
2026-10-10T00:01:09.230889+00:00,ME19Y601,25,2,20261010085751,20261009224045,20261009230838,,ME
2026-10-10T00:01:09.230889+00:00,ME19Y601,26,2,20261010085751,20261009080244,20261009084244,,ME
2026-10-10T00:01:09.230889+00:00,ME20A193,01,2,20261010085432,20261009192253,20261009194502,,ME
2026-10-10T00:01:09.230889+00:00,ME20A194,01,2,20261010085728,20261009133137,20261009133634,,ME
2026-10-10T00:01:09.230889+00:00,ME20A195,01,2,20261010085728,20261008201612,20261008204630,,ME
2026-10-10T00:01:09.230889+00:00,ME20A196,01,2,20261010085731,20261010053633,20261010061633,,ME
2026-10-10T00:01:09.230889+00:00,ME20A197,01,2,20261010085725,20261009223557,20261009231310,,ME
2026-10-10T00:01:09.230889+00:00,ME20A198,01,2,20261010085723,20261009200255,20261009204048,,ME
2026-10-10T00:01:09.230889+00:00,ME20A199,01,3,20261010085445,20261009194412,20261009202209,20261010081931,ME
2026-10-10T00:01:09.230889+00:00,ME20A1a0,01,2,20261010085725,20260930211119,20260930212304,,ME
2026-10-10T00:01:09.230889+00:00,ME20A1a1,01,2,20261010085731,20261008024437,20261008032110,,ME
2026-10-10T00:01:09.230889+00:00,ME20A1a2,01,2,20261010085730,20261010074556,20261010082456,,ME
2026-10-10T00:01:09.230889+00:00,ME20A1a3,01,2,20261010085717,20261009193409,20261009200957,,ME
2026-10-10T00:01:09.230889+00:00,ME20A1a4,01,2,20261010085725,20261009181605,20261009184400,,ME
2026-10-10T00:01:09.230889+00:00,ME20A1a5,01,2,20261010085724,20261009160739,20261009164739,,ME
2026-10-10T00:01:09.230889+00:00,ME20A1a6,01,2,20261010085741,20261010071106,20261010074303,,ME
2026-10-10T00:01:09.230889+00:00,ME20A1a7,01,2,20261010085716,20261009121432,20261009123932,,ME
2026-10-10T00:01:09.230889+00:00,ME20A1a8,01,2,20261010085729,20261009214402,20261009221130,,ME
2026-10-10T00:01:09.230889+00:00,ME20A1a9,01,2,20261010085722,20261009191949,20261009193807,,ME
2026-10-10T00:01:09.230889+00:00,ME20A1b0,01,2,20261010085727,20261008144309,20261008152309,,ME
2026-10-10T00:01:09.230889+00:00,ME20A278,21,2,20261010085600,20261009070641,20261009071645,,ME
2026-10-10T00:01:09.230889+00:00,ME20A278,22,2,20261010085600,20261009150130,20261009151807,,ME
2026-10-10T00:01:09.230889+00:00,ME20A279,21,2,20261010085723,20261008125440,20261008131833,,ME
2026-10-10T00:01:09.230889+00:00,ME20A279,22,2,20261010085846,20261009191536,20261009193529,,ME
2026-10-10T00:01:09.230889+00:00,ME20A280,01,2,20261010085740,20261009170039,20261009173203,,ME
2026-10-10T00:01:09.230889+00:00,ME20A280,02,2,20261010085828,20261008211609,20261008215609,,ME
2026-10-10T00:01:09.230889+00:00,ME20A301,01,2,20261010085745,20261005114303,20261005121841,,ME
2026-10-10T00:01:09.230889+00:00,ME20A301,21,2,20261010085736,20261009191104,20261009192732,,ME
2026-10-10T00:01:09.230889+00:00,ME20A301,22,2,20261010085736,20261004151939,20261004155939,,ME
2026-10-10T00:01:09.230889+00:00,ME20A409,21,2,20261010085751,20261009182346,20261009190346,,ME
2026-10-10T00:01:09.230889+00:00,ME20A409,22,2,20261010085751,20261010080506,20261010082050,,ME
2026-10-10T00:01:09.230889+00:00,ME20A409,23,2,20261010085738,20261010070433,20261010072600,,ME
2026-10-10T00:01:09.230889+00:00,ME20A409,24,2,20261010085738,20261010072943,20261010074624,,ME
2026-10-10T00:01:09.230889+00:00,ME20A410,01,2,20261010085737,20261009134726,20261009141411,,ME
2026-10-10T00:01:09.230889+00:00,ME20A410,02,2,20261010085453,20261009173734,20261009180235,,ME
2026-10-10T00:01:09.230889+00:00,ME20A410,03,2,20261010085823,20261009111256,20261009115256,,ME
2026-10-10T00:01:09.230889+00:00,ME20A410,91,2,20261010085739,20261009143623,20261009151623,,ME
2026-10-10T00:01:09.230889+00:00,ME20A411,01,2,20261010085545,20261009092843,20261009100732,,ME
2026-10-10T00:01:09.230889+00:00,ME20A411,02,2,20261010085541,20261009121701,20261009123815,,ME
2026-10-10T00:01:09.230889+00:00,ME20A411,03,2,20261010085541,20261008140128,20261008144128,,ME
2026-10-10T00:01:09.230889+00:00,ME20A411,04,2,20261010085548,20261008143655,20261008151655,,ME
2026-10-10T00:01:09.230889+00:00,ME21B132,01,2,20261010085325,20261010082404,20261010085319,,ME
2026-10-10T00:01:09.230889+00:00,ME21B1C3,01,3,20261010085821,20261010055408,20261010060510,20261010083958,ME
2026-10-10T00:01:09.230889+00:00,ME21B245,02,2,20261010085133,20261010082312,20261010085125,,ME
2026-10-10T00:01:09.230889+00:00,ME21B404,01,3,20261010085822,20261009183457,20261009185532,20261010084205,ME
2026-10-10T00:01:09.230889+00:00,ME21B404,02,3,20261010085730,20261008192755,20261008195957,20261010084105,ME
2026-10-10T00:01:09.230889+00:00,ME21C250,21,2,20261010085813,20261009171345,20261009173520,,ME
2026-10-10T00:01:09.230889+00:00,ME21C250,22,2,20261010085813,20261009004806,20261009012808,,ME
2026-10-10T00:01:09.230889+00:00,ME21C251,21,2,20261010085859,20261010010628,20261010013529,,ME
2026-10-10T00:01:09.230889+00:00,ME21C251,22,2,20261010085859,20261009231657,20261009233245,,ME
2026-10-10T00:01:09.230889+00:00,ME21D045,01,3,20261010085825,20261009192736,20261009195839,20261010084418,ME
2026-10-10T00:01:09.230889+00:00,ME22C1B8,01,2,20261010085824,20261009202446,20261009210433,,ME
2026-10-10T00:01:09.230889+00:00,ME22C1B9,01,2,20261010085815,20261010044732,20261010052734,,ME
2026-10-10T00:01:09.230889+00:00,ME22C1C0,01,2,20261010085826,20261008084418,20261008092420,,ME
2026-10-10T00:01:09.230889+00:00,ME22C802,01,2,20261010085846,20261009102854,20261009104200,,ME
2026-10-10T00:01:09.230889+00:00,ME22C802,02,2,20261010085858,20261009105305,20261009112348,,ME
2026-10-10T00:01:09.230889+00:00,ME22C802,03,2,20261010085818,20261009170528,20261009172540,,ME
2026-10-10T00:01:09.230889+00:00,ME22C802,04,2,20261010085859,20261009075008,20261009083010,,ME
2026-10-10T00:01:09.230889+00:00,ME22C802,05,2,20261010085835,20261009152835,20261009154203,,ME
2026-10-10T00:01:09.230889+00:00,ME22C802,06,2,20261010085822,20261008152859,20261008160838,,ME
2026-10-10T00:01:09.230889+00:00,ME22C802,07,2,20261010085829,20261008154549,20261008161157,,ME
2026-10-10T00:01:09.230889+00:00,ME22C802,08,2,20261010085822,20261009105054,20261009105253,,ME
2026-10-10T00:01:09.230889+00:00,ME22D121,01,2,20261010085837,20261009114358,20261009122401,,ME
2026-10-10T00:01:09.230889+00:00,ME22D134,01,2,20261010085824,20261003080645,20261003084648,,ME
2026-10-10T00:01:09.230889+00:00,ME22D152,01,2,20261010085837,20261009222400,20261009230402,,ME
2026-10-10T00:01:09.230889+00:00,ME22D205,01,2,20261010085901,20261010081839,20261010085841,,ME
2026-10-10T00:01:09.230889+00:00,ME22D205,02,2,20261010085842,20261009141315,20261009145317,,ME
2026-10-10T00:01:09.230889+00:00,ME22D402,01,2,20261010085817,20261009181818,20261009185821,,ME
2026-10-10T00:01:09.230889+00:00,ME22D402,02,2,20261010085845,20261010074937,20261010082940,,ME
2026-10-10T00:01:09.230889+00:00,ME22D402,03,2,20261010085827,20261010065249,20261010071742,,ME
2026-10-10T00:01:09.230889+00:00,ME22D402,04,2,20261010085817,20261010000504,20261010000902,,ME
2026-10-10T00:01:09.230889+00:00,ME22M301,01,2,20261010085903,20261009170246,20261009172230,,ME
2026-10-10T00:01:09.230889+00:00,ME22M301,02,2,20261010085846,20261010071529,20261010074150,,ME
2026-10-10T00:01:09.230889+00:00,ME22M301,81,2,20261010085845,20261010080153,20261010083146,,ME
2026-10-10T00:01:09.230889+00:00,ME22M301,82,2,20261010085848,20261010070520,20261010073942,,ME
2026-10-10T00:01:09.230889+00:00,ME22M301,83,2,20261010085848,20261009205049,20261009212035,,ME
2026-10-10T00:01:09.230889+00:00,ME22M301,84,2,20261010085816,20261007150110,20261007152502,,ME
2026-10-10T00:01:09.230889+00:00,ME22M302,33,2,20261010085908,20261009152647,20261009155811,,ME
2026-10-10T00:01:09.230889+00:00,ME22M302,34,2,20261010085908,20261009160801,20261009161359,,ME
2026-10-10T00:01:09.230889+00:00,ME22M302,35,2,20261010085845,20261009144716,20261009152311,,ME
2026-10-10T00:01:09.230889+00:00,ME22M302,36,2,20261010085830,20261009144107,20261009145250,,ME
2026-10-10T00:01:09.230889+00:00,ME25A102,01,2,20261010085854,20261009210744,20261009212229,,ME
2026-10-10T00:01:09.230889+00:00,ME25A107,01,2,20261010085533,20261007125914,20261007133926,,ME
2026-10-10T00:01:09.230889+00:00,ME25A108,01,2,20261010085728,20261008151120,20261008154149,,ME
2026-10-10T00:01:09.230889+00:00,ME25A109,01,2,20261010085748,20261008213025,20261008221041,,ME
2026-10-10T00:01:09.230889+00:00,ME25A401,21,2,20261010085637,20261008224237,20261008230029,,ME
2026-10-10T00:01:09.230889+00:00,ME25A401,22,2,20261010085639,20261010044950,20261010050017,,ME
2026-10-10T00:01:09.230889+00:00,ME25A401,23,2,20261010085615,20261010062100,20261010062312,,ME
2026-10-10T00:01:09.230889+00:00,ME25A401,24,2,20261010085617,20261007160032,20261007162128,,ME
2026-10-10T00:01:09.230889+00:00,ME25A403,21,2,20261010085850,20261009161134,20261009162114,,ME
2026-10-10T00:01:09.230889+00:00,ME25A403,22,2,20261010085853,20261009111948,20261009115954,,ME
2026-10-10T00:01:09.230889+00:00,ME25A403,23,2,20261010085610,20261008131128,20261008203249,,ME
2026-10-10T00:01:09.230889+00:00,ME25A403,24,2,20261010085612,20261008181759,20261008182313,,ME
2026-10-10T00:01:09.230889+00:00,ME25A404,21,2,20261010085507,20261009051320,20261009054536,,ME
2026-10-10T00:01:09.230889+00:00,ME25A404,22,2,20261010085509,20261007105331,20261007105442,,ME
2026-10-10T00:01:09.230889+00:00,ME25A404,23,2,20261010085505,20261007105647,20261007105756,,ME
2026-10-10T00:01:09.230889+00:00,ME25A404,24,2,20261010085507,20261007105845,20261007105954,,ME
2026-10-10T00:01:09.230889+00:00,ME25A405,21,2,20261010085541,20261010042008,20261010042612,,ME
2026-10-10T00:01:09.230889+00:00,ME25A405,22,2,20261010085544,20261009150304,20261009152154,,ME
2026-10-10T00:01:09.230889+00:00,ME25A406,21,2,20261010085455,20261007151402,20261007154231,,ME
2026-10-10T00:01:09.230889+00:00,ME25A406,22,2,20261010085457,20261008052704,20261008054547,,ME
2026-10-10T00:01:09.230889+00:00,ME25A406,23,2,20261010085455,20261010043512,20261010044630,,ME
2026-10-10T00:01:09.230889+00:00,ME25A406,24,2,20261010085457,20261007121010,20261007121111,,ME
2026-10-10T00:01:09.230889+00:00,BNBN0822,09,3,20261010085110,20261009195657,20261009211044,20261009195657,BN
2026-10-10T00:01:09.230889+00:00,BNBN0877,02,2,20261010090009,20261010083632,20261010085945,,BN
2026-10-10T00:01:09.230889+00:00,BT000140,01,2,20261010085232,20261009213919,20261009213943,,BT
2026-10-10T00:01:09.230889+00:00,CPCT0057,05,3,20261010085845,20261009235850,20261009235850,20261010085845,CP
2026-10-10T00:01:09.230889+00:00,CR000244,01,3,20261010085951,20261010085951,20261010085931,20261010085951,CR
2026-10-10T00:01:09.230889+00:00,CR000244,03,2,20261010090007,20261010081834,20261010090007,,CR
2026-10-10T00:01:09.230889+00:00,CR000244,04,3,20261010085831,20261010085831,20261010085627,20261010085831,CR
2026-10-10T00:01:09.230889+00:00,CR000260,01,2,20261010085907,20261010000656,20261010001057,,CR
2026-10-10T00:01:09.230889+00:00,CU200010,02,2,20261010085911,20261009213655,20261010084649,,CU
2026-10-10T00:01:09.230889+00:00,CV000911,01,2,20261010085517,20261010083923,20261010085406,,CV
2026-10-10T00:01:09.230889+00:00,CV001050,04,3,20261010085520,20261010085500,20261010085500,20261010085520,CV
2026-10-10T00:01:09.230889+00:00,CV001098,01,2,20261010085520,20261010080435,20261010085259,,CV
2026-10-10T00:01:09.230889+00:00,CV001290,02,2,20261010085521,20261010081835,20261010085232,,CV
2026-10-10T00:01:09.230889+00:00,CV001677,01,2,20261010085525,20261010080603,20261010085304,,CV
2026-10-10T00:01:09.230889+00:00,CV001887,02,3,20261010085525,20261010085024,20261010085023,20261010085024,CV
2026-10-10T00:01:09.230889+00:00,CV001936,04,2,20261010085526,20261010084048,20261010085354,,CV
2026-10-10T00:01:09.230889+00:00,CV001983,02,2,20261010085525,20261002152800,20261002152811,,CV
2026-10-10T00:01:09.230889+00:00,CV002043,02,3,20261010085529,20261010085233,20261010085238,20261010085529,CV
2026-10-10T00:01:09.230889+00:00,CV002827,01,3,20261010085527,20261010085306,20261010085309,20261010085527,CV
2026-10-10T00:01:09.230889+00:00,CV002900,02,3,20261010085536,20261010085133,20261010085133,20261010085133,CV
2026-10-10T00:01:09.230889+00:00,CV003233,11,2,20261010085538,20261010074719,20261010085033,,CV
2026-10-10T00:01:09.230889+00:00,CV003990,02,3,20261010085544,20261010085111,20261010085111,20261010085544,CV
2026-10-10T00:01:09.230889+00:00,CV003990,03,3,20261010085544,20261010085251,20261010085253,20261010085251,CV
2026-10-10T00:01:09.230889+00:00,DO000061,01,2,20261010085438,20261010080730,20261010085438,,DO
2026-10-10T00:01:09.230889+00:00,DYME2052,17,2,20261010085501,20261010014301,20261010085501,,DY
2026-10-10T00:01:09.230889+00:00,DYME2052,37,3,20261010085701,20261010085701,20261009101101,20261010085701,DY
2026-10-10T00:01:09.230889+00:00,DYME2062,93,2,20261010085701,20261009205702,20261010085701,,DY
2026-10-10T00:01:09.230889+00:00,EC000001,06,2,20261010085201,20261009165406,20261009225031,,EC
2026-10-10T00:01:09.230889+00:00,EC000062,02,2,20261010085201,20261009200928,20261010012816,,EC
2026-10-10T00:01:09.230889+00:00,EC000387,03,2,20261010090001,20261009171302,20261010042827,,EC
2026-10-10T00:01:09.230889+00:00,EC001007,01,3,20261010090001,20261010085955,20261009185456,20261010085955,EC
2026-10-10T00:01:09.230889+00:00,EC001038,05,2,20261010085401,20261009220558,20261010020629,,EC
2026-10-10T00:01:09.230889+00:00,EC001039,04,2,20261010090001,20261009102206,20261009155422,,EC
2026-10-10T00:01:09.230889+00:00,EC001046,04,9,20261010085801,20261010015119,20261009202335,,EC
2026-10-10T00:01:09.230889+00:00,EC003517,03,2,20261010090002,20261009215757,20261010085524,,EC
2026-10-10T00:01:09.230889+00:00,EC004810,03,3,20261010085802,20261010085757,20261009110052,20261010085757,EC
2026-10-10T00:01:09.230889+00:00,EC110104,01,2,20261010085602,20261010080359,20261010081310,,EC
2026-10-10T00:01:09.230889+00:00,EC110104,11,2,20261010085802,20261010082610,20261010085534,,EC
2026-10-10T00:01:09.230889+00:00,EC110116,05,3,20261010090002,20261009144852,20261009205331,20261009144852,EC
2026-10-10T00:01:09.230889+00:00,ER000387,10,2,20261010085554,20261009224621,20261009172603,,ER
2026-10-10T00:01:09.230889+00:00,ER000397,45,3,20261010085953,20261009025613,20261009021409,20261010085904,ER
2026-10-10T00:01:09.230889+00:00,ER000428,05,2,20261010085629,20261009222705,20261009205941,,ER
2026-10-10T00:01:09.230889+00:00,ER000565,07,2,20261010085904,20261010053354,20261009181424,,ER
2026-10-10T00:01:09.230889+00:00,ER000592,03,2,20261010085541,20261009220710,20261009191806,,ER
2026-10-10T00:01:09.230889+00:00,EV000119,04,2,20261010085639,20261009223125,20261010083101,,EV
2026-10-10T00:01:09.230889+00:00,EV000516,01,2,20261010085238,20261010014519,20261010063054,,EV
2026-10-10T00:01:09.230889+00:00,EV000527,01,3,20261010085842,20261009200335,20261010005435,20261010085755,EV
2026-10-10T00:01:09.230889+00:00,EV001459,02,2,20261010085843,20261009221417,20261010015733,,EV
2026-10-10T00:01:09.230889+00:00,EV001808,03,3,20261010085641,20261009205303,20261010002604,20261010085641,EV
2026-10-10T00:01:09.230889+00:00,EV001886,02,2,20261010085840,20261009193658,20261009220033,,EV
2026-10-10T00:01:09.230889+00:00,EV001940,01,2,20261010085841,20261010083941,20261010085706,,EV
2026-10-10T00:01:09.230889+00:00,EV001941,01,3,20261010085841,20261009194054,20261009212159,20261010085719,EV
2026-10-10T00:01:09.230889+00:00,EV001942,01,3,20261010085841,20261009175422,20261009231418,20261010085701,EV
2026-10-10T00:01:09.230889+00:00,EV002803,01,3,20261010085411,20261009104003,20261010003908,20261010085249,EV
2026-10-10T00:01:09.230889+00:00,EV003251,03,2,20261010085440,20261009192104,20261010034441,,EV
2026-10-10T00:01:09.230889+00:00,EV003435,02,3,20261010085841,20261010063255,20261010074236,20261010085642,EV
2026-10-10T00:01:09.230889+00:00,EV003851,04,2,20261010085640,20261009203916,20261010000726,,EV
2026-10-10T00:01:09.230889+00:00,EV004017,02,2,20261010085640,20261009213116,20261010015936,,EV
2026-10-10T00:01:09.230889+00:00,EV004034,02,3,20261010085640,20261009181758,20261009205018,20261010085616,EV
2026-10-10T00:01:09.230889+00:00,EV004093,02,3,20261010085438,20261008192955,20261009030834,20261010085438,EV
2026-10-10T00:01:09.230889+00:00,EV004851,01,2,20261010085410,20261009223237,20261010071606,,EV
2026-10-10T00:01:09.230889+00:00,EV005016,02,2,20261010085640,20261009193731,20261009211846,,EV
2026-10-10T00:01:09.230889+00:00,EV005021,02,2,20261010085641,20261010084740,20261010085455,,EV
2026-10-10T00:01:09.230889+00:00,EV005099,04,2,20261010085843,20261009191956,20261010031721,,EV
2026-10-10T00:01:09.230889+00:00,EV005105,02,2,20261010085411,20261009205832,20261010005432,,EV
2026-10-10T00:01:09.230889+00:00,EV005105,06,2,20261010085841,20261009204336,20261010002426,,EV
2026-10-10T00:01:09.230889+00:00,EV005127,01,3,20261010085236,20261009180500,20261010035038,20261010085236,EV
2026-10-10T00:01:09.230889+00:00,EV005237,05,2,20261010085236,20261009224759,20261010064558,,EV
2026-10-10T00:01:09.230889+00:00,EV005893,01,2,20261010085843,20261009183236,20261010034816,,EV
2026-10-10T00:01:09.230889+00:00,EV006150,02,2,20261010085411,20261009221241,20261010060033,,EV
2026-10-10T00:01:09.230889+00:00,EV006190,02,3,20261010085841,20261010085320,20261010085540,20261010085645,EV
2026-10-10T00:01:09.230889+00:00,EV006265,01,2,20261010085438,20261010073434,20261010081436,,EV
2026-10-10T00:01:09.230889+00:00,EV006268,02,1,20261010085412,20261007132820,20261007135028,,EV
2026-10-10T00:01:09.230889+00:00,EV006692,01,3,20261010085641,20261008162212,20261008213418,20261010085641,EV
2026-10-10T00:01:09.230889+00:00,EV007379,03,3,20261010085842,20261009183148,20261009193343,20261010085659,EV
2026-10-10T00:01:09.230889+00:00,EV007791,01,2,20261010085240,20261009180026,20261010011227,,EV
2026-10-10T00:01:09.230889+00:00,EV008445,03,3,20261010085441,20261010002735,20261010084057,20261010085322,EV
2026-10-10T00:01:09.230889+00:00,EV008739,03,3,20261010085842,20261008230221,20261009070122,20261010085734,EV
2026-10-10T00:01:09.230889+00:00,EV008907,05,2,20261010085640,20261010014037,20261010033457,,EV
2026-10-10T00:01:09.230889+00:00,EV008979,02,2,20261010085238,20261010082256,20261010084534,,EV
2026-10-10T00:01:09.230889+00:00,EV009030,01,2,20261010085239,20261009132714,20261009172640,,EV
2026-10-10T00:01:09.230889+00:00,EV010297,01,2,20261010085239,20261009200722,20261009233630,,EV
2026-10-10T00:01:09.230889+00:00,EV010972,01,2,20261010085841,20261009211324,20261010041008,,EV
2026-10-10T00:01:09.230889+00:00,EV011072,04,3,20261010085436,20261009214603,20261009225518,20261010085330,EV
2026-10-10T00:01:09.230889+00:00,EV011233,03,3,20261010085235,20261009224922,20261009232107,20261010085138,EV
2026-10-10T00:01:09.230889+00:00,EV011244,01,2,20261010085641,20261008193044,20261008215615,,EV
2026-10-10T00:01:09.230889+00:00,EV011743,02,3,20261010085843,20261009124647,20261009153644,20261010085710,EV
2026-10-10T00:01:09.230889+00:00,EV011848,02,2,20261010085840,20261009185845,20261010085559,,EV
2026-10-10T00:01:09.230889+00:00,EV012392,03,3,20261010085640,20261009085331,20261009180930,20261010085612,EV
2026-10-10T00:01:09.230889+00:00,EV012392,05,3,20261010085238,20261009151627,20261009170737,20261010085222,EV
2026-10-10T00:01:09.230889+00:00,EV012393,02,3,20261010085238,20261009085817,20261009100109,20261010085141,EV
2026-10-10T00:01:09.230889+00:00,EV012393,04,3,20261010085414,20261009134139,20261009145945,20261010085251,EV
2026-10-10T00:01:09.230889+00:00,EV012393,08,3,20261010085414,20261009073635,20261009151039,20261010085310,EV
2026-10-10T00:01:09.230889+00:00,EV012713,04,2,20261010085841,20261009194355,20261010022146,,EV
2026-10-10T00:01:09.230889+00:00,EV012756,03,2,20261010085639,20261009191539,20261010021851,,EV
2026-10-10T00:01:09.230889+00:00,EV012807,03,2,20261010085641,20261009192755,20261009200024,,EV
2026-10-10T00:01:09.230889+00:00,EV013430,02,2,20261010085843,20261009230011,20261010043932,,EV
2026-10-10T00:01:09.230889+00:00,EV013436,02,2,20261010085411,20261009172718,20261010001634,,EV
2026-10-10T00:01:09.230889+00:00,EV013808,02,2,20261010085841,20261009072419,20261009134440,,EV
2026-10-10T00:01:09.230889+00:00,EV013817,01,2,20261010085238,20261009235626,20261010061002,,EV
2026-10-10T00:01:09.230889+00:00,EV013817,02,2,20261010085238,20261009211407,20261010005008,,EV
2026-10-10T00:01:09.230889+00:00,EV013897,03,3,20261010085436,20261009141950,20261009172045,20261010084421,EV
2026-10-10T00:01:09.230889+00:00,EV014055,01,3,20261010085239,20261008093858,20261008120313,20261010085038,EV
2026-10-10T00:01:09.230889+00:00,EV014466,02,2,20261010085639,20261009212701,20261010043302,,EV
2026-10-10T00:01:09.230889+00:00,EV014970,07,3,20261010085411,20261009162826,20261009225059,20261010085248,EV
2026-10-10T00:01:09.230889+00:00,EV015216,03,3,20261010085238,20261008210715,20261009051149,20261010085205,EV
2026-10-10T00:01:09.230889+00:00,EV015457,01,3,20261010085410,20261008191103,20261008222525,20261010033303,EV
2026-10-10T00:01:09.230889+00:00,EV015765,04,3,20261010085236,20261009115856,20261009125154,20261010085138,EV
2026-10-10T00:01:09.230889+00:00,EV015998,03,3,20261010085235,20261006172034,20261007072034,20261010085038,EV
2026-10-10T00:01:09.230889+00:00,EV015998,09,3,20261010085840,20261008220732,20261009064631,20261010085751,EV
2026-10-10T00:01:09.230889+00:00,EV016223,03,3,20261010085235,20261007201659,20261008032910,20261010085029,EV
2026-10-10T00:01:09.230889+00:00,EV016372,01,3,20261010085440,20261009105610,20261009152056,20261010085352,EV
2026-10-10T00:01:09.230889+00:00,EV017502,01,2,20261010085239,20261009213733,20261009225748,,EV
2026-10-10T00:01:09.230889+00:00,EV017633,02,2,20261010085440,20261009234000,20261010024225,,EV
2026-10-10T00:01:09.230889+00:00,EV017782,04,3,20261010085235,20261009111756,20261009154405,20261010085205,EV
2026-10-10T00:01:09.230889+00:00,EV017917,06,2,20261010085842,20261009220238,20261010002443,,EV
2026-10-10T00:01:09.230889+00:00,EV018272,02,2,20261010085638,20261009205518,20261010021904,,EV
2026-10-10T00:01:09.230889+00:00,EV018548,03,2,20261010085411,20261009192354,20261010085235,,EV
2026-10-10T00:01:09.230889+00:00,EV018906,03,2,20261010085840,20261009220707,20261010035348,,EV
2026-10-10T00:01:09.230889+00:00,EV018986,09,3,20261010085641,20261009004828,20261009045630,20261010085641,EV
2026-10-10T00:01:09.230889+00:00,EV019353,02,2,20261010085414,20261009221435,20261010033216,,EV
2026-10-10T00:01:09.230889+00:00,EV019410,03,3,20261010085638,20261009201018,20261010010257,20261010085509,EV
2026-10-10T00:01:09.230889+00:00,EV019468,01,9,20261010085840,20261007182623,20261007232607,,EV
2026-10-10T00:01:09.230889+00:00,EV019678,03,2,20261010085842,20261010075544,20261010085631,,EV
2026-10-10T00:01:09.230889+00:00,EV019837,02,2,20261010085438,20261009211745,20261010063000,,EV
2026-10-10T00:01:09.230889+00:00,EV020175,02,2,20261010085842,20261009220426,20261010005550,,EV
2026-10-10T00:01:09.230889+00:00,EV020192,02,3,20261010085639,20261010074000,20261010082611,20261010085613,EV
2026-10-10T00:01:09.230889+00:00,EV020266,05,2,20261010085640,20261009184049,20261010015256,,EV
2026-10-10T00:01:09.230889+00:00,EV020346,01,2,20261010085441,20261009194816,20261009211244,,EV
2026-10-10T00:01:09.230889+00:00,EV020624,01,2,20261010085413,20261009222719,20261010015954,,EV
2026-10-10T00:01:09.230889+00:00,HD000013,03,2,20261010085900,20261010083947,20261010085801,,HD
2026-10-10T00:01:09.230889+00:00,HD000017,03,3,20261010085600,20261010085518,20261010050153,20261010085518,HD
2026-10-10T00:01:09.230889+00:00,HD000017,06,3,20261010085300,20261010085334,20261009180432,20261009174320,HD
2026-10-10T00:01:09.230889+00:00,HE000423,07,3,20261010085600,20261010085600,20261009124100,20261010085600,HE
2026-10-10T00:01:09.230889+00:00,HE000443,01,5,20261010085700,20261007151500,20261007151600,,HE
2026-10-10T00:01:09.230889+00:00,HE001015,01,3,20261010085300,20261010085300,20261010075400,20261010085300,HE
2026-10-10T00:01:09.230889+00:00,HE192176,01,3,20261010085600,20261010085600,20261010081100,20261010085600,HE
2026-10-10T00:01:09.230889+00:00,HE192187,01,3,20261010085600,20261010085600,20261010072000,20261010085600,HE
2026-10-10T00:01:09.230889+00:00,HE240401,01,2,20261010090000,20261007122440,20261007144035,,HE
2026-10-10T00:01:09.230889+00:00,HE240404,03,2,20261010090000,20261008220527,20261009045513,,HE
2026-10-10T00:01:09.230889+00:00,HE240415,05,2,20261010090000,20261009190449,20261009221108,,HE
2026-10-10T00:01:09.230889+00:00,HE240415,07,3,20261010085500,20261010085500,20261010052207,20261010085500,HE
2026-10-10T00:01:09.230889+00:00,HM000466,16,2,20261010085805,20261009145256,20261009165805,,HM
2026-10-10T00:01:09.230889+00:00,HM000617,01,2,20261010085608,20261010070248,20261010085435,,HM
2026-10-10T00:01:09.230889+00:00,HM000649,34,3,20261010085408,20261008142819,20261008173313,20261010085337,HM
2026-10-10T00:01:09.230889+00:00,HM000731,03,3,20261010085808,20261009111059,20261009165812,20261010085620,HM
2026-10-10T00:01:09.230889+00:00,HM000999,05,3,20261010085810,20261010072746,20261010075554,20261010085657,HM
2026-10-10T00:01:09.230889+00:00,HM110250,18,3,20261010085218,20261008155507,20261008170816,20261010085019,HM
2026-10-10T00:01:09.230889+00:00,HM110280,01,3,20261010085218,20261008130338,20261008190137,20261010085033,HM
2026-10-10T00:01:09.230889+00:00,HM110377,23,2,20261010085421,20261009230705,20261010032437,,HM
2026-10-10T00:01:09.230889+00:00,HP250010,04,2,20261010085310,20261010074611,20261010085310,,HP
2026-10-10T00:01:09.230889+00:00,HY000004,08,2,20261010085501,20261009145038,20261010085401,,HY
2026-10-10T00:01:09.230889+00:00,HY001247,03,2,20261010085402,20261009131000,20261009162315,,HY
2026-10-10T00:01:09.230889+00:00,HY001378,02,3,20261010090007,20261010085929,20261008182503,20261010085929,HY
2026-10-10T00:01:09.230889+00:00,HY001732,04,2,20261010085304,20261009201241,20261010085225,,HY
2026-10-10T00:01:09.230889+00:00,HY001897,03,2,20261010085607,20261010005213,20261010085529,,HY
2026-10-10T00:01:09.230889+00:00,IM000189,01,2,20261010085458,20261009230753,20261010085425,,IM
2026-10-10T00:01:09.230889+00:00,JA110058,03,3,20261010085607,20261010085607,20261010081405,20261010085607,JA
2026-10-10T00:01:09.230889+00:00,JA110163,03,3,20261010085616,20261010085616,20261009132812,20261010085616,JA
2026-10-10T00:01:09.230889+00:00,JA110197,08,3,20261010085619,20261010085619,20261010082818,20261010085619,JA
2026-10-10T00:01:09.230889+00:00,JA110197,09,2,20261010085619,20261010084020,20261010085619,,JA
2026-10-10T00:01:09.230889+00:00,JA110198,03,2,20261010085619,20261010074020,20261010085619,,JA
2026-10-10T00:01:09.230889+00:00,JA110200,01,3,20261010085619,20261010085619,20261010011420,20261010085619,JA
2026-10-10T00:01:09.230889+00:00,JA110200,02,3,20261010085619,20261010085619,20261009100720,20261010085619,JA
2026-10-10T00:01:09.230889+00:00,JA110201,06,3,20261010085620,20261010085620,20261010084020,20261010085620,JA
2026-10-10T00:01:09.230889+00:00,JA110201,07,2,20261010085620,20261010084917,20261010085620,,JA
2026-10-10T00:01:09.230889+00:00,JA110201,08,2,20261010085620,20261010084216,20261010085620,,JA
2026-10-10T00:01:09.230889+00:00,JA110202,16,3,20261010085620,20261010085620,20261010074916,20261010085620,JA
2026-10-10T00:01:09.230889+00:00,JA110203,01,2,20261010085620,20261010074216,20261010085620,,JA
2026-10-10T00:01:09.230889+00:00,JA110203,05,2,20261010085620,20261010083519,20261010085620,,JA
2026-10-10T00:01:09.230889+00:00,JA110203,11,3,20261010085620,20261010085620,20261010002022,20261010085620,JA
2026-10-10T00:01:09.230889+00:00,JA110203,22,3,20261010085620,20261010085620,20261009235618,20261010085620,JA
2026-10-10T00:01:09.230889+00:00,JA110203,29,3,20261010085620,20261010085620,20261009205619,20261010085620,JA
2026-10-10T00:01:09.230889+00:00,JA110203,30,3,20261010085620,20261010085620,20261010083519,20261010085620,JA
2026-10-10T00:01:09.230889+00:00,JA110203,31,2,20261010085620,20261010083519,20261010085620,,JA
2026-10-10T00:01:09.230889+00:00,JA110210,01,2,20261010085620,20261010082017,20261010085620,,JA
2026-10-10T00:01:09.230889+00:00,JA110210,04,2,20261010085620,20261010082017,20261010085620,,JA
2026-10-10T00:01:09.230889+00:00,JA110210,09,3,20261010085620,20261010085620,20261010083519,20261010085620,JA
2026-10-10T00:01:09.230889+00:00,JA110210,13,2,20261010085620,20261010073517,20261010085620,,JA
2026-10-10T00:01:09.230889+00:00,JA110210,17,2,20261010085620,20261010072018,20261010085620,,JA
2026-10-10T00:01:09.230889+00:00,JA110210,19,2,20261010085620,20261010072018,20261010085620,,JA
2026-10-10T00:01:09.230889+00:00,JA110212,07,3,20261010085620,20261010085620,20261010074916,20261010085620,JA
2026-10-10T00:01:09.230889+00:00,JA110212,08,3,20261010085620,20261010085620,20261010051417,20261010085620,JA
2026-10-10T00:01:09.230889+00:00,KE000677,01,2,20261010085159,20261010033204,20261010085141,,KE
2026-10-10T00:01:09.230889+00:00,KE000906,06,2,20261010085559,20261010075510,20261010085545,,KE
2026-10-10T00:01:09.230889+00:00,KE001025,01,2,20261010085959,20261009202139,20261010002518,,KE
2026-10-10T00:01:09.230889+00:00,KE001173,01,3,20261010085259,20261010085234,20261009123131,20261010085234,KE
2026-10-10T00:01:09.230889+00:00,KE001243,01,3,20261010085359,20261010085313,20261009214728,20261010085313,KE
2026-10-10T00:01:09.230889+00:00,KL001986,05,3,20261010085502,20261010085502,20261008235149,20261010085412,KL
2026-10-10T00:01:09.230889+00:00,KL002002,02,2,20261010085601,20261010030500,20261010085511,,KL
2026-10-10T00:01:09.230889+00:00,KL002116,02,2,20261010085502,20261010042331,20261010084904,,KL
2026-10-10T00:01:09.230889+00:00,KL002138,04,2,20261010085301,20261010005509,20261010085215,,KL
2026-10-10T00:01:09.230889+00:00,KL002476,03,3,20261010085701,20261010085701,20261009185746,20261010085552,KL
2026-10-10T00:01:09.230889+00:00,KL200183,21,3,20261010085914,20261010085914,20261008135212,20261010085913,KL
2026-10-10T00:01:09.230889+00:00,KP001285,02,3,20261010090004,20261009172510,20261009204703,20261010085022,KP
2026-10-10T00:01:09.230889+00:00,KP004154,02,3,20261010090006,20261010033433,20261010041545,20261010085520,KP
2026-10-10T00:01:09.230889+00:00,KP005436,01,3,20261010090008,20261009164356,20261009174413,20261010085605,KP
2026-10-10T00:01:09.230889+00:00,LCSLCGP1,18,2,20261010090010,20261010000010,20261010090010,,LC
2026-10-10T00:01:09.230889+00:00,LI000323,01,2,20261010085710,20261010085659,20261010085710,,LI
2026-10-10T00:01:09.230889+00:00,LI000358,01,2,20261010085855,20261010085544,20261010085855,,LI
2026-10-10T00:01:09.230889+00:00,LI000358,03,2,20261010085909,20261010085908,20261010085909,,LI
2026-10-10T00:01:09.230889+00:00,LI000463,02,3,20261010085902,20261010085902,20261010085823,20261010085902,LI
2026-10-10T00:01:09.230889+00:00,LU000336,03,3,20261010085738,20261010085752,20261009200327,20261009182427,LU
2026-10-10T00:01:09.230889+00:00,LU000482,05,2,20261010085449,20261009230809,20261010055640,,LU
2026-10-10T00:01:09.230889+00:00,LU000948,06,2,20261010085826,20261010065749,20261010084209,,LU
2026-10-10T00:01:09.230889+00:00,LU001004,56,2,20261010085722,20261009185839,20261009230348,,LU
2026-10-10T00:01:09.230889+00:00,LU001650,06,2,20261010085644,20261008213410,20261008222834,,LU
2026-10-10T00:01:09.230889+00:00,LU001650,12,3,20261010085647,20261010085706,20261009233526,20261009184015,LU
2026-10-10T00:01:09.230889+00:00,LU001842,01,3,20261010085534,20261010085543,20261009214016,20261009191300,LU
2026-10-10T00:01:09.230889+00:00,LU001842,02,2,20261010085957,20261009191655,20261009210155,,LU
2026-10-10T00:01:09.230889+00:00,LU002224,12,2,20261010085334,20261009212638,20261010012102,,LU
2026-10-10T00:01:09.230889+00:00,LU002378,04,2,20261010085839,20261009225859,20261010021808,,LU
2026-10-10T00:01:09.230889+00:00,LU002691,33,2,20261010085716,20261010000056,20261010065606,,LU
2026-10-10T00:01:09.230889+00:00,LU002734,02,2,20261010085922,20261010082814,20261010085921,,LU
2026-10-10T00:01:09.230889+00:00,LU002751,04,3,20261010085705,20261010085716,20261009222440,20261009175138,LU
2026-10-10T00:01:09.230889+00:00,LU002794,03,2,20261010085150,20261009142436,20261009155856,,LU
2026-10-10T00:01:09.230889+00:00,LU002827,02,3,20261010090008,20261005164431,20261005182832,20261010090008,LU
2026-10-10T00:01:09.230889+00:00,LU002861,05,2,20261010085723,20261009190426,20261009202333,,LU
2026-10-10T00:01:09.230889+00:00,LU003312,02,3,20261010085717,20261010085726,20261009170042,20261009140751,LU
2026-10-10T00:01:09.230889+00:00,LU003358,02,2,20261010085652,20261009200319,20261009212815,,LU
2026-10-10T00:01:09.230889+00:00,LU003447,02,2,20261010085923,20261009190708,20261010015959,,LU
2026-10-10T00:01:09.230889+00:00,LU003606,03,3,20261010085332,20261010085349,20261009034940,20261009000033,LU
2026-10-10T00:01:09.230889+00:00,LU003697,02,2,20261010085454,20261009142616,20261009161703,,LU
2026-10-10T00:01:09.230889+00:00,LU003752,17,3,20261010085558,20261010085619,20261009023422,20261008222846,LU
2026-10-10T00:01:09.230889+00:00,LU003842,30,2,20261010085357,20261009143844,20261009225258,,LU
2026-10-10T00:01:09.230889+00:00,LU003910,06,2,20261010090008,20261009212421,20261010051913,,LU
2026-10-10T00:01:09.230889+00:00,LU004023,07,3,20261010085702,20261010085730,20261010035823,20261009223307,LU
2026-10-10T00:01:09.230889+00:00,LU004256,01,3,20261010085628,20261010085648,20261009213331,20261009182222,LU
2026-10-10T00:01:09.230889+00:00,LU004256,04,2,20261010085134,20261010031727,20261010054609,,LU
2026-10-10T00:01:09.230889+00:00,LU100338,01,3,20261010085152,20261008150855,20261009012355,20261008150855,LU
2026-10-10T00:01:09.230889+00:00,LU101100,12,3,20261010090000,20261009155422,20261009162811,20261009155422,LU
2026-10-10T00:01:09.230889+00:00,LU101144,04,2,20261010085513,20261009184449,20261009205733,,LU
2026-10-10T00:01:09.230889+00:00,LU101451,17,2,20261010085903,20261009184817,20261009221250,,LU
2026-10-10T00:01:09.230889+00:00,LU101573,34,3,20261010085944,20261009175847,20261009192338,20261009175847,LU
2026-10-10T00:01:09.230889+00:00,LU101573,35,2,20261010085239,20261009205415,20261010040031,,LU
2026-10-10T00:01:09.230889+00:00,LU101587,05,3,20261010085318,20261010085332,20261009131835,20261009111023,LU
2026-10-10T00:01:09.230889+00:00,LU101684,03,2,20261010085226,20261009220016,20261010034537,,LU
2026-10-10T00:01:09.230889+00:00,LU101695,05,2,20261010085817,20261010041643,20261010085747,,LU
2026-10-10T00:01:09.230889+00:00,LU101768,07,3,20261010085155,20261010085207,20261009131909,20261009123715,LU
2026-10-10T00:01:09.230889+00:00,LU101786,01,3,20261010085800,20261010085808,20261008095057,20261008064353,LU
2026-10-10T00:01:09.230889+00:00,MO112910,03,1,20261010090007,20260901220003,20260901220005,,MO
2026-10-10T00:01:09.230889+00:00,MO112911,01,1,20261010090008,20261006211305,20261006211310,,MO
2026-10-10T00:01:09.230889+00:00,MO114401,01,1,20261010090008,20260919201150,20260920052309,,MO
2026-10-10T00:01:09.230889+00:00,MO114401,02,1,20261010090008,20260917193804,20260918025432,,MO
2026-10-10T00:01:09.230889+00:00,MO114403,01,1,20261010090008,20260915105045,20260915175804,,MO
2026-10-10T00:01:09.230889+00:00,MO114701,01,2,20261010090008,20261010085610,20261010090008,,MO
2026-10-10T00:01:09.230889+00:00,MO114701,02,3,20261010090008,20261010090008,20261010085610,20261010090008,MO
2026-10-10T00:01:09.230889+00:00,MO114703,01,3,20261010090007,20261010090007,20261010085610,20261010090007,MO
2026-10-10T00:01:09.230889+00:00,MO114703,02,3,20261010090007,20261010090007,20261010085610,20261010090007,MO
2026-10-10T00:01:09.230889+00:00,MO115004,01,2,20261010090005,20240801062802,20240801062812,,MO
2026-10-10T00:01:09.230889+00:00,MO115004,02,2,20261010090005,20240730062802,20240730062816,,MO
2026-10-10T00:01:09.230889+00:00,MO115004,03,2,20261010090005,20240731202116,20240731202127,,MO
2026-10-10T00:01:09.230889+00:00,MO115307,01,1,20261010090008,20260708070003,20260708070004,,MO
2026-10-10T00:01:09.230889+00:00,MO115307,02,3,20261010090008,20261010090008,20261010085610,20261010090008,MO
2026-10-10T00:01:09.230889+00:00,MO115309,01,1,20261010090008,20260615090004,20260615090004,,MO
2026-10-10T00:01:09.230889+00:00,MO116803,01,2,20261010090005,20261010090002,20261010090005,,MO
2026-10-10T00:01:09.230889+00:00,MO116804,01,1,20261010090008,20260310125633,20260310125652,,MO
2026-10-10T00:01:09.230889+00:00,NS850088,01,2,20261010085310,20261009101054,20261009121031,,NS
2026-10-10T00:01:09.230889+00:00,NS850102,02,2,20261010085248,20261009011049,20261009031021,,NS
2026-10-10T00:01:09.230889+00:00,NT100241,13,2,20261010085150,20261009200550,20261010085150,,NT
2026-10-10T00:01:09.230889+00:00,NT100253,23,3,20261010085950,20261010085950,20261010060550,20261010085950,NT
2026-10-10T00:01:09.230889+00:00,NT100415,05,2,20261010085550,20261009192550,20261010085550,,NT
2026-10-10T00:01:09.230889+00:00,NT100575,02,2,20261010085750,20261009211950,20261010085750,,NT
2026-10-10T00:01:09.230889+00:00,NT101157,03,2,20261010085750,20261009202750,20261010085750,,NT
2026-10-10T00:01:09.230889+00:00,NT101161,01,3,20261010085950,20261010085950,20261008181750,20261010085950,NT
2026-10-10T00:01:09.230889+00:00,NT101161,14,3,20261010085350,20261010085350,20260929172050,20261010085350,NT
2026-10-10T00:01:09.230889+00:00,NT101161,17,3,20261010085650,20261010085650,20261009173050,20261010085650,NT
2026-10-10T00:01:09.230889+00:00,NT101171,01,3,20261010085450,20261010085450,20261010071050,20261010085450,NT
2026-10-10T00:01:09.230889+00:00,NT101594,30,3,20261010085450,20261010085450,20261010065550,20261010085450,NT
2026-10-10T00:01:09.230889+00:00,NT101945,06,2,20261010085350,20261010000250,20261010085350,,NT
2026-10-10T00:01:09.230889+00:00,NT101945,18,2,20261010085550,20261010070750,20261010085550,,NT
2026-10-10T00:01:09.230889+00:00,NT102003,17,2,20261010085650,20261009201250,20261010085650,,NT
2026-10-10T00:01:09.230889+00:00,NT102003,19,2,20261010085750,20261009163150,20261010085750,,NT
2026-10-10T00:01:09.230889+00:00,NT102003,24,2,20261010085650,20261009231850,20261010085650,,NT
2026-10-10T00:01:09.230889+00:00,NT102127,02,9,20261010085150,20261010021350,20261010085150,,NT
2026-10-10T00:01:09.230889+00:00,NT102133,01,2,20261010085150,20261010081350,20261010085150,,NT
2026-10-10T00:01:09.230889+00:00,NT102216,07,2,20261010085150,20261009015150,20261010085150,,NT
2026-10-10T00:01:09.230889+00:00,NT102319,03,2,20261010085650,20261010074250,20261010085650,,NT
2026-10-10T00:01:09.230889+00:00,NT102369,07,2,20261010085750,20261004174650,20261010085750,,NT
2026-10-10T00:01:09.230889+00:00,NT102378,06,2,20261010085150,20261010023350,20261010085150,,NT
2026-10-10T00:01:09.230889+00:00,NT102403,01,2,20261010085550,20261010004350,20261010085550,,NT
2026-10-10T00:01:09.230889+00:00,NT102435,08,3,20261010085250,20261010085250,20261007103850,20261010085250,NT
2026-10-10T00:01:09.230889+00:00,NT102465,44,2,20261010085550,20261009162050,20261010085550,,NT
2026-10-10T00:01:09.230889+00:00,NT102502,02,9,20261010085850,20261010003650,20261010085850,,NT
2026-10-10T00:01:09.230889+00:00,NT102513,07,3,20261010085250,20261010085250,20261010083750,20261010085250,NT
2026-10-10T00:01:09.230889+00:00,NT102529,01,2,20261010085850,20261010034250,20261010085850,,NT
2026-10-10T00:01:09.230889+00:00,NT102540,04,9,20261010085950,20261010025750,20261010085950,,NT
2026-10-10T00:01:09.230889+00:00,NT102541,04,2,20261010085350,20261009123150,20261010085350,,NT
2026-10-10T00:01:09.230889+00:00,NT102578,04,2,20261010085250,20261009230150,20261010085250,,NT
2026-10-10T00:01:09.230889+00:00,NT102589,01,2,20261010085450,20261009194650,20261010085450,,NT
2026-10-10T00:01:09.230889+00:00,NT102646,01,3,20261010085350,20261010085350,20261009105550,20261010085350,NT
2026-10-10T00:01:09.230889+00:00,NT102732,01,3,20261010085250,20261010085250,20261008194150,20261010085250,NT
2026-10-10T00:01:09.230889+00:00,NT102765,13,2,20261010085850,20261009122250,20261010085850,,NT
2026-10-10T00:01:09.230889+00:00,NT102765,65,2,20261010085550,20261009230150,20261010085550,,NT
2026-10-10T00:01:09.230889+00:00,NT102766,25,2,20261010085750,20261009185350,20261010085750,,NT
2026-10-10T00:01:09.230889+00:00,NT102886,48,2,20261010085650,20261009214450,20261010085650,,NT
2026-10-10T00:01:09.230889+00:00,NT102949,25,3,20261010085950,20261010085950,20261008141950,20261010085950,NT
2026-10-10T00:01:09.230889+00:00,NT200155,01,2,20261010085950,20261010042550,20261010085950,,NT
2026-10-10T00:01:09.230889+00:00,NX000000,02,3,20261010085248,20261010085248,20261008115805,20261010085248,NX
2026-10-10T00:01:09.230889+00:00,PC000075,05,2,20261010085806,20261009194612,20261010085805,,PC
2026-10-10T00:01:09.230889+00:00,PC000076,03,2,20261010085310,20261009181839,20261010085309,,PC
2026-10-10T00:01:09.230889+00:00,PC000163,05,3,20261010085206,20261008190649,20261008194902,20261010085206,PC
2026-10-10T00:01:09.230889+00:00,PC000375,03,3,20261010085352,20261010085123,20261010085249,20261010085352,PC
2026-10-10T00:01:09.230889+00:00,PC000382,02,3,20261010085220,20261008073302,20261008224746,20261010085220,PC
2026-10-10T00:01:09.230889+00:00,PC000525,01,2,20261010085922,20261010014835,20261010085914,,PC
2026-10-10T00:01:09.230889+00:00,PC000556,01,2,20261010085146,20261009205746,20261010015852,,PC
2026-10-10T00:01:09.230889+00:00,PC000621,04,3,20261010085441,20261009145417,20261010085400,20261010085441,PC
2026-10-10T00:01:09.230889+00:00,PC000648,08,2,20261010085401,20261009204952,20261010075257,,PC
2026-10-10T00:01:09.230889+00:00,PC000705,51,2,20261010085952,20261009125612,20261009150433,,PC
2026-10-10T00:01:09.230889+00:00,PC001220,09,3,20261010085647,20261009210746,20261009214204,20261010085647,PC
2026-10-10T00:01:09.230889+00:00,PI121435,07,3,20261010085620,20261010085314,20261006175256,20261010085620,PI
2026-10-10T00:01:09.230889+00:00,PI122334,02,3,20261010085630,20261010085409,20261008165748,20261010085630,PI
2026-10-10T00:01:09.230889+00:00,PI122374,01,3,20261010085618,20261010085231,20261008160446,20261010085618,PI
2026-10-10T00:01:09.230889+00:00,PI200108,01,2,20261010085615,20261009225636,20261008205415,,PI
2026-10-10T00:01:09.230889+00:00,PI200750,01,2,20261010085623,20261010032313,20261010074926,,PI
2026-10-10T00:01:09.230889+00:00,PI200806,22,3,20261010085150,20261010085102,20261009153854,20261010085150,PI
2026-10-10T00:01:09.230889+00:00,PI200855,03,9,20261010085310,20261003140553,20261003165606,,PI
2026-10-10T00:01:09.230889+00:00,PI200872,14,9,20261010085810,20261010065110,20261008204649,20261010065119,PI
2026-10-10T00:01:09.230889+00:00,PI200885,19,2,20261010085627,20261009204616,20261010075256,,PI
2026-10-10T00:01:09.230889+00:00,PI200888,03,2,20261010085627,20261009213559,20261010075328,,PI
2026-10-10T00:01:09.230889+00:00,PI200918,08,2,20261010085114,20261010011724,20261010084817,,PI
2026-10-10T00:01:09.230889+00:00,PI200929,04,2,20261010085627,20260924171231,20260924220739,,PI
2026-10-10T00:01:09.230889+00:00,PI200929,05,2,20261010085627,20260920124314,20260920172853,,PI
2026-10-10T00:01:09.230889+00:00,PI200929,06,2,20261010085627,20260725232927,20260726010753,,PI
2026-10-10T00:01:09.230889+00:00,PI200929,07,2,20261010085627,20261009021231,20261009051820,,PI
2026-10-10T00:01:09.230889+00:00,PI200929,08,2,20261010085627,20260910082733,20260910104739,,PI
2026-10-10T00:01:09.230889+00:00,PI200929,10,2,20261010085627,20261009074622,20261009094107,,PI
2026-10-10T00:01:09.230889+00:00,PI200929,11,2,20261010085627,20260918085724,20260918141720,,PI
2026-10-10T00:01:09.230889+00:00,PI200929,12,2,20261010085114,20261006223749,20261007033057,,PI
2026-10-10T00:01:09.230889+00:00,PI200929,13,2,20261010085114,20261009012123,20261009033140,,PI
2026-10-10T00:01:09.230889+00:00,PI200929,17,2,20261010085631,20261009202831,20261008114512,,PI
2026-10-10T00:01:09.230889+00:00,PI200929,18,2,20261010085631,20261006100217,20261006175650,,PI
2026-10-10T00:01:09.230889+00:00,PI200929,19,2,20261010085631,20261008223304,20261009032751,,PI
2026-10-10T00:01:09.230889+00:00,PI200929,21,2,20261010085631,20261008211244,20261008025331,,PI
2026-10-10T00:01:09.230889+00:00,PI200929,22,2,20261010085117,20261008085055,20261006015429,,PI
2026-10-10T00:01:09.230889+00:00,PI200929,23,2,20261010085117,20261008183046,20261008211701,,PI
2026-10-10T00:01:09.230889+00:00,PI203049,05,3,20261010085634,20261010085123,20261009175947,20261010085634,PI
2026-10-10T00:01:09.230889+00:00,PI204008,15,2,20261010085234,20261010082405,20261009193926,,PI
2026-10-10T00:01:09.230889+00:00,PI204010,04,3,20261010085122,20261010084821,20261009204951,20261010085122,PI
2026-10-10T00:01:09.230889+00:00,PI204122,01,3,20261010085128,20261010085028,20261009230459,20261010085128,PI
2026-10-10T00:01:09.230889+00:00,PI204136,41,2,20261010085643,20261008115620,20261008125620,,PI
2026-10-10T00:01:09.230889+00:00,PI204145,01,2,20261010085644,20261009214206,20261010083134,,PI
2026-10-10T00:01:09.230889+00:00,PI204162,01,3,20261010085133,20261010084731,20261008161737,20261010085133,PI
2026-10-10T00:01:09.230889+00:00,PI204162,12,3,20261010085646,20261010085137,20261009223743,20261010085646,PI
2026-10-10T00:01:09.230889+00:00,PI204180,01,2,20261010085135,20261010021235,20261010073655,,PI
2026-10-10T00:01:09.230889+00:00,PI204313,06,2,20261010085147,20261010063149,20261010084940,,PI
2026-10-10T00:01:09.230889+00:00,PI645076,01,2,20261010085746,20261010031335,20261010075351,,PI
2026-10-10T00:01:09.230889+00:00,PI645091,01,2,20261010085746,20261010085028,20261010085411,,PI
2026-10-10T00:01:09.230889+00:00,PI645210,03,2,20261010085747,20261010013948,20261010075053,,PI
2026-10-10T00:01:09.230889+00:00,PI700014,09,3,20261010085335,20261010084959,20261008115318,20261010085335,PI
2026-10-10T00:01:09.230889+00:00,PI700044,06,3,20261010085506,20261010085022,20261010075919,20261010085506,PI
2026-10-10T00:01:09.230889+00:00,PI707178,04,3,20261010085511,20261010085304,20261009185823,20261010085511,PI
2026-10-10T00:01:09.230889+00:00,PI708002,06,2,20261010090009,20261009172014,20261010002418,,PI
2026-10-10T00:01:09.230889+00:00,PI708064,05,2,20261010090009,20261009200931,20261010084859,,PI
2026-10-10T00:01:09.230889+00:00,PI708719,16,3,20261010085515,20261010085439,20261009114906,20261010085515,PI
2026-10-10T00:01:09.230889+00:00,PI712247,23,2,20261010085528,20261008223124,20261010022356,,PI
2026-10-10T00:01:09.230889+00:00,PI712346,32,2,20261010085519,20261010081418,20261010085129,,PI
2026-10-10T00:01:09.230889+00:00,PI712449,24,2,20261010085533,20261009222416,20261010031828,,PI
2026-10-10T00:01:09.230889+00:00,PI713948,01,2,20261010085540,20261010083758,20261010085412,,PI
2026-10-10T00:01:09.230889+00:00,PI718321,11,3,20261010085551,20261010085335,20261009145412,20261010085551,PI
2026-10-10T00:01:09.230889+00:00,PI721016,07,2,20261010085825,20261009204109,20261010020420,,PI
2026-10-10T00:01:09.230889+00:00,PI721315,03,2,20261010085509,20261009213402,20261010005418,,PI
2026-10-10T00:01:09.230889+00:00,PI721671,15,3,20261010085828,20261010085747,20261009183752,20261010085828,PI
2026-10-10T00:01:09.230889+00:00,PI722666,15,2,20261010085828,20261009213414,20261010051711,,PI
2026-10-10T00:01:09.230889+00:00,PI722924,14,2,20261010085804,20261010080004,20261010085415,,PI
2026-10-10T00:01:09.230889+00:00,PI723240,05,2,20261010085825,20261010081525,20261010085651,,PI
2026-10-10T00:01:09.230889+00:00,PI724834,01,2,20261010085231,20261009151512,20261009235900,,PI
2026-10-10T00:01:09.230889+00:00,PI747512,02,2,20261010085811,20261010070931,20261010085536,,PI
2026-10-10T00:01:09.230889+00:00,PI747541,03,3,20261010085811,20261010085456,20261009223540,20261010085811,PI
2026-10-10T00:01:09.230889+00:00,PI751544,11,2,20261010085544,20261009215131,20261010025344,,PI
2026-10-10T00:01:09.230889+00:00,PI754257,04,3,20261010085759,20261010085656,20261009132400,20261010085759,PI
2026-10-10T00:01:09.230889+00:00,PI760065,04,2,20261010085519,20261009190408,20261009213250,,PI
2026-10-10T00:01:09.230889+00:00,PI760326,13,2,20261010085520,20261009160614,20261010000642,,PI
2026-10-10T00:01:09.230889+00:00,PI760636,03,2,20261010085518,20261009223253,20261010055858,,PI
2026-10-10T00:01:09.230889+00:00,PI761432,18,2,20261010085522,20261009233447,20261010020339,,PI
2026-10-10T00:01:09.230889+00:00,PI762405,12,3,20261010085530,20261010085436,20261009191622,20261010085530,PI
2026-10-10T00:01:09.230889+00:00,PI762424,03,3,20261010085530,20261010085145,20261008144719,20261010085530,PI
2026-10-10T00:01:09.230889+00:00,PI762424,04,2,20261010085530,20261009221120,20261010055528,,PI
2026-10-10T00:01:09.230889+00:00,PI764626,05,3,20261010085538,20261010085233,20261009200627,20261010085538,PI
2026-10-10T00:01:09.230889+00:00,PI773050,02,3,20261010085237,20261010084832,20261009173046,20261010085237,PI
2026-10-10T00:01:09.230889+00:00,PI774037,16,2,20261010085248,20261009194232,20261009233936,,PI
2026-10-10T00:01:09.230889+00:00,PI793855,21,2,20261010085259,20261009013229,20261009030419,,PI
2026-10-10T00:01:09.230889+00:00,PI794600,14,2,20261010085259,20261009224008,20261010031636,,PI
2026-10-10T00:01:09.230889+00:00,PI795080,01,2,20261010085256,20261009205638,20261010011658,,PI
2026-10-10T00:01:09.230889+00:00,PI796333,03,2,20261010085306,20261009205820,20261009235747,,PI
2026-10-10T00:01:09.230889+00:00,PI796562,11,2,20261010085307,20261010011248,20261010025448,,PI
2026-10-10T00:01:09.230889+00:00,PI800215,02,3,20261010085234,20261010085125,20261009200037,20261010085234,PI
2026-10-10T00:01:09.230889+00:00,PI800771,02,1,20261010085240,20260917223757,20260918054559,,PI
2026-10-10T00:01:09.230889+00:00,PI800774,13,3,20261010085239,20261010085231,20261010015116,20261010085239,PI
2026-10-10T00:01:09.230889+00:00,PI802801,02,2,20261010085247,20261009174533,20261009205011,,PI
2026-10-10T00:01:09.230889+00:00,PI802801,03,2,20261010085804,20261009121542,20261009205913,,PI
2026-10-10T00:01:09.230889+00:00,PI807720,02,3,20261010085827,20261010085709,20261009185946,20261010085827,PI
2026-10-10T00:01:09.230889+00:00,PI807841,10,2,20261010085827,20261010000030,20261010064106,,PI
2026-10-10T00:01:09.230889+00:00,PI808828,01,2,20261010085829,20261009213027,20261010023627,,PI
2026-10-10T00:01:09.230889+00:00,PIA00265,11,2,20261010085313,20261010075445,20261010085107,,PI
2026-10-10T00:01:09.230889+00:00,PIA00265,12,3,20261010085829,20261010085816,20261008085859,20261010085829,PI
2026-10-10T00:01:09.230889+00:00,PIA01164,02,2,20261010085334,20261009173656,20261009225554,,PI
2026-10-10T00:01:09.230889+00:00,PIH00028,03,2,20261010085220,20261009215457,20261010085011,,PI
2026-10-10T00:01:09.230889+00:00,PIH00107,04,2,20261010085736,20261009185315,20261010085320,,PI
2026-10-10T00:01:09.230889+00:00,PIH00247,04,3,20261010085223,20261010085124,20261006093333,20261010085223,PI
2026-10-10T00:01:09.230889+00:00,PIH00544,32,2,20261010085220,20261009165425,20261010084920,,PI
2026-10-10T00:01:09.230889+00:00,PIH00929,08,3,20261010085223,20261010085128,20261010065647,20261010085223,PI
2026-10-10T00:01:09.230889+00:00,PIH01059,07,2,20261010085738,20261009150658,20261010085458,,PI
2026-10-10T00:01:09.230889+00:00,PIH01059,19,2,20261010085223,20261009195953,20261010084856,,PI
2026-10-10T00:01:09.230889+00:00,PIH01125,02,3,20261010085722,20261010085414,20261009132256,20261010085722,PI
2026-10-10T00:01:09.230889+00:00,PIH01346,01,3,20261010085209,20261010084745,20261008165404,20261010085209,PI
2026-10-10T00:01:09.230889+00:00,PIS00028,16,2,20261010085833,20261010024050,20261010070543,,PI
2026-10-10T00:01:09.230889+00:00,PIS00028,17,2,20261010085317,20261010060213,20261010080752,,PI
2026-10-10T00:01:09.230889+00:00,PIS00055,02,3,20261010085833,20261010085608,20261008182857,20261010085833,PI
2026-10-10T00:01:09.230889+00:00,PIS00065,01,3,20261010085833,20261010085416,20261009234650,20261010085833,PI
2026-10-10T00:01:09.230889+00:00,PK000005,05,3,20261010085230,20261010080113,20261010082903,20261010085125,PK
2026-10-10T00:01:09.230889+00:00,PK000005,07,2,20261010085230,20261010081519,20261010085125,,PK
2026-10-10T00:01:09.230889+00:00,PK000005,09,2,20261010085230,20261010082437,20261010084715,,PK
2026-10-10T00:01:09.230889+00:00,PK000007,03,3,20261010085231,20261009224036,20261009230459,20261010085204,PK
2026-10-10T00:01:09.230889+00:00,PK000007,19,3,20261010085231,20261010080105,20261010082210,20261010084924,PK
2026-10-10T00:01:09.230889+00:00,PK000007,23,3,20261010085231,20261010004822,20261010012725,20261010084552,PK
2026-10-10T00:01:09.230889+00:00,PK000007,43,2,20261010085232,20261010082635,20261010084949,,PK
2026-10-10T00:01:09.230889+00:00,PK000007,44,2,20261010085232,20261010082603,20261010084948,,PK
2026-10-10T00:01:09.230889+00:00,PK000007,45,2,20261010085232,20261010082622,20261010085045,,PK
2026-10-10T00:01:09.230889+00:00,PK000008,02,3,20261010085232,20261009224047,20261009231344,20261010084813,PK
2026-10-10T00:01:09.230889+00:00,PK000008,03,2,20261010085232,20261010083552,20261010084342,,PK
2026-10-10T00:01:09.230889+00:00,PK000009,03,2,20261010085229,20261010082739,20261010084312,,PK
2026-10-10T00:01:09.230889+00:00,PK000009,04,2,20261010085229,20261010082819,20261010084316,,PK
2026-10-10T00:01:09.230889+00:00,PK000009,07,2,20261010085226,20261010082314,20261010084229,,PK
2026-10-10T00:01:09.230889+00:00,PK000009,08,2,20261010085226,20261010082343,20261010084229,,PK
2026-10-10T00:01:09.230889+00:00,PK000009,09,3,20261010085229,20261010080401,20261010082412,20261010084630,PK
2026-10-10T00:01:09.230889+00:00,PK000009,10,3,20261010085229,20261010080434,20261010082413,20261010084709,PK
2026-10-10T00:01:09.230889+00:00,PK000025,16,3,20261010085228,20261010080727,20261010082753,20261010084345,PK
2026-10-10T00:01:09.230889+00:00,PK000028,22,9,20261010085229,20261010083149,20261010085033,,PK
2026-10-10T00:01:09.230889+00:00,PK000028,25,2,20261010085229,20261010082251,20261010084412,,PK
2026-10-10T00:01:09.230889+00:00,PK000028,26,2,20261010085229,20261010082331,20261010084411,,PK
2026-10-10T00:01:09.230889+00:00,PK000066,01,3,20261010085227,20261007094733,20261007125213,20261010084434,PK
2026-10-10T00:01:09.230889+00:00,PK000148,03,3,20261010085227,20261010073629,20261010075355,20261010084135,PK
2026-10-10T00:01:09.230889+00:00,PK000148,04,2,20261010085227,20261010074601,20261010081113,,PK
2026-10-10T00:01:09.230889+00:00,PK000148,12,2,20261010085227,20261010082302,20261010083831,,PK
2026-10-10T00:01:09.230889+00:00,PK000148,15,2,20261010085227,20261010080821,20261010083956,,PK
2026-10-10T00:01:09.230889+00:00,PK000161,05,3,20261010085230,20261010081929,20261010083002,20261010085100,PK
2026-10-10T00:01:09.230889+00:00,PK000161,06,3,20261010085230,20261010082002,20261010083003,20261010085136,PK
2026-10-10T00:01:09.230889+00:00,PK000161,07,9,20261010085230,20261010083553,20261010084915,,PK
2026-10-10T00:01:09.230889+00:00,PK000161,08,9,20261010085230,20261010083625,20261010084915,,PK
2026-10-10T00:01:09.230889+00:00,PK000185,04,2,20261010085231,20261010082445,20261010084820,,PK
2026-10-10T00:01:09.230889+00:00,PK000185,07,3,20261010085230,20261009230944,20261009232749,20261010084534,PK
2026-10-10T00:01:09.230889+00:00,PK000185,12,2,20261010085231,20261010083358,20261010084935,,PK
2026-10-10T00:01:09.230889+00:00,PK000186,07,2,20261010085231,20261010082708,20261010085031,,PK
2026-10-10T00:01:09.230889+00:00,PK000186,08,2,20261010085231,20261010082239,20261010085031,,PK
2026-10-10T00:01:09.230889+00:00,PK000186,11,3,20261010085231,20261010072947,20261010074806,20261010084407,PK
2026-10-10T00:01:09.230889+00:00,PK000186,12,3,20261010085231,20261009234434,20261010003209,20261010084443,PK
2026-10-10T00:01:09.230889+00:00,PK000288,02,9,20261010085229,20261010083149,20261010085033,,PK
2026-10-10T00:01:09.230889+00:00,PK000288,05,2,20261010085229,20261010082251,20261010084412,,PK
2026-10-10T00:01:09.230889+00:00,PK000288,06,2,20261010085229,20261010082331,20261010084411,,PK
2026-10-10T00:01:09.230889+00:00,PK000289,01,2,20261010085228,20261010083709,20261010085027,,PK
2026-10-10T00:01:09.230889+00:00,PK000289,02,2,20261010085228,20261010083749,20261010085026,,PK
2026-10-10T00:01:09.230889+00:00,PK000291,02,3,20261010085227,20261010074608,20261010083133,20261010084401,PK
2026-10-10T00:01:09.230889+00:00,PK000291,08,3,20261010085227,20261010075610,20261010081910,20261010084539,PK
2026-10-10T00:01:09.230889+00:00,PK000295,01,3,20261010085227,20261010074153,20261010081855,20261010084654,PK
2026-10-10T00:01:09.230889+00:00,PK000295,05,3,20261010085229,20261010074701,20261010080423,20261010084433,PK
2026-10-10T00:01:09.230889+00:00,PK000295,07,3,20261010085230,20261010075631,20261010082320,20261010084949,PK
2026-10-10T00:01:09.230889+00:00,PK000297,02,3,20261010085228,20261010080727,20261010082753,20261010084345,PK
2026-10-10T00:01:09.230889+00:00,PK000474,25,2,20261010085229,20261010082021,20261010083455,,PK
2026-10-10T00:01:09.230889+00:00,PL000014,03,2,20261010085942,20261009174709,20261010085942,,PL
2026-10-10T00:01:09.230889+00:00,PL000153,06,3,20261010085631,20261010085631,20261009120123,20261010085631,PL
2026-10-10T00:01:09.230889+00:00,PL000165,04,2,20261010085156,20261009225005,20261010085156,,PL
2026-10-10T00:01:09.230889+00:00,PL000333,02,2,20261010085837,20261009204934,20261010085837,,PL
2026-10-10T00:01:09.230889+00:00,PL000383,01,2,20261010085746,20261010022535,20261010085746,,PL
2026-10-10T00:01:09.230889+00:00,PL000800,02,2,20261010085741,20261009223322,20261010085741,,PL
2026-10-10T00:01:09.230889+00:00,PL000808,18,3,20261010085613,20261010085613,20261010084015,20261010085613,PL
2026-10-10T00:01:09.230889+00:00,PL000873,00,3,20261010085306,20261010085306,20261009074956,20261010085306,PL
2026-10-10T00:01:09.230889+00:00,PL000873,03,2,20261010085222,20261009194054,20261010085222,,PL
2026-10-10T00:01:09.230889+00:00,PL000976,13,2,20261010085410,20261009175523,20261010085410,,PL
2026-10-10T00:01:09.230889+00:00,PL001618,28,2,20261010085501,20261009222931,20261010085501,,PL
2026-10-10T00:01:09.230889+00:00,PL001618,31,3,20261010085339,20261010085339,20261009131138,20261010085339,PL
2026-10-10T00:01:09.230889+00:00,PL001618,42,2,20261010085436,20261009195855,20261010085436,,PL
2026-10-10T00:01:09.230889+00:00,PL003111,06,2,20261010085344,20261009121702,20261010085344,,PL
2026-10-10T00:01:09.230889+00:00,PL003371,22,2,20261010085524,20261009103859,20261010085524,,PL
2026-10-10T00:01:09.230889+00:00,PL003526,95,2,20261010085755,20261009172401,20261010085755,,PL
2026-10-10T00:01:09.230889+00:00,PL003562,06,3,20261010085234,20261010085234,20261009071802,20261010085234,PL
2026-10-10T00:01:09.230889+00:00,PL003563,02,2,20261010085920,20261009225806,20261010085920,,PL
2026-10-10T00:01:09.230889+00:00,PL003817,21,2,20261010085309,20261008233422,20261010085309,,PL
2026-10-10T00:01:09.230889+00:00,PL004048,02,3,20261010085808,20261010085808,20261002085631,20261010085808,PL
2026-10-10T00:01:09.230889+00:00,PL004212,00,2,20261010085942,20261009193747,20261010085942,,PL
2026-10-10T00:01:09.230889+00:00,PL004212,19,2,20261010085231,20261009210733,20261010085231,,PL
2026-10-10T00:01:09.230889+00:00,PL004212,28,2,20261010085437,20261009222116,20261010085437,,PL
2026-10-10T00:01:09.230889+00:00,PL004573,02,2,20261010085659,20261009193010,20261010085659,,PL
2026-10-10T00:01:09.230889+00:00,PL004573,04,2,20261010085413,20261009184107,20261010085413,,PL
2026-10-10T00:01:09.230889+00:00,PL005306,01,3,20261010085713,20261010085713,20261002204741,20261010085713,PL
2026-10-10T00:01:09.230889+00:00,PL008458,00,2,20261010085235,20261010075522,20261010085235,,PL
2026-10-10T00:01:09.230889+00:00,PL027987,24,2,20261010085439,20261008192339,20261010085439,,PL
2026-10-10T00:01:09.230889+00:00,PL029803,12,2,20261010085606,20261009194437,20261010085606,,PL
2026-10-10T00:01:09.230889+00:00,PL030397,03,3,20261010085606,20261010085606,20261008172100,20261010085606,PL
2026-10-10T00:01:09.230889+00:00,PL030406,10,2,20261010085734,20261005211257,20261010085734,,PL
2026-10-10T00:01:09.230889+00:00,PL030468,46,2,20261010085437,20261009194607,20261010085437,,PL
2026-10-10T00:01:09.230889+00:00,PL030940,19,2,20261010085649,20261009191441,20261010085649,,PL
2026-10-10T00:01:09.230889+00:00,PL031024,00,3,20261010085535,20261010085535,20261010085331,20261010085535,PL
2026-10-10T00:01:09.230889+00:00,PL031224,04,2,20261010085628,20261009172146,20261010085628,,PL
2026-10-10T00:01:09.230889+00:00,PL031253,02,2,20261010085312,20261010081602,20261010085312,,PL
2026-10-10T00:01:09.230889+00:00,PL031264,20,2,20261010085256,20261009220141,20261010085256,,PL
2026-10-10T00:01:09.230889+00:00,PL031431,19,3,20261010085537,20261010085537,20261009014516,20261010085537,PL
2026-10-10T00:01:09.230889+00:00,PL031444,06,3,20261010085552,20261010085552,20261010073337,20261010085552,PL
2026-10-10T00:01:09.230889+00:00,PL031461,08,2,20261010085255,20261009201025,20261010085255,,PL
2026-10-10T00:01:09.230889+00:00,PL031728,09,2,20261010085920,20261009172814,20261010085920,,PL
2026-10-10T00:01:09.230889+00:00,PL031735,04,2,20261010085713,20261009201311,20261010085713,,PL
2026-10-10T00:01:09.230889+00:00,PL031760,06,2,20261010085149,20261009231851,20261010085149,,PL
2026-10-10T00:01:09.230889+00:00,PL031783,01,3,20261010085801,20261010085801,20261009150330,20261010085801,PL
2026-10-10T00:01:09.230889+00:00,PL032147,07,2,20261010085412,20261009204949,20261010085412,,PL
2026-10-10T00:01:09.230889+00:00,PL032262,07,2,20261010085425,20261009190700,20261010085425,,PL
2026-10-10T00:01:09.230889+00:00,PL032405,03,2,20261010085844,20261009130219,20261010085844,,PL
2026-10-10T00:01:09.230889+00:00,PL032428,19,3,20261010085547,20261010085547,20261009191356,20261010085547,PL
2026-10-10T00:01:09.230889+00:00,PL032506,06,2,20261010085926,20261009211132,20261010085926,,PL
2026-10-10T00:01:09.230889+00:00,PL032521,02,2,20261010085827,20261009220319,20261010085827,,PL
2026-10-10T00:01:09.230889+00:00,PL032552,10,3,20261010085829,20261010085829,20261008185943,20261010085829,PL
2026-10-10T00:01:09.230889+00:00,PL032604,04,3,20261010085624,20261010085624,20261010085622,20261010085624,PL
2026-10-10T00:01:09.230889+00:00,PL032605,05,2,20261010085457,20261009215520,20261010085457,,PL
2026-10-10T00:01:09.230889+00:00,PL032639,03,2,20261010085957,20261009195429,20261010085957,,PL
2026-10-10T00:01:09.230889+00:00,PL032701,14,3,20261010085218,20261010085218,20261010055925,20261010085218,PL
2026-10-10T00:01:09.230889+00:00,PL032708,69,2,20261010085344,20261009173114,20261010085344,,PL
2026-10-10T00:01:09.230889+00:00,PL032806,12,2,20261010085332,20261009191558,20261010085332,,PL
2026-10-10T00:01:09.230889+00:00,PL032807,08,2,20261010085354,20261009215144,20261010085354,,PL
2026-10-10T00:01:09.230889+00:00,PL032853,00,3,20261010085214,20261010085214,20261009223637,20261010085214,PL
2026-10-10T00:01:09.230889+00:00,PL032962,03,2,20261010085637,20261009185557,20261010085637,,PL
2026-10-10T00:01:09.230889+00:00,PL032989,03,2,20261010085944,20261009213836,20261010085944,,PL
2026-10-10T00:01:09.230889+00:00,PL033245,05,2,20261010090000,20261009193621,20261010090000,,PL
2026-10-10T00:01:09.230889+00:00,PL033290,09,2,20261010085748,20261009155448,20261010085748,,PL
2026-10-10T00:01:09.230889+00:00,PL033324,01,2,20261010085840,20261009163416,20261010085840,,PL
2026-10-10T00:01:09.230889+00:00,PL033400,06,2,20261010085249,20261009184906,20261010085249,,PL
2026-10-10T00:01:09.230889+00:00,PL033655,10,2,20261010085242,20261010055350,20261010085242,,PL
2026-10-10T00:01:09.230889+00:00,PL033655,13,2,20261010085247,20261009205625,20261010085247,,PL
2026-10-10T00:01:09.230889+00:00,PL033716,02,2,20261010085137,20261010073509,20261010085137,,PL
2026-10-10T00:01:09.230889+00:00,PL033761,10,3,20261010085115,20261010085115,20261009184602,20261010085115,PL
2026-10-10T00:01:09.230889+00:00,PL832708,14,3,20261010085618,20261010085618,20261010085617,20261010085618,PL
2026-10-10T00:01:09.230889+00:00,PL832708,49,3,20261010090004,20261010090004,20261010074906,20261010090004,PL
2026-10-10T00:01:09.230889+00:00,PW011223,04,2,20261010085512,20261009185142,20261009203702,,PW
2026-10-10T00:01:09.230889+00:00,PW012248,01,2,20261010085308,20261010072134,20261010085023,,PW
2026-10-10T00:01:09.230889+00:00,PW012522,01,2,20261010085610,20261009223645,20261010085321,,PW
2026-10-10T00:01:09.230889+00:00,PW012558,02,3,20261010085110,20261010085110,20261009192748,20261010084808,PW
2026-10-10T00:01:09.230889+00:00,PW012678,05,2,20261010085111,20261009193815,20261010043046,,PW
2026-10-10T00:01:09.230889+00:00,PW013082,01,2,20261010085121,20261010011422,20261010074455,,PW
2026-10-10T00:01:09.230889+00:00,PW013123,01,2,20261010085623,20261009135827,20261009232731,,PW
2026-10-10T00:01:09.230889+00:00,PW013139,65,2,20261010085633,20261008162247,20261008185309,,PW
2026-10-10T00:01:09.230889+00:00,PW013139,70,2,20261010085146,20261010073740,20261010084905,,PW
2026-10-10T00:01:09.230889+00:00,PW013139,74,2,20261010085646,20261009194148,20261010085151,,PW
2026-10-10T00:01:09.230889+00:00,PW013396,03,2,20261010085145,20261009210358,20261010003422,,PW
2026-10-10T00:01:09.230889+00:00,PW013447,02,2,20261010085646,20261009191744,20261010043326,,PW
2026-10-10T00:01:09.230889+00:00,PW013499,07,3,20261010085647,20261010085647,20261010015826,20261010085447,PW
2026-10-10T00:01:09.230889+00:00,PW013810,05,2,20261010085700,20261009204355,20261010012923,,PW
2026-10-10T00:01:09.230889+00:00,PW014328,02,2,20261010085220,20261010033516,20261010084823,,PW
2026-10-10T00:01:09.230889+00:00,PW014780,06,2,20261010085241,20261009175517,20261010053123,,PW
2026-10-10T00:01:09.230889+00:00,PW100944,04,2,20261010085710,20261009172825,20261009194341,,PW
2026-10-10T00:01:09.230889+00:00,PW800158,18,3,20261010085912,20261010085912,20261008091016,20261010085642,PW
2026-10-10T00:01:09.230889+00:00,PW800253,13,2,20261010085608,20261009185834,20261009221123,,PW
2026-10-10T00:01:09.230889+00:00,PW800502,06,2,20261010085618,20261009195434,20261010025247,,PW
2026-10-10T00:01:09.230889+00:00,PW800512,04,2,20261010085618,20261010005316,20261010070741,,PW
2026-10-10T00:01:09.230889+00:00,PW800566,08,2,20261010085619,20261009135155,20261010085259,,PW
2026-10-10T00:01:09.230889+00:00,PW800658,24,3,20261010085307,20261010085307,20261008224832,20261010084908,PW
2026-10-10T00:01:09.230889+00:00,PW800803,04,2,20261010085710,20261009224422,20261010002844,,PW
2026-10-10T00:01:09.230889+00:00,PW801068,19,2,20261010085823,20261009183915,20261009214135,,PW
2026-10-10T00:01:09.230889+00:00,PW801369,02,2,20261010085434,20261009202314,20261010085340,,PW
2026-10-10T00:01:09.230889+00:00,PW801455,18,2,20261010085442,20261010023055,20261010085213,,PW
2026-10-10T00:01:09.230889+00:00,PW801496,16,2,20261010085444,20261009231547,20261010085253,,PW
2026-10-10T00:01:09.230889+00:00,PWE03002,53,2,20261010085310,20261010083512,20261010085310,,PW
2026-10-10T00:01:09.230889+00:00,PWE05041,41,2,20261010085412,20261009154818,20261010085412,,PW
2026-10-10T00:01:09.230889+00:00,RE000176,03,2,20261010085403,20261008085652,20261008112424,,RE
2026-10-10T00:01:09.230889+00:00,SE000042,01,2,20261010085243,20261010082924,20261010085150,,SE
2026-10-10T00:01:09.230889+00:00,SF000110,10,1,20261010085507,20261010065431,20261010070834,,SF
2026-10-10T00:01:09.230889+00:00,SF000422,05,3,20261010085450,20261010085450,20261009115507,20261010084828,SF
2026-10-10T00:01:09.230889+00:00,SF001729,29,2,20261010085507,20261009202431,20261010084425,,SF
2026-10-10T00:01:09.230889+00:00,SF001998,09,2,20261010085505,20261010002636,20261010084855,,SF
2026-10-10T00:01:09.230889+00:00,SF002068,07,3,20261010085506,20261010085506,20261008193208,20261010084513,SF
2026-10-10T00:01:09.230889+00:00,SF002903,38,2,20261010085507,20261009181630,20261010084428,,SF
2026-10-10T00:01:09.230889+00:00,SF002954,36,3,20261010085503,20261010085503,20261009190702,20261010084410,SF
2026-10-10T00:01:09.230889+00:00,SF002992,90,3,20261010085513,20261010085513,20261010041939,20261010084243,SF
2026-10-10T00:01:09.230889+00:00,SF003059,06,2,20261010085511,20261010022142,20261010084654,,SF
2026-10-10T00:01:09.230889+00:00,SF003256,00,3,20261010085511,20261010085511,20261008141435,20261010084912,SF
2026-10-10T00:01:09.230889+00:00,SF003721,03,2,20261010085510,20261009232024,20261010084650,,SF
2026-10-10T00:01:09.230889+00:00,SN000029,02,2,20261010085843,20261010065006,20261010085816,,SN
2026-10-10T00:01:09.230889+00:00,ST111414,02,3,20261010085543,20261010085543,20261008032132,20261010085324,ST
2026-10-10T00:01:09.230889+00:00,ST111425,01,2,20261010085540,20261009220656,20261010085306,,ST
2026-10-10T00:01:09.230889+00:00,ST112102,01,3,20261010085538,20261010085538,20261010060837,20261010085206,ST
2026-10-10T00:01:09.230889+00:00,ST112606,01,2,20261010085934,20261010022028,20261010085934,,ST
2026-10-10T00:01:09.230889+00:00,ST112615,02,2,20261010085358,20261010055813,20261010085021,,ST
2026-10-10T00:01:09.230889+00:00,ST113808,01,3,20261010085143,20261010085143,20261010084143,20261010073913,ST
2026-10-10T00:01:09.230889+00:00,ST114708,01,2,20261010085942,20261008081731,20261010085942,,ST
2026-10-10T00:01:09.230889+00:00,ST115608,01,3,20261010085338,20261010085338,20261010081112,20261010085132,ST
2026-10-10T00:01:09.230889+00:00,ST115608,02,3,20261010085736,20261010085736,20261009175642,20261010085347,ST
2026-10-10T00:01:09.230889+00:00,ST115902,02,3,20261010085347,20261010085347,20261010072748,20261010084930,ST
2026-10-10T00:01:09.230889+00:00,ST116211,02,3,20261010085347,20261010085347,20261010084530,20261010085026,ST
2026-10-10T00:01:09.230889+00:00,ST116510,01,3,20261010085340,20261009120421,20261009130151,20261010085340,ST
2026-10-10T00:01:09.230889+00:00,ST116524,02,3,20261010085147,20261010085147,20261010082542,20261010080356,ST
2026-10-10T00:01:09.230889+00:00,ST116804,01,3,20261010085335,20261010085335,20261010073136,20261010085140,ST
2026-10-10T00:01:09.230889+00:00,ST116814,22,1,20261010085544,20260911102131,20260911102242,,ST
2026-10-10T00:01:09.230889+00:00,ST600078,02,3,20261010085154,20261010085154,20261010074746,20261010063636,ST
2026-10-10T00:01:09.230889+00:00,ST600087,01,2,20261010085352,20261010072446,20261010085048,,ST
2026-10-10T00:01:09.230889+00:00,ST600092,01,3,20261010085402,20261010085402,20261009105414,20261010085038,ST
2026-10-10T00:01:09.230889+00:00,ST600280,03,3,20261010085158,20261010085158,20261008095020,20261008094233,ST
2026-10-10T00:01:09.230889+00:00,ST600408,02,3,20261010085401,20261010085401,20261010012129,20261010085009,ST
2026-10-10T00:01:09.230889+00:00,ST600408,03,2,20261010085204,20261010014210,20261010084930,,ST
2026-10-10T00:01:09.230889+00:00,ST601186,02,3,20261010085211,20261010064728,20261010071919,20261010085211,ST
2026-10-10T00:01:09.230889+00:00,ST601187,02,2,20261010085611,20261009154106,20261010085330,,ST
2026-10-10T00:01:09.230889+00:00,ST601293,02,3,20261010085805,20261010064317,20261010070350,20261010085805,ST
2026-10-10T00:01:09.230889+00:00,SZBA0008,11,3,20261010085127,20261010085127,20261009232105,20261010085127,SZ
2026-10-10T00:01:09.230889+00:00,SZBA0008,24,3,20261010085134,20261010085134,20261010060131,20261010085134,SZ
2026-10-10T00:01:09.230889+00:00,SZBA0017,03,2,20261010085824,20261010084513,20261010085824,,SZ
2026-10-10T00:01:09.230889+00:00,SZBA0025,01,2,20261010085437,20261010084839,20261010085437,,SZ
2026-10-10T00:01:09.230889+00:00,SZBA0025,02,2,20261010085438,20261010084911,20261010085438,,SZ
2026-10-10T00:01:09.230889+00:00,SZBA0038,01,2,20261010085826,20261010085051,20261010085826,,SZ
2026-10-10T00:01:09.230889+00:00,TDA00007,02,2,20261010090003,20261008195434,20261007052248,,TD
2026-10-10T00:01:09.230889+00:00,TDA00061,11,3,20261010090005,20261010084630,20261008094820,20261010084630,TD
2026-10-10T00:01:09.230889+00:00,TDA00074,02,2,20261010090003,20260930153721,20260930174211,,TD
2026-10-10T00:01:09.230889+00:00,TUSB0001,01,2,20261010085628,20261009223628,20261010082628,,TU
2026-10-10T00:01:09.230889+00:00,UN000098,07,2,20261010085521,20261009183240,20261010085431,,UN
2026-10-10T00:01:09.230889+00:00,UN000098,33,2,20261010085421,20261009121149,20261010085414,,UN
2026-10-10T00:01:09.230889+00:00,UN000099,02,2,20261010085721,20261010082618,20261010085642,,UN
2026-10-10T00:01:09.230889+00:00,UN000099,03,2,20261010085721,20261010075124,20261010085646,,UN
2026-10-10T00:10:53.248155+00:00,ME174013,01,2,20261010090733,20261010082300,20261010090451,,ME
2026-10-10T00:10:53.248155+00:00,ME174027,01,2,20261010090740,20261010073745,20261010074738,,ME
2026-10-10T00:10:53.248155+00:00,ME174039,01,2,20261010090741,20261008061115,20261008062046,,ME
2026-10-10T00:10:53.248155+00:00,ME178009,01,2,20261010090751,20261010065106,20261010072930,,ME
2026-10-10T00:10:53.248155+00:00,ME178009,02,2,20261010090755,20261010064736,20261010072613,,ME
2026-10-10T00:10:53.248155+00:00,ME181102,01,2,20261010090752,20261009151253,20261009155614,,ME
2026-10-10T00:10:53.248155+00:00,ME181150,12,2,20261010090805,20261007141930,20261007172850,,ME
2026-10-10T00:10:53.248155+00:00,ME181150,13,2,20261010090805,20261009163313,20261009171315,,ME
2026-10-10T00:10:53.248155+00:00,ME183001,01,2,20261010090805,20261009201608,20261009204527,,ME
2026-10-10T00:10:53.248155+00:00,ME183002,01,2,20261010090813,20261009152520,20261009155135,,ME
2026-10-10T00:10:53.248155+00:00,ME183003,01,2,20261010090817,20261007114138,20261007121624,,ME
2026-10-10T00:10:53.248155+00:00,ME183004,01,2,20261010090823,20261009205410,20261009211052,,ME
2026-10-10T00:10:53.248155+00:00,ME183006,01,2,20261010090822,20261009193755,20261009200455,,ME
2026-10-10T00:10:53.248155+00:00,ME183008,01,2,20261010090843,20261009194342,20261009200848,,ME
2026-10-10T00:10:53.248155+00:00,ME183009,01,2,20261010090837,20261008104659,20261008104811,,ME
2026-10-10T00:10:53.248155+00:00,ME183103,01,2,20261010090728,20261009111823,20261009115825,,ME
2026-10-10T00:10:53.248155+00:00,ME183103,02,2,20261010090454,20261008134222,20261008142526,,ME
2026-10-10T00:10:53.248155+00:00,ME183103,52,2,20261010090456,20261008175253,20261008180926,,ME
2026-10-10T00:10:53.248155+00:00,ME183219,01,2,20261010090435,20261008082737,20261008090638,,ME
2026-10-10T00:10:53.248155+00:00,ME183219,02,2,20261010090426,20261010080025,20261010084329,,ME
2026-10-10T00:10:53.248155+00:00,ME183219,52,2,20261010090421,20261009115717,20261009123128,,ME
2026-10-10T00:10:53.248155+00:00,ME184075,01,2,20261010090901,20261002111139,20261002125929,,ME
2026-10-10T00:10:53.248155+00:00,ME184076,01,2,20261010090908,20261010001857,20261010004938,,ME
2026-10-10T00:10:53.248155+00:00,ME18B159,01,2,20261010090906,20261009141045,20261009145201,,ME
2026-10-10T00:10:53.248155+00:00,ME18B163,01,2,20261010090906,20261009180629,20261009184632,,ME
2026-10-10T00:10:53.248155+00:00,ME18B164,01,2,20261010090410,20261009095035,20261009103038,,ME
2026-10-10T00:10:53.248155+00:00,ME18B165,01,2,20261010090557,20261009140840,20261009145146,,ME
2026-10-10T00:10:53.248155+00:00,ME18B166,01,2,20261010090418,20261010081439,20261010084938,,ME
2026-10-10T00:10:53.248155+00:00,ME18B168,01,2,20261010090420,20261009112340,20261009120645,,ME
2026-10-10T00:10:53.248155+00:00,ME18B169,01,2,20261010090423,20261010063630,20261010070556,,ME
2026-10-10T00:10:53.248155+00:00,ME18B170,01,2,20261010090428,20261009214055,20261009215640,,ME
2026-10-10T00:10:53.248155+00:00,ME18B175,01,2,20261010090434,20261009142623,20261009150928,,ME
2026-10-10T00:10:53.248155+00:00,ME18B176,01,2,20261010090440,20261008191510,20261008195815,,ME
2026-10-10T00:10:53.248155+00:00,ME18B179,01,2,20261010090442,20261009195802,20261009203848,,ME
2026-10-10T00:10:53.248155+00:00,ME18B180,01,2,20261010090446,20261010073226,20261010075447,,ME
2026-10-10T00:10:53.248155+00:00,ME18B181,01,2,20261010090450,20261010055347,20261010060552,,ME
2026-10-10T00:10:53.248155+00:00,ME18B183,01,2,20261010090448,20261009202643,20261009203950,,ME
2026-10-10T00:10:53.248155+00:00,ME18B278,11,2,20261010090459,20261009125110,20261009132824,,ME
2026-10-10T00:10:53.248155+00:00,ME18B278,12,2,20261010090502,20261008113230,20261008115032,,ME
2026-10-10T00:10:53.248155+00:00,ME18B279,11,3,20261010090851,20261010061734,20261010070037,20261010083847,ME
2026-10-10T00:10:53.248155+00:00,ME18B279,12,2,20261010090624,20261010062903,20261010071432,,ME
2026-10-10T00:10:53.248155+00:00,ME18B284,11,2,20261010090512,20261009141839,20261009150142,,ME
2026-10-10T00:10:53.248155+00:00,ME18B284,12,2,20261010090515,20261010071427,20261010075730,,ME
2026-10-10T00:10:53.248155+00:00,ME18B288,11,2,20261010090518,20261005230008,20261005233919,,ME
2026-10-10T00:10:53.248155+00:00,ME18B288,12,2,20261010090519,20261009120836,20261009124024,,ME
2026-10-10T00:10:53.248155+00:00,ME19A152,01,2,20261010090427,20261010051329,20261010053405,,ME
2026-10-10T00:10:53.248155+00:00,ME19A153,01,2,20261010090523,20261010070940,20261010075201,,ME
2026-10-10T00:10:53.248155+00:00,ME19A160,01,2,20261010090520,20261009110613,20261009114918,,ME
2026-10-10T00:10:53.248155+00:00,ME19A164,01,2,20261010090526,20261010073242,20261010081548,,ME
2026-10-10T00:10:53.248155+00:00,ME19A170,01,2,20261010090624,20261010035247,20261010042730,,ME
2026-10-10T00:10:53.248155+00:00,ME19A243,21,2,20261010090224,20261010080318,20261010083357,,ME
2026-10-10T00:10:53.248155+00:00,ME19A243,22,9,20261010090310,20261009115728,20261009122835,,ME
2026-10-10T00:10:53.248155+00:00,ME19A245,21,2,20261010090217,20261009230345,20261009232631,,ME
2026-10-10T00:10:53.248155+00:00,ME19A245,22,2,20261010090217,20261009094416,20261009095702,,ME
2026-10-10T00:10:53.248155+00:00,ME19A246,21,9,20261010090310,20261009160326,20261009164332,,ME
2026-10-10T00:10:53.248155+00:00,ME19A246,22,9,20261010090310,20261009173620,20261009181729,,ME
2026-10-10T00:10:53.248155+00:00,ME19A265,21,2,20261010090213,20261009211831,20261009213059,,ME
2026-10-10T00:10:53.248155+00:00,ME19A265,22,2,20261010090215,20261010072255,20261010073453,,ME
2026-10-10T00:10:53.248155+00:00,ME19A274,21,2,20261010090230,20261009183922,20261009184408,,ME
2026-10-10T00:10:53.248155+00:00,ME19A274,22,2,20261010090231,20261009221239,20261009225239,,ME
2026-10-10T00:10:53.248155+00:00,ME19A601,23,2,20261010090209,20261008192328,20261008195506,,ME
2026-10-10T00:10:53.248155+00:00,ME19A601,24,3,20261010090716,20261009225801,20261009232627,20261010090307,ME
2026-10-10T00:10:53.248155+00:00,ME19A601,25,9,20261010090310,20261009145854,20261009150934,,ME
2026-10-10T00:10:53.248155+00:00,ME19A601,26,2,20261010090212,20261009151659,20261009155707,,ME
2026-10-10T00:10:53.248155+00:00,ME19D118,01,2,20261010090712,20261009102423,20261009110423,,ME
2026-10-10T00:10:53.248155+00:00,ME19X403,41,2,20261010090713,20261010063438,20261010071438,,ME
2026-10-10T00:10:53.248155+00:00,ME19X403,42,3,20261010090814,20261009174216,20261009175024,20261010084312,ME
2026-10-10T00:10:53.248155+00:00,ME19X403,43,2,20261010090608,20261009185644,20261009191539,,ME
2026-10-10T00:10:53.248155+00:00,ME19X403,44,2,20261010090606,20261009171331,20261009173909,,ME
2026-10-10T00:10:53.248155+00:00,ME19X403,45,2,20261010090633,20261008075118,20261008083118,,ME
2026-10-10T00:10:53.248155+00:00,ME19X417,41,2,20261010090646,20261009112504,20261009120504,,ME
2026-10-10T00:10:53.248155+00:00,ME19X417,42,2,20261010090733,20261009081342,20261009083146,,ME
2026-10-10T00:10:53.248155+00:00,ME19X417,43,2,20261010090725,20261008132237,20261008140237,,ME
2026-10-10T00:10:53.248155+00:00,ME19X417,44,2,20261010090716,20261009150112,20261009152944,,ME
2026-10-10T00:10:53.248155+00:00,ME19X417,45,2,20261010090732,20261009094247,20261009100800,,ME
2026-10-10T00:10:53.248155+00:00,ME19Y284,21,2,20261010090751,20261009074603,20261009075156,,ME
2026-10-10T00:10:53.248155+00:00,ME19Y284,22,2,20261010090751,20261010081141,20261010081840,,ME
2026-10-10T00:10:53.248155+00:00,ME19Y601,21,2,20261010090825,20261009231045,20261009233021,,ME
2026-10-10T00:10:53.248155+00:00,ME19Y601,22,2,20261010090825,20261009043726,20261009051625,,ME
2026-10-10T00:10:53.248155+00:00,ME19Y601,23,2,20261010090759,20261009191054,20261009195054,,ME
2026-10-10T00:10:53.248155+00:00,ME19Y601,24,2,20261010090759,20261009050321,20261009054321,,ME
2026-10-10T00:10:53.248155+00:00,ME19Y601,25,2,20261010090751,20261009224045,20261009230838,,ME
2026-10-10T00:10:53.248155+00:00,ME19Y601,26,2,20261010090751,20261009080244,20261009084244,,ME
2026-10-10T00:10:53.248155+00:00,ME20A193,01,2,20261010090432,20261009192253,20261009194502,,ME
2026-10-10T00:10:53.248155+00:00,ME20A194,01,2,20261010090728,20261009133137,20261009133634,,ME
2026-10-10T00:10:53.248155+00:00,ME20A195,01,2,20261010090728,20261008201612,20261008204630,,ME
2026-10-10T00:10:53.248155+00:00,ME20A196,01,2,20261010090731,20261010053633,20261010061633,,ME
2026-10-10T00:10:53.248155+00:00,ME20A197,01,2,20261010090725,20261009223557,20261009231310,,ME
2026-10-10T00:10:53.248155+00:00,ME20A198,01,2,20261010090723,20261009200255,20261009204048,,ME
2026-10-10T00:10:53.248155+00:00,ME20A199,01,2,20261010090717,20261010081931,20261010085931,,ME
2026-10-10T00:10:53.248155+00:00,ME20A1a0,01,2,20261010090725,20260930211119,20260930212304,,ME
2026-10-10T00:10:53.248155+00:00,ME20A1a1,01,2,20261010090731,20261008024437,20261008032110,,ME
2026-10-10T00:10:53.248155+00:00,ME20A1a2,01,2,20261010090730,20261010074556,20261010082456,,ME
2026-10-10T00:10:53.248155+00:00,ME20A1a3,01,2,20261010090717,20261009193409,20261009200957,,ME
2026-10-10T00:10:53.248155+00:00,ME20A1a4,01,2,20261010090725,20261009181605,20261009184400,,ME
2026-10-10T00:10:53.248155+00:00,ME20A1a5,01,2,20261010090724,20261009160739,20261009164739,,ME
2026-10-10T00:10:53.248155+00:00,ME20A1a6,01,2,20261010090741,20261010071106,20261010074303,,ME
2026-10-10T00:10:53.248155+00:00,ME20A1a7,01,2,20261010090716,20261009121432,20261009123932,,ME
2026-10-10T00:10:53.248155+00:00,ME20A1a8,01,2,20261010090729,20261009214402,20261009221130,,ME
2026-10-10T00:10:53.248155+00:00,ME20A1a9,01,2,20261010090721,20261009191949,20261009193807,,ME
2026-10-10T00:10:53.248155+00:00,ME20A1b0,01,2,20261010090727,20261008144309,20261008152309,,ME
2026-10-10T00:10:53.248155+00:00,ME20A278,21,2,20261010090600,20261009070641,20261009071645,,ME
2026-10-10T00:10:53.248155+00:00,ME20A278,22,2,20261010090600,20261009150130,20261009151807,,ME
2026-10-10T00:10:53.248155+00:00,ME20A279,21,2,20261010090723,20261008125440,20261008131833,,ME
2026-10-10T00:10:53.248155+00:00,ME20A279,22,2,20261010090723,20261009191536,20261009193529,,ME
2026-10-10T00:10:53.248155+00:00,ME20A280,01,2,20261010090740,20261009170039,20261009173203,,ME
2026-10-10T00:10:53.248155+00:00,ME20A280,02,2,20261010090828,20261008211609,20261008215609,,ME
2026-10-10T00:10:53.248155+00:00,ME20A301,01,2,20261010090745,20261005114303,20261005121841,,ME
2026-10-10T00:10:53.248155+00:00,ME20A301,21,2,20261010090736,20261009191104,20261009192732,,ME
2026-10-10T00:10:53.248155+00:00,ME20A301,22,2,20261010090736,20261004151939,20261004155939,,ME
2026-10-10T00:10:53.248155+00:00,ME20A409,21,2,20261010090751,20261009182346,20261009190346,,ME
2026-10-10T00:10:53.248155+00:00,ME20A409,22,3,20261010090906,20261010080506,20261010082050,20261010090020,ME
2026-10-10T00:10:53.248155+00:00,ME20A409,23,2,20261010090738,20261010070433,20261010072600,,ME
2026-10-10T00:10:53.248155+00:00,ME20A409,24,2,20261010090738,20261010072943,20261010074624,,ME
2026-10-10T00:10:53.248155+00:00,ME20A410,01,2,20261010090737,20261009134726,20261009141411,,ME
2026-10-10T00:10:53.248155+00:00,ME20A410,02,2,20261010090453,20261009173734,20261009180235,,ME
2026-10-10T00:10:53.248155+00:00,ME20A410,03,2,20261010090823,20261009111256,20261009115256,,ME
2026-10-10T00:10:53.248155+00:00,ME20A410,91,2,20261010090739,20261009143623,20261009151623,,ME
2026-10-10T00:10:53.248155+00:00,ME20A411,01,2,20261010090545,20261009092843,20261009100732,,ME
2026-10-10T00:10:53.248155+00:00,ME20A411,02,2,20261010090541,20261009121701,20261009123815,,ME
2026-10-10T00:10:53.248155+00:00,ME20A411,03,2,20261010090541,20261008140128,20261008144128,,ME
2026-10-10T00:10:53.248155+00:00,ME20A411,04,2,20261010090549,20261008143655,20261008151655,,ME
2026-10-10T00:10:53.248155+00:00,ME21A114,01,2,20261010090136,20261010064634,20261010072638,,ME
2026-10-10T00:10:53.248155+00:00,ME21A128,01,2,20261010090235,20261007191559,20261007193759,,ME
2026-10-10T00:10:53.248155+00:00,ME21B131,01,2,20261010090226,20261008231535,20261008235443,,ME
2026-10-10T00:10:53.248155+00:00,ME21B132,01,2,20261010090224,20261010082404,20261010085319,,ME
2026-10-10T00:10:53.248155+00:00,ME21B133,01,2,20261010090226,20261010070816,20261010074859,,ME
2026-10-10T00:10:53.248155+00:00,ME21B164,01,9,20261010090310,20261010063646,20261010071652,,ME
2026-10-10T00:10:53.248155+00:00,ME21B168,01,2,20261010090218,20261009183144,20261009183229,,ME
2026-10-10T00:10:53.248155+00:00,ME21B180,01,3,20261010090824,20261009210737,20261009212900,20261010090824,ME
2026-10-10T00:10:53.248155+00:00,ME21B1C3,01,3,20261010090830,20261010055408,20261010060510,20261010083958,ME
2026-10-10T00:10:53.248155+00:00,ME21B211,01,2,20261010090222,20261009122337,20261009123526,,ME
2026-10-10T00:10:53.248155+00:00,ME21B211,02,2,20261010090223,20261009141114,20261009143703,,ME
2026-10-10T00:10:53.248155+00:00,ME21B234,01,2,20261010090139,20261010080841,20261010083618,,ME
2026-10-10T00:10:53.248155+00:00,ME21B234,02,2,20261010090213,20261010075340,20261010083311,,ME
2026-10-10T00:10:53.248155+00:00,ME21B244,01,2,20261010090205,20261008133027,20261008135414,,ME
2026-10-10T00:10:53.248155+00:00,ME21B244,02,2,20261010090222,20261002144624,20261002151909,,ME
2026-10-10T00:10:53.248155+00:00,ME21B245,01,2,20261010090129,20261010073615,20261010080542,,ME
2026-10-10T00:10:53.248155+00:00,ME21B245,02,2,20261010090221,20261010082312,20261010085125,,ME
2026-10-10T00:10:53.248155+00:00,ME21B305,01,2,20261010090225,20261008171834,20261008172752,,ME
2026-10-10T00:10:53.248155+00:00,ME21B305,02,2,20261010090218,20261008081259,20261008084624,,ME
2026-10-10T00:10:53.248155+00:00,ME21B305,03,2,20261010090224,20261009201141,20261009205113,,ME
2026-10-10T00:10:53.248155+00:00,ME21B309,01,2,20261010090225,20261008133251,20261008134528,,ME
2026-10-10T00:10:53.248155+00:00,ME21B309,02,2,20261010090220,20261008142925,20261008145637,,ME
2026-10-10T00:10:53.248155+00:00,ME21B309,03,2,20261010090139,20261010075919,20261010083923,,ME
2026-10-10T00:10:53.248155+00:00,ME21B404,01,3,20261010090831,20261009183457,20261009185532,20261010084205,ME
2026-10-10T00:10:53.248155+00:00,ME21B404,02,3,20261010090739,20261008192755,20261008195957,20261010084105,ME
2026-10-10T00:10:53.248155+00:00,ME21B404,03,2,20261010090222,20261008210519,20261008212523,,ME
2026-10-10T00:10:53.248155+00:00,ME21B404,04,2,20261010090225,20261009214253,20261009221204,,ME
2026-10-10T00:10:53.248155+00:00,ME21B412,01,2,20261010090229,20261007014747,20261007022054,,ME
2026-10-10T00:10:53.248155+00:00,ME21B412,02,2,20261010090222,20261009131505,20261009134618,,ME
2026-10-10T00:10:53.248155+00:00,ME21B412,03,2,20261010090224,20261009124631,20261009132637,,ME
2026-10-10T00:10:53.248155+00:00,ME21B412,04,2,20261010090219,20261007172819,20261007175510,,ME
2026-10-10T00:10:53.248155+00:00,ME21C250,21,2,20261010090816,20261009171345,20261009173520,,ME
2026-10-10T00:10:53.248155+00:00,ME21C250,22,2,20261010090816,20261009004806,20261009012808,,ME
2026-10-10T00:10:53.248155+00:00,ME21C251,21,2,20261010090901,20261010010628,20261010013529,,ME
2026-10-10T00:10:53.248155+00:00,ME21C251,22,2,20261010090901,20261009231657,20261009233245,,ME
2026-10-10T00:10:53.248155+00:00,ME21D045,01,3,20261010090835,20261009192736,20261009195839,20261010084418,ME
2026-10-10T00:10:53.248155+00:00,ME21D046,01,2,20261010090149,20261009192702,20261009194844,,ME
2026-10-10T00:10:53.248155+00:00,ME21D047,01,2,20261010090139,20261010080232,20261010084236,,ME
2026-10-10T00:10:53.248155+00:00,ME21D048,01,2,20261010090145,20261009171611,20261009174620,,ME
2026-10-10T00:10:53.248155+00:00,ME22C1B8,01,2,20261010090827,20261009202446,20261009210433,,ME
2026-10-10T00:10:53.248155+00:00,ME22C1B9,01,2,20261010090818,20261010044732,20261010052734,,ME
2026-10-10T00:10:53.248155+00:00,ME22C1C0,01,2,20261010090828,20261008084418,20261008092420,,ME
2026-10-10T00:10:53.248155+00:00,ME22C802,01,2,20261010090848,20261009102854,20261009104200,,ME
2026-10-10T00:10:53.248155+00:00,ME22C802,02,2,20261010090902,20261009105305,20261009112348,,ME
2026-10-10T00:10:53.248155+00:00,ME22C802,03,2,20261010090822,20261009170528,20261009172540,,ME
2026-10-10T00:10:53.248155+00:00,ME22C802,04,2,20261010090901,20261009075008,20261009083010,,ME
2026-10-10T00:10:53.248155+00:00,ME22C802,05,2,20261010090837,20261009152835,20261009154203,,ME
2026-10-10T00:10:53.248155+00:00,ME22C802,06,2,20261010090824,20261008152859,20261008160838,,ME
2026-10-10T00:10:53.248155+00:00,ME22C802,07,2,20261010090831,20261008154549,20261008161157,,ME
2026-10-10T00:10:53.248155+00:00,ME22C802,08,2,20261010090824,20261009105054,20261009105253,,ME
2026-10-10T00:10:53.248155+00:00,ME22D121,01,2,20261010090839,20261009114358,20261009122401,,ME
2026-10-10T00:10:53.248155+00:00,ME22D134,01,2,20261010090826,20261003080645,20261003084648,,ME
2026-10-10T00:10:53.248155+00:00,ME22D152,01,2,20261010090839,20261009222400,20261009230402,,ME
2026-10-10T00:10:53.248155+00:00,ME22D205,01,2,20261010090903,20261010081839,20261010085841,,ME
2026-10-10T00:10:53.248155+00:00,ME22D205,02,3,20261010090846,20261009141315,20261009145317,20261010090225,ME
2026-10-10T00:10:53.248155+00:00,ME22D402,01,2,20261010090819,20261009181818,20261009185821,,ME
2026-10-10T00:10:53.248155+00:00,ME22D402,02,2,20261010090847,20261010074937,20261010082940,,ME
2026-10-10T00:10:53.248155+00:00,ME22D402,03,2,20261010090829,20261010065249,20261010071742,,ME
2026-10-10T00:10:53.248155+00:00,ME22D402,04,2,20261010090821,20261010000504,20261010000902,,ME
2026-10-10T00:10:53.248155+00:00,ME22M301,01,2,20261010090905,20261009170246,20261009172230,,ME
2026-10-10T00:10:53.248155+00:00,ME22M301,02,2,20261010090847,20261010071529,20261010074150,,ME
2026-10-10T00:10:53.248155+00:00,ME22M301,81,2,20261010090846,20261010080153,20261010083146,,ME
2026-10-10T00:10:53.248155+00:00,ME22M301,82,2,20261010090907,20261010070520,20261010073942,,ME
2026-10-10T00:10:53.248155+00:00,ME22M301,83,2,20261010090850,20261009205049,20261009212035,,ME
2026-10-10T00:10:53.248155+00:00,ME22M301,84,2,20261010090818,20261007150110,20261007152502,,ME
2026-10-10T00:10:53.248155+00:00,ME22M302,01,2,20261010090152,20260921155947,20260921160006,,ME
2026-10-10T00:10:53.248155+00:00,ME22M302,02,2,20261010090157,20261009155346,20261009163432,,ME
2026-10-10T00:10:53.248155+00:00,ME22M302,03,2,20261010090143,20261006180006,20261006184010,,ME
2026-10-10T00:10:53.248155+00:00,ME22M302,04,2,20261010090540,20261004175434,20261004180023,,ME
2026-10-10T00:10:53.248155+00:00,ME22M302,05,2,20261010090140,20260823093756,20260823101759,,ME
2026-10-10T00:10:53.248155+00:00,ME22M302,06,2,20261010090150,20261004105422,20261004110523,,ME
2026-10-10T00:10:53.248155+00:00,ME22M302,07,2,20261010090150,20261007095927,20261007103157,,ME
2026-10-10T00:10:53.248155+00:00,ME22M302,09,2,20261010090143,20261004130719,20261004134723,,ME
2026-10-10T00:10:53.248155+00:00,ME22M302,10,2,20261010090153,20260921152834,20260921152913,,ME
2026-10-10T00:10:53.248155+00:00,ME22M302,11,2,20261010090141,20261009121910,20261009125913,,ME
2026-10-10T00:10:53.248155+00:00,ME22M302,12,2,20261010090456,20260817104012,20260817112018,,ME
2026-10-10T00:10:53.248155+00:00,ME22M302,13,2,20261010090142,20261005140028,20261005144033,,ME
2026-10-10T00:10:53.248155+00:00,ME22M302,14,2,20261010090157,20261009163206,20261009171212,,ME
2026-10-10T00:10:53.248155+00:00,ME22M302,15,2,20261010090155,20261008114253,20261008115646,,ME
2026-10-10T00:10:53.248155+00:00,ME22M302,16,2,20261010090151,20261009101028,20261009105035,,ME
2026-10-10T00:10:53.248155+00:00,ME22M302,17,2,20261010090152,20261009131429,20261009134133,,ME
2026-10-10T00:10:53.248155+00:00,ME22M302,18,2,20261010090141,20261007113918,20261007121922,,ME
2026-10-10T00:10:53.248155+00:00,ME22M302,19,2,20261010090148,20261009145135,20261009153142,,ME
2026-10-10T00:10:53.248155+00:00,ME22M302,20,2,20261010090154,20261009151009,20261009155013,,ME
2026-10-10T00:10:53.248155+00:00,ME22M302,21,2,20261010090145,20261004113824,20261004121903,,ME
2026-10-10T00:10:53.248155+00:00,ME22M302,22,2,20261010090144,20261009132245,20261009140250,,ME
2026-10-10T00:10:53.248155+00:00,ME22M302,23,2,20261010090130,20261009110040,20261009114118,,ME
2026-10-10T00:10:53.248155+00:00,ME22M302,24,2,20261010090200,20261009122622,20261009123646,,ME
2026-10-10T00:10:53.248155+00:00,ME22M302,25,2,20261010090156,20261009145713,20261009153720,,ME
2026-10-10T00:10:53.248155+00:00,ME22M302,26,2,20261010090149,20261008115642,20261008123645,,ME
2026-10-10T00:10:53.248155+00:00,ME22M302,28,9,20261010090310,20261003141317,20261003145401,,ME
2026-10-10T00:10:53.248155+00:00,ME22M302,29,2,20261010090151,20261009161136,20261009165140,,ME
2026-10-10T00:10:53.248155+00:00,ME22M302,30,2,20261010090131,20261003130927,20261003134933,,ME
2026-10-10T00:10:53.248155+00:00,ME22M302,31,2,20261010090147,20261009150645,20261009154651,,ME
2026-10-10T00:10:53.248155+00:00,ME22M302,32,2,20261010090148,20261004160536,20261004164540,,ME
2026-10-10T00:10:53.248155+00:00,ME22M302,33,2,20261010090909,20261009152647,20261009155811,,ME
2026-10-10T00:10:53.248155+00:00,ME22M302,34,2,20261010090909,20261009160801,20261009161359,,ME
2026-10-10T00:10:53.248155+00:00,ME22M302,35,2,20261010090847,20261009144716,20261009152311,,ME
2026-10-10T00:10:53.248155+00:00,ME22M302,36,2,20261010090832,20261009144107,20261009145250,,ME
2026-10-10T00:10:53.248155+00:00,ME25A102,01,2,20261010090854,20261009210744,20261009212229,,ME
2026-10-10T00:10:53.248155+00:00,ME25A107,01,2,20261010090533,20261007125914,20261007133926,,ME
2026-10-10T00:10:53.248155+00:00,ME25A108,01,2,20261010090729,20261008151120,20261008154149,,ME
2026-10-10T00:10:53.248155+00:00,ME25A109,01,2,20261010090748,20261008213025,20261008221041,,ME
2026-10-10T00:10:53.248155+00:00,ME25A401,21,2,20261010090637,20261008224237,20261008230029,,ME
2026-10-10T00:10:53.248155+00:00,ME25A401,22,2,20261010090639,20261010044950,20261010050017,,ME
2026-10-10T00:10:53.248155+00:00,ME25A401,23,2,20261010090615,20261010062100,20261010062312,,ME
2026-10-10T00:10:53.248155+00:00,ME25A401,24,2,20261010090617,20261007160032,20261007162128,,ME
2026-10-10T00:10:53.248155+00:00,ME25A403,21,2,20261010090851,20261009161134,20261009162114,,ME
2026-10-10T00:10:53.248155+00:00,ME25A403,22,2,20261010090853,20261009111948,20261009115954,,ME
2026-10-10T00:10:53.248155+00:00,ME25A403,23,2,20261010090610,20261008131128,20261008203249,,ME
2026-10-10T00:10:53.248155+00:00,ME25A403,24,2,20261010090612,20261008181759,20261008182313,,ME
2026-10-10T00:10:53.248155+00:00,ME25A404,21,2,20261010090507,20261009051320,20261009054536,,ME
2026-10-10T00:10:53.248155+00:00,ME25A404,22,2,20261010090509,20261007105331,20261007105442,,ME
2026-10-10T00:10:53.248155+00:00,ME25A404,23,2,20261010090505,20261007105647,20261007105756,,ME
2026-10-10T00:10:53.248155+00:00,ME25A404,24,2,20261010090507,20261007105845,20261007105954,,ME
2026-10-10T00:10:53.248155+00:00,ME25A405,21,2,20261010090542,20261010042008,20261010042612,,ME
2026-10-10T00:10:53.248155+00:00,ME25A405,22,2,20261010090544,20261009150304,20261009152154,,ME
2026-10-10T00:10:53.248155+00:00,ME25A406,21,2,20261010090455,20261007151402,20261007154231,,ME
2026-10-10T00:10:53.248155+00:00,ME25A406,22,2,20261010090457,20261008052704,20261008054547,,ME
2026-10-10T00:10:53.248155+00:00,ME25A406,23,2,20261010090455,20261010043512,20261010044630,,ME
2026-10-10T00:10:53.248155+00:00,ME25A406,24,2,20261010090457,20261007121010,20261007121111,,ME
2026-10-10T00:10:53.248155+00:00,AMAM0005,02,9,20261010090310,20261009233041,20261009233041,,AM
2026-10-10T00:10:53.248155+00:00,BNBN0381,01,3,20261010090903,20261010060001,20261010061455,20261010060001,BN
2026-10-10T00:10:53.248155+00:00,BNBN0823,01,3,20261010090906,20261008085437,20261008153018,20261008085437,BN
2026-10-10T00:10:53.248155+00:00,BNBN0831,02,2,20261010090906,20261010051151,20261010090840,,BN
2026-10-10T00:10:53.248155+00:00,BNBN0864,01,2,20261010090906,20261010081638,20261010090626,,BN
2026-10-10T00:10:53.248155+00:00,BNBN0866,02,3,20261010090906,20261010061451,20261010072003,20261010061451,BN
2026-10-10T00:10:53.248155+00:00,BT000130,03,9,20261010090810,20261010083621,20261009193946,20261010083621,BT
2026-10-10T00:10:53.248155+00:00,BT000130,04,3,20261010090849,20261010090849,20261010083530,20261010090849,BT
2026-10-10T00:10:53.248155+00:00,BT000149,03,2,20261010090515,20261010000607,20261010051028,,BT
2026-10-10T00:10:53.248155+00:00,BT000174,02,9,20261010090810,20261010083713,20261010083717,,BT
2026-10-10T00:10:53.248155+00:00,CR000244,01,2,20261010090932,20261010090452,20261010090932,,CR
2026-10-10T00:10:53.248155+00:00,CR000244,03,3,20261010090111,20261010090111,20261010090007,20261010090111,CR
2026-10-10T00:10:53.248155+00:00,CR000244,04,3,20261010090831,20261010090831,20261010090627,20261010090831,CR
2026-10-10T00:10:53.248155+00:00,CR000260,01,2,20261010090911,20261010000656,20261010001057,,CR
2026-10-10T00:10:53.248155+00:00,CU200009,03,2,20261010090958,20261009184622,20261009222327,,CU
2026-10-10T00:10:53.248155+00:00,CU200013,03,2,20261010091001,20261008150617,20261008234420,,CU
2026-10-10T00:10:53.248155+00:00,CU200016,21,2,20261010090236,20261010010036,20261010090030,,CU
2026-10-10T00:10:53.248155+00:00,CU200017,14,2,20261010090959,20260807172236,20260807180520,,CU
2026-10-10T00:10:53.248155+00:00,CU200017,15,2,20261010090958,20261005153752,20261005180734,,CU
2026-10-10T00:10:53.248155+00:00,CU200023,01,2,20261010090955,20261008154454,20261008180251,,CU
2026-10-10T00:10:53.248155+00:00,CU200023,02,2,20261010090955,20261006155426,20261006165326,,CU
2026-10-10T00:10:53.248155+00:00,CU200024,01,2,20261010090958,20230317114354,20230317114955,,CU
2026-10-10T00:10:53.248155+00:00,CU200032,01,2,20261010090957,20261009150233,20261009172735,,CU
2026-10-10T00:10:53.248155+00:00,CV000825,01,2,20261010090518,20261010084145,20261010090025,,CV
2026-10-10T00:10:53.248155+00:00,CV001062,03,2,20261010090520,20261010084937,20261010090214,,CV
2026-10-10T00:10:53.248155+00:00,CV001063,05,3,20261010090520,20261010090438,20261010090442,20261010090438,CV
2026-10-10T00:10:53.248155+00:00,CV001112,08,3,20261010090525,20261010090413,20261010090409,20261010090413,CV
2026-10-10T00:10:53.248155+00:00,CV001243,03,2,20261010090520,20261010081833,20261010090440,,CV
2026-10-10T00:10:53.248155+00:00,CV001364,01,2,20261010090522,20261010082926,20261010090443,,CV
2026-10-10T00:10:53.248155+00:00,CV001457,02,2,20261010090521,20261009170338,20261009220742,,CV
2026-10-10T00:10:53.248155+00:00,CV001523,01,3,20261010090523,20261010090210,20261010090212,20261010090210,CV
2026-10-10T00:10:53.248155+00:00,CV001543,02,2,20261010090524,20261010081447,20261010090219,,CV
2026-10-10T00:10:53.248155+00:00,CV001890,02,3,20261010090525,20261010090037,20261010090032,20261010090037,CV
2026-10-10T00:10:53.248155+00:00,CV002011,02,1,20261010090528,20261009201912,20261010084224,,CV
2026-10-10T00:10:53.248155+00:00,CV002043,01,2,20261010090528,20261009114337,20261009122858,,CV
2026-10-10T00:10:53.248155+00:00,CV002165,02,2,20261010090530,20261010082144,20261010090151,,CV
2026-10-10T00:10:53.248155+00:00,CV002751,02,2,20261010090534,20261010083717,20261010090318,,CV
2026-10-10T00:10:53.248155+00:00,CV003473,05,3,20261010090542,20261010090302,20261010090303,20261010090542,CV
2026-10-10T00:10:53.248155+00:00,CV004328,05,2,20261010090543,20261010081957,20261010090251,,CV
2026-10-10T00:10:53.248155+00:00,CV004329,02,3,20261010090545,20261010090159,20261010090158,20261010090159,CV
2026-10-10T00:10:53.248155+00:00,DYME2066,89,2,20261010090502,20261009190102,20261010090502,,DY
2026-10-10T00:10:53.248155+00:00,EC001046,04,3,20261010090201,20261010015119,20261010090001,20261010015119,EC
2026-10-10T00:10:53.248155+00:00,EC002163,02,3,20261010090801,20261010080148,20261010090659,20261010080148,EC
2026-10-10T00:10:53.248155+00:00,EC004165,02,2,20261010091002,20261009215157,20261009231352,,EC
2026-10-10T00:10:53.248155+00:00,EC004819,02,3,20261010090802,20261010090802,20261008161023,20261008083109,EC
2026-10-10T00:10:53.248155+00:00,EC004960,01,2,20261010091002,20261009232131,20261010065952,,EC
2026-10-10T00:10:53.248155+00:00,EP210167,02,5,20261010090825,20261010071035,20261010081014,,EP
2026-10-10T00:10:53.248155+00:00,ER000245,09,3,20261010090509,20261010065111,20261009234701,20261010090415,ER
2026-10-10T00:10:53.248155+00:00,ER000387,06,2,20261010090838,20261008162744,20261008141312,,ER
2026-10-10T00:10:53.248155+00:00,ER000399,08,2,20261010090940,20261009222531,20261009191624,,ER
2026-10-10T00:10:53.248155+00:00,ER000430,05,2,20261010090526,20261010082742,20261010030314,,ER
2026-10-10T00:10:53.248155+00:00,ER000482,02,2,20261010090949,20261009233518,20261009211551,,ER
2026-10-10T00:10:53.248155+00:00,ER000517,03,2,20261010090146,20261009032343,20261008221712,,ER
2026-10-10T00:10:53.248155+00:00,ER000518,01,2,20261010090910,20261010083951,20261009210741,,ER
2026-10-10T00:10:53.248155+00:00,EV001582,03,2,20261010090446,20261009161927,20261010014036,,EV
2026-10-10T00:10:53.248155+00:00,EV001934,01,2,20261010090647,20261009220832,20261010030909,,EV
2026-10-10T00:10:53.248155+00:00,EV002134,01,3,20261010090649,20261009202858,20261010013642,20261010090505,EV
2026-10-10T00:10:53.248155+00:00,EV003834,01,2,20261010090447,20261009124505,20261009151741,,EV
2026-10-10T00:10:53.248155+00:00,EV003900,15,2,20261010090446,20261009133505,20261009223209,,EV
2026-10-10T00:10:53.248155+00:00,EV004091,01,2,20261010090244,20261009193212,20261010021153,,EV
2026-10-10T00:10:53.248155+00:00,EV004196,02,2,20261010090245,20261010011151,20261010090016,,EV
2026-10-10T00:10:53.248155+00:00,EV004485,02,3,20261010090647,20261009002231,20261009035501,20261010090516,EV
2026-10-10T00:10:53.248155+00:00,EV004595,02,2,20261010090815,20261009203041,20261010090420,,EV
2026-10-10T00:10:53.248155+00:00,EV004875,03,9,20261010090849,20261008174545,20261009015859,,EV
2026-10-10T00:10:53.248155+00:00,EV005485,02,2,20261010090648,20261009203915,20261010022532,,EV
2026-10-10T00:10:53.248155+00:00,EV005772,02,2,20261010090817,20261009112323,20261009235936,,EV
2026-10-10T00:10:53.248155+00:00,EV006058,01,2,20261010090646,20261010011130,20261010053011,,EV
2026-10-10T00:10:53.248155+00:00,EV006066,02,2,20261010090447,20261009215201,20261009224129,,EV
2026-10-10T00:10:53.248155+00:00,EV006165,15,2,20261010090245,20261010003817,20261010085954,,EV
2026-10-10T00:10:53.248155+00:00,EV006268,02,2,20261010090119,20261007132820,20261007135028,,EV
2026-10-10T00:10:53.248155+00:00,EV006828,01,3,20261010090819,20261009092515,20261009130610,20261010090705,EV
2026-10-10T00:10:53.248155+00:00,EV006842,01,2,20261010090244,20261009182134,20261010011156,,EV
2026-10-10T00:10:53.248155+00:00,EV006887,11,2,20261010090245,20261009200516,20261010033218,,EV
2026-10-10T00:10:53.248155+00:00,EV007090,06,2,20261010090446,20261009175535,20261009233941,,EV
2026-10-10T00:10:53.248155+00:00,EV007522,01,3,20261010090448,20261009172831,20261009231428,20261010090448,EV
2026-10-10T00:10:53.248155+00:00,EV007522,03,2,20261010090247,20261010090105,20261010090109,,EV
2026-10-10T00:10:53.248155+00:00,EV008278,02,2,20261010090446,20261009191945,20261010081703,,EV
2026-10-10T00:10:53.248155+00:00,EV008468,01,2,20261010090647,20261009195234,20261009230510,,EV
2026-10-10T00:10:53.248155+00:00,EV008755,06,3,20261010090247,20261009180908,20261009213216,20261010090114,EV
2026-10-10T00:10:53.248155+00:00,EV008901,02,2,20261010090818,20261009181027,20261009212610,,EV
2026-10-10T00:10:53.248155+00:00,EV009014,01,2,20261010090814,20261009193430,20261009224041,,EV
2026-10-10T00:10:53.248155+00:00,EV010706,03,2,20261010090649,20261009213512,20261010085102,,EV
2026-10-10T00:10:53.248155+00:00,EV010970,02,2,20261010090647,20261010074258,20261010090600,,EV
2026-10-10T00:10:53.248155+00:00,EV010981,01,2,20261010090446,20261009211242,20261010011952,,EV
2026-10-10T00:10:53.248155+00:00,EV010987,02,3,20261010090245,20261009203446,20261009232836,20261010090245,EV
2026-10-10T00:10:53.248155+00:00,EV011228,01,2,20261010090849,20261009183339,20261010010756,,EV
2026-10-10T00:10:53.248155+00:00,EV011524,05,3,20261010090646,20261009113730,20261009153837,20261010090611,EV
2026-10-10T00:10:53.248155+00:00,EV011580,01,3,20261010090247,20261009095547,20261009143131,20261010090103,EV
2026-10-10T00:10:53.248155+00:00,EV011641,09,2,20261010090445,20261009201344,20261009233640,,EV
2026-10-10T00:10:53.248155+00:00,EV011743,02,3,20261010090246,20261009124647,20261009153644,20261010085710,EV
2026-10-10T00:10:53.248155+00:00,EV011847,03,2,20261010090817,20261009205533,20261010024749,,EV
2026-10-10T00:10:53.248155+00:00,EV012393,05,3,20261010090447,20261009201042,20261009225803,20261010090401,EV
2026-10-10T00:10:53.248155+00:00,EV013808,02,3,20261010090647,20261009072419,20261009134440,20261010090647,EV
2026-10-10T00:10:53.248155+00:00,EV013838,06,2,20261010090646,20261009175030,20261009190339,,EV
2026-10-10T00:10:53.248155+00:00,EV013843,01,2,20261010090244,20261009222138,20261010055236,,EV
2026-10-10T00:10:53.248155+00:00,EV014089,01,2,20261010090848,20261009223250,20261010034125,,EV
2026-10-10T00:10:53.248155+00:00,EV014108,02,2,20261010090647,20261009215029,20261009233248,,EV
2026-10-10T00:10:53.248155+00:00,EV014188,02,2,20261010090446,20261009212642,20261010004629,,EV
2026-10-10T00:10:53.248155+00:00,EV014383,02,2,20261010090246,20261009185210,20261010030302,,EV
2026-10-10T00:10:53.248155+00:00,EV014481,01,2,20261010090846,20261010083720,20261010090742,,EV
2026-10-10T00:10:53.248155+00:00,EV014557,04,2,20261010090819,20261009131015,20261009213625,,EV
2026-10-10T00:10:53.248155+00:00,EV014607,01,3,20261010090646,20261009133105,20261009195513,20261010090448,EV
2026-10-10T00:10:53.248155+00:00,EV014607,02,2,20261010090445,20261006231915,20261006231944,,EV
2026-10-10T00:10:53.248155+00:00,EV014729,01,2,20261010090847,20261009214301,20261010033229,,EV
2026-10-10T00:10:53.248155+00:00,EV015002,01,3,20261010090647,20261002091131,20261002101425,20261010090647,EV
2026-10-10T00:10:53.248155+00:00,EV015002,02,3,20261010090647,20261009210244,20261009222335,20261010090506,EV
2026-10-10T00:10:53.248155+00:00,EV015002,04,3,20261010090245,20261009151550,20261009165143,20261010090138,EV
2026-10-10T00:10:53.248155+00:00,EV015051,01,2,20261010090647,20261009183201,20261010025352,,EV
2026-10-10T00:10:53.248155+00:00,EV015132,01,2,20261010090647,20261009163448,20261009212222,,EV
2026-10-10T00:10:53.248155+00:00,EV015597,01,2,20261010090245,20261009221328,20261010042745,,EV
2026-10-10T00:10:53.248155+00:00,EV015604,02,2,20261010090445,20261009211026,20261009225430,,EV
2026-10-10T00:10:53.248155+00:00,EV016746,01,2,20261010090246,20261009231427,20261010020412,,EV
2026-10-10T00:10:53.248155+00:00,EV016929,03,3,20261010090244,20261009152424,20261009192635,20261010090152,EV
2026-10-10T00:10:53.248155+00:00,EV017504,06,2,20261010090247,20261009205509,20261010005423,,EV
2026-10-10T00:10:53.248155+00:00,EV017508,06,2,20261010090247,20261009135736,20261009212338,,EV
2026-10-10T00:10:53.248155+00:00,EV017802,05,2,20261010090847,20261009232123,20261010030318,,EV
2026-10-10T00:10:53.248155+00:00,EV017885,01,2,20261010090649,20261009195104,20261010012204,,EV
2026-10-10T00:10:53.248155+00:00,EV017924,01,2,20261010090447,20261009181336,20261010011538,,EV
2026-10-10T00:10:53.248155+00:00,EV017932,05,2,20261010090247,20261009224841,20261010034857,,EV
2026-10-10T00:10:53.248155+00:00,EV017968,05,1,20261010090817,20261008193435,20261009005110,,EV
2026-10-10T00:10:53.248155+00:00,EV018259,02,2,20261010090648,20261009063239,20261009162321,,EV
2026-10-10T00:10:53.248155+00:00,EV018299,05,3,20261010090244,20261009202225,20261010030721,20261010090244,EV
2026-10-10T00:10:53.248155+00:00,EV018361,08,3,20261010090448,20261009160252,20261009174444,20261010090415,EV
2026-10-10T00:10:53.248155+00:00,EV018630,03,2,20261010090246,20261009172335,20261009213610,,EV
2026-10-10T00:10:53.248155+00:00,EV018632,05,2,20261010090447,20261009201351,20261010002212,,EV
2026-10-10T00:10:53.248155+00:00,EV018646,03,2,20261010090445,20261009220215,20261010031811,,EV
2026-10-10T00:10:53.248155+00:00,EV018852,10,2,20261010090647,20261009231045,20261010034427,,EV
2026-10-10T00:10:53.248155+00:00,EV018894,03,3,20261010090646,20261010065223,20261010081941,20261010090505,EV
2026-10-10T00:10:53.248155+00:00,EV018911,01,2,20261010090847,20261009132124,20261009231202,,EV
2026-10-10T00:10:53.248155+00:00,EV018918,01,2,20261010090446,20261009170304,20261009222413,,EV
2026-10-10T00:10:53.248155+00:00,EV019220,02,2,20261010090445,20261009142420,20261009172640,,EV
2026-10-10T00:10:53.248155+00:00,EV019320,03,3,20261010090447,20261009233922,20261010005416,20261010082713,EV
2026-10-10T00:10:53.248155+00:00,EV019386,04,2,20261010090246,20261009215152,20261010023902,,EV
2026-10-10T00:10:53.248155+00:00,EV019468,01,2,20261010090814,20261009234642,20261010090629,,EV
2026-10-10T00:10:53.248155+00:00,EV019478,02,2,20261010090846,20261010023229,20261010051120,,EV
2026-10-10T00:10:53.248155+00:00,EV019508,03,2,20261010090447,20261009210507,20261009221554,,EV
2026-10-10T00:10:53.248155+00:00,EV019508,05,2,20261010090246,20261009185414,20261010013816,,EV
2026-10-10T00:10:53.248155+00:00,EV019676,02,3,20261010090447,20261008200457,20261008214922,20261010090412,EV
2026-10-10T00:10:53.248155+00:00,EV019685,01,2,20261010090447,20261009205107,20261010061154,,EV
2026-10-10T00:10:53.248155+00:00,EV019732,01,2,20261010090246,20261009201735,20261010010729,,EV
2026-10-10T00:10:53.248155+00:00,EV019968,03,2,20261010090448,20261009151212,20261009232225,,EV
2026-10-10T00:10:53.248155+00:00,EV020118,02,2,20261010090246,20261009211207,20261010090038,,EV
2026-10-10T00:10:53.248155+00:00,EV020166,05,2,20261010090447,20261010005440,20261010084554,,EV
2026-10-10T00:10:53.248155+00:00,EV020211,02,3,20261010090849,20261009110648,20261009122532,20261010090736,EV
2026-10-10T00:10:53.248155+00:00,EV020230,02,2,20261010090245,20261009235651,20261010050417,,EV
2026-10-10T00:10:53.248155+00:00,EV020285,02,3,20261010090244,20260930085426,20260930100411,20261010090126,EV
2026-10-10T00:10:53.248155+00:00,EV020624,02,3,20261010090818,20261008202224,20261008234105,20261010090818,EV
2026-10-10T00:10:53.248155+00:00,EV020896,03,2,20261010090647,20261009150354,20261009162628,,EV
2026-10-10T00:10:53.248155+00:00,EV021011,03,3,20261010090447,20261009143843,20261009215204,20261010090312,EV
2026-10-10T00:10:53.248155+00:00,EV021592,01,2,20261010090243,20261009191532,20261010075804,,EV
2026-10-10T00:10:53.248155+00:00,GS000077,02,2,20261010090720,20261010083112,20261010090720,,GS
2026-10-10T00:10:53.248155+00:00,HD000014,01,2,20261010090100,20261009203934,20261009205438,,HD
2026-10-10T00:10:53.248155+00:00,HD000014,02,2,20261010090100,20261008203439,20261008205707,,HD
2026-10-10T00:10:53.248155+00:00,HD000034,05,3,20261010090200,20261010090135,20261009235933,20261010090135,HD
2026-10-10T00:10:53.248155+00:00,HD000089,01,2,20261010090101,20261008131301,20261008134601,,HD
2026-10-10T00:10:53.248155+00:00,HD000089,02,2,20261010090101,20261009130435,20261009132310,,HD
2026-10-10T00:10:53.248155+00:00,HE000443,01,5,20261010090700,20261007151500,20261007151600,,HE
2026-10-10T00:10:53.248155+00:00,HE001143,03,3,20261010091000,20261010091000,20261003170000,20261010091000,HE
2026-10-10T00:10:53.248155+00:00,HE212779,01,2,20261010090300,20261010024800,20261010090300,,HE
2026-10-10T00:10:53.248155+00:00,HE230024,01,3,20261010090600,20261010090600,20261009170524,20261010090600,HE
2026-10-10T00:10:53.248155+00:00,HE240198,01,2,20261010090300,20261010090200,20261010090300,,HE
2026-10-10T00:10:53.248155+00:00,HE240415,10,2,20261010090100,20261009175200,20261010090100,,HE
2026-10-10T00:10:53.248155+00:00,HE240457,03,2,20261010090200,20261009172300,20261010090200,,HE
2026-10-10T00:10:53.248155+00:00,HE240550,01,3,20261010090900,20261010090900,20261010080302,20261010090900,HE
2026-10-10T00:10:53.248155+00:00,HM000455,32,2,20261010090605,20261009172730,20261009190748,,HM
2026-10-10T00:10:53.248155+00:00,HM000455,39,2,20261010090805,20261010003320,20261010090636,,HM
2026-10-10T00:10:53.248155+00:00,HM000649,28,3,20261010090410,20261009010702,20261009042004,20261010090350,HM
2026-10-10T00:10:53.248155+00:00,HM001630,18,2,20261010090815,20261010072548,20261010090720,,HM
2026-10-10T00:10:53.248155+00:00,HM001630,19,2,20261010090217,20261009182357,20261010090002,,HM
2026-10-10T00:10:53.248155+00:00,HM001659,04,3,20261010090815,20261009144145,20261009162512,20261010090643,HM
2026-10-10T00:10:53.248155+00:00,HM001718,15,2,20261010090816,20261009231945,20261010062741,,HM
2026-10-10T00:10:53.248155+00:00,HM110226,07,3,20261010090222,20261009182148,20261009210939,20261010090101,HM
2026-10-10T00:10:53.248155+00:00,HM110241,02,3,20261010090222,20261009191407,20261009213632,20261010090110,HM
2026-10-10T00:10:53.248155+00:00,HM110250,03,3,20261010090426,20261007085823,20261007124920,20261010090318,HM
2026-10-10T00:10:53.248155+00:00,HM110250,07,2,20261010090222,20261010082258,20261010085944,,HM
2026-10-10T00:10:53.248155+00:00,HM110250,23,3,20261010090619,20261010014353,20261010024000,20261010090553,HM
2026-10-10T00:10:53.248155+00:00,HP250010,02,2,20261010090358,20261010063539,20261010090358,,HP
2026-10-10T00:10:53.248155+00:00,HP250010,05,2,20261010090245,20261010075156,20261010090245,,HP
2026-10-10T00:10:53.248155+00:00,HP250010,06,2,20261010090951,20261010081306,20261010090951,,HP
2026-10-10T00:10:53.248155+00:00,HU200001,01,3,20261010091001,20261007095604,20261007135322,20261010090937,HU
2026-10-10T00:10:53.248155+00:00,HU200037,10,3,20261010090506,20261010030947,20261010054543,20261010090302,HU
2026-10-10T00:10:53.248155+00:00,HY000763,01,2,20261010091004,20261009223820,20261010090938,,HY
2026-10-10T00:10:53.248155+00:00,HY001053,03,2,20261010090103,20261009224059,20261010090028,,HY
2026-10-10T00:10:53.248155+00:00,HY001108,07,2,20261010090104,20261009211657,20261010090005,,HY
2026-10-10T00:10:53.248155+00:00,HY001260,03,3,20261010090603,20261010090552,20261009202818,20261010090552,HY
2026-10-10T00:10:53.248155+00:00,HY001323,05,2,20261010090106,20261010072609,20261010090021,,HY
2026-10-10T00:10:53.248155+00:00,HY001380,01,2,20261010090905,20261009211355,20261010014940,,HY
2026-10-10T00:10:53.248155+00:00,HY001423,04,2,20261010090906,20261010070930,20261010090818,,HY
2026-10-10T00:10:53.248155+00:00,HY001681,04,3,20261010090504,20261010090445,20261010061730,20261010090445,HY
2026-10-10T00:10:53.248155+00:00,HY001681,05,2,20261010090904,20261009162346,20261010090840,,HY
2026-10-10T00:10:53.248155+00:00,HY001714,02,2,20261010091004,20261009225654,20261010090941,,HY
2026-10-10T00:10:53.248155+00:00,HY001876,18,2,20261010090407,20261009191350,20261010090353,,HY
2026-10-10T00:10:53.248155+00:00,HY001876,34,2,20261010090407,20261009121658,20261010090341,,HY
2026-10-10T00:10:53.248155+00:00,HY001876,39,2,20261010090906,20261009213829,20261010090805,,HY
2026-10-10T00:10:53.248155+00:00,JA110029,04,2,20261010090703,20261010080702,20261010090703,,JA
2026-10-10T00:10:53.248155+00:00,JA110031,09,3,20261010090703,20261010090703,20261010072802,20261010090703,JA
2026-10-10T00:10:53.248155+00:00,JA110031,27,3,20261010090703,20261010090703,20261009222004,20261010090703,JA
2026-10-10T00:10:53.248155+00:00,JA110031,39,3,20261010090703,20261010090703,20261009203503,20261010090703,JA
2026-10-10T00:10:53.248155+00:00,JA110041,10,3,20261010091004,20261010091004,20261009000706,20261010091004,JA
2026-10-10T00:10:53.248155+00:00,JA110048,01,2,20261010090708,20261010083507,20261010090708,,JA
2026-10-10T00:10:53.248155+00:00,JA110060,15,3,20261010091006,20261010091006,20261005120707,20261010091006,JA
2026-10-10T00:10:53.248155+00:00,JA110069,03,3,20261010090709,20261010090709,20261008114906,20261010090709,JA
2026-10-10T00:10:53.248155+00:00,JA110136,02,3,20261010090713,20261010090713,20261010084012,20261010090713,JA
2026-10-10T00:10:53.248155+00:00,JA110169,01,3,20261010090716,20261010090716,20261009231019,20261010090716,JA
2026-10-10T00:10:53.248155+00:00,JA110175,07,2,20261010090717,20261009183020,20261010090717,,JA
2026-10-10T00:10:53.248155+00:00,JA110197,12,2,20261010090719,20261010084917,20261010090719,,JA
2026-10-10T00:10:53.248155+00:00,JA110198,04,2,20261010090719,20261010084216,20261010090719,,JA
2026-10-10T00:10:53.248155+00:00,JA110201,10,5,20261010090720,20261010004918,20261010014919,,JA
2026-10-10T00:10:53.248155+00:00,JA110202,07,2,20261010090720,20261010084020,20261010090720,,JA
2026-10-10T00:10:53.248155+00:00,KE000684,01,3,20261010091000,20261010090941,20261009175318,20261010090941,KE
2026-10-10T00:10:53.248155+00:00,KE000710,01,3,20261010090459,20261010090414,20261005143943,20261010090414,KE
2026-10-10T00:10:53.248155+00:00,KE001340,01,9,20261010090810,20261008090023,20261008101818,,KE
2026-10-10T00:10:53.248155+00:00,KL001158,09,2,20261010090501,20261009210336,20261010085905,,KL
2026-10-10T00:10:53.248155+00:00,KL001978,04,2,20261010090701,20260929164939,20260929183948,,KL
2026-10-10T00:10:53.248155+00:00,KL002069,04,3,20261010090801,20261010090801,20260928143639,20261010090723,KL
2026-10-10T00:10:53.248155+00:00,KL002373,09,3,20261010090602,20261010090602,20261010090453,20261010090433,KL
2026-10-10T00:10:53.248155+00:00,KL002401,02,2,20261010090402,20261008221645,20261009025423,,KL
2026-10-10T00:10:53.248155+00:00,KL002548,37,2,20261010090602,20261009190816,20261010084828,,KL
2026-10-10T00:10:53.248155+00:00,KL200156,50,3,20261010090503,20261010090503,20261010090434,20261010080432,KL
2026-10-10T00:10:53.248155+00:00,KL200176,29,3,20261010090802,20261010090802,20261010084053,20261010090801,KL
2026-10-10T00:10:53.248155+00:00,KP003132,01,2,20261010091007,20261010083058,20261010090151,,KP
2026-10-10T00:10:53.248155+00:00,LI000358,01,3,20261010090856,20261010090856,20261010090619,20261010090856,LI
2026-10-10T00:10:53.248155+00:00,LI000358,02,2,20261010090648,20261010090420,20261010090648,,LI
2026-10-10T00:10:53.248155+00:00,LI000463,02,3,20261010090902,20261010090902,20261010090823,20261010090902,LI
2026-10-10T00:10:53.248155+00:00,LU000066,01,3,20261010090911,20261010090915,20261009001330,20261008191033,LU
2026-10-10T00:10:53.248155+00:00,LU000066,02,3,20261010090855,20261010090859,20261009165214,20261009154557,LU
2026-10-10T00:10:53.248155+00:00,LU000202,01,3,20261010090735,20261010090736,20261008074627,20261008061932,LU
2026-10-10T00:10:53.248155+00:00,LU000217,03,2,20261010090430,20261009132205,20261009223352,,LU
2026-10-10T00:10:53.248155+00:00,LU000797,03,2,20261010090916,20261009160931,20261009193343,,LU
2026-10-10T00:10:53.248155+00:00,LU000997,19,3,20261010090921,20261010090930,20261010044110,20261009210654,LU
2026-10-10T00:10:53.248155+00:00,LU001004,56,3,20261010090323,20261010090353,20261009230348,20261009185839,LU
2026-10-10T00:10:53.248155+00:00,LU001451,06,2,20261010090649,20261010003745,20261010090647,,LU
2026-10-10T00:10:53.248155+00:00,LU001650,06,3,20261010090601,20261010090619,20261008222834,20261008213410,LU
2026-10-10T00:10:53.248155+00:00,LU001772,01,3,20261010090749,20261009221407,20261010090747,20261009221407,LU
2026-10-10T00:10:53.248155+00:00,LU002135,01,3,20261010090659,20261010090659,20261009110847,20261010090659,LU
2026-10-10T00:10:53.248155+00:00,LU002166,39,3,20261010090414,20261010071531,20261010090412,20261010071531,LU
2026-10-10T00:10:53.248155+00:00,LU002297,01,2,20261010090926,20261009222011,20261010032327,,LU
2026-10-10T00:10:53.248155+00:00,LU002297,36,2,20261010090333,20261009212231,20261010000239,,LU
2026-10-10T00:10:53.248155+00:00,LU002297,41,2,20261010090243,20261009175550,20261010003438,,LU
2026-10-10T00:10:53.248155+00:00,LU002331,02,2,20261010090556,20261009223020,20261010080932,,LU
2026-10-10T00:10:53.248155+00:00,LU002691,33,3,20261010090058,20261010090111,20261010065606,20261010000056,LU
2026-10-10T00:10:53.248155+00:00,LU002691,35,2,20261010090440,20261009200458,20261010001926,,LU
2026-10-10T00:10:53.248155+00:00,LU002775,03,3,20261010090313,20261010090330,20261009193717,20261009123851,LU
2026-10-10T00:10:53.248155+00:00,LU002887,02,2,20261010090711,20261010015620,20261010071034,,LU
2026-10-10T00:10:53.248155+00:00,LU002991,03,3,20261010090117,20261010080032,20261010090115,20261010080032,LU
2026-10-10T00:10:53.248155+00:00,LU002993,03,3,20261010090214,20261010090214,20261009204759,20261010090214,LU
2026-10-10T00:10:53.248155+00:00,LU002993,05,3,20261010090311,20261010090325,20261009161007,20261009151047,LU
2026-10-10T00:10:53.248155+00:00,LU003002,02,2,20261010090938,20261009161335,20261009225151,,LU
2026-10-10T00:10:53.248155+00:00,LU003210,19,3,20261010090128,20261010014219,20261010090126,20261010014219,LU
2026-10-10T00:10:53.248155+00:00,LU003289,02,2,20261010090907,20261009232332,20261010023824,,LU
2026-10-10T00:10:53.248155+00:00,LU003294,01,2,20261010090115,20261009212531,20261010002132,,LU
2026-10-10T00:10:53.248155+00:00,LU003307,03,2,20261010090537,20261009161736,20261009205126,,LU
2026-10-10T00:10:53.248155+00:00,LU003701,02,3,20261010090534,20261009123807,20261009154723,20261009123807,LU
2026-10-10T00:10:53.248155+00:00,LU003817,03,2,20261010090658,20261009192115,20261010090648,,LU
2026-10-10T00:10:53.248155+00:00,LU003842,38,2,20261010090549,20261009181310,20261010005409,,LU
2026-10-10T00:10:53.248155+00:00,LU003910,01,3,20261010090112,20261009234822,20261010033824,20261009234822,LU
2026-10-10T00:10:53.248155+00:00,LU004023,03,2,20261010090110,20261009150902,20261009212602,,LU
2026-10-10T00:10:53.248155+00:00,LU004023,09,2,20261010090422,20261009182701,20261010010016,,LU
2026-10-10T00:10:53.248155+00:00,LU004181,01,2,20261010090936,20261009234908,20261010021156,,LU
2026-10-10T00:10:53.248155+00:00,LU004258,02,2,20261010090454,20261009191359,20261010042330,,LU
2026-10-10T00:10:53.248155+00:00,LU004274,03,2,20261010090441,20261009192820,20261009231213,,LU
2026-10-10T00:10:53.248155+00:00,LU100200,06,3,20261010090719,20261010090732,20261009234848,20261009231233,LU
2026-10-10T00:10:53.248155+00:00,LU100248,17,2,20261010090404,20261009205625,20261010015255,,LU
2026-10-10T00:10:53.248155+00:00,LU100368,60,2,20261010090130,20261009215048,20261010011156,,LU
2026-10-10T00:10:53.248155+00:00,LU100425,02,3,20261010090902,20261010031027,20261010090900,20261010031027,LU
2026-10-10T00:10:53.248155+00:00,LU100474,14,2,20261010090440,20261009173539,20261009182802,,LU
2026-10-10T00:10:53.248155+00:00,LU100866,02,2,20261010090132,20261009201615,20261009223530,,LU
2026-10-10T00:10:53.248155+00:00,LU100913,11,2,20261010090645,20261009212920,20261010001455,,LU
2026-10-10T00:10:53.248155+00:00,LU100918,04,2,20261010090737,20261010022943,20261010085058,,LU
2026-10-10T00:10:53.248155+00:00,LU101100,12,3,20261010090925,20261009155422,20261009162811,20261009155422,LU
2026-10-10T00:10:53.248155+00:00,LU101445,10,3,20261010090629,20261010090631,20261008051746,20261008003302,LU
2026-10-10T00:10:53.248155+00:00,LU101446,01,2,20261010090552,20261009215350,20261010011916,,LU
2026-10-10T00:10:53.248155+00:00,LU101451,18,2,20261010090052,20261009201216,20261009231424,,LU
2026-10-10T00:10:53.248155+00:00,LU101460,01,2,20261010090247,20261009212049,20261010005925,,LU
2026-10-10T00:10:53.248155+00:00,LU101467,06,3,20261010090556,20261010090607,20261009205457,20261009114618,LU
2026-10-10T00:10:53.248155+00:00,LU101499,07,2,20261010090539,20261009203149,20261009231357,,LU
2026-10-10T00:10:53.248155+00:00,LU101516,05,3,20261010090528,20261010062926,20261010090526,20261010062926,LU
2026-10-10T00:10:53.248155+00:00,LU101573,34,3,20261010091005,20261009175847,20261009192338,20261009175847,LU
2026-10-10T00:10:53.248155+00:00,LU101578,01,2,20261010090406,20261009190540,20261009215540,,LU
2026-10-10T00:10:53.248155+00:00,LU101587,03,2,20261010090816,20261009205801,20261009233425,,LU
2026-10-10T00:10:53.248155+00:00,LU101631,09,3,20261010090416,20261010090431,20261010073925,20261009204448,LU
2026-10-10T00:10:53.248155+00:00,LU101661,04,2,20261010090436,20261009211800,20261009231649,,LU
2026-10-10T00:10:53.248155+00:00,LU101686,12,2,20261010090406,20261009183833,20261009195636,,LU
2026-10-10T00:10:53.248155+00:00,LU101686,16,2,20261010090438,20261010015123,20261010054151,,LU
2026-10-10T00:10:53.248155+00:00,LU101706,14,2,20261010090856,20261009233319,20261010070707,,LU
2026-10-10T00:10:53.248155+00:00,LU101766,02,3,20261010090643,20261009202800,20261010090643,20261009202800,LU
2026-10-10T00:10:53.248155+00:00,MO116803,01,2,20261010091010,20261010090002,20261010090005,,MO
2026-10-10T00:10:53.248155+00:00,NS850160,01,2,20261010090624,20260928010946,20260928030941,,NS
2026-10-10T00:10:53.248155+00:00,NS850160,11,2,20261010090624,20261007091038,20261007011027,,NS
2026-10-10T00:10:53.248155+00:00,NT100061,01,3,20261010090350,20261010090350,20261009143650,20261010090350,NT
2026-10-10T00:10:53.248155+00:00,NT100095,14,2,20261010090350,20261009173750,20261010090350,,NT
2026-10-10T00:10:53.248155+00:00,NT100114,14,3,20261010090250,20261010090250,20261009225250,20261010090250,NT
2026-10-10T00:10:53.248155+00:00,NT100120,05,2,20261010090250,20261009200150,20261010090250,,NT
2026-10-10T00:10:53.248155+00:00,NT100327,02,3,20261010090450,20261010090450,20261010033350,20261010090450,NT
2026-10-10T00:10:53.248155+00:00,NT100444,02,3,20261010090350,20261010090350,20261009181050,20261010090350,NT
2026-10-10T00:10:53.248155+00:00,NT100593,01,2,20261010090550,20261009223550,20261010090550,,NT
2026-10-10T00:10:53.248155+00:00,NT100674,07,3,20261010090450,20261010090450,20261010083550,20261010090450,NT
2026-10-10T00:10:53.248155+00:00,NT100854,03,2,20261010090950,20261009184050,20261010090950,,NT
2026-10-10T00:10:53.248155+00:00,NT101161,12,2,20261010090150,20261009232950,20261010090150,,NT
2026-10-10T00:10:53.248155+00:00,NT101360,02,2,20261010090650,20261009194650,20261010090650,,NT
2026-10-10T00:10:53.248155+00:00,NT101611,01,3,20261010090250,20261010090250,20261008153250,20261010090250,NT
2026-10-10T00:10:53.248155+00:00,NT101692,05,2,20261010090150,20261009222650,20261010090150,,NT
2026-10-10T00:10:53.248155+00:00,NT101773,23,3,20261010090950,20261010090950,20261009214450,20261010090950,NT
2026-10-10T00:10:53.248155+00:00,NT101773,28,5,20261010090135,20261001201150,20261001220450,,NT
2026-10-10T00:10:53.248155+00:00,NT101833,36,2,20261010090950,20261009195550,20261010090950,,NT
2026-10-10T00:10:53.248155+00:00,NT101913,02,3,20261010090750,20261010090750,20261007174750,20261010090750,NT
2026-10-10T00:10:53.248155+00:00,NT101945,06,3,20261010090550,20261010090550,20261010085350,20261010090550,NT
2026-10-10T00:10:53.248155+00:00,NT101945,17,2,20261010090950,20261010010950,20261010090950,,NT
2026-10-10T00:10:53.248155+00:00,NT102127,02,3,20261010090650,20261010090650,20261010085150,20261010090650,NT
2026-10-10T00:10:53.248155+00:00,NT102207,05,2,20261010090650,20261009162850,20261010090650,,NT
2026-10-10T00:10:53.248155+00:00,NT102218,03,3,20261010090350,20261010090350,20261010084850,20261010090350,NT
2026-10-10T00:10:53.248155+00:00,NT102252,01,2,20261010090350,20261009090350,20261010090350,,NT
2026-10-10T00:10:53.248155+00:00,NT102257,06,3,20261010090250,20261010090250,20261009231150,20261010090250,NT
2026-10-10T00:10:53.248155+00:00,NT102275,09,2,20261010090150,20261009190850,20261010090150,,NT
2026-10-10T00:10:53.248155+00:00,NT102277,10,2,20261010090250,20261010033750,20261010090250,,NT
2026-10-10T00:10:53.248155+00:00,NT102319,22,3,20261010090650,20261010090650,20261010003350,20261010090650,NT
2026-10-10T00:10:53.248155+00:00,NT102353,06,2,20261010090250,20261010023150,20261010090250,,NT
2026-10-10T00:10:53.248155+00:00,NT102374,05,2,20261010090750,20261009234950,20261010090750,,NT
2026-10-10T00:10:53.248155+00:00,NT102381,08,2,20261010090450,20261009205650,20261010090450,,NT
2026-10-10T00:10:53.248155+00:00,NT102470,03,2,20261010090550,20261010030050,20261010090550,,NT
2026-10-10T00:10:53.248155+00:00,NT102482,09,2,20261010090250,20261010004850,20261010090250,,NT
2026-10-10T00:10:53.248155+00:00,NT102510,01,2,20261010090450,20261010073050,20261010090450,,NT
2026-10-10T00:10:53.248155+00:00,NT102514,02,3,20261010090350,20261010090350,20261009145350,20261010090350,NT
2026-10-10T00:10:53.248155+00:00,NT102520,01,9,20261010090550,20261010045550,20261010090550,,NT
2026-10-10T00:10:53.248155+00:00,NT102532,04,2,20261010090950,20261009162750,20261010090950,,NT
2026-10-10T00:10:53.248155+00:00,NT102541,07,3,20261010090250,20261010090250,20261010084650,20261010090250,NT
2026-10-10T00:10:53.248155+00:00,NT102543,07,2,20261010090150,20261009205150,20261010090150,,NT
2026-10-10T00:10:53.248155+00:00,NT102572,02,3,20261010090850,20261010090850,20261009112750,20261010090850,NT
2026-10-10T00:10:53.248155+00:00,NT102578,01,2,20261010090750,20261009192050,20261010090750,,NT
2026-10-10T00:10:53.248155+00:00,NT102589,06,2,20261010090850,20261009223850,20261010090850,,NT
2026-10-10T00:10:53.248155+00:00,NT102604,06,2,20261010090850,20261009192850,20261010090850,,NT
2026-10-10T00:10:53.248155+00:00,NT102609,09,3,20261010090550,20261010090550,20261010082650,20261010090550,NT
2026-10-10T00:10:53.248155+00:00,NT102851,01,3,20261010090850,20261010090850,20261010011350,20261010090850,NT
2026-10-10T00:10:53.248155+00:00,NT102907,08,3,20261010090250,20261010090250,20261008161050,20261010090250,NT
2026-10-10T00:10:53.248155+00:00,NX000025,01,2,20261010090949,20261010084754,20261010090949,,NX
2026-10-10T00:10:53.248155+00:00,NX000025,10,2,20261010090204,20261010084050,20261010090204,,NX
2026-10-10T00:10:53.248155+00:00,PC000505,78,2,20261010090355,20261010011623,20261010082919,,PC
2026-10-10T00:10:53.248155+00:00,PC000531,02,2,20261010090702,20261009210840,20261010031541,,PC
2026-10-10T00:10:53.248155+00:00,PC000705,05,3,20261010090609,20261009170904,20261009235030,20261010090609,PC
2026-10-10T00:10:53.248155+00:00,PC001171,02,2,20261010090929,20261009220603,20261010090923,,PC
2026-10-10T00:10:53.248155+00:00,PC001488,06,2,20261010090316,20261009190001,20261010024548,,PC
2026-10-10T00:10:53.248155+00:00,PC001895,02,3,20261010090234,20261008131729,20261008145048,20261010090234,PC
2026-10-10T00:10:53.248155+00:00,PI000446,02,2,20261010090324,20261010074810,20261010085856,,PI
2026-10-10T00:10:53.248155+00:00,PI000453,03,2,20261010090139,20261010083109,20261010090021,,PI
2026-10-10T00:10:53.248155+00:00,PI014554,07,2,20261010090112,20261009230359,20261010030651,,PI
2026-10-10T00:10:53.248155+00:00,PI121407,03,2,20261010090610,20261009204452,20261009032033,,PI
2026-10-10T00:10:53.248155+00:00,PI121435,12,3,20261010090250,20261010085926,20261007170556,20261010090250,PI
2026-10-10T00:10:53.248155+00:00,PI122352,01,3,20261010090118,20261010085709,20261008175123,20261010090118,PI
2026-10-10T00:10:53.248155+00:00,PI200721,05,3,20261010090311,20261010090112,20261008233529,20261010090311,PI
2026-10-10T00:10:53.248155+00:00,PI200727,06,2,20261010090827,20261010064732,20261010084425,,PI
2026-10-10T00:10:53.248155+00:00,PI200728,04,3,20261010090609,20261010090513,20261010002335,20261010090609,PI
2026-10-10T00:10:53.248155+00:00,PI200783,02,3,20261010090123,20261010090116,20261010022412,20261010090123,PI
2026-10-10T00:10:53.248155+00:00,PI200806,18,3,20261010090204,20261010090035,20261009171941,20261010090204,PI
2026-10-10T00:10:53.248155+00:00,PI200855,15,2,20261010090634,20261010090126,20261009233258,,PI
2026-10-10T00:10:53.248155+00:00,PI200929,20,2,20261010090616,20261005215101,20260927054330,,PI
2026-10-10T00:10:53.248155+00:00,PI200942,01,2,20261010090613,20261010041540,20261010080200,,PI
2026-10-10T00:10:53.248155+00:00,PI200965,03,3,20261010090131,20261010085703,20261010000613,20261010090131,PI
2026-10-10T00:10:53.248155+00:00,PI200996,01,2,20261010090617,20261010034156,20261010080320,,PI
2026-10-10T00:10:53.248155+00:00,PI202644,06,3,20261010090148,20261010090036,20261007022804,20261010090148,PI
2026-10-10T00:10:53.248155+00:00,PI204034,11,2,20261010090805,20261009224138,20261010010910,,PI
2026-10-10T00:10:53.248155+00:00,PI204136,41,1,20261010090144,20261008115620,20261008125620,,PI
2026-10-10T00:10:53.248155+00:00,PI204209,01,3,20261010090632,20261010090329,20261010020107,20261010090632,PI
2026-10-10T00:10:53.248155+00:00,PI204234,03,3,20261010090638,20261010090421,20261010013456,20261010090638,PI
2026-10-10T00:10:53.248155+00:00,PI204245,02,2,20261010090155,20261009202911,20261010090024,,PI
2026-10-10T00:10:53.248155+00:00,PI204263,01,2,20261010090639,20261010080112,20261010090529,,PI
2026-10-10T00:10:53.248155+00:00,PI204275,03,3,20261010090640,20261010090518,20261009114317,20261010090640,PI
2026-10-10T00:10:53.248155+00:00,PI204306,05,3,20261010090200,20261010090138,20261009061112,20261010090200,PI
2026-10-10T00:10:53.248155+00:00,PI204334,01,3,20261010090643,20261010090426,20261009145815,20261010090643,PI
2026-10-10T00:10:53.248155+00:00,PI306183,02,3,20261010090119,20261010085916,20261009213125,20261010090119,PI
2026-10-10T00:10:53.248155+00:00,PI306224,19,3,20261010090125,20261010085747,20261007235504,20261010090125,PI
2026-10-10T00:10:53.248155+00:00,PI645011,01,3,20261010090249,20261010090025,20261009120651,20261010090249,PI
2026-10-10T00:10:53.248155+00:00,PI645201,01,3,20261010090721,20261010090308,20261007134839,20261010090721,PI
2026-10-10T00:10:53.248155+00:00,PI645456,02,2,20261010090740,20261010021620,20261010075629,,PI
2026-10-10T00:10:53.248155+00:00,PI700043,05,2,20261010091007,20261010052216,20261010090644,,PI
2026-10-10T00:10:53.248155+00:00,PI700636,01,3,20261010091007,20261010090521,20261009072536,20261010091007,PI
2026-10-10T00:10:53.248155+00:00,PI700973,01,3,20261010091008,20261010090717,20261010082355,20261010091008,PI
2026-10-10T00:10:53.248155+00:00,PI708002,07,3,20261010090511,20261010090144,20261009180811,20261010090511,PI
2026-10-10T00:10:53.248155+00:00,PI708010,03,2,20261010090511,20261010072114,20261010090436,,PI
2026-10-10T00:10:53.248155+00:00,PI708491,01,2,20261010090512,20261009194029,20261010085159,,PI
2026-10-10T00:10:53.248155+00:00,PI708866,06,2,20261010090512,20261010054115,20261010090240,,PI
2026-10-10T00:10:53.248155+00:00,PI709244,11,2,20261010090514,20261009202201,20261010075744,,PI
2026-10-10T00:10:53.248155+00:00,PI709508,05,3,20261010090515,20261010090422,20261009162101,20261010090515,PI
2026-10-10T00:10:53.248155+00:00,PI710316,20,3,20261010090101,20261010085613,20261007085931,20261010090101,PI
2026-10-10T00:10:53.248155+00:00,PI710321,03,2,20261010090525,20261009195637,20261010085523,,PI
2026-10-10T00:10:53.248155+00:00,PI711405,21,3,20261010090521,20261010090512,20261009190715,20261010090521,PI
2026-10-10T00:10:53.248155+00:00,PI712219,02,3,20261010090524,20261010090041,20261008160440,20261010090524,PI
2026-10-10T00:10:53.248155+00:00,PI712247,15,2,20261010090525,20261010002301,20261010042221,,PI
2026-10-10T00:10:53.248155+00:00,PI712247,30,2,20261010090525,20261009195455,20261009230755,,PI
2026-10-10T00:10:53.248155+00:00,PI712346,12,2,20261010090517,20261009181527,20261009204440,,PI
2026-10-10T00:10:53.248155+00:00,PI714521,09,3,20261010090600,20261010090359,20261009040519,20261010090600,PI
2026-10-10T00:10:53.248155+00:00,PI716788,18,2,20261010090542,20261008235735,20261009045708,,PI
2026-10-10T00:10:53.248155+00:00,PI716788,21,2,20261010090054,20261010081929,20261010085655,,PI
2026-10-10T00:10:53.248155+00:00,PI717737,01,3,20261010090541,20261010090441,20261010001343,20261010090541,PI
2026-10-10T00:10:53.248155+00:00,PI721016,06,2,20261010090757,20261009175451,20261009225539,,PI
2026-10-10T00:10:53.248155+00:00,PI721016,07,2,20261010090757,20261009204109,20261010020420,,PI
2026-10-10T00:10:53.248155+00:00,PI722948,03,2,20261010090801,20261009174652,20261010004716,,PI
2026-10-10T00:10:53.248155+00:00,PI723258,03,3,20261010090335,20261010090013,20261009191734,20261010090335,PI
2026-10-10T00:10:53.248155+00:00,PI724041,01,3,20261010090207,20261010090154,20261009182019,20261010090207,PI
2026-10-10T00:10:53.248155+00:00,PI747534,06,3,20261010090315,20261010090227,20261009223750,20261010090315,PI
2026-10-10T00:10:53.248155+00:00,PI752229,03,2,20261010090542,20261009232309,20261010051409,,PI
2026-10-10T00:10:53.248155+00:00,PI754116,07,2,20261010090724,20261009225810,20261010080413,,PI
2026-10-10T00:10:53.248155+00:00,PI760075,03,2,20261010090517,20261010080627,20261010090120,,PI
2026-10-10T00:10:53.248155+00:00,PI760102,04,3,20261010090517,20261010090107,20261006115729,20261010090517,PI
2026-10-10T00:10:53.248155+00:00,PI760126,08,3,20261010090518,20261010090338,20261009232307,20261010090518,PI
2026-10-10T00:10:53.248155+00:00,PI760326,28,2,20261010090517,20261009163107,20261009192255,,PI
2026-10-10T00:10:53.248155+00:00,PI762424,02,3,20261010090527,20261010090124,20261007211727,20261010090527,PI
2026-10-10T00:10:53.248155+00:00,PI763499,05,2,20261010090531,20261009154056,20261009201458,,PI
2026-10-10T00:10:53.248155+00:00,PI766988,02,2,20261010090059,20261010073154,20261010085601,,PI
2026-10-10T00:10:53.248155+00:00,PI767519,02,2,20261010090104,20261009180321,20261009232811,,PI
2026-10-10T00:10:53.248155+00:00,PI769581,16,2,20261010090555,20261009210829,20261010005011,,PI
2026-10-10T00:10:53.248155+00:00,PI770215,01,2,20261010090208,20261010081053,20261010090036,,PI
2026-10-10T00:10:53.248155+00:00,PI770284,07,3,20261010090205,20261010090011,20261008113617,20261010090205,PI
2026-10-10T00:10:53.248155+00:00,PI772283,05,3,20261010090250,20261010085957,20261010015104,20261010090250,PI
2026-10-10T00:10:53.248155+00:00,PI772854,03,2,20261010090727,20261008083144,20261008093544,,PI
2026-10-10T00:10:53.248155+00:00,PI773589,04,2,20261010090729,20261009215001,20261010043800,,PI
2026-10-10T00:10:53.248155+00:00,PI773589,06,2,20261010090257,20261009202542,20261010081947,,PI
2026-10-10T00:10:53.248155+00:00,PI774033,03,3,20261010090738,20261010090710,20261009194428,20261010090738,PI
2026-10-10T00:10:53.248155+00:00,PI775033,11,2,20261010090754,20261010082129,20261010090721,,PI
2026-10-10T00:10:53.248155+00:00,PI793799,01,3,20261010090313,20261010090036,20261009221020,20261010090313,PI
2026-10-10T00:10:53.248155+00:00,PI793855,19,2,20261010090748,20261009163218,20261009185548,,PI
2026-10-10T00:10:53.248155+00:00,PI794064,03,2,20261010090314,20261009183053,20261010020701,,PI
2026-10-10T00:10:53.248155+00:00,PI796107,08,2,20261010090325,20261009193726,20261009220019,,PI
2026-10-10T00:10:53.248155+00:00,PI796562,13,3,20261010090326,20261010090231,20261010041908,20261010090326,PI
2026-10-10T00:10:53.248155+00:00,PI796562,17,3,20261010090756,20261010090745,20261009145358,20261010090756,PI
2026-10-10T00:10:53.248155+00:00,PI800774,11,2,20261010090730,20261009172854,20261010072908,,PI
2026-10-10T00:10:53.248155+00:00,PI801810,23,3,20261010090734,20261010090328,20261010023748,20261010090734,PI
2026-10-10T00:10:53.248155+00:00,PI807977,01,2,20261010090330,20261009201828,20261009233556,,PI
2026-10-10T00:10:53.248155+00:00,PI808443,11,2,20261010090800,20261009195041,20261009221226,,PI
2026-10-10T00:10:53.248155+00:00,PI809914,01,3,20261010090334,20261010090324,20261010090227,20261010090334,PI
2026-10-10T00:10:53.248155+00:00,PIA00265,24,3,20261010090332,20261010090251,20261009140441,20261010090332,PI
2026-10-10T00:10:53.248155+00:00,PIA01344,03,2,20261010090335,20261010002957,20261010034106,,PI
2026-10-10T00:10:53.248155+00:00,PIH00172,59,2,20261010090712,20261009230726,20261010090259,,PI
2026-10-10T00:10:53.248155+00:00,PIH00178,18,3,20261010090237,20261010085820,20261010001404,20261010090237,PI
2026-10-10T00:10:53.248155+00:00,PIH00188,06,2,20261010090740,20261009215749,20261010051605,,PI
2026-10-10T00:10:53.248155+00:00,PIH00194,04,3,20261010090712,20261010090644,20261009200224,20261010090712,PI
2026-10-10T00:10:53.248155+00:00,PIH00202,01,2,20261010090710,20261010065805,20261010090543,,PI
2026-10-10T00:10:53.248155+00:00,PIH00287,04,2,20261010090713,20261010074837,20261010090241,,PI
2026-10-10T00:10:53.248155+00:00,PIH00317,03,2,20261010090710,20261009203615,20261010090258,,PI
2026-10-10T00:10:53.248155+00:00,PIH00344,20,2,20261010090712,20261009202410,20261010090404,,PI
2026-10-10T00:10:53.248155+00:00,PIH00549,02,3,20261010090222,20261010090140,20260902221743,20261010090222,PI
2026-10-10T00:10:53.248155+00:00,PIH00592,18,2,20261010090700,20261009194722,20261009213703,,PI
2026-10-10T00:10:53.248155+00:00,PIH00598,13,3,20261010090700,20261010090334,20261006025925,20261010090700,PI
2026-10-10T00:10:53.248155+00:00,PIH01059,11,2,20261010090714,20261010005407,20261010090413,,PI
2026-10-10T00:10:53.248155+00:00,PIH01125,01,3,20261010090700,20261010090633,20261009205254,20261010090700,PI
2026-10-10T00:10:53.248155+00:00,PIH01586,02,2,20261010090700,20261009190434,20261009213949,,PI
2026-10-10T00:10:53.248155+00:00,PIH01737,06,2,20261010090700,20261009193949,20261010012847,,PI
2026-10-10T00:10:53.248155+00:00,PIS00013,07,2,20261010090335,20261009171233,20261009194224,,PI
2026-10-10T00:10:53.248155+00:00,PIS00035,11,2,20261010090335,20261009214132,20261010033857,,PI
2026-10-10T00:10:53.248155+00:00,PIS00036,02,2,20261010090806,20261010004424,20261010090604,,PI
2026-10-10T00:10:53.248155+00:00,PIS00037,01,2,20261010090806,20261009224124,20261010034933,,PI
2026-10-10T00:10:53.248155+00:00,PIS00057,03,2,20261010090806,20261009202446,20261010020509,,PI
2026-10-10T00:10:53.248155+00:00,PIS00059,05,3,20261010090806,20261010090410,20261008113719,20261010090806,PI
2026-10-10T00:10:53.248155+00:00,PIS00082,04,3,20261010090807,20261010090802,20261008193918,20261010090807,PI
2026-10-10T00:10:53.248155+00:00,PIS00088,15,2,20261010090807,20261009204444,20261009212015,,PI
2026-10-10T00:10:53.248155+00:00,PIS00089,02,2,20261010090336,20261009152454,20261009225410,,PI
2026-10-10T00:10:53.248155+00:00,PIS00090,03,2,20261010090807,20261009195940,20261010004752,,PI
2026-10-10T00:10:53.248155+00:00,PK000005,03,2,20261010090148,20261010083921,20261010085644,,PK
2026-10-10T00:10:53.248155+00:00,PK000005,06,3,20261010090148,20261010073519,20261010080413,20261010085909,PK
2026-10-10T00:10:53.248155+00:00,PK000005,10,2,20261010090148,20261010082836,20261010090020,,PK
2026-10-10T00:10:53.248155+00:00,PK000006,15,3,20261010090148,20261010074626,20261010082949,20261010085559,PK
2026-10-10T00:10:53.248155+00:00,PK000006,16,2,20261010090147,20261010081626,20261010085130,,PK
2026-10-10T00:10:53.248155+00:00,PK000006,18,2,20261010090148,20261010083429,20261010085243,,PK
2026-10-10T00:10:53.248155+00:00,PK000006,20,3,20261010090147,20261010075136,20261010082604,20261010085258,PK
2026-10-10T00:10:53.248155+00:00,PK000007,15,2,20261010090150,20261010082937,20261010085831,,PK
2026-10-10T00:10:53.248155+00:00,PK000007,19,2,20261010090150,20261010084924,20261010085604,,PK
2026-10-10T00:10:53.248155+00:00,PK000007,23,2,20261010090150,20261010084552,20261010085931,,PK
2026-10-10T00:10:53.248155+00:00,PK000007,32,3,20261010090150,20261009234716,20261010000940,20261010085912,PK
2026-10-10T00:10:53.248155+00:00,PK000007,35,2,20261010090150,20261010083430,20261010085904,,PK
2026-10-10T00:10:53.248155+00:00,PK000008,02,2,20261010090150,20261010084813,20261010090123,,PK
2026-10-10T00:10:53.248155+00:00,PK000008,04,3,20261010090150,20261010063630,20261010064936,20261010085220,PK
2026-10-10T00:10:53.248155+00:00,PK000009,13,3,20261010090148,20261010081353,20261010083836,20261010085406,PK
2026-10-10T00:10:53.248155+00:00,PK000009,14,3,20261010090148,20261010081422,20261010083836,20261010085450,PK
2026-10-10T00:10:53.248155+00:00,PK000021,12,3,20261010090145,20261010073123,20261010074159,20261010085811,PK
2026-10-10T00:10:53.248155+00:00,PK000021,15,3,20261010090146,20261009231435,20261009232604,20261010085350,PK
2026-10-10T00:10:53.248155+00:00,PK000021,16,3,20261010090146,20261010051842,20261010054144,20261010085427,PK
2026-10-10T00:10:53.248155+00:00,PK000025,17,9,20261010090148,20261010085434,20261010085442,,PK
2026-10-10T00:10:53.248155+00:00,PK000025,18,3,20261010090148,20261010074950,20261010083343,20261010085528,PK
2026-10-10T00:10:53.248155+00:00,PK000025,19,3,20261010090148,20261010074056,20261010080250,20261010085218,PK
2026-10-10T00:10:53.248155+00:00,PK000025,21,2,20261010090148,20261010083551,20261010085503,,PK
2026-10-10T00:10:53.248155+00:00,PK000028,21,2,20261010090147,20261010083110,20261010085629,,PK
2026-10-10T00:10:53.248155+00:00,PK000028,22,2,20261010090147,20261010083149,20261010085033,,PK
2026-10-10T00:10:53.248155+00:00,PK000028,25,3,20261010090147,20261010082251,20261010084412,20261010085503,PK
2026-10-10T00:10:53.248155+00:00,PK000028,27,2,20261010090147,20261010083539,20261010085622,,PK
2026-10-10T00:10:53.248155+00:00,PK000028,28,2,20261010090147,20261010083620,20261010085621,,PK
2026-10-10T00:10:53.248155+00:00,PK000077,12,3,20261010090148,20261010074428,20261010081647,20261010085250,PK
2026-10-10T00:10:53.248155+00:00,PK000102,01,2,20261010090146,20261010080410,20261010085254,,PK
2026-10-10T00:10:53.248155+00:00,PK000148,03,9,20261010090145,20261010084135,20261010085730,,PK
2026-10-10T00:10:53.248155+00:00,PK000148,09,2,20261010090145,20261010083839,20261010085603,,PK
2026-10-10T00:10:53.248155+00:00,PK000148,10,2,20261010090145,20261010083912,20261010085604,,PK
2026-10-10T00:10:53.248155+00:00,PK000148,11,9,20261010090145,20261010081729,20261010085725,,PK
2026-10-10T00:10:53.248155+00:00,PK000148,15,3,20261010090145,20261010080821,20261010083956,20261010085200,PK
2026-10-10T00:10:53.248155+00:00,PK000148,16,9,20261010090145,20261010083233,20261010085421,,PK
2026-10-10T00:10:53.248155+00:00,PK000148,17,2,20261010090148,20261010083634,20261010085438,,PK
2026-10-10T00:10:53.248155+00:00,PK000148,18,2,20261010090148,20261010083707,20261010085438,,PK
2026-10-10T00:10:53.248155+00:00,PK000156,13,2,20261010090146,20261010083030,20261010085702,,PK
2026-10-10T00:10:53.248155+00:00,PK000161,03,3,20261010090148,20261010075559,20261010082055,20261010085821,PK
2026-10-10T00:10:53.248155+00:00,PK000161,04,3,20261010090148,20261010085859,20261010090123,20261010085859,PK
2026-10-10T00:10:53.248155+00:00,PK000161,07,2,20261010090148,20261010083553,20261010084915,,PK
2026-10-10T00:10:53.248155+00:00,PK000161,08,2,20261010090148,20261010083625,20261010084915,,PK
2026-10-10T00:10:53.248155+00:00,PK000185,03,3,20261010090149,20261010075814,20261010081837,20261010085905,PK
2026-10-10T00:10:53.248155+00:00,PK000186,03,2,20261010090149,20261010081826,20261010085938,,PK
2026-10-10T00:10:53.248155+00:00,PK000186,04,2,20261010090149,20261010081903,20261010085939,,PK
2026-10-10T00:10:53.248155+00:00,PK000253,02,3,20261010090148,20261010080838,20261010082249,20261010085931,PK
2026-10-10T00:10:53.248155+00:00,PK000288,01,2,20261010090147,20261010083110,20261010085629,,PK
2026-10-10T00:10:53.248155+00:00,PK000288,02,2,20261010090147,20261010083149,20261010085033,,PK
2026-10-10T00:10:53.248155+00:00,PK000288,05,3,20261010090147,20261010082251,20261010084412,20261010085503,PK
2026-10-10T00:10:53.248155+00:00,PK000288,07,2,20261010090147,20261010083539,20261010085622,,PK
2026-10-10T00:10:53.248155+00:00,PK000288,08,2,20261010090147,20261010083620,20261010085621,,PK
2026-10-10T00:10:53.248155+00:00,PK000289,01,3,20261010090146,20261010083709,20261010085027,20261010090023,PK
2026-10-10T00:10:53.248155+00:00,PK000291,02,2,20261010090145,20261010084401,20261010085440,,PK
2026-10-10T00:10:53.248155+00:00,PK000294,02,3,20261010090146,20261010074305,20261010074959,20261010085752,PK
2026-10-10T00:10:53.248155+00:00,PK000295,02,3,20261010090145,20261010075755,20261010081923,20261010085916,PK
2026-10-10T00:10:53.248155+00:00,PK000295,05,9,20261010090147,20261010084433,20261010085925,,PK
2026-10-10T00:10:53.248155+00:00,PK000296,02,3,20261010090145,20261010073123,20261010074159,20261010085811,PK
2026-10-10T00:10:53.248155+00:00,PK000296,05,3,20261010090146,20261009231435,20261009232604,20261010085350,PK
2026-10-10T00:10:53.248155+00:00,PK000296,06,3,20261010090146,20261010051842,20261010054144,20261010085427,PK
2026-10-10T00:10:53.248155+00:00,PK000297,03,9,20261010090148,20261010085434,20261010085442,,PK
2026-10-10T00:10:53.248155+00:00,PK000297,04,3,20261010090148,20261010074950,20261010083343,20261010085528,PK
2026-10-10T00:10:53.248155+00:00,PK000297,05,3,20261010090148,20261010074056,20261010080250,20261010085218,PK
2026-10-10T00:10:53.248155+00:00,PK000297,07,2,20261010090148,20261010083551,20261010085503,,PK
2026-10-10T00:10:53.248155+00:00,PK000322,10,2,20261010090147,20261010083613,20261010085211,,PK
2026-10-10T00:10:53.248155+00:00,PK000322,12,3,20261010090148,20261010074428,20261010081647,20261010085250,PK
2026-10-10T00:10:53.248155+00:00,PK000474,11,2,20261010090147,20261010084035,20261010085548,,PK
2026-10-10T00:10:53.248155+00:00,PK000474,25,3,20261010090147,20261010082021,20261010083455,20261010085648,PK
2026-10-10T00:10:53.248155+00:00,PL000006,10,2,20261010090804,20261009204116,20261010090804,,PL
2026-10-10T00:10:53.248155+00:00,PL000277,06,3,20261010090936,20261010090936,20261008201750,20261010090936,PL
2026-10-10T00:10:53.248155+00:00,PL000323,04,3,20261010090934,20261010090934,20261009125313,20261010090934,PL
2026-10-10T00:10:53.248155+00:00,PL000356,01,2,20261010090439,20261009223709,20261010090439,,PL
2026-10-10T00:10:53.248155+00:00,PL000526,03,2,20261010090919,20261010005958,20261010090919,,PL
2026-10-10T00:10:53.248155+00:00,PL000585,07,2,20261010090607,20261009164740,20261010090607,,PL
2026-10-10T00:10:53.248155+00:00,PL000618,01,2,20261010090437,20261009231932,20261010090437,,PL
2026-10-10T00:10:53.248155+00:00,PL000618,27,2,20261010090512,20261009174232,20261010090512,,PL
2026-10-10T00:10:53.248155+00:00,PL000650,02,2,20261010090743,20261009164943,20261010090743,,PL
2026-10-10T00:10:53.248155+00:00,PL000705,04,2,20261010090158,20261009184139,20261010090158,,PL
2026-10-10T00:10:53.248155+00:00,PL000809,45,2,20261010090300,20261009175422,20261010090300,,PL
2026-10-10T00:10:53.248155+00:00,PL000809,78,2,20261010090440,20261009212344,20261010090440,,PL
2026-10-10T00:10:53.248155+00:00,PL000972,32,2,20261010090606,20261009220939,20261010090606,,PL
2026-10-10T00:10:53.248155+00:00,PL000976,32,3,20261010090345,20261010090345,20261010064943,20261010090345,PL
2026-10-10T00:10:53.248155+00:00,PL001775,00,2,20261010090201,20261009192226,20261010090201,,PL
2026-10-10T00:10:53.248155+00:00,PL001775,03,2,20261010090747,20261009193812,20261010090747,,PL
2026-10-10T00:10:53.248155+00:00,PL001850,22,2,20261010090851,20261008211707,20261010090851,,PL
2026-10-10T00:10:53.248155+00:00,PL001945,08,3,20261010090222,20261010090222,20261006075440,20261010090222,PL
2026-10-10T00:10:53.248155+00:00,PL001951,20,2,20261010090555,20261009222518,20261010090555,,PL
2026-10-10T00:10:53.248155+00:00,PL002162,17,3,20261010090552,20261010090552,20261009101437,20261010090552,PL
2026-10-10T00:10:53.248155+00:00,PL002467,01,2,20261010090450,20261009201441,20261010090450,,PL
2026-10-10T00:10:53.248155+00:00,PL002467,12,3,20261010090433,20261010090433,20261005094804,20261010090433,PL
2026-10-10T00:10:53.248155+00:00,PL002872,01,2,20261010090221,20261009173129,20261010090221,,PL
2026-10-10T00:10:53.248155+00:00,PL002872,04,2,20261010090703,20261010000804,20261010090703,,PL
2026-10-10T00:10:53.248155+00:00,PL002872,12,2,20261010090653,20261009175307,20261010090653,,PL
2026-10-10T00:10:53.248155+00:00,PL003054,01,3,20261010090602,20261010090602,20261010054400,20261010090602,PL
2026-10-10T00:10:53.248155+00:00,PL003387,02,2,20261010090353,20261009214100,20261010090353,,PL
2026-10-10T00:10:53.248155+00:00,PL003509,09,3,20261010090642,20261010090642,20261010061525,20261010090642,PL
2026-10-10T00:10:53.248155+00:00,PL003526,12,2,20261010090242,20261009201149,20261010090242,,PL
2026-10-10T00:10:53.248155+00:00,PL003526,43,2,20261010090728,20261009210825,20261010090728,,PL
2026-10-10T00:10:53.248155+00:00,PL003923,03,3,20261010090054,20261010090054,20261007152304,20261010090054,PL
2026-10-10T00:10:53.248155+00:00,PL004295,27,2,20261010090729,20261008202142,20261010090729,,PL
2026-10-10T00:10:53.248155+00:00,PL005409,09,2,20261010090903,20261009170641,20261010090903,,PL
2026-10-10T00:10:53.248155+00:00,PL030369,00,2,20261010090959,20261009202007,20261010090959,,PL
2026-10-10T00:10:53.248155+00:00,PL030369,01,2,20261010091000,20261009191745,20261010091000,,PL
2026-10-10T00:10:53.248155+00:00,PL030406,06,2,20261010090702,20261009211000,20261010090702,,PL
2026-10-10T00:10:53.248155+00:00,PL030413,16,2,20261010090322,20261009151111,20261010090322,,PL
2026-10-10T00:10:53.248155+00:00,PL030485,04,2,20261010090340,20261009222358,20261010090340,,PL
2026-10-10T00:10:53.248155+00:00,PL030666,01,2,20261010090859,20261009215822,20261010090859,,PL
2026-10-10T00:10:53.248155+00:00,PL030696,14,2,20261010090054,20261010064314,20261010090054,,PL
2026-10-10T00:10:53.248155+00:00,PL030866,07,2,20261010090658,20261009154310,20261010090658,,PL
2026-10-10T00:10:53.248155+00:00,PL030925,03,3,20261010090625,20261010090625,20261010072814,20261010090625,PL
2026-10-10T00:10:53.248155+00:00,PL030940,66,2,20261010090917,20261009213302,20261010090917,,PL
2026-10-10T00:10:53.248155+00:00,PL031099,04,2,20261010090928,20261009201622,20261010090928,,PL
2026-10-10T00:10:53.248155+00:00,PL031361,01,2,20261010090105,20261009204811,20261010090105,,PL
2026-10-10T00:10:53.248155+00:00,PL031462,03,2,20261010090429,20261009210642,20261010090429,,PL
2026-10-10T00:10:53.248155+00:00,PL031462,05,2,20261010090126,20261010090117,20261010090126,,PL
2026-10-10T00:10:53.248155+00:00,PL031581,16,2,20261010090934,20261009180803,20261010090934,,PL
2026-10-10T00:10:53.248155+00:00,PL032007,00,2,20261010090531,20261009125500,20261010090531,,PL
2026-10-10T00:10:53.248155+00:00,PL032147,09,2,20261010090511,20261009144248,20261010090511,,PL
2026-10-10T00:10:53.248155+00:00,PL032262,08,2,20261010090755,20261010000801,20261010090755,,PL
2026-10-10T00:10:53.248155+00:00,PL032440,04,2,20261010090521,20261009190707,20261010090521,,PL
2026-10-10T00:10:53.248155+00:00,PL032476,02,2,20261010090605,20261009210819,20261010090605,,PL
2026-10-10T00:10:53.248155+00:00,PL032568,04,2,20261010090455,20261009190147,20261010090455,,PL
2026-10-10T00:10:53.248155+00:00,PL032609,00,2,20261010090936,20261009151744,20261010090936,,PL
2026-10-10T00:10:53.248155+00:00,PL032623,03,3,20261010090455,20261010090455,20261006082156,20261010090455,PL
2026-10-10T00:10:53.248155+00:00,PL032806,02,3,20261010090821,20261010090821,20261009141921,20261010090821,PL
2026-10-10T00:10:53.248155+00:00,PL032806,05,3,20261010090131,20261010090131,20261009170942,20261010090131,PL
2026-10-10T00:10:53.248155+00:00,PL032807,04,2,20261010090153,20261009210738,20261010090153,,PL
2026-10-10T00:10:53.248155+00:00,PL032807,06,2,20261010090111,20261010080914,20261010090111,,PL
2026-10-10T00:10:53.248155+00:00,PL032817,00,2,20261010090229,20261009202624,20261010090229,,PL
2026-10-10T00:10:53.248155+00:00,PL032820,06,2,20261010090230,20261009195357,20261010090230,,PL
2026-10-10T00:10:53.248155+00:00,PL032832,09,2,20261010090146,20261009194449,20261010090146,,PL
2026-10-10T00:10:53.248155+00:00,PL032929,01,2,20261010090238,20261010015850,20261010090238,,PL
2026-10-10T00:10:53.248155+00:00,PL033048,01,2,20261010090922,20261010082727,20261010090922,,PL
2026-10-10T00:10:53.248155+00:00,PL033048,10,2,20261010090222,20261009141619,20261010090222,,PL
2026-10-10T00:10:53.248155+00:00,PL033097,02,3,20261010090625,20261010090625,20261009135744,20261010090625,PL
2026-10-10T00:10:53.248155+00:00,PL033123,03,2,20261010090100,20261009202531,20261010090100,,PL
2026-10-10T00:10:53.248155+00:00,PL033152,02,2,20261010090107,20261009221632,20261010090107,,PL
2026-10-10T00:10:53.248155+00:00,PL033152,14,2,20261010090134,20261009224853,20261010090134,,PL
2026-10-10T00:10:53.248155+00:00,PL033186,05,2,20261010090234,20261009205824,20261010090234,,PL
2026-10-10T00:10:53.248155+00:00,PL033306,17,3,20261010090421,20261010090421,20260920055108,20261010090421,PL
2026-10-10T00:10:53.248155+00:00,PL033498,09,3,20261010090851,20261010090851,20261010003320,20261010090851,PL
2026-10-10T00:10:53.248155+00:00,PL033747,10,3,20261010090538,20261010090538,20261010083522,20261010090538,PL
2026-10-10T00:10:53.248155+00:00,PL033768,02,2,20261010090954,20261010003123,20261010090954,,PL
2026-10-10T00:10:53.248155+00:00,PL832708,13,3,20261010090934,20261010090934,20261009202727,20261010090934,PL
2026-10-10T00:10:53.248155+00:00,PL832708,14,2,20261010090243,20261010085618,20261010090243,,PL
2026-10-10T00:10:53.248155+00:00,PL832708,22,3,20261010090948,20261010090948,20261010075018,20261010090948,PL
2026-10-10T00:10:53.248155+00:00,PL832708,59,2,20261010090845,20261009211915,20261010090845,,PL
2026-10-10T00:10:53.248155+00:00,PL832708,76,2,20261010090301,20261009200427,20261010090301,,PL
2026-10-10T00:10:53.248155+00:00,PL932708,16,2,20261010090407,20261009130718,20261010090407,,PL
2026-10-10T00:10:53.248155+00:00,PMP00502,05,2,20261010090757,20261010084758,20261010090757,,PM
2026-10-10T00:10:53.248155+00:00,PMP00502,06,2,20261010090757,20261010084758,20261010090757,,PM
2026-10-10T00:10:53.248155+00:00,PMP00502,09,2,20261010090757,20261010082757,20261010090757,,PM
2026-10-10T00:10:53.248155+00:00,PMP00503,05,2,20261010090757,20261010084757,20261010090757,,PM
2026-10-10T00:10:53.248155+00:00,PMP00503,06,2,20261010090757,20261010084757,20261010090757,,PM
2026-10-10T00:10:53.248155+00:00,PMP00503,20,3,20261010090757,20261010090757,20261010084757,20261010090757,PM
2026-10-10T00:10:53.248155+00:00,PMP00503,25,3,20261010090757,20261010090757,20261009200757,20261010090757,PM
2026-10-10T00:10:53.248155+00:00,PMP00503,31,3,20261010090757,20261010090757,20261010050757,20261010090757,PM
2026-10-10T00:10:53.248155+00:00,PMP00503,34,3,20261010090757,20261010090757,20261010060757,20261010090757,PM
2026-10-10T00:10:53.248155+00:00,PMP00504,05,3,20261010090757,20261010090757,20261010072757,20261010090757,PM
2026-10-10T00:10:53.248155+00:00,PMP00504,06,3,20261010090757,20261010090757,20261010072757,20261010090757,PM
2026-10-10T00:10:53.248155+00:00,PMP00504,13,3,20261010090757,20261010090757,20261010082757,20261010090757,PM
2026-10-10T00:10:53.248155+00:00,PMP00504,14,3,20261010090757,20261010090757,20261010084757,20261010090757,PM
2026-10-10T00:10:53.248155+00:00,PMP00504,19,2,20261010090757,20261010084757,20261010090757,,PM
2026-10-10T00:10:53.248155+00:00,PMP00505,01,2,20261010090758,20261010084758,20261010090758,,PM
2026-10-10T00:10:53.248155+00:00,PMP00505,02,2,20261010090758,20261010084758,20261010090758,,PM
2026-10-10T00:10:53.248155+00:00,PMP00505,27,3,20261010090758,20261010090758,20261010070758,20261010090758,PM
2026-10-10T00:10:53.248155+00:00,PMP00505,28,3,20261010090758,20261010090758,20261010070758,20261010090758,PM
2026-10-10T00:10:53.248155+00:00,PMP00506,01,2,20261010090757,20261010080757,20261010090757,,PM
2026-10-10T00:10:53.248155+00:00,PMP00509,04,3,20261010090757,20261010090757,20261010084757,20261010090757,PM
2026-10-10T00:10:53.248155+00:00,PMP00509,08,3,20261010090757,20261010090757,20261010074757,20261010090757,PM
2026-10-10T00:10:53.248155+00:00,PMP00513,03,2,20261010090758,20261010084758,20261010090758,,PM
2026-10-10T00:10:53.248155+00:00,PMP00513,04,2,20261010090758,20261010084758,20261010090758,,PM
2026-10-10T00:10:53.248155+00:00,PMP00513,07,2,20261010090758,20261010084758,20261010090758,,PM
2026-10-10T00:10:53.248155+00:00,PMP00513,08,2,20261010090758,20261010084758,20261010090758,,PM
2026-10-10T00:10:53.248155+00:00,PMP00513,09,2,20261010090758,20261010084758,20261010090758,,PM
2026-10-10T00:10:53.248155+00:00,PMP00513,10,2,20261010090758,20261010084758,20261010090758,,PM
2026-10-10T00:10:53.248155+00:00,PMP00514,01,3,20261010090757,20261010090757,20261010084757,20261010090757,PM
2026-10-10T00:10:53.248155+00:00,PMP00514,03,2,20261010090757,20261010074757,20261010090757,,PM
2026-10-10T00:10:53.248155+00:00,PMP00516,01,2,20261010090757,20261010084757,20261010090757,,PM
2026-10-10T00:10:53.248155+00:00,PMP00516,03,2,20261010090757,20261010082757,20261010090757,,PM
2026-10-10T00:10:53.248155+00:00,PMP00517,01,3,20261010090757,20261010090757,20261010084758,20261010090757,PM
2026-10-10T00:10:53.248155+00:00,PMP00519,01,1,20261010090819,20261010010757,20261010010819,,PM
2026-10-10T00:10:53.248155+00:00,PMP00519,02,1,20261010090819,20261010090757,20261010090819,,PM
2026-10-10T00:10:53.248155+00:00,PMP00519,03,1,20261010090819,20261010082757,20261010082819,,PM
2026-10-10T00:10:53.248155+00:00,PMP00519,04,1,20261010090819,20261010002757,20261010002819,,PM
2026-10-10T00:10:53.248155+00:00,PMP00519,05,1,20261010090819,20261010000757,20261010000819,,PM
2026-10-10T00:10:53.248155+00:00,PMP00519,06,1,20261010090819,20261010074757,20261010074819,,PM
2026-10-10T00:10:53.248155+00:00,PMP00519,07,1,20261010090819,20261009232757,20261009232819,,PM
2026-10-10T00:10:53.248155+00:00,PMP00519,08,1,20261010090819,20261010074757,20261010074819,,PM
2026-10-10T00:10:53.248155+00:00,PMP00519,09,1,20261010090819,20261009230757,20261009230819,,PM
2026-10-10T00:10:53.248155+00:00,PMP00519,10,1,20261010090819,20261009224757,20261009224819,,PM
2026-10-10T00:10:53.248155+00:00,PMP00519,11,1,20261010090819,20261010072757,20261010072819,,PM
2026-10-10T00:10:53.248155+00:00,PMP00519,12,1,20261010090819,20261010084757,20261010084819,,PM
2026-10-10T00:10:53.248155+00:00,PMP00519,13,1,20261010090819,20261010080757,20261010080819,,PM
2026-10-10T00:10:53.248155+00:00,PMP00519,14,1,20261010090819,20261010072757,20261010072819,,PM
2026-10-10T00:10:53.248155+00:00,PMP00519,15,1,20261010090819,20261010090757,20261010090819,,PM
2026-10-10T00:10:53.248155+00:00,PMP00519,16,1,20261010090819,20261010074757,20261010074819,,PM
2026-10-10T00:10:53.248155+00:00,PMP00525,01,2,20261010090757,20261010084757,20261010090757,,PM
2026-10-10T00:10:53.248155+00:00,PMP00525,02,3,20261010090757,20261010090757,20261010082757,20261010090757,PM
2026-10-10T00:10:53.248155+00:00,PMP00525,04,3,20261010090757,20261010090757,20261010082757,20261010090757,PM
2026-10-10T00:10:53.248155+00:00,PMP00525,05,2,20261010090757,20261010082757,20261010090757,,PM
2026-10-10T00:10:53.248155+00:00,PMP00525,06,2,20261010090757,20261010082757,20261010090757,,PM
2026-10-10T00:10:53.248155+00:00,PW000688,01,5,20261010090809,20261009221601,20261010043045,,PW
2026-10-10T00:10:53.248155+00:00,PW011044,08,3,20261010090414,20261010090414,20261010043813,20261010090207,PW
2026-10-10T00:10:53.248155+00:00,PW011044,10,3,20261010090810,20261010090810,20261010000733,20261010090617,PW
2026-10-10T00:10:53.248155+00:00,PW012811,02,2,20261010090909,20261009222102,20261010051544,,PW
2026-10-10T00:10:53.248155+00:00,PW013039,15,2,20261010090520,20261009183256,20261009194813,,PW
2026-10-10T00:10:53.248155+00:00,PW013083,01,2,20261010090117,20261009212412,20261010085659,,PW
2026-10-10T00:10:53.248155+00:00,PW013103,03,3,20261010090917,20261010090917,20261010013637,20261010090543,PW
2026-10-10T00:10:53.248155+00:00,PW013139,37,2,20261010090128,20261009223738,20261010021538,,PW
2026-10-10T00:10:53.248155+00:00,PW013139,39,2,20261010090128,20261009220142,20261010090036,,PW
2026-10-10T00:10:53.248155+00:00,PW013190,06,3,20261010090919,20261010090919,20261009133923,20261010090706,PW
2026-10-10T00:10:53.248155+00:00,PW013231,48,2,20261010090927,20261009220606,20261010050641,,PW
2026-10-10T00:10:53.248155+00:00,PW013335,01,2,20261010090928,20261009225436,20261010050039,,PW
2026-10-10T00:10:53.248155+00:00,PW013335,09,2,20261010090132,20261009170324,20261009203517,,PW
2026-10-10T00:10:53.248155+00:00,PW013390,03,3,20261010090545,20261010090545,20261009201657,20261010090404,PW
2026-10-10T00:10:53.248155+00:00,PW013447,17,2,20261010090936,20261009191050,20261010012622,,PW
2026-10-10T00:10:53.248155+00:00,PW013448,08,2,20261010090936,20261009233725,20261010090720,,PW
2026-10-10T00:10:53.248155+00:00,PW013810,02,2,20261010090153,20261009192034,20261009215101,,PW
2026-10-10T00:10:53.248155+00:00,PW013810,05,3,20261010090557,20261010090557,20261010012923,20261010090259,PW
2026-10-10T00:10:53.248155+00:00,PW014027,03,2,20261010090607,20261009171957,20261010013629,,PW
2026-10-10T00:10:53.248155+00:00,PW014121,01,2,20261010090959,20261009182952,20261009230054,,PW
2026-10-10T00:10:53.248155+00:00,PW014149,07,3,20261010091006,20261010091006,20261009154412,20261010090551,PW
2026-10-10T00:10:53.248155+00:00,PW014156,13,3,20261010091006,20261010091006,20261009062917,20261010090609,PW
2026-10-10T00:10:53.248155+00:00,PW014193,10,2,20261010091007,20261009232416,20261010033112,,PW
2026-10-10T00:10:53.248155+00:00,PW101190,01,3,20261010090808,20261010090808,20261006153250,20261010090656,PW
2026-10-10T00:10:53.248155+00:00,PW800117,02,2,20261010090708,20261009173717,20261010011804,,PW
2026-10-10T00:10:53.248155+00:00,PW800803,05,2,20261010090911,20261009085952,20261009121752,,PW
2026-10-10T00:10:53.248155+00:00,PW800803,06,3,20261010090511,20261010090511,20261009220346,20261010090219,PW
2026-10-10T00:10:53.248155+00:00,PW801420,03,2,20261010090239,20261009214109,20261010085910,,PW
2026-10-10T00:10:53.248155+00:00,PW801420,10,2,20261010090634,20261009202243,20261010090537,,PW
2026-10-10T00:10:53.248155+00:00,PW801481,03,2,20261010090248,20261009231710,20261010061450,,PW
2026-10-10T00:10:53.248155+00:00,PW801481,13,2,20261010090248,20261009151454,20261009161702,,PW
2026-10-10T00:10:53.248155+00:00,PW801494,01,2,20261010090642,20261009191253,20261010090540,,PW
2026-10-10T00:10:53.248155+00:00,PWE00564,23,2,20261010091008,20261010090107,20261010091008,,PW
2026-10-10T00:10:53.248155+00:00,PWE01697,08,2,20261010090510,20261010082017,20261010090510,,PW
2026-10-10T00:10:53.248155+00:00,PWE03002,53,3,20261010090212,20261010090212,20261010085310,20261010090212,PW
2026-10-10T00:10:53.248155+00:00,PWE04021,17,3,20261010090232,20261010090232,20261007123825,20261010090232,PW
2026-10-10T00:10:53.248155+00:00,RE000317,16,2,20261010091004,20261009121503,20261009173204,,RE
2026-10-10T00:10:53.248155+00:00,SE000017,10,3,20261010090543,20261010090453,20261010060956,20261010090453,SE
2026-10-10T00:10:53.248155+00:00,SE000078,01,9,20261010090310,20261009230510,20261009235720,,SE
2026-10-10T00:10:53.248155+00:00,SE000119,01,3,20261010090643,20261010090531,20261009091243,20261010090531,SE
2026-10-10T00:10:53.248155+00:00,SE000172,06,3,20261010090343,20261010090250,20261009220647,20261010090250,SE
2026-10-10T00:10:53.248155+00:00,SE000189,04,2,20261010090443,20261010084131,20261010090436,,SE
2026-10-10T00:10:53.248155+00:00,SE000191,01,3,20261010090643,20261010090441,20261010070334,20261010090441,SE
2026-10-10T00:10:53.248155+00:00,SE000204,02,3,20261010090643,20261010090633,20261009162230,20261010090633,SE
2026-10-10T00:10:53.248155+00:00,SE000204,03,3,20261010090543,20261010090447,20261009153340,20261010090447,SE
2026-10-10T00:10:53.248155+00:00,SE000204,08,3,20261010090143,20261010090101,20261009201139,20261010090101,SE
2026-10-10T00:10:53.248155+00:00,SF000617,11,2,20261010090123,20261009184005,20261010085325,,SF
2026-10-10T00:10:53.248155+00:00,SF000915,20,2,20261010090127,20261009180434,20261010085303,,SF
2026-10-10T00:10:53.248155+00:00,SF000915,31,2,20261010090130,20261009221549,20261010085310,,SF
2026-10-10T00:10:53.248155+00:00,SF001185,85,2,20261010090151,20261009170357,20261010083452,,SF
2026-10-10T00:10:53.248155+00:00,SF001196,33,2,20261010091007,20261009145603,20261010090232,,SF
2026-10-10T00:10:53.248155+00:00,SF001214,32,2,20261010090159,20261009172241,20261010085354,,SF
2026-10-10T00:10:53.248155+00:00,SF001303,00,2,20261010090139,20261009222649,20261010083238,,SF
2026-10-10T00:10:53.248155+00:00,SF001372,39,2,20261010091008,20261009190415,20261010090224,,SF
2026-10-10T00:10:53.248155+00:00,SF001435,17,2,20261010090958,20261009205718,20261010090239,,SF
2026-10-10T00:10:53.248155+00:00,SF002630,02,2,20261010090958,20261010081827,20261010090519,,SF
2026-10-10T00:10:53.248155+00:00,SF002713,08,3,20261010090943,20261010090943,20261010083313,20261010084204,SF
2026-10-10T00:10:53.248155+00:00,SF002830,13,3,20261010090125,20261010090125,20261008210326,20261010085625,SF
2026-10-10T00:10:53.248155+00:00,SF002903,56,3,20261010090136,20261010090136,20261008201231,20261010085637,SF
2026-10-10T00:10:53.248155+00:00,SF002992,33,2,20261010090130,20261009215218,20261010083239,,SF
2026-10-10T00:10:53.248155+00:00,SF002993,38,2,20261010090130,20261010002733,20261010085635,,SF
2026-10-10T00:10:53.248155+00:00,SF003079,01,2,20261010090151,20261009204618,20261010085430,,SF
2026-10-10T00:10:53.248155+00:00,SF003080,61,3,20261010090158,20261010090158,20261010070945,20261010083413,SF
2026-10-10T00:10:53.248155+00:00,SF003319,12,3,20261010090201,20261010090201,20261008160036,20261010084017,SF
2026-10-10T00:10:53.248155+00:00,SF003603,07,3,20261010090201,20261010090201,20261010012943,20261010083240,SF
2026-10-10T00:10:53.248155+00:00,SN000029,05,3,20261010090643,20261010090554,20261010050105,20261010090554,SN
2026-10-10T00:10:53.248155+00:00,ST111427,04,3,20261010090551,20261010090551,20261010081745,20261010075610,ST
2026-10-10T00:10:53.248155+00:00,ST112004,11,3,20261010090329,20261008095300,20261008140435,20261010090329,ST
2026-10-10T00:10:53.248155+00:00,ST112106,04,2,20261010090539,20261010072258,20261010075926,,ST
2026-10-10T00:10:53.248155+00:00,ST113807,02,3,20261010090142,20261010090142,20261010081342,20261010085840,ST
2026-10-10T00:10:53.248155+00:00,ST113808,01,2,20261010090940,20261010085143,20261010090940,,ST
2026-10-10T00:10:53.248155+00:00,ST115017,02,2,20261010090551,20261010084545,20261010090551,,ST
2026-10-10T00:10:53.248155+00:00,ST115308,02,3,20261010090738,20261008181107,20261008184246,20261010090738,ST
2026-10-10T00:10:53.248155+00:00,ST116203,01,3,20261010090547,20261005160535,20261005173731,20261010090547,ST
2026-10-10T00:10:53.248155+00:00,ST116505,05,2,20261010090535,20261010082930,20261010090535,,ST
2026-10-10T00:10:53.248155+00:00,ST116517,08,3,20261010090741,20261009061743,20261009193459,20261010090741,ST
2026-10-10T00:10:53.248155+00:00,ST116524,02,2,20261010090944,20261010085147,20261010090944,,ST
2026-10-10T00:10:53.248155+00:00,ST116526,03,3,20261010090146,20261010090146,20261010041426,20261010085854,ST
2026-10-10T00:10:53.248155+00:00,ST116529,04,3,20261010090143,20261010090143,20261009235242,20261010085928,ST
2026-10-10T00:10:53.248155+00:00,ST116803,01,3,20261010090933,20261009032658,20261009222757,20261010090933,ST
2026-10-10T00:10:53.248155+00:00,ST116815,01,3,20261010090351,20261010090351,20261009085501,20261010085925,ST
2026-10-10T00:10:53.248155+00:00,ST117118,12,3,20261010090612,20261008190113,20261009005309,20261010090612,ST
2026-10-10T00:10:53.248155+00:00,ST600020,01,3,20261010090954,20261010090954,20261010065354,20261010064424,ST
2026-10-10T00:10:53.248155+00:00,ST600078,01,2,20261010090951,20261010024103,20261010090951,,ST
2026-10-10T00:10:53.248155+00:00,ST600101,01,2,20261010090203,20261010031606,20261010085851,,ST
2026-10-10T00:10:53.248155+00:00,ST600135,04,2,20261010090958,20261009190858,20261010090958,,ST
2026-10-10T00:10:53.248155+00:00,ST600270,04,2,20261010090159,20261008002214,20261010090159,,ST
2026-10-10T00:10:53.248155+00:00,ST600321,02,3,20261010090954,20261008213825,20261010081057,20261010090954,ST
2026-10-10T00:10:53.248155+00:00,ST600513,01,3,20261010090204,20261008090015,20261008210220,20261010090204,ST
2026-10-10T00:10:53.248155+00:00,ST601046,01,3,20261010090604,20261010072253,20261010080234,20261010090604,ST
2026-10-10T00:10:53.248155+00:00,ST601292,01,2,20261010090607,20261010084408,20261010090607,,ST
2026-10-10T00:10:53.248155+00:00,SZBA0008,03,2,20261010090834,20261010084646,20261010090834,,SZ
2026-10-10T00:10:53.248155+00:00,SZBA0008,07,3,20261010090241,20261010090241,20261010083336,20261010090241,SZ
2026-10-10T00:10:53.248155+00:00,SZBA0008,08,3,20261010090309,20261010090309,20261010083337,20261010090309,SZ
2026-10-10T00:10:53.248155+00:00,SZBA0008,15,3,20261010090520,20261010090520,20261010084553,20261010090520,SZ
2026-10-10T00:10:53.248155+00:00,SZBA0008,16,3,20261010090450,20261010090450,20261010084550,20261010090450,SZ
2026-10-10T00:10:53.248155+00:00,SZBA0025,01,3,20261010090907,20261010090907,20261010085437,20261010090907,SZ
2026-10-10T00:10:53.248155+00:00,SZBA0025,02,3,20261010090827,20261010090827,20261010085438,20261010090827,SZ
2026-10-10T00:10:53.248155+00:00,SZBA0029,01,2,20261010090619,20261010084731,20261010090619,,SZ
2026-10-10T00:10:53.248155+00:00,SZBA0029,02,2,20261010090620,20261010084805,20261010090620,,SZ
2026-10-10T00:10:53.248155+00:00,UN000060,05,2,20261010090621,20261009161305,20261010090605,,UN
