fetched_at,statId,chgerId,stat,statUpdDt,lastTsdt,lastTedt,nowTsdt,busiId
2026-10-07T00:01:00.807229+00:00,ME174013,01,2,20261007085744,20261005115649,20261005123751,,ME
2026-10-07T00:01:00.807229+00:00,ME174027,01,2,20261007085748,20261005123348,20261005131709,,ME
2026-10-07T00:01:00.807229+00:00,ME174039,01,2,20261007085752,20261004005209,20261004012940,,ME
2026-10-07T00:01:00.807229+00:00,ME178009,01,2,20261007085757,20261007082401,20261007084716,,ME
2026-10-07T00:01:00.807229+00:00,ME178009,02,3,20261007085819,20261007075508,20261007082558,20261007082807,ME
2026-10-07T00:01:00.807229+00:00,ME181102,01,2,20261007085806,20261005170023,20261005170648,,ME
2026-10-07T00:01:00.807229+00:00,ME181150,12,2,20261007085810,20261005161041,20261005161457,,ME
2026-10-07T00:01:00.807229+00:00,ME181150,13,2,20261007085813,20261005164229,20261005172550,,ME
2026-10-07T00:01:00.807229+00:00,ME183001,01,2,20261007085816,20261006162855,20261006171505,,ME
2026-10-07T00:01:00.807229+00:00,ME183002,01,2,20261007085824,20261005173438,20261005181744,,ME
2026-10-07T00:01:00.807229+00:00,ME183003,01,2,20261007085828,20261002232940,20261002235428,,ME
2026-10-07T00:01:00.807229+00:00,ME183004,01,2,20261007085839,20261006164355,20261006171604,,ME
2026-10-07T00:01:00.807229+00:00,ME183006,01,3,20261007085836,20261006233834,20261006234823,20261007083707,ME
2026-10-07T00:01:00.807229+00:00,ME183008,01,2,20261007085842,20261006125220,20261006131802,,ME
2026-10-07T00:01:00.807229+00:00,ME183009,01,2,20261007085845,20261002173338,20261002181645,,ME
2026-10-07T00:01:00.807229+00:00,ME183103,01,2,20261007085850,20261007080302,20261007084607,,ME
2026-10-07T00:01:00.807229+00:00,ME183103,02,2,20261007085857,20261006115553,20261006124121,,ME
2026-10-07T00:01:00.807229+00:00,ME183103,52,2,20261007085856,20261007060403,20261007064707,,ME
2026-10-07T00:01:00.807229+00:00,ME183219,01,2,20261007085905,20261006215618,20261006223922,,ME
2026-10-07T00:01:00.807229+00:00,ME183219,02,3,20261007085908,20261006122504,20261006124347,20261007084937,ME
2026-10-07T00:01:00.807229+00:00,ME183219,52,2,20261007085910,20261007071647,20261007075951,,ME
2026-10-07T00:01:00.807229+00:00,ME184075,01,2,20261007085414,20261002111139,20261002125929,,ME
2026-10-07T00:01:00.807229+00:00,ME184076,01,2,20261007085416,20261007071239,20261007074314,,ME
2026-10-07T00:01:00.807229+00:00,ME18B159,01,2,20261007085420,20261007071047,20261007075352,,ME
2026-10-07T00:01:00.807229+00:00,ME18B163,01,2,20261007085428,20261007064221,20261007072308,,ME
2026-10-07T00:01:00.807229+00:00,ME18B164,01,2,20261007085434,20261006171721,20261006180027,,ME
2026-10-07T00:01:00.807229+00:00,ME18B166,01,3,20261007085644,20261007065241,20261007071106,20261007085641,ME
2026-10-07T00:01:00.807229+00:00,ME18B168,01,2,20261007085449,20261006115854,20261006123856,,ME
2026-10-07T00:01:00.807229+00:00,ME18B169,01,3,20261007085902,20261006201714,20261006204306,20261007085358,ME
2026-10-07T00:01:00.807229+00:00,ME18B170,01,2,20261007085458,20261006205235,20261006212611,,ME
2026-10-07T00:01:00.807229+00:00,ME18B175,01,2,20261007085502,20261004122529,20261004131139,,ME
2026-10-07T00:01:00.807229+00:00,ME18B176,01,2,20261007085506,20261006125526,20261006133606,,ME
2026-10-07T00:01:00.807229+00:00,ME18B179,01,2,20261007085509,20261006201153,20261006205329,,ME
2026-10-07T00:01:00.807229+00:00,ME18B180,01,2,20261007085511,20261007081451,20261007082925,,ME
2026-10-07T00:01:00.807229+00:00,ME18B181,01,2,20261007085516,20261007063943,20261007070439,,ME
2026-10-07T00:01:00.807229+00:00,ME18B183,01,2,20261007085520,20261006222208,20261006225558,,ME
2026-10-07T00:01:00.807229+00:00,ME18B278,11,2,20261007085524,20261007065647,20261007071847,,ME
2026-10-07T00:01:00.807229+00:00,ME18B278,12,2,20261007085527,20261007072530,20261007074055,,ME
2026-10-07T00:01:00.807229+00:00,ME18B279,11,3,20261007085647,20261007073259,20261007080150,20261007085416,ME
2026-10-07T00:01:00.807229+00:00,ME18B279,12,2,20261007085649,20261007052038,20261007054910,,ME
2026-10-07T00:01:00.807229+00:00,ME18B284,11,2,20261007085536,20261007040501,20261007041501,,ME
2026-10-07T00:01:00.807229+00:00,ME18B284,12,3,20261007085726,20261007012918,20261007014136,20261007085225,ME
2026-10-07T00:01:00.807229+00:00,ME18B288,11,2,20261007085516,20261005230008,20261005233919,,ME
2026-10-07T00:01:00.807229+00:00,ME18B288,12,2,20261007085517,20261005161240,20261005165546,,ME
2026-10-07T00:01:00.807229+00:00,ME19A152,01,2,20261007085607,20261007074900,20261007075911,,ME
2026-10-07T00:01:00.807229+00:00,ME19A153,01,2,20261007085554,20261006201022,20261006202512,,ME
2026-10-07T00:01:00.807229+00:00,ME19A160,01,2,20261007085558,20261005150014,20261005154020,,ME
2026-10-07T00:01:00.807229+00:00,ME19A164,01,2,20261007085604,20261006232210,20261006235700,,ME
2026-10-07T00:01:00.807229+00:00,ME19A170,01,2,20261007085551,20261006120127,20261006124127,,ME
2026-10-07T00:01:00.807229+00:00,ME19A265,21,2,20261007085634,20261007082123,20261007084830,,ME
2026-10-07T00:01:00.807229+00:00,ME19A265,22,2,20261007085635,20261007071533,20261007073045,,ME
2026-10-07T00:01:00.807229+00:00,ME19D118,01,2,20261007085715,20261006102854,20261006104314,,ME
2026-10-07T00:01:00.807229+00:00,ME19X403,41,2,20261007085731,20261006230819,20261006232130,,ME
2026-10-07T00:01:00.807229+00:00,ME19X403,42,2,20261007085711,20261006173744,20261006175233,,ME
2026-10-07T00:01:00.807229+00:00,ME19X403,43,2,20261007085734,20261007060828,20261007064828,,ME
2026-10-07T00:01:00.807229+00:00,ME19X403,44,2,20261007085437,20261006155624,20261006163624,,ME
2026-10-07T00:01:00.807229+00:00,ME19X403,45,2,20261007085753,20261006124940,20261006125132,,ME
2026-10-07T00:01:00.807229+00:00,ME19X417,41,2,20261007085741,20260928160118,20260928162510,,ME
2026-10-07T00:01:00.807229+00:00,ME19X417,42,3,20261007085647,20261007083801,20261007084523,20261007084714,ME
2026-10-07T00:01:00.807229+00:00,ME19X417,43,2,20261007085734,20261006231712,20261006233606,,ME
2026-10-07T00:01:00.807229+00:00,ME19X417,44,3,20261007085650,20261007075501,20261007083501,20261007084148,ME
2026-10-07T00:01:00.807229+00:00,ME19X417,45,2,20261007085727,20261007075322,20261007083322,,ME
2026-10-07T00:01:00.807229+00:00,ME19Y284,21,2,20261007085743,20261007071101,20261007075101,,ME
2026-10-07T00:01:00.807229+00:00,ME19Y284,22,2,20261007085743,20261007062728,20261007070728,,ME
2026-10-07T00:01:00.807229+00:00,ME19Y601,21,2,20261007085823,20261007073506,20261007075340,,ME
2026-10-07T00:01:00.807229+00:00,ME19Y601,22,2,20261007085823,20261007043132,20261007051132,,ME
2026-10-07T00:01:00.807229+00:00,ME19Y601,23,2,20261007085756,20261007081350,20261007082504,,ME
2026-10-07T00:01:00.807229+00:00,ME19Y601,24,5,20261007085756,20261007000319,20261007002416,,ME
2026-10-07T00:01:00.807229+00:00,ME19Y601,25,2,20261007085741,20261007050005,20261007054005,,ME
2026-10-07T00:01:00.807229+00:00,ME19Y601,26,2,20261007085741,20261007040434,20261007044434,,ME
2026-10-07T00:01:00.807229+00:00,ME20A193,01,2,20261007085730,20261006145816,20261006153816,,ME
2026-10-07T00:01:00.807229+00:00,ME20A194,01,2,20261007085720,20261006190057,20261006194057,,ME
2026-10-07T00:01:00.807229+00:00,ME20A195,01,3,20261007085735,20261006200120,20261006203414,20261007082722,ME
2026-10-07T00:01:00.807229+00:00,ME20A196,01,2,20261007085731,20261007053241,20261007061241,,ME
2026-10-07T00:01:00.807229+00:00,ME20A197,01,2,20261007085440,20261007061427,20261007062211,,ME
2026-10-07T00:01:00.807229+00:00,ME20A198,01,2,20261007085721,20261006090006,20261006094006,,ME
2026-10-07T00:01:00.807229+00:00,ME20A199,01,2,20261007085722,20261007025735,20261007033735,,ME
2026-10-07T00:01:00.807229+00:00,ME20A1a0,01,2,20261007085734,20260930211119,20260930212304,,ME
2026-10-07T00:01:00.807229+00:00,ME20A1a1,01,2,20261007085742,20261006124346,20261006132346,,ME
2026-10-07T00:01:00.807229+00:00,ME20A1a2,01,2,20261007085728,20261006180438,20261006183711,,ME
2026-10-07T00:01:00.807229+00:00,ME20A1a3,01,2,20261007085717,20261006102204,20261006110204,,ME
2026-10-07T00:01:00.807229+00:00,ME20A1a4,01,2,20261007085725,20261005153529,20261005161529,,ME
2026-10-07T00:01:00.807229+00:00,ME20A1a5,01,2,20261007085724,20261006194256,20261006202256,,ME
2026-10-07T00:01:00.807229+00:00,ME20A1a6,01,3,20261007085626,20261007072823,20261007073207,20261007082612,ME
2026-10-07T00:01:00.807229+00:00,ME20A1a7,01,2,20261007085717,20261007075452,20261007083452,,ME
2026-10-07T00:01:00.807229+00:00,ME20A1a8,01,2,20261007085733,20261007065444,20261007073444,,ME
2026-10-07T00:01:00.807229+00:00,ME20A1a9,01,3,20261007085414,20261007075202,20261007082349,20261007084911,ME
2026-10-07T00:01:00.807229+00:00,ME20A1b0,01,2,20261007085730,20261007080149,20261007084106,,ME
2026-10-07T00:01:00.807229+00:00,ME20A278,21,2,20261007085552,20261007061807,20261007065033,,ME
2026-10-07T00:01:00.807229+00:00,ME20A278,22,2,20261007085552,20261006190628,20261006194628,,ME
2026-10-07T00:01:00.807229+00:00,ME20A279,21,2,20261007085737,20261006175901,20261006183901,,ME
2026-10-07T00:01:00.807229+00:00,ME20A279,22,2,20261007085737,20261006202133,20261006203859,,ME
2026-10-07T00:01:00.807229+00:00,ME20A280,01,2,20261007085733,20261006164509,20261006172509,,ME
2026-10-07T00:01:00.807229+00:00,ME20A280,02,2,20261007085818,20261006164003,20261006172003,,ME
2026-10-07T00:01:00.807229+00:00,ME20A301,01,2,20261007085732,20261005114303,20261005121841,,ME
2026-10-07T00:01:00.807229+00:00,ME20A301,21,2,20261007085715,20261006172640,20261006180640,,ME
2026-10-07T00:01:00.807229+00:00,ME20A301,22,2,20261007085715,20261004151939,20261004155939,,ME
2026-10-07T00:01:00.807229+00:00,ME20A409,21,2,20261007085740,20261006164103,20261006172103,,ME
2026-10-07T00:01:00.807229+00:00,ME20A409,22,2,20261007085740,20261006165339,20261006173339,,ME
2026-10-07T00:01:00.807229+00:00,ME20A409,23,2,20261007085725,20261007010351,20261007013349,,ME
2026-10-07T00:01:00.807229+00:00,ME20A409,24,2,20261007085725,20261007063030,20261007071030,,ME
2026-10-07T00:01:00.807229+00:00,ME20A410,01,2,20261007085745,20261007080524,20261007084314,,ME
2026-10-07T00:01:00.807229+00:00,ME20A410,02,2,20261007085748,20261007080414,20261007084414,,ME
2026-10-07T00:01:00.807229+00:00,ME20A410,03,2,20261007085813,20261007080430,20261007084430,,ME
2026-10-07T00:01:00.807229+00:00,ME20A410,91,2,20261007085753,20261006224852,20261006232852,,ME
2026-10-07T00:01:00.807229+00:00,ME20A411,01,2,20261007085748,20261006084034,20261006090840,,ME
2026-10-07T00:01:00.807229+00:00,ME20A411,02,2,20261007085825,20261006173434,20261006175140,,ME
2026-10-07T00:01:00.807229+00:00,ME20A411,03,2,20261007085824,20261006164255,20261006171259,,ME
2026-10-07T00:01:00.807229+00:00,ME20A411,04,2,20261007085822,20261006084636,20261006092636,,ME
2026-10-07T00:01:00.807229+00:00,ME21A128,01,3,20261007085845,20261006175550,20261006182825,20261007085840,ME
2026-10-07T00:01:00.807229+00:00,ME21B1C3,01,2,20261007085729,20261007060846,20261007063940,,ME
2026-10-07T00:01:00.807229+00:00,ME21B234,01,2,20261007085833,20261007081832,20261007085838,,ME
2026-10-07T00:01:00.807229+00:00,ME21B305,01,3,20261007085751,20261007075844,20261007083848,20261007085549,ME
2026-10-07T00:01:00.807229+00:00,ME21B404,04,3,20261007085733,20261006234227,20261007002017,20261007082056,ME
2026-10-07T00:01:00.807229+00:00,ME21C250,21,2,20261007085823,20261007050456,20261007051533,,ME
2026-10-07T00:01:00.807229+00:00,ME21C250,22,2,20261007085823,20261007051829,20261007053540,,ME
2026-10-07T00:01:00.807229+00:00,ME21C251,21,3,20261007085823,20261006225728,20261006233729,20261007083916,ME
2026-10-07T00:01:00.807229+00:00,ME21C251,22,2,20261007085823,20261006182241,20261006184629,,ME
2026-10-07T00:01:00.807229+00:00,ME22C1B8,01,2,20261007085849,20261007023033,20261007031034,,ME
2026-10-07T00:01:00.807229+00:00,ME22C1B9,01,2,20261007085905,20261006175445,20261006182659,,ME
2026-10-07T00:01:00.807229+00:00,ME22C1C0,01,2,20261007085824,20261005232637,20261006000638,,ME
2026-10-07T00:01:00.807229+00:00,ME22C802,01,2,20261007085822,20261006202953,20261006210954,,ME
2026-10-07T00:01:00.807229+00:00,ME22C802,02,2,20261007085845,20261006133801,20261006141212,,ME
2026-10-07T00:01:00.807229+00:00,ME22C802,03,2,20261007085832,20261006195814,20261006202626,,ME
2026-10-07T00:01:00.807229+00:00,ME22C802,04,2,20261007085822,20261006072125,20261006074213,,ME
2026-10-07T00:01:00.807229+00:00,ME22C802,05,2,20261007085839,20261006130953,20261006133306,,ME
2026-10-07T00:01:00.807229+00:00,ME22C802,06,2,20261007085840,20261006195949,20261006203951,,ME
2026-10-07T00:01:00.807229+00:00,ME22C802,07,2,20261007085904,20261006175447,20261006181447,,ME
2026-10-07T00:01:00.807229+00:00,ME22C802,08,2,20261007085837,20261006114409,20261006122410,,ME
2026-10-07T00:01:00.807229+00:00,ME22D121,01,2,20261007085810,20261006111733,20261006114852,,ME
2026-10-07T00:01:00.807229+00:00,ME22D134,01,2,20261007085843,20261003080645,20261003084648,,ME
2026-10-07T00:01:00.807229+00:00,ME22D152,01,2,20261007085814,20261006183220,20261006191223,,ME
2026-10-07T00:01:00.807229+00:00,ME22D205,01,2,20261007085842,20261006214303,20261006220517,,ME
2026-10-07T00:01:00.807229+00:00,ME22D205,02,2,20261007085839,20261006135909,20261006143649,,ME
2026-10-07T00:01:00.807229+00:00,ME22D402,01,2,20261007085852,20261007035113,20261007042200,,ME
2026-10-07T00:01:00.807229+00:00,ME22D402,02,2,20261007085903,20261007073556,20261007074345,,ME
2026-10-07T00:01:00.807229+00:00,ME22D402,03,2,20261007085850,20261007043708,20261007050331,,ME
2026-10-07T00:01:00.807229+00:00,ME22D402,04,2,20261007085839,20261007040820,20261007043433,,ME
2026-10-07T00:01:00.807229+00:00,ME22M301,01,2,20261007085908,20261006154435,20261006162436,,ME
2026-10-07T00:01:00.807229+00:00,ME22M301,02,2,20261007085834,20261006191851,20261006193157,,ME
2026-10-07T00:01:00.807229+00:00,ME22M301,81,2,20261007085907,20261007080557,20261007081841,,ME
2026-10-07T00:01:00.807229+00:00,ME22M301,82,2,20261007085808,20261006140400,20261006140512,,ME
2026-10-07T00:01:00.807229+00:00,ME22M301,83,2,20261007085901,20261007072413,20261007075234,,ME
2026-10-07T00:01:00.807229+00:00,ME22M301,84,2,20261007085810,20261005234838,20261006001804,,ME
2026-10-07T00:01:00.807229+00:00,ME22M302,33,2,20261007085844,20261006150953,20261006152504,,ME
2026-10-07T00:01:00.807229+00:00,ME22M302,34,2,20261007085846,20261007071322,20261007075324,,ME
2026-10-07T00:01:00.807229+00:00,ME22M302,35,2,20261007085818,20261004112217,20261004120003,,ME
2026-10-07T00:01:00.807229+00:00,ME22M302,36,2,20261007085901,20261005145348,20261005153349,,ME
2026-10-07T00:01:00.807229+00:00,ME25A102,01,3,20261007085855,20261006203739,20261006210000,20261007085233,ME
2026-10-07T00:01:00.807229+00:00,ME25A107,01,3,20261007085854,20261006085755,20261006092524,20261007085641,ME
2026-10-07T00:01:00.807229+00:00,ME25A108,01,2,20261007085651,20261004081725,20261004085744,,ME
2026-10-07T00:01:00.807229+00:00,ME25A109,01,2,20261007085506,20261006200027,20261006203114,,ME
2026-10-07T00:01:00.807229+00:00,ME25A401,21,2,20261007085506,20261003182029,20261003185230,,ME
2026-10-07T00:01:00.807229+00:00,ME25A401,22,2,20261007085508,20261004114055,20261004114511,,ME
2026-10-07T00:01:00.807229+00:00,ME25A401,23,2,20261007085702,20261005223143,20261005230339,,ME
2026-10-07T00:01:00.807229+00:00,ME25A401,24,2,20261007085704,20261006133916,20261006135657,,ME
2026-10-07T00:01:00.807229+00:00,ME25A403,21,2,20261007085650,20261006154903,20261006155921,,ME
2026-10-07T00:01:00.807229+00:00,ME25A403,22,2,20261007085652,20261006143709,20261006145013,,ME
2026-10-07T00:01:00.807229+00:00,ME25A403,23,2,20261007085530,20261001125825,20261001174231,,ME
2026-10-07T00:01:00.807229+00:00,ME25A403,24,2,20261007085532,20261004092609,20261004094039,,ME
2026-10-07T00:01:00.807229+00:00,ME25A404,21,2,20261007085532,20261006155455,20261006160822,,ME
2026-10-07T00:01:00.807229+00:00,ME25A404,22,2,20261007085534,20261006070056,20261006073812,,ME
2026-10-07T00:01:00.807229+00:00,ME25A404,23,2,20261007085545,20261002090455,20261002211021,,ME
2026-10-07T00:01:00.807229+00:00,ME25A404,24,2,20261007085547,20260915112557,20260915120602,,ME
2026-10-07T00:01:00.807229+00:00,ME25A405,21,2,20261007085619,20261005230502,20261005231501,,ME
2026-10-07T00:01:00.807229+00:00,ME25A405,22,2,20261007085621,20261007054056,20261007055132,,ME
2026-10-07T00:01:00.807229+00:00,ME25A406,21,2,20261007085648,20261004161014,20261004163749,,ME
2026-10-07T00:01:00.807229+00:00,ME25A406,22,2,20261007085650,20261006053421,20261006055434,,ME
2026-10-07T00:01:00.807229+00:00,ME25A406,23,2,20261007085658,20261006134007,20261006135419,,ME
2026-10-07T00:01:00.807229+00:00,ME25A406,24,2,20261007085700,20260928125427,20260928131758,,ME
2026-10-07T00:01:00.807229+00:00,AH000121,04,3,20261007085216,20261007085216,20261005160412,20261007085215,AH
2026-10-07T00:01:00.807229+00:00,AM900061,02,3,20261007085643,20261006111030,20261006021016,20261007085643,AM
2026-10-07T00:01:00.807229+00:00,AMAM0020,04,3,20261007085855,20261006235900,20261006235900,20261007085853,AM
2026-10-07T00:01:00.807229+00:00,BNBN0180,02,3,20261007090005,20261006153413,20261006161757,20261006153413,BN
2026-10-07T00:01:00.807229+00:00,BNBN0180,03,2,20261007085703,20261007060832,20261007085637,,BN
2026-10-07T00:01:00.807229+00:00,BNBN0380,02,3,20261007085104,20261007061339,20261007070809,20261007061339,BN
2026-10-07T00:01:00.807229+00:00,BNBN0543,05,3,20261007085106,20261001095120,20261001102034,20261007085106,BN
2026-10-07T00:01:00.807229+00:00,BNBN0599,01,2,20261007085107,20261007082656,20261007085026,,BN
2026-10-07T00:01:00.807229+00:00,BNBN0871,01,3,20261007085408,20261006141341,20261006143241,20261006141341,BN
2026-10-07T00:01:00.807229+00:00,BT000132,01,3,20261007085208,20261007085208,20261007045245,20261007085208,BT
2026-10-07T00:01:00.807229+00:00,BT000136,05,2,20261007085444,20260922173606,20260922173659,,BT
2026-10-07T00:01:00.807229+00:00,BT200001,06,3,20261007090008,20261007090008,20261007090008,20261007090008,BT
2026-10-07T00:01:00.807229+00:00,BT200001,07,3,20261007085643,20261007085643,20261007085643,20261007085643,BT
2026-10-07T00:01:00.807229+00:00,BT200001,08,3,20261007090008,20261007090008,20261007085955,20261007090008,BT
2026-10-07T00:01:00.807229+00:00,BT200001,12,3,20261007090007,20261007090007,20261007090007,20261007090007,BT
2026-10-07T00:01:00.807229+00:00,BT200001,13,3,20261007090008,20261007090008,20261007090008,20261007090008,BT
2026-10-07T00:01:00.807229+00:00,CI0I0001,04,3,20261007085537,20261007085537,20261006145904,20261007085537,CI
2026-10-07T00:01:00.807229+00:00,CI0I0017,01,3,20261007085527,20261007085527,20261006214010,20261007085527,CI
2026-10-07T00:01:00.807229+00:00,CPCT0057,03,2,20261007085743,20261006235743,20261006235743,,CP
2026-10-07T00:01:00.807229+00:00,CPCT0057,04,2,20261007085745,20261006235745,20261006235745,,CP
2026-10-07T00:01:00.807229+00:00,CR000244,01,2,20261007085904,20261007080421,20261007085904,,CR
2026-10-07T00:01:00.807229+00:00,CSSGI035,01,3,20261007085205,20261007085205,20261007085202,20261007085205,CS
2026-10-07T00:01:00.807229+00:00,CU200010,02,3,20261007085741,20261006223240,20261007074645,20261007085744,CU
2026-10-07T00:01:00.807229+00:00,CU200016,19,3,20261007085620,20261007082623,20261006025644,20261007082623,CU
2026-10-07T00:01:00.807229+00:00,CV000114,02,3,20261007085516,20261007085312,20261007085320,20261007085516,CV
2026-10-07T00:01:00.807229+00:00,CV000848,01,2,20261007085520,20261007082120,20261007085300,,CV
2026-10-07T00:01:00.807229+00:00,CV000857,05,2,20261007085520,20261007080721,20261007085145,,CV
2026-10-07T00:01:00.807229+00:00,CV000858,01,2,20261007085520,20261006183147,20261006194955,,CV
2026-10-07T00:01:00.807229+00:00,CV000974,01,3,20261007085519,20261007085113,20261007085121,20261007085519,CV
2026-10-07T00:01:00.807229+00:00,CV001112,02,3,20261007085522,20261007085043,20261007085054,20261007085522,CV
2026-10-07T00:01:00.807229+00:00,CV001112,03,3,20261007085522,20261007085338,20261007085348,20261007085522,CV
2026-10-07T00:01:00.807229+00:00,CV001112,05,2,20261007085527,20261007084443,20261007084507,,CV
2026-10-07T00:01:00.807229+00:00,CV001112,06,2,20261007085527,20261007084357,20261007084415,,CV
2026-10-07T00:01:00.807229+00:00,CV001112,07,3,20261007085528,20261007085247,20261007085249,20261007085247,CV
2026-10-07T00:01:00.807229+00:00,CV001112,09,2,20261007085528,20261006233628,20261007002003,,CV
2026-10-07T00:01:00.807229+00:00,CV001112,10,2,20261007085528,20261007084010,20261007084041,,CV
2026-10-07T00:01:00.807229+00:00,CV001243,01,1,20261007085522,20261002173328,20261002173443,,CV
2026-10-07T00:01:00.807229+00:00,CV001243,02,1,20261007085522,20261007044352,20261007053400,,CV
2026-10-07T00:01:00.807229+00:00,CV001364,02,3,20261007085525,20261007085016,20261007085018,20261007085016,CV
2026-10-07T00:01:00.807229+00:00,CV001676,01,2,20261007085528,20261007082804,20261007085304,,CV
2026-10-07T00:01:00.807229+00:00,CV001800,05,2,20261007085529,20261006213931,20261007085455,,CV
2026-10-07T00:01:00.807229+00:00,CV001919,02,3,20261007085527,20261007085246,20261007085252,20261007085527,CV
2026-10-07T00:01:00.807229+00:00,CV001940,03,3,20261007085524,20261007085404,20261007085409,20261007085524,CV
2026-10-07T00:01:00.807229+00:00,CV002010,02,1,20261007085533,20261006215018,20261007075224,,CV
2026-10-07T00:01:00.807229+00:00,CV002274,15,1,20261007085541,20260916134206,20260916144205,,CV
2026-10-07T00:01:00.807229+00:00,CV002274,19,2,20261007085549,20261007075226,20261007085226,,CV
2026-10-07T00:01:00.807229+00:00,CV002746,06,3,20261007085543,20261007085417,20261007085422,20261007085417,CV
2026-10-07T00:01:00.807229+00:00,CV003814,14,3,20261007085550,20261007085336,20261007085337,20261007085550,CV
2026-10-07T00:01:00.807229+00:00,CV004073,02,3,20261007085550,20261007085247,20261007085240,20261007085247,CV
2026-10-07T00:01:00.807229+00:00,CV004473,04,2,20261007085553,20261007081119,20261007085023,,CV
2026-10-07T00:01:00.807229+00:00,CV004754,02,2,20261007085101,20261007074923,20261007084931,,CV
2026-10-07T00:01:00.807229+00:00,CV004754,06,2,20261007085101,20261007073935,20261007084934,,CV
2026-10-07T00:01:00.807229+00:00,CV004772,03,3,20261007085556,20261007085329,20261007085331,20261007085329,CV
2026-10-07T00:01:00.807229+00:00,DYME2066,84,2,20261007085902,20261006203102,20261007085902,,DY
2026-10-07T00:01:00.807229+00:00,EC000569,01,2,20261007085201,20261006191406,20261006203937,,EC
2026-10-07T00:01:00.807229+00:00,EC000569,02,2,20261007085801,20261006225328,20261007073551,,EC
2026-10-07T00:01:00.807229+00:00,EC001020,03,2,20261007085801,20261007030116,20261007085645,,EC
2026-10-07T00:01:00.807229+00:00,EC001023,08,3,20261007085801,20261007085624,20261006165327,20261007085624,EC
2026-10-07T00:01:00.807229+00:00,EC001034,04,2,20261007085601,20261006214208,20261006225607,,EC
2026-10-07T00:01:00.807229+00:00,EC004797,07,2,20261007090002,20261006203754,20261007025826,,EC
2026-10-07T00:01:00.807229+00:00,EC004810,04,3,20261007090002,20261007085900,20261006215907,20261007085900,EC
2026-10-07T00:01:00.807229+00:00,EC004960,01,3,20261007085202,20261007085352,20261006233859,20261006165615,EC
2026-10-07T00:01:00.807229+00:00,EC004963,01,3,20261007085402,20261007085226,20260930212858,20261007085226,EC
2026-10-07T00:01:00.807229+00:00,EC110014,01,2,20261007090002,20261006155109,20261006221617,,EC
2026-10-07T00:01:00.807229+00:00,ER000245,02,2,20261007085410,20261007054659,20261006215434,,ER
2026-10-07T00:01:00.807229+00:00,ER000389,09,2,20261007085910,20261007085349,20261006225703,,ER
2026-10-07T00:01:00.807229+00:00,ER000397,06,2,20261007085832,20261007045322,20261006214903,,ER
2026-10-07T00:01:00.807229+00:00,ER000397,16,2,20261007085311,20261007034416,20261007011558,,ER
2026-10-07T00:01:00.807229+00:00,ER000443,04,2,20261007085804,20261007081820,20261007073941,,ER
2026-10-07T00:01:00.807229+00:00,ER000462,06,2,20261007085134,20261007004908,20261006201631,,ER
2026-10-07T00:01:00.807229+00:00,ER000484,03,2,20261007085645,20261007085106,20261007082708,,ER
2026-10-07T00:01:00.807229+00:00,ER000517,02,3,20261007085935,20261007014823,20261006205533,20261006205533,ER
2026-10-07T00:01:00.807229+00:00,ER000558,20,2,20261007085312,20261007000758,20261006172503,,ER
2026-10-07T00:01:00.807229+00:00,ER000558,30,2,20261007085756,20261007033022,20261006183725,,ER
2026-10-07T00:01:00.807229+00:00,EV000004,01,2,20261007085734,20260930223707,20261001002827,,EV
2026-10-07T00:01:00.807229+00:00,EV000080,07,2,20261007085534,20261006214904,20261007034757,,EV
2026-10-07T00:01:00.807229+00:00,EV000836,01,2,20261007085938,20261007005840,20261007085641,,EV
2026-10-07T00:01:00.807229+00:00,EV001279,02,3,20261007085131,20261002135156,20261002164717,20261007085033,EV
2026-10-07T00:01:00.807229+00:00,EV001460,02,2,20261007085537,20261006181138,20261006223429,,EV
2026-10-07T00:01:00.807229+00:00,EV001740,01,3,20261007085333,20261006081421,20261006143117,20261007085242,EV
2026-10-07T00:01:00.807229+00:00,EV002134,03,3,20261007085940,20261006214002,20261007022624,20261007085737,EV
2026-10-07T00:01:00.807229+00:00,EV002803,01,3,20261007085334,20261006205315,20261007053348,20261007085223,EV
2026-10-07T00:01:00.807229+00:00,EV003053,02,2,20261007085536,20261006230317,20261007085348,,EV
2026-10-07T00:01:00.807229+00:00,EV003079,01,2,20261007085938,20261006110012,20261006233043,,EV
2026-10-07T00:01:00.807229+00:00,EV003312,01,3,20261007085130,20261006175618,20261007002942,20261007085049,EV
2026-10-07T00:01:00.807229+00:00,EV003423,03,3,20261007085327,20261006142910,20261006181609,20261007084707,EV
2026-10-07T00:01:00.807229+00:00,EV003438,02,3,20261007085333,20261007063042,20261007064233,20261007085230,EV
2026-10-07T00:01:00.807229+00:00,EV003513,05,3,20261007085327,20261006100546,20261006133621,20261007085143,EV
2026-10-07T00:01:00.807229+00:00,EV003821,01,3,20261007085534,20261006082530,20261006171419,20261007085510,EV
2026-10-07T00:01:00.807229+00:00,EV003853,01,2,20261007085535,20261006162419,20261006230800,,EV
2026-10-07T00:01:00.807229+00:00,EV003905,03,2,20261007085536,20261006205553,20261007085305,,EV
2026-10-07T00:01:00.807229+00:00,EV004196,04,2,20261007085130,20261007012105,20261007070006,,EV
2026-10-07T00:01:00.807229+00:00,EV005017,05,2,20261007085130,20261006151530,20261006182710,,EV
2026-10-07T00:01:00.807229+00:00,EV005021,02,2,20261007085132,20261007081114,20261007084940,,EV
2026-10-07T00:01:00.807229+00:00,EV005357,02,3,20261007085334,20261006074301,20261006161253,20261007085252,EV
2026-10-07T00:01:00.807229+00:00,EV005521,01,2,20261007085536,20261007072931,20261007085407,,EV
2026-10-07T00:01:00.807229+00:00,EV005548,02,3,20261007085535,20261005173236,20261006001124,20261007085425,EV
2026-10-07T00:01:00.807229+00:00,EV005687,02,2,20261007085333,20261006180848,20261007003842,,EV
2026-10-07T00:01:00.807229+00:00,EV005768,02,2,20261007085940,20261006213531,20261007024002,,EV
2026-10-07T00:01:00.807229+00:00,EV005989,01,2,20261007085939,20261006184926,20261006214416,,EV
2026-10-07T00:01:00.807229+00:00,EV006057,03,3,20261007085935,20261007085759,20261007085903,20261007085935,EV
2026-10-07T00:01:00.807229+00:00,EV006189,02,3,20261007085537,20261006192920,20261007022219,20261007085423,EV
2026-10-07T00:01:00.807229+00:00,EV006513,01,3,20261007085737,20261004131302,20261004143246,20261006213656,EV
2026-10-07T00:01:00.807229+00:00,EV006713,03,2,20261007085132,20261006234052,20261007084921,,EV
2026-10-07T00:01:00.807229+00:00,EV006963,03,3,20261007085937,20261006111117,20261006163955,20261007085751,EV
2026-10-07T00:01:00.807229+00:00,EV007355,01,2,20261007085129,20261006180313,20261006191242,,EV
2026-10-07T00:01:00.807229+00:00,EV007450,02,2,20261007085939,20261007061813,20261007071056,,EV
2026-10-07T00:01:00.807229+00:00,EV008205,02,3,20261007085937,20261006160354,20261006182628,20261007085811,EV
2026-10-07T00:01:00.807229+00:00,EV008227,03,2,20261007085935,20261006203214,20261006225108,,EV
2026-10-07T00:01:00.807229+00:00,EV008279,03,2,20261007085130,20261007004751,20261007085012,,EV
2026-10-07T00:01:00.807229+00:00,EV008320,02,3,20261007085131,20261006082845,20261006152122,20261007083017,EV
2026-10-07T00:01:00.807229+00:00,EV008362,04,2,20261007085735,20261006164534,20261007010950,,EV
2026-10-07T00:01:00.807229+00:00,EV008834,01,2,20261007085735,20261007052823,20261007085633,,EV
2026-10-07T00:01:00.807229+00:00,EV008864,01,2,20261007085332,20261006201507,20261006230847,,EV
2026-10-07T00:01:00.807229+00:00,EV008907,03,2,20261007085325,20261006215550,20261007042432,,EV
2026-10-07T00:01:00.807229+00:00,EV008955,03,3,20261007085935,20261006174249,20261006212958,20261007085912,EV
2026-10-07T00:01:00.807229+00:00,EV008956,01,3,20261007085534,20261006071740,20261006091410,20261007085333,EV
2026-10-07T00:01:00.807229+00:00,EV008990,02,3,20261007085535,20261006165306,20261006192216,20261007085517,EV
2026-10-07T00:01:00.807229+00:00,EV009015,01,2,20261007085324,20261007011442,20261007054757,,EV
2026-10-07T00:01:00.807229+00:00,EV009028,01,2,20261007085737,20261006225318,20261006234629,,EV
2026-10-07T00:01:00.807229+00:00,EV009038,03,2,20261007085537,20261006205049,20261007023052,,EV
2026-10-07T00:01:00.807229+00:00,EV010099,01,1,20261007085326,20260801092129,20260801092335,,EV
2026-10-07T00:01:00.807229+00:00,EV010230,06,2,20261007085737,20261006182029,20261006222717,,EV
2026-10-07T00:01:00.807229+00:00,EV010579,05,3,20261007085132,20261006140527,20261006154520,20261007084927,EV
2026-10-07T00:01:00.807229+00:00,EV010592,04,2,20261007085937,20260913221023,20260914084057,,EV
2026-10-07T00:01:00.807229+00:00,EV010674,02,2,20261007085937,20261006222241,20261007053157,,EV
2026-10-07T00:01:00.807229+00:00,EV010732,01,2,20261007085335,20261006185126,20261007010159,,EV
2026-10-07T00:01:00.807229+00:00,EV011149,01,2,20261007085737,20261006195226,20261007002627,,EV
2026-10-07T00:01:00.807229+00:00,EV011150,01,2,20261007085737,20261006211509,20261007020010,,EV
2026-10-07T00:01:00.807229+00:00,EV011750,07,2,20261007085132,20261006215714,20261007010140,,EV
2026-10-07T00:01:00.807229+00:00,EV012062,03,2,20261007085130,20261006220738,20261007040401,,EV
2026-10-07T00:01:00.807229+00:00,EV012086,02,3,20261007085737,20261007074455,20261007085158,20261007085613,EV
2026-10-07T00:01:00.807229+00:00,EV012086,04,3,20261007085132,20261006154343,20261006171006,20261007085057,EV
2026-10-07T00:01:00.807229+00:00,EV012122,02,2,20261007085132,20261006221128,20261007081243,,EV
2026-10-07T00:01:00.807229+00:00,EV012438,03,3,20261007085324,20261006225729,20261007041817,20261007085159,EV
2026-10-07T00:01:00.807229+00:00,EV012736,01,3,20261007085939,20261006085157,20261006135606,20261007085854,EV
2026-10-07T00:01:00.807229+00:00,EV012827,01,2,20261007085736,20261007085511,20261007085552,,EV
2026-10-07T00:01:00.807229+00:00,EV012827,02,2,20261007085938,20261007074533,20261007085830,,EV
2026-10-07T00:01:00.807229+00:00,EV012875,01,3,20261007085536,20261002091621,20261002183539,20261007085510,EV
2026-10-07T00:01:00.807229+00:00,EV012875,05,3,20261007085938,20261005175125,20261005205831,20261007085938,EV
2026-10-07T00:01:00.807229+00:00,EV013173,07,3,20261007085132,20261006084550,20261006102610,20261007084941,EV
2026-10-07T00:01:00.807229+00:00,EV013174,06,3,20261007085737,20261007085600,20261007085600,20261007085713,EV
2026-10-07T00:01:00.807229+00:00,EV013174,09,3,20261007085537,20261005105953,20261005162619,20261007085447,EV
2026-10-07T00:01:00.807229+00:00,EV013198,05,3,20261007085735,20261006104600,20261006163449,20261007085735,EV
2026-10-07T00:01:00.807229+00:00,EV013199,07,3,20261007085535,20261006081735,20261006161857,20261007085511,EV
2026-10-07T00:01:00.807229+00:00,EV013404,02,3,20261007085328,20261006170759,20261006202140,20261007014555,EV
2026-10-07T00:01:00.807229+00:00,EV013415,04,2,20261007085329,20261007002357,20261007043518,,EV
2026-10-07T00:01:00.807229+00:00,EV013425,01,2,20261007085330,20261006194405,20261006225112,,EV
2026-10-07T00:01:00.807229+00:00,EV013433,01,2,20261007085736,20261006184925,20261007040303,,EV
2026-10-07T00:01:00.807229+00:00,EV013538,02,3,20261007085537,20261006102201,20261006132139,20261007085401,EV
2026-10-07T00:01:00.807229+00:00,EV013686,03,3,20261007085325,20261006083924,20261006204757,20261007085145,EV
2026-10-07T00:01:00.807229+00:00,EV013826,03,2,20261007085736,20261006203149,20261007023136,,EV
2026-10-07T00:01:00.807229+00:00,EV013829,04,3,20261007085937,20261002213356,20261003054301,20261007085937,EV
2026-10-07T00:01:00.807229+00:00,EV013890,03,3,20261007085532,20261006232051,20261007001506,20261007085517,EV
2026-10-07T00:01:00.807229+00:00,EV014122,01,2,20261007085737,20261007074552,20261007082512,,EV
2026-10-07T00:01:00.807229+00:00,EV014166,03,3,20261007085939,20261006150922,20261006194453,20261007070211,EV
2026-10-07T00:01:00.807229+00:00,EV014188,01,2,20261007085131,20261006200620,20261007014711,,EV
2026-10-07T00:01:00.807229+00:00,EV014321,02,2,20261007085131,20261006190236,20261006190239,,EV
2026-10-07T00:01:00.807229+00:00,EV014380,02,3,20261007085535,20261006175343,20261007021650,20261007085345,EV
2026-10-07T00:01:00.807229+00:00,EV014386,03,3,20261007085331,20261002183322,20261003053832,20261007085253,EV
2026-10-07T00:01:00.807229+00:00,EV014398,03,3,20261007085938,20261006100033,20261006102143,20261007085916,EV
2026-10-07T00:01:00.807229+00:00,EV014436,03,2,20261007085736,20261006193753,20261007031532,,EV
2026-10-07T00:01:00.807229+00:00,EV014495,01,2,20261007085936,20261007072451,20261007085731,,EV
2026-10-07T00:01:00.807229+00:00,EV014495,03,3,20261007085333,20261007083513,20261007084717,20261007085256,EV
2026-10-07T00:01:00.807229+00:00,EV014495,07,3,20261007085735,20261006131752,20261006140943,20261007085644,EV
2026-10-07T00:01:00.807229+00:00,EV014498,02,3,20261007085735,20261006085132,20261006150700,20261007085735,EV
2026-10-07T00:01:00.807229+00:00,EV014726,05,3,20261007085533,20261006174307,20261006185152,20261007082723,EV
2026-10-07T00:01:00.807229+00:00,EV014734,01,3,20261007085129,20261006150323,20261006170245,20261007085046,EV
2026-10-07T00:01:00.807229+00:00,EV015097,01,3,20261007085937,20261006110152,20261006151608,20261007085810,EV
2026-10-07T00:01:00.807229+00:00,EV015457,02,2,20261007085131,20261007001323,20261007030933,,EV
2026-10-07T00:01:00.807229+00:00,EV015542,03,2,20261007085131,20261006220155,20261007024033,,EV
2026-10-07T00:01:00.807229+00:00,EV015731,02,2,20261007085335,20261006220429,20261007004329,,EV
2026-10-07T00:01:00.807229+00:00,EV015849,01,2,20261007085737,20261006181448,20261006202518,,EV
2026-10-07T00:01:00.807229+00:00,EV015851,01,2,20261007085938,20261006181514,20261007042508,,EV
2026-10-07T00:01:00.807229+00:00,EV016020,01,2,20261007085130,20261006201306,20261007004823,,EV
2026-10-07T00:01:00.807229+00:00,EV016035,01,2,20261007085736,20261006201053,20261006233249,,EV
2026-10-07T00:01:00.807229+00:00,EV016167,03,2,20261007085937,20261006224524,20261007023706,,EV
2026-10-07T00:01:00.807229+00:00,EV016402,03,2,20261007085334,20261006203538,20261007004319,,EV
2026-10-07T00:01:00.807229+00:00,EV017148,05,2,20261007085939,20261006192719,20261006200029,,EV
2026-10-07T00:01:00.807229+00:00,EV017502,02,2,20261007085737,20261006203359,20261006222959,,EV
2026-10-07T00:01:00.807229+00:00,EV017502,07,2,20261007085939,20261006185226,20261007085225,,EV
2026-10-07T00:01:00.807229+00:00,EV017504,08,2,20261007085132,20261006163711,20261006181831,,EV
2026-10-07T00:01:00.807229+00:00,EV017508,03,2,20261007085537,20261006145929,20261006212055,,EV
2026-10-07T00:01:00.807229+00:00,EV017770,03,3,20261007085536,20261007000603,20261007020442,20261007085536,EV
2026-10-07T00:01:00.807229+00:00,EV017795,07,3,20261007085131,20261006155500,20261006182202,20261007085114,EV
2026-10-07T00:01:00.807229+00:00,EV017796,03,3,20261007085131,20261005070736,20261005085836,20261007084935,EV
2026-10-07T00:01:00.807229+00:00,EV017797,01,2,20261007085537,20261006195307,20261007040804,,EV
2026-10-07T00:01:00.807229+00:00,EV017855,02,2,20261007085536,20261006212744,20261007031025,,EV
2026-10-07T00:01:00.807229+00:00,EV017913,01,2,20261007085537,20261006180042,20261007012240,,EV
2026-10-07T00:01:00.807229+00:00,EV017922,03,2,20261007085132,20261006193749,20261007020800,,EV
2026-10-07T00:01:00.807229+00:00,EV017922,09,2,20261007085132,20261006212027,20261007000338,,EV
2026-10-07T00:01:00.807229+00:00,EV017923,04,2,20261007085737,20261006184525,20261006195439,,EV
2026-10-07T00:01:00.807229+00:00,EV017933,03,2,20261007085737,20261006193350,20261007014511,,EV
2026-10-07T00:01:00.807229+00:00,EV018243,04,3,20261007085130,20261006190507,20261006223041,20261007085003,EV
2026-10-07T00:01:00.807229+00:00,EV018244,02,2,20261007085735,20261006201120,20261007055212,,EV
2026-10-07T00:01:00.807229+00:00,EV018361,08,3,20261007085737,20261006085042,20261006132443,20261007085553,EV
2026-10-07T00:01:00.807229+00:00,EV018447,03,3,20261007085329,20261002084959,20261002110519,20261007085135,EV
2026-10-07T00:01:00.807229+00:00,EV018448,04,2,20261007085329,20261006232500,20261007084813,,EV
2026-10-07T00:01:00.807229+00:00,EV018644,01,2,20261007085533,20261006140443,20261006150917,,EV
2026-10-07T00:01:00.807229+00:00,EV018646,03,3,20261007085533,20261006173025,20261007073024,20261007085331,EV
2026-10-07T00:01:00.807229+00:00,EV018785,03,3,20261007085737,20261006142006,20261006151706,20261007085737,EV
2026-10-07T00:01:00.807229+00:00,EV018786,03,3,20261007085537,20261004150629,20261004174626,20261007085424,EV
2026-10-07T00:01:00.807229+00:00,EV018889,01,3,20261007085936,20261006192106,20261006222111,20261007085914,EV
2026-10-07T00:01:00.807229+00:00,EV018890,03,2,20261007085734,20261006234226,20261007055715,,EV
2026-10-07T00:01:00.807229+00:00,EV018995,01,2,20261007085536,20261006181916,20261006222416,,EV
2026-10-07T00:01:00.807229+00:00,EV018995,04,2,20261007085536,20261006180219,20261007044407,,EV
2026-10-07T00:01:00.807229+00:00,EV019216,05,2,20261007085733,20261006180256,20261007054445,,EV
2026-10-07T00:01:00.807229+00:00,EV019249,01,2,20261007085935,20261006215946,20261006220433,,EV
2026-10-07T00:01:00.807229+00:00,EV019427,03,2,20261007085130,20261006210528,20261007003157,,EV
2026-10-07T00:01:00.807229+00:00,EV019432,01,2,20261007085737,20261006213600,20261007024056,,EV
2026-10-07T00:01:00.807229+00:00,EV019498,04,2,20261007085937,20261007002330,20261007071221,,EV
2026-10-07T00:01:00.807229+00:00,EV019594,01,2,20261007085736,20261006180038,20261007041343,,EV
2026-10-07T00:01:00.807229+00:00,EV019594,02,2,20261007085536,20261006190048,20261007054018,,EV
2026-10-07T00:01:00.807229+00:00,EV019680,02,2,20261007085324,20261007081729,20261007085107,,EV
2026-10-07T00:01:00.807229+00:00,EV019685,02,2,20261007085938,20261006170936,20261006191746,,EV
2026-10-07T00:01:00.807229+00:00,EV019686,03,2,20261007085334,20261006203057,20261007001908,,EV
2026-10-07T00:01:00.807229+00:00,EV019751,01,2,20261007085937,20261007003948,20261007051058,,EV
2026-10-07T00:01:00.807229+00:00,EV019751,03,2,20261007085131,20261006181233,20261006235934,,EV
2026-10-07T00:01:00.807229+00:00,EV019836,01,3,20261007085332,20261006085546,20261006091030,20261007085300,EV
2026-10-07T00:01:00.807229+00:00,EV019953,01,2,20261007085537,20261006201427,20261007000042,,EV
2026-10-07T00:01:00.807229+00:00,EV019954,04,2,20261007085939,20261006194932,20261006225447,,EV
2026-10-07T00:01:00.807229+00:00,EV019966,01,2,20261007085939,20261006154914,20261006164419,,EV
2026-10-07T00:01:00.807229+00:00,EV020166,04,2,20261007085737,20261006205611,20261007015742,,EV
2026-10-07T00:01:00.807229+00:00,GS000043,01,2,20261007085724,20261007081208,20261007085724,,GS
2026-10-07T00:01:00.807229+00:00,GS000077,01,2,20261007085122,20261007081208,20261007085122,,GS
2026-10-07T00:01:00.807229+00:00,HD000013,01,3,20261007090001,20261006051228,20261006054237,20261006051228,HD
2026-10-07T00:01:00.807229+00:00,HD000013,02,2,20261007090001,20261007082634,20261007083225,,HD
2026-10-07T00:01:00.807229+00:00,HD000013,03,2,20261007090001,20261007083107,20261007084106,,HD
2026-10-07T00:01:00.807229+00:00,HD000013,04,3,20261007090001,20261007082651,20261006010830,20261007082651,HD
2026-10-07T00:01:00.807229+00:00,HD000013,05,2,20261007090001,20261006211516,20261006211630,,HD
2026-10-07T00:01:00.807229+00:00,HD000013,06,2,20261007090001,20261006191151,20261006192645,,HD
2026-10-07T00:01:00.807229+00:00,HD000017,01,3,20261007090001,20261007082106,20261007071029,20261007082106,HD
2026-10-07T00:01:00.807229+00:00,HD000017,02,2,20261007090001,20261006152258,20261006154958,,HD
2026-10-07T00:01:00.807229+00:00,HD000017,03,2,20261007090001,20261006102108,20261006102359,,HD
2026-10-07T00:01:00.807229+00:00,HD000023,01,3,20261007090002,20261007085808,20261007035535,20261007085808,HD
2026-10-07T00:01:00.807229+00:00,HD000023,02,3,20261007090002,20261007080948,20261007041919,20261007080948,HD
2026-10-07T00:01:00.807229+00:00,HD000023,03,3,20261007090002,20261007081719,20261007075232,20261007081719,HD
2026-10-07T00:01:00.807229+00:00,HD000023,04,2,20261007090002,20261007054833,20261007060754,,HD
2026-10-07T00:01:00.807229+00:00,HD000023,05,3,20261007090002,20261007085726,20261007060242,20261007085726,HD
2026-10-07T00:01:00.807229+00:00,HD000023,06,2,20261007090002,20261007075521,20261007083149,,HD
2026-10-07T00:01:00.807229+00:00,HD000039,01,2,20261007090004,20261006033317,20261006035206,,HD
2026-10-07T00:01:00.807229+00:00,HD000039,02,2,20261007090004,20261006193615,20261006193739,,HD
2026-10-07T00:01:00.807229+00:00,HD000039,03,2,20261007090004,20261006045523,20261006051602,,HD
2026-10-07T00:01:00.807229+00:00,HD000039,04,2,20261007090004,20261006164656,20261006172056,,HD
2026-10-07T00:01:00.807229+00:00,HD000040,01,2,20261007090004,20261006191319,20261006200040,,HD
2026-10-07T00:01:00.807229+00:00,HD000040,02,2,20261007090004,20261006130706,20261006135354,,HD
2026-10-07T00:01:00.807229+00:00,HD000040,03,2,20261007090004,20261007081240,20261007084804,,HD
2026-10-07T00:01:00.807229+00:00,HD000040,04,3,20261007090004,20261007084654,20261003094930,20261007084654,HD
2026-10-07T00:01:00.807229+00:00,HE000423,08,2,20261007085400,20261007085300,20261007085400,,HE
2026-10-07T00:01:00.807229+00:00,HE000423,10,3,20261007085600,20261007085600,20261006181400,20261007085600,HE
2026-10-07T00:01:00.807229+00:00,HE000443,01,5,20261007085900,20261002145600,20261002154400,,HE
2026-10-07T00:01:00.807229+00:00,HE191952,01,3,20261007085500,20261007085500,20261006105400,20261007085500,HE
2026-10-07T00:01:00.807229+00:00,HE192190,01,3,20261007085100,20261007085100,20261006213700,20261007085100,HE
2026-10-07T00:01:00.807229+00:00,HE240197,02,3,20261007085900,20261007085900,20261006100203,20261007085900,HE
2026-10-07T00:01:00.807229+00:00,HE240388,03,2,20261007085900,20261006101700,20261007085900,,HE
2026-10-07T00:01:00.807229+00:00,HE240401,01,2,20261007090000,20261002131202,20261002141550,,HE
2026-10-07T00:01:00.807229+00:00,HE240401,02,2,20261007090000,20261006153135,20261006164436,,HE
2026-10-07T00:01:00.807229+00:00,HE240401,03,2,20261007090000,20261006164742,20261006173924,,HE
2026-10-07T00:01:00.807229+00:00,HE240415,05,3,20261007090000,20261007090000,20261007085100,20261007090000,HE
2026-10-07T00:01:00.807229+00:00,HE240415,09,2,20261007085900,20261006190400,20261007085900,,HE
2026-10-07T00:01:00.807229+00:00,HE240431,01,3,20261007085400,20261007085400,20261006143446,20261007085400,HE
2026-10-07T00:01:00.807229+00:00,HE240431,04,3,20261007085500,20261007085500,20261005235926,20261007085500,HE
2026-10-07T00:01:00.807229+00:00,HE240458,01,2,20261007085200,20261007084800,20261007085200,,HE
2026-10-07T00:01:00.807229+00:00,HJ000002,22,3,20261007085800,20261007070503,20261007073221,20261007070503,HJ
2026-10-07T00:01:00.807229+00:00,HJ000005,05,2,20261007085800,20261007083925,20261007085743,,HJ
2026-10-07T00:01:00.807229+00:00,HM000001,19,3,20261007085600,20261005132504,20261005142435,20261007085517,HM
2026-10-07T00:01:00.807229+00:00,HM000119,02,3,20261007090002,20261007075830,20261007082549,20261007085901,HM
2026-10-07T00:01:00.807229+00:00,HM000126,01,3,20261007085201,20261006173758,20261006185037,20261007085020,HM
2026-10-07T00:01:00.807229+00:00,HM000126,13,3,20261007085801,20261006184009,20261006202806,20261007085749,HM
2026-10-07T00:01:00.807229+00:00,HM000275,01,3,20261007090008,20261004090606,20261004165533,20261007085810,HM
2026-10-07T00:01:00.807229+00:00,HM000689,10,2,20261007085411,20261007073900,20261007085228,,HM
2026-10-07T00:01:00.807229+00:00,HM001078,16,2,20261007085416,20261006221734,20261007031123,,HM
2026-10-07T00:01:00.807229+00:00,HM001098,02,3,20261007085416,20261006191124,20261007012244,20261007085217,HM
2026-10-07T00:01:00.807229+00:00,HM001233,06,3,20261007085417,20261006160903,20261006175458,20261007085323,HM
2026-10-07T00:01:00.807229+00:00,HM001548,05,3,20261007085820,20261006103004,20261006122423,20261007085633,HM
2026-10-07T00:01:00.807229+00:00,HM001630,14,2,20261007085221,20261007031232,20261007085045,,HM
2026-10-07T00:01:00.807229+00:00,HM001714,03,3,20261007085821,20261006070437,20261006152328,20261007085709,HM
2026-10-07T00:01:00.807229+00:00,HM110016,07,3,20261007085423,20261006095036,20261006123015,20261007085221,HM
2026-10-07T00:01:00.807229+00:00,HM110020,05,3,20261007085423,20261006073829,20261006112011,20261006073829,HM
2026-10-07T00:01:00.807229+00:00,HM110030,02,3,20261007085823,20261005211102,20261006013901,20261005211102,HM
2026-10-07T00:01:00.807229+00:00,HM110082,02,2,20261007085625,20261007073051,20261007085432,,HM
2026-10-07T00:01:00.807229+00:00,HM110101,01,3,20261007085625,20261002085201,20261002150315,20261007085544,HM
2026-10-07T00:01:00.807229+00:00,HM110133,08,2,20261007085224,20261007004636,20261007085047,,HM
2026-10-07T00:01:00.807229+00:00,HM110195,01,2,20261007085225,20261007065824,20261007085008,,HM
2026-10-07T00:01:00.807229+00:00,HM110198,02,3,20261007085626,20261006093759,20261006110942,20261007085522,HM
2026-10-07T00:01:00.807229+00:00,HM110200,01,3,20261007085626,20261001085626,20261001104927,20261007085450,HM
2026-10-07T00:01:00.807229+00:00,HM110219,05,3,20261007085626,20261006091835,20261006095010,20261006091835,HM
2026-10-07T00:01:00.807229+00:00,HM110247,01,3,20261007085226,20261005080744,20261005143659,20261007085128,HM
2026-10-07T00:01:00.807229+00:00,HM110251,01,2,20261007085426,20261007071806,20261007083021,,HM
2026-10-07T00:01:00.807229+00:00,HM110251,03,2,20261007085226,20261006181248,20261006192840,,HM
2026-10-07T00:01:00.807229+00:00,HM110251,08,3,20261007085426,20261006164045,20261006192354,20261007085354,HM
2026-10-07T00:01:00.807229+00:00,HM110268,09,3,20261007085627,20261006150404,20261006153540,20261006150404,HM
2026-10-07T00:01:00.807229+00:00,HM110289,02,3,20261007085426,20261006180150,20261006221306,20261007085231,HM
2026-10-07T00:01:00.807229+00:00,HM110314,01,3,20261007085227,20261002084429,20261002092624,20261007085114,HM
2026-10-07T00:01:00.807229+00:00,HM110323,06,3,20261007085227,20261006123622,20261006220247,20261007085012,HM
2026-10-07T00:01:00.807229+00:00,HM110333,02,3,20261007085227,20261006130517,20261006162436,20261007085112,HM
2026-10-07T00:01:00.807229+00:00,HM110360,02,3,20261007085427,20261006084323,20261006102408,20261006084323,HM
2026-10-07T00:01:00.807229+00:00,HY000003,03,2,20261007090001,20260709154228,20260820145526,,HY
2026-10-07T00:01:00.807229+00:00,HY000003,04,2,20261007090001,20261006183104,20261006183104,,HY
2026-10-07T00:01:00.807229+00:00,HY000019,02,2,20261007090003,20261002101740,20261004115332,,HY
2026-10-07T00:01:00.807229+00:00,HY000019,03,2,20261007090003,20261001200646,20261002064706,,HY
2026-10-07T00:01:00.807229+00:00,HY000019,05,2,20261007090003,20261006150426,20261007065032,,HY
2026-10-07T00:01:00.807229+00:00,HY000019,08,2,20261007090003,20261002100945,20261004122002,,HY
2026-10-07T00:01:00.807229+00:00,HY000019,09,2,20261007090003,20261002135730,20261004122014,,HY
2026-10-07T00:01:00.807229+00:00,HY000019,11,3,20261007090003,20261007063918,20261004135821,20261007063918,HY
2026-10-07T00:01:00.807229+00:00,HY000109,07,3,20261007090009,20261007085914,20261006172205,20261007085914,HY
2026-10-07T00:01:00.807229+00:00,HY000411,01,3,20261007085606,20261007085506,20261006193014,20261007085506,HY
2026-10-07T00:01:00.807229+00:00,HY000530,17,2,20261007085106,20261006191327,20261007085103,,HY
2026-10-07T00:01:00.807229+00:00,HY000552,13,2,20261007085905,20261006214828,20261007085854,,HY
2026-10-07T00:01:00.807229+00:00,HY000842,05,3,20261007085305,20261007085220,20261006185651,20261007085220,HY
2026-10-07T00:01:00.807229+00:00,HY000893,12,2,20261007090009,20261006200052,20261007085957,,HY
2026-10-07T00:01:00.807229+00:00,HY000893,38,3,20261007085107,20261007085039,20261006173316,20261007085039,HY
2026-10-07T00:01:00.807229+00:00,HY001159,02,2,20261007085107,20261006210029,20261007085012,,HY
2026-10-07T00:01:00.807229+00:00,HY001187,04,2,20261007085209,20261006210539,20261007085104,,HY
2026-10-07T00:01:00.807229+00:00,HY001406,09,2,20261007085208,20261007012459,20261007085147,,HY
2026-10-07T00:01:00.807229+00:00,HY001515,02,2,20261007085905,20261006201849,20261006223912,,HY
2026-10-07T00:01:00.807229+00:00,HY001608,06,2,20261007085108,20261006212318,20261007085049,,HY
2026-10-07T00:01:00.807229+00:00,IM000283,01,3,20261007085457,20261007085342,20261006104748,20261007085457,IM
2026-10-07T00:01:00.807229+00:00,IM000319,03,3,20261007085458,20261007085156,20261005182237,20261007085458,IM
2026-10-07T00:01:00.807229+00:00,JA110011,01,3,20261007085601,20261007085601,20261007074900,20261007085601,JA
2026-10-07T00:01:00.807229+00:00,JA110025,03,3,20261007090004,20261007090004,20261006164902,20261007090004,JA
2026-10-07T00:01:00.807229+00:00,JA110026,20,3,20261007085600,20261007085600,20261006195001,20261007085600,JA
2026-10-07T00:01:00.807229+00:00,JA110027,17,2,20261007085602,20261007071401,20261007085602,,JA
2026-10-07T00:01:00.807229+00:00,JA110040,37,2,20261007085605,20261007074903,20261007085605,,JA
2026-10-07T00:01:00.807229+00:00,JA110048,02,3,20261007085607,20261007085607,20261007011407,20261007085607,JA
2026-10-07T00:01:00.807229+00:00,JA110101,01,2,20261007085609,20261007064907,20261007085609,,JA
2026-10-07T00:01:00.807229+00:00,JA110107,01,3,20261007085610,20261007085610,20261006202810,20261007085610,JA
2026-10-07T00:01:00.807229+00:00,JA110108,02,3,20261007085610,20261007085610,20261002181409,20261007085610,JA
2026-10-07T00:01:00.807229+00:00,JA110112,01,3,20261007085611,20261007085611,20261006184909,20261007085611,JA
2026-10-07T00:01:00.807229+00:00,JA110197,07,2,20261007085622,20261007084020,20261007085622,,JA
2026-10-07T00:01:00.807229+00:00,JA110197,08,3,20261007085622,20261007085622,20261007084020,20261007085622,JA
2026-10-07T00:01:00.807229+00:00,JA110197,09,2,20261007085622,20261007084020,20261007085622,,JA
2026-10-07T00:01:00.807229+00:00,JA110198,01,3,20261007085622,20261007085622,20261007075617,20261007085622,JA
2026-10-07T00:01:00.807229+00:00,JA110198,02,3,20261007085622,20261007085622,20261007075617,20261007085622,JA
2026-10-07T00:01:00.807229+00:00,JA110201,03,2,20261007085622,20261007084220,20261007085622,,JA
2026-10-07T00:01:00.807229+00:00,JA110202,16,3,20261007085622,20261007085622,20261007082019,20261007085622,JA
2026-10-07T00:01:00.807229+00:00,JA110203,19,2,20261007085622,20261007084220,20261007085622,,JA
2026-10-07T00:01:00.807229+00:00,JA110203,25,3,20261007085622,20261007085622,20261007000724,20261007085622,JA
2026-10-07T00:01:00.807229+00:00,KE000481,02,2,20261007085959,20261007015708,20261007085946,,KE
2026-10-07T00:01:00.807229+00:00,KE000639,01,2,20261007085800,20261007080635,20261007085708,,KE
2026-10-07T00:01:00.807229+00:00,KE000698,04,3,20261007085159,20261007085148,20261006233714,20261007085148,KE
2026-10-07T00:01:00.807229+00:00,KE000739,03,2,20261007085459,20261006220059,20261007085458,,KE
2026-10-07T00:01:00.807229+00:00,KE000988,03,2,20261007085901,20261007000939,20261007012550,,KE
2026-10-07T00:01:00.807229+00:00,KE000996,03,3,20261007085600,20261007084525,20261004125443,20261007084525,KE
2026-10-07T00:01:00.807229+00:00,KE001340,01,9,20261007085310,20261007074828,20261007081756,,KE
2026-10-07T00:01:00.807229+00:00,KE001538,03,3,20261007085659,20261007085605,20261006110425,20261007085605,KE
2026-10-07T00:01:00.807229+00:00,KL001867,02,3,20261007085301,20261007085301,20261007085134,20261007085134,KL
2026-10-07T00:01:00.807229+00:00,KL002129,02,2,20261007090002,20261007033412,20261007085420,,KL
2026-10-07T00:01:00.807229+00:00,KL200155,65,2,20261007085713,20261007040100,20261007085517,,KL
2026-10-07T00:01:00.807229+00:00,KL200156,50,3,20261007085125,20261007085125,20261007085055,20261007075052,KL
2026-10-07T00:01:00.807229+00:00,KL200242,50,2,20261007085441,20261006221620,20261007043129,,KL
2026-10-07T00:01:00.807229+00:00,KL200274,45,3,20261007085909,20261007085909,20261007085844,20261007075844,KL
2026-10-07T00:01:00.807229+00:00,KP000296,03,5,20261007090008,20260623164253,20260624091514,,KP
2026-10-07T00:01:00.807229+00:00,KP000336,02,3,20261007090010,20261006142531,20261006152939,20261007085052,KP
2026-10-07T00:01:00.807229+00:00,KP000801,04,3,20261007090010,20261006230004,20261007044501,20261007085040,KP
2026-10-07T00:01:00.807229+00:00,KP000818,02,3,20261007090010,20261006213522,20261007040501,20261007085251,KP
2026-10-07T00:01:00.807229+00:00,KRC10141,01,3,20261007085814,20261006235819,20261006235819,20261007085813,KR
2026-10-07T00:01:00.807229+00:00,KRC10141,02,3,20261007085403,20261006235408,20261006235408,20261007085402,KR
2026-10-07T00:01:00.807229+00:00,KRC10225,05,3,20261007085828,20261006235833,20261006235833,20261007085826,KR
2026-10-07T00:01:00.807229+00:00,LCSLCGP1,11,2,20261007090010,20261007033010,20261007090010,,LC
2026-10-07T00:01:00.807229+00:00,LI000358,01,3,20261007085744,20261007085744,20261007085244,20261007085744,LI
2026-10-07T00:01:00.807229+00:00,LI000358,03,2,20261007085729,20261007085546,20261007085547,,LI
2026-10-07T00:01:00.807229+00:00,LI000463,02,2,20261007085607,20261007085602,20261007085607,,LI
2026-10-07T00:01:00.807229+00:00,LI000468,03,3,20261007085703,20261007085703,20261007085615,20261007085703,LI
2026-10-07T00:01:00.807229+00:00,LU000258,02,2,20261007085906,20261006180622,20261006215831,,LU
2026-10-07T00:01:00.807229+00:00,LU000317,01,2,20261007085255,20261006190219,20261007041550,,LU
2026-10-07T00:01:00.807229+00:00,LU000601,02,2,20261007085347,20261006213305,20261007024514,,LU
2026-10-07T00:01:00.807229+00:00,LU000639,02,3,20261007085820,20261007085830,20261006105121,20261006091235,LU
2026-10-07T00:01:00.807229+00:00,LU000876,01,3,20261007085725,20261006095600,20261006115904,20261006095600,LU
2026-10-07T00:01:00.807229+00:00,LU001013,04,3,20261007085657,20261007085724,20261005133821,20261005101916,LU
2026-10-07T00:01:00.807229+00:00,LU001058,01,3,20261007085159,20261007085222,20261006103454,20261006083802,LU
2026-10-07T00:01:00.807229+00:00,LU001058,02,3,20261007085427,20261007085436,20261005112831,20261005101313,LU
2026-10-07T00:01:00.807229+00:00,LU001058,03,3,20261007085546,20261007071945,20261007085544,20261007071945,LU
2026-10-07T00:01:00.807229+00:00,LU001236,07,2,20261007085852,20261006233859,20261007053911,,LU
2026-10-07T00:01:00.807229+00:00,LU001272,07,3,20261007085726,20261007085751,20261007085723,20261007085717,LU
2026-10-07T00:01:00.807229+00:00,LU001456,09,2,20261007085354,20261006173014,20261006185459,,LU
2026-10-07T00:01:00.807229+00:00,LU001535,01,2,20261007085704,20261006155411,20261006182411,,LU
2026-10-07T00:01:00.807229+00:00,LU001535,08,2,20261007085849,20261006235313,20261007010249,,LU
2026-10-07T00:01:00.807229+00:00,LU001582,03,2,20261007085321,20261007072747,20261007085321,,LU
2026-10-07T00:01:00.807229+00:00,LU001639,08,2,20261007085705,20261006172145,20261006173645,,LU
2026-10-07T00:01:00.807229+00:00,LU001982,04,2,20261007085411,20261006130336,20261006164436,,LU
2026-10-07T00:01:00.807229+00:00,LU001983,01,3,20261007085410,20261007085429,20261006114008,20261006085057,LU
2026-10-07T00:01:00.807229+00:00,LU002007,07,3,20261007085344,20261007085359,20261006154041,20261006091349,LU
2026-10-07T00:01:00.807229+00:00,LU002024,16,3,20261007085422,20261007085429,20261006161436,20261006130232,LU
2026-10-07T00:01:00.807229+00:00,LU002024,17,3,20261007085235,20261007085243,20261006175337,20261006100157,LU
2026-10-07T00:01:00.807229+00:00,LU002297,40,2,20261007085129,20261006195551,20261007000602,,LU
2026-10-07T00:01:00.807229+00:00,LU002329,04,3,20261007085637,20261007085708,20261004135959,20261004113853,LU
2026-10-07T00:01:00.807229+00:00,LU002378,04,3,20261007085435,20261007063209,20261007085433,20261007063209,LU
2026-10-07T00:01:00.807229+00:00,LU002427,02,3,20261007085956,20261007043943,20261007085954,20261007043943,LU
2026-10-07T00:01:00.807229+00:00,LU002514,02,3,20261007085700,20261007085716,20261006105156,20261006092611,LU
2026-10-07T00:01:00.807229+00:00,LU002518,02,3,20261007085802,20261007064944,20261007085801,20261007064944,LU
2026-10-07T00:01:00.807229+00:00,LU002521,04,2,20261007085742,20261006151229,20261007022629,,LU
2026-10-07T00:01:00.807229+00:00,LU002751,04,3,20261007085957,20261005173905,20261005211847,20261005173905,LU
2026-10-07T00:01:00.807229+00:00,LU002903,03,2,20261007085619,20261007071741,20261007085539,,LU
2026-10-07T00:01:00.807229+00:00,LU002935,03,2,20261007090003,20261006223956,20261007014209,,LU
2026-10-07T00:01:00.807229+00:00,LU002964,03,2,20261007085523,20261006175631,20261006202529,,LU
2026-10-07T00:01:00.807229+00:00,LU003002,05,2,20261007085945,20261006175244,20261006220355,,LU
2026-10-07T00:01:00.807229+00:00,LU003030,05,2,20261007085116,20261007000119,20261007012432,,LU
2026-10-07T00:01:00.807229+00:00,LU003053,01,3,20261007085239,20261007053356,20261007085238,20261007053356,LU
2026-10-07T00:01:00.807229+00:00,LU003192,03,2,20261007085655,20261006232041,20261007024444,,LU
2026-10-07T00:01:00.807229+00:00,LU003214,10,2,20261007085840,20261006220344,20261007085835,,LU
2026-10-07T00:01:00.807229+00:00,LU003312,02,3,20261007085701,20261007085710,20261007033847,20261006184253,LU
2026-10-07T00:01:00.807229+00:00,LU003328,09,2,20261007085859,20261006165724,20261006212043,,LU
2026-10-07T00:01:00.807229+00:00,LU003390,03,2,20261007085722,20261006231540,20261007085645,,LU
2026-10-07T00:01:00.807229+00:00,LU003613,03,2,20261007085621,20261007084405,20261007085611,,LU
2026-10-07T00:01:00.807229+00:00,LU003694,07,3,20261007085651,20261006230912,20261007085650,20261006230912,LU
2026-10-07T00:01:00.807229+00:00,LU003755,05,3,20261007085722,20261007085732,20261007072104,20261007054939,LU
2026-10-07T00:01:00.807229+00:00,LU003789,13,2,20261007085220,20261006165441,20261006204806,,LU
2026-10-07T00:01:00.807229+00:00,LU003910,02,2,20261007085341,20261006230933,20261007041150,,LU
2026-10-07T00:01:00.807229+00:00,LU004023,09,2,20261007085627,20261006180436,20261006192351,,LU
2026-10-07T00:01:00.807229+00:00,LU004040,20,3,20261007085912,20261007085918,20261007041859,20261006200415,LU
2026-10-07T00:01:00.807229+00:00,LU004212,04,2,20261007085501,20261006202654,20261007085438,,LU
2026-10-07T00:01:00.807229+00:00,LU100200,05,2,20261007085535,20261006212012,20261007023702,,LU
2026-10-07T00:01:00.807229+00:00,LU100368,02,2,20261007085801,20261006203109,20261007020640,,LU
2026-10-07T00:01:00.807229+00:00,LU100436,03,3,20261007085118,20261007085123,20261006163048,20261006131713,LU
2026-10-07T00:01:00.807229+00:00,LU100474,17,2,20261007085751,20261006171624,20261006221256,,LU
2026-10-07T00:01:00.807229+00:00,LU100474,22,2,20261007085459,20261006162658,20261006174550,,LU
2026-10-07T00:01:00.807229+00:00,LU100474,47,2,20261007085608,20261006162427,20261006230910,,LU
2026-10-07T00:01:00.807229+00:00,LU100480,02,2,20261007085412,20261006220652,20261007074447,,LU
2026-10-07T00:01:00.807229+00:00,LU100767,08,2,20261007085151,20261006230752,20261007031107,,LU
2026-10-07T00:01:00.807229+00:00,LU100784,05,3,20261007085319,20261007085346,20261001164930,20261007085319,LU
2026-10-07T00:01:00.807229+00:00,LU101100,12,3,20261007085959,20261005193808,20261006023740,20261005193808,LU
2026-10-07T00:01:00.807229+00:00,LU101187,04,3,20261007085658,20261007022655,20261007085656,20261007022655,LU
2026-10-07T00:01:00.807229+00:00,LU101287,05,2,20261007085211,20261007000348,20261007071917,,LU
2026-10-07T00:01:00.807229+00:00,LU101446,10,3,20261007085700,20261006195845,20261006223944,20261006195845,LU
2026-10-07T00:01:00.807229+00:00,LU101477,02,2,20261007085959,20261006201728,20261006230945,,LU
2026-10-07T00:01:00.807229+00:00,LU101504,05,3,20261007085311,20261007085314,20261006154350,20261006084957,LU
2026-10-07T00:01:00.807229+00:00,LU101573,20,2,20261007085713,20261006202648,20261007013728,,LU
2026-10-07T00:01:00.807229+00:00,LU101573,35,2,20261007085751,20261006183418,20261007001400,,LU
2026-10-07T00:01:00.807229+00:00,LU101578,25,2,20261007085632,20261006221559,20261007072725,,LU
2026-10-07T00:01:00.807229+00:00,LU101578,26,2,20261007085349,20261006192147,20261007034210,,LU
2026-10-07T00:01:00.807229+00:00,LU101631,38,3,20261007085514,20261007085523,20261006172420,20261006145120,LU
2026-10-07T00:01:00.807229+00:00,LU101641,02,2,20261007085542,20261006185003,20261006204547,,LU
2026-10-07T00:01:00.807229+00:00,LU101641,10,2,20261007085445,20261006215416,20261007003705,,LU
2026-10-07T00:01:00.807229+00:00,LU101683,16,3,20261007085639,20261007085810,20261007032547,20261006164711,LU
2026-10-07T00:01:00.807229+00:00,LU101686,31,2,20261007085331,20261006211150,20261006231058,,LU
2026-10-07T00:01:00.807229+00:00,LU101686,34,3,20261007085952,20261006190732,20261007041526,20261006190732,LU
2026-10-07T00:01:00.807229+00:00,LU101686,48,3,20261007085530,20261007085533,20261006235816,20261006222034,LU
2026-10-07T00:01:00.807229+00:00,LU101706,22,2,20261007085305,20261006205106,20261006234832,,LU
2026-10-07T00:01:00.807229+00:00,LU101768,12,2,20261007085502,20261006231508,20261007003908,,LU
2026-10-07T00:01:00.807229+00:00,LU101796,05,2,20261007085846,20261006190821,20261007051624,,LU
2026-10-07T00:01:00.807229+00:00,LU101797,01,3,20261007085221,20261007085228,20261002180644,20261007085221,LU
2026-10-07T00:01:00.807229+00:00,LU101819,03,2,20261007085543,20261006180617,20261006203114,,LU
2026-10-07T00:01:00.807229+00:00,MO112910,03,2,20261007090005,20260901220003,20260901220005,,MO
2026-10-07T00:01:00.807229+00:00,MO112911,01,2,20261007090005,20261006211305,20261006211310,,MO
2026-10-07T00:01:00.807229+00:00,MO114401,01,2,20261007090005,20260919201150,20260920052309,,MO
2026-10-07T00:01:00.807229+00:00,MO114401,02,2,20261007090005,20260917193804,20260918025432,,MO
2026-10-07T00:01:00.807229+00:00,MO114403,01,2,20261007090005,20260915105045,20260915175804,,MO
2026-10-07T00:01:00.807229+00:00,MO114701,01,3,20261007090005,20261007090005,20261007090004,20261007090005,MO
2026-10-07T00:01:00.807229+00:00,MO114703,01,9,20261007090005,20261006082801,20261006082810,,MO
2026-10-07T00:01:00.807229+00:00,MO115004,01,2,20261007090005,20240801062802,20240801062812,,MO
2026-10-07T00:01:00.807229+00:00,MO115004,02,2,20261007090005,20240730062802,20240730062816,,MO
2026-10-07T00:01:00.807229+00:00,MO115004,03,2,20261007090005,20240731202116,20240731202127,,MO
2026-10-07T00:01:00.807229+00:00,MO115307,01,2,20261007090005,20260708070003,20260708070004,,MO
2026-10-07T00:01:00.807229+00:00,MO115309,01,2,20261007090005,20260615090004,20260615090004,,MO
2026-10-07T00:01:00.807229+00:00,MO115605,02,2,20261007090005,20261007090002,20261007090005,,MO
2026-10-07T00:01:00.807229+00:00,MO116803,01,2,20261007090005,20261007052800,20261007052810,,MO
2026-10-07T00:01:00.807229+00:00,MO116804,01,2,20261007090005,20260310125633,20260310125652,,MO
2026-10-07T00:01:00.807229+00:00,MO910140,01,3,20261007085115,20261007085115,20261007084959,20261007085115,MO
2026-10-07T00:01:00.807229+00:00,NS002376,01,2,20261007090001,20261006170000,20261007090001,,NS
2026-10-07T00:01:00.807229+00:00,NS850107,04,2,20261007085750,20261006061010,20261006111008,,NS
2026-10-07T00:01:00.807229+00:00,NS850121,11,5,20261007085708,20261002011016,20261002051042,,NS
2026-10-07T00:01:00.807229+00:00,NT100032,17,2,20261007085150,20261006190150,20261007085150,,NT
2026-10-07T00:01:00.807229+00:00,NT100060,08,3,20261007085450,20261007085450,20261006193950,20261007085450,NT
2026-10-07T00:01:00.807229+00:00,NT100095,12,2,20261007085350,20261006182150,20261007085350,,NT
2026-10-07T00:01:00.807229+00:00,NT100334,06,9,20261007085350,20261007024550,20261007085350,,NT
2026-10-07T00:01:00.807229+00:00,NT100440,01,2,20261007085650,20261006180850,20261007085650,,NT
2026-10-07T00:01:00.807229+00:00,NT100440,03,2,20261007085950,20261006151050,20261007085950,,NT
2026-10-07T00:01:00.807229+00:00,NT100489,18,2,20261007085850,20261007060250,20261007085850,,NT
2026-10-07T00:01:00.807229+00:00,NT100489,26,2,20261007085350,20261006203150,20261007085350,,NT
2026-10-07T00:01:00.807229+00:00,NT100582,12,3,20261007085650,20261007085650,20261002152850,20261007085650,NT
2026-10-07T00:01:00.807229+00:00,NT100601,02,2,20261007085950,20261006215650,20261007085950,,NT
2026-10-07T00:01:00.807229+00:00,NT100978,11,2,20261007085850,20261006183350,20261007085850,,NT
2026-10-07T00:01:00.807229+00:00,NT101179,02,2,20261007085650,20261007071450,20261007085650,,NT
2026-10-07T00:01:00.807229+00:00,NT101360,02,2,20261007085450,20261006220150,20261007085450,,NT
2026-10-07T00:01:00.807229+00:00,NT101454,11,2,20261007085250,20261006202050,20261007085250,,NT
2026-10-07T00:01:00.807229+00:00,NT101512,04,2,20261007085450,20261006212350,20261007085450,,NT
2026-10-07T00:01:00.807229+00:00,NT101629,03,3,20261007085950,20261007085950,20261006183550,20261007085950,NT
2026-10-07T00:01:00.807229+00:00,NT101692,09,3,20261007085650,20261007085650,20261007065650,20261007085650,NT
2026-10-07T00:01:00.807229+00:00,NT101743,03,3,20261007085950,20261007085950,20261005142550,20261007085950,NT
2026-10-07T00:01:00.807229+00:00,NT101773,09,3,20261007085850,20261007085850,20261006221650,20261007085850,NT
2026-10-07T00:01:00.807229+00:00,NT101833,14,3,20261007085450,20261007085450,20261001151550,20261007085450,NT
2026-10-07T00:01:00.807229+00:00,NT101833,21,2,20261007085250,20261007022150,20261007085250,,NT
2026-10-07T00:01:00.807229+00:00,NT101833,58,2,20261007085450,20261006175350,20261007085450,,NT
2026-10-07T00:01:00.807229+00:00,NT101892,10,2,20261007085350,20261005222350,20261006071650,,NT
2026-10-07T00:01:00.807229+00:00,NT101945,12,2,20261007085550,20261005210650,20261007085550,,NT
2026-10-07T00:01:00.807229+00:00,NT102002,01,2,20261007085250,20261006235250,20261007085250,,NT
2026-10-07T00:01:00.807229+00:00,NT102002,04,2,20261007085950,20261006230450,20261007085950,,NT
2026-10-07T00:01:00.807229+00:00,NT102109,01,3,20261007085150,20261007085150,20261006103450,20261007085150,NT
2026-10-07T00:01:00.807229+00:00,NT102120,01,2,20261007085150,20261006231050,20261007085150,,NT
2026-10-07T00:01:00.807229+00:00,NT102120,06,3,20261007085250,20261007085250,20261006123450,20261007085250,NT
2026-10-07T00:01:00.807229+00:00,NT102127,02,2,20261007085550,20261006231050,20261007085550,,NT
2026-10-07T00:01:00.807229+00:00,NT102150,02,3,20261007085550,20261007085550,20261007081050,20261007085550,NT
2026-10-07T00:01:00.807229+00:00,NT102153,24,2,20261007085450,20261007064750,20261007085450,,NT
2026-10-07T00:01:00.807229+00:00,NT102276,04,2,20261007085650,20261007013950,20261007085650,,NT
2026-10-07T00:01:00.807229+00:00,NT102277,10,3,20261007085150,20261007085150,20261007042350,20261007085150,NT
2026-10-07T00:01:00.807229+00:00,NT102289,16,2,20261007085550,20261006222050,20261007085550,,NT
2026-10-07T00:01:00.807229+00:00,NT102326,01,2,20261007085750,20261007032950,20261007085750,,NT
2026-10-07T00:01:00.807229+00:00,NT102328,03,3,20261007085550,20261007085550,20261006222850,20261007085550,NT
2026-10-07T00:01:00.807229+00:00,NT102514,08,2,20261007085250,20261007030550,20261007085250,,NT
2026-10-07T00:01:00.807229+00:00,NT102514,13,3,20261007085650,20261007085650,20261007084150,20261007085650,NT
2026-10-07T00:01:00.807229+00:00,NT102518,03,9,20261007085850,20261007031050,20261007085850,,NT
2026-10-07T00:01:00.807229+00:00,NT102533,01,2,20261007085850,20261007012650,20261007085850,,NT
2026-10-07T00:01:00.807229+00:00,NT102598,18,2,20261007085750,20261007010550,20261007085750,,NT
2026-10-07T00:01:00.807229+00:00,NT102614,09,3,20261007085250,20261007085250,20261006042050,20261007085250,NT
2026-10-07T00:01:00.807229+00:00,NT102701,05,2,20261007085950,20261007055750,20261007085950,,NT
2026-10-07T00:01:00.807229+00:00,NT102732,39,2,20261007085750,20261006170350,20261007085750,,NT
2026-10-07T00:01:00.807229+00:00,NT102765,38,3,20261007085450,20261007085450,20261007071150,20261007085450,NT
2026-10-07T00:01:00.807229+00:00,NT102766,43,2,20261007085850,20261006205450,20261007085850,,NT
2026-10-07T00:01:00.807229+00:00,NT102851,02,2,20261007085650,20261006184650,20261007085650,,NT
2026-10-07T00:01:00.807229+00:00,NT102873,02,2,20261007085550,20261007032350,20261007085550,,NT
2026-10-07T00:01:00.807229+00:00,NT102885,22,3,20261007085450,20261007085450,20261007060550,20261007085450,NT
2026-10-07T00:01:00.807229+00:00,NT102907,04,3,20261007085250,20261007085250,20261006182250,20261007085250,NT
2026-10-07T00:01:00.807229+00:00,NT102983,13,3,20261007085450,20261007085450,20261006181450,20261007085450,NT
2026-10-07T00:01:00.807229+00:00,NT300099,08,2,20261007085550,20261007062250,20261007085550,,NT
2026-10-07T00:01:00.807229+00:00,NT300099,10,3,20261007085650,20261007085650,20261002024350,20261007085650,NT
2026-10-07T00:01:00.807229+00:00,PC000093,01,3,20261007085937,20261006120013,20261006121340,20261007085937,PC
2026-10-07T00:01:00.807229+00:00,PC000112,01,3,20261007085753,20261007071745,20261007085329,20261007085753,PC
2026-10-07T00:01:00.807229+00:00,PC000200,02,3,20261007085555,20261005201448,20261006141810,20261007085555,PC
2026-10-07T00:01:00.807229+00:00,PC000259,03,2,20261007085330,20261006164358,20261007085258,,PC
2026-10-07T00:01:00.807229+00:00,PC000281,06,2,20261007085938,20261007073756,20261007085907,,PC
2026-10-07T00:01:00.807229+00:00,PC000301,03,2,20261007085713,20261006154017,20261007085615,,PC
2026-10-07T00:01:00.807229+00:00,PC000301,04,2,20261007090007,20261006151229,20261007085909,,PC
2026-10-07T00:01:00.807229+00:00,PC000301,05,2,20261007085659,20261006155014,20261007085600,,PC
2026-10-07T00:01:00.807229+00:00,PC000301,06,2,20261007085709,20261006190548,20261007085610,,PC
2026-10-07T00:01:00.807229+00:00,PC000350,09,3,20261007085836,20261005192533,20261006021817,20261007085836,PC
2026-10-07T00:01:00.807229+00:00,PC000416,03,3,20261007085315,20261006144855,20261006151356,20261007085315,PC
2026-10-07T00:01:00.807229+00:00,PC000416,04,3,20261007085259,20261006131733,20261006143544,20261007085259,PC
2026-10-07T00:01:00.807229+00:00,PC000556,02,2,20261007085459,20261006203729,20261007025238,,PC
2026-10-07T00:01:00.807229+00:00,PC000648,02,2,20261007085316,20261006210910,20261007004713,,PC
2026-10-07T00:01:00.807229+00:00,PC000721,03,3,20261007085554,20261006084730,20261006145339,20261007085554,PC
2026-10-07T00:01:00.807229+00:00,PC001108,25,2,20261007085516,20261006210828,20261007031207,,PC
2026-10-07T00:01:00.807229+00:00,PC001201,04,3,20261007085215,20261002125056,20261002183024,20261007085215,PC
2026-10-07T00:01:00.807229+00:00,PC001220,07,3,20261007085153,20261006195831,20261006214347,20261007085153,PC
2026-10-07T00:01:00.807229+00:00,PC001220,30,3,20261007085837,20261005145141,20261005171418,20261007085837,PC
2026-10-07T00:01:00.807229+00:00,PC001244,02,3,20261007085627,20261006211241,20261006225305,20261007085627,PC
2026-10-07T00:01:00.807229+00:00,PC001244,03,3,20261007085249,20261006165322,20261006213334,20261007085249,PC
2026-10-07T00:01:00.807229+00:00,PC001244,08,3,20261007085956,20261006141500,20261006144024,20261007085956,PC
2026-10-07T00:01:00.807229+00:00,PC001292,10,3,20261007085724,20261006182651,20261006184658,20261007085724,PC
2026-10-07T00:01:00.807229+00:00,PC001356,14,3,20261007085532,20261002181125,20261002123634,20261007085532,PC
2026-10-07T00:01:00.807229+00:00,PC001745,04,3,20261007085800,20261002085827,20261002091254,20261007085800,PC
2026-10-07T00:01:00.807229+00:00,PC001781,27,2,20261007085121,20261006224322,20261007035226,,PC
2026-10-07T00:01:00.807229+00:00,PC001850,02,3,20261007085153,20261006132731,20261006185052,20261007085153,PC
2026-10-07T00:01:00.807229+00:00,PC001861,06,3,20261007085739,20260927191752,20260928054446,20261007085739,PC
2026-10-07T00:01:00.807229+00:00,PI000486,01,3,20261007085619,20261007085417,20261006085723,20261007085619,PI
2026-10-07T00:01:00.807229+00:00,PI000487,03,3,20261007085821,20261007085645,20261006175252,20261007085821,PI
2026-10-07T00:01:00.807229+00:00,PI018892,02,2,20261007085119,20261007072555,20261007084705,,PI
2026-10-07T00:01:00.807229+00:00,PI019146,08,3,20261007085615,20261007085426,20261006172243,20261007085615,PI
2026-10-07T00:01:00.807229+00:00,PI067416,02,3,20261007085107,20261007084612,20261006004617,20261007085107,PI
2026-10-07T00:01:00.807229+00:00,PI069464,06,2,20261007085117,20261006230332,20261007041804,,PI
2026-10-07T00:01:00.807229+00:00,PI070891,04,3,20261007085123,20261007084911,20261006160901,20261007085123,PI
2026-10-07T00:01:00.807229+00:00,PI121407,02,2,20261007085631,20261006221614,20261007074712,,PI
2026-10-07T00:01:00.807229+00:00,PI122374,03,3,20261007085322,20261007085220,20261007002620,20261007085322,PI
2026-10-07T00:01:00.807229+00:00,PI122387,14,2,20261007085931,20261006213356,20261006234020,,PI
2026-10-07T00:01:00.807229+00:00,PI200401,02,9,20261007085810,20261007064005,20261006180800,20261007064109,PI
2026-10-07T00:01:00.807229+00:00,PI200779,13,2,20261007085701,20261006203010,20261007074953,,PI
2026-10-07T00:01:00.807229+00:00,PI200880,06,2,20261007085331,20261006211252,20261006213401,,PI
2026-10-07T00:01:00.807229+00:00,PI200918,08,3,20261007085634,20261007085350,20261007064639,20261007085634,PI
2026-10-07T00:01:00.807229+00:00,PI200941,17,2,20261007085139,20261005090605,20261005065506,,PI
2026-10-07T00:01:00.807229+00:00,PI200954,06,3,20261007085140,20261007084911,20261006194948,20261007085140,PI
2026-10-07T00:01:00.807229+00:00,PI200961,02,2,20261007085638,20261007083937,20261007085214,,PI
2026-10-07T00:01:00.807229+00:00,PI200965,02,3,20261007085142,20261007085116,20261007010058,20261007085142,PI
2026-10-07T00:01:00.807229+00:00,PI200968,05,3,20261007085142,20261007084959,20261007082817,20261007085142,PI
2026-10-07T00:01:00.807229+00:00,PI200973,03,3,20261007085144,20261007085032,20261003120726,20261007085144,PI
2026-10-07T00:01:00.807229+00:00,PI200990,02,3,20261007085640,20261007085245,20261002141624,20261007085640,PI
2026-10-07T00:01:00.807229+00:00,PI201000,02,3,20261007085641,20261007085236,20261003135914,20261007085641,PI
2026-10-07T00:01:00.807229+00:00,PI201575,05,3,20261007085208,20261007084916,20261006162800,20261007085208,PI
2026-10-07T00:01:00.807229+00:00,PI203049,11,2,20261007085209,20261007070402,20261007085018,,PI
2026-10-07T00:01:00.807229+00:00,PI204008,08,3,20261007085146,20261007085007,20261002104424,20261007085146,PI
2026-10-07T00:01:00.807229+00:00,PI204008,16,3,20261007085310,20261007084856,20261006222437,20261007085310,PI
2026-10-07T00:01:00.807229+00:00,PI204025,02,3,20261007085147,20261007085007,20261006122046,20261007085147,PI
2026-10-07T00:01:00.807229+00:00,PI204043,01,3,20261007085147,20261007084827,20261006233022,20261007085147,PI
2026-10-07T00:01:00.807229+00:00,PI204047,01,3,20261007085147,20261007085103,20261006180755,20261007085147,PI
2026-10-07T00:01:00.807229+00:00,PI204051,03,3,20261007085148,20261007085009,20261006132334,20261007085148,PI
2026-10-07T00:01:00.807229+00:00,PI204091,02,3,20261007085647,20261007085438,20261007062133,20261007085647,PI
2026-10-07T00:01:00.807229+00:00,PI204092,08,2,20261007085151,20261006085620,20261005123626,,PI
2026-10-07T00:01:00.807229+00:00,PI204098,01,9,20261007085810,20260927111341,20260927111720,,PI
2026-10-07T00:01:00.807229+00:00,PI204109,03,3,20261007085152,20261007084943,20261006130209,20261007085152,PI
2026-10-07T00:01:00.807229+00:00,PI204110,02,3,20261007085152,20261007085025,20261006173444,20261007085152,PI
2026-10-07T00:01:00.807229+00:00,PI204144,02,2,20261007085158,20261006005837,20261006064132,,PI
2026-10-07T00:01:00.807229+00:00,PI204153,06,3,20261007085654,20261007085442,20261006130814,20261007085654,PI
2026-10-07T00:01:00.807229+00:00,PI204153,15,3,20261007085654,20261007085426,20261006152807,20261007085654,PI
2026-10-07T00:01:00.807229+00:00,PI204154,01,3,20261007085654,20261007085511,20261006112856,20261007085654,PI
2026-10-07T00:01:00.807229+00:00,PI204154,11,3,20261007085654,20261007085208,20261006145513,20261007085654,PI
2026-10-07T00:01:00.807229+00:00,PI204154,14,3,20261007085654,20261007085453,20261006135841,20261007085654,PI
2026-10-07T00:01:00.807229+00:00,PI204155,05,3,20261007085159,20261007084958,20261006090814,20261007085159,PI
2026-10-07T00:01:00.807229+00:00,PI204192,04,3,20261007085658,20261007085501,20261006133836,20261007085658,PI
2026-10-07T00:01:00.807229+00:00,PI204195,02,3,20261007085658,20261007085501,20261006115215,20261007085658,PI
2026-10-07T00:01:00.807229+00:00,PI204213,05,3,20261007085207,20261007085004,20261005214045,20261007085207,PI
2026-10-07T00:01:00.807229+00:00,PI204214,03,3,20261007085700,20261007085543,20261006125217,20261007085700,PI
2026-10-07T00:01:00.807229+00:00,PI204219,05,2,20261007085701,20261006234825,20261007074955,,PI
2026-10-07T00:01:00.807229+00:00,PI204222,02,3,20261007085330,20261007084926,20261006164801,20261007085330,PI
2026-10-07T00:01:00.807229+00:00,PI204227,02,3,20261007085215,20261007085134,20261006105953,20261007085215,PI
2026-10-07T00:01:00.807229+00:00,PI204250,04,3,20261007085704,20261007085325,20261006184652,20261007085704,PI
2026-10-07T00:01:00.807229+00:00,PI204276,03,2,20261007085709,20261006201109,20261007041614,,PI
2026-10-07T00:01:00.807229+00:00,PI204278,01,3,20261007085709,20261007085643,20261006164032,20261007085709,PI
2026-10-07T00:01:00.807229+00:00,PI204290,01,2,20261007085218,20261007053153,20261006045244,,PI
2026-10-07T00:01:00.807229+00:00,PI204293,02,3,20261007085710,20261007085606,20261006201305,20261007085710,PI
2026-10-07T00:01:00.807229+00:00,PI204295,01,3,20261007085710,20261007085532,20260929133011,20261007085710,PI
2026-10-07T00:01:00.807229+00:00,PI204311,04,2,20261007085711,20261006212131,20261007084605,,PI
2026-10-07T00:01:00.807229+00:00,PI645074,02,2,20261007085804,20261007010225,20261007074755,,PI
2026-10-07T00:01:00.807229+00:00,PI645104,03,2,20261007085307,20261007083741,20261007085140,,PI
2026-10-07T00:01:00.807229+00:00,PI645479,10,3,20261007085837,20261007085509,20261003174333,20261007085837,PI
2026-10-07T00:01:00.807229+00:00,PI700041,04,3,20261007090005,20261007085550,20261007085006,20261007090005,PI
2026-10-07T00:01:00.807229+00:00,PI700043,02,3,20261007090005,20261007085510,20261005215417,20261007090005,PI
2026-10-07T00:01:00.807229+00:00,PI707758,30,3,20261007085511,20261007035726,20261006081159,20261007085511,PI
2026-10-07T00:01:00.807229+00:00,PI707856,03,2,20261007085512,20261006220555,20261007084408,,PI
2026-10-07T00:01:00.807229+00:00,PI708599,03,3,20261007085514,20261007085441,20261004174706,20261007085514,PI
2026-10-07T00:01:00.807229+00:00,PI708866,04,3,20261007085513,20261007085124,20261006053112,20261007085513,PI
2026-10-07T00:01:00.807229+00:00,PI709239,05,3,20261007085515,20261007085245,20261007080300,20261007085515,PI
2026-10-07T00:01:00.807229+00:00,PI709920,01,3,20261007085527,20261007085233,20261006170026,20261007085527,PI
2026-10-07T00:01:00.807229+00:00,PI710316,18,3,20261007085601,20261007085514,20260811064525,20261007085601,PI
2026-10-07T00:01:00.807229+00:00,PI712219,06,2,20261007085528,20261006154143,20261006232001,,PI
2026-10-07T00:01:00.807229+00:00,PI712449,42,2,20261007085535,20261006212759,20261007015333,,PI
2026-10-07T00:01:00.807229+00:00,PI713370,01,2,20261007085536,20261006192906,20261007033234,,PI
2026-10-07T00:01:00.807229+00:00,PI716788,01,2,20261007085551,20261006180748,20261006194742,,PI
2026-10-07T00:01:00.807229+00:00,PI717284,06,3,20261007085553,20261007085219,20261007083717,20261007085553,PI
2026-10-07T00:01:00.807229+00:00,PI717891,04,3,20261007085314,20261007084830,20261007073005,20261007085314,PI
2026-10-07T00:01:00.807229+00:00,PI724711,02,2,20261007085800,20261007054843,20261007085252,,PI
2026-10-07T00:01:00.807229+00:00,PI724711,03,2,20261007085302,20261007055106,20261007085127,,PI
2026-10-07T00:01:00.807229+00:00,PI730590,02,3,20261007085508,20261007085316,20261006150714,20261007085508,PI
2026-10-07T00:01:00.807229+00:00,PI740766,02,3,20261007085528,20261007085448,20261006133320,20261007085528,PI
2026-10-07T00:01:00.807229+00:00,PI740766,08,3,20261007085828,20261007085439,20261006204929,20261007085828,PI
2026-10-07T00:01:00.807229+00:00,PI747076,01,3,20261007085326,20261007084928,20261006135522,20261007085326,PI
2026-10-07T00:01:00.807229+00:00,PI747437,03,2,20261007085834,20261006195048,20261006211450,,PI
2026-10-07T00:01:00.807229+00:00,PI747534,04,2,20261007085837,20261006210025,20261007013320,,PI
2026-10-07T00:01:00.807229+00:00,PI750011,07,2,20261007085527,20261006221718,20261007002912,,PI
2026-10-07T00:01:00.807229+00:00,PI751496,02,2,20261007085556,20261006174353,20261007014113,,PI
2026-10-07T00:01:00.807229+00:00,PI752392,03,2,20261007085105,20261006214329,20261007062451,,PI
2026-10-07T00:01:00.807229+00:00,PI752983,03,3,20261007085110,20261007084830,20261006201512,20261007085110,PI
2026-10-07T00:01:00.807229+00:00,PI760043,01,2,20261007085516,20261006185503,20261006222515,,PI
2026-10-07T00:01:00.807229+00:00,PI761157,03,3,20261007085520,20261007085348,20261007065038,20261007085520,PI
2026-10-07T00:01:00.807229+00:00,PI761261,04,2,20261007085521,20261006194113,20261006221921,,PI
2026-10-07T00:01:00.807229+00:00,PI762040,14,3,20261007085527,20261007085410,20261006131427,20261007085527,PI
2026-10-07T00:01:00.807229+00:00,PI762630,02,2,20261007085533,20261006175341,20261007012751,,PI
2026-10-07T00:01:00.807229+00:00,PI764175,05,3,20261007085539,20261007085349,20261006172353,20261007085539,PI
2026-10-07T00:01:00.807229+00:00,PI764997,25,2,20261007085547,20261006145539,20261006224626,,PI
2026-10-07T00:01:00.807229+00:00,PI766662,14,2,20261007085602,20261006215557,20261007012011,,PI
2026-10-07T00:01:00.807229+00:00,PI766662,20,2,20261007085109,20261006205617,20261007075524,,PI
2026-10-07T00:01:00.807229+00:00,PI766984,02,3,20261007085558,20261007085216,20261006180848,20261007085558,PI
2026-10-07T00:01:00.807229+00:00,PI767274,15,3,20261007085558,20261007085112,20261006221924,20261007085558,PI
2026-10-07T00:01:00.807229+00:00,PI767383,01,3,20261007085608,20261007085144,20261006202812,20261007085608,PI
2026-10-07T00:01:00.807229+00:00,PI768588,04,2,20261007085611,20261006190044,20261006200512,,PI
2026-10-07T00:01:00.807229+00:00,PI768986,16,2,20261007085608,20261006173122,20261006201851,,PI
2026-10-07T00:01:00.807229+00:00,PI768986,23,2,20261007085114,20261006185308,20261006210711,,PI
2026-10-07T00:01:00.807229+00:00,PI769077,05,3,20261007085122,20261007085034,20261006130419,20261007085122,PI
2026-10-07T00:01:00.807229+00:00,PI769482,08,2,20261007085610,20261006200409,20261006231217,,PI
2026-10-07T00:01:00.807229+00:00,PI770215,01,3,20261007085718,20261007085250,20261007082713,20261007085718,PI
2026-10-07T00:01:00.807229+00:00,PI770215,02,3,20261007085718,20261007085510,20261007083205,20261007085718,PI
2026-10-07T00:01:00.807229+00:00,PI771881,04,2,20261007085223,20261006210653,20261006224706,,PI
2026-10-07T00:01:00.807229+00:00,PI771996,03,3,20261007085716,20261007085501,20261006115450,20261007085716,PI
2026-10-07T00:01:00.807229+00:00,PI772440,01,3,20261007085814,20261007085328,20261006165647,20261007085814,PI
2026-10-07T00:01:00.807229+00:00,PI773738,03,3,20261007085815,20261007085346,20261006133524,20261007085815,PI
2026-10-07T00:01:00.807229+00:00,PI773987,05,2,20261007085325,20261006211822,20261007013327,,PI
2026-10-07T00:01:00.807229+00:00,PI780120,01,3,20261007085506,20261007085328,20261002110028,20261007085506,PI
2026-10-07T00:01:00.807229+00:00,PI793799,01,3,20261007085338,20261007085253,20261006200312,20261007085338,PI
2026-10-07T00:01:00.807229+00:00,PI793855,19,2,20261007085841,20261006230801,20261007001507,,PI
2026-10-07T00:01:00.807229+00:00,PI794001,04,3,20261007085343,20261007085340,20261007043031,20261007085343,PI
2026-10-07T00:01:00.807229+00:00,PI794001,08,2,20261007085833,20261006173131,20261006232153,,PI
2026-10-07T00:01:00.807229+00:00,PI794299,23,2,20261007085836,20261007082842,20261007085453,,PI
2026-10-07T00:01:00.807229+00:00,PI794600,09,2,20261007085841,20261007034017,20261007085603,,PI
2026-10-07T00:01:00.807229+00:00,PI795182,01,2,20261007085838,20261007082147,20261007085406,,PI
2026-10-07T00:01:00.807229+00:00,PI795182,03,2,20261007085340,20261007024842,20261007025040,,PI
2026-10-07T00:01:00.807229+00:00,PI795306,08,3,20261007085839,20261007085442,20261006230148,20261007085839,PI
2026-10-07T00:01:00.807229+00:00,PI795355,04,3,20261007085839,20261007085734,20261006182522,20261007085839,PI
2026-10-07T00:01:00.807229+00:00,PI796562,03,2,20261007085354,20261006213812,20261007002721,,PI
2026-10-07T00:01:00.807229+00:00,PI796562,11,2,20261007085354,20261006223011,20261007001144,,PI
2026-10-07T00:01:00.807229+00:00,PI796587,05,2,20261007085354,20261005211903,20261006050404,,PI
2026-10-07T00:01:00.807229+00:00,PI796676,01,2,20261007085852,20261006221422,20261007040220,,PI
2026-10-07T00:01:00.807229+00:00,PI800215,02,3,20261007085311,20261007084805,20261006122119,20261007085311,PI
2026-10-07T00:01:00.807229+00:00,PI801383,05,2,20261007085821,20261006234529,20261007011612,,PI
2026-10-07T00:01:00.807229+00:00,PI802801,03,2,20261007085330,20261006171854,20261006205115,,PI
2026-10-07T00:01:00.807229+00:00,PI805078,06,3,20261007085348,20261007085231,20260923093553,20261007085348,PI
2026-10-07T00:01:00.807229+00:00,PI805183,01,3,20261007085848,20261007085624,20261006184653,20261007085848,PI
2026-10-07T00:01:00.807229+00:00,PI807782,01,2,20261007085358,20261006181427,20261006220421,,PI
2026-10-07T00:01:00.807229+00:00,PI807782,05,3,20261007085856,20261007085725,20261006194148,20261007085856,PI
2026-10-07T00:01:00.807229+00:00,PI807817,03,3,20261007085856,20261007085421,20261006224922,20261007085856,PI
2026-10-07T00:01:00.807229+00:00,PI807989,03,3,20261007085359,20261007084908,20261006155423,20261007085359,PI
2026-10-07T00:01:00.807229+00:00,PI808426,05,2,20261007085859,20261006194436,20261006215844,,PI
2026-10-07T00:01:00.807229+00:00,PI808645,05,2,20261007085859,20261006194706,20261007040241,,PI
2026-10-07T00:01:00.807229+00:00,PI808828,16,2,20261007085859,20261006173135,20261006213349,,PI
2026-10-07T00:01:00.807229+00:00,PI808960,04,2,20261007085402,20261007074457,20261007085050,,PI
2026-10-07T00:01:00.807229+00:00,PI809652,04,2,20261007085404,20261006215454,20261007054159,,PI
2026-10-07T00:01:00.807229+00:00,PI809659,09,2,20261007085902,20261007002756,20261007053626,,PI
2026-10-07T00:01:00.807229+00:00,PIA00165,06,2,20261007085405,20261006194306,20261007034223,,PI
2026-10-07T00:01:00.807229+00:00,PIA00212,01,3,20261007085406,20261007085349,20261006135615,20261007085406,PI
2026-10-07T00:01:00.807229+00:00,PIA00322,02,3,20261007085931,20261007085509,20261006163240,20261007085931,PI
2026-10-07T00:01:00.807229+00:00,PIH00080,07,2,20261007085251,20261006205654,20261007084841,,PI
2026-10-07T00:01:00.807229+00:00,PIH00168,01,3,20261007085255,20261007085037,20261006174909,20261007085255,PI
2026-10-07T00:01:00.807229+00:00,PIH00178,11,2,20261007085257,20261006203705,20261007084824,,PI
2026-10-07T00:01:00.807229+00:00,PIH00363,02,3,20261007085241,20261007084736,20261006112509,20261007085241,PI
2026-10-07T00:01:00.807229+00:00,PIH00401,08,3,20261007085254,20261007084943,20261006182142,20261007085254,PI
2026-10-07T00:01:00.807229+00:00,PIH01007,02,2,20261007085737,20261006190836,20261006223131,,PI
2026-10-07T00:01:00.807229+00:00,PIH01021,02,3,20261007085736,20261007085527,20261006135938,20261007085736,PI
2026-10-07T00:01:00.807229+00:00,PIH01383,03,2,20261007085256,20261007071114,20261007085241,,PI
2026-10-07T00:01:00.807229+00:00,PIH01487,06,2,20261007085252,20261006232125,20261007084829,,PI
2026-10-07T00:01:00.807229+00:00,PIH01948,04,2,20261007085747,20261007002512,20261007085513,,PI
2026-10-07T00:01:00.807229+00:00,PIH01989,02,3,20261007085240,20261007085130,20261006133453,20261007085240,PI
2026-10-07T00:01:00.807229+00:00,PIH02099,01,2,20261007085301,20261006184730,20261007011221,,PI
2026-10-07T00:01:00.807229+00:00,PIS00010,04,3,20261007085406,20261007085210,20261006141850,20261007085406,PI
2026-10-07T00:01:00.807229+00:00,PIS00010,05,3,20261007085406,20261007085240,20261006132529,20261007085406,PI
2026-10-07T00:01:00.807229+00:00,PIS00029,02,3,20261007085406,20261007084918,20261001185831,20261007085406,PI
2026-10-07T00:01:00.807229+00:00,PIS00047,04,3,20261007085835,20261007085809,20261006111610,20261007085835,PI
2026-10-07T00:01:00.807229+00:00,PIS00049,05,3,20261007085407,20261007084958,20261006193528,20261007085407,PI
2026-10-07T00:01:00.807229+00:00,PIS00052,12,2,20261007085407,20261006160411,20261007013212,,PI
2026-10-07T00:01:00.807229+00:00,PIS00057,03,3,20261007085905,20261007085549,20261006100503,20261007085905,PI
2026-10-07T00:01:00.807229+00:00,PIS00060,01,3,20261007085407,20261007084915,20261006234306,20261007085407,PI
2026-10-07T00:01:00.807229+00:00,PIS00060,03,2,20261007085407,20261007065800,20261007085126,,PI
2026-10-07T00:01:00.807229+00:00,PIS00061,01,2,20261007085407,20261007075108,20261007084853,,PI
2026-10-07T00:01:00.807229+00:00,PIS00063,03,3,20261007085905,20261007085508,20261002092149,20261007085905,PI
2026-10-07T00:01:00.807229+00:00,PIS00079,06,2,20261007085408,20261006190557,20261007001920,,PI
2026-10-07T00:01:00.807229+00:00,PIS00082,03,3,20261007085408,20261007085346,20261006201516,20261007085408,PI
2026-10-07T00:01:00.807229+00:00,PIS00092,01,3,20261007085408,20261007085224,20261006183542,20261007085408,PI
2026-10-07T00:01:00.807229+00:00,PK000005,02,2,20261007085148,20261007083000,20261007084835,,PK
2026-10-07T00:01:00.807229+00:00,PK000005,05,3,20261007085148,20261007075310,20261007081913,20261007084547,PK
2026-10-07T00:01:00.807229+00:00,PK000005,06,3,20261007085148,20261007070417,20261007072526,20261007084624,PK
2026-10-07T00:01:00.807229+00:00,PK000005,07,3,20261007085148,20261007073152,20261007082519,20261007084737,PK
2026-10-07T00:01:00.807229+00:00,PK000005,08,3,20261007085148,20261007071734,20261007075141,20261007084808,PK
2026-10-07T00:01:00.807229+00:00,PK000006,13,3,20261007085147,20261007073845,20261007080931,20261007084832,PK
2026-10-07T00:01:00.807229+00:00,PK000006,14,3,20261007085148,20261007073925,20261007080931,20261007084915,PK
2026-10-07T00:01:00.807229+00:00,PK000006,16,2,20261007085147,20261007081137,20261007084602,,PK
2026-10-07T00:01:00.807229+00:00,PK000006,18,3,20261007085148,20261007074410,20261007080244,20261007084210,PK
2026-10-07T00:01:00.807229+00:00,PK000007,06,2,20261007085150,20261007082025,20261007084740,,PK
2026-10-07T00:01:00.807229+00:00,PK000007,22,3,20261007085150,20261007002721,20261007004715,20261007084700,PK
2026-10-07T00:01:00.807229+00:00,PK000007,31,3,20261007085150,20261007072532,20261007075820,20261007084634,PK
2026-10-07T00:01:00.807229+00:00,PK000007,32,3,20261007085150,20261006221411,20261006230430,20261007084600,PK
2026-10-07T00:01:00.807229+00:00,PK000007,33,2,20261007085150,20261007080544,20261007084408,,PK
2026-10-07T00:01:00.807229+00:00,PK000008,01,3,20261007085150,20261007065849,20261007072400,20261007084650,PK
2026-10-07T00:01:00.807229+00:00,PK000009,01,3,20261007085148,20261007062608,20261007065401,20261007084802,PK
2026-10-07T00:01:00.807229+00:00,PK000009,02,3,20261007085148,20261007062647,20261007065359,20261007084832,PK
2026-10-07T00:01:00.807229+00:00,PK000009,06,2,20261007085148,20261007083320,20261007084630,,PK
2026-10-07T00:01:00.807229+00:00,PK000009,13,3,20261007085148,20261007074159,20261007075637,20261007084341,PK
2026-10-07T00:01:00.807229+00:00,PK000009,14,3,20261007085148,20261007074245,20261007075633,20261007084420,PK
2026-10-07T00:01:00.807229+00:00,PK000021,13,3,20261007085146,20261006214209,20261006222143,20261007084233,PK
2026-10-07T00:01:00.807229+00:00,PK000021,14,3,20261007085146,20261007065721,20261007070725,20261007084309,PK
2026-10-07T00:01:00.807229+00:00,PK000021,17,3,20261007085146,20261007070202,20261007072527,20261007084152,PK
2026-10-07T00:01:00.807229+00:00,PK000025,17,2,20261007085148,20261007082925,20261007084016,,PK
2026-10-07T00:01:00.807229+00:00,PK000025,18,2,20261007085148,20261007083003,20261007084016,,PK
2026-10-07T00:01:00.807229+00:00,PK000028,27,2,20261007085147,20261007083442,20261007084919,,PK
2026-10-07T00:01:00.807229+00:00,PK000028,28,2,20261007085147,20261007083523,20261007084941,,PK
2026-10-07T00:01:00.807229+00:00,PK000148,01,3,20261007085145,20261007073629,20261007081848,20261007084820,PK
2026-10-07T00:01:00.807229+00:00,PK000148,05,9,20261007085145,20261007082502,20261007084518,,PK
2026-10-07T00:01:00.807229+00:00,PK000148,08,2,20261007085145,20261007082653,20261007083854,,PK
2026-10-07T00:01:00.807229+00:00,PK000148,09,2,20261007085144,20261007081130,20261007084138,,PK
2026-10-07T00:01:00.807229+00:00,PK000148,10,2,20261007085145,20261007081204,20261007084138,,PK
2026-10-07T00:01:00.807229+00:00,PK000148,11,2,20261007085144,20261007081550,20261007084103,,PK
2026-10-07T00:01:00.807229+00:00,PK000148,13,2,20261007085145,20261007083035,20261007085044,,PK
2026-10-07T00:01:00.807229+00:00,PK000148,14,2,20261007085145,20261007083111,20261007085042,,PK
2026-10-07T00:01:00.807229+00:00,PK000148,17,3,20261007085148,20261007083642,20261007083903,20261007084939,PK
2026-10-07T00:01:00.807229+00:00,PK000148,19,3,20261007085148,20261007082732,20261007083625,20261007084209,PK
2026-10-07T00:01:00.807229+00:00,PK000148,20,3,20261007085148,20261007082805,20261007083625,20261007084242,PK
2026-10-07T00:01:00.807229+00:00,PK000148,23,3,20261007085148,20261007082645,20261007083813,20261007084202,PK
2026-10-07T00:01:00.807229+00:00,PK000156,02,2,20261007085146,20261007081111,20261007084916,,PK
2026-10-07T00:01:00.807229+00:00,PK000161,01,2,20261007085148,20261007081740,20261007084159,,PK
2026-10-07T00:01:00.807229+00:00,PK000161,02,2,20261007085148,20261007081812,20261007084159,,PK
2026-10-07T00:01:00.807229+00:00,PK000185,09,3,20261007085149,20261007080858,20261007082952,20261007085104,PK
2026-10-07T00:01:00.807229+00:00,PK000185,10,3,20261007085149,20261007071248,20261007073254,20261007084445,PK
2026-10-07T00:01:00.807229+00:00,PK000185,11,2,20261007085149,20261007083606,20261007085024,,PK
2026-10-07T00:01:00.807229+00:00,PK000186,05,3,20261007085150,20261007071759,20261007080328,20261007084343,PK
2026-10-07T00:01:00.807229+00:00,PK000186,07,2,20261007085150,20261007080629,20261007084254,,PK
2026-10-07T00:01:00.807229+00:00,PK000186,08,2,20261007085150,20261007080707,20261007084944,,PK
2026-10-07T00:01:00.807229+00:00,PK000288,07,2,20261007085147,20261007083442,20261007084919,,PK
2026-10-07T00:01:00.807229+00:00,PK000288,08,2,20261007085147,20261007083523,20261007084941,,PK
2026-10-07T00:01:00.807229+00:00,PK000289,01,2,20261007085146,20261007082935,20261007084931,,PK
2026-10-07T00:01:00.807229+00:00,PK000289,02,2,20261007085146,20261007083013,20261007084930,,PK
2026-10-07T00:01:00.807229+00:00,PK000291,07,2,20261007085144,20261007081519,20261007084643,,PK
2026-10-07T00:01:00.807229+00:00,PK000292,05,9,20261007085148,20261007081045,20261007084446,,PK
2026-10-07T00:01:00.807229+00:00,PK000292,06,9,20261007085148,20261007081122,20261007084445,,PK
2026-10-07T00:01:00.807229+00:00,PK000295,03,2,20261007085144,20261007082046,20261007084452,,PK
2026-10-07T00:01:00.807229+00:00,PK000296,03,3,20261007085146,20261006214209,20261006222143,20261007084233,PK
2026-10-07T00:01:00.807229+00:00,PK000296,04,3,20261007085146,20261007065721,20261007070725,20261007084309,PK
2026-10-07T00:01:00.807229+00:00,PK000296,07,3,20261007085146,20261007070202,20261007072527,20261007084152,PK
2026-10-07T00:01:00.807229+00:00,PK000297,03,2,20261007085148,20261007082925,20261007084016,,PK
2026-10-07T00:01:00.807229+00:00,PK000297,04,2,20261007085148,20261007083003,20261007084016,,PK
2026-10-07T00:01:00.807229+00:00,PK000474,17,9,20261007085147,20261007083446,20261007085108,,PK
2026-10-07T00:01:00.807229+00:00,PL000024,02,2,20261007085256,20261006214001,20261007085256,,PL
2026-10-07T00:01:00.807229+00:00,PL000172,01,2,20261007085110,20261006193935,20261007085110,,PL
2026-10-07T00:01:00.807229+00:00,PL000248,01,3,20261007085742,20261007085742,20261007073402,20261007085742,PL
2026-10-07T00:01:00.807229+00:00,PL000339,05,3,20261007085923,20261007085923,20261006211013,20261007085923,PL
2026-10-07T00:01:00.807229+00:00,PL000339,07,3,20261007085639,20261007085639,20261006184405,20261007085639,PL
2026-10-07T00:01:00.807229+00:00,PL000339,10,3,20261007090008,20261007090008,20261006185204,20261007090008,PL
2026-10-07T00:01:00.807229+00:00,PL000366,03,2,20261007085405,20261006214115,20261007085405,,PL
2026-10-07T00:01:00.807229+00:00,PL000406,01,2,20261007085359,20261006234558,20261007085359,,PL
2026-10-07T00:01:00.807229+00:00,PL000618,14,2,20261007085730,20261006182611,20261007085730,,PL
2026-10-07T00:01:00.807229+00:00,PL000668,03,2,20261007085302,20261006221645,20261007085302,,PL
2026-10-07T00:01:00.807229+00:00,PL000696,10,2,20261007085510,20261006212525,20261007085510,,PL
2026-10-07T00:01:00.807229+00:00,PL000696,11,2,20261007085848,20261007002634,20261007085848,,PL
2026-10-07T00:01:00.807229+00:00,PL000718,04,3,20261007085718,20261007085718,20261006182202,20261007085718,PL
2026-10-07T00:01:00.807229+00:00,PL000806,06,2,20261007085800,20261007062527,20261007085800,,PL
2026-10-07T00:01:00.807229+00:00,PL000808,32,2,20261007085931,20261006211433,20261007085931,,PL
2026-10-07T00:01:00.807229+00:00,PL000809,78,2,20261007085731,20261006210538,20261007085731,,PL
2026-10-07T00:01:00.807229+00:00,PL000809,97,3,20261007085143,20261007085143,20261007084907,20261007085143,PL
2026-10-07T00:01:00.807229+00:00,PL000993,10,2,20261007085707,20261005213445,20261007085707,,PL
2026-10-07T00:01:00.807229+00:00,PL000993,19,3,20261007085250,20261007085250,20261007071839,20261007085250,PL
2026-10-07T00:01:00.807229+00:00,PL001039,05,2,20261007085915,20261006192856,20261007085915,,PL
2026-10-07T00:01:00.807229+00:00,PL001240,02,2,20261007085906,20261006182447,20261007085906,,PL
2026-10-07T00:01:00.807229+00:00,PL001240,03,3,20261007085554,20261007085554,20261006050559,20261007085554,PL
2026-10-07T00:01:00.807229+00:00,PL001618,12,2,20261007085407,20261006151215,20261007085407,,PL
2026-10-07T00:01:00.807229+00:00,PL001951,85,2,20261007085245,20261006175509,20261007085245,,PL
2026-10-07T00:01:00.807229+00:00,PL002227,05,2,20261007085212,20261007073756,20261007085212,,PL
2026-10-07T00:01:00.807229+00:00,PL002227,08,3,20261007085225,20261007085225,20261002083728,20261007085225,PL
2026-10-07T00:01:00.807229+00:00,PL003526,59,2,20261007085142,20261005182118,20261007085142,,PL
2026-10-07T00:01:00.807229+00:00,PL003817,34,2,20261007085533,20261006235934,20261007085533,,PL
2026-10-07T00:01:00.807229+00:00,PL004212,28,2,20261007085601,20261006201737,20261007085601,,PL
2026-10-07T00:01:00.807229+00:00,PL005029,00,3,20261007085842,20261007085842,20261006135657,20261007085842,PL
2026-10-07T00:01:00.807229+00:00,PL005184,01,3,20261007085156,20261007085156,20261007080351,20261007085156,PL
2026-10-07T00:01:00.807229+00:00,PL005225,04,2,20261007085623,20261006180232,20261007085623,,PL
2026-10-07T00:01:00.807229+00:00,PL005225,08,3,20261007085956,20261007085956,20261007023001,20261007085956,PL
2026-10-07T00:01:00.807229+00:00,PL005528,03,2,20261007085402,20261006224121,20261007085402,,PL
2026-10-07T00:01:00.807229+00:00,PL005528,04,3,20261007085806,20261007085806,20261007085803,20261007085806,PL
2026-10-07T00:01:00.807229+00:00,PL027987,14,2,20261007085527,20261006191130,20261007085527,,PL
2026-10-07T00:01:00.807229+00:00,PL027987,33,2,20261007085608,20261006194902,20261007085608,,PL
2026-10-07T00:01:00.807229+00:00,PL029803,13,2,20261007085549,20261006223322,20261007085549,,PL
2026-10-07T00:01:00.807229+00:00,PL030380,00,3,20261007085344,20261007085344,20261006212635,20261007085344,PL
2026-10-07T00:01:00.807229+00:00,PL030468,44,3,20261007085651,20261007085651,20261001110256,20261007085651,PL
2026-10-07T00:01:00.807229+00:00,PL030579,16,2,20261007085423,20261006191143,20261007085423,,PL
2026-10-07T00:01:00.807229+00:00,PL030675,13,2,20261007085206,20261006205712,20261007085206,,PL
2026-10-07T00:01:00.807229+00:00,PL030699,05,2,20261007085703,20261006223417,20261007085703,,PL
2026-10-07T00:01:00.807229+00:00,PL030812,03,2,20261007085306,20261006155858,20261007085306,,PL
2026-10-07T00:01:00.807229+00:00,PL030866,06,2,20261007085858,20261006143936,20261007085858,,PL
2026-10-07T00:01:00.807229+00:00,PL031129,03,2,20261007085445,20261007075357,20261007085445,,PL
2026-10-07T00:01:00.807229+00:00,PL031171,02,3,20261007085452,20261007085452,20261007075548,20261007085452,PL
2026-10-07T00:01:00.807229+00:00,PL031425,08,2,20261007085944,20261006210353,20261007085944,,PL
2026-10-07T00:01:00.807229+00:00,PL031427,00,3,20261007085837,20261007085837,20261004143943,20261007085837,PL
2026-10-07T00:01:00.807229+00:00,PL031449,03,2,20261007085300,20261006151838,20261007085300,,PL
2026-10-07T00:01:00.807229+00:00,PL031461,26,2,20261007085639,20261006100642,20261007085639,,PL
2026-10-07T00:01:00.807229+00:00,PL031462,13,2,20261007085314,20261006194712,20261007085314,,PL
2026-10-07T00:01:00.807229+00:00,PL031530,02,2,20261007085846,20261007065734,20261007085846,,PL
2026-10-07T00:01:00.807229+00:00,PL031760,14,2,20261007085420,20261006201923,20261007085420,,PL
2026-10-07T00:01:00.807229+00:00,PL031768,30,2,20261007085254,20261006154054,20261007085254,,PL
2026-10-07T00:01:00.807229+00:00,PL031783,06,2,20261007085511,20261007084349,20261007085511,,PL
2026-10-07T00:01:00.807229+00:00,PL031905,40,2,20261007085459,20261006223607,20261007085459,,PL
2026-10-07T00:01:00.807229+00:00,PL032398,08,2,20261007085929,20261006224822,20261007085929,,PL
2026-10-07T00:01:00.807229+00:00,PL032452,05,2,20261007085222,20261006184129,20261007085222,,PL
2026-10-07T00:01:00.807229+00:00,PL032516,00,3,20261007085410,20261007085410,20261004201453,20261007085410,PL
2026-10-07T00:01:00.807229+00:00,PL032605,23,2,20261007085240,20261007002023,20261007085240,,PL
2026-10-07T00:01:00.807229+00:00,PL032609,06,2,20261007085432,20261006171719,20261007085432,,PL
2026-10-07T00:01:00.807229+00:00,PL032709,17,2,20261007085335,20261006184820,20261007085335,,PL
2026-10-07T00:01:00.807229+00:00,PL032798,05,2,20261007085434,20261007014256,20261007085434,,PL
2026-10-07T00:01:00.807229+00:00,PL032806,05,2,20261007085737,20261007012541,20261007085737,,PL
2026-10-07T00:01:00.807229+00:00,PL032816,01,2,20261007085724,20261006151718,20261007085724,,PL
2026-10-07T00:01:00.807229+00:00,PL032844,06,2,20261007085502,20261006192404,20261007085502,,PL
2026-10-07T00:01:00.807229+00:00,PL033048,01,2,20261007085241,20261006194733,20261007085241,,PL
2026-10-07T00:01:00.807229+00:00,PL033048,02,2,20261007085301,20261006191110,20261007085301,,PL
2026-10-07T00:01:00.807229+00:00,PL033048,03,2,20261007085103,20261006224050,20261007085103,,PL
2026-10-07T00:01:00.807229+00:00,PL033100,16,3,20261007085133,20261007085133,20261007082738,20261007085133,PL
2026-10-07T00:01:00.807229+00:00,PL033112,02,3,20261007085927,20261007085927,20261007061302,20261007085927,PL
2026-10-07T00:01:00.807229+00:00,PL033152,02,2,20261007085621,20261006180534,20261007085621,,PL
2026-10-07T00:01:00.807229+00:00,PL033285,05,2,20261007085108,20261006202442,20261007085108,,PL
2026-10-07T00:01:00.807229+00:00,PL033324,08,2,20261007085929,20261006191530,20261007085929,,PL
2026-10-07T00:01:00.807229+00:00,PL033396,08,3,20261007085958,20261007085958,20261006224726,20261007085958,PL
2026-10-07T00:01:00.807229+00:00,PL033487,10,2,20261007085953,20261006204739,20261007085953,,PL
2026-10-07T00:01:00.807229+00:00,PL033666,40,2,20261007085623,20261006233611,20261007085623,,PL
2026-10-07T00:01:00.807229+00:00,PL033735,08,2,20261007085835,20261006174952,20261007085835,,PL
2026-10-07T00:01:00.807229+00:00,PL033757,05,2,20261007085225,20261007004616,20261007085225,,PL
2026-10-07T00:01:00.807229+00:00,PL033761,06,2,20261007085302,20261006210154,20261007085302,,PL
2026-10-07T00:01:00.807229+00:00,PL832708,10,2,20261007085745,20261006174543,20261007085745,,PL
2026-10-07T00:01:00.807229+00:00,PL832708,17,2,20261007085453,20261006220246,20261007085453,,PL
2026-10-07T00:01:00.807229+00:00,PL832708,32,2,20261007085544,20261007075413,20261007085544,,PL
2026-10-07T00:01:00.807229+00:00,PL900972,02,3,20261007085553,20261007085553,20261006201602,20261007085553,PL
2026-10-07T00:01:00.807229+00:00,PL900972,35,3,20261007085417,20261007085417,20261006091910,20261007085417,PL
2026-10-07T00:01:00.807229+00:00,PW010329,02,3,20261007085609,20261007085609,20261004225151,20261007085140,PW
2026-10-07T00:01:00.807229+00:00,PW011044,07,3,20261007085612,20261007085612,20261007053503,20261007085413,PW
2026-10-07T00:01:00.807229+00:00,PW011044,08,3,20261007085612,20261007085612,20261007013603,20261007085251,PW
2026-10-07T00:01:00.807229+00:00,PW011178,10,3,20261007085111,20261007085111,20261006211426,20261007084737,PW
2026-10-07T00:01:00.807229+00:00,PW012267,01,2,20261007085209,20261006114612,20261006201652,,PW
2026-10-07T00:01:00.807229+00:00,PW012267,02,2,20261007085209,20261007074558,20261007085002,,PW
2026-10-07T00:01:00.807229+00:00,PW013039,15,2,20261007085222,20261006131003,20261006155525,,PW
2026-10-07T00:01:00.807229+00:00,PW013079,02,3,20261007085222,20261007085222,20261007013403,20261007084818,PW
2026-10-07T00:01:00.807229+00:00,PW013083,05,3,20261007085222,20261007085222,20261004015029,20261007085047,PW
2026-10-07T00:01:00.807229+00:00,PW013757,06,2,20261007085301,20261006222717,20261007004238,,PW
2026-10-07T00:01:00.807229+00:00,PW013774,01,2,20261007085802,20261006200748,20261007043057,,PW
2026-10-07T00:01:00.807229+00:00,PW014228,02,2,20261007085815,20261006213134,20261007061715,,PW
2026-10-07T00:01:00.807229+00:00,PW014333,09,2,20261007085822,20261006131815,20261006170530,,PW
2026-10-07T00:01:00.807229+00:00,PW014495,02,3,20261007085339,20261007085339,20261006200741,20261007084958,PW
2026-10-07T00:01:00.807229+00:00,PW014495,10,3,20261007085339,20261007085339,20261006162443,20261007085125,PW
2026-10-07T00:01:00.807229+00:00,PW014606,01,3,20261007085341,20261007085341,20261006171302,20261007085243,PW
2026-10-07T00:01:00.807229+00:00,PW014687,15,2,20261007085836,20261006220440,20261007085345,,PW
2026-10-07T00:01:00.807229+00:00,PW014780,01,3,20261007085845,20261007085845,20261006194234,20261007085612,PW
2026-10-07T00:01:00.807229+00:00,PW800512,03,2,20261007085822,20261006223424,20261007035853,,PW
2026-10-07T00:01:00.807229+00:00,PW800658,24,2,20261007085109,20261006212819,20261007084800,,PW
2026-10-07T00:01:00.807229+00:00,PW800888,18,2,20261007085211,20261006144520,20261006222206,,PW
2026-10-07T00:01:00.807229+00:00,PW801068,20,2,20261007085223,20261006190034,20261007042714,,PW
2026-10-07T00:01:00.807229+00:00,PWE00619,31,2,20261007085424,20261007074022,20261007085424,,PW
2026-10-07T00:01:00.807229+00:00,PWE00625,01,2,20261007085321,20261007075719,20261007085321,,PW
2026-10-07T00:01:00.807229+00:00,PWE00941,01,2,20261007085510,20261006195912,20261007085510,,PW
2026-10-07T00:01:00.807229+00:00,PWE03301,76,2,20261007085321,20261007073916,20261007085321,,PW
2026-10-07T00:01:00.807229+00:00,RE000078,03,3,20261007085202,20261007085202,20261005224916,20261007085122,RE
2026-10-07T00:01:00.807229+00:00,RE000182,07,2,20261007085602,20261007072613,20261007085439,,RE
2026-10-07T00:01:00.807229+00:00,RE000183,02,3,20261007085602,20261007085602,20261006204449,20261007085434,RE
2026-10-07T00:01:00.807229+00:00,RE000184,03,3,20261007085603,20261007085603,20261006151423,20261007085449,RE
2026-10-07T00:01:00.807229+00:00,SDSD0005,01,3,20261007085619,20261007085619,20261006191611,20261007085619,SD
2026-10-07T00:01:00.807229+00:00,SDSD0005,03,3,20261007085107,20261007085107,20261001193914,20261007085107,SD
2026-10-07T00:01:00.807229+00:00,SE000034,01,3,20261007085142,20261007085118,20261007063956,20261007085118,SE
2026-10-07T00:01:00.807229+00:00,SE000043,06,2,20261007085942,20261007081503,20261007085915,,SE
2026-10-07T00:01:00.807229+00:00,SE000056,01,2,20261007085442,20261007074619,20261007085405,,SE
2026-10-07T00:01:00.807229+00:00,SE000065,01,3,20261007085942,20261007085849,20261007080553,20261007085849,SE
2026-10-07T00:01:00.807229+00:00,SE000078,01,3,20261007085542,20261007085539,20261007055227,20261007085539,SE
2026-10-07T00:01:00.807229+00:00,SE000117,01,2,20261007085542,20261007085536,20261007085602,,SE
2026-10-07T00:01:00.807229+00:00,SE000122,02,3,20261007085742,20261007085706,20261001194108,20261007085706,SE
2026-10-07T00:01:00.807229+00:00,SE000129,01,3,20261007085242,20261007085208,20261007070830,20261007085208,SE
2026-10-07T00:01:00.807229+00:00,SE000133,01,3,20261007085642,20261007085559,20261006213157,20261007085559,SE
2026-10-07T00:01:00.807229+00:00,SE000135,03,2,20261007085342,20261007075522,20261007085310,,SE
2026-10-07T00:01:00.807229+00:00,SE000146,06,2,20261007085443,20261007081118,20261007082124,,SE
2026-10-07T00:01:00.807229+00:00,SE000146,07,2,20261007085443,20261006125111,20261006131729,,SE
2026-10-07T00:01:00.807229+00:00,SE000174,01,2,20261007085942,20261007081316,20261007085944,,SE
2026-10-07T00:01:00.807229+00:00,SE000179,03,3,20261007085542,20261007085508,20261002140746,20261007085508,SE
2026-10-07T00:01:00.807229+00:00,SE000191,02,2,20261007085343,20261007082843,20261007085306,,SE
2026-10-07T00:01:00.807229+00:00,SE000197,02,2,20261007085242,20261007083415,20261007085217,,SE
2026-10-07T00:01:00.807229+00:00,SF000491,14,3,20261007085518,20261007085518,20260914190405,20261007084445,SF
2026-10-07T00:01:00.807229+00:00,SF000817,56,2,20261007085503,20261006195016,20261007084536,,SF
2026-10-07T00:01:00.807229+00:00,SF001104,06,3,20261007085455,20261007085455,20260923124500,20261007084408,SF
2026-10-07T00:01:00.807229+00:00,SF001303,46,2,20261007085521,20261007004805,20261007082926,,SF
2026-10-07T00:01:00.807229+00:00,SF001315,21,3,20261007085457,20261007085457,20261006173105,20261007084805,SF
2026-10-07T00:01:00.807229+00:00,SF001999,00,2,20261007085516,20261006194221,20261007084701,,SF
2026-10-07T00:01:00.807229+00:00,SF002048,05,3,20261007085500,20261007085500,20261006072036,20261007085141,SF
2026-10-07T00:01:00.807229+00:00,SF002371,01,2,20261007085521,20261007063725,20261007082737,,SF
2026-10-07T00:01:00.807229+00:00,SF002464,02,3,20261007085535,20261007085535,20261006205235,20261007084954,SF
2026-10-07T00:01:00.807229+00:00,SF002476,00,3,20261007085511,20261007085511,20261006122123,20261007084439,SF
2026-10-07T00:01:00.807229+00:00,SF002506,01,2,20261007085520,20261006164904,20261007084555,,SF
2026-10-07T00:01:00.807229+00:00,SF002519,00,3,20261007085515,20261007085515,20261006165314,20261007084753,SF
2026-10-07T00:01:00.807229+00:00,SF002648,16,3,20261007085522,20261007085522,20261007053358,20261007084525,SF
2026-10-07T00:01:00.807229+00:00,SF002693,01,2,20261007085511,20261006184712,20261007085121,,SF
2026-10-07T00:01:00.807229+00:00,SF002830,29,3,20261007085536,20261007085536,20261006202058,20261007084826,SF
2026-10-07T00:01:00.807229+00:00,SF002863,01,2,20261007085529,20261006222431,20261007083211,,SF
2026-10-07T00:01:00.807229+00:00,SF002959,09,3,20261007085523,20261007085523,20261007074546,20261007003420,SF
2026-10-07T00:01:00.807229+00:00,SF002992,01,2,20261007085458,20261006204518,20261007082805,,SF
2026-10-07T00:01:00.807229+00:00,SF002992,42,2,20261007085516,20261006214434,20261007082931,,SF
2026-10-07T00:01:00.807229+00:00,SF002993,06,2,20261007085516,20261006191807,20261007084335,,SF
2026-10-07T00:01:00.807229+00:00,SF002993,13,2,20261007085520,20261006151725,20261007084554,,SF
2026-10-07T00:01:00.807229+00:00,SF002993,20,2,20261007085515,20261006091850,20261007082802,,SF
2026-10-07T00:01:00.807229+00:00,SF003005,00,3,20261007085528,20261007085528,20261006092511,20261007084917,SF
2026-10-07T00:01:00.807229+00:00,SF003029,01,2,20261007085510,20261007074747,20261007084843,,SF
2026-10-07T00:01:00.807229+00:00,SF003080,29,2,20261007085515,20261006221714,20261007084453,,SF
2026-10-07T00:01:00.807229+00:00,SF003080,46,2,20261007085516,20261006213351,20261007085109,,SF
2026-10-07T00:01:00.807229+00:00,SF003492,08,3,20261007085538,20261007085538,20261006203016,20261007085112,SF
2026-10-07T00:01:00.807229+00:00,SF003602,02,3,20261007085530,20261007085530,20261006182440,20261007082849,SF
2026-10-07T00:01:00.807229+00:00,SF003602,03,2,20261007085530,20261007084001,20261007084601,,SF
2026-10-07T00:01:00.807229+00:00,SF003603,03,3,20261007085521,20261007085521,20261006170323,20261007085029,SF
2026-10-07T00:01:00.807229+00:00,SF003603,05,2,20261007085529,20261007084305,20261007084310,,SF
2026-10-07T00:01:00.807229+00:00,SO000055,02,3,20261007085920,20261003123834,20261003143034,20261007084915,SO
2026-10-07T00:01:00.807229+00:00,ST111101,05,3,20261007085737,20261006091551,20261007025144,20261007085737,ST
2026-10-07T00:01:00.807229+00:00,ST112001,04,2,20261007085730,20261007001013,20261007085730,,ST
2026-10-07T00:01:00.807229+00:00,ST112606,02,2,20261007085339,20261007082538,20261007085339,,ST
2026-10-07T00:01:00.807229+00:00,ST112607,03,3,20261007085146,20261001085253,20261006110119,20261007085146,ST
2026-10-07T00:01:00.807229+00:00,ST112901,06,2,20261007085729,20261007083328,20261007085729,,ST
2026-10-07T00:01:00.807229+00:00,ST115010,02,2,20261007085143,20261006081617,20261007085143,,ST
2026-10-07T00:01:00.807229+00:00,ST115017,01,3,20261007085155,20261007080910,20261007082324,20261007085155,ST
2026-10-07T00:01:00.807229+00:00,ST115018,01,3,20261007085538,20261007085538,20261007084941,20261007075928,ST
2026-10-07T00:01:00.807229+00:00,ST115018,02,2,20261007085340,20261007084334,20261007085340,,ST
2026-10-07T00:01:00.807229+00:00,ST115019,05,3,20261007085549,20261007085549,20261006162810,20261006090052,ST
2026-10-07T00:01:00.807229+00:00,ST115608,01,2,20261007085340,20261007082538,20261007085340,,ST
2026-10-07T00:01:00.807229+00:00,ST115616,01,2,20261007085342,20261006193852,20261006203628,,ST
2026-10-07T00:01:00.807229+00:00,ST115622,01,2,20261007085947,20261007063528,20261007070018,,ST
2026-10-07T00:01:00.807229+00:00,ST116205,03,2,20261007085345,20261007074542,20261007085345,,ST
2026-10-07T00:01:00.807229+00:00,ST116515,03,3,20261007085144,20261007085144,20261007081735,20261006103107,ST
2026-10-07T00:01:00.807229+00:00,ST116517,01,3,20261007085347,20261007031622,20261007035509,20261007085347,ST
2026-10-07T00:01:00.807229+00:00,ST116517,05,3,20261007085544,20261007060926,20261007063048,20261007085544,ST
2026-10-07T00:01:00.807229+00:00,ST116517,09,3,20261007085149,20261007032357,20261007034009,20261007085149,ST
2026-10-07T00:01:00.807229+00:00,ST116528,01,3,20261007085342,20261007085342,20261006081053,20261007062657,ST
2026-10-07T00:01:00.807229+00:00,ST116534,02,3,20261007085559,20261007003506,20261007005518,20261007085559,ST
2026-10-07T00:01:00.807229+00:00,ST116801,05,3,20261007085333,20261006144054,20261006194958,20261007085333,ST
2026-10-07T00:01:00.807229+00:00,ST116811,06,3,20261007085941,20261006081137,20261006114102,20261007085941,ST
2026-10-07T00:01:00.807229+00:00,ST116816,07,2,20261007085418,20261007073806,20261007085418,,ST
2026-10-07T00:01:00.807229+00:00,ST116817,01,2,20261007085554,20260929142021,20260929152511,,ST
2026-10-07T00:01:00.807229+00:00,ST117114,01,3,20261007085143,20261007075456,20261007082026,20261007085143,ST
2026-10-07T00:01:00.807229+00:00,ST117114,02,2,20261007085753,20261006052756,20261006141841,,ST
2026-10-07T00:01:00.807229+00:00,ST117119,02,3,20261007085757,20261007015956,20261007023435,20261007085757,ST
2026-10-07T00:01:00.807229+00:00,ST600294,01,3,20261007085401,20261001091510,20261006201649,20261007085401,ST
2026-10-07T00:01:00.807229+00:00,ST600325,01,2,20261007085813,20261007080402,20261007085813,,ST
2026-10-07T00:01:00.807229+00:00,ST600430,04,2,20261007085956,20261001091744,20261007085956,,ST
2026-10-07T00:01:00.807229+00:00,ST600507,01,3,20261007085811,20261007054301,20261007062256,20261007085811,ST
2026-10-07T00:01:00.807229+00:00,ST600984,02,2,20261007085413,20261007071655,20261007081043,,ST
2026-10-07T00:01:00.807229+00:00,ST600985,02,2,20261007085615,20261007083413,20261007085615,,ST
2026-10-07T00:01:00.807229+00:00,ST601046,02,2,20261007085408,20261007082431,20261007085408,,ST
2026-10-07T00:01:00.807229+00:00,ST601333,16,2,20261007085614,20261006130815,20261007085614,,ST
2026-10-07T00:01:00.807229+00:00,ST601472,01,3,20261007085618,20261007071054,20261007075919,20261007085618,ST
2026-10-07T00:01:00.807229+00:00,ST602160,03,3,20261007085831,20261001192311,20261005192636,20261007085831,ST
2026-10-07T00:01:00.807229+00:00,SZBA0008,01,3,20261007085438,20261007085438,20261007083856,20261007085438,SZ
2026-10-07T00:01:00.807229+00:00,SZBA0008,02,3,20261007085406,20261007085406,20261007083855,20261007085406,SZ
2026-10-07T00:01:00.807229+00:00,SZBA0008,05,2,20261007085117,20261007083805,20261007085117,,SZ
2026-10-07T00:01:00.807229+00:00,SZBA0008,06,2,20261007085116,20261007083853,20261007085116,,SZ
2026-10-07T00:01:00.807229+00:00,SZBA0008,07,3,20261007085912,20261007085912,20261007072428,20261007085912,SZ
2026-10-07T00:01:00.807229+00:00,SZBA0008,08,3,20261007085843,20261007085843,20261007072429,20261007085843,SZ
2026-10-07T00:01:00.807229+00:00,SZBA0008,14,3,20261007085947,20261007085947,20261007075135,20261007085947,SZ
2026-10-07T00:01:00.807229+00:00,SZBA0008,15,2,20261007085112,20261007084404,20261007085112,,SZ
2026-10-07T00:01:00.807229+00:00,SZBA0008,16,2,20261007085113,20261007084334,20261007085113,,SZ
2026-10-07T00:01:00.807229+00:00,SZBA0025,01,3,20261007085357,20261007085357,20261007084721,20261007085357,SZ
2026-10-07T00:01:00.807229+00:00,SZBA0025,02,2,20261007085848,20261007085631,20261007085848,,SZ
2026-10-07T00:01:00.807229+00:00,SZBA0029,02,3,20261007085413,20261007085413,20261006155231,20261007085413,SZ
2026-10-07T00:01:00.807229+00:00,SZBA0038,01,2,20261007085101,20261007084907,20261007085101,,SZ
2026-10-07T00:01:00.807229+00:00,SZBA0038,02,2,20261007085102,20261007084947,20261007085102,,SZ
2026-10-07T00:01:00.807229+00:00,TDA00013,03,2,20261007090003,20261006194524,20261006220828,,TD
2026-10-07T00:01:00.807229+00:00,TDA00065,01,2,20261007090006,20261007073000,20261007085751,,TD
2026-10-07T00:01:00.807229+00:00,TDA00072,01,3,20261007090002,20261007085726,20261006183404,20261007085726,TD
2026-10-07T00:01:00.807229+00:00,TDA00072,04,3,20261007090002,20261007085324,20261006170003,20261007085324,TD
2026-10-07T00:01:00.807229+00:00,UP897898,02,3,20261007090002,20261007090002,20261002104002,20261007090002,UP
