fetched_at,statId,chgerId,stat,statUpdDt,lastTsdt,lastTedt,nowTsdt,busiId
2026-10-08T00:01:06.176998+00:00,ME174013,01,2,20261008085735,20261007152253,20261007160614,,ME
2026-10-08T00:01:06.176998+00:00,ME174027,01,2,20261008085738,20261007111903,20261007120224,,ME
2026-10-08T00:01:06.176998+00:00,ME174039,01,2,20261008085740,20261008061115,20261008062046,,ME
2026-10-08T00:01:06.176998+00:00,ME178009,01,2,20261008085746,20261008070304,20261008073059,,ME
2026-10-08T00:01:06.176998+00:00,ME178009,02,3,20261008085747,20261008080103,20261008081353,20261008083607,ME
2026-10-08T00:01:06.176998+00:00,ME181102,01,2,20261008085754,20261007133822,20261007142448,,ME
2026-10-08T00:01:06.176998+00:00,ME181150,12,2,20261008085802,20261007141930,20261007172850,,ME
2026-10-08T00:01:06.176998+00:00,ME181150,13,2,20261008085802,20261007153124,20261007161751,,ME
2026-10-08T00:01:06.176998+00:00,ME183001,01,2,20261008085809,20261007094720,20261007103025,,ME
2026-10-08T00:01:06.176998+00:00,ME183002,01,2,20261008085818,20261008074953,20261008083259,,ME
2026-10-08T00:01:06.176998+00:00,ME183003,01,2,20261008085817,20261007114138,20261007121624,,ME
2026-10-08T00:01:06.176998+00:00,ME183004,01,2,20261008085838,20261007194001,20261007202608,,ME
2026-10-08T00:01:06.176998+00:00,ME183006,01,2,20261008085826,20261007192737,20261007193411,,ME
2026-10-08T00:01:06.176998+00:00,ME183008,01,2,20261008085831,20261007234213,20261007235102,,ME
2026-10-08T00:01:06.176998+00:00,ME183009,01,2,20261008085837,20261007170745,20261007174937,,ME
2026-10-08T00:01:06.176998+00:00,ME183103,01,3,20261008085843,20261007113622,20261007114618,20261008084915,ME
2026-10-08T00:01:06.176998+00:00,ME183103,02,2,20261008085847,20261007205651,20261007210635,,ME
2026-10-08T00:01:06.176998+00:00,ME183103,52,2,20261008085850,20261008015408,20261008023617,,ME
2026-10-08T00:01:06.176998+00:00,ME183219,01,3,20261008085745,20261008040632,20261008043738,20261008082737,ME
2026-10-08T00:01:06.176998+00:00,ME183219,02,2,20261008085557,20261007121021,20261007125118,,ME
2026-10-08T00:01:06.176998+00:00,ME183219,52,3,20261008085555,20261008075654,20261008080335,20261008082421,ME
2026-10-08T00:01:06.176998+00:00,ME184075,01,2,20261008085907,20261002111139,20261002125929,,ME
2026-10-08T00:01:06.176998+00:00,ME184076,01,2,20261008085902,20261008072832,20261008075542,,ME
2026-10-08T00:01:06.176998+00:00,ME18B159,01,2,20261008085411,20261007124817,20261007130602,,ME
2026-10-08T00:01:06.176998+00:00,ME18B163,01,3,20261008085801,20261007161639,20261007165650,20261008085256,ME
2026-10-08T00:01:06.176998+00:00,ME18B164,01,2,20261008085423,20261007155508,20261007162229,,ME
2026-10-08T00:01:06.176998+00:00,ME18B165,01,2,20261008085746,20261007195750,20261007204055,,ME
2026-10-08T00:01:06.176998+00:00,ME18B166,01,2,20261008085416,20261008071758,20261008075743,,ME
2026-10-08T00:01:06.176998+00:00,ME18B168,01,2,20261008085439,20261006115854,20261006123856,,ME
2026-10-08T00:01:06.176998+00:00,ME18B169,01,3,20261008085759,20261008022811,20261008025900,20261008083250,ME
2026-10-08T00:01:06.176998+00:00,ME18B170,01,2,20261008085449,20261007203157,20261007210343,,ME
2026-10-08T00:01:06.176998+00:00,ME18B175,01,2,20261008085759,20261008031825,20261008034230,,ME
2026-10-08T00:01:06.176998+00:00,ME18B176,01,2,20261008085500,20261007120501,20261007122557,,ME
2026-10-08T00:01:06.176998+00:00,ME18B179,01,2,20261008085504,20261008051636,20261008055941,,ME
2026-10-08T00:01:06.176998+00:00,ME18B180,01,2,20261008085500,20261007123105,20261007131302,,ME
2026-10-08T00:01:06.176998+00:00,ME18B181,01,2,20261008085503,20261008064825,20261008072619,,ME
2026-10-08T00:01:06.176998+00:00,ME18B183,01,2,20261008085511,20261006222208,20261006225558,,ME
2026-10-08T00:01:06.176998+00:00,ME18B278,11,2,20261008085514,20261008061329,20261008064416,,ME
2026-10-08T00:01:06.176998+00:00,ME18B278,12,2,20261008085519,20261008072952,20261008080010,,ME
2026-10-08T00:01:06.176998+00:00,ME18B279,11,3,20261008085645,20261008061404,20261008065711,20261008085128,ME
2026-10-08T00:01:06.176998+00:00,ME18B279,12,3,20261008085857,20261008073438,20261008075827,20261008084353,ME
2026-10-08T00:01:06.176998+00:00,ME18B284,11,2,20261008085526,20261007211839,20261007215218,,ME
2026-10-08T00:01:06.176998+00:00,ME18B284,12,3,20261008085852,20261008015052,20261008021740,20261008084849,ME
2026-10-08T00:01:06.176998+00:00,ME18B288,11,2,20261008085503,20261005230008,20261005233919,,ME
2026-10-08T00:01:06.176998+00:00,ME18B288,12,2,20261008085508,20261007115522,20261007120207,,ME
2026-10-08T00:01:06.176998+00:00,ME19A152,01,2,20261008085732,20261007074900,20261007075911,,ME
2026-10-08T00:01:06.176998+00:00,ME19A153,01,2,20261008085547,20261006201022,20261006202512,,ME
2026-10-08T00:01:06.176998+00:00,ME19A160,01,2,20261008085547,20261005150014,20261005154020,,ME
2026-10-08T00:01:06.176998+00:00,ME19A164,01,2,20261008085555,20261007231931,20261007235941,,ME
2026-10-08T00:01:06.176998+00:00,ME19A170,01,2,20261008085602,20261007122701,20261007125800,,ME
2026-10-08T00:01:06.176998+00:00,ME19A265,22,2,20261008085412,20261008081359,20261008085408,,ME
2026-10-08T00:01:06.176998+00:00,ME19D118,01,2,20261008085715,20261008074557,20261008080742,,ME
2026-10-08T00:01:06.176998+00:00,ME19X403,41,2,20261008085616,20261008074801,20261008082606,,ME
2026-10-08T00:01:06.176998+00:00,ME19X403,42,2,20261008085606,20261007190743,20261007192337,,ME
2026-10-08T00:01:06.176998+00:00,ME19X403,43,2,20261008085610,20261007195327,20261007201356,,ME
2026-10-08T00:01:06.176998+00:00,ME19X403,44,2,20261008085602,20261007150834,20261007151424,,ME
2026-10-08T00:01:06.176998+00:00,ME19X403,45,2,20261008085634,20261008075118,20261008083118,,ME
2026-10-08T00:01:06.176998+00:00,ME19X417,42,2,20261008085736,20261008083127,20261008085632,,ME
2026-10-08T00:01:06.176998+00:00,ME19X417,43,2,20261008085734,20261006231712,20261006233606,,ME
2026-10-08T00:01:06.176998+00:00,ME19X417,44,2,20261008085728,20261007160053,20261007162409,,ME
2026-10-08T00:01:06.176998+00:00,ME19X417,45,2,20261008085726,20261007215559,20261007220411,,ME
2026-10-08T00:01:06.176998+00:00,ME19Y601,21,2,20261008085824,20261008063535,20261008064752,,ME
2026-10-08T00:01:06.176998+00:00,ME19Y601,22,2,20261008085825,20261008024324,20261008031801,,ME
2026-10-08T00:01:06.176998+00:00,ME19Y601,23,2,20261008085757,20261008055918,20261008063918,,ME
2026-10-08T00:01:06.176998+00:00,ME19Y601,24,2,20261008085757,20261007000319,20261007002416,,ME
2026-10-08T00:01:06.176998+00:00,ME19Y601,25,2,20261008085742,20261008060710,20261008064710,,ME
2026-10-08T00:01:06.176998+00:00,ME19Y601,26,2,20261008085742,20261008041343,20261008045059,,ME
2026-10-08T00:01:06.176998+00:00,ME20A193,01,2,20261008085733,20261007150652,20261007152825,,ME
2026-10-08T00:01:06.176998+00:00,ME20A194,01,2,20261008085723,20261007204937,20261007212937,,ME
2026-10-08T00:01:06.176998+00:00,ME20A195,01,2,20261008085734,20261007202708,20261007210708,,ME
2026-10-08T00:01:06.176998+00:00,ME20A196,01,2,20261008085734,20261008074116,20261008082116,,ME
2026-10-08T00:01:06.176998+00:00,ME20A197,01,2,20261008085443,20261008062909,20261008064211,,ME
2026-10-08T00:01:06.176998+00:00,ME20A198,01,2,20261008085724,20261007213859,20261007220443,,ME
2026-10-08T00:01:06.176998+00:00,ME20A199,01,2,20261008085725,20261007152110,20261007160110,,ME
2026-10-08T00:01:06.176998+00:00,ME20A1a0,01,2,20261008085737,20260930211119,20260930212304,,ME
2026-10-08T00:01:06.176998+00:00,ME20A1a1,01,2,20261008085746,20261008024437,20261008032110,,ME
2026-10-08T00:01:06.176998+00:00,ME20A1a2,01,2,20261008085731,20261008064046,20261008072039,,ME
2026-10-08T00:01:06.176998+00:00,ME20A1a3,01,2,20261008085720,20261008061159,20261008065159,,ME
2026-10-08T00:01:06.176998+00:00,ME20A1a4,01,2,20261008085729,20261008064740,20261008072740,,ME
2026-10-08T00:01:06.176998+00:00,ME20A1a5,01,2,20261008085727,20261007165229,20261007172832,,ME
2026-10-08T00:01:06.176998+00:00,ME20A1a6,01,2,20261008085735,20261007204759,20261007212759,,ME
2026-10-08T00:01:06.176998+00:00,ME20A1a7,01,2,20261008085720,20261007112733,20261007115134,,ME
2026-10-08T00:01:06.176998+00:00,ME20A1a8,01,2,20261008085736,20261008072353,20261008080353,,ME
2026-10-08T00:01:06.176998+00:00,ME20A1a9,01,2,20261008085735,20261008072535,20261008080535,,ME
2026-10-08T00:01:06.176998+00:00,ME20A1b0,01,2,20261008085732,20261007190739,20261007191957,,ME
2026-10-08T00:01:06.176998+00:00,ME20A278,21,2,20261008085554,20261007061807,20261007065033,,ME
2026-10-08T00:01:06.176998+00:00,ME20A278,22,2,20261008085554,20261007105343,20261007113237,,ME
2026-10-08T00:01:06.176998+00:00,ME20A279,21,2,20261008085740,20261007141918,20261007145744,,ME
2026-10-08T00:01:06.176998+00:00,ME20A279,22,2,20261008085740,20261007204433,20261007205740,,ME
2026-10-08T00:01:06.176998+00:00,ME20A280,01,2,20261008085736,20261008071549,20261008073852,,ME
2026-10-08T00:01:06.176998+00:00,ME20A280,02,2,20261008085821,20261008033423,20261008041423,,ME
2026-10-08T00:01:06.176998+00:00,ME20A301,01,2,20261008085743,20261005114303,20261005121841,,ME
2026-10-08T00:01:06.176998+00:00,ME20A301,21,2,20261008085742,20261006172640,20261006180640,,ME
2026-10-08T00:01:06.176998+00:00,ME20A301,22,2,20261008085743,20261004151939,20261004155939,,ME
2026-10-08T00:01:06.176998+00:00,ME20A409,21,2,20261008085819,20261007174537,20261007182537,,ME
2026-10-08T00:01:06.176998+00:00,ME20A409,22,2,20261008085819,20261007215543,20261007223543,,ME
2026-10-08T00:01:06.176998+00:00,ME20A409,23,2,20261008085806,20261008062606,20261008070606,,ME
2026-10-08T00:01:06.176998+00:00,ME20A409,24,2,20261008085806,20261007180639,20261007184639,,ME
2026-10-08T00:01:06.176998+00:00,ME20A410,01,3,20261008085623,20261007203037,20261007211037,20261008085118,ME
2026-10-08T00:01:06.176998+00:00,ME20A410,02,2,20261008085751,20261007210642,20261007211434,,ME
2026-10-08T00:01:06.176998+00:00,ME20A410,03,3,20261008085436,20261007210609,20261007213237,20261008085437,ME
2026-10-08T00:01:06.176998+00:00,ME20A410,91,3,20261008085634,20261008063445,20261008071445,20261008082118,ME
2026-10-08T00:01:06.176998+00:00,ME20A411,01,2,20261008085751,20261007165753,20261007172304,,ME
2026-10-08T00:01:06.176998+00:00,ME20A411,02,2,20261008085828,20261007213301,20261007215444,,ME
2026-10-08T00:01:06.176998+00:00,ME20A411,03,2,20261008085827,20261007170541,20261007174541,,ME
2026-10-08T00:01:06.176998+00:00,ME20A411,04,2,20261008085825,20261007150228,20261007151903,,ME
2026-10-08T00:01:06.176998+00:00,ME21A114,01,3,20261008085854,20261008063709,20261008071217,20261008084850,ME
2026-10-08T00:01:06.176998+00:00,ME21B157,01,3,20261008085851,20261008041903,20261008045910,20261008084437,ME
2026-10-08T00:01:06.176998+00:00,ME21B1C3,01,3,20261008085905,20261008081102,20261008084746,20261008085256,ME
2026-10-08T00:01:06.176998+00:00,ME21C250,21,2,20261008085826,20261008075614,20261008083618,,ME
2026-10-08T00:01:06.176998+00:00,ME21C250,22,2,20261008085826,20261008075918,20261008083919,,ME
2026-10-08T00:01:06.176998+00:00,ME21C251,21,2,20261008085851,20261007192200,20261007200041,,ME
2026-10-08T00:01:06.176998+00:00,ME21C251,22,2,20261008085851,20261008075940,20261008082302,,ME
2026-10-08T00:01:06.176998+00:00,ME22C1B8,01,2,20261008085853,20261007161043,20261007165044,,ME
2026-10-08T00:01:06.176998+00:00,ME22C1B9,01,2,20261008085822,20261007222847,20261007225554,,ME
2026-10-08T00:01:06.176998+00:00,ME22C1C0,01,3,20261008085845,20261005232637,20261006000638,20261008084418,ME
2026-10-08T00:01:06.176998+00:00,ME22C802,01,2,20261008085848,20261007195907,20261007203908,,ME
2026-10-08T00:01:06.176998+00:00,ME22C802,02,2,20261008085831,20261007201138,20261007205139,,ME
2026-10-08T00:01:06.176998+00:00,ME22C802,03,2,20261008085812,20261007205316,20261007210728,,ME
2026-10-08T00:01:06.176998+00:00,ME22C802,04,2,20261008085849,20261007121429,20261007124146,,ME
2026-10-08T00:01:06.176998+00:00,ME22C802,05,2,20261008085857,20261007194900,20261007201522,,ME
2026-10-08T00:01:06.176998+00:00,ME22C802,06,2,20261008085904,20261007174341,20261007182342,,ME
2026-10-08T00:01:06.176998+00:00,ME22C802,07,2,20261008085845,20261007091852,20261007095201,,ME
2026-10-08T00:01:06.176998+00:00,ME22C802,08,2,20261008085903,20261007201225,20261007204850,,ME
2026-10-08T00:01:06.176998+00:00,ME22D121,01,2,20261008085859,20261007112416,20261007113016,,ME
2026-10-08T00:01:06.176998+00:00,ME22D134,01,2,20261008085851,20261003080645,20261003084648,,ME
2026-10-08T00:01:06.176998+00:00,ME22D152,01,2,20261008085838,20261006183220,20261006191223,,ME
2026-10-08T00:01:06.176998+00:00,ME22D205,01,2,20261008085909,20261006214303,20261006220517,,ME
2026-10-08T00:01:06.176998+00:00,ME22D205,02,2,20261008085850,20261008001301,20261008005303,,ME
2026-10-08T00:01:06.176998+00:00,ME22D402,01,2,20261008085906,20261008064054,20261008072057,,ME
2026-10-08T00:01:06.176998+00:00,ME22D402,02,2,20261008085821,20261007073556,20261007074345,,ME
2026-10-08T00:01:06.176998+00:00,ME22D402,03,2,20261008085905,20261008065532,20261008071342,,ME
2026-10-08T00:01:06.176998+00:00,ME22D402,04,2,20261008085817,20261007235358,20261008001652,,ME
2026-10-08T00:01:06.176998+00:00,ME22M301,01,2,20261008085845,20261007142953,20261007150954,,ME
2026-10-08T00:01:06.176998+00:00,ME22M301,02,2,20261008085826,20261007194810,20261007202812,,ME
2026-10-08T00:01:06.176998+00:00,ME22M301,81,3,20261008085904,20261008070706,20261008074227,20261008083400,ME
2026-10-08T00:01:06.176998+00:00,ME22M301,82,2,20261008085157,20261008083611,20261008084757,,ME
2026-10-08T00:01:06.176998+00:00,ME22M301,83,2,20261008085850,20261007223049,20261007230248,,ME
2026-10-08T00:01:06.176998+00:00,ME22M301,84,2,20261008085908,20261007150110,20261007152502,,ME
2026-10-08T00:01:06.176998+00:00,ME22M302,23,3,20261008085845,20261004134350,20261004142356,20261008083825,ME
2026-10-08T00:01:06.176998+00:00,ME22M302,33,2,20261008085816,20261007145235,20261007150035,,ME
2026-10-08T00:01:06.176998+00:00,ME22M302,34,2,20261008085849,20261007125930,20261007132509,,ME
2026-10-08T00:01:06.176998+00:00,ME22M302,35,2,20261008085850,20261007140029,20261007141657,,ME
2026-10-08T00:01:06.176998+00:00,ME22M302,36,2,20261008085851,20261005145348,20261005153349,,ME
2026-10-08T00:01:06.176998+00:00,ME25A102,01,2,20261008085518,20261008075303,20261008082418,,ME
2026-10-08T00:01:06.176998+00:00,ME25A107,01,2,20261008085702,20261007125914,20261007133926,,ME
2026-10-08T00:01:06.176998+00:00,ME25A108,01,2,20261008085707,20261007164915,20261007172934,,ME
2026-10-08T00:01:06.176998+00:00,ME25A109,01,2,20261008085518,20261007170245,20261007174135,,ME
2026-10-08T00:01:06.176998+00:00,ME25A401,21,2,20261008085513,20261007200523,20261007202911,,ME
2026-10-08T00:01:06.176998+00:00,ME25A401,22,2,20261008085515,20261007171550,20261007175555,,ME
2026-10-08T00:01:06.176998+00:00,ME25A401,23,2,20261008085712,20261005223143,20261005230339,,ME
2026-10-08T00:01:06.176998+00:00,ME25A401,24,2,20261008085714,20261007160032,20261007162128,,ME
2026-10-08T00:01:06.176998+00:00,ME25A403,21,2,20261008085650,20261007111344,20261007111449,,ME
2026-10-08T00:01:06.176998+00:00,ME25A403,22,2,20261008085652,20261007111603,20261007111709,,ME
2026-10-08T00:01:06.176998+00:00,ME25A403,23,2,20261008085703,20261007111934,20261007112039,,ME
2026-10-08T00:01:06.176998+00:00,ME25A403,24,2,20261008085705,20261007112142,20261007112244,,ME
2026-10-08T00:01:06.176998+00:00,ME25A404,21,2,20261008085722,20261008021132,20261008023127,,ME
2026-10-08T00:01:06.176998+00:00,ME25A404,22,2,20261008085724,20261007105331,20261007105442,,ME
2026-10-08T00:01:06.176998+00:00,ME25A404,23,2,20261008085749,20261007105647,20261007105756,,ME
2026-10-08T00:01:06.176998+00:00,ME25A404,24,2,20261008085751,20261007105845,20261007105954,,ME
2026-10-08T00:01:06.176998+00:00,ME25A405,21,2,20261008085655,20261007124832,20261007124937,,ME
2026-10-08T00:01:06.176998+00:00,ME25A405,22,2,20261008085657,20261007145310,20261007151930,,ME
2026-10-08T00:01:06.176998+00:00,ME25A406,21,2,20261008085600,20261007151402,20261007154231,,ME
2026-10-08T00:01:06.176998+00:00,ME25A406,22,2,20261008085602,20261008052704,20261008054547,,ME
2026-10-08T00:01:06.176998+00:00,ME25A406,23,2,20261008085815,20261007115641,20261007115757,,ME
2026-10-08T00:01:06.176998+00:00,ME25A406,24,2,20261008085818,20261007121010,20261007121111,,ME
2026-10-08T00:01:06.176998+00:00,AH000021,04,3,20261008085359,20261008085359,20261003101520,20261008085359,AH
2026-10-08T00:01:06.176998+00:00,AH000121,01,3,20261008085400,20261008085400,20261004183238,20261008085359,AH
2026-10-08T00:01:06.176998+00:00,AH000134,01,3,20261008085400,20261008085400,20261006102035,20261008085359,AH
2026-10-08T00:01:06.176998+00:00,ALAL0018,01,3,20261008085930,20261008085930,20261007123900,20261008085930,AL
2026-10-08T00:01:06.176998+00:00,AM900044,01,3,20261008085401,20261006011015,20261006071014,20261008075403,AM
2026-10-08T00:01:06.176998+00:00,AM900055,03,3,20261008085449,20261008061041,20261008081024,20261008085449,AM
2026-10-08T00:01:06.176998+00:00,BE111108,12,3,20261008085924,20261008085924,20261007203327,20261008085924,BE
2026-10-08T00:01:06.176998+00:00,BNBN0058,04,3,20261008090005,20261008051859,20261008060338,20261008051859,BN
2026-10-08T00:01:06.176998+00:00,BNBN0823,01,3,20261008085707,20261007091352,20261007121645,20261007091352,BN
2026-10-08T00:01:06.176998+00:00,BNBN0846,04,3,20261008085707,20261007133933,20261007135545,20261007133933,BN
2026-10-08T00:01:06.176998+00:00,BNBN0862,02,2,20261008085408,20261008083931,20261008085327,,BN
2026-10-08T00:01:06.176998+00:00,BNBN0864,01,3,20261008085408,20261007231356,20261008003444,20261007231356,BN
2026-10-08T00:01:06.176998+00:00,BNBN0877,01,3,20261008085408,20261007081520,20261007135927,20261007081520,BN
2026-10-08T00:01:06.176998+00:00,BNBN1250,02,2,20261008085110,20261008064902,20261008085044,,BN
2026-10-08T00:01:06.176998+00:00,BT000130,03,2,20261008085810,20261008075213,20261008085810,,BT
2026-10-08T00:01:06.176998+00:00,BT000144,01,2,20261008085859,20261008085802,20261008085859,,BT
2026-10-08T00:01:06.176998+00:00,BT000172,01,2,20261008085356,20261008085302,20261008085356,,BT
2026-10-08T00:01:06.176998+00:00,BT200001,03,4,20261008090006,20261008090002,20261008090006,,BT
2026-10-08T00:01:06.176998+00:00,BT200001,09,3,20261008090003,20261008090003,20261008090003,20261008090003,BT
2026-10-08T00:01:06.176998+00:00,BT200001,12,4,20261008090002,20261008090002,20261008090002,,BT
2026-10-08T00:01:06.176998+00:00,BT200001,13,3,20261008090003,20261008090003,20261008090003,20261008090003,BT
2026-10-08T00:01:06.176998+00:00,CO000019,08,3,20261008085200,20261008085200,20261006101200,20261008085200,CO
2026-10-08T00:01:06.176998+00:00,CR000244,04,2,20261008085922,20261008085645,20261008085922,,CR
2026-10-08T00:01:06.176998+00:00,CRCR0033,01,3,20261008085810,20261007160443,20261007165608,20261008085810,CR
2026-10-08T00:01:06.176998+00:00,CRCR0033,02,3,20261008085811,20261007150342,20261007151924,20261008085811,CR
2026-10-08T00:01:06.176998+00:00,CV001102,01,3,20261008085521,20261008061801,20261008070242,20261008085521,CV
2026-10-08T00:01:06.176998+00:00,CV001306,02,2,20261008085523,20261008083323,20261008085305,,CV
2026-10-08T00:01:06.176998+00:00,CV001837,01,2,20261008085527,20261008074144,20261008085047,,CV
2026-10-08T00:01:06.176998+00:00,CV001947,01,2,20261008085530,20261008082309,20261008085048,,CV
2026-10-08T00:01:06.176998+00:00,CV002010,02,2,20261008085532,20261007192252,20261008051342,,CV
2026-10-08T00:01:06.176998+00:00,CV002011,01,1,20261008085532,20261008064640,20261008064647,,CV
2026-10-08T00:01:06.176998+00:00,CV002636,02,3,20261008085531,20261008085313,20261008085317,20261008085531,CV
2026-10-08T00:01:06.176998+00:00,CV002900,02,2,20261008085539,20261008081549,20261008085110,,CV
2026-10-08T00:01:06.176998+00:00,CV003473,06,3,20261008085546,20261008085353,20261008085354,20261008085546,CV
2026-10-08T00:01:06.176998+00:00,CV003700,02,3,20261008085547,20261008085402,20261008085402,20261008085402,CV
2026-10-08T00:01:06.176998+00:00,CV003962,07,2,20261008085550,20261008075419,20261008085146,,CV
2026-10-08T00:01:06.176998+00:00,CV003991,01,3,20261008085550,20261008085232,20261008085233,20261008085550,CV
2026-10-08T00:01:06.176998+00:00,CV004328,02,3,20261008085547,20261008085316,20261008085318,20261008085316,CV
2026-10-08T00:01:06.176998+00:00,CV004481,01,2,20261008085552,20261008083813,20261008085122,,CV
2026-10-08T00:01:06.176998+00:00,CV004685,04,3,20261008085552,20261008085316,20261008085317,20261008085316,CV
2026-10-08T00:01:06.176998+00:00,CV004754,05,2,20261008085554,20261008074514,20261008085140,,CV
2026-10-08T00:01:06.176998+00:00,CV004754,06,2,20261008085554,20261008080242,20261008085210,,CV
2026-10-08T00:01:06.176998+00:00,DO000010,01,2,20261008085845,20261008085709,20261008085845,,DO
2026-10-08T00:01:06.176998+00:00,DO000058,01,2,20261008085251,20261008081217,20261008085251,,DO
2026-10-08T00:01:06.176998+00:00,EC000001,01,2,20261008090001,20261007201530,20261007215901,,EC
2026-10-08T00:01:06.176998+00:00,EC000389,01,2,20261008085601,20261007170834,20261007222840,,EC
2026-10-08T00:01:06.176998+00:00,EC000500,02,2,20261008085201,20261007224529,20261008042612,,EC
2026-10-08T00:01:06.176998+00:00,EC000594,02,2,20261008085601,20261007200922,20261008020029,,EC
2026-10-08T00:01:06.176998+00:00,EC001002,01,3,20261008085201,20261008023418,20261008085150,20261008023418,EC
2026-10-08T00:01:06.176998+00:00,EC001018,07,3,20261008085201,20261008085121,20261006220610,20261008085121,EC
2026-10-08T00:01:06.176998+00:00,EC001034,05,2,20261008085201,20261007204311,20261008015422,,EC
2026-10-08T00:01:06.176998+00:00,EC004164,02,2,20261008085402,20261008000422,20261008060859,,EC
2026-10-08T00:01:06.176998+00:00,EC004810,03,2,20261008085402,20261008063714,20261008085342,,EC
2026-10-08T00:01:06.176998+00:00,EC004963,03,3,20261008085202,20261008085028,20261007175301,20261008085028,EC
2026-10-08T00:01:06.176998+00:00,EC007775,01,2,20261008085202,20261008050835,20261008074256,,EC
2026-10-08T00:01:06.176998+00:00,EC110021,03,3,20261008085402,20261008085317,20261006231725,20261008085317,EC
2026-10-08T00:01:06.176998+00:00,EC110021,04,3,20261008085202,20261008085103,20261007180501,20261008085103,EC
2026-10-08T00:01:06.176998+00:00,EC110022,03,2,20261008090006,20261008030312,20261008035523,,EC
2026-10-08T00:01:06.176998+00:00,EC110042,03,3,20261008085202,20261008085109,20261007144212,20261008085109,EC
2026-10-08T00:01:06.176998+00:00,EC110103,09,2,20261008085202,20261007200838,20261008000433,,EC
2026-10-08T00:01:06.176998+00:00,ER000397,28,2,20261008085149,20261008061715,20261007212804,,ER
2026-10-08T00:01:06.176998+00:00,ER000397,36,2,20261008085950,20261008012450,20261007214358,,ER
2026-10-08T00:01:06.176998+00:00,ER000399,04,2,20261008085218,20261008074840,20261007231345,,ER
2026-10-08T00:01:06.176998+00:00,ER000458,01,2,20261008085530,20261008021654,20261007202530,,ER
2026-10-08T00:01:06.176998+00:00,ER000504,03,2,20261008085743,20261008033203,20261007210959,,ER
2026-10-08T00:01:06.176998+00:00,ER000517,02,3,20261008085914,20261007231915,20261007200530,20261008060846,ER
2026-10-08T00:01:06.176998+00:00,ER000542,07,3,20261008085218,20261008024329,20261007212224,20261008085139,ER
2026-10-08T00:01:06.176998+00:00,ER000542,25,2,20261008085639,20261008085024,20261008082940,,ER
2026-10-08T00:01:06.176998+00:00,ER000558,09,2,20261008085948,20261008084004,20261007224431,,ER
2026-10-08T00:01:06.176998+00:00,ER110136,01,3,20261008085947,20261008060733,20261008025335,20261008025335,ER
2026-10-08T00:01:06.176998+00:00,EV001740,01,3,20261008085503,20261007200432,20261007211750,20261008085303,EV
2026-10-08T00:01:06.176998+00:00,EV002199,02,2,20261008085503,20261008031344,20261008085151,,EV
2026-10-08T00:01:06.176998+00:00,EV002271,01,2,20261008085301,20261008033218,20261008085021,,EV
2026-10-08T00:01:06.176998+00:00,EV002803,02,3,20261008085302,20261007174500,20261008034202,20261008085145,EV
2026-10-08T00:01:06.176998+00:00,EV003079,01,2,20261008085302,20261007221307,20261008041838,,EV
2026-10-08T00:01:06.176998+00:00,EV003423,04,3,20261008085504,20261003103737,20261003122017,20261008085332,EV
2026-10-08T00:01:06.176998+00:00,EV003846,02,3,20261008085504,20261007212636,20261008035157,20261008085426,EV
2026-10-08T00:01:06.176998+00:00,EV004016,02,2,20261008085504,20261008004414,20261008083948,,EV
2026-10-08T00:01:06.176998+00:00,EV004018,02,2,20261008085503,20261007185800,20261007232421,,EV
2026-10-08T00:01:06.176998+00:00,EV004040,01,2,20261008085501,20261007103754,20261008003750,,EV
2026-10-08T00:01:06.176998+00:00,EV004692,04,3,20261008085504,20261007075305,20261007170413,20261008085415,EV
2026-10-08T00:01:06.176998+00:00,EV004799,02,2,20261008085506,20261008084056,20261008085255,,EV
2026-10-08T00:01:06.176998+00:00,EV005113,02,2,20261008085703,20261007150348,20261007193024,,EV
2026-10-08T00:01:06.176998+00:00,EV005116,02,2,20261008085501,20261007194027,20261008000218,,EV
2026-10-08T00:01:06.176998+00:00,EV005209,02,2,20261008085503,20261008030131,20261008072754,,EV
2026-10-08T00:01:06.176998+00:00,EV005259,01,3,20261008085300,20261004143323,20261004211515,20261008030609,EV
2026-10-08T00:01:06.176998+00:00,EV005520,02,3,20261008085302,20261007070802,20261007104937,20261008080333,EV
2026-10-08T00:01:06.176998+00:00,EV005894,01,2,20261008085303,20261003155123,20261003193918,,EV
2026-10-08T00:01:06.176998+00:00,EV005908,02,3,20261008085705,20261006081255,20261006150142,20261008085622,EV
2026-10-08T00:01:06.176998+00:00,EV006004,03,3,20261008085302,20261007215728,20261008024034,20261008085242,EV
2026-10-08T00:01:06.176998+00:00,EV006015,02,2,20261008085259,20261007221245,20261008032018,,EV
2026-10-08T00:01:06.176998+00:00,EV006148,04,2,20261008085706,20261007194644,20261007235650,,EV
2026-10-08T00:01:06.176998+00:00,EV006267,04,3,20261008085504,20261008064038,20261008071629,20261008092038,EV
2026-10-08T00:01:06.176998+00:00,EV006268,01,1,20261008085332,20260914085932,20260914090024,,EV
2026-10-08T00:01:06.176998+00:00,EV006379,01,1,20261008085330,20261004101959,20261004135655,,EV
2026-10-08T00:01:06.176998+00:00,EV006713,01,3,20261008085505,20261007133643,20261008022935,20261008085317,EV
2026-10-08T00:01:06.176998+00:00,EV006841,02,2,20261008085704,20261007200549,20261008075019,,EV
2026-10-08T00:01:06.176998+00:00,EV006963,03,3,20261008085705,20261007085751,20261007150533,20261008085600,EV
2026-10-08T00:01:06.176998+00:00,EV006967,05,3,20261008085503,20261007124815,20261007184014,20261008085415,EV
2026-10-08T00:01:06.176998+00:00,EV007030,02,2,20261008085708,20261007233606,20261008051830,,EV
2026-10-08T00:01:06.176998+00:00,EV007063,01,2,20261008085503,20261007213317,20261008065429,,EV
2026-10-08T00:01:06.176998+00:00,EV007090,06,3,20261008085706,20261007185729,20261008072130,20261008085501,EV
2026-10-08T00:01:06.176998+00:00,EV007331,02,2,20261008085506,20261007182341,20261008014019,,EV
2026-10-08T00:01:06.176998+00:00,EV007512,02,2,20261008085502,20261007195859,20261008001110,,EV
2026-10-08T00:01:06.176998+00:00,EV007548,04,3,20261008085906,20261002131832,20261002163754,20261008085808,EV
2026-10-08T00:01:06.176998+00:00,EV007740,02,2,20261008085300,20261007212435,20261008061221,,EV
2026-10-08T00:01:06.176998+00:00,EV007880,07,2,20261008085300,20261007162710,20261007223532,,EV
2026-10-08T00:01:06.176998+00:00,EV008074,03,3,20261008085704,20261007225833,20261008063148,20261008085421,EV
2026-10-08T00:01:06.176998+00:00,EV008205,01,3,20261008085504,20261007164331,20261007191806,20261008085444,EV
2026-10-08T00:01:06.176998+00:00,EV008205,02,2,20261008085908,20261007172212,20261008041245,,EV
2026-10-08T00:01:06.176998+00:00,EV008496,03,9,20261008085908,20261007063831,20261007143210,,EV
2026-10-08T00:01:06.176998+00:00,EV008520,08,2,20261008085908,20261007195915,20261008031907,,EV
2026-10-08T00:01:06.176998+00:00,EV008748,01,2,20261008085705,20261008062854,20261008085435,,EV
2026-10-08T00:01:06.176998+00:00,EV008804,01,2,20261008085503,20261007235816,20261008064550,,EV
2026-10-08T00:01:06.176998+00:00,EV008804,04,2,20261008085705,20261007202944,20261008004407,,EV
2026-10-08T00:01:06.176998+00:00,EV008829,02,3,20261008085907,20261007202321,20261008035444,20261008085907,EV
2026-10-08T00:01:06.176998+00:00,EV008837,01,2,20261008085302,20261007224335,20261008022546,,EV
2026-10-08T00:01:06.176998+00:00,EV008907,02,2,20261008085706,20261007191214,20261008055019,,EV
2026-10-08T00:01:06.176998+00:00,EV008955,01,3,20261008085704,20261007053219,20261007142200,20261008085526,EV
2026-10-08T00:01:06.176998+00:00,EV008988,02,2,20261008085906,20261008080447,20261008085812,,EV
2026-10-08T00:01:06.176998+00:00,EV008990,01,3,20261008085706,20261008061806,20261008080200,20261008085706,EV
2026-10-08T00:01:06.176998+00:00,EV009004,02,3,20261008085704,20261006100024,20261006162957,20261008085545,EV
2026-10-08T00:01:06.176998+00:00,EV009028,01,3,20261008085707,20261007210102,20261008022543,20261008084817,EV
2026-10-08T00:01:06.176998+00:00,EV009036,03,2,20261008085707,20261007213413,20261008020824,,EV
2026-10-08T00:01:06.176998+00:00,EV009037,03,2,20261008085505,20261007211910,20261008023621,,EV
2026-10-08T00:01:06.176998+00:00,EV010128,01,2,20261008085909,20261007194255,20261008023848,,EV
2026-10-08T00:01:06.176998+00:00,EV010128,02,2,20261008085909,20261007195035,20261008013206,,EV
2026-10-08T00:01:06.176998+00:00,EV010372,01,2,20261008085704,20261007225146,20261008022116,,EV
2026-10-08T00:01:06.176998+00:00,EV010372,03,3,20261008085502,20261008032803,20261008040642,20261008085502,EV
2026-10-08T00:01:06.176998+00:00,EV010372,05,3,20261008085906,20261007063611,20261007104741,20261008085726,EV
2026-10-08T00:01:06.176998+00:00,EV010527,02,3,20261008085705,20261008045743,20261008055256,20261008085705,EV
2026-10-08T00:01:06.176998+00:00,EV010597,02,2,20261008085302,20261007205057,20261008080820,,EV
2026-10-08T00:01:06.176998+00:00,EV011147,01,2,20261008085909,20261007182750,20261008054705,,EV
2026-10-08T00:01:06.176998+00:00,EV011151,01,2,20261008085909,20261006180448,20261007005336,,EV
2026-10-08T00:01:06.176998+00:00,EV011244,05,3,20261008085909,20261007190611,20261008031837,20261008085703,EV
2026-10-08T00:01:06.176998+00:00,EV011245,04,2,20261008085505,20261007195548,20261008054946,,EV
2026-10-08T00:01:06.176998+00:00,EV011246,08,2,20261008085505,20261007191054,20261007230804,,EV
2026-10-08T00:01:06.176998+00:00,EV011538,01,2,20261008085501,20261008074812,20261008085109,,EV
2026-10-08T00:01:06.176998+00:00,EV011750,01,2,20261008085506,20261007204710,20261008021341,,EV
2026-10-08T00:01:06.176998+00:00,EV011840,03,3,20261008085502,20261008010523,20261008065237,20261008085241,EV
2026-10-08T00:01:06.176998+00:00,EV011863,02,3,20261008085301,20261007063650,20261007151624,20261008085234,EV
2026-10-08T00:01:06.176998+00:00,EV012087,03,3,20261008085910,20261007132132,20261007164623,20261008085834,EV
2026-10-08T00:01:06.176998+00:00,EV012088,01,3,20261008085303,20261007115402,20261007185006,20261008085142,EV
2026-10-08T00:01:06.176998+00:00,EV012437,04,3,20261008085707,20260920173126,20260921021747,20261008085707,EV
2026-10-08T00:01:06.176998+00:00,EV012448,01,3,20261008085504,20261006032802,20261006082220,20261008030839,EV
2026-10-08T00:01:06.176998+00:00,EV012690,01,3,20261008085906,20261005200205,20261005230143,20261008085849,EV
2026-10-08T00:01:06.176998+00:00,EV012796,01,3,20261008085708,20261007220334,20261007230503,20261008085619,EV
2026-10-08T00:01:06.176998+00:00,EV012800,03,2,20261008085505,20261007185515,20261007203741,,EV
2026-10-08T00:01:06.176998+00:00,EV012801,01,2,20261008085708,20261007205853,20261008004810,,EV
2026-10-08T00:01:06.176998+00:00,EV012804,03,3,20261008085708,20261007135154,20261007194855,20261008085623,EV
2026-10-08T00:01:06.176998+00:00,EV012827,03,3,20261008085909,20261007133705,20261007144614,20261008085613,EV
2026-10-08T00:01:06.176998+00:00,EV013086,06,3,20261008085910,20261007180553,20261008054454,20261008085745,EV
2026-10-08T00:01:06.176998+00:00,EV013198,05,3,20261008085706,20261006104600,20261006163449,20261008085408,EV
2026-10-08T00:01:06.176998+00:00,EV013198,06,3,20261008085503,20261007083915,20261007163353,20261008085349,EV
2026-10-08T00:01:06.176998+00:00,EV013257,02,3,20261008085707,20261007084233,20261007084653,20261008085707,EV
2026-10-08T00:01:06.176998+00:00,EV013537,02,3,20261008085505,20261007074711,20261007134125,20261008085303,EV
2026-10-08T00:01:06.176998+00:00,EV013539,06,3,20261008085505,20261007092709,20261007153301,20261008085316,EV
2026-10-08T00:01:06.176998+00:00,EV013843,02,2,20261008085704,20261008000036,20261008054038,,EV
2026-10-08T00:01:06.176998+00:00,EV013874,02,3,20261008085300,20261007232610,20261008030017,20261008085227,EV
2026-10-08T00:01:06.176998+00:00,EV013897,03,2,20261008085259,20261006173807,20261007065056,,EV
2026-10-08T00:01:06.176998+00:00,EV014407,02,3,20261008085906,20261007133558,20261007201336,20261008085808,EV
2026-10-08T00:01:06.176998+00:00,EV014437,05,3,20261008085706,20261007172246,20261007184455,20261008085706,EV
2026-10-08T00:01:06.176998+00:00,EV014495,01,3,20261008085705,20261007170252,20261007213009,20261008085631,EV
2026-10-08T00:01:06.176998+00:00,EV014495,04,3,20261008085907,20261007084547,20261007174304,20261008085830,EV
2026-10-08T00:01:06.176998+00:00,EV014639,01,2,20261008085501,20261008070120,20261008083855,,EV
2026-10-08T00:01:06.176998+00:00,EV014959,01,3,20261008085906,20261007165710,20261007193410,20261008085837,EV
2026-10-08T00:01:06.176998+00:00,EV015104,02,3,20261008085502,20261006062150,20261006094614,20261008085442,EV
2026-10-08T00:01:06.176998+00:00,EV015328,02,3,20261008085505,20261007211745,20261007234114,20261008085250,EV
2026-10-08T00:01:06.176998+00:00,EV015352,02,3,20261008085259,20261007074422,20261007085006,20261008074719,EV
2026-10-08T00:01:06.176998+00:00,EV015592,02,2,20261008085300,20261007223628,20261008051255,,EV
2026-10-08T00:01:06.176998+00:00,EV015897,01,2,20261008085502,20261008014525,20261008061437,,EV
2026-10-08T00:01:06.176998+00:00,EV016023,02,2,20261008085503,20261007171825,20261007200334,,EV
2026-10-08T00:01:06.176998+00:00,EV016771,02,2,20261008085704,20261007211944,20261008035217,,EV
2026-10-08T00:01:06.176998+00:00,EV017511,01,2,20261008085707,20261007234417,20261008082018,,EV
2026-10-08T00:01:06.176998+00:00,EV017664,02,2,20261008085706,20261007200322,20261007234420,,EV
2026-10-08T00:01:06.176998+00:00,EV017712,03,3,20261008085708,20261007201116,20261007232216,20261008085538,EV
2026-10-08T00:01:06.176998+00:00,EV017713,03,2,20261008085910,20261007234320,20261008021557,,EV
2026-10-08T00:01:06.176998+00:00,EV017757,04,3,20261008085502,20261002183049,20261002202922,20261008085502,EV
2026-10-08T00:01:06.176998+00:00,EV017839,04,3,20261008085703,20261007201216,20261007234051,20261008085623,EV
2026-10-08T00:01:06.176998+00:00,EV017926,04,3,20261008085909,20261007200351,20261007224424,20261008085813,EV
2026-10-08T00:01:06.176998+00:00,EV017930,06,2,20261008085707,20261007223118,20261008054555,,EV
2026-10-08T00:01:06.176998+00:00,EV017932,07,2,20261008085505,20261007213145,20261007224734,,EV
2026-10-08T00:01:06.176998+00:00,EV018067,05,9,20261008085907,20261007170948,20261007232049,,EV
2026-10-08T00:01:06.176998+00:00,EV018227,01,3,20261008085703,20261007090651,20261007091847,20261008085522,EV
2026-10-08T00:01:06.176998+00:00,EV018227,03,3,20261008085703,20261007154541,20261007161548,20261008085553,EV
2026-10-08T00:01:06.176998+00:00,EV018228,01,3,20261008085505,20261007071433,20261007112134,20261008085310,EV
2026-10-08T00:01:06.176998+00:00,EV018228,02,3,20261008085505,20261007154117,20261007205155,20261008085317,EV
2026-10-08T00:01:06.176998+00:00,EV018361,08,3,20261008085303,20261007085553,20261007170233,20261008085146,EV
2026-10-08T00:01:06.176998+00:00,EV018363,04,3,20261008085303,20261006091722,20261006091809,20261008085138,EV
2026-10-08T00:01:06.176998+00:00,EV018389,06,2,20261008085703,20261007193632,20261007232251,,EV
2026-10-08T00:01:06.176998+00:00,EV018646,01,9,20261008085905,20261007195716,20261008032732,,EV
2026-10-08T00:01:06.176998+00:00,EV018798,04,2,20261008085707,20261007215847,20261008022022,,EV
2026-10-08T00:01:06.176998+00:00,EV018848,03,3,20261008085707,20261007144425,20261007183859,20261008085707,EV
2026-10-08T00:01:06.176998+00:00,EV018852,05,2,20261008085301,20261007184151,20261008040003,,EV
2026-10-08T00:01:06.176998+00:00,EV018890,01,2,20261008085704,20261007230931,20261008053728,,EV
2026-10-08T00:01:06.176998+00:00,EV018910,01,2,20261008085502,20261008015520,20261008085222,,EV
2026-10-08T00:01:06.176998+00:00,EV018910,03,2,20261008085502,20261007201238,20261008012904,,EV
2026-10-08T00:01:06.176998+00:00,EV018995,03,2,20261008085909,20261007223301,20261008005731,,EV
2026-10-08T00:01:06.176998+00:00,EV019221,03,2,20261008085905,20261007153304,20261008053303,,EV
2026-10-08T00:01:06.176998+00:00,EV019252,03,2,20261008085908,20261007220021,20261008021237,,EV
2026-10-08T00:01:06.176998+00:00,EV019283,02,2,20261008085501,20261007215135,20261008060417,,EV
2026-10-08T00:01:06.176998+00:00,EV019289,03,2,20261008085300,20261007192017,20261007210311,,EV
2026-10-08T00:01:06.176998+00:00,EV019353,01,2,20261008085705,20261007171113,20261008023351,,EV
2026-10-08T00:01:06.176998+00:00,EV019498,01,2,20261008085908,20261007184616,20261008015448,,EV
2026-10-08T00:01:06.176998+00:00,EV019498,04,2,20261008085503,20261008015055,20261008080413,,EV
2026-10-08T00:01:06.176998+00:00,EV019680,02,3,20261008085909,20261007225456,20261008002546,20261008085806,EV
2026-10-08T00:01:06.176998+00:00,EV019683,02,2,20261008085505,20261007191818,20261007233524,,EV
2026-10-08T00:01:06.176998+00:00,EV019686,02,2,20261008085707,20261007202851,20261007232146,,EV
2026-10-08T00:01:06.176998+00:00,EV019731,02,2,20261008085707,20261007175640,20261008003106,,EV
2026-10-08T00:01:06.176998+00:00,EV019957,01,2,20261008085303,20261007213744,20261008031450,,EV
2026-10-08T00:01:06.176998+00:00,EV020079,01,2,20261008085909,20261007214851,20261008085826,,EV
2026-10-08T00:01:06.176998+00:00,EV020270,03,2,20261008085502,20261004082036,20261004092519,,EV
2026-10-08T00:01:06.176998+00:00,EV020271,01,2,20261008085300,20261007194846,20261008000401,,EV
2026-10-08T00:01:06.176998+00:00,EV020274,03,2,20261008085704,20261007221616,20261008010711,,EV
2026-10-08T00:01:06.176998+00:00,EV020381,01,2,20261008085706,20261007234145,20261008030725,,EV
2026-10-08T00:01:06.176998+00:00,EV020415,02,3,20261008085503,20261006102847,20261006211222,20261008085445,EV
2026-10-08T00:01:06.176998+00:00,HD000013,01,2,20261008090000,20261008073818,20261008081938,,HD
2026-10-08T00:01:06.176998+00:00,HD000013,02,2,20261008090000,20261007181522,20261007182654,,HD
2026-10-08T00:01:06.176998+00:00,HD000013,03,2,20261008090000,20261007201939,20261007203508,,HD
2026-10-08T00:01:06.176998+00:00,HD000013,04,2,20261008090000,20261007192907,20261007195615,,HD
2026-10-08T00:01:06.176998+00:00,HD000013,05,2,20261008090000,20261008052606,20261008060242,,HD
2026-10-08T00:01:06.176998+00:00,HD000013,06,3,20261008090000,20261008081712,20261007222324,20261008081700,HD
2026-10-08T00:01:06.176998+00:00,HD000017,01,2,20261008090000,20261008083001,20261008083105,,HD
2026-10-08T00:01:06.176998+00:00,HD000017,02,2,20261008090000,20261007212153,20261007220545,,HD
2026-10-08T00:01:06.176998+00:00,HD000017,03,3,20261008090000,20261008083339,20261008035216,20261008083339,HD
2026-10-08T00:01:06.176998+00:00,HD000023,03,2,20261008090001,20261008064335,20261008072014,,HD
2026-10-08T00:01:06.176998+00:00,HD000023,04,3,20261008090001,20261008003420,20261008003908,20261008003420,HD
2026-10-08T00:01:06.176998+00:00,HD000023,05,2,20261008090001,20261008033743,20261008042337,,HD
2026-10-08T00:01:06.176998+00:00,HD000023,06,2,20261008090001,20261008065239,20261008065345,,HD
2026-10-08T00:01:06.176998+00:00,HD000039,01,2,20261008090001,20261006033317,20261006035206,,HD
2026-10-08T00:01:06.176998+00:00,HD000039,02,2,20261008090001,20261007225613,20261007225651,,HD
2026-10-08T00:01:06.176998+00:00,HD000039,03,2,20261008090001,20261007174113,20261007180300,,HD
2026-10-08T00:01:06.176998+00:00,HD000039,04,2,20261008090001,20261008082543,20261008084546,,HD
2026-10-08T00:01:06.176998+00:00,HD000040,01,2,20261008090001,20261006191319,20261006200040,,HD
2026-10-08T00:01:06.176998+00:00,HD000040,02,2,20261008090001,20261007123149,20261007124328,,HD
2026-10-08T00:01:06.176998+00:00,HD000040,03,2,20261008090001,20261007102716,20261007105600,,HD
2026-10-08T00:01:06.176998+00:00,HD000040,04,2,20261008090001,20261007084654,20261007092036,,HD
2026-10-08T00:01:06.176998+00:00,HD000091,01,3,20261008090002,20261008085931,20261008083658,20261008085931,HD
2026-10-08T00:01:06.176998+00:00,HE000243,01,3,20261008085800,20261008085800,20261006172400,20261008085800,HE
2026-10-08T00:01:06.176998+00:00,HE000270,01,2,20261008085500,20261007132900,20261008085500,,HE
2026-10-08T00:01:06.176998+00:00,HE001020,09,3,20261008085400,20261008085400,20261001091600,20261008085400,HE
2026-10-08T00:01:06.176998+00:00,HE001048,04,2,20261008085700,20261008085500,20261008085700,,HE
2026-10-08T00:01:06.176998+00:00,HE001105,06,3,20261008085900,20261008085900,20261008085700,20261008085900,HE
2026-10-08T00:01:06.176998+00:00,HE192301,10,3,20261008085600,20261008085600,20261007191300,20261008085600,HE
2026-10-08T00:01:06.176998+00:00,HE192682,01,3,20261008085300,20261008085300,20261002162600,20261008085300,HE
2026-10-08T00:01:06.176998+00:00,HE212806,04,2,20261008085900,20261008081600,20261008085900,,HE
2026-10-08T00:01:06.176998+00:00,HE240191,02,2,20261008085200,20261008080900,20261008085200,,HE
2026-10-08T00:01:06.176998+00:00,HE240240,15,2,20261008090000,20261007195500,20261008090000,,HE
2026-10-08T00:01:06.176998+00:00,HE240401,01,2,20261008090001,20261007122440,20261007144035,,HE
2026-10-08T00:01:06.176998+00:00,HE240401,02,2,20261008090001,20261007135628,20261007151229,,HE
2026-10-08T00:01:06.176998+00:00,HE240401,03,2,20261008090001,20261006164742,20261006173924,,HE
2026-10-08T00:01:06.176998+00:00,HE240415,05,2,20261008090001,20261007174201,20261007204510,,HE
2026-10-08T00:01:06.176998+00:00,HE240431,02,3,20261008085800,20261008085800,20261001150132,20261008085800,HE
2026-10-08T00:01:06.176998+00:00,HE240431,05,3,20261008085600,20261008085600,20261007023621,20261008085600,HE
2026-10-08T00:01:06.176998+00:00,HM000066,21,3,20261008085200,20261006085418,20261006150410,20261008085014,HM
2026-10-08T00:01:06.176998+00:00,HM000096,04,3,20261008085601,20261007073224,20261007130552,20261008085508,HM
2026-10-08T00:01:06.176998+00:00,HM000119,02,3,20261008085201,20261007085901,20261007123702,20261008085029,HM
2026-10-08T00:01:06.176998+00:00,HM000126,05,3,20261008090002,20261007162610,20261007183641,20261008085855,HM
2026-10-08T00:01:06.176998+00:00,HM000126,11,3,20261008085601,20261007094734,20261007105010,20261008085501,HM
2026-10-08T00:01:06.176998+00:00,HM000455,24,2,20261008085607,20261006172241,20261006191558,,HM
2026-10-08T00:01:06.176998+00:00,HM000466,07,2,20261008085807,20261007203752,20261007212714,,HM
2026-10-08T00:01:06.176998+00:00,HM001237,04,3,20261008085615,20261007095424,20261007130909,20261008085506,HM
2026-10-08T00:01:06.176998+00:00,HM001237,05,3,20261008085214,20261006093141,20261006123818,20261008085025,HM
2026-10-08T00:01:06.176998+00:00,HM001237,37,3,20261008085416,20261002080532,20261002123356,20261008085349,HM
2026-10-08T00:01:06.176998+00:00,HM001396,23,3,20261008085215,20261007083222,20261007155021,20261008085138,HM
2026-10-08T00:01:06.176998+00:00,HM001659,05,3,20261008085819,20261005145620,20261005155627,20261008085648,HM
2026-10-08T00:01:06.176998+00:00,HM110005,09,2,20261008085219,20261008060159,20261008085200,,HM
2026-10-08T00:01:06.176998+00:00,HM110016,05,3,20261008085422,20260930120659,20260930134204,20261008085349,HM
2026-10-08T00:01:06.176998+00:00,HM110020,03,3,20261008085220,20261008052559,20261008064836,20261008085112,HM
2026-10-08T00:01:06.176998+00:00,HM110095,03,3,20261008085822,20261006090328,20261006102738,20261008085653,HM
2026-10-08T00:01:06.176998+00:00,HM110111,02,3,20261008085220,20261007145331,20261007155200,20261008085114,HM
2026-10-08T00:01:06.176998+00:00,HM110116,08,3,20261008085621,20261007081300,20261007110843,20261008085443,HM
2026-10-08T00:01:06.176998+00:00,HM110116,19,3,20261008085423,20261006091517,20261006100300,20261008085332,HM
2026-10-08T00:01:06.176998+00:00,HM110157,02,3,20261008085423,20261007190127,20261007215503,20261008085337,HM
2026-10-08T00:01:06.176998+00:00,HM110157,04,3,20261008085823,20261007174942,20261007225841,20261007174942,HM
2026-10-08T00:01:06.176998+00:00,HM110195,01,2,20261008085423,20261008064848,20261008085213,,HM
2026-10-08T00:01:06.176998+00:00,HM110198,16,2,20261008085622,20261008080257,20261008085357,,HM
2026-10-08T00:01:06.176998+00:00,HM110206,04,3,20261008085221,20261007112842,20261007152138,20261008085141,HM
2026-10-08T00:01:06.176998+00:00,HM110208,03,3,20261008085221,20261006091840,20261006162736,20261008085035,HM
2026-10-08T00:01:06.176998+00:00,HM110233,05,3,20261008085623,20261007133911,20261007220614,20261008085525,HM
2026-10-08T00:01:06.176998+00:00,HM110247,01,3,20261008085623,20261007085128,20261007111008,20261008085436,HM
2026-10-08T00:01:06.176998+00:00,HM110308,03,2,20261008085425,20261008081058,20261008084321,,HM
2026-10-08T00:01:06.176998+00:00,HM110308,05,2,20261008085425,20261008073601,20261008085302,,HM
2026-10-08T00:01:06.176998+00:00,HM110314,02,3,20261008085825,20261007145930,20261007185918,20261007145930,HM
2026-10-08T00:01:06.176998+00:00,HP160001,02,2,20261008085618,20261008070434,20261008085618,,HP
2026-10-08T00:01:06.176998+00:00,HP160001,05,3,20261008085537,20261008085537,20261008073529,20261008085537,HP
2026-10-08T00:01:06.176998+00:00,HP250010,04,2,20261008085441,20261008062310,20261008085441,,HP
2026-10-08T00:01:06.176998+00:00,HP250010,07,2,20261008085426,20261008055522,20261008085426,,HP
2026-10-08T00:01:06.176998+00:00,HU200072,02,2,20261008085541,20261008080717,20261008085311,,HU
2026-10-08T00:01:06.176998+00:00,HY000003,03,2,20261008090002,20260709154228,20260820145526,,HY
2026-10-08T00:01:06.176998+00:00,HY000003,04,2,20261008090002,20261008050245,20261008050245,,HY
2026-10-08T00:01:06.176998+00:00,HY000019,02,2,20261008090004,20261002101740,20261004115332,,HY
2026-10-08T00:01:06.176998+00:00,HY000019,03,3,20261008090004,20261008063707,20261008063647,20261008063707,HY
2026-10-08T00:01:06.176998+00:00,HY000019,05,2,20261008090004,20261007155035,20261008063250,,HY
2026-10-08T00:01:06.176998+00:00,HY000019,08,2,20261008090004,20261007142359,20261008063021,,HY
2026-10-08T00:01:06.176998+00:00,HY000019,09,2,20261008090004,20261007142042,20261008063143,,HY
2026-10-08T00:01:06.176998+00:00,HY000019,11,2,20261008090004,20261007063918,20261007143022,,HY
2026-10-08T00:01:06.176998+00:00,HY000411,01,3,20261008085504,20261008085419,20261007184541,20261008085419,HY
2026-10-08T00:01:06.176998+00:00,HY000538,09,2,20261008085605,20261008075327,20261008084423,,HY
2026-10-08T00:01:06.176998+00:00,HY000606,26,2,20261008085706,20261008085628,20261008085628,,HY
2026-10-08T00:01:06.176998+00:00,HY000711,03,2,20261008085602,20261007201238,20261008085551,,HY
2026-10-08T00:01:06.176998+00:00,HY000893,12,2,20261008085705,20261007142759,20261008085637,,HY
2026-10-08T00:01:06.176998+00:00,HY001056,01,2,20261008085904,20261008034318,20261008085852,,HY
2026-10-08T00:01:06.176998+00:00,HY001383,19,2,20261008085106,20261007210814,20261007221736,,HY
2026-10-08T00:01:06.176998+00:00,HY001423,01,2,20261008085406,20261007193111,20261008085334,,HY
2026-10-08T00:01:06.176998+00:00,HY001464,05,2,20261008085603,20261007202408,20261007230859,,HY
2026-10-08T00:01:06.176998+00:00,HY001876,07,2,20261008085306,20261007201442,20261008085223,,HY
2026-10-08T00:01:06.176998+00:00,HY001876,18,2,20261008085207,20261007203546,20261008085116,,HY
2026-10-08T00:01:06.176998+00:00,IM000319,03,3,20261008085440,20261008085126,20261007232220,20261008085440,IM
2026-10-08T00:01:06.176998+00:00,IM000374,05,3,20261008085758,20261008085632,20261006150908,20261008085758,IM
2026-10-08T00:01:06.176998+00:00,JA110019,02,3,20261008085601,20261008085601,20261007192801,20261008085601,JA
2026-10-08T00:01:06.176998+00:00,JA110024,03,3,20261008085602,20261008085602,20261007124001,20261008085602,JA
2026-10-08T00:01:06.176998+00:00,JA110025,08,2,20261008085602,20261007230005,20261008085602,,JA
2026-10-08T00:01:06.176998+00:00,JA110027,15,3,20261008085602,20261008085602,20261006171402,20261008085602,JA
2026-10-08T00:01:06.176998+00:00,JA110029,03,3,20261008085602,20261008085602,20261007170005,20261008085602,JA
2026-10-08T00:01:06.176998+00:00,JA110042,01,3,20261008085604,20261008085604,20261008074904,20261008085604,JA
2026-10-08T00:01:06.176998+00:00,JA110074,02,2,20261008085607,20261002155608,20261008085607,,JA
2026-10-08T00:01:06.176998+00:00,JA110083,02,3,20261008085607,20261008085607,20261006174908,20261008085607,JA
2026-10-08T00:01:06.176998+00:00,JA110098,01,3,20261008085608,20261008085608,20261006172808,20261008085608,JA
2026-10-08T00:01:06.176998+00:00,JA110114,01,3,20261008085609,20261008085609,20261008014015,20261008085609,JA
2026-10-08T00:01:06.176998+00:00,JA110138,01,2,20261008085611,20261007223511,20261008085611,,JA
2026-10-08T00:01:06.176998+00:00,JA110171,16,2,20261008085616,20261007214915,20261008085616,,JA
2026-10-08T00:01:06.176998+00:00,JA110180,01,2,20261008085617,20261007212120,20261008085617,,JA
2026-10-08T00:01:06.176998+00:00,JA110198,01,2,20261008085619,20261008082816,20261008085619,,JA
2026-10-08T00:01:06.176998+00:00,JA110198,02,2,20261008085619,20261008082816,20261008085619,,JA
2026-10-08T00:01:06.176998+00:00,JA110210,09,3,20261008085619,20261008085619,20261008084920,20261008085619,JA
2026-10-08T00:01:06.176998+00:00,JA110210,17,2,20261008085619,20261008073517,20261008085619,,JA
2026-10-08T00:01:06.176998+00:00,KE000196,02,2,20261008085700,20261007204655,20261008085601,,KE
2026-10-08T00:01:06.176998+00:00,KE000464,04,3,20261008085200,20261008085131,20260929121100,20261008085131,KE
2026-10-08T00:01:06.176998+00:00,KE000637,01,3,20261008085859,20261008085846,20261007145218,20261008085846,KE
2026-10-08T00:01:06.176998+00:00,KE000699,04,2,20261008085800,20261008063828,20261008085750,,KE
2026-10-08T00:01:06.176998+00:00,KE000955,02,3,20261008085801,20261008085539,20261005142804,20261008085539,KE
2026-10-08T00:01:06.176998+00:00,KE000996,07,3,20261008085959,20261008085419,20261006120718,20261008085419,KE
2026-10-08T00:01:06.176998+00:00,KE000999,01,3,20261008085459,20261008085404,20261007154215,20261008085404,KE
2026-10-08T00:01:06.176998+00:00,KE001175,01,3,20261008085500,20261008085455,20261007191112,20261008085455,KE
2026-10-08T00:01:06.176998+00:00,KE001248,01,3,20261008085701,20261008085620,20261007223434,20261008085620,KE
2026-10-08T00:01:06.176998+00:00,KE001249,02,5,20261008085859,20261007150706,20261007152442,,KE
2026-10-08T00:01:06.176998+00:00,KE001340,01,2,20261008090002,20261007140941,20261007144209,,KE
2026-10-08T00:01:06.176998+00:00,KE001537,01,3,20261008085659,20261008085653,20261007112218,20261008085653,KE
2026-10-08T00:01:06.176998+00:00,KL001646,09,2,20261008085901,20261008085907,20261008085907,,KL
2026-10-08T00:01:06.176998+00:00,KL001785,02,2,20261008085401,20261008073057,20261008083609,,KL
2026-10-08T00:01:06.176998+00:00,KL001841,02,3,20261008085501,20261008085501,20261008085358,20261008085358,KL
2026-10-08T00:01:06.176998+00:00,KL002128,02,1,20261008085301,20260925040756,20260925121241,,KL
2026-10-08T00:01:06.176998+00:00,KL002279,05,3,20261008085602,20261008085602,20261006144950,20261008085022,KL
2026-10-08T00:01:06.176998+00:00,KL002320,01,3,20261008085602,20261008085602,20261007211935,20261008085316,KL
2026-10-08T00:01:06.176998+00:00,KL002435,19,2,20261008085901,20261007194648,20261008085316,,KL
2026-10-08T00:01:06.176998+00:00,KL200156,50,3,20261008085623,20261008085623,20261008085554,20261008061227,KL
2026-10-08T00:01:06.176998+00:00,KL200202,31,3,20261008090008,20261008090008,20261005150232,20261008090007,KL
2026-10-08T00:01:06.176998+00:00,KL200203,00,3,20261008085855,20261008085855,20261008085836,20261008074644,KL
2026-10-08T00:01:06.176998+00:00,KL200305,64,9,20261008085707,20261008043504,20261008085707,,KL
2026-10-08T00:01:06.176998+00:00,KP000831,03,3,20261008090005,20261007093853,20261007125001,20261008085007,KP
2026-10-08T00:01:06.176998+00:00,KP003147,02,3,20261008090005,20261007225712,20261008074409,20261008085402,KP
2026-10-08T00:01:06.176998+00:00,KP003263,01,2,20261008090008,20261008074158,20261008085420,,KP
2026-10-08T00:01:06.176998+00:00,KP003767,02,3,20261008090005,20261007102447,20261007111841,20261008085424,KP
2026-10-08T00:01:06.176998+00:00,LCSLCGP1,16,3,20261008090010,20261008090010,20261008083010,20261008090010,LC
2026-10-08T00:01:06.176998+00:00,LCSLCGP1,21,2,20261008090010,20261007184510,20261008090010,,LC
2026-10-08T00:01:06.176998+00:00,LD110001,06,2,20261008085620,20261008084025,20261008085620,,LD
2026-10-08T00:01:06.176998+00:00,LI000089,01,2,20261008085925,20261008085724,20261008085925,,LI
2026-10-08T00:01:06.176998+00:00,LI000358,03,3,20261008085613,20261008085613,20261008085113,20261008085613,LI
2026-10-08T00:01:06.176998+00:00,LI000463,01,3,20261008090008,20261008090008,20261008085859,20261008090008,LI
2026-10-08T00:01:06.176998+00:00,LU000177,03,3,20261008085654,20261008085718,20261001171945,20261008085654,LU
2026-10-08T00:01:06.176998+00:00,LU000229,01,3,20261008085924,20261008085937,20261008024014,20261007150124,LU
2026-10-08T00:01:06.176998+00:00,LU000639,01,3,20261008085247,20261008085307,20261007121343,20261007075817,LU
2026-10-08T00:01:06.176998+00:00,LU001004,28,2,20261008085450,20261007202906,20261008083611,,LU
2026-10-08T00:01:06.176998+00:00,LU001174,02,3,20261008090007,20261007154022,20261007164519,20261007154022,LU
2026-10-08T00:01:06.176998+00:00,LU001211,01,3,20261008085126,20261008085129,20261007102504,20261007083350,LU
2026-10-08T00:01:06.176998+00:00,LU001236,05,2,20261008085846,20261007184711,20261007200558,,LU
2026-10-08T00:01:06.176998+00:00,LU001456,09,2,20261008085448,20261007224959,20261008003443,,LU
2026-10-08T00:01:06.176998+00:00,LU001582,03,2,20261008085439,20261008072719,20261008085437,,LU
2026-10-08T00:01:06.176998+00:00,LU001716,09,3,20261008085519,20261008085542,20261007110839,20261007090728,LU
2026-10-08T00:01:06.176998+00:00,LU001717,04,3,20261008085602,20261008085621,20261007122240,20261007091735,LU
2026-10-08T00:01:06.176998+00:00,LU001717,10,2,20261008085714,20261006174950,20261006210647,,LU
2026-10-08T00:01:06.176998+00:00,LU001792,01,3,20261008085219,20261008085231,20261007123938,20261007093550,LU
2026-10-08T00:01:06.176998+00:00,LU001982,08,3,20261008085322,20261008085329,20261002121825,20261008085322,LU
2026-10-08T00:01:06.176998+00:00,LU001983,01,3,20261008085600,20261008085604,20261007115516,20261007085429,LU
2026-10-08T00:01:06.176998+00:00,LU001988,11,3,20261008085107,20261008085116,20261007113906,20261007094716,LU
2026-10-08T00:01:06.176998+00:00,LU001988,17,3,20261008085143,20261008085152,20261007105021,20261007082202,LU
2026-10-08T00:01:06.176998+00:00,LU001991,01,3,20261008085603,20261008085616,20261006172132,20261006094903,LU
2026-10-08T00:01:06.176998+00:00,LU002007,07,3,20261008085930,20261008085933,20261007150905,20261007085359,LU
2026-10-08T00:01:06.176998+00:00,LU002024,14,3,20261008085606,20261008085614,20261007132803,20261007112026,LU
2026-10-08T00:01:06.176998+00:00,LU002030,01,3,20261008085522,20261008060336,20261008085520,20261008060336,LU
2026-10-08T00:01:06.176998+00:00,LU002090,04,3,20261008090008,20261006074809,20261006110715,20261006074809,LU
2026-10-08T00:01:06.176998+00:00,LU002166,15,3,20261008085321,20261008085325,20261007104737,20261007075816,LU
2026-10-08T00:01:06.176998+00:00,LU002166,28,3,20261008085509,20261008085512,20260930144452,20261008085509,LU
2026-10-08T00:01:06.176998+00:00,LU002295,03,3,20261008085453,20261008085458,20261007164303,20261007093836,LU
2026-10-08T00:01:06.176998+00:00,LU002297,22,2,20261008085534,20261008001830,20261008085532,,LU
2026-10-08T00:01:06.176998+00:00,LU002297,62,3,20261008085656,20261008085701,20261005223354,20261005193435,LU
2026-10-08T00:01:06.176998+00:00,LU002297,69,3,20261008085323,20261008085337,20261007131822,20261007081939,LU
2026-10-08T00:01:06.176998+00:00,LU002297,75,2,20261008085351,20261008073945,20261008085351,,LU
2026-10-08T00:01:06.176998+00:00,LU002376,01,3,20261008085508,20261008085508,20261007123751,20261008085508,LU
2026-10-08T00:01:06.176998+00:00,LU002513,04,3,20261008085308,20261008085307,20261006112921,20261008085307,LU
2026-10-08T00:01:06.176998+00:00,LU002514,03,3,20261008085348,20261008085409,20261007113528,20261007070756,LU
2026-10-08T00:01:06.176998+00:00,LU002514,04,3,20261008085319,20261008071553,20261008085317,20261008071553,LU
2026-10-08T00:01:06.176998+00:00,LU002691,34,2,20261008085334,20261007214524,20261008012347,,LU
2026-10-08T00:01:06.176998+00:00,LU002713,41,2,20261008085742,20261007182236,20261008040432,,LU
2026-10-08T00:01:06.176998+00:00,LU002998,02,3,20261008085728,20261008085735,20261008073139,20261007235211,LU
2026-10-08T00:01:06.176998+00:00,LU003002,02,2,20261008085708,20261007174819,20261007192612,,LU
2026-10-08T00:01:06.176998+00:00,LU003070,06,3,20261008085730,20261008032943,20261008085234,20261008032943,LU
2026-10-08T00:01:06.176998+00:00,LU003109,03,2,20261008085802,20261007211741,20261008042739,,LU
2026-10-08T00:01:06.176998+00:00,LU003312,03,3,20261008085411,20261008085434,20261005172513,20261005131237,LU
2026-10-08T00:01:06.176998+00:00,LU003328,07,2,20261008085544,20261007183137,20261007191313,,LU
2026-10-08T00:01:06.176998+00:00,LU003390,02,2,20261008085459,20261007215200,20261008004054,,LU
2026-10-08T00:01:06.176998+00:00,LU003606,04,3,20261008085331,20261008085340,20261006093411,20261006084730,LU
2026-10-08T00:01:06.176998+00:00,LU003613,03,3,20261008085428,20261008085432,20261008082201,20261008081544,LU
2026-10-08T00:01:06.176998+00:00,LU003752,08,2,20261008085917,20261007222606,20261008035500,,LU
2026-10-08T00:01:06.176998+00:00,LU003835,18,3,20261008085416,20261008080909,20261008082833,20261008080909,LU
2026-10-08T00:01:06.176998+00:00,LU003835,21,3,20261008085819,20261008085827,20261007234815,20261007192622,LU
2026-10-08T00:01:06.176998+00:00,LU003842,39,2,20261008085205,20261007221914,20261008010713,,LU
2026-10-08T00:01:06.176998+00:00,LU004023,07,2,20261008085231,20261008085223,20261008085230,,LU
2026-10-08T00:01:06.176998+00:00,LU004119,07,2,20261008085939,20261007144626,20261007232644,,LU
2026-10-08T00:01:06.176998+00:00,LU004169,02,3,20261008085142,20261008085150,20261006130214,20261006091646,LU
2026-10-08T00:01:06.176998+00:00,LU004181,03,3,20261008085917,20261008085928,20261008082156,20261008011126,LU
2026-10-08T00:01:06.176998+00:00,LU004271,02,2,20261008085325,20261007223850,20261008034101,,LU
2026-10-08T00:01:06.176998+00:00,LU004310,03,3,20261008085826,20261008085835,20261007100114,20261007094212,LU
2026-10-08T00:01:06.176998+00:00,LU100248,03,3,20261008090003,20261006224355,20261007014603,20261006224355,LU
2026-10-08T00:01:06.176998+00:00,LU100313,02,3,20261008085824,20261008085941,20261005033759,20261008085824,LU
2026-10-08T00:01:06.176998+00:00,LU100368,01,3,20261008085920,20261008085932,20261006224523,20261006204425,LU
2026-10-08T00:01:06.176998+00:00,LU100368,28,2,20261008085551,20261008085457,20261008085545,,LU
2026-10-08T00:01:06.176998+00:00,LU100474,11,2,20261008085501,20261007202310,20261008030035,,LU
2026-10-08T00:01:06.176998+00:00,LU100474,22,3,20261008085858,20261008085911,20261007194745,20261007173248,LU
2026-10-08T00:01:06.176998+00:00,LU100763,04,2,20261008085523,20261007195307,20261008010730,,LU
2026-10-08T00:01:06.176998+00:00,LU100767,02,2,20261008085314,20261007185425,20261007205255,,LU
2026-10-08T00:01:06.176998+00:00,LU100806,30,2,20261008085257,20261007185513,20261008013636,,LU
2026-10-08T00:01:06.176998+00:00,LU100913,02,2,20261008085219,20261007200501,20261008062608,,LU
2026-10-08T00:01:06.176998+00:00,LU100913,12,2,20261008085928,20261007230454,20261008034857,,LU
2026-10-08T00:01:06.176998+00:00,LU100917,09,2,20261008085532,20261007223113,20261008034114,,LU
2026-10-08T00:01:06.176998+00:00,LU101069,02,3,20261008085803,20261008071138,20261008085801,20261008071138,LU
2026-10-08T00:01:06.176998+00:00,LU101446,15,2,20261008085945,20261007152903,20261007232926,,LU
2026-10-08T00:01:06.176998+00:00,LU101450,09,3,20261008085955,20261007193528,20261008053349,20261007193528,LU
2026-10-08T00:01:06.176998+00:00,LU101451,13,2,20261008085335,20261008012533,20261008044754,,LU
2026-10-08T00:01:06.176998+00:00,LU101499,11,2,20261008085727,20261007224027,20261008023729,,LU
2026-10-08T00:01:06.176998+00:00,LU101499,17,2,20261008085726,20261007164122,20261008001402,,LU
2026-10-08T00:01:06.176998+00:00,LU101528,07,3,20261008085851,20261008085901,20261007203801,20261007184702,LU
2026-10-08T00:01:06.176998+00:00,LU101528,10,2,20261008085156,20261007175308,20261007203843,,LU
2026-10-08T00:01:06.176998+00:00,LU101573,09,2,20261008085915,20261007195734,20261008013623,,LU
2026-10-08T00:01:06.176998+00:00,LU101573,38,3,20261008085958,20261006213341,20261006223151,20261006213341,LU
2026-10-08T00:01:06.176998+00:00,LU101578,09,2,20261008085632,20261007160832,20261007192449,,LU
2026-10-08T00:01:06.176998+00:00,LU101602,08,3,20261008085405,20261008085416,20261007201110,20261007171931,LU
2026-10-08T00:01:06.176998+00:00,LU101641,06,2,20261008085348,20261007222203,20261007231659,,LU
2026-10-08T00:01:06.176998+00:00,LU101661,06,3,20261008090000,20261006102336,20261006113108,20261006102336,LU
2026-10-08T00:01:06.176998+00:00,LU101661,13,2,20261008085656,20261007203402,20261008033116,,LU
2026-10-08T00:01:06.176998+00:00,LU101683,12,2,20261008085327,20261008002011,20261008015327,,LU
2026-10-08T00:01:06.176998+00:00,LU101683,28,2,20261008085627,20261007202608,20261008032732,,LU
2026-10-08T00:01:06.176998+00:00,LU101683,44,2,20261008085811,20261007225114,20261008014520,,LU
2026-10-08T00:01:06.176998+00:00,LU101684,02,2,20261008085512,20261007183805,20261008044044,,LU
2026-10-08T00:01:06.176998+00:00,LU101686,37,2,20261008085512,20261007230642,20261008050046,,LU
2026-10-08T00:01:06.176998+00:00,LU101706,03,2,20261008090001,20261007193651,20261007210830,,LU
2026-10-08T00:01:06.176998+00:00,LU101707,03,2,20261008085151,20261007224654,20261008054922,,LU
2026-10-08T00:01:06.176998+00:00,LU101707,16,3,20261008085220,20261008085244,20261007232958,20261007173113,LU
2026-10-08T00:01:06.176998+00:00,LU101707,38,2,20261008085244,20261007193026,20261007214805,,LU
2026-10-08T00:01:06.176998+00:00,LU101797,01,3,20261008085933,20261007085228,20261007150154,20261007085228,LU
2026-10-08T00:01:06.176998+00:00,MI200001,02,3,20261008085119,20261008085119,20261007171726,20261008085119,MI
2026-10-08T00:01:06.176998+00:00,MO112910,01,2,20261008090005,20261008090003,20261008090005,,MO
2026-10-08T00:01:06.176998+00:00,MO112910,03,2,20261008090005,20260901220003,20260901220005,,MO
2026-10-08T00:01:06.176998+00:00,MO112911,01,2,20261008090005,20261006211305,20261006211310,,MO
2026-10-08T00:01:06.176998+00:00,MO114401,01,2,20261008090005,20260919201150,20260920052309,,MO
2026-10-08T00:01:06.176998+00:00,MO114401,02,2,20261008090005,20260917193804,20260918025432,,MO
2026-10-08T00:01:06.176998+00:00,MO114403,01,2,20261008090005,20260915105045,20260915175804,,MO
2026-10-08T00:01:06.176998+00:00,MO114701,01,3,20261008090005,20261008090005,20261008090003,20261008090005,MO
2026-10-08T00:01:06.176998+00:00,MO114703,01,9,20261008090005,20261008060002,20261008060005,,MO
2026-10-08T00:01:06.176998+00:00,MO114703,02,2,20261008090005,20261008090003,20261008090005,,MO
2026-10-08T00:01:06.176998+00:00,MO115004,01,2,20261008090005,20240801062802,20240801062812,,MO
2026-10-08T00:01:06.176998+00:00,MO115004,02,2,20261008090005,20240730062802,20240730062816,,MO
2026-10-08T00:01:06.176998+00:00,MO115004,03,2,20261008090005,20240731202116,20240731202127,,MO
2026-10-08T00:01:06.176998+00:00,MO115307,01,2,20261008090005,20260708070003,20260708070004,,MO
2026-10-08T00:01:06.176998+00:00,MO115309,01,2,20261008090005,20260615090004,20260615090004,,MO
2026-10-08T00:01:06.176998+00:00,MO116803,01,2,20261008090005,20261008072800,20261008072809,,MO
2026-10-08T00:01:06.176998+00:00,MO116804,01,2,20261008090005,20260310125633,20260310125652,,MO
2026-10-08T00:01:06.176998+00:00,NS850121,11,5,20261008085953,20261007011000,20261007061003,,NS
2026-10-08T00:01:06.176998+00:00,NS850153,01,3,20261008085526,20261007091038,20261007121032,20261008085526,NS
2026-10-08T00:01:06.176998+00:00,NT100056,16,3,20261008085650,20261008085650,20261007082050,20261008085650,NT
2026-10-08T00:01:06.176998+00:00,NT100063,01,3,20261008085750,20261008085750,20261003222250,20261008085750,NT
2026-10-08T00:01:06.176998+00:00,NT100095,08,3,20261008085850,20261008085850,20261008071850,20261008085850,NT
2026-10-08T00:01:06.176998+00:00,NT100095,09,2,20261008085850,20261008085750,20261008085850,,NT
2026-10-08T00:01:06.176998+00:00,NT100207,02,3,20261008085450,20261008085450,20261007183650,20261008085450,NT
2026-10-08T00:01:06.176998+00:00,NT100211,03,2,20261008085350,20261007212450,20261008085350,,NT
2026-10-08T00:01:06.176998+00:00,NT100241,02,2,20261008085650,20261007212450,20261008085650,,NT
2026-10-08T00:01:06.176998+00:00,NT100253,02,2,20261008085150,20261007164950,20261008085150,,NT
2026-10-08T00:01:06.176998+00:00,NT100253,06,3,20261008085550,20261008085550,20261008073850,20261008085550,NT
2026-10-08T00:01:06.176998+00:00,NT100387,01,2,20261008085650,20261007225050,20261008085650,,NT
2026-10-08T00:01:06.176998+00:00,NT100426,03,2,20261008085350,20261007195750,20261008085350,,NT
2026-10-08T00:01:06.176998+00:00,NT100477,24,3,20261008085150,20261008085150,20261008083650,20261008085150,NT
2026-10-08T00:01:06.176998+00:00,NT100477,42,3,20261008085850,20261008085850,20261007193650,20261008085850,NT
2026-10-08T00:01:06.176998+00:00,NT100489,01,3,20261008085550,20261008085550,20261008083950,20261008085550,NT
2026-10-08T00:01:06.176998+00:00,NT100489,18,2,20261008085250,20261007232350,20261008085250,,NT
2026-10-08T00:01:06.176998+00:00,NT100489,21,2,20261008085850,20261007223250,20261008085850,,NT
2026-10-08T00:01:06.176998+00:00,NT100524,01,2,20261008085650,20261007210450,20261008085650,,NT
2026-10-08T00:01:06.176998+00:00,NT100575,01,3,20261008085350,20261008085350,20261008062650,20261008085350,NT
2026-10-08T00:01:06.176998+00:00,NT100575,02,2,20261008085150,20261007195050,20261008085150,,NT
2026-10-08T00:01:06.176998+00:00,NT100854,04,2,20261008085850,20261007181950,20261008085850,,NT
2026-10-08T00:01:06.176998+00:00,NT101179,02,2,20261008085550,20261008072250,20261008085550,,NT
2026-10-08T00:01:06.176998+00:00,NT101179,05,2,20261008085750,20261007192350,20261008085750,,NT
2026-10-08T00:01:06.176998+00:00,NT101342,03,3,20261008085250,20261008085250,20261008070050,20261008085250,NT
2026-10-08T00:01:06.176998+00:00,NT101342,04,2,20261008085150,20261008085050,20261008085150,,NT
2026-10-08T00:01:06.176998+00:00,NT101346,14,2,20261008085650,20261007232950,20261008085650,,NT
2026-10-08T00:01:06.176998+00:00,NT101454,11,2,20261008085150,20261007173050,20261008085150,,NT
2026-10-08T00:01:06.176998+00:00,NT101468,01,2,20261008085250,20261008071050,20261008085250,,NT
2026-10-08T00:01:06.176998+00:00,NT101505,04,3,20261008085150,20261008085150,20261007143750,20261008085150,NT
2026-10-08T00:01:06.176998+00:00,NT101545,17,3,20261008085850,20261008085850,20261006120350,20261008085850,NT
2026-10-08T00:01:06.176998+00:00,NT101545,21,3,20261008085150,20261008085150,20261007173350,20261008085150,NT
2026-10-08T00:01:06.176998+00:00,NT101661,05,2,20261008085450,20261007211150,20261008085450,,NT
2026-10-08T00:01:06.176998+00:00,NT101694,04,3,20261008085950,20261008085950,20261007170050,20261008085950,NT
2026-10-08T00:01:06.176998+00:00,NT101738,02,2,20261008085350,20261007193650,20261008085350,,NT
2026-10-08T00:01:06.176998+00:00,NT101784,08,3,20261008085750,20261008085750,20261007185850,20261008085750,NT
2026-10-08T00:01:06.176998+00:00,NT101797,02,3,20261008085850,20261008085850,20261008072150,20261008085850,NT
2026-10-08T00:01:06.176998+00:00,NT101820,01,2,20261008085550,20261007175650,20261008085550,,NT
2026-10-08T00:01:06.176998+00:00,NT101833,13,3,20261008085550,20261008085550,20261008070650,20261008085550,NT
2026-10-08T00:01:06.176998+00:00,NT101833,21,2,20261008085450,20261007191450,20261008085450,,NT
2026-10-08T00:01:06.176998+00:00,NT101896,16,2,20261008085250,20261007203250,20261008085250,,NT
2026-10-08T00:01:06.176998+00:00,NT101926,02,2,20261008085950,20261008082150,20261008085950,,NT
2026-10-08T00:01:06.176998+00:00,NT101945,04,2,20261008085750,20261007200350,20261008085750,,NT
2026-10-08T00:01:06.176998+00:00,NT101950,03,2,20261008085750,20261008002650,20261008085750,,NT
2026-10-08T00:01:06.176998+00:00,NT102002,03,3,20261008085650,20261008085650,20261007090750,20261008085650,NT
2026-10-08T00:01:06.176998+00:00,NT102120,01,2,20261008085150,20261007212650,20261008085150,,NT
2026-10-08T00:01:06.176998+00:00,NT102150,03,3,20261008085450,20261008085450,20261008083850,20261008085450,NT
2026-10-08T00:01:06.176998+00:00,NT102153,63,2,20261008085850,20261007204650,20261008085850,,NT
2026-10-08T00:01:06.176998+00:00,NT102155,06,2,20261008085250,20261007175550,20261008085250,,NT
2026-10-08T00:01:06.176998+00:00,NT102163,07,9,20261008085250,20261008074250,20261008085250,,NT
2026-10-08T00:01:06.176998+00:00,NT102182,04,2,20261008085250,20261008054450,20261008085250,,NT
2026-10-08T00:01:06.176998+00:00,NT102254,14,3,20261008085850,20261008085850,20261008084350,20261008085850,NT
2026-10-08T00:01:06.176998+00:00,NT102268,13,9,20261008085850,20261008012650,20261008085850,,NT
2026-10-08T00:01:06.176998+00:00,NT102268,14,2,20261008085250,20261008015650,20261008085250,,NT
2026-10-08T00:01:06.176998+00:00,NT102301,06,2,20261008085450,20261008010750,20261008085450,,NT
2026-10-08T00:01:06.176998+00:00,NT102328,14,3,20261008085450,20261008085450,20261007175650,20261008085450,NT
2026-10-08T00:01:06.176998+00:00,NT102378,06,9,20261008085450,20261008074450,20261008085450,,NT
2026-10-08T00:01:06.176998+00:00,NT102414,12,2,20261008085350,20261007215650,20261008085350,,NT
2026-10-08T00:01:06.176998+00:00,NT102430,05,2,20261008085850,20261008081950,20261008085850,,NT
2026-10-08T00:01:06.176998+00:00,NT102479,20,3,20261008085850,20261008085850,20261008084350,20261008085850,NT
2026-10-08T00:01:06.176998+00:00,NT102515,01,2,20261008085150,20261008040850,20261008085150,,NT
2026-10-08T00:01:06.176998+00:00,NT102517,01,3,20261008085750,20261008085750,20261008072250,20261008085750,NT
2026-10-08T00:01:06.176998+00:00,NT102518,04,2,20261008085650,20261007215250,20261008085650,,NT
2026-10-08T00:01:06.176998+00:00,NT102518,09,9,20261008085650,20261008025250,20261008085650,,NT
2026-10-08T00:01:06.176998+00:00,NT102531,02,2,20261008085950,20261007235050,20261008085950,,NT
2026-10-08T00:01:06.176998+00:00,NT102539,05,2,20261008085650,20261008020450,20261008085650,,NT
2026-10-08T00:01:06.176998+00:00,NT102540,01,9,20261008085750,20261008011550,20261008085750,,NT
2026-10-08T00:01:06.176998+00:00,NT102541,04,2,20261008085650,20261007165550,20261008085650,,NT
2026-10-08T00:01:06.176998+00:00,NT102575,04,2,20261008085250,20261008011350,20261008085250,,NT
2026-10-08T00:01:06.176998+00:00,NT102575,07,2,20261008085450,20261007225050,20261008085450,,NT
2026-10-08T00:01:06.176998+00:00,NT102590,13,2,20261008085950,20261007214250,20261008085950,,NT
2026-10-08T00:01:06.176998+00:00,NT102617,03,2,20261008085550,20261007202450,20261008085550,,NT
2026-10-08T00:01:06.176998+00:00,NT102763,29,2,20261008085950,20261008013850,20261008085950,,NT
2026-10-08T00:01:06.176998+00:00,NT102765,39,2,20261008085550,20261007182850,20261008085550,,NT
2026-10-08T00:01:06.176998+00:00,NT102765,63,2,20261008085550,20261008001150,20261008085550,,NT
2026-10-08T00:01:06.176998+00:00,NT102766,62,2,20261008085550,20261007190250,20261008085550,,NT
2026-10-08T00:01:06.176998+00:00,NT300096,05,2,20261008085650,20261008020150,20261008085650,,NT
2026-10-08T00:01:06.176998+00:00,NT300096,10,2,20261008085350,20261008060450,20261008085350,,NT
2026-10-08T00:01:06.176998+00:00,NX000003,02,2,20261008085715,20261008081231,20261008085715,,NX
2026-10-08T00:01:06.176998+00:00,PA110006,02,2,20261008085206,20261008085206,20261008085206,,PA
2026-10-08T00:01:06.176998+00:00,PC000068,01,3,20261008085500,20261007095915,20261007182856,20261008085500,PC
2026-10-08T00:01:06.176998+00:00,PC000070,10,2,20261008085215,20261007231729,20261008085143,,PC
2026-10-08T00:01:06.176998+00:00,PC000080,02,3,20261008085211,20261007135057,20261007150454,20261008085211,PC
2026-10-08T00:01:06.176998+00:00,PC000163,05,3,20261008085659,20261007085029,20261007132947,20261008085659,PC
2026-10-08T00:01:06.176998+00:00,PC000241,03,3,20261008085645,20261007084720,20261007110357,20261008085645,PC
2026-10-08T00:01:06.176998+00:00,PC000281,01,3,20261008085208,20261008065129,20261008080044,20261008085208,PC
2026-10-08T00:01:06.176998+00:00,PC000301,01,2,20261008085841,20261007183305,20261008085743,,PC
2026-10-08T00:01:06.176998+00:00,PC000301,02,2,20261008085832,20261007183431,20261008085733,,PC
2026-10-08T00:01:06.176998+00:00,PC000301,03,2,20261008085846,20261007202748,20261008085748,,PC
2026-10-08T00:01:06.176998+00:00,PC000301,04,2,20261008085814,20261007204706,20261008085716,,PC
2026-10-08T00:01:06.176998+00:00,PC000350,11,2,20261008085437,20261007165645,20261008085339,,PC
2026-10-08T00:01:06.176998+00:00,PC000391,02,2,20261008085609,20261007234630,20261008085512,,PC
2026-10-08T00:01:06.176998+00:00,PC000481,02,3,20261008085929,20261007153526,20261007162237,20261008085929,PC
2026-10-08T00:01:06.176998+00:00,PC000490,11,2,20261008085629,20261007212935,20261007230825,,PC
2026-10-08T00:01:06.176998+00:00,PC000515,02,3,20261008085305,20261007142339,20261007153225,20261008085305,PC
2026-10-08T00:01:06.176998+00:00,PC000531,03,2,20261008085109,20261008084418,20261008084957,,PC
2026-10-08T00:01:06.176998+00:00,PC000565,09,2,20261008085846,20261007232019,20261008085815,,PC
2026-10-08T00:01:06.176998+00:00,PC000565,13,3,20261008085734,20260930183139,20260930164233,20261008085734,PC
2026-10-08T00:01:06.176998+00:00,PC000650,05,2,20261008085545,20261008085139,20261008085442,,PC
2026-10-08T00:01:06.176998+00:00,PC000721,01,3,20261008085935,20261007145130,20261007194510,20261008085935,PC
2026-10-08T00:01:06.176998+00:00,PC000721,03,3,20261008085405,20261007133816,20261007152601,20261008085405,PC
2026-10-08T00:01:06.176998+00:00,PC001083,04,2,20261008085909,20261008043339,20261008085839,,PC
2026-10-08T00:01:06.176998+00:00,PC001083,06,3,20261008085807,20260901075738,20260901202545,20261008085807,PC
2026-10-08T00:01:06.176998+00:00,PC001108,27,2,20261008085236,20261008023213,20261008082252,,PC
2026-10-08T00:01:06.176998+00:00,PC001153,07,3,20261008085505,20261007201024,20261007210431,20261008085505,PC
2026-10-08T00:01:06.176998+00:00,PC001201,05,3,20261008085543,20261008085559,20261007205421,20261008085543,PC
2026-10-08T00:01:06.176998+00:00,PC001220,30,3,20261008085417,20261007085850,20261007122049,20261008085417,PC
2026-10-08T00:01:06.176998+00:00,PC001222,07,3,20261008085547,20261007082214,20261007114449,20261008085547,PC
2026-10-08T00:01:06.176998+00:00,PC001356,10,3,20261008090004,20261007091359,20261007113724,20261008090004,PC
2026-10-08T00:01:06.176998+00:00,PC001356,11,3,20261008085210,20261006095217,20261006181500,20261008085210,PC
2026-10-08T00:01:06.176998+00:00,PC001564,07,3,20261008085205,20261007111342,20261007142028,20261008085205,PC
2026-10-08T00:01:06.176998+00:00,PC001789,04,3,20261008085245,20261006184900,20261006221024,20261008085245,PC
2026-10-08T00:01:06.176998+00:00,PC001895,01,3,20261008085127,20261007162333,20261007162800,20261008085127,PC
2026-10-08T00:01:06.176998+00:00,PI000430,08,3,20261008085614,20261008085245,20261007224131,20261008085614,PI
2026-10-08T00:01:06.176998+00:00,PI070431,12,3,20261008085612,20261008085455,20261006131218,20261008085612,PI
2026-10-08T00:01:06.176998+00:00,PI200379,10,3,20261008085123,20261008085007,20261007212639,20261008085123,PI
2026-10-08T00:01:06.176998+00:00,PI200395,02,3,20261008085618,20261008085141,20261007192111,20261008085618,PI
2026-10-08T00:01:06.176998+00:00,PI200404,04,3,20261008085622,20261008085232,20261006133102,20261008085622,PI
2026-10-08T00:01:06.176998+00:00,PI200720,15,3,20261008085704,20261008085531,20260930215743,20261008085704,PI
2026-10-08T00:01:06.176998+00:00,PI200751,01,2,20261008085624,20261007195241,20261008075237,,PI
2026-10-08T00:01:06.176998+00:00,PI200809,12,3,20261008085131,20261008084747,20261007134334,20261008085131,PI
2026-10-08T00:01:06.176998+00:00,PI200810,11,3,20261008085625,20261008085223,20261008031814,20261008085625,PI
2026-10-08T00:01:06.176998+00:00,PI200810,21,3,20261008085131,20261008084813,20261008042416,20261008085131,PI
2026-10-08T00:01:06.176998+00:00,PI200812,12,2,20261008085131,20261008073803,20261008083827,,PI
2026-10-08T00:01:06.176998+00:00,PI200815,12,3,20261008085625,20261008085248,20261006103155,20261008085625,PI
2026-10-08T00:01:06.176998+00:00,PI200861,14,3,20261008085626,20261008085509,20261008084740,20261008085626,PI
2026-10-08T00:01:06.176998+00:00,PI200899,06,3,20261008085628,20261008085158,20261007210303,20261008085628,PI
2026-10-08T00:01:06.176998+00:00,PI200903,01,2,20261008085628,20261008072120,20261008075123,,PI
2026-10-08T00:01:06.176998+00:00,PI200911,05,2,20261008085133,20261008020457,20261006112228,,PI
2026-10-08T00:01:06.176998+00:00,PI200913,03,2,20261008085633,20261007235907,20261008074653,,PI
2026-10-08T00:01:06.176998+00:00,PI200929,22,3,20261008085138,20261008085055,20261006015429,20261008085138,PI
2026-10-08T00:01:06.176998+00:00,PI200963,03,3,20261008085138,20261008084839,20261006173018,20261008085138,PI
2026-10-08T00:01:06.176998+00:00,PI200963,04,3,20261008085633,20261008085539,20261006170743,20261008085633,PI
2026-10-08T00:01:06.176998+00:00,PI200973,03,3,20261008085635,20261008085621,20261007151209,20261008085635,PI
2026-10-08T00:01:06.176998+00:00,PI200982,15,3,20261008085634,20261008085308,20261004124531,20261008085634,PI
2026-10-08T00:01:06.176998+00:00,PI200990,01,3,20261008085140,20261008084730,20261007163322,20261008085140,PI
2026-10-08T00:01:06.176998+00:00,PI201575,05,3,20261008085659,20261008085503,20261007100116,20261008085659,PI
2026-10-08T00:01:06.176998+00:00,PI202574,04,3,20261008085659,20261008085207,20261007112939,20261008085659,PI
2026-10-08T00:01:06.176998+00:00,PI202584,16,2,20261008085815,20261007185057,20261007201258,,PI
2026-10-08T00:01:06.176998+00:00,PI202661,04,3,20261008085128,20261008085124,20261002151010,20261008085128,PI
2026-10-08T00:01:06.176998+00:00,PI203049,12,2,20261008085201,20261008063946,20261008084856,,PI
2026-10-08T00:01:06.176998+00:00,PI204013,05,3,20261008085142,20261008085101,20261008025415,20261008085142,PI
2026-10-08T00:01:06.176998+00:00,PI204052,03,3,20261008085641,20261008085232,20261006150029,20261008085641,PI
2026-10-08T00:01:06.176998+00:00,PI204055,01,2,20261008085641,20261008081309,20261008052328,,PI
2026-10-08T00:01:06.176998+00:00,PI204092,19,3,20261008085146,20261008085042,20261003162544,20261008085146,PI
2026-10-08T00:01:06.176998+00:00,PI204092,21,3,20261008085146,20261008084655,20261004164331,20261008085146,PI
2026-10-08T00:01:06.176998+00:00,PI204124,04,3,20261008085646,20261008085508,20261008042041,20261008085646,PI
2026-10-08T00:01:06.176998+00:00,PI204128,02,2,20261008085647,20261008072557,20261004050806,,PI
2026-10-08T00:01:06.176998+00:00,PI204153,11,3,20261008085650,20261008085247,20261007104724,20261008085650,PI
2026-10-08T00:01:06.176998+00:00,PI204153,22,3,20261008085650,20261008085450,20261006193926,20261008085650,PI
2026-10-08T00:01:06.176998+00:00,PI204154,10,3,20261008085650,20261008085235,20261007132219,20261008085650,PI
2026-10-08T00:01:06.176998+00:00,PI204154,14,3,20261008085650,20261008085445,20261007153940,20261008085650,PI
2026-10-08T00:01:06.176998+00:00,PI204162,05,3,20261008085651,20261008085454,20261006085953,20261008085651,PI
2026-10-08T00:01:06.176998+00:00,PI204162,13,2,20261008085154,20261008075623,20261008084445,,PI
2026-10-08T00:01:06.176998+00:00,PI204164,06,2,20261008085155,20261008073903,20261008084753,,PI
2026-10-08T00:01:06.176998+00:00,PI204166,01,3,20261008085652,20261008085437,20261007202310,20261008085652,PI
2026-10-08T00:01:06.176998+00:00,PI204169,04,3,20261008085321,20261008084844,20261007115636,20261008085321,PI
2026-10-08T00:01:06.176998+00:00,PI204171,05,2,20261008085157,20261008054813,20261008074511,,PI
2026-10-08T00:01:06.176998+00:00,PI204179,01,2,20261008085157,20261008080111,20261008085143,,PI
2026-10-08T00:01:06.176998+00:00,PI204180,03,3,20261008085655,20261008085616,20260902163257,20261008085655,PI
2026-10-08T00:01:06.176998+00:00,PI204216,04,2,20261008085658,20261007224550,20261008074719,,PI
2026-10-08T00:01:06.176998+00:00,PI204234,03,3,20261008085705,20261008085630,20261007185049,20261008085705,PI
2026-10-08T00:01:06.176998+00:00,PI204242,01,3,20261008085204,20261008084903,20261007085741,20261008085204,PI
2026-10-08T00:01:06.176998+00:00,PI204252,04,2,20261008085205,20261008075550,20261008082012,,PI
2026-10-08T00:01:06.176998+00:00,PI204276,02,3,20261008085210,20261008084914,20261007164451,20261008085210,PI
2026-10-08T00:01:06.176998+00:00,PI204279,02,1,20261008085814,20261008083130,20261008085340,,PI
2026-10-08T00:01:06.176998+00:00,PI204334,11,2,20261008085710,20261008050643,20261008074600,,PI
2026-10-08T00:01:06.176998+00:00,PI204334,13,3,20261008085710,20261008085226,20261007113659,20261008085710,PI
2026-10-08T00:01:06.176998+00:00,PI204344,04,3,20261008085213,20261008084847,20260923144630,20261008085213,PI
2026-10-08T00:01:06.176998+00:00,PI204350,02,3,20261008085215,20261008084731,20261006112838,20261008085215,PI
2026-10-08T00:01:06.176998+00:00,PI306170,13,2,20261008085423,20261007212107,20261008053526,,PI
2026-10-08T00:01:06.176998+00:00,PI306224,03,3,20261008085625,20261008085239,20261007112943,20261008085625,PI
2026-10-08T00:01:06.176998+00:00,PI306224,05,3,20261008085131,20261008084721,20261007194303,20261008085131,PI
2026-10-08T00:01:06.176998+00:00,PI645240,02,3,20261008085220,20261008085037,20261006150025,20261008085220,PI
2026-10-08T00:01:06.176998+00:00,PI645374,13,3,20261008085804,20261008085430,20261007211609,20261008085804,PI
2026-10-08T00:01:06.176998+00:00,PI700030,02,3,20261008090002,20261008085936,20261008072535,20261008090002,PI
2026-10-08T00:01:06.176998+00:00,PI700043,08,3,20261008090002,20261007083112,20261007181329,20261008090002,PI
2026-10-08T00:01:06.176998+00:00,PI700072,03,2,20261008090002,20261007165029,20261008085531,,PI
2026-10-08T00:01:06.176998+00:00,PI700857,01,3,20261008085503,20261008085054,20261006103246,20261008085503,PI
2026-10-08T00:01:06.176998+00:00,PI707214,10,3,20261008085851,20261008085727,20261007175707,20261008085851,PI
2026-10-08T00:01:06.176998+00:00,PI707391,05,2,20261008085510,20261007184853,20261008085225,,PI
2026-10-08T00:01:06.176998+00:00,PI708002,13,3,20261008085304,20261008085129,20261007234734,20261008085304,PI
2026-10-08T00:01:06.176998+00:00,PI708252,13,2,20261008085514,20261007225913,20261008012711,,PI
2026-10-08T00:01:06.176998+00:00,PI709168,01,3,20261008085515,20261008085318,20261008071948,20261008085515,PI
2026-10-08T00:01:06.176998+00:00,PI709244,02,2,20261008085515,20261007142933,20261007175339,,PI
2026-10-08T00:01:06.176998+00:00,PI709498,05,2,20261008085517,20261007220617,20261008085254,,PI
2026-10-08T00:01:06.176998+00:00,PI709559,06,2,20261008085517,20261007235006,20261008085127,,PI
2026-10-08T00:01:06.176998+00:00,PI709623,07,2,20261008085512,20261007220654,20261008085224,,PI
2026-10-08T00:01:06.176998+00:00,PI710896,02,2,20261008085524,20261007235422,20261008071155,,PI
2026-10-08T00:01:06.176998+00:00,PI711405,03,2,20261008085525,20261007201718,20261008013324,,PI
2026-10-08T00:01:06.176998+00:00,PI711602,21,2,20261008085525,20261007203336,20261008014921,,PI
2026-10-08T00:01:06.176998+00:00,PI711827,22,2,20261008085526,20261007180017,20261007211900,,PI
2026-10-08T00:01:06.176998+00:00,PI712178,07,3,20261008085529,20261007071900,20261007162558,20261008085529,PI
2026-10-08T00:01:06.176998+00:00,PI712282,03,2,20261008085529,20261008003549,20261008061310,,PI
2026-10-08T00:01:06.176998+00:00,PI716788,25,2,20261008085550,20261007192606,20261008014221,,PI
2026-10-08T00:01:06.176998+00:00,PI717891,03,3,20261008085806,20261008085513,20261008084016,20261008085806,PI
2026-10-08T00:01:06.176998+00:00,PI718539,01,3,20261008085217,20261008085118,20261007171232,20261008085217,PI
2026-10-08T00:01:06.176998+00:00,PI721751,07,3,20261008085614,20261008085403,20261007115446,20261008085614,PI
2026-10-08T00:01:06.176998+00:00,PI723258,04,2,20261008085851,20261008080855,20261008085754,,PI
2026-10-08T00:01:06.176998+00:00,PI724351,04,2,20261008085754,20261007170914,20261007214630,,PI
2026-10-08T00:01:06.176998+00:00,PI724453,20,2,20261008085300,20261007183243,20261008013028,,PI
2026-10-08T00:01:06.176998+00:00,PI724504,02,3,20261008085304,20261008084826,20261006123144,20261008085304,PI
2026-10-08T00:01:06.176998+00:00,PI724711,07,3,20261008085259,20261008084956,20261006121254,20261008085259,PI
2026-10-08T00:01:06.176998+00:00,PI740059,01,2,20261008085506,20261007213722,20261008024748,,PI
2026-10-08T00:01:06.176998+00:00,PI740447,02,3,20261008090010,20261008085530,20261002103641,20261008090010,PI
2026-10-08T00:01:06.176998+00:00,PI740766,09,3,20261008085818,20261008085536,20261007180348,20261008085818,PI
2026-10-08T00:01:06.176998+00:00,PI747190,03,2,20261008085325,20261008000226,20261008084957,,PI
2026-10-08T00:01:06.176998+00:00,PI747512,02,3,20261008085330,20261008085250,20261007121003,20261008085330,PI
2026-10-08T00:01:06.176998+00:00,PI747644,02,3,20261008085843,20261008085501,20261007191232,20261008085843,PI
2026-10-08T00:01:06.176998+00:00,PI752392,03,3,20261008085556,20261008085122,20261008002733,20261008085556,PI
2026-10-08T00:01:06.176998+00:00,PI752798,01,9,20261008085810,20260912102413,20260912131135,,PI
2026-10-08T00:01:06.176998+00:00,PI752798,02,9,20261008085810,20260912115833,20260912145603,,PI
2026-10-08T00:01:06.176998+00:00,PI752798,03,9,20261008085810,20260916193026,20260916221927,,PI
2026-10-08T00:01:06.176998+00:00,PI752942,02,3,20261008085557,20261008085323,20261007170347,20261008085557,PI
2026-10-08T00:01:06.176998+00:00,PI752983,03,3,20261008085105,20261008084959,20261007161341,20261008085105,PI
2026-10-08T00:01:06.176998+00:00,PI755093,11,3,20261008085509,20261008085422,20261007202351,20261008085509,PI
2026-10-08T00:01:06.176998+00:00,PI760025,03,2,20261008085516,20261007195947,20261008002915,,PI
2026-10-08T00:01:06.176998+00:00,PI760090,03,3,20261008085520,20261008085210,20261007194705,20261008085520,PI
2026-10-08T00:01:06.176998+00:00,PI760142,01,3,20261008085529,20261008085217,20261006200815,20261008085529,PI
2026-10-08T00:01:06.176998+00:00,PI760980,10,2,20261008085519,20261007173555,20261007195933,,PI
2026-10-08T00:01:06.176998+00:00,PI761352,24,3,20261008085522,20261008085055,20261007215743,20261008085522,PI
2026-10-08T00:01:06.176998+00:00,PI761352,70,3,20261008085522,20261008085415,20261008014729,20261008085522,PI
2026-10-08T00:01:06.176998+00:00,PI762720,02,3,20261008085533,20261008085211,20261008021108,20261008085533,PI
2026-10-08T00:01:06.176998+00:00,PI762893,03,3,20261008085521,20261008085134,20261008041228,20261008085521,PI
2026-10-08T00:01:06.176998+00:00,PI762893,05,2,20261008085521,20261008000407,20261007185742,,PI
2026-10-08T00:01:06.176998+00:00,PI764640,01,3,20261008085540,20261008085440,20261007152154,20261008085540,PI
2026-10-08T00:01:06.176998+00:00,PI766662,55,2,20261008085600,20261007184138,20261008061940,,PI
2026-10-08T00:01:06.176998+00:00,PI767274,04,2,20261008085557,20261008070745,20261008082038,,PI
2026-10-08T00:01:06.176998+00:00,PI767274,14,3,20261008085557,20261008085211,20261007162132,20261008085557,PI
2026-10-08T00:01:06.176998+00:00,PI767274,21,3,20261008085557,20261008085327,20261007135838,20261008085557,PI
2026-10-08T00:01:06.176998+00:00,PI767383,01,3,20261008085109,20261008084936,20261008001038,20261008085109,PI
2026-10-08T00:01:06.176998+00:00,PI768140,01,2,20261008085108,20261007231614,20261008002020,,PI
2026-10-08T00:01:06.176998+00:00,PI768495,14,2,20261008085607,20261007225757,20261008024100,,PI
2026-10-08T00:01:06.176998+00:00,PI768702,10,3,20261008085112,20261008085006,20261006014602,20261008085112,PI
2026-10-08T00:01:06.176998+00:00,PI768775,05,2,20261008085604,20261007193734,20261007230826,,PI
2026-10-08T00:01:06.176998+00:00,PI768986,23,2,20261008085110,20261007194139,20261007222750,,PI
2026-10-08T00:01:06.176998+00:00,PI769581,67,2,20261008085111,20260917035443,20260917142946,,PI
2026-10-08T00:01:06.176998+00:00,PI769697,08,2,20261008085607,20261005225823,20261006023101,,PI
2026-10-08T00:01:06.176998+00:00,PI769711,02,2,20261008085607,20261007184738,20261008033223,,PI
2026-10-08T00:01:06.176998+00:00,PI770156,01,3,20261008085610,20261008085303,20261008081620,20261008085610,PI
2026-10-08T00:01:06.176998+00:00,PI770215,01,2,20261008085716,20261008075149,20261008085552,,PI
2026-10-08T00:01:06.176998+00:00,PI770651,01,3,20261008085718,20261008085330,20261006121523,20261008085718,PI
2026-10-08T00:01:06.176998+00:00,PI770651,06,3,20261008085718,20261008085638,20261007115935,20261008085718,PI
2026-10-08T00:01:06.176998+00:00,PI770835,02,2,20261008085119,20261007193645,20261008011358,,PI
2026-10-08T00:01:06.176998+00:00,PI770884,04,2,20261008085117,20261008044010,20261008084929,,PI
2026-10-08T00:01:06.176998+00:00,PI773353,02,2,20261008085804,20261007201705,20261008060027,,PI
2026-10-08T00:01:06.176998+00:00,PI773589,05,2,20261008085312,20261007184441,20261008000325,,PI
2026-10-08T00:01:06.176998+00:00,PI775277,10,3,20261008085842,20261008085454,20261008083103,20261008085842,PI
2026-10-08T00:01:06.176998+00:00,PI793914,01,2,20261008085338,20261007232451,20261008061406,,PI
2026-10-08T00:01:06.176998+00:00,PI795080,01,2,20261008085827,20261008001016,20261008030114,,PI
2026-10-08T00:01:06.176998+00:00,PI795339,06,3,20261008085333,20261008084903,20261004035739,20261008085333,PI
2026-10-08T00:01:06.176998+00:00,PI796107,07,3,20261008085839,20261008085832,20261007100421,20261008085839,PI
2026-10-08T00:01:06.176998+00:00,PI796661,08,2,20261008085842,20261007202825,20261007203023,,PI
2026-10-08T00:01:06.176998+00:00,PI796661,12,2,20261008085842,20261007205004,20261008011838,,PI
2026-10-08T00:01:06.176998+00:00,PI800086,02,2,20261008085800,20261007220622,20261008083727,,PI
2026-10-08T00:01:06.176998+00:00,PI800696,02,3,20261008085324,20261008084842,20261002105813,20261008085324,PI
2026-10-08T00:01:06.176998+00:00,PI800774,14,2,20261008085313,20261007192645,20261008063819,,PI
2026-10-08T00:01:06.176998+00:00,PI802804,03,2,20261008085322,20261007185503,20261008024048,,PI
2026-10-08T00:01:06.176998+00:00,PI807782,04,3,20261008085845,20261008085656,20261007034154,20261008085845,PI
2026-10-08T00:01:06.176998+00:00,PI807782,10,2,20261008085354,20261007212328,20261007231649,,PI
2026-10-08T00:01:06.176998+00:00,PI808426,08,2,20261008085356,20261007162428,20261007214527,,PI
2026-10-08T00:01:06.176998+00:00,PI808443,14,2,20261008085847,20261007153145,20261007181930,,PI
2026-10-08T00:01:06.176998+00:00,PI808645,02,3,20261008085357,20261008084857,20261008012559,20261008085357,PI
2026-10-08T00:01:06.176998+00:00,PI809448,04,2,20261008085849,20261007075852,20261007085351,,PI
2026-10-08T00:01:06.176998+00:00,PI809914,05,3,20261008085400,20261008085036,20261007124019,20261008085400,PI
2026-10-08T00:01:06.176998+00:00,PIA00089,18,3,20261008085400,20261008085344,20261006180401,20261008085400,PI
2026-10-08T00:01:06.176998+00:00,PIA00263,40,3,20261008085915,20261008085908,20261006205340,20261008085915,PI
2026-10-08T00:01:06.176998+00:00,PIA00265,07,3,20261008085358,20261008085310,20261007133152,20261008085358,PI
2026-10-08T00:01:06.176998+00:00,PIA00265,10,3,20261008085358,20261008085011,20261007080947,20261008085358,PI
2026-10-08T00:01:06.176998+00:00,PIA01344,01,3,20261008085401,20261008085219,20261007141028,20261008085401,PI
2026-10-08T00:01:06.176998+00:00,PIA01344,10,3,20261008085851,20261008085715,20261007142850,20261008085851,PI
2026-10-08T00:01:06.176998+00:00,PIH00031,13,3,20261008085248,20261008084949,20261006164002,20261008085248,PI
2026-10-08T00:01:06.176998+00:00,PIH00031,18,3,20261008085248,20261008085024,20261006193942,20261008085248,PI
2026-10-08T00:01:06.176998+00:00,PIH00056,07,3,20261008085250,20261008084805,20261007154520,20261008085250,PI
2026-10-08T00:01:06.176998+00:00,PIH00112,01,3,20261008085248,20261008085019,20261007200405,20261008085248,PI
2026-10-08T00:01:06.176998+00:00,PIH00121,01,3,20261008085253,20261008084928,20261007222853,20261008085253,PI
2026-10-08T00:01:06.176998+00:00,PIH00210,65,3,20261008085248,20261008085237,20261007184328,20261008085248,PI
2026-10-08T00:01:06.176998+00:00,PIH00213,80,2,20261008085745,20261007133121,20261008085458,,PI
2026-10-08T00:01:06.176998+00:00,PIH00265,05,2,20261008085746,20261007203523,20261008085545,,PI
2026-10-08T00:01:06.176998+00:00,PIH00326,03,2,20261008085237,20261007191611,20261008020321,,PI
2026-10-08T00:01:06.176998+00:00,PIH00401,08,3,20261008085746,20261008085356,20261007183627,20261008085746,PI
2026-10-08T00:01:06.176998+00:00,PIH00423,12,2,20261008085252,20261008084515,20261008085212,,PI
2026-10-08T00:01:06.176998+00:00,PIH00428,02,3,20261008085238,20261008085202,20261007171917,20261008085238,PI
2026-10-08T00:01:06.176998+00:00,PIH00592,16,2,20261008085237,20261007200426,20261007213521,,PI
2026-10-08T00:01:06.176998+00:00,PIH00815,04,2,20261008085251,20261008073437,20261008084918,,PI
2026-10-08T00:01:06.176998+00:00,PIH01383,01,2,20261008085747,20261008062845,20261008085417,,PI
2026-10-08T00:01:06.176998+00:00,PIH01703,03,3,20261008085732,20261008085504,20261007133123,20261008085732,PI
2026-10-08T00:01:06.176998+00:00,PIH01888,03,3,20261008085237,20261008084920,20261007151638,20261008085237,PI
2026-10-08T00:01:06.176998+00:00,PIH01888,04,3,20261008085237,20261008085111,20261006120928,20261008085237,PI
2026-10-08T00:01:06.176998+00:00,PIH01932,03,2,20261008085238,20261007210810,20261008034320,,PI
2026-10-08T00:01:06.176998+00:00,PIS00003,01,3,20261008085401,20261008085228,20261007164040,20261008085401,PI
2026-10-08T00:01:06.176998+00:00,PIS00013,09,2,20261008085852,20261008003838,20261008013306,,PI
2026-10-08T00:01:06.176998+00:00,PIS00026,02,3,20261008085852,20261008085432,20261007105117,20261008085852,PI
2026-10-08T00:01:06.176998+00:00,PIS00034,01,2,20261008085402,20261007211935,20261007231735,,PI
2026-10-08T00:01:06.176998+00:00,PIS00039,02,3,20261008085402,20261008085021,20261007172201,20261008085402,PI
2026-10-08T00:01:06.176998+00:00,PIS00040,04,3,20261008085402,20261008085148,20261008074213,20261008085402,PI
2026-10-08T00:01:06.176998+00:00,PIS00042,03,3,20261008085853,20261008085832,20261007160216,20261008085853,PI
2026-10-08T00:01:06.176998+00:00,PIS00065,02,2,20261008085403,20261008074927,20261008084250,,PI
2026-10-08T00:01:06.176998+00:00,PIS00075,01,3,20261008085854,20261008085750,20261007182158,20261008085854,PI
2026-10-08T00:01:06.176998+00:00,PIS00075,08,2,20261008085403,20261007203344,20261008043528,,PI
2026-10-08T00:01:06.176998+00:00,PK000005,02,2,20261008085135,20261008083226,20261008084853,,PK
2026-10-08T00:01:06.176998+00:00,PK000005,04,3,20261008085135,20261008063419,20261008063959,20261008084814,PK
2026-10-08T00:01:06.176998+00:00,PK000005,05,2,20261008085135,20261008083443,20261008084838,,PK
2026-10-08T00:01:06.176998+00:00,PK000005,06,2,20261008085135,20261008083525,20261008084839,,PK
2026-10-08T00:01:06.176998+00:00,PK000005,09,2,20261008085135,20261008081756,20261008085055,,PK
2026-10-08T00:01:06.176998+00:00,PK000007,01,3,20261008085137,20261008071925,20261008073844,20261008084612,PK
2026-10-08T00:01:06.176998+00:00,PK000007,02,2,20261008085137,20261008082543,20261008084934,,PK
2026-10-08T00:01:06.176998+00:00,PK000007,07,3,20261008085137,20261008081237,20261008083849,20261008084638,PK
2026-10-08T00:01:06.176998+00:00,PK000007,08,3,20261008085137,20261007224044,20261007230700,20261008084708,PK
2026-10-08T00:01:06.176998+00:00,PK000007,09,2,20261008085135,20261008075733,20261008084259,,PK
2026-10-08T00:01:06.176998+00:00,PK000007,14,2,20261008085134,20261008081810,20261008084628,,PK
2026-10-08T00:01:06.176998+00:00,PK000007,43,2,20261008085137,20261008083605,20261008085010,,PK
2026-10-08T00:01:06.176998+00:00,PK000007,44,2,20261008085137,20261008083637,20261008085010,,PK
2026-10-08T00:01:06.176998+00:00,PK000008,03,2,20261008085137,20261008080835,20261008084441,,PK
2026-10-08T00:01:06.176998+00:00,PK000009,08,2,20261008085132,20261008082601,20261008084608,,PK
2026-10-08T00:01:06.176998+00:00,PK000009,10,3,20261008085135,20261008080314,20261008082106,20261008084120,PK
2026-10-08T00:01:06.176998+00:00,PK000021,17,3,20261008085133,20261008002959,20261008012020,20261008084358,PK
2026-10-08T00:01:06.176998+00:00,PK000021,18,3,20261008085133,20261007203820,20261007205736,20261008084436,PK
2026-10-08T00:01:06.176998+00:00,PK000025,17,2,20261008085135,20261008081754,20261008083629,,PK
2026-10-08T00:01:06.176998+00:00,PK000025,18,2,20261008085135,20261008081834,20261008083628,,PK
2026-10-08T00:01:06.176998+00:00,PK000028,21,3,20261008085134,20261008072605,20261008075255,20261008084836,PK
2026-10-08T00:01:06.176998+00:00,PK000028,22,3,20261008085134,20261008080232,20261008082316,20261008084919,PK
2026-10-08T00:01:06.176998+00:00,PK000028,25,2,20261008085134,20261008082518,20261008084206,,PK
2026-10-08T00:01:06.176998+00:00,PK000028,26,2,20261008085134,20261008082558,20261008084207,,PK
2026-10-08T00:01:06.176998+00:00,PK000028,27,9,20261008085134,20261008083253,20261008085036,,PK
2026-10-08T00:01:06.176998+00:00,PK000114,07,3,20261008085134,20261007193432,20261007222444,20261008084532,PK
2026-10-08T00:01:06.176998+00:00,PK000148,03,2,20261008085133,20261008081809,20261008084056,,PK
2026-10-08T00:01:06.176998+00:00,PK000148,04,2,20261008085133,20261008080845,20261008084200,,PK
2026-10-08T00:01:06.176998+00:00,PK000148,05,9,20261008085133,20261008083303,20261008084922,,PK
2026-10-08T00:01:06.176998+00:00,PK000148,07,3,20261008085133,20261008073503,20261008081553,20261008084617,PK
2026-10-08T00:01:06.176998+00:00,PK000148,09,2,20261008085132,20261008081009,20261008084801,,PK
2026-10-08T00:01:06.176998+00:00,PK000148,15,3,20261008085132,20261008074448,20261008081840,20261008084407,PK
2026-10-08T00:01:06.176998+00:00,PK000148,16,3,20261008085132,20261008080430,20261008083318,20261008084440,PK
2026-10-08T00:01:06.176998+00:00,PK000156,01,2,20261008085133,20261008082212,20261008084938,,PK
2026-10-08T00:01:06.176998+00:00,PK000156,02,2,20261008085133,20261008082104,20261008084937,,PK
2026-10-08T00:01:06.176998+00:00,PK000161,03,3,20261008085136,20261008081458,20261008083646,20261008084133,PK
2026-10-08T00:01:06.176998+00:00,PK000161,04,3,20261008085136,20261008081535,20261008083647,20261008084206,PK
2026-10-08T00:01:06.176998+00:00,PK000185,03,3,20261008085136,20261008071812,20261008073820,20261008085028,PK
2026-10-08T00:01:06.176998+00:00,PK000185,04,3,20261008085136,20261008065106,20261008070433,20261008085059,PK
2026-10-08T00:01:06.176998+00:00,PK000185,06,3,20261008085136,20261008081033,20261008082015,20261008084424,PK
2026-10-08T00:01:06.176998+00:00,PK000186,05,3,20261008085137,20261008072305,20261008080040,20261008084918,PK
2026-10-08T00:01:06.176998+00:00,PK000186,06,3,20261008085137,20261008073949,20261008080041,20261008084956,PK
2026-10-08T00:01:06.176998+00:00,PK000186,07,2,20261008085137,20261008081001,20261008084416,,PK
2026-10-08T00:01:06.176998+00:00,PK000186,08,2,20261008085137,20261008081039,20261008084435,,PK
2026-10-08T00:01:06.176998+00:00,PK000253,02,3,20261008085136,20261008072320,20261008074140,20261008084153,PK
2026-10-08T00:01:06.176998+00:00,PK000288,01,3,20261008085134,20261008072605,20261008075255,20261008084836,PK
2026-10-08T00:01:06.176998+00:00,PK000288,02,3,20261008085134,20261008080232,20261008082316,20261008084919,PK
2026-10-08T00:01:06.176998+00:00,PK000288,05,2,20261008085134,20261008082518,20261008084206,,PK
2026-10-08T00:01:06.176998+00:00,PK000288,06,2,20261008085134,20261008082558,20261008084207,,PK
2026-10-08T00:01:06.176998+00:00,PK000288,07,9,20261008085134,20261008083253,20261008085036,,PK
2026-10-08T00:01:06.176998+00:00,PK000289,03,3,20261008085133,20261008013106,20261008022828,20261008084548,PK
2026-10-08T00:01:06.176998+00:00,PK000289,04,3,20261008085133,20261008013154,20261008015504,20261008084626,PK
2026-10-08T00:01:06.176998+00:00,PK000291,01,3,20261008085133,20261008080550,20261008082939,20261008084521,PK
2026-10-08T00:01:06.176998+00:00,PK000291,02,3,20261008085133,20261008080630,20261008082939,20261008084601,PK
2026-10-08T00:01:06.176998+00:00,PK000291,04,3,20261008085132,20261008082352,20261008083437,20261008084054,PK
2026-10-08T00:01:06.176998+00:00,PK000291,07,2,20261008085132,20261008080708,20261008084244,,PK
2026-10-08T00:01:06.176998+00:00,PK000295,06,3,20261008085135,20261008072957,20261008074614,20261008084613,PK
2026-10-08T00:01:06.176998+00:00,PK000296,07,3,20261008085133,20261008002959,20261008012020,20261008084358,PK
2026-10-08T00:01:06.176998+00:00,PK000296,08,3,20261008085133,20261007203820,20261007205736,20261008084436,PK
2026-10-08T00:01:06.176998+00:00,PK000297,03,2,20261008085135,20261008081754,20261008083629,,PK
2026-10-08T00:01:06.176998+00:00,PK000297,04,2,20261008085135,20261008081834,20261008083628,,PK
2026-10-08T00:01:06.176998+00:00,PK000322,07,3,20261008085135,20261008075224,20261008080756,20261008084516,PK
2026-10-08T00:01:06.176998+00:00,PK000322,08,3,20261008085136,20261008065018,20261008070802,20261008084602,PK
2026-10-08T00:01:06.176998+00:00,PK000474,06,2,20261008085135,20261008082857,20261008084752,,PK
2026-10-08T00:01:06.176998+00:00,PK000474,12,3,20261008085135,20261008075850,20261008081412,20261008084803,PK
2026-10-08T00:01:06.176998+00:00,PL000006,01,2,20261008085219,20261007230312,20261008085219,,PL
2026-10-08T00:01:06.176998+00:00,PL000137,01,2,20261008085955,20261007215325,20261008085955,,PL
2026-10-08T00:01:06.176998+00:00,PL000333,14,2,20261008085209,20261007212247,20261008085209,,PL
2026-10-08T00:01:06.176998+00:00,PL000339,05,3,20261008085646,20261008085646,20261007171011,20261008085646,PL
2026-10-08T00:01:06.176998+00:00,PL000339,08,3,20261008085750,20261008085750,20261007210151,20261008085750,PL
2026-10-08T00:01:06.176998+00:00,PL000463,01,2,20261008085137,20261007223333,20261008085137,,PL
2026-10-08T00:01:06.176998+00:00,PL000481,05,2,20261008085920,20261007160518,20261008085920,,PL
2026-10-08T00:01:06.176998+00:00,PL000552,02,3,20261008085944,20261008085944,20261008081751,20261008085944,PL
2026-10-08T00:01:06.176998+00:00,PL000696,11,2,20261008085258,20261007195313,20261008085258,,PL
2026-10-08T00:01:06.176998+00:00,PL000706,19,3,20261008085636,20261008085636,20260825093630,20261008085636,PL
2026-10-08T00:01:06.176998+00:00,PL000718,05,3,20261008085855,20261008085855,20261007171031,20261008085855,PL
2026-10-08T00:01:06.176998+00:00,PL000801,03,2,20261008085536,20261007182447,20261008085536,,PL
2026-10-08T00:01:06.176998+00:00,PL000806,06,2,20261008085630,20261008062356,20261008085630,,PL
2026-10-08T00:01:06.176998+00:00,PL000972,16,3,20261008085840,20261008085840,20261008012056,20261008085840,PL
2026-10-08T00:01:06.176998+00:00,PL000972,45,2,20261008085807,20261007164827,20261008085807,,PL
2026-10-08T00:01:06.176998+00:00,PL000976,32,2,20261008085657,20261007145106,20261008085657,,PL
2026-10-08T00:01:06.176998+00:00,PL001023,02,2,20261008085554,20261007223134,20261008085554,,PL
2026-10-08T00:01:06.176998+00:00,PL001244,15,3,20261008085532,20261008085532,20261008070032,20261008085532,PL
2026-10-08T00:01:06.176998+00:00,PL001282,01,2,20261008085707,20261008015051,20261008085707,,PL
2026-10-08T00:01:06.176998+00:00,PL001850,28,3,20261008085116,20261008085116,20261008083514,20261008085116,PL
2026-10-08T00:01:06.176998+00:00,PL001944,26,2,20261008085425,20261007170647,20261008085425,,PL
2026-10-08T00:01:06.176998+00:00,PL002196,00,2,20261008085441,20261008075930,20261008085441,,PL
2026-10-08T00:01:06.176998+00:00,PL002227,03,2,20261008085210,20261007083513,20261008085210,,PL
2026-10-08T00:01:06.176998+00:00,PL002872,04,2,20261008085210,20261007220838,20261008085210,,PL
2026-10-08T00:01:06.176998+00:00,PL002994,03,2,20261008085823,20261007193254,20261008085823,,PL
2026-10-08T00:01:06.176998+00:00,PL003111,06,2,20261008085250,20261007200939,20261008085250,,PL
2026-10-08T00:01:06.176998+00:00,PL003342,01,3,20261008085556,20261008085556,20261008084053,20261008085556,PL
2026-10-08T00:01:06.176998+00:00,PL003371,07,3,20261008085454,20261008085454,20261008075945,20261008085454,PL
2026-10-08T00:01:06.176998+00:00,PL003526,51,2,20261008090010,20261007221717,20261008090010,,PL
2026-10-08T00:01:06.176998+00:00,PL003817,00,2,20261008085341,20261007230954,20261008085341,,PL
2026-10-08T00:01:06.176998+00:00,PL003817,16,2,20261008085137,20261008022307,20261008085137,,PL
2026-10-08T00:01:06.176998+00:00,PL003870,02,2,20261008085655,20261007165334,20261008085655,,PL
2026-10-08T00:01:06.176998+00:00,PL004048,01,2,20261008085438,20261007164731,20261008085438,,PL
2026-10-08T00:01:06.176998+00:00,PL004212,34,2,20261008085258,20261007165050,20261008085258,,PL
2026-10-08T00:01:06.176998+00:00,PL004364,08,2,20261008085450,20261007213120,20261008085450,,PL
2026-10-08T00:01:06.176998+00:00,PL004439,09,2,20261008085957,20261008001714,20261008085957,,PL
2026-10-08T00:01:06.176998+00:00,PL004573,26,2,20261008085429,20261007204441,20261008085429,,PL
2026-10-08T00:01:06.176998+00:00,PL005029,00,3,20261008085819,20261008085819,20261007180149,20261008085819,PL
2026-10-08T00:01:06.176998+00:00,PL005109,02,3,20261008085401,20261008085401,20261006065943,20261008085401,PL
2026-10-08T00:01:06.176998+00:00,PL029803,12,2,20261008085523,20261007212900,20261008085523,,PL
2026-10-08T00:01:06.176998+00:00,PL030250,07,2,20261008085548,20261008013026,20261008085548,,PL
2026-10-08T00:01:06.176998+00:00,PL030408,04,3,20261008085311,20261008085311,20261007190802,20261008085311,PL
2026-10-08T00:01:06.176998+00:00,PL030468,21,2,20261008085146,20261008004232,20261008085146,,PL
2026-10-08T00:01:06.176998+00:00,PL030666,00,2,20261008085640,20261007200027,20261008085640,,PL
2026-10-08T00:01:06.176998+00:00,PL030699,11,3,20261008085402,20261008085402,20261008074312,20261008085402,PL
2026-10-08T00:01:06.176998+00:00,PL030866,06,2,20261008085629,20261007214220,20261008085629,,PL
2026-10-08T00:01:06.176998+00:00,PL030940,27,2,20261008085724,20261007181345,20261008085724,,PL
2026-10-08T00:01:06.176998+00:00,PL030940,73,3,20261008085224,20261008085224,20261007235207,20261008085224,PL
2026-10-08T00:01:06.176998+00:00,PL031028,03,2,20261008085955,20261007171633,20261008085955,,PL
2026-10-08T00:01:06.176998+00:00,PL031129,37,3,20261008085447,20261008085447,20261007201106,20261008085447,PL
2026-10-08T00:01:06.176998+00:00,PL031157,03,3,20261008085621,20261008085621,20261006165216,20261008085621,PL
2026-10-08T00:01:06.176998+00:00,PL031264,02,3,20261008085854,20261008085854,20261008085846,20261008085854,PL
2026-10-08T00:01:06.176998+00:00,PL031364,01,2,20261008085536,20261008084206,20261008085536,,PL
2026-10-08T00:01:06.176998+00:00,PL031461,15,3,20261008085916,20261008085916,20261007145019,20261008085916,PL
2026-10-08T00:01:06.176998+00:00,PL031461,22,2,20261008085200,20261007233915,20261008085200,,PL
2026-10-08T00:01:06.176998+00:00,PL031461,34,3,20261008085420,20261008085420,20261007084134,20261008085420,PL
2026-10-08T00:01:06.176998+00:00,PL031461,61,3,20261008085243,20261008085243,20261008085242,20261008085243,PL
2026-10-08T00:01:06.176998+00:00,PL031462,03,2,20261008085218,20261007192014,20261008085218,,PL
2026-10-08T00:01:06.176998+00:00,PL031581,08,2,20261008085854,20261007214859,20261008085854,,PL
2026-10-08T00:01:06.176998+00:00,PL031581,21,2,20261008085854,20261007232740,20261008085854,,PL
2026-10-08T00:01:06.176998+00:00,PL031610,02,3,20261008085640,20261008085640,20261006134230,20261008085640,PL
2026-10-08T00:01:06.176998+00:00,PL031760,06,2,20261008085726,20261007204536,20261008085726,,PL
2026-10-08T00:01:06.176998+00:00,PL031760,08,2,20261008085808,20261007153230,20261008085808,,PL
2026-10-08T00:01:06.176998+00:00,PL031760,15,3,20261008085949,20261008085949,20261008081039,20261008085949,PL
2026-10-08T00:01:06.176998+00:00,PL031783,06,3,20261008085544,20261008085544,20261007124102,20261008085544,PL
2026-10-08T00:01:06.176998+00:00,PL032031,00,2,20261008085339,20261007193120,20261008085339,,PL
2026-10-08T00:01:06.176998+00:00,PL032102,25,3,20261008085323,20261008085323,20261008085320,20261008085323,PL
2026-10-08T00:01:06.176998+00:00,PL032397,04,3,20261008085537,20261008085537,20261008053238,20261008085537,PL
2026-10-08T00:01:06.176998+00:00,PL032431,10,2,20261008085533,20261007203121,20261008085533,,PL
2026-10-08T00:01:06.176998+00:00,PL032432,01,2,20261008085631,20261007231227,20261008085631,,PL
2026-10-08T00:01:06.176998+00:00,PL032506,06,2,20261008085452,20261007122050,20261008085452,,PL
2026-10-08T00:01:06.176998+00:00,PL032511,00,2,20261008085423,20261007232228,20261008085423,,PL
2026-10-08T00:01:06.176998+00:00,PL032511,02,2,20261008085706,20261007152626,20261008085706,,PL
2026-10-08T00:01:06.176998+00:00,PL032568,01,3,20261008085901,20261008085901,20261005204057,20261008085901,PL
2026-10-08T00:01:06.176998+00:00,PL032604,05,2,20261008085308,20261007172042,20261008085308,,PL
2026-10-08T00:01:06.176998+00:00,PL032605,41,2,20261008085510,20261007200949,20261008085510,,PL
2026-10-08T00:01:06.176998+00:00,PL032639,01,3,20261008085925,20261008085925,20261005074102,20261008085925,PL
2026-10-08T00:01:06.176998+00:00,PL032653,00,3,20261008085559,20261008085559,20261008085011,20261008085559,PL
2026-10-08T00:01:06.176998+00:00,PL032671,17,2,20261008085244,20261007205655,20261008085244,,PL
2026-10-08T00:01:06.176998+00:00,PL032832,00,2,20261008085636,20261007113216,20261008085636,,PL
2026-10-08T00:01:06.176998+00:00,PL032853,07,2,20261008085539,20261007233946,20261008085539,,PL
2026-10-08T00:01:06.176998+00:00,PL032960,04,2,20261008085713,20261007182733,20261008085713,,PL
2026-10-08T00:01:06.176998+00:00,PL033017,06,2,20261008085432,20261007214618,20261008085432,,PL
2026-10-08T00:01:06.176998+00:00,PL033048,09,2,20261008085227,20261007194254,20261008085227,,PL
2026-10-08T00:01:06.176998+00:00,PL033085,02,2,20261008085144,20261007194945,20261008085144,,PL
2026-10-08T00:01:06.176998+00:00,PL033249,01,3,20261008085746,20261008085746,20261006201946,20261008085746,PL
2026-10-08T00:01:06.176998+00:00,PL033306,16,2,20261008085715,20261007171240,20261008085715,,PL
2026-10-08T00:01:06.176998+00:00,PL033509,01,2,20261008085947,20261007201639,20261008085947,,PL
2026-10-08T00:01:06.176998+00:00,PL033666,40,2,20261008085441,20261007213153,20261008085441,,PL
2026-10-08T00:01:06.176998+00:00,PL100027,01,3,20261008085119,20261008085119,20261008083632,20261008085119,PL
2026-10-08T00:01:06.176998+00:00,PL832708,42,2,20261008085444,20261007193214,20261008085444,,PL
2026-10-08T00:01:06.176998+00:00,PL832708,60,2,20261008085820,20261007221348,20261008085820,,PL
2026-10-08T00:01:06.176998+00:00,PL932708,67,2,20261008085849,20261007183002,20261008085849,,PL
2026-10-08T00:01:06.176998+00:00,PW001103,02,2,20261008085409,20261007164605,20261008023143,,PW
2026-10-08T00:01:06.176998+00:00,PW010115,08,2,20261008085907,20261007205559,20261007214108,,PW
2026-10-08T00:01:06.176998+00:00,PW010293,01,2,20261008085210,20261007200239,20261008063041,,PW
2026-10-08T00:01:06.176998+00:00,PW010329,04,2,20261008085409,20261007221245,20261008025814,,PW
2026-10-08T00:01:06.176998+00:00,PW011044,08,2,20261008085811,20261007174552,20261008033135,,PW
2026-10-08T00:01:06.176998+00:00,PW011044,09,2,20261008085811,20261007195211,20261008040750,,PW
2026-10-08T00:01:06.176998+00:00,PW011045,06,3,20261008085411,20261008085411,20261008041015,20261008085350,PW
2026-10-08T00:01:06.176998+00:00,PW011045,10,2,20261008085411,20261007185335,20261008005952,,PW
2026-10-08T00:01:06.176998+00:00,PW012522,03,2,20261008085509,20261007164405,20261008084549,,PW
2026-10-08T00:01:06.176998+00:00,PW012532,01,3,20261008085509,20261008085509,20261007204230,20261008085131,PW
2026-10-08T00:01:06.176998+00:00,PW012681,01,2,20261008085112,20261007201327,20261008034536,,PW
2026-10-08T00:01:06.176998+00:00,PW012720,02,2,20261008085510,20261007235246,20261008082355,,PW
2026-10-08T00:01:06.176998+00:00,PW012748,01,2,20261008085911,20261007214059,20261008060051,,PW
2026-10-08T00:01:06.176998+00:00,PW013139,16,2,20261008085524,20261007163020,20261008014532,,PW
2026-10-08T00:01:06.176998+00:00,PW013139,45,2,20261008085133,20261007230519,20261008043043,,PW
2026-10-08T00:01:06.176998+00:00,PW013139,64,2,20261008085133,20261007202711,20261007223035,,PW
2026-10-08T00:01:06.176998+00:00,PW013159,01,2,20261008085525,20261007204009,20261007221028,,PW
2026-10-08T00:01:06.176998+00:00,PW013231,38,2,20261008085135,20261007185152,20261008015227,,PW
2026-10-08T00:01:06.176998+00:00,PW013810,04,2,20261008085605,20261007235937,20261008054514,,PW
2026-10-08T00:01:06.176998+00:00,PW014214,03,2,20261008085617,20261008020038,20261008085515,,PW
2026-10-08T00:01:06.176998+00:00,PW014495,04,3,20261008085625,20261008085625,20261007230946,20261008085420,PW
2026-10-08T00:01:06.176998+00:00,PW014548,05,3,20261008085628,20261008085628,20261007125628,20261008085449,PW
2026-10-08T00:01:06.176998+00:00,PW014672,05,3,20261008085237,20261008085237,20261007122705,20261008085135,PW
2026-10-08T00:01:06.176998+00:00,PW014780,08,3,20261008085246,20261008085246,20261007155607,20261008084935,PW
2026-10-08T00:01:06.176998+00:00,PW014904,08,2,20261008085248,20261007220148,20261008034613,,PW
2026-10-08T00:01:06.176998+00:00,PW015224,03,2,20261008085713,20261007213428,20261008021957,,PW
2026-10-08T00:01:06.176998+00:00,PW100023,05,2,20261008085408,20261007181339,20261007215858,,PW
2026-10-08T00:01:06.176998+00:00,PW100944,01,2,20261008085113,20261007182158,20261007210716,,PW
2026-10-08T00:01:06.176998+00:00,PW800110,08,3,20261008085210,20261008085210,20261008021801,20261008085134,PW
2026-10-08T00:01:06.176998+00:00,PW800158,01,2,20261008085211,20261007214037,20261008084819,,PW
2026-10-08T00:01:06.176998+00:00,PW800172,01,2,20261008085613,20261007194328,20261007212348,,PW
2026-10-08T00:01:06.176998+00:00,PW800253,14,2,20261008085708,20261007223258,20261008074314,,PW
2026-10-08T00:01:06.176998+00:00,PW800253,16,2,20261008085708,20261007201116,20261007232956,,PW
2026-10-08T00:01:06.176998+00:00,PW800900,03,2,20261008085111,20261007192453,20261008013502,,PW
2026-10-08T00:01:06.176998+00:00,PW801150,06,2,20261008085924,20261007224206,20261008044158,,PW
2026-10-08T00:01:06.176998+00:00,PW801150,08,2,20261008085924,20261007173351,20261007193053,,PW
2026-10-08T00:01:06.176998+00:00,PW801392,04,2,20261008085542,20261007203416,20261008021427,,PW
2026-10-08T00:01:06.176998+00:00,PW801466,06,2,20261008085143,20261007143354,20261007160725,,PW
2026-10-08T00:01:06.176998+00:00,PW801481,01,2,20261008085947,20261007233323,20261008022621,,PW
2026-10-08T00:01:06.176998+00:00,PW801481,13,3,20261008085553,20261008085553,20261008025113,20261008085251,PW
2026-10-08T00:01:06.176998+00:00,PW801481,14,3,20261008085143,20261008085143,20261007192721,20261008085134,PW
2026-10-08T00:01:06.176998+00:00,PW801481,15,2,20261008085553,20261007203456,20261008030701,,PW
2026-10-08T00:01:06.176998+00:00,PW801494,10,2,20261008085555,20261007193401,20261008085342,,PW
2026-10-08T00:01:06.176998+00:00,PW801567,01,3,20261008085950,20261008085950,20261008035417,20261008085909,PW
2026-10-08T00:01:06.176998+00:00,PWE06335,07,2,20261008085311,20261008075914,20261008085311,,PW
2026-10-08T00:01:06.176998+00:00,RE000040,01,3,20261008085803,20261008085803,20261005114654,20261008085727,RE
2026-10-08T00:01:06.176998+00:00,RE000078,02,3,20261008085603,20261008085603,20261005225329,20261008085540,RE
2026-10-08T00:01:06.176998+00:00,RE000176,03,3,20261008085802,20261008085802,20261007111042,20261008085652,RE
2026-10-08T00:01:06.176998+00:00,RE000182,03,2,20261008090003,20261008071658,20261008075435,,RE
2026-10-08T00:01:06.176998+00:00,RE000317,20,2,20261008085602,20261008053701,20261008085352,,RE
2026-10-08T00:01:06.176998+00:00,RE000317,56,2,20261008085602,20261008021019,20261008085210,,RE
2026-10-08T00:01:06.176998+00:00,RE000333,03,2,20261008085403,20261008080709,20261008084809,,RE
2026-10-08T00:01:06.176998+00:00,RE031101,01,1,20261008085331,20251218080237,20251218081311,,RE
2026-10-08T00:01:06.176998+00:00,RE031101,02,1,20261008085331,20260212142927,20260212143344,,RE
2026-10-08T00:01:06.176998+00:00,RE031101,03,1,20261008085331,,,,RE
2026-10-08T00:01:06.176998+00:00,RE031101,04,1,20261008085331,,,,RE
2026-10-08T00:01:06.176998+00:00,RE031101,05,1,20261008085331,,,,RE
2026-10-08T00:01:06.176998+00:00,RE031101,06,1,20261008085331,,,,RE
2026-10-08T00:01:06.176998+00:00,RE031102,01,1,20261008085331,20260204142933,20260204143042,,RE
2026-10-08T00:01:06.176998+00:00,RE031102,02,1,20261008085331,20260212160947,20260212161301,,RE
2026-10-08T00:01:06.176998+00:00,RE031102,03,1,20261008085331,,,,RE
2026-10-08T00:01:06.176998+00:00,RE031102,04,1,20261008085331,20260208120440,20260208141059,,RE
2026-10-08T00:01:06.176998+00:00,RE031102,05,1,20261008085331,20260204124556,20260204125113,,RE
2026-10-08T00:01:06.176998+00:00,RE031102,06,1,20261008085331,20260204115003,20260204120045,,RE
2026-10-08T00:01:06.176998+00:00,RE031103,01,1,20261008085331,,,,RE
2026-10-08T00:01:06.176998+00:00,RE031103,02,1,20261008085331,,,,RE
2026-10-08T00:01:06.176998+00:00,RE031103,03,1,20261008085331,,,,RE
2026-10-08T00:01:06.176998+00:00,RE031103,04,1,20261008085331,,,,RE
2026-10-08T00:01:06.176998+00:00,RE031103,05,1,20261008085331,,,,RE
2026-10-08T00:01:06.176998+00:00,RE031103,06,1,20261008085331,,,,RE
2026-10-08T00:01:06.176998+00:00,RE031103,07,1,20261008085331,,,,RE
2026-10-08T00:01:06.176998+00:00,RE031103,08,1,20261008085331,,,,RE
2026-10-08T00:01:06.176998+00:00,RE031103,09,1,20261008085331,,,,RE
2026-10-08T00:01:06.176998+00:00,RE031103,10,1,20261008085331,,,,RE
2026-10-08T00:01:06.176998+00:00,RE031103,11,1,20261008085331,,,,RE
2026-10-08T00:01:06.176998+00:00,RE031103,12,1,20261008085331,,,,RE
2026-10-08T00:01:06.176998+00:00,RE031103,13,1,20261008085331,,,,RE
2026-10-08T00:01:06.176998+00:00,RE031103,14,1,20261008085331,,,,RE
2026-10-08T00:01:06.176998+00:00,RE031103,15,1,20261008085331,,,,RE
2026-10-08T00:01:06.176998+00:00,RE031103,16,1,20261008085331,,,,RE
2026-10-08T00:01:06.176998+00:00,RE031103,17,1,20261008085331,,,,RE
2026-10-08T00:01:06.176998+00:00,RE031103,18,1,20261008085331,,,,RE
2026-10-08T00:01:06.176998+00:00,RE031103,19,1,20261008085331,,,,RE
2026-10-08T00:01:06.176998+00:00,RE031103,20,1,20261008085331,,,,RE
2026-10-08T00:01:06.176998+00:00,RE031103,21,1,20261008085331,,,,RE
2026-10-08T00:01:06.176998+00:00,RE031103,22,1,20261008085331,,,,RE
2026-10-08T00:01:06.176998+00:00,RE031103,23,1,20261008085331,,,,RE
2026-10-08T00:01:06.176998+00:00,RE031103,24,1,20261008085331,,,,RE
2026-10-08T00:01:06.176998+00:00,RE031103,25,1,20261008085331,,,,RE
2026-10-08T00:01:06.176998+00:00,RE031103,26,1,20261008085331,,,,RE
2026-10-08T00:01:06.176998+00:00,RE031103,27,1,20261008085331,,,,RE
2026-10-08T00:01:06.176998+00:00,RE031103,28,1,20261008085331,,,,RE
2026-10-08T00:01:06.176998+00:00,RE031103,29,1,20261008085331,,,,RE
2026-10-08T00:01:06.176998+00:00,RE031103,30,1,20261008085331,,,,RE
2026-10-08T00:01:06.176998+00:00,RE031103,31,1,20261008085331,,,,RE
2026-10-08T00:01:06.176998+00:00,RE031103,32,1,20261008085331,,,,RE
2026-10-08T00:01:06.176998+00:00,RE031103,33,1,20261008085331,,,,RE
2026-10-08T00:01:06.176998+00:00,RE031103,34,1,20261008085331,,,,RE
2026-10-08T00:01:06.176998+00:00,RE031103,35,1,20261008085331,,,,RE
2026-10-08T00:01:06.176998+00:00,RE031103,36,1,20261008085331,,,,RE
2026-10-08T00:01:06.176998+00:00,RE031103,37,1,20261008085331,,,,RE
2026-10-08T00:01:06.176998+00:00,RE031103,38,1,20261008085331,,,,RE
2026-10-08T00:01:06.176998+00:00,RE031103,39,1,20261008085331,,,,RE
2026-10-08T00:01:06.176998+00:00,RE031103,40,1,20261008085331,,,,RE
2026-10-08T00:01:06.176998+00:00,RE031103,41,1,20261008085331,,,,RE
2026-10-08T00:01:06.176998+00:00,RE031103,42,1,20261008085331,,,,RE
2026-10-08T00:01:06.176998+00:00,RE031103,43,1,20261008085331,,,,RE
2026-10-08T00:01:06.176998+00:00,RE031103,44,1,20261008085331,,,,RE
2026-10-08T00:01:06.176998+00:00,RE031104,01,1,20261008085331,,,,RE
2026-10-08T00:01:06.176998+00:00,RE031104,02,1,20261008085331,,,,RE
2026-10-08T00:01:06.176998+00:00,RE031104,03,1,20261008085331,,,,RE
2026-10-08T00:01:06.176998+00:00,RE031104,04,1,20261008085331,,,,RE
2026-10-08T00:01:06.176998+00:00,RE031104,05,1,20261008085331,,,,RE
2026-10-08T00:01:06.176998+00:00,RE031104,06,1,20261008085331,,,,RE
2026-10-08T00:01:06.176998+00:00,RE031104,07,1,20261008085331,,,,RE
2026-10-08T00:01:06.176998+00:00,RE031104,08,1,20261008085331,,,,RE
2026-10-08T00:01:06.176998+00:00,RE031104,09,1,20261008085331,,,,RE
2026-10-08T00:01:06.176998+00:00,RE031104,10,1,20261008085331,,,,RE
2026-10-08T00:01:06.176998+00:00,RE031104,11,1,20261008085331,,,,RE
2026-10-08T00:01:06.176998+00:00,RE031104,12,1,20261008085331,,,,RE
2026-10-08T00:01:06.176998+00:00,RE031104,13,1,20261008085331,,,,RE
2026-10-08T00:01:06.176998+00:00,RE031104,14,1,20261008085331,,,,RE
2026-10-08T00:01:06.176998+00:00,SBSB0049,05,3,20261008085221,20261008085221,20261006221143,20261008085221,SB
2026-10-08T00:01:06.176998+00:00,SE000004,01,2,20261008085942,20261008081144,20261008085941,,SE
2026-10-08T00:01:06.176998+00:00,SE000018,01,3,20261008085242,20261008085205,20261007104855,20261008085205,SE
2026-10-08T00:01:06.176998+00:00,SE000052,01,2,20261008085242,20261008075102,20261008085157,,SE
2026-10-08T00:01:06.176998+00:00,SE000056,01,2,20261008085443,20261008080855,20261008085356,,SE
2026-10-08T00:01:06.176998+00:00,SE000063,01,2,20261008085743,20261008083128,20261008085854,,SE
2026-10-08T00:01:06.176998+00:00,SE000078,01,2,20261008085543,20261008031243,20261008042059,,SE
2026-10-08T00:01:06.176998+00:00,SE000086,04,2,20261008085443,20261008075402,20261008085404,,SE
2026-10-08T00:01:06.176998+00:00,SE000122,02,3,20261008085843,20261008085838,20261007090310,20261008085838,SE
2026-10-08T00:01:06.176998+00:00,SE000182,01,3,20261008085243,20261008085145,20261008011126,20261008085145,SE
2026-10-08T00:01:06.176998+00:00,SE000184,01,2,20261008085343,20261008075717,20261008085320,,SE
2026-10-08T00:01:06.176998+00:00,SE000190,01,3,20261008085243,20261008085143,20261008041954,20261008085143,SE
2026-10-08T00:01:06.176998+00:00,SE000190,02,3,20261008085643,20261008085551,20261008001956,20261008085551,SE
2026-10-08T00:01:06.176998+00:00,SE000197,02,3,20261008085343,20261008085323,20261008033908,20261008085323,SE
2026-10-08T00:01:06.176998+00:00,SF000077,02,2,20261008085628,20261007205352,20261008084750,,SF
2026-10-08T00:01:06.176998+00:00,SF000617,10,2,20261008085616,20261007221517,20261008085011,,SF
2026-10-08T00:01:06.176998+00:00,SF001104,17,3,20261008085608,20261008085608,20250718001246,20261008085127,SF
2026-10-08T00:01:06.176998+00:00,SF001214,59,2,20261008085630,20261007193700,20261008084810,,SF
2026-10-08T00:01:06.176998+00:00,SF001229,07,3,20261008085623,20261008085623,20260928041231,20261008083339,SF
2026-10-08T00:01:06.176998+00:00,SF001349,49,2,20261008085634,20261007212033,20261008084835,,SF
2026-10-08T00:01:06.176998+00:00,SF001435,19,2,20261008085628,20261007170537,20261008085043,,SF
2026-10-08T00:01:06.176998+00:00,SF001998,08,2,20261008085608,20261007194943,20261008084803,,SF
2026-10-08T00:01:06.176998+00:00,SF002062,05,2,20261008085608,20261007233429,20261008084728,,SF
2026-10-08T00:01:06.176998+00:00,SF002068,07,3,20261008085634,20261008085634,20261007131518,20261008085145,SF
2026-10-08T00:01:06.176998+00:00,SF002069,14,2,20261008085629,20261007203602,20261008084833,,SF
2026-10-08T00:01:06.176998+00:00,SF002425,03,3,20261008085618,20261008085618,20261006102857,20261008084702,SF
2026-10-08T00:01:06.176998+00:00,SF002992,21,3,20261008085634,20261008085634,20261008072031,20261008083455,SF
2026-10-08T00:01:06.176998+00:00,SF002992,66,2,20261008085609,20261007214127,20261008085048,,SF
2026-10-08T00:01:06.176998+00:00,SF002993,61,2,20261008085634,20261007222240,20261008084843,,SF
2026-10-08T00:01:06.176998+00:00,SF003020,11,2,20261008085626,20261008060704,20261008084726,,SF
2026-10-08T00:01:06.176998+00:00,SF003222,00,3,20261008085629,20261008085629,20261006141859,20261008083240,SF
2026-10-08T00:01:06.176998+00:00,ST111402,03,3,20261008085358,20261008085358,20261007212354,20261007203229,ST
2026-10-08T00:01:06.176998+00:00,ST111407,01,3,20261008085218,20261008085218,20261006174821,20261006093732,ST
2026-10-08T00:01:06.176998+00:00,ST112606,01,2,20261008085215,20261008070419,20261008085215,,ST
2026-10-08T00:01:06.176998+00:00,ST112615,04,2,20261008085732,20261008031641,20261008085732,,ST
2026-10-08T00:01:06.176998+00:00,ST113203,04,2,20261008085804,20261008052835,20261008061603,,ST
2026-10-08T00:01:06.176998+00:00,ST114415,01,2,20261008085540,20261008064339,20261008085540,,ST
2026-10-08T00:01:06.176998+00:00,ST114415,04,3,20261008085558,20261006084215,20261007220232,20261008085558,ST
2026-10-08T00:01:06.176998+00:00,ST114419,02,3,20261008085937,20261008054316,20261008074316,20261008085937,ST
2026-10-08T00:01:06.176998+00:00,ST114705,03,3,20261008085217,20261002184015,20261008041249,20261008085217,ST
2026-10-08T00:01:06.176998+00:00,ST115012,03,2,20261008085754,20261008014051,20261008024051,,ST
2026-10-08T00:01:06.176998+00:00,ST115012,04,2,20261008085330,20261008081126,20261008085330,,ST
2026-10-08T00:01:06.176998+00:00,ST115020,02,3,20261008085557,20261008060327,20261008061612,20261008085557,ST
2026-10-08T00:01:06.176998+00:00,ST115020,04,2,20261008085608,20261008082604,20261008085608,,ST
2026-10-08T00:01:06.176998+00:00,ST115020,05,3,20261008085343,20261008085343,20261007204749,20261007132507,ST
2026-10-08T00:01:06.176998+00:00,ST115417,08,3,20261008085612,20261006064313,20261007131432,20261008085612,ST
2026-10-08T00:01:06.176998+00:00,ST115604,06,3,20261008085947,20261008085947,20261007141952,20261008085947,ST
2026-10-08T00:01:06.176998+00:00,ST115608,01,2,20261008085730,20261007221140,20261008085730,,ST
2026-10-08T00:01:06.176998+00:00,ST115610,01,2,20261008085201,20261008082605,20261008085201,,ST
2026-10-08T00:01:06.176998+00:00,ST115616,01,3,20261008085331,20261008085331,20261008084926,20261008080730,ST
2026-10-08T00:01:06.176998+00:00,ST116513,01,3,20261008085350,20261008085350,20261008072942,20261007222713,ST
2026-10-08T00:01:06.176998+00:00,ST116517,03,2,20261008085826,20261008082620,20261008085826,,ST
2026-10-08T00:01:06.176998+00:00,ST116535,01,2,20261008085426,20261008071023,20261008085426,,ST
2026-10-08T00:01:06.176998+00:00,ST116814,22,2,20261008085208,20260911102131,20260911102242,,ST
2026-10-08T00:01:06.176998+00:00,ST117110,03,2,20261008085202,20261007215653,20261007222829,,ST
2026-10-08T00:01:06.176998+00:00,ST117403,01,2,20261008085217,20261008080026,20261008085217,,ST
2026-10-08T00:01:06.176998+00:00,ST117407,02,3,20261008085415,20261008085415,20261007175939,20261008085415,ST
2026-10-08T00:01:06.176998+00:00,ST600101,01,3,20261008085416,20261008055640,20261008062653,20261008085416,ST
2026-10-08T00:01:06.176998+00:00,ST600323,02,3,20261008085948,20261008085948,20261008072944,20261008065447,ST
2026-10-08T00:01:06.176998+00:00,ST600324,02,2,20261008085143,20261008081350,20261008085143,,ST
2026-10-08T00:01:06.176998+00:00,ST601187,02,3,20261008085812,20261008085812,20261008083610,20261008064307,ST
2026-10-08T00:01:06.176998+00:00,ST601200,02,3,20261008085615,20261008042555,20261008050818,20261008085615,ST
2026-10-08T00:01:06.176998+00:00,ST601293,01,2,20261008085359,20261008073356,20261008085359,,ST
2026-10-08T00:01:06.176998+00:00,ST601408,03,2,20261008085826,20261008074418,20261008085826,,ST
2026-10-08T00:01:06.176998+00:00,ST601472,01,2,20261008085952,20261008085148,20261008085952,,ST
2026-10-08T00:01:06.176998+00:00,ST601490,10,2,20261008085410,20261001175328,20261006214019,,ST
2026-10-08T00:01:06.176998+00:00,ST601555,01,2,20261008085947,20261007093850,20261008085947,,ST
2026-10-08T00:01:06.176998+00:00,ST602219,08,3,20261008085948,20261008085948,20261007175224,20261007125707,ST
2026-10-08T00:01:06.176998+00:00,SZBA0008,09,3,20261008085725,20261008085725,20261008084359,20261008085725,SZ
2026-10-08T00:01:06.176998+00:00,SZBA0008,10,3,20261008085650,20261008085650,20261008084400,20261008085650,SZ
2026-10-08T00:01:06.176998+00:00,SZBA0017,03,2,20261008085539,20261008084048,20261008085539,,SZ
2026-10-08T00:01:06.176998+00:00,SZBA0025,01,3,20261008085620,20261008085620,20261008084749,20261008085620,SZ
2026-10-08T00:01:06.176998+00:00,SZBA0025,02,3,20261008085705,20261008085705,20261008084750,20261008085705,SZ
2026-10-08T00:01:06.176998+00:00,TDA00034,05,3,20261008090009,20261008085824,20261007152153,20261008085824,TD
2026-10-08T00:01:06.176998+00:00,TDA00066,03,2,20261008090008,20261007110610,20261007110647,,TD
2026-10-08T00:01:06.176998+00:00,TDA00072,03,3,20261008090002,20261008085732,20261007100811,20261008085732,TD
2026-10-08T00:01:06.176998+00:00,TS111701,05,3,20261008085501,20261008085501,20261006154745,20261008085413,TS
2026-10-08T00:01:06.176998+00:00,UN000060,06,2,20261008085924,20261007224028,20261008085851,,UN
2026-10-08T00:01:06.176998+00:00,UN000069,02,3,20261008085624,20261008085624,20260901151628,20261008085541,UN
2026-10-08T00:01:06.176998+00:00,UN000074,05,3,20261008085624,20261008085624,20261007182700,20261008085614,UN
2026-10-08T00:01:06.176998+00:00,UP002678,04,2,20261008090002,20261007162001,20261008090002,,UP
2026-10-08T00:01:06.176998+00:00,UP148723,01,3,20261008090002,20261008090002,20261008082001,20261008090002,UP
2026-10-08T00:01:06.176998+00:00,UP148723,02,3,20261008090002,20261008090002,20261007184000,20261008090002,UP
2026-10-08T00:01:06.176998+00:00,UP897898,02,3,20261008090003,20261008090003,20261007152001,20261008090003,UP
2026-10-08T00:10:46.818284+00:00,ME174013,01,2,20261008090738,20261007152253,20261007160614,,ME
2026-10-08T00:10:46.818284+00:00,ME174027,01,2,20261008090739,20261007111903,20261007120224,,ME
2026-10-08T00:10:46.818284+00:00,ME174039,01,2,20261008090741,20261008061115,20261008062046,,ME
2026-10-08T00:10:46.818284+00:00,ME178009,01,2,20261008090748,20261008070304,20261008073059,,ME
2026-10-08T00:10:46.818284+00:00,ME178009,02,3,20261008090750,20261008080103,20261008081353,20261008083607,ME
2026-10-08T00:10:46.818284+00:00,ME181102,01,2,20261008090757,20261007133822,20261007142448,,ME
2026-10-08T00:10:46.818284+00:00,ME181150,12,2,20261008090803,20261007141930,20261007172850,,ME
2026-10-08T00:10:46.818284+00:00,ME181150,13,2,20261008090805,20261007153124,20261007161751,,ME
2026-10-08T00:10:46.818284+00:00,ME183001,01,2,20261008090811,20261007094720,20261007103025,,ME
2026-10-08T00:10:46.818284+00:00,ME183002,01,2,20261008090820,20261008074953,20261008083259,,ME
2026-10-08T00:10:46.818284+00:00,ME183003,01,2,20261008090819,20261007114138,20261007121624,,ME
2026-10-08T00:10:46.818284+00:00,ME183004,01,2,20261008090840,20261007194001,20261007202608,,ME
2026-10-08T00:10:46.818284+00:00,ME183006,01,3,20261008090828,20261007192737,20261007193411,20261008090023,ME
2026-10-08T00:10:46.818284+00:00,ME183008,01,2,20261008090833,20261007234213,20261007235102,,ME
2026-10-08T00:10:46.818284+00:00,ME183009,01,2,20261008090838,20261007170745,20261007174937,,ME
2026-10-08T00:10:46.818284+00:00,ME183103,01,3,20261008090845,20261007113622,20261007114618,20261008084915,ME
2026-10-08T00:10:46.818284+00:00,ME183103,02,2,20261008090849,20261007205651,20261007210635,,ME
2026-10-08T00:10:46.818284+00:00,ME183103,52,2,20261008090851,20261008015408,20261008023617,,ME
2026-10-08T00:10:46.818284+00:00,ME183219,01,2,20261008090640,20261008082737,20261008090638,,ME
2026-10-08T00:10:46.818284+00:00,ME183219,02,3,20261008090644,20261007121021,20261007125118,20261008090141,ME
2026-10-08T00:10:46.818284+00:00,ME183219,52,2,20261008090613,20261008082421,20261008090611,,ME
2026-10-08T00:10:46.818284+00:00,ME184075,01,2,20261008090908,20261002111139,20261002125929,,ME
2026-10-08T00:10:46.818284+00:00,ME184076,01,2,20261008090905,20261008072832,20261008075542,,ME
2026-10-08T00:10:46.818284+00:00,ME18B159,01,2,20261008090413,20261007124817,20261007130602,,ME
2026-10-08T00:10:46.818284+00:00,ME18B163,01,3,20261008090804,20261007161639,20261007165650,20261008085256,ME
2026-10-08T00:10:46.818284+00:00,ME18B164,01,2,20261008090426,20261007155508,20261007162229,,ME
2026-10-08T00:10:46.818284+00:00,ME18B165,01,2,20261008090748,20261007195750,20261007204055,,ME
2026-10-08T00:10:46.818284+00:00,ME18B166,01,2,20261008090419,20261008071758,20261008075743,,ME
2026-10-08T00:10:46.818284+00:00,ME18B168,01,2,20261008090441,20261006115854,20261006123856,,ME
2026-10-08T00:10:46.818284+00:00,ME18B169,01,3,20261008090802,20261008022811,20261008025900,20261008083250,ME
2026-10-08T00:10:46.818284+00:00,ME18B170,01,2,20261008090451,20261007203157,20261007210343,,ME
2026-10-08T00:10:46.818284+00:00,ME18B175,01,2,20261008090802,20261008031825,20261008034230,,ME
2026-10-08T00:10:46.818284+00:00,ME18B176,01,2,20261008090502,20261007120501,20261007122557,,ME
2026-10-08T00:10:46.818284+00:00,ME18B179,01,2,20261008090507,20261008051636,20261008055941,,ME
2026-10-08T00:10:46.818284+00:00,ME18B180,01,2,20261008090503,20261007123105,20261007131302,,ME
2026-10-08T00:10:46.818284+00:00,ME18B181,01,2,20261008090506,20261008064825,20261008072619,,ME
2026-10-08T00:10:46.818284+00:00,ME18B183,01,2,20261008090512,20261006222208,20261006225558,,ME
2026-10-08T00:10:46.818284+00:00,ME18B278,11,2,20261008090516,20261008061329,20261008064416,,ME
2026-10-08T00:10:46.818284+00:00,ME18B278,12,2,20261008090521,20261008072952,20261008080010,,ME
2026-10-08T00:10:46.818284+00:00,ME18B279,11,3,20261008090648,20261008061404,20261008065711,20261008085128,ME
2026-10-08T00:10:46.818284+00:00,ME18B279,12,3,20261008090859,20261008073438,20261008075827,20261008084353,ME
2026-10-08T00:10:46.818284+00:00,ME18B284,11,2,20261008090528,20261007211839,20261007215218,,ME
2026-10-08T00:10:46.818284+00:00,ME18B284,12,3,20261008090855,20261008015052,20261008021740,20261008084849,ME
2026-10-08T00:10:46.818284+00:00,ME18B288,11,2,20261008090505,20261005230008,20261005233919,,ME
2026-10-08T00:10:46.818284+00:00,ME18B288,12,2,20261008090510,20261007115522,20261007120207,,ME
2026-10-08T00:10:46.818284+00:00,ME18B408,01,9,20261008090310,20261007223736,20261007231739,,ME
2026-10-08T00:10:46.818284+00:00,ME18B408,02,2,20261008090221,20261008072611,20261008074134,,ME
2026-10-08T00:10:46.818284+00:00,ME18B408,03,2,20261008090224,20261007171457,20261007173906,,ME
2026-10-08T00:10:46.818284+00:00,ME18B408,04,2,20261008090221,20261006191551,20261006195554,,ME
2026-10-08T00:10:46.818284+00:00,ME19A152,01,2,20261008090733,20261007074900,20261007075911,,ME
2026-10-08T00:10:46.818284+00:00,ME19A153,01,2,20261008090550,20261006201022,20261006202512,,ME
2026-10-08T00:10:46.818284+00:00,ME19A160,01,2,20261008090548,20261005150014,20261005154020,,ME
2026-10-08T00:10:46.818284+00:00,ME19A164,01,2,20261008090557,20261007231931,20261007235941,,ME
2026-10-08T00:10:46.818284+00:00,ME19A170,01,2,20261008090602,20261007122701,20261007125800,,ME
2026-10-08T00:10:46.818284+00:00,ME19A243,21,9,20261008090310,20261007192330,20261007195612,,ME
2026-10-08T00:10:46.818284+00:00,ME19A243,22,9,20261008090310,20261007171849,20261007172809,,ME
2026-10-08T00:10:46.818284+00:00,ME19A245,21,2,20261008090210,20261007202734,20261007210030,,ME
2026-10-08T00:10:46.818284+00:00,ME19A245,22,2,20261008090210,20261007153809,20261007161229,,ME
2026-10-08T00:10:46.818284+00:00,ME19A246,21,2,20261008090206,20261004161106,20261004162759,,ME
2026-10-08T00:10:46.818284+00:00,ME19A246,22,2,20261008090206,20261006124456,20261006131013,,ME
2026-10-08T00:10:46.818284+00:00,ME19A265,21,2,20261008090209,20261008064337,20261008071857,,ME
2026-10-08T00:10:46.818284+00:00,ME19A265,22,2,20261008090211,20261008081359,20261008085408,,ME
2026-10-08T00:10:46.818284+00:00,ME19A274,21,9,20261008090310,20261007123236,20261007130511,,ME
2026-10-08T00:10:46.818284+00:00,ME19A274,22,9,20261008090310,20261007232641,20261007234049,,ME
2026-10-08T00:10:46.818284+00:00,ME19A601,21,2,20261008090206,20261007194916,20261007195529,,ME
2026-10-08T00:10:46.818284+00:00,ME19A601,22,2,20261008090206,20261007201716,20261007205450,,ME
2026-10-08T00:10:46.818284+00:00,ME19A601,23,2,20261008090208,20261007180208,20261007184317,,ME
2026-10-08T00:10:46.818284+00:00,ME19A601,24,2,20261008090209,20261008040243,20261008041529,,ME
2026-10-08T00:10:46.818284+00:00,ME19A601,25,2,20261008090213,20261007202459,20261007210507,,ME
2026-10-08T00:10:46.818284+00:00,ME19A601,26,9,20261008090310,20261008065054,20261008072117,,ME
2026-10-08T00:10:46.818284+00:00,ME19D118,01,2,20261008090715,20261008074557,20261008080742,,ME
2026-10-08T00:10:46.818284+00:00,ME19X403,41,2,20261008090616,20261008074801,20261008082606,,ME
2026-10-08T00:10:46.818284+00:00,ME19X403,42,2,20261008090606,20261007190743,20261007192337,,ME
2026-10-08T00:10:46.818284+00:00,ME19X403,43,2,20261008090610,20261007195327,20261007201356,,ME
2026-10-08T00:10:46.818284+00:00,ME19X403,44,2,20261008090602,20261007150834,20261007151424,,ME
2026-10-08T00:10:46.818284+00:00,ME19X403,45,2,20261008090634,20261008075118,20261008083118,,ME
2026-10-08T00:10:46.818284+00:00,ME19X417,41,9,20261008090310,20261008074819,20261008082819,,ME
2026-10-08T00:10:46.818284+00:00,ME19X417,42,2,20261008090735,20261008083127,20261008085632,,ME
2026-10-08T00:10:46.818284+00:00,ME19X417,43,2,20261008090734,20261006231712,20261006233606,,ME
2026-10-08T00:10:46.818284+00:00,ME19X417,44,2,20261008090727,20261007160053,20261007162409,,ME
2026-10-08T00:10:46.818284+00:00,ME19X417,45,2,20261008090726,20261007215559,20261007220411,,ME
2026-10-08T00:10:46.818284+00:00,ME19Y601,21,2,20261008090824,20261008063535,20261008064752,,ME
2026-10-08T00:10:46.818284+00:00,ME19Y601,22,2,20261008090825,20261008024324,20261008031801,,ME
2026-10-08T00:10:46.818284+00:00,ME19Y601,23,2,20261008090757,20261008055918,20261008063918,,ME
2026-10-08T00:10:46.818284+00:00,ME19Y601,24,2,20261008090757,20261007000319,20261007002416,,ME
2026-10-08T00:10:46.818284+00:00,ME19Y601,25,2,20261008090742,20261008060710,20261008064710,,ME
2026-10-08T00:10:46.818284+00:00,ME19Y601,26,2,20261008090742,20261008041343,20261008045059,,ME
2026-10-08T00:10:46.818284+00:00,ME20A193,01,2,20261008090733,20261007150652,20261007152825,,ME
2026-10-08T00:10:46.818284+00:00,ME20A194,01,2,20261008090723,20261007204937,20261007212937,,ME
2026-10-08T00:10:46.818284+00:00,ME20A195,01,2,20261008090734,20261007202708,20261007210708,,ME
2026-10-08T00:10:46.818284+00:00,ME20A196,01,2,20261008090734,20261008074116,20261008082116,,ME
2026-10-08T00:10:46.818284+00:00,ME20A197,01,2,20261008090443,20261008062909,20261008064211,,ME
2026-10-08T00:10:46.818284+00:00,ME20A198,01,2,20261008090724,20261007213859,20261007220443,,ME
2026-10-08T00:10:46.818284+00:00,ME20A199,01,2,20261008090725,20261007152110,20261007160110,,ME
2026-10-08T00:10:46.818284+00:00,ME20A1a0,01,2,20261008090737,20260930211119,20260930212304,,ME
2026-10-08T00:10:46.818284+00:00,ME20A1a1,01,2,20261008090746,20261008024437,20261008032110,,ME
2026-10-08T00:10:46.818284+00:00,ME20A1a2,01,2,20261008090731,20261008064046,20261008072039,,ME
2026-10-08T00:10:46.818284+00:00,ME20A1a3,01,2,20261008090720,20261008061159,20261008065159,,ME
2026-10-08T00:10:46.818284+00:00,ME20A1a4,01,2,20261008090729,20261008064740,20261008072740,,ME
2026-10-08T00:10:46.818284+00:00,ME20A1a5,01,2,20261008090727,20261007165229,20261007172832,,ME
2026-10-08T00:10:46.818284+00:00,ME20A1a6,01,3,20261008090528,20261007204759,20261007212759,20261008090526,ME
2026-10-08T00:10:46.818284+00:00,ME20A1a7,01,2,20261008090720,20261007112733,20261007115134,,ME
2026-10-08T00:10:46.818284+00:00,ME20A1a8,01,2,20261008090736,20261008072353,20261008080353,,ME
2026-10-08T00:10:46.818284+00:00,ME20A1a9,01,2,20261008090735,20261008072535,20261008080535,,ME
2026-10-08T00:10:46.818284+00:00,ME20A1b0,01,2,20261008090732,20261007190739,20261007191957,,ME
2026-10-08T00:10:46.818284+00:00,ME20A278,21,2,20261008090554,20261007061807,20261007065033,,ME
2026-10-08T00:10:46.818284+00:00,ME20A278,22,2,20261008090554,20261007105343,20261007113237,,ME
2026-10-08T00:10:46.818284+00:00,ME20A279,21,2,20261008090740,20261007141918,20261007145744,,ME
2026-10-08T00:10:46.818284+00:00,ME20A279,22,2,20261008090740,20261007204433,20261007205740,,ME
2026-10-08T00:10:46.818284+00:00,ME20A280,01,2,20261008090736,20261008071549,20261008073852,,ME
2026-10-08T00:10:46.818284+00:00,ME20A280,02,2,20261008090821,20261008033423,20261008041423,,ME
2026-10-08T00:10:46.818284+00:00,ME20A301,01,2,20261008090743,20261005114303,20261005121841,,ME
2026-10-08T00:10:46.818284+00:00,ME20A301,21,2,20261008090743,20261006172640,20261006180640,,ME
2026-10-08T00:10:46.818284+00:00,ME20A301,22,2,20261008090743,20261004151939,20261004155939,,ME
2026-10-08T00:10:46.818284+00:00,ME20A409,21,2,20261008090819,20261007174537,20261007182537,,ME
2026-10-08T00:10:46.818284+00:00,ME20A409,22,2,20261008090819,20261007215543,20261007223543,,ME
2026-10-08T00:10:46.818284+00:00,ME20A409,23,2,20261008090806,20261008062606,20261008070606,,ME
2026-10-08T00:10:46.818284+00:00,ME20A409,24,3,20261008090810,20261007180639,20261007184639,20261008090309,ME
2026-10-08T00:10:46.818284+00:00,ME20A410,01,3,20261008090626,20261007203037,20261007211037,20261008085118,ME
2026-10-08T00:10:46.818284+00:00,ME20A410,02,2,20261008090751,20261007210642,20261007211434,,ME
2026-10-08T00:10:46.818284+00:00,ME20A410,03,3,20261008090438,20261007210609,20261007213237,20261008085437,ME
2026-10-08T00:10:46.818284+00:00,ME20A410,91,2,20261008090756,20261008082118,20261008090118,,ME
2026-10-08T00:10:46.818284+00:00,ME20A411,01,2,20261008090751,20261007165753,20261007172304,,ME
2026-10-08T00:10:46.818284+00:00,ME20A411,02,2,20261008090828,20261007213301,20261007215444,,ME
2026-10-08T00:10:46.818284+00:00,ME20A411,03,2,20261008090827,20261007170541,20261007174541,,ME
2026-10-08T00:10:46.818284+00:00,ME20A411,04,2,20261008090825,20261007150228,20261007151903,,ME
2026-10-08T00:10:46.818284+00:00,ME21A114,01,3,20261008090904,20261008063709,20261008071217,20261008084850,ME
2026-10-08T00:10:46.818284+00:00,ME21A128,01,2,20261008090228,20261007191559,20261007193759,,ME
2026-10-08T00:10:46.818284+00:00,ME21B131,01,2,20261008090218,20261007101808,20261007105812,,ME
2026-10-08T00:10:46.818284+00:00,ME21B132,01,9,20261008090310,20261008081152,20261008081324,,ME
2026-10-08T00:10:46.818284+00:00,ME21B133,01,2,20261008090224,20261008082052,20261008083950,,ME
2026-10-08T00:10:46.818284+00:00,ME21B157,01,3,20261008090900,20261008041903,20261008045910,20261008084437,ME
2026-10-08T00:10:46.818284+00:00,ME21B164,01,2,20261008090228,20261007042417,20261007044129,,ME
2026-10-08T00:10:46.818284+00:00,ME21B168,01,2,20261008090215,20261007090350,20261007092141,,ME
2026-10-08T00:10:46.818284+00:00,ME21B180,01,9,20261008090310,20261007215814,20261007221824,,ME
2026-10-08T00:10:46.818284+00:00,ME21B1C3,01,3,20261008090713,20261008081102,20261008084746,20261008085256,ME
2026-10-08T00:10:46.818284+00:00,ME21B211,01,2,20261008090218,20261007060540,20261007063636,,ME
2026-10-08T00:10:46.818284+00:00,ME21B211,02,2,20261008090219,20261006215512,20261006223135,,ME
2026-10-08T00:10:46.818284+00:00,ME21B234,01,2,20261008090142,20261007133348,20261007135012,,ME
2026-10-08T00:10:46.818284+00:00,ME21B234,02,2,20261008090226,20261008063830,20261008065050,,ME
2026-10-08T00:10:46.818284+00:00,ME21B244,01,2,20261008090202,20261007165827,20261007172428,,ME
2026-10-08T00:10:46.818284+00:00,ME21B244,02,2,20261008090215,20261002144624,20261002151909,,ME
2026-10-08T00:10:46.818284+00:00,ME21B245,01,2,20261008090136,20261008075039,20261008082740,,ME
2026-10-08T00:10:46.818284+00:00,ME21B245,02,2,20261008090222,20261007213104,20261007220842,,ME
2026-10-08T00:10:46.818284+00:00,ME21B305,01,2,20261008090215,20261008063905,20261008065704,,ME
2026-10-08T00:10:46.818284+00:00,ME21B305,02,2,20261008090213,20261008081259,20261008084624,,ME
2026-10-08T00:10:46.818284+00:00,ME21B305,03,2,20261008090223,20261008005459,20261008013807,,ME
2026-10-08T00:10:46.818284+00:00,ME21B309,01,2,20261008090217,20261006111304,20261006113252,,ME
2026-10-08T00:10:46.818284+00:00,ME21B309,02,9,20261008090310,20261007111525,20261007111922,,ME
2026-10-08T00:10:46.818284+00:00,ME21B309,03,2,20261008090144,20261007181103,20261007184135,,ME
2026-10-08T00:10:46.818284+00:00,ME21B404,01,9,20261008090310,20261008020041,20261008024047,,ME
2026-10-08T00:10:46.818284+00:00,ME21B404,02,2,20261008090221,20261007193009,20261007195826,,ME
2026-10-08T00:10:46.818284+00:00,ME21B404,03,2,20261008090216,20261007211625,20261007215042,,ME
2026-10-08T00:10:46.818284+00:00,ME21B404,04,9,20261008090310,20261008072850,20261008080854,,ME
2026-10-08T00:10:46.818284+00:00,ME21B412,01,9,20261008090310,20261007014747,20261007022054,,ME
2026-10-08T00:10:46.818284+00:00,ME21B412,02,9,20261008090310,20261005135358,20261005143405,,ME
2026-10-08T00:10:46.818284+00:00,ME21B412,03,9,20261008090310,20261006203051,20261006210813,,ME
2026-10-08T00:10:46.818284+00:00,ME21B412,04,2,20261008090216,20261007172819,20261007175510,,ME
2026-10-08T00:10:46.818284+00:00,ME21C250,21,2,20261008090828,20261008075614,20261008083618,,ME
2026-10-08T00:10:46.818284+00:00,ME21C250,22,2,20261008090828,20261008075918,20261008083919,,ME
2026-10-08T00:10:46.818284+00:00,ME21C251,21,2,20261008090853,20261007192200,20261007200041,,ME
2026-10-08T00:10:46.818284+00:00,ME21C251,22,2,20261008090853,20261008075940,20261008082302,,ME
2026-10-08T00:10:46.818284+00:00,ME21D045,01,2,20261008090137,20261007205026,20261007212824,,ME
2026-10-08T00:10:46.818284+00:00,ME21D046,01,2,20261008090149,20261008073632,20261008081941,,ME
2026-10-08T00:10:46.818284+00:00,ME21D047,01,2,20261008090140,20261007163422,20261007171224,,ME
2026-10-08T00:10:46.818284+00:00,ME21D048,01,2,20261008090140,20261005174830,20261005182834,,ME
2026-10-08T00:10:46.818284+00:00,ME22C1B8,01,2,20261008090856,20261007161043,20261007165044,,ME
2026-10-08T00:10:46.818284+00:00,ME22C1B9,01,2,20261008090824,20261007222847,20261007225554,,ME
2026-10-08T00:10:46.818284+00:00,ME22C1C0,01,3,20261008090847,20261005232637,20261006000638,20261008084418,ME
2026-10-08T00:10:46.818284+00:00,ME22C802,01,2,20261008090851,20261007195907,20261007203908,,ME
2026-10-08T00:10:46.818284+00:00,ME22C802,02,3,20261008090859,20261007201138,20261007205139,20261008090859,ME
2026-10-08T00:10:46.818284+00:00,ME22C802,03,2,20261008090814,20261007205316,20261007210728,,ME
2026-10-08T00:10:46.818284+00:00,ME22C802,04,2,20261008090851,20261007121429,20261007124146,,ME
2026-10-08T00:10:46.818284+00:00,ME22C802,05,2,20261008090900,20261007194900,20261007201522,,ME
2026-10-08T00:10:46.818284+00:00,ME22C802,06,2,20261008090906,20261007174341,20261007182342,,ME
2026-10-08T00:10:46.818284+00:00,ME22C802,07,2,20261008090847,20261007091852,20261007095201,,ME
2026-10-08T00:10:46.818284+00:00,ME22C802,08,2,20261008090906,20261007201225,20261007204850,,ME
2026-10-08T00:10:46.818284+00:00,ME22D121,01,2,20261008090902,20261007112416,20261007113016,,ME
2026-10-08T00:10:46.818284+00:00,ME22D134,01,2,20261008090853,20261003080645,20261003084648,,ME
2026-10-08T00:10:46.818284+00:00,ME22D152,01,2,20261008090841,20261006183220,20261006191223,,ME
2026-10-08T00:10:46.818284+00:00,ME22D205,01,2,20261008090810,20261006214303,20261006220517,,ME
2026-10-08T00:10:46.818284+00:00,ME22D205,02,2,20261008090852,20261008001301,20261008005303,,ME
2026-10-08T00:10:46.818284+00:00,ME22D402,01,2,20261008090908,20261008064054,20261008072057,,ME
2026-10-08T00:10:46.818284+00:00,ME22D402,02,2,20261008090823,20261007073556,20261007074345,,ME
2026-10-08T00:10:46.818284+00:00,ME22D402,03,2,20261008090908,20261008065532,20261008071342,,ME
2026-10-08T00:10:46.818284+00:00,ME22D402,04,2,20261008090819,20261007235358,20261008001652,,ME
2026-10-08T00:10:46.818284+00:00,ME22M301,01,2,20261008090847,20261007142953,20261007150954,,ME
2026-10-08T00:10:46.818284+00:00,ME22M301,02,2,20261008090828,20261007194810,20261007202812,,ME
2026-10-08T00:10:46.818284+00:00,ME22M301,81,2,20261008090847,20261008083400,20261008090234,,ME
2026-10-08T00:10:46.818284+00:00,ME22M301,83,2,20261008090852,20261007223049,20261007230248,,ME
2026-10-08T00:10:46.818284+00:00,ME22M301,84,2,20261008090909,20261007150110,20261007152502,,ME
2026-10-08T00:10:46.818284+00:00,ME22M302,01,2,20261008090148,20260921155947,20260921160006,,ME
2026-10-08T00:10:46.818284+00:00,ME22M302,02,2,20261008090159,20261003155714,20261003163721,,ME
2026-10-08T00:10:46.818284+00:00,ME22M302,03,2,20261008090150,20261006180006,20261006184010,,ME
2026-10-08T00:10:46.818284+00:00,ME22M302,04,2,20261008090528,20261004175434,20261004180023,,ME
2026-10-08T00:10:46.818284+00:00,ME22M302,05,2,20261008090134,20260823093756,20260823101759,,ME
2026-10-08T00:10:46.818284+00:00,ME22M302,06,2,20261008090140,20261004105422,20261004110523,,ME
2026-10-08T00:10:46.818284+00:00,ME22M302,07,2,20261008090155,20261007095927,20261007103157,,ME
2026-10-08T00:10:46.818284+00:00,ME22M302,09,2,20261008090145,20261004130719,20261004134723,,ME
2026-10-08T00:10:46.818284+00:00,ME22M302,10,2,20261008090151,20260921152834,20260921152913,,ME
2026-10-08T00:10:46.818284+00:00,ME22M302,11,2,20261008090139,20261004134436,20261004142439,,ME
2026-10-08T00:10:46.818284+00:00,ME22M302,13,2,20261008090142,20261005140028,20261005144033,,ME
2026-10-08T00:10:46.818284+00:00,ME22M302,14,2,20261008090158,20261003163148,20261003163235,,ME
2026-10-08T00:10:46.818284+00:00,ME22M302,15,2,20261008090146,20260921145157,20260921145213,,ME
2026-10-08T00:10:46.818284+00:00,ME22M302,16,2,20261008090150,20260926150958,20260926155002,,ME
2026-10-08T00:10:46.818284+00:00,ME22M302,17,2,20261008090145,20261007030350,20261007034354,,ME
2026-10-08T00:10:46.818284+00:00,ME22M302,18,2,20261008090141,20261007113918,20261007121922,,ME
2026-10-08T00:10:46.818284+00:00,ME22M302,19,2,20261008090152,20261003163941,20261003171945,,ME
2026-10-08T00:10:46.818284+00:00,ME22M302,20,2,20261008090153,20261003125206,20261003133212,,ME
2026-10-08T00:10:46.818284+00:00,ME22M302,21,2,20261008090142,20261004113824,20261004121903,,ME
2026-10-08T00:10:46.818284+00:00,ME22M302,22,2,20261008090151,20261004141642,20261004144521,,ME
2026-10-08T00:10:46.818284+00:00,ME22M302,23,3,20261008090854,20261004134350,20261004142356,20261008083825,ME
2026-10-08T00:10:46.818284+00:00,ME22M302,24,2,20261008090156,20261006122605,20261006130608,,ME
2026-10-08T00:10:46.818284+00:00,ME22M302,25,2,20261008090202,20261003170133,20261003174219,,ME
2026-10-08T00:10:46.818284+00:00,ME22M302,26,2,20261008090157,20261005113438,20261005121521,,ME
2026-10-08T00:10:46.818284+00:00,ME22M302,28,9,20261008090310,20261003141317,20261003145401,,ME
2026-10-08T00:10:46.818284+00:00,ME22M302,29,2,20261008090146,20261005143235,20261005145256,,ME
2026-10-08T00:10:46.818284+00:00,ME22M302,30,2,20261008090137,20261003130927,20261003134933,,ME
2026-10-08T00:10:46.818284+00:00,ME22M302,31,2,20261008090141,20261003151452,20261003155456,,ME
2026-10-08T00:10:46.818284+00:00,ME22M302,32,2,20261008090152,20261004160536,20261004164540,,ME
2026-10-08T00:10:46.818284+00:00,ME22M302,33,2,20261008090818,20261007145235,20261007150035,,ME
2026-10-08T00:10:46.818284+00:00,ME22M302,34,2,20261008090851,20261007125930,20261007132509,,ME
2026-10-08T00:10:46.818284+00:00,ME22M302,35,2,20261008090851,20261007140029,20261007141657,,ME
2026-10-08T00:10:46.818284+00:00,ME22M302,36,2,20261008090853,20261005145348,20261005153349,,ME
2026-10-08T00:10:46.818284+00:00,ME25A102,01,2,20261008090518,20261008075303,20261008082418,,ME
2026-10-08T00:10:46.818284+00:00,ME25A107,01,2,20261008090702,20261007125914,20261007133926,,ME
2026-10-08T00:10:46.818284+00:00,ME25A108,01,2,20261008090707,20261007164915,20261007172934,,ME
2026-10-08T00:10:46.818284+00:00,ME25A109,01,2,20261008090518,20261007170245,20261007174135,,ME
2026-10-08T00:10:46.818284+00:00,ME25A401,21,3,20261008090815,20261007200523,20261007202911,20261008090807,ME
2026-10-08T00:10:46.818284+00:00,ME25A401,22,2,20261008090515,20261007171550,20261007175555,,ME
2026-10-08T00:10:46.818284+00:00,ME25A401,23,2,20261008090712,20261005223143,20261005230339,,ME
2026-10-08T00:10:46.818284+00:00,ME25A401,24,2,20261008090714,20261007160032,20261007162128,,ME
2026-10-08T00:10:46.818284+00:00,ME25A403,21,2,20261008090650,20261007111344,20261007111449,,ME
2026-10-08T00:10:46.818284+00:00,ME25A403,22,2,20261008090652,20261007111603,20261007111709,,ME
2026-10-08T00:10:46.818284+00:00,ME25A403,23,2,20261008090703,20261007111934,20261007112039,,ME
2026-10-08T00:10:46.818284+00:00,ME25A403,24,2,20261008090705,20261007112142,20261007112244,,ME
2026-10-08T00:10:46.818284+00:00,ME25A404,21,2,20261008090722,20261008021132,20261008023127,,ME
2026-10-08T00:10:46.818284+00:00,ME25A404,22,2,20261008090724,20261007105331,20261007105442,,ME
2026-10-08T00:10:46.818284+00:00,ME25A404,23,2,20261008090749,20261007105647,20261007105756,,ME
2026-10-08T00:10:46.818284+00:00,ME25A404,24,2,20261008090751,20261007105845,20261007105954,,ME
2026-10-08T00:10:46.818284+00:00,ME25A405,21,2,20261008090656,20261007124832,20261007124937,,ME
2026-10-08T00:10:46.818284+00:00,ME25A405,22,2,20261008090658,20261007145310,20261007151930,,ME
2026-10-08T00:10:46.818284+00:00,ME25A406,21,2,20261008090600,20261007151402,20261007154231,,ME
2026-10-08T00:10:46.818284+00:00,ME25A406,22,2,20261008090602,20261008052704,20261008054547,,ME
2026-10-08T00:10:46.818284+00:00,ME25A406,23,2,20261008090815,20261007115641,20261007115757,,ME
2026-10-08T00:10:46.818284+00:00,ME25A406,24,2,20261008090818,20261007121010,20261007121111,,ME
2026-10-08T00:10:46.818284+00:00,ALAL0015,01,3,20261008090930,20261008090930,20261005165752,20261008090930,AL
2026-10-08T00:10:46.818284+00:00,AM900012,03,3,20261008090148,20261002091022,20261002051025,20261008090148,AM
2026-10-08T00:10:46.818284+00:00,AM900012,12,3,20261008090911,20260922090943,20260922040907,20261008090911,AM
2026-10-08T00:10:46.818284+00:00,AM900044,01,2,20261008090701,20261006071039,20261006061016,,AM
2026-10-08T00:10:46.818284+00:00,AMAM0016,03,3,20261008090420,20261008000425,20261008000425,20261008090419,AM
2026-10-08T00:10:46.818284+00:00,BE240105,07,3,20261008090128,20261008090128,20261008063816,20261008090128,BE
2026-10-08T00:10:46.818284+00:00,BE240709,01,3,20261008090826,20261008090826,20261008072334,20261008090826,BE
2026-10-08T00:10:46.818284+00:00,BNBN0037,03,2,20261008090302,20261008074110,20261008090118,,BN
2026-10-08T00:10:46.818284+00:00,BNBN0063,01,3,20261008090602,20261007095024,20261007135826,20261007095024,BN
2026-10-08T00:10:46.818284+00:00,BNBN0850,01,2,20261008090308,20261008021031,20261008090014,,BN
2026-10-08T00:10:46.818284+00:00,BNBN0852,02,3,20261008090608,20261007232738,20261008001320,20261007232738,BN
2026-10-08T00:10:46.818284+00:00,BNBN0862,01,3,20261008090308,20261008083931,20261008085327,20261008083931,BN
2026-10-08T00:10:46.818284+00:00,BNBN0863,02,3,20261008090308,20261007202108,20261007210422,20261007202108,BN
2026-10-08T00:10:46.818284+00:00,BNBN0874,01,3,20261008090908,20261007191518,20261007201017,20261007191518,BN
2026-10-08T00:10:46.818284+00:00,BT000145,01,2,20261008090346,20261008090259,20261008090346,,BT
2026-10-08T00:10:46.818284+00:00,BT200001,03,3,20261008090958,20261008090958,20261008090953,20261008090958,BT
2026-10-08T00:10:46.818284+00:00,BT200001,09,3,20261008090958,20261008090958,20261008090945,20261008090958,BT
2026-10-08T00:10:46.818284+00:00,BT200001,12,3,20261008090958,20261008090958,20261008090944,20261008090958,BT
2026-10-08T00:10:46.818284+00:00,BT200001,13,2,20261008090937,20261008090931,20261008090937,,BT
2026-10-08T00:10:46.818284+00:00,BT200001,18,3,20261008090736,20261008090736,20261006183417,20261008090736,BT
2026-10-08T00:10:46.818284+00:00,CGA00003,01,3,20261008090056,20261008085125,20261007195218,20261008085125,CG
2026-10-08T00:10:46.818284+00:00,CGA00025,01,3,20261008090055,20261008085527,20261007104410,20261008085527,CG
2026-10-08T00:10:46.818284+00:00,CGA00035,02,3,20261008090057,20261008085640,20261005113234,20261008085640,CG
2026-10-08T00:10:46.818284+00:00,CGA00037,02,2,20261008090057,20261008085056,20261008085256,,CG
2026-10-08T00:10:46.818284+00:00,CGA00051,02,2,20261008090058,20261007224651,20261008050824,,CG
2026-10-08T00:10:46.818284+00:00,CGA00077,04,2,20261008090051,20261007235037,20261008084704,,CG
2026-10-08T00:10:46.818284+00:00,CGA00148,11,1,20261008090058,20260928102052,20260928102215,,CG
2026-10-08T00:10:46.818284+00:00,CGA00185,01,2,20261008090058,20261007170100,20261007183751,,CG
2026-10-08T00:10:46.818284+00:00,CGA00217,06,2,20261008090050,20261007215807,20261008020452,,CG
2026-10-08T00:10:46.818284+00:00,CGA00232,07,3,20261008090051,20261008084910,20261007203836,20261008084910,CG
2026-10-08T00:10:46.818284+00:00,CGA00252,02,2,20261008090053,20261008011050,20261008023432,,CG
2026-10-08T00:10:46.818284+00:00,CGA00252,05,2,20261008090055,20261007180749,20261008004838,,CG
2026-10-08T00:10:46.818284+00:00,CGA00287,01,2,20261008090054,20261008013638,20261008041405,,CG
2026-10-08T00:10:46.818284+00:00,CI0I0001,11,3,20261008090521,20261008090521,20261007105606,20261008090521,CI
2026-10-08T00:10:46.818284+00:00,CO000019,16,2,20261008090900,20261007165700,20261008090900,,CO
2026-10-08T00:10:46.818284+00:00,CR000244,04,2,20261008090922,20261008090646,20261008090922,,CR
2026-10-08T00:10:46.818284+00:00,CU200010,01,2,20261008090957,20261007200312,20261008051030,,CU
2026-10-08T00:10:46.818284+00:00,CU200015,02,2,20261008090957,20261008013257,20261008071335,,CU
2026-10-08T00:10:46.818284+00:00,CU200016,03,3,20261008090648,20261008085151,20261006201607,20261008085151,CU
2026-10-08T00:10:46.818284+00:00,CU200016,07,2,20261008091001,20261007220408,20261008031442,,CU
2026-10-08T00:10:46.818284+00:00,CU200016,15,2,20261008091002,20261003043323,20261003051756,,CU
2026-10-08T00:10:46.818284+00:00,CU200016,16,2,20261008091002,20260914221513,20260915031008,,CU
2026-10-08T00:10:46.818284+00:00,CU200017,04,2,20261008090956,20261007200239,20261007220618,,CU
2026-10-08T00:10:46.818284+00:00,CU200017,08,2,20261008090957,20261008002403,20261008052642,,CU
2026-10-08T00:10:46.818284+00:00,CU200017,12,2,20261008090958,20261007225455,20261008011819,,CU
2026-10-08T00:10:46.818284+00:00,CU200017,13,2,20261008090957,20261007204551,20261008034142,,CU
2026-10-08T00:10:46.818284+00:00,CU200017,18,2,20261008091000,20261002112510,20261002174530,,CU
2026-10-08T00:10:46.818284+00:00,CU200017,19,2,20261008091001,20261004200846,20261005060441,,CU
2026-10-08T00:10:46.818284+00:00,CU200032,01,2,20261008090957,20261007102133,20261007134012,,CU
2026-10-08T00:10:46.818284+00:00,CV001286,07,2,20261008090550,20261008081010,20261008090212,,CV
2026-10-08T00:10:46.818284+00:00,CV001361,02,2,20261008090523,20261008081812,20261008090218,,CV
2026-10-08T00:10:46.818284+00:00,CV001442,01,2,20261008090523,20261008083329,20261008090237,,CV
2026-10-08T00:10:46.818284+00:00,CV001527,04,3,20261008090523,20261008090251,20261008090255,20261008090523,CV
2026-10-08T00:10:46.818284+00:00,CV001794,01,3,20261008090528,20261008090329,20261008090332,20261008090528,CV
2026-10-08T00:10:46.818284+00:00,CV001798,01,2,20261008090527,20261008023321,20261008090136,,CV
2026-10-08T00:10:46.818284+00:00,CV001912,01,2,20261008090528,20261008090417,20261008090425,,CV
2026-10-08T00:10:46.818284+00:00,CV001968,01,3,20261008090527,20261008090139,20261008090143,20261008090527,CV
2026-10-08T00:10:46.818284+00:00,CV001968,02,3,20261008090527,20261008090509,20261008090513,20261008090527,CV
2026-10-08T00:10:46.818284+00:00,CV002636,06,3,20261008090531,20261008090458,20261008090501,20261008090458,CV
2026-10-08T00:10:46.818284+00:00,CV002673,06,3,20261008090055,20261008085549,20261008085556,20261008090055,CV
2026-10-08T00:10:46.818284+00:00,CV002673,17,3,20261008090055,20261008085814,20261008085823,20261008090055,CV
2026-10-08T00:10:46.818284+00:00,CV002959,01,3,20261008090542,20261008090054,20261008090053,20261008090054,CV
2026-10-08T00:10:46.818284+00:00,CV003195,05,2,20261008090543,20261008003750,20261008090350,,CV
2026-10-08T00:10:46.818284+00:00,CV003233,07,3,20261008090536,20261008090514,20261008090511,20261008090514,CV
2026-10-08T00:10:46.818284+00:00,CV003815,16,3,20261008090547,20261008090450,20261008090452,20261008090547,CV
2026-10-08T00:10:46.818284+00:00,CV003941,01,2,20261008090546,20261008084913,20261008090147,,CV
2026-10-08T00:10:46.818284+00:00,CV003959,04,3,20261008090113,20261008085629,20261008085630,20261008090113,CV
2026-10-08T00:10:46.818284+00:00,CV004090,02,2,20261008090548,20261008083109,20261008090322,,CV
2026-10-08T00:10:46.818284+00:00,CV004292,01,3,20261008090549,20261008090036,20261008090037,20261008090549,CV
2026-10-08T00:10:46.818284+00:00,CV004328,04,2,20261008090111,20261008081625,20261008085946,,CV
2026-10-08T00:10:46.818284+00:00,CV004395,04,3,20261008090549,20261008090456,20261008090502,20261008090549,CV
2026-10-08T00:10:46.818284+00:00,CV004483,04,2,20261008090550,20261008082424,20261008090119,,CV
2026-10-08T00:10:46.818284+00:00,CV004538,02,3,20261008090551,20261008090032,20261008090043,20261008090032,CV
2026-10-08T00:10:46.818284+00:00,DYME2014,57,3,20261008090100,20261008090100,20261007200300,20261008090100,DY
2026-10-08T00:10:46.818284+00:00,EC002569,03,2,20261008090401,20261007220538,20261008000009,,EC
2026-10-08T00:10:46.818284+00:00,EC003226,01,2,20261008090402,20261007154505,20261007220318,,EC
2026-10-08T00:10:46.818284+00:00,EC004161,04,2,20261008090402,20261007185753,20261008013642,,EC
2026-10-08T00:10:46.818284+00:00,EC004904,03,2,20261008090602,20261007215111,20261008045247,,EC
2026-10-08T00:10:46.818284+00:00,EC004955,01,3,20261008091004,20261008090915,20261007161609,20261008090915,EC
2026-10-08T00:10:46.818284+00:00,EC004960,02,2,20261008090802,20261008071532,20261008085743,,EC
2026-10-08T00:10:46.818284+00:00,EC004962,01,2,20261008091004,20261008061041,20261008073507,,EC
2026-10-08T00:10:46.818284+00:00,EC004962,02,2,20261008090202,20261008061114,20261008062116,,EC
2026-10-08T00:10:46.818284+00:00,EC110080,01,2,20261008090802,20261007190511,20261007221419,,EC
2026-10-08T00:10:46.818284+00:00,EC110087,03,3,20261008090402,20261008090405,20260929162328,20261008090402,EC
2026-10-08T00:10:46.818284+00:00,EC110112,01,3,20261008090402,20261008090428,20261007225951,20261008090257,EC
2026-10-08T00:10:46.818284+00:00,EC110112,02,3,20261008090402,20261008090428,20261007225951,20261008090257,EC
2026-10-08T00:10:46.818284+00:00,EP210167,02,3,20261008091010,20261008091010,20261008051041,20261008075952,EP
2026-10-08T00:10:46.818284+00:00,ER000387,07,2,20261008090626,20261008090609,20261008090608,,ER
2026-10-08T00:10:46.818284+00:00,ER000397,26,2,20261008090928,20261008090328,20261007213005,,ER
2026-10-08T00:10:46.818284+00:00,ER000398,01,3,20261008090115,20261007155408,20261007125222,20261008090058,ER
2026-10-08T00:10:46.818284+00:00,ER000430,01,2,20261008090617,20261008044010,20261007223738,,ER
2026-10-08T00:10:46.818284+00:00,ER000460,07,2,20261008090513,20261008010840,20261007210203,,ER
2026-10-08T00:10:46.818284+00:00,ER000477,24,3,20261008090409,20261005193447,20261005175222,20261008090409,ER
2026-10-08T00:10:46.818284+00:00,ER000517,01,3,20261008090305,20261007221136,20261007183855,20261008090215,ER
2026-10-08T00:10:46.818284+00:00,ER000517,02,3,20261008090925,20261007231915,20261007200530,20261008060846,ER
2026-10-08T00:10:46.818284+00:00,ER110136,01,3,20261008090919,20261008060733,20261008025335,20261008025335,ER
2026-10-08T00:10:46.818284+00:00,EV001727,03,2,20261008090313,20261008034915,20261008090019,,EV
2026-10-08T00:10:46.818284+00:00,EV002133,03,2,20261008090115,20261007225933,20261008085927,,EV
2026-10-08T00:10:46.818284+00:00,EV002136,01,3,20261008090313,20261007155348,20261007224225,20261008090152,EV
2026-10-08T00:10:46.818284+00:00,EV002219,02,2,20261008090512,20261008073403,20261008090208,,EV
2026-10-08T00:10:46.818284+00:00,EV003034,01,1,20261008090734,20261005234459,20261006054127,,EV
2026-10-08T00:10:46.818284+00:00,EV003441,02,3,20261008090308,20261008081835,20261008084336,20261008090204,EV
2026-10-08T00:10:46.818284+00:00,EV003446,01,3,20261008090510,20261008084503,20261008085926,20261008090339,EV
2026-10-08T00:10:46.818284+00:00,EV003558,02,2,20261008090914,20261008032226,20261008090533,,EV
2026-10-08T00:10:46.818284+00:00,EV003796,03,3,20261008090715,20261007072232,20261007141455,20261008090601,EV
2026-10-08T00:10:46.818284+00:00,EV003852,02,2,20261008090115,20261008070043,20261008075718,,EV
2026-10-08T00:10:46.818284+00:00,EV004692,07,3,20261008090513,20261007154645,20261007174109,20261008090436,EV
2026-10-08T00:10:46.818284+00:00,EV005099,01,2,20261008090515,20261007212503,20261008012000,,EV
2026-10-08T00:10:46.818284+00:00,EV005521,01,2,20261008090915,20261008074656,20261008090736,,EV
2026-10-08T00:10:46.818284+00:00,EV005548,04,3,20261008090311,20261007150243,20261007193056,20261008090108,EV
2026-10-08T00:10:46.818284+00:00,EV005894,01,2,20261008090515,20261008090256,20261008090333,,EV
2026-10-08T00:10:46.818284+00:00,EV006017,01,2,20261008090510,20261007204852,20261008003247,,EV
2026-10-08T00:10:46.818284+00:00,EV006148,05,2,20261008090715,20261008010340,20261008043241,,EV
2026-10-08T00:10:46.818284+00:00,EV006148,08,2,20261008090915,20261007230058,20261008083416,,EV
2026-10-08T00:10:46.818284+00:00,EV006379,01,2,20261008090512,20261004101959,20261004135655,,EV
2026-10-08T00:10:46.818284+00:00,EV006511,01,2,20261008090514,20261007234824,20261008001408,,EV
2026-10-08T00:10:46.818284+00:00,EV006611,03,2,20261008090311,20261007182546,20261008050156,,EV
2026-10-08T00:10:46.818284+00:00,EV006612,06,2,20261008090713,20261007172212,20261007223830,,EV
2026-10-08T00:10:46.818284+00:00,EV006695,04,2,20261008090312,20261007173209,20261008010806,,EV
2026-10-08T00:10:46.818284+00:00,EV006829,01,2,20261008090916,20261007214450,20261008003655,,EV
2026-10-08T00:10:46.818284+00:00,EV006968,04,2,20261008090914,20261002090605,20261002153122,,EV
2026-10-08T00:10:46.818284+00:00,EV006968,06,9,20261008090914,20261007113938,20261007175321,,EV
2026-10-08T00:10:46.818284+00:00,EV007280,04,3,20261008090512,20261007173809,20261007211540,20261008090431,EV
2026-10-08T00:10:46.818284+00:00,EV007880,09,2,20261008090713,20261007195810,20261007233822,,EV
2026-10-08T00:10:46.818284+00:00,EV008205,02,3,20261008090513,20261007172212,20261008041245,20261008090432,EV
2026-10-08T00:10:46.818284+00:00,EV008227,03,2,20261008090108,20261007204214,20261008000410,,EV
2026-10-08T00:10:46.818284+00:00,EV008496,03,3,20261008090054,20261007063831,20261007143210,20261008055514,EV
2026-10-08T00:10:46.818284+00:00,EV008811,02,2,20261008090914,20261008021218,20261008084956,,EV
2026-10-08T00:10:46.818284+00:00,EV008871,02,3,20261008090513,20261007004703,20261007082357,20261008014327,EV
2026-10-08T00:10:46.818284+00:00,EV008907,02,3,20261008090311,20261007191214,20261008055019,20261008090204,EV
2026-10-08T00:10:46.818284+00:00,EV008944,01,2,20261008090913,20261008075949,20261008090656,,EV
2026-10-08T00:10:46.818284+00:00,EV008950,01,3,20261008090107,20261007213146,20261008004448,20261008090025,EV
2026-10-08T00:10:46.818284+00:00,EV008979,01,3,20261008090113,20261008061359,20261008064820,20261008085629,EV
2026-10-08T00:10:46.818284+00:00,EV008985,02,3,20261008090913,20261007214648,20261007224111,20261008090913,EV
2026-10-08T00:10:46.818284+00:00,EV010094,03,2,20261008090913,20261007165544,20261007213232,,EV
2026-10-08T00:10:46.818284+00:00,EV010527,01,3,20261008090914,20261008011414,20261008015427,20261008090818,EV
2026-10-08T00:10:46.818284+00:00,EV010571,03,9,20261008090916,20261007090256,20261007110646,,EV
2026-10-08T00:10:46.818284+00:00,EV010582,05,2,20261008090916,20261007182504,20261007213752,,EV
2026-10-08T00:10:46.818284+00:00,EV010584,03,2,20261008090313,20261007205805,20261008041924,,EV
2026-10-08T00:10:46.818284+00:00,EV010833,08,2,20261008090054,20261007181352,20261008012625,,EV
2026-10-08T00:10:46.818284+00:00,EV010973,02,2,20261008090512,20261007191247,20261008023314,,EV
2026-10-08T00:10:46.818284+00:00,EV011150,01,2,20261008090716,20261007203028,20261008012849,,EV
2026-10-08T00:10:46.818284+00:00,EV011531,02,2,20261008090510,20261007171845,20261007185537,,EV
2026-10-08T00:10:46.818284+00:00,EV011641,09,2,20261008090510,20261007220813,20261008055429,,EV
2026-10-08T00:10:46.818284+00:00,EV011844,03,2,20261008090510,20261001210743,20261002003156,,EV
2026-10-08T00:10:46.818284+00:00,EV012392,01,2,20261008090312,20261008071744,20261008090116,,EV
2026-10-08T00:10:46.818284+00:00,EV012501,01,2,20261008090115,20261008083355,20261008085933,,EV
2026-10-08T00:10:46.818284+00:00,EV012655,04,3,20261008090914,20261003213757,20261004002638,20261008090914,EV
2026-10-08T00:10:46.818284+00:00,EV012802,02,2,20261008090313,20261007170302,20261008015352,,EV
2026-10-08T00:10:46.818284+00:00,EV012875,03,3,20261008090513,20260922165755,20260922174325,20261008090440,EV
2026-10-08T00:10:46.818284+00:00,EV012876,03,3,20261008090312,20261004044536,20261004121726,20261008090312,EV
2026-10-08T00:10:46.818284+00:00,EV012876,04,3,20261008090312,20261007092224,20261007182933,20261008090312,EV
2026-10-08T00:10:46.818284+00:00,EV012936,02,3,20261008090310,20261002234802,20261003074158,20261008090248,EV
2026-10-08T00:10:46.818284+00:00,EV013019,01,3,20261008090312,20261007163914,20261007175006,20261008090227,EV
2026-10-08T00:10:46.818284+00:00,EV013174,01,2,20261008090716,20261006191317,20261007033714,,EV
2026-10-08T00:10:46.818284+00:00,EV013174,06,3,20261008090716,20261007085713,20261007155737,20261008090547,EV
2026-10-08T00:10:46.818284+00:00,EV013174,09,3,20261008090115,20261007085447,20261007143948,20261008090025,EV
2026-10-08T00:10:46.818284+00:00,EV013427,01,2,20261008090115,20261007190720,20261007215101,,EV
2026-10-08T00:10:46.818284+00:00,EV013433,01,2,20261008090915,20261007163604,20261007234012,,EV
2026-10-08T00:10:46.818284+00:00,EV013458,02,3,20261008090313,20261006111818,20261006192221,20261008090151,EV
2026-10-08T00:10:46.818284+00:00,EV013621,02,3,20261008090115,20261007070413,20261007145832,20261008090052,EV
2026-10-08T00:10:46.818284+00:00,EV013653,01,3,20261008090512,20261006073742,20261006133505,20261008090512,EV
2026-10-08T00:10:46.818284+00:00,EV013808,02,2,20261008090512,20261008075958,20261008090328,,EV
2026-10-08T00:10:46.818284+00:00,EV013830,05,2,20261008090112,20261007164121,20261008005805,,EV
2026-10-08T00:10:46.818284+00:00,EV013833,07,2,20261008090112,20261007170331,20261008005313,,EV
2026-10-08T00:10:46.818284+00:00,EV013900,03,2,20261008090308,20261007164531,20261008035944,,EV
2026-10-08T00:10:46.818284+00:00,EV014084,04,2,20261008090311,20261008074952,20261008084308,,EV
2026-10-08T00:10:46.818284+00:00,EV014104,03,2,20261008090714,20261007193735,20261008054118,,EV
2026-10-08T00:10:46.818284+00:00,EV014382,01,2,20261008090914,20261007183901,20261008041124,,EV
2026-10-08T00:10:46.818284+00:00,EV014495,07,3,20261008090111,20261007085644,20261007104359,20261008090049,EV
2026-10-08T00:10:46.818284+00:00,EV014639,02,2,20261008090913,20261008000055,20261008045536,,EV
2026-10-08T00:10:46.818284+00:00,EV014731,05,3,20261008090713,20261007210709,20261007210735,20261008090545,EV
2026-10-08T00:10:46.818284+00:00,EV014796,03,2,20261008090511,20261008012029,20261008050520,,EV
2026-10-08T00:10:46.818284+00:00,EV014935,03,3,20261008090914,20261007182904,20261007201403,20261008090814,EV
2026-10-08T00:10:46.818284+00:00,EV014972,07,2,20261008090110,20261007171604,20261008042237,,EV
2026-10-08T00:10:46.818284+00:00,EV015028,02,2,20261008090511,20261007203044,20261007223424,,EV
2026-10-08T00:10:46.818284+00:00,EV015150,01,2,20261008090914,20261007194011,20261008074611,,EV
2026-10-08T00:10:46.818284+00:00,EV015179,01,3,20261008090515,20261005205833,20261005205916,20261008090351,EV
2026-10-08T00:10:46.818284+00:00,EV015179,03,2,20261008090515,20261006174720,20261006230101,,EV
2026-10-08T00:10:46.818284+00:00,EV015390,02,2,20261008090514,20261007220317,20261008011058,,EV
2026-10-08T00:10:46.818284+00:00,EV015657,03,2,20261008090310,20261008001741,20261008021715,,EV
2026-10-08T00:10:46.818284+00:00,EV015766,03,3,20261008090511,20261007193645,20261007212821,20261008090511,EV
2026-10-08T00:10:46.818284+00:00,EV015852,05,2,20261008090312,20261007215609,20261008063252,,EV
2026-10-08T00:10:46.818284+00:00,EV016234,04,2,20261008090913,20261007201532,20261007225518,,EV
2026-10-08T00:10:46.818284+00:00,EV017502,01,2,20261008090514,20261007211715,20261007220714,,EV
2026-10-08T00:10:46.818284+00:00,EV017502,07,2,20261008090916,20261007190533,20261007210628,,EV
2026-10-08T00:10:46.818284+00:00,EV017508,06,2,20261008090313,20261007184248,20261008012304,,EV
2026-10-08T00:10:46.818284+00:00,EV017513,04,2,20261008090313,20261007223200,20261008090109,,EV
2026-10-08T00:10:46.818284+00:00,EV017735,01,2,20261008090914,20261008013756,20261008070801,,EV
2026-10-08T00:10:46.818284+00:00,EV017758,03,3,20261008090913,20261007190336,20261008030538,20261008090857,EV
2026-10-08T00:10:46.818284+00:00,EV017793,02,3,20261008090113,20261007100828,20261007143844,20261008090022,EV
2026-10-08T00:10:46.818284+00:00,EV017916,03,2,20261008090716,20261007185953,20261008023840,,EV
2026-10-08T00:10:46.818284+00:00,EV017919,01,2,20261008090514,20261007231229,20261008090251,,EV
2026-10-08T00:10:46.818284+00:00,EV017925,03,2,20261008090514,20261007173348,20261007221143,,EV
2026-10-08T00:10:46.818284+00:00,EV017934,03,2,20261008090916,20261007191543,20261008055231,,EV
2026-10-08T00:10:46.818284+00:00,EV017934,05,2,20261008090916,20261008002049,20261008005433,,EV
2026-10-08T00:10:46.818284+00:00,EV018067,05,3,20261008090111,20261007170948,20261007232049,20261008075406,EV
2026-10-08T00:10:46.818284+00:00,EV018389,01,2,20261008090712,20261007180421,20261008003917,,EV
2026-10-08T00:10:46.818284+00:00,EV018618,01,2,20261008090055,20261007194325,20261008020714,,EV
2026-10-08T00:10:46.818284+00:00,EV018630,04,2,20261008090915,20261007205005,20261008032519,,EV
2026-10-08T00:10:46.818284+00:00,EV018646,01,3,20261008090047,20261007195716,20261008032732,20261008081504,EV
2026-10-08T00:10:46.818284+00:00,EV018646,04,2,20261008090047,20261007235001,20261008050312,,EV
2026-10-08T00:10:46.818284+00:00,EV018847,01,3,20261008090313,20261006090138,20261006195406,20261008090313,EV
2026-10-08T00:10:46.818284+00:00,EV018848,06,3,20261008090514,20261006081824,20261006144125,20261008090356,EV
2026-10-08T00:10:46.818284+00:00,EV018912,01,2,20261008090713,20261007232845,20261008042456,,EV
2026-10-08T00:10:46.818284+00:00,EV019221,04,2,20261008090510,20261007180419,20261007233613,,EV
2026-10-08T00:10:46.818284+00:00,EV019222,05,2,20261008090309,20261008080816,20261008083941,,EV
2026-10-08T00:10:46.818284+00:00,EV019222,06,2,20261008090913,20261007192052,20261008021710,,EV
2026-10-08T00:10:46.818284+00:00,EV019249,02,2,20261008090913,20261007194659,20261008012230,,EV
2026-10-08T00:10:46.818284+00:00,EV019395,05,2,20261008090713,20261006213754,20261006213824,,EV
2026-10-08T00:10:46.818284+00:00,EV019498,03,2,20261008090714,20261007234533,20261008062055,,EV
2026-10-08T00:10:46.818284+00:00,EV019580,03,2,20261008090512,20261007195412,20261008034457,,EV
2026-10-08T00:10:46.818284+00:00,EV019594,02,2,20261008090915,20261007190550,20261008035626,,EV
2026-10-08T00:10:46.818284+00:00,EV019677,03,2,20261008090916,20261007174320,20261008033248,,EV
2026-10-08T00:10:46.818284+00:00,EV019685,01,2,20261008090312,20261007161852,20261007184236,,EV
2026-10-08T00:10:46.818284+00:00,EV019751,01,2,20261008090715,20261008022722,20261008085831,,EV
2026-10-08T00:10:46.818284+00:00,EV019838,02,2,20261008090309,20261007230915,20261008031412,,EV
2026-10-08T00:10:46.818284+00:00,EV019853,02,2,20261008090916,20261003202804,20261003225959,,EV
2026-10-08T00:10:46.818284+00:00,EV019953,03,3,20261008090916,20261007230354,20261008040931,20261008090811,EV
2026-10-08T00:10:46.818284+00:00,EV019956,01,2,20261008090115,20261007215019,20261008030750,,EV
2026-10-08T00:10:46.818284+00:00,EV020414,02,2,20261008090714,20261007192237,20261007204918,,EV
2026-10-08T00:10:46.818284+00:00,EV020430,05,2,20261008090914,20261007144739,20261008041358,,EV
2026-10-08T00:10:46.818284+00:00,EV020441,01,2,20261008090512,20261007221939,20261008005339,,EV
2026-10-08T00:10:46.818284+00:00,EV020549,02,2,20261008090313,20261007192831,20261007233843,,EV
2026-10-08T00:10:46.818284+00:00,EV020642,05,2,20261008090311,20261007202030,20261008044913,,EV
2026-10-08T00:10:46.818284+00:00,EV021009,03,2,20261008090716,20261008015536,20261008090508,,EV
2026-10-08T00:10:46.818284+00:00,GS000009,02,3,20261008090951,20261008090951,20261008084542,20261008090951,GS
2026-10-08T00:10:46.818284+00:00,GS000009,04,3,20261008090651,20261008090651,20261008074527,20261008090651,GS
2026-10-08T00:10:46.818284+00:00,GS000062,02,3,20261008090045,20261008090045,20261008065414,20261008090045,GS
2026-10-08T00:10:46.818284+00:00,HD000013,01,2,20261008091000,20261008073818,20261008081938,,HD
2026-10-08T00:10:46.818284+00:00,HD000013,02,2,20261008091000,20261007181522,20261007182654,,HD
2026-10-08T00:10:46.818284+00:00,HD000013,03,2,20261008091000,20261007201939,20261007203508,,HD
2026-10-08T00:10:46.818284+00:00,HD000013,04,2,20261008091000,20261007192907,20261007195615,,HD
2026-10-08T00:10:46.818284+00:00,HD000013,05,2,20261008091000,20261008052606,20261008060242,,HD
2026-10-08T00:10:46.818284+00:00,HD000013,06,2,20261008091000,20261008081712,20261008090932,,HD
2026-10-08T00:10:46.818284+00:00,HD000014,01,2,20261008090101,20261007145129,20261007150901,,HD
2026-10-08T00:10:46.818284+00:00,HD000014,02,2,20261008090101,20261007174111,20261007180431,,HD
2026-10-08T00:10:46.818284+00:00,HD000017,01,2,20261008091000,20261008083001,20261008083105,,HD
2026-10-08T00:10:46.818284+00:00,HD000017,02,2,20261008091000,20261007212153,20261007220545,,HD
2026-10-08T00:10:46.818284+00:00,HD000017,03,2,20261008091000,20261008083339,20261008090109,,HD
2026-10-08T00:10:46.818284+00:00,HD000023,03,2,20261008091001,20261008064335,20261008072014,,HD
2026-10-08T00:10:46.818284+00:00,HD000023,04,3,20261008091001,20261008003420,20261008003908,20261008003420,HD
2026-10-08T00:10:46.818284+00:00,HD000023,05,2,20261008091001,20261008033743,20261008042337,,HD
2026-10-08T00:10:46.818284+00:00,HD000023,06,2,20261008091001,20261008065239,20261008065345,,HD
2026-10-08T00:10:46.818284+00:00,HD000039,01,2,20261008091001,20261006033317,20261006035206,,HD
2026-10-08T00:10:46.818284+00:00,HD000039,02,2,20261008091001,20261007225613,20261007225651,,HD
2026-10-08T00:10:46.818284+00:00,HD000039,03,2,20261008091001,20261007174113,20261007180300,,HD
2026-10-08T00:10:46.818284+00:00,HD000039,04,2,20261008091001,20261008082543,20261008084546,,HD
2026-10-08T00:10:46.818284+00:00,HD000040,01,2,20261008091001,20261006191319,20261006200040,,HD
2026-10-08T00:10:46.818284+00:00,HD000040,02,2,20261008091001,20261007123149,20261007124328,,HD
2026-10-08T00:10:46.818284+00:00,HD000040,03,2,20261008091001,20261007102716,20261007105600,,HD
2026-10-08T00:10:46.818284+00:00,HD000040,04,2,20261008091001,20261007084654,20261007092036,,HD
2026-10-08T00:10:46.818284+00:00,HD000089,01,2,20261008090103,20261006143530,20261006144756,,HD
2026-10-08T00:10:46.818284+00:00,HD000089,02,2,20261008090103,20261006133416,20261006134936,,HD
2026-10-08T00:10:46.818284+00:00,HD000091,01,2,20261008090701,20261008085931,20261008090640,,HD
2026-10-08T00:10:46.818284+00:00,HE000423,01,2,20261008091001,20261003175100,20261003184400,,HE
2026-10-08T00:10:46.818284+00:00,HE000423,08,3,20261008090900,20261008090900,20261008080100,20261008090900,HE
2026-10-08T00:10:46.818284+00:00,HE000543,04,3,20261008091000,20261008091000,20261007130300,20261008091000,HE
2026-10-08T00:10:46.818284+00:00,HE001015,05,3,20261008090400,20261008090400,20261007234500,20261008090400,HE
2026-10-08T00:10:46.818284+00:00,HE001020,09,2,20261008090800,20261008085400,20261008090800,,HE
2026-10-08T00:10:46.818284+00:00,HE001047,25,3,20261008090500,20261008090500,20261008084600,20261008090500,HE
2026-10-08T00:10:46.818284+00:00,HE001047,36,3,20261008090700,20261008090700,20261007080800,20261008090700,HE
2026-10-08T00:10:46.818284+00:00,HE001048,04,3,20261008091000,20261008091000,20261008090700,20261008091000,HE
2026-10-08T00:10:46.818284+00:00,HE192590,04,2,20261008090500,20261008024200,20261008090500,,HE
2026-10-08T00:10:46.818284+00:00,HE240191,02,3,20261008090500,20261008090500,20261008085200,20261008090500,HE
2026-10-08T00:10:46.818284+00:00,HE240193,02,3,20261008091000,20261008091000,20261006130334,20261008091000,HE
2026-10-08T00:10:46.818284+00:00,HE240240,16,2,20261008090800,20261007224000,20261008090800,,HE
2026-10-08T00:10:46.818284+00:00,HE240501,01,2,20261008090400,20261007210000,20261008090400,,HE
2026-10-08T00:10:46.818284+00:00,HJ000002,12,2,20261008090400,20261008082036,20261008090338,,HJ
2026-10-08T00:10:46.818284+00:00,HM000001,09,3,20261008090600,20261007093416,20261007115546,20261008090418,HM
2026-10-08T00:10:46.818284+00:00,HM000064,05,3,20261008090800,20261007175714,20261007191838,20261008090648,HM
2026-10-08T00:10:46.818284+00:00,HM000068,07,3,20261008090400,20261007103103,20261007172957,20261008090308,HM
2026-10-08T00:10:46.818284+00:00,HM000106,02,3,20261008090602,20260930084919,20260930164944,20261008090555,HM
2026-10-08T00:10:46.818284+00:00,HM000126,03,3,20261008090202,20261007094517,20261007114834,20261008090127,HM
2026-10-08T00:10:46.818284+00:00,HM000126,07,3,20261008090202,20261006152845,20261006190412,20261008090040,HM
2026-10-08T00:10:46.818284+00:00,HM000689,15,2,20261008090810,20261008052845,20261008090609,,HM
2026-10-08T00:10:46.818284+00:00,HM001012,10,3,20261008090413,20261002083107,20261002092223,20261008090211,HM
2026-10-08T00:10:46.818284+00:00,HM001114,05,2,20261008090414,20261008070857,20261008090226,,HM
2026-10-08T00:10:46.818284+00:00,HM001237,22,3,20261008090415,20260929090809,20260929162625,20261008090415,HM
2026-10-08T00:10:46.818284+00:00,HM001251,03,3,20261008090618,20261006114057,20261006150559,20261008090520,HM
2026-10-08T00:10:46.818284+00:00,HM001251,08,3,20261008090618,20261006095237,20261006130520,20261008090517,HM
2026-10-08T00:10:46.818284+00:00,HM001251,16,2,20261008090814,20261008081310,20261008085520,,HM
2026-10-08T00:10:46.818284+00:00,HM001396,10,3,20261008090620,20261006091641,20261006112728,20261008090454,HM
2026-10-08T00:10:46.818284+00:00,HM001396,13,2,20261008090416,20261008070646,20261008090259,,HM
2026-10-08T00:10:46.818284+00:00,HM110020,05,2,20261008090228,20261008071801,20261008090104,,HM
2026-10-08T00:10:46.818284+00:00,HM110116,07,3,20261008090054,20261006082839,20261006112040,20261008085914,HM
2026-10-08T00:10:46.818284+00:00,HM110116,26,3,20261008090820,20261006135202,20261006165703,20261008090747,HM
2026-10-08T00:10:46.818284+00:00,HM110157,05,3,20261008090422,20261007100956,20261007111816,20261008090337,HM
2026-10-08T00:10:46.818284+00:00,HM110158,10,2,20261008090229,20261008080124,20261008090031,,HM
2026-10-08T00:10:46.818284+00:00,HM110158,13,2,20261008090422,20261008081722,20261008090322,,HM
2026-10-08T00:10:46.818284+00:00,HM110190,01,2,20261008090056,20261008060843,20261008085948,,HM
2026-10-08T00:10:46.818284+00:00,HM110219,07,3,20261008090423,20261007084039,20261007123821,20261008090233,HM
2026-10-08T00:10:46.818284+00:00,HM110233,03,3,20261008090423,20261007170832,20261007212958,20261008090215,HM
2026-10-08T00:10:46.818284+00:00,HM110241,02,3,20261008090059,20261007090622,20261007111541,20261008085823,HM
2026-10-08T00:10:46.818284+00:00,HM110243,01,3,20261008090822,20261007165607,20261007204203,20261008090703,HM
2026-10-08T00:10:46.818284+00:00,HM110255,03,3,20261008090423,20261007101316,20261007115959,20261008090358,HM
2026-10-08T00:10:46.818284+00:00,HM110377,16,2,20261008090232,20261007195258,20261007224720,,HM
2026-10-08T00:10:46.818284+00:00,HP260001,01,2,20261008090955,20261008042712,20261008090955,,HP
2026-10-08T00:10:46.818284+00:00,HU200015,01,2,20261008091008,20261008075533,20261008090821,,HU
2026-10-08T00:10:46.818284+00:00,HU200048,10,2,20261008090112,20261008063515,20261008085744,,HU
2026-10-08T00:10:46.818284+00:00,HU200063,01,3,20261008090547,20261007224552,20261008005412,20261008090224,HU
2026-10-08T00:10:46.818284+00:00,HY000003,03,2,20261008091001,20260709154228,20260820145526,,HY
2026-10-08T00:10:46.818284+00:00,HY000003,04,2,20261008091001,20261008050245,20261008050245,,HY
2026-10-08T00:10:46.818284+00:00,HY000019,02,2,20261008091002,20261002101740,20261004115332,,HY
2026-10-08T00:10:46.818284+00:00,HY000019,03,3,20261008091002,20261008063707,20261008063647,20261008063707,HY
2026-10-08T00:10:46.818284+00:00,HY000019,05,2,20261008091002,20261007155035,20261008063250,,HY
2026-10-08T00:10:46.818284+00:00,HY000019,08,2,20261008091002,20261007142359,20261008063021,,HY
2026-10-08T00:10:46.818284+00:00,HY000019,09,2,20261008091002,20261007142042,20261008063143,,HY
2026-10-08T00:10:46.818284+00:00,HY000019,11,2,20261008091002,20261007063918,20261007143022,,HY
2026-10-08T00:10:46.818284+00:00,HY000109,06,3,20261008090602,20261008090508,20261007115459,20261008090508,HY
2026-10-08T00:10:46.818284+00:00,HY000606,01,3,20261008090306,20261008090219,20261008025342,20261008090219,HY
2026-10-08T00:10:46.818284+00:00,HY000606,25,2,20261008090706,20261008090653,20261007172019,,HY
2026-10-08T00:10:46.818284+00:00,HY000606,26,3,20261008090706,20261008090658,20261008090658,20261008090658,HY
2026-10-08T00:10:46.818284+00:00,HY000629,03,2,20261008091007,20261007201323,20261008090905,,HY
2026-10-08T00:10:46.818284+00:00,HY000826,02,2,20261008090705,20261008065036,20261008090607,,HY
2026-10-08T00:10:46.818284+00:00,HY000841,01,2,20261008090605,20261007230918,20261008090551,,HY
2026-10-08T00:10:46.818284+00:00,HY000842,04,3,20261008090304,20261008090215,20261007104701,20261008090215,HY
2026-10-08T00:10:46.818284+00:00,HY001053,01,2,20261008090104,20261007172408,20261008090045,,HY
2026-10-08T00:10:46.818284+00:00,HY001091,09,2,20261008090404,20261007182709,20261008090353,,HY
2026-10-08T00:10:46.818284+00:00,HY001159,01,2,20261008090207,20261007235440,20261008090111,,HY
2026-10-08T00:10:46.818284+00:00,HY001272,03,2,20261008091004,20261007212947,20261008005555,,HY
2026-10-08T00:10:46.818284+00:00,HY001291,08,3,20261008090804,20261008090740,20261008053949,20261008090740,HY
2026-10-08T00:10:46.818284+00:00,HY001383,21,2,20261008090505,20261007200605,20261008033015,,HY
2026-10-08T00:10:46.818284+00:00,HY001552,05,2,20261008090705,20261007183542,20261008090619,,HY
2026-10-08T00:10:46.818284+00:00,HY001553,05,3,20261008090806,20261008090709,20261008065118,20261008090709,HY
2026-10-08T00:10:46.818284+00:00,HY001574,01,3,20261008090106,20261008090039,20261008081007,20261008090039,HY
2026-10-08T00:10:46.818284+00:00,HY001722,02,3,20261008090106,20261008090051,20261007050248,20261008090051,HY
2026-10-08T00:10:46.818284+00:00,HY001809,02,2,20261008090706,20261007220223,20261008090609,,HY
2026-10-08T00:10:46.818284+00:00,IM000317,03,3,20261008090339,20261008090045,20261003140651,20261008090339,IM
2026-10-08T00:10:46.818284+00:00,JA110026,07,3,20261008090700,20261008090700,20261007221001,20261008090700,JA
2026-10-08T00:10:46.818284+00:00,JA110026,21,3,20261008091000,20261008091000,20261007213501,20261008091000,JA
2026-10-08T00:10:46.818284+00:00,JA110029,10,3,20261008090702,20261008090702,20261007222003,20261008090702,JA
2026-10-08T00:10:46.818284+00:00,JA110031,38,3,20261008091003,20261008091003,20261007165603,20261008091003,JA
2026-10-08T00:10:46.818284+00:00,JA110036,03,3,20261008090703,20261008090703,20261008065602,20261008090703,JA
2026-10-08T00:10:46.818284+00:00,JA110053,11,3,20261008090706,20261008090706,20261005190707,20261008090706,JA
2026-10-08T00:10:46.818284+00:00,JA110103,01,3,20261008091008,20261008091008,20261007181009,20261008091008,JA
2026-10-08T00:10:46.818284+00:00,JA110103,04,3,20261008090708,20261008090708,20261007182808,20261008090708,JA
2026-10-08T00:10:46.818284+00:00,JA110108,01,3,20261008090709,20261008090709,20261007101408,20261008090709,JA
2026-10-08T00:10:46.818284+00:00,JA110114,02,3,20261008090709,20261008090709,20261007151409,20261008090709,JA
2026-10-08T00:10:46.818284+00:00,JA110125,01,3,20261008091010,20261008091010,20261007212811,20261008091010,JA
2026-10-08T00:10:46.818284+00:00,JA110125,02,2,20261008090710,20261008075011,20261008090710,,JA
2026-10-08T00:10:46.818284+00:00,JA110128,01,3,20261008091010,20261008091010,20261007224911,20261008091010,JA
2026-10-08T00:10:46.818284+00:00,JA110138,02,2,20261008090711,20261007221412,20261008090711,,JA
2026-10-08T00:10:46.818284+00:00,JA110152,05,3,20261008090047,20261008090047,20261003194016,20261008090047,JA
2026-10-08T00:10:46.818284+00:00,JA110157,01,3,20261008090050,20261008090050,20261008043512,20261008090050,JA
2026-10-08T00:10:46.818284+00:00,JA110172,04,2,20261008090715,20261008082016,20261008090715,,JA
2026-10-08T00:10:46.818284+00:00,JA110175,06,3,20261008090715,20261008090715,20261008072016,20261008090715,JA
2026-10-08T00:10:46.818284+00:00,JA110197,07,2,20261008090718,20261008084221,20261008090718,,JA
2026-10-08T00:10:46.818284+00:00,JA110197,08,2,20261008090718,20261008083520,20261008090718,,JA
2026-10-08T00:10:46.818284+00:00,JA110197,09,3,20261008090718,20261008090718,20261008084221,20261008090718,JA
2026-10-08T00:10:46.818284+00:00,JA110197,12,3,20261008090718,20261008090718,20261007212820,20261008090718,JA
2026-10-08T00:10:46.818284+00:00,JA110198,05,2,20261008090718,20261008084023,20261008090718,,JA
2026-10-08T00:10:46.818284+00:00,JA110200,01,3,20261008090718,20261008090718,20261008012023,20261008090718,JA
2026-10-08T00:10:46.818284+00:00,JA110200,02,3,20261008090718,20261008090718,20261007094923,20261008090718,JA
2026-10-08T00:10:46.818284+00:00,JA110203,01,3,20261008090718,20261008090718,20261007214919,20261008090718,JA
2026-10-08T00:10:46.818284+00:00,JA110203,04,2,20261008090718,20261008084920,20261008090718,,JA
2026-10-08T00:10:46.818284+00:00,JA110203,05,3,20261008090718,20261008090718,20261008084920,20261008090718,JA
2026-10-08T00:10:46.818284+00:00,JA110203,10,2,20261008090718,20261008071419,20261008090718,,JA
2026-10-08T00:10:46.818284+00:00,JA110203,11,2,20261008090718,20261008084920,20261008090718,,JA
2026-10-08T00:10:46.818284+00:00,JA110203,21,3,20261008090718,20261008090718,20261008074917,20261008090718,JA
2026-10-08T00:10:46.818284+00:00,JA110203,25,3,20261008090718,20261008090718,20261008084920,20261008090718,JA
2026-10-08T00:10:46.818284+00:00,JA110203,30,2,20261008090718,20261008084920,20261008090718,,JA
2026-10-08T00:10:46.818284+00:00,JA110210,09,2,20261008090718,20261008085619,20261008090718,,JA
2026-10-08T00:10:46.818284+00:00,JA110210,15,2,20261008090718,20261008073517,20261008090718,,JA
2026-10-08T00:10:46.818284+00:00,JA110210,17,3,20261008090718,20261008090718,20261008085619,20261008090718,JA
2026-10-08T00:10:46.818284+00:00,JA110210,18,2,20261008090718,20261008070720,20261008090718,,JA
2026-10-08T00:10:46.818284+00:00,JA110210,22,2,20261008090718,20261008084920,20261008090718,,JA
2026-10-08T00:10:46.818284+00:00,KE000643,01,3,20261008090800,20261008090729,20261002163023,20261008090729,KE
2026-10-08T00:10:46.818284+00:00,KE000869,06,2,20261008090700,20261007204956,20261008090640,,KE
2026-10-08T00:10:46.818284+00:00,KE000934,01,2,20261008090859,20261008080611,20261008090845,,KE
2026-10-08T00:10:46.818284+00:00,KE000953,01,3,20261008090459,20261008090444,20261006153752,20261008090444,KE
2026-10-08T00:10:46.818284+00:00,KE000962,01,3,20261008090859,20261008090813,20261007171035,20261008090813,KE
2026-10-08T00:10:46.818284+00:00,KE001174,01,9,20261008090810,20261008055212,20261007213102,20261008055212,KE
2026-10-08T00:10:46.818284+00:00,KE001199,03,2,20261008090202,20261007182500,20261007233618,,KE
2026-10-08T00:10:46.818284+00:00,KE001249,02,2,20261008090959,20261007150706,20261007152442,,KE
2026-10-08T00:10:46.818284+00:00,KE001313,01,3,20261008090500,20261008090407,20261002204430,20261008090407,KE
2026-10-08T00:10:46.818284+00:00,KE001322,01,3,20261008090759,20261008090743,20261007235740,20261008090743,KE
2026-10-08T00:10:46.818284+00:00,KE001340,01,3,20261008090101,20261008090023,20261007144209,20261008090023,KE
2026-10-08T00:10:46.818284+00:00,KL001785,03,3,20261008090801,20261008071757,20261008090310,,KL
2026-10-08T00:10:46.818284+00:00,KL001841,01,2,20261008090601,20261008081902,20261008090539,,KL
2026-10-08T00:10:46.818284+00:00,KL001860,01,2,20261008090601,20261008081733,20261008090559,,KL
2026-10-08T00:10:46.818284+00:00,KL001860,02,3,20261008090501,20261008090501,20260930103231,20261008090138,KL
2026-10-08T00:10:46.818284+00:00,KL001922,02,2,20261008090702,20261008084146,20261008090155,,KL
2026-10-08T00:10:46.818284+00:00,KL002008,02,3,20261008090302,20261008090302,20261007234700,20261008090216,KL
2026-10-08T00:10:46.818284+00:00,KL002128,01,1,20261008090501,20261007194537,20261008050131,,KL
2026-10-08T00:10:46.818284+00:00,KL002138,04,3,20261008090702,20261008043321,20261008090334,,KL
2026-10-08T00:10:46.818284+00:00,KL002189,05,2,20261008090501,20261007010646,20261007092653,,KL
2026-10-08T00:10:46.818284+00:00,KL002209,03,2,20261008090901,20261008073826,20261008090845,,KL
2026-10-08T00:10:46.818284+00:00,KL002790,99,3,20261008090702,20261007235405,20261008090558,,KL
2026-10-08T00:10:46.818284+00:00,KL200242,50,2,20261008090152,20261007221444,20261008090151,,KL
2026-10-08T00:10:46.818284+00:00,KL200305,64,3,20261008090644,20261008090644,20261008085707,20261008043504,KL
2026-10-08T00:10:46.818284+00:00,KP000337,01,3,20261008090054,20261007204518,20261007210646,20261008085548,KP
2026-10-08T00:10:46.818284+00:00,KP000393,04,3,20261008090055,20261007202120,20261007202426,20261008085356,KP
2026-10-08T00:10:46.818284+00:00,KP000583,03,3,20261008091004,20261007063116,20261007063355,20261008090116,KP
2026-10-08T00:10:46.818284+00:00,KP000700,02,3,20261008091005,20261006200343,20261007010501,20261008090202,KP
2026-10-08T00:10:46.818284+00:00,KP001814,02,3,20261008091006,20261007090442,20261007102449,20261008090206,KP
2026-10-08T00:10:46.818284+00:00,KP002355,01,3,20261008091005,20261007174821,20261007175704,20261008090503,KP
2026-10-08T00:10:46.818284+00:00,KP003286,02,3,20261008090056,20261007192309,20261008083516,20261008085646,KP
2026-10-08T00:10:46.818284+00:00,KP004154,02,3,20261008091004,20261008021358,20261008030505,20261008090436,KP
2026-10-08T00:10:46.818284+00:00,KP005060,02,3,20261008090053,20261006073635,20261006083658,20261008085346,KP
2026-10-08T00:10:46.818284+00:00,KP005639,01,3,20261008090055,20261008045612,20261008055358,20261008085107,KP
2026-10-08T00:10:46.818284+00:00,KP008084,14,3,20261008091007,20261008060328,20261008064732,20261008090046,KP
2026-10-08T00:10:46.818284+00:00,KRC10015,04,3,20261008091004,20261008001010,20261008001010,20261008091004,KR
2026-10-08T00:10:46.818284+00:00,LI000089,01,2,20261008090925,20261008090724,20261008090925,,LI
2026-10-08T00:10:46.818284+00:00,LI000089,02,3,20261008090709,20261008090709,20261008084600,20261008090709,LI
2026-10-08T00:10:46.818284+00:00,LI000358,01,3,20261008090914,20261008090914,20261008084901,20261008090914,LI
2026-10-08T00:10:46.818284+00:00,LI000358,02,3,20261008090353,20261008090353,20261008080907,20261008090353,LI
2026-10-08T00:10:46.818284+00:00,LI000358,03,3,20261008090438,20261008090438,20261008090113,20261008090438,LI
2026-10-08T00:10:46.818284+00:00,LU000177,06,3,20261008090451,20261008090500,20261007141335,20261007083842,LU
2026-10-08T00:10:46.818284+00:00,LU000230,07,2,20261008090137,20261007200821,20261008002703,,LU
2026-10-08T00:10:46.818284+00:00,LU000390,02,2,20261008090852,20261007223813,20261008085024,,LU
2026-10-08T00:10:46.818284+00:00,LU000639,02,3,20261008090058,20261008090105,20261007104605,20261007085830,LU
2026-10-08T00:10:46.818284+00:00,LU000798,10,2,20261008090311,20261008075112,20261008090311,,LU
2026-10-08T00:10:46.818284+00:00,LU000846,13,3,20261008090251,20261008041356,20261008090249,20261008041356,LU
2026-10-08T00:10:46.818284+00:00,LU000846,15,2,20261008090555,20261007211016,20261008060527,,LU
2026-10-08T00:10:46.818284+00:00,LU001058,04,3,20261008090813,20261008081615,20261008090811,20261008081615,LU
2026-10-08T00:10:46.818284+00:00,LU001456,07,3,20261008090202,20261008082953,20261008090200,20261008082953,LU
2026-10-08T00:10:46.818284+00:00,LU001535,02,2,20261008090347,20261007223357,20261008004012,,LU
2026-10-08T00:10:46.818284+00:00,LU001597,04,2,20261008090105,20261008031441,20261008090100,,LU
2026-10-08T00:10:46.818284+00:00,LU001654,03,3,20261008090235,20261008081521,20261008090234,20261008081521,LU
2026-10-08T00:10:46.818284+00:00,LU001719,01,3,20261008090217,20261008090221,20260722034725,20261008090217,LU
2026-10-08T00:10:46.818284+00:00,LU001719,04,3,20261008090413,20261008090425,20261007114013,20261007091327,LU
2026-10-08T00:10:46.818284+00:00,LU001732,50,2,20261008090149,20261007174522,20261008033652,,LU
2026-10-08T00:10:46.818284+00:00,LU001841,01,3,20261008090714,20261008090719,20261007054150,20261006212816,LU
2026-10-08T00:10:46.818284+00:00,LU001842,02,3,20261008090316,20261008090316,20261008032752,20261008090316,LU
2026-10-08T00:10:46.818284+00:00,LU001982,02,3,20261008090732,20261008090805,20261007173502,20261007083446,LU
2026-10-08T00:10:46.818284+00:00,LU001988,09,3,20261008090858,20261008090900,20261007193144,20261007091712,LU
2026-10-08T00:10:46.818284+00:00,LU001993,03,3,20261008090236,20261008090243,20261001122656,20261008090236,LU
2026-10-08T00:10:46.818284+00:00,LU002024,10,3,20261008090652,20261008090656,20261008090445,20261008065349,LU
2026-10-08T00:10:46.818284+00:00,LU002166,06,3,20261008090427,20261008065329,20261008090425,20261008065329,LU
2026-10-08T00:10:46.818284+00:00,LU002166,37,3,20261008090450,20261008090459,20261007191254,20261007170424,LU
2026-10-08T00:10:46.818284+00:00,LU002166,39,3,20261008090156,20261008090210,20261008070957,20261008060542,LU
2026-10-08T00:10:46.818284+00:00,LU002295,29,3,20261008090418,20261008090427,20261007124202,20261007120150,LU
2026-10-08T00:10:46.818284+00:00,LU002331,05,2,20261008090722,20261007215707,20261008090308,,LU
2026-10-08T00:10:46.818284+00:00,LU002411,01,3,20261008090518,20261008031410,20261008090516,20261008031410,LU
2026-10-08T00:10:46.818284+00:00,LU002555,06,2,20261008090307,20261008000324,20261008034932,,LU
2026-10-08T00:10:46.818284+00:00,LU002599,02,2,20261008090543,20261008002426,20261008013659,,LU
2026-10-08T00:10:46.818284+00:00,LU002796,05,3,20261008090548,20261008075845,20261008090547,20261008075845,LU
2026-10-08T00:10:46.818284+00:00,LU002806,04,2,20261008090938,20261007183619,20261008030817,,LU
2026-10-08T00:10:46.818284+00:00,LU002979,20,3,20261008090853,20261007223616,20261008090851,20261007223616,LU
2026-10-08T00:10:46.818284+00:00,LU003030,04,2,20261008090818,20261007234559,20261008005429,,LU
2026-10-08T00:10:46.818284+00:00,LU003085,08,2,20261008090432,20261007173853,20261008020155,,LU
2026-10-08T00:10:46.818284+00:00,LU003556,05,3,20261008090926,20261008002808,20261008090925,20261008002808,LU
2026-10-08T00:10:46.818284+00:00,LU003775,01,2,20261008090532,20261007174407,20261008010224,,LU
2026-10-08T00:10:46.818284+00:00,LU003775,09,3,20261008090502,20261007235429,20261008090501,20261007235429,LU
2026-10-08T00:10:46.818284+00:00,LU003820,04,2,20261008090712,20261007220015,20261008041933,,LU
2026-10-08T00:10:46.818284+00:00,LU003835,19,2,20261008090521,20261007184946,20261008022406,,LU
2026-10-08T00:10:46.818284+00:00,LU003943,01,3,20261008090401,20261008090403,20261008024117,20261007231633,LU
2026-10-08T00:10:46.818284+00:00,LU003973,01,3,20261008090053,20261008090108,20261007050711,20261006192714,LU
2026-10-08T00:10:46.818284+00:00,LU003979,04,2,20261008090718,20261007194118,20261008004427,,LU
2026-10-08T00:10:46.818284+00:00,LU003979,07,2,20261008090429,20261007194504,20261007234831,,LU
2026-10-08T00:10:46.818284+00:00,LU004023,08,2,20261008090444,20261007222205,20261008062331,,LU
2026-10-08T00:10:46.818284+00:00,LU004040,05,3,20261008090251,20261008090256,20261002111145,20261008090251,LU
2026-10-08T00:10:46.818284+00:00,LU004041,02,3,20261008090941,20261008090958,20261008004724,20261007214558,LU
2026-10-08T00:10:46.818284+00:00,LU004070,10,2,20261008090717,20261007202817,20261008011211,,LU
2026-10-08T00:10:46.818284+00:00,LU004119,03,3,20261008090521,20261008090550,20261008023821,20261007195657,LU
2026-10-08T00:10:46.818284+00:00,LU004169,03,3,20261008090554,20261008090558,20261006115848,20261006102837,LU
2026-10-08T00:10:46.818284+00:00,LU004210,03,2,20261008090347,20261007173100,20261007210057,,LU
2026-10-08T00:10:46.818284+00:00,LU004306,03,2,20261008090618,20261007161805,20261007205118,,LU
2026-10-08T00:10:46.818284+00:00,LU100031,07,2,20261008090425,20261008070703,20261008075831,,LU
2026-10-08T00:10:46.818284+00:00,LU100248,23,2,20261008090910,20261007235143,20261008032518,,LU
2026-10-08T00:10:46.818284+00:00,LU100362,01,2,20261008090225,20261007183131,20261008054550,,LU
2026-10-08T00:10:46.818284+00:00,LU100368,22,2,20261008090050,20261007155734,20261008023326,,LU
2026-10-08T00:10:46.818284+00:00,LU100368,59,2,20261008090128,20261007200950,20261008010013,,LU
2026-10-08T00:10:46.818284+00:00,LU100474,24,2,20261008090640,20261007231957,20261008090614,,LU
2026-10-08T00:10:46.818284+00:00,LU100474,42,2,20261008090946,20261007173552,20261008020513,,LU
2026-10-08T00:10:46.818284+00:00,LU100688,07,2,20261008090638,20261007192217,20261007203312,,LU
2026-10-08T00:10:46.818284+00:00,LU100767,09,2,20261008090552,20261007140109,20261007222820,,LU
2026-10-08T00:10:46.818284+00:00,LU100858,03,3,20261008090800,20261008090805,20261007180154,20261007170346,LU
2026-10-08T00:10:46.818284+00:00,LU100917,02,2,20261008090349,20261007083325,20261007215950,,LU
2026-10-08T00:10:46.818284+00:00,LU101062,01,2,20261008090221,20261007184656,20261007215755,,LU
2026-10-08T00:10:46.818284+00:00,LU101144,10,2,20261008090630,20260930165445,20261001014055,,LU
2026-10-08T00:10:46.818284+00:00,LU101445,27,2,20261008090345,20261007202808,20261008090336,,LU
2026-10-08T00:10:46.818284+00:00,LU101450,09,3,20261008090955,20261007193528,20261008053349,20261007193528,LU
2026-10-08T00:10:46.818284+00:00,LU101451,11,3,20261008090236,20261008090305,20261006000405,20261005185556,LU
2026-10-08T00:10:46.818284+00:00,LU101504,03,2,20261008090100,20261008084521,20261008090034,,LU
2026-10-08T00:10:46.818284+00:00,LU101528,11,3,20261008090742,20261008081426,20261008090742,20261008081426,LU
2026-10-08T00:10:46.818284+00:00,LU101573,30,3,20261008090701,20261008090718,20261003010601,20261008090701,LU
2026-10-08T00:10:46.818284+00:00,LU101573,38,3,20261008090943,20261006213341,20261006223151,20261006213341,LU
2026-10-08T00:10:46.818284+00:00,LU101598,02,2,20261008090154,20261007220451,20261007234437,,LU
2026-10-08T00:10:46.818284+00:00,LU101661,06,3,20261008091000,20261006102336,20261006113108,20261006102336,LU
2026-10-08T00:10:46.818284+00:00,LU101683,87,2,20261008090705,20261007232409,20261008090703,,LU
2026-10-08T00:10:46.818284+00:00,LU101683,88,2,20261008090908,20261007205144,20261008021046,,LU
2026-10-08T00:10:46.818284+00:00,LU101683,91,2,20261008090112,20261007195930,20261008055219,,LU
2026-10-08T00:10:46.818284+00:00,LU101686,25,3,20261008091005,20261007191918,20261008023300,20261007191918,LU
2026-10-08T00:10:46.818284+00:00,LU101686,51,2,20261008090626,20261008000519,20261008045244,,LU
2026-10-08T00:10:46.818284+00:00,LU101706,24,3,20261008090920,20261008090930,20261007074604,20261006215109,LU
2026-10-08T00:10:46.818284+00:00,LU101758,05,2,20261008090123,20261008071351,20261008075936,,LU
2026-10-08T00:10:46.818284+00:00,MO116803,01,2,20261008091009,20261008072800,20261008072809,,MO
2026-10-08T00:10:46.818284+00:00,NS850121,01,5,20261008090046,20261002051018,20261002061020,,NS
2026-10-08T00:10:46.818284+00:00,NS850121,11,3,20261008090948,20261008090948,20261007061003,20261008083948,NS
2026-10-08T00:10:46.818284+00:00,NS850127,01,3,20261008090609,20261007091008,20261007071006,20261008090609,NS
2026-10-08T00:10:46.818284+00:00,NS850160,01,2,20261008090547,20260928010946,20260928030941,,NS
2026-10-08T00:10:46.818284+00:00,NS850160,11,2,20261008090547,20261007091038,20261007011027,,NS
2026-10-08T00:10:46.818284+00:00,NT100032,06,2,20261008090450,20261007224050,20261008090450,,NT
2026-10-08T00:10:46.818284+00:00,NT100056,18,2,20261008090950,20261007173550,20261008090950,,NT
2026-10-08T00:10:46.818284+00:00,NT100060,02,2,20261008090650,20261008081350,20261008090650,,NT
2026-10-08T00:10:46.818284+00:00,NT100120,04,2,20261008090450,20261008034050,20261008090450,,NT
2026-10-08T00:10:46.818284+00:00,NT100133,12,2,20261008090850,20261007234750,20261008090850,,NT
2026-10-08T00:10:46.818284+00:00,NT100151,03,2,20261008090850,20261008015350,20261008090850,,NT
2026-10-08T00:10:46.818284+00:00,NT100420,06,3,20261008090850,20261008090850,20261007221150,20261008090850,NT
2026-10-08T00:10:46.818284+00:00,NT100434,01,3,20261008090050,20261008090050,20261008083050,20261008090050,NT
2026-10-08T00:10:46.818284+00:00,NT100489,07,9,20261008090850,20261008014750,20261008090850,,NT
2026-10-08T00:10:46.818284+00:00,NT101182,04,2,20261008090150,20261007172450,20261008090150,,NT
2026-10-08T00:10:46.818284+00:00,NT101235,02,2,20261008090350,20261007180050,20261008090350,,NT
2026-10-08T00:10:46.818284+00:00,NT101342,04,3,20261008090850,20261008090850,20261008090750,20261008090850,NT
2026-10-08T00:10:46.818284+00:00,NT101360,03,2,20261008090850,20261007235050,20261008090850,,NT
2026-10-08T00:10:46.818284+00:00,NT101376,23,3,20261008090650,20261008090650,20261008083550,20261008090650,NT
2026-10-08T00:10:46.818284+00:00,NT101458,04,9,20261008090250,20261007134250,20261008045150,,NT
2026-10-08T00:10:46.818284+00:00,NT101505,03,3,20261008090050,20261008090050,20261007135350,20261008090050,NT
2026-10-08T00:10:46.818284+00:00,NT101519,04,2,20261008090850,20261008081450,20261008090850,,NT
2026-10-08T00:10:46.818284+00:00,NT101527,04,9,20261008090650,20261006004650,20261007160350,,NT
2026-10-08T00:10:46.818284+00:00,NT101527,05,9,20261008090650,20261005193550,20261006072450,,NT
2026-10-08T00:10:46.818284+00:00,NT101545,10,3,20261008090550,20261008090550,20261002185250,20261008090550,NT
2026-10-08T00:10:46.818284+00:00,NT101571,06,3,20261008090050,20261008090050,20261007231750,20261008090050,NT
2026-10-08T00:10:46.818284+00:00,NT101581,02,3,20261008090550,20261008090550,20261002143950,20261008090550,NT
2026-10-08T00:10:46.818284+00:00,NT101594,32,9,20261008090750,20261007184250,20261007203250,,NT
2026-10-08T00:10:46.818284+00:00,NT101629,03,9,20261008090310,20261007085950,20261008005050,,NT
2026-10-08T00:10:46.818284+00:00,NT101634,01,3,20261008090950,20261008090950,20261008020850,20261008090950,NT
2026-10-08T00:10:46.818284+00:00,NT101669,17,2,20261008090850,20261007184350,20261008090850,,NT
2026-10-08T00:10:46.818284+00:00,NT101692,09,2,20261008090450,20261007195050,20261008090450,,NT
2026-10-08T00:10:46.818284+00:00,NT101743,03,3,20261008090750,20261008090750,20261007175650,20261008090750,NT
2026-10-08T00:10:46.818284+00:00,NT101833,82,2,20261008090950,20261007201850,20261008090950,,NT
2026-10-08T00:10:46.818284+00:00,NT101896,15,3,20261008090250,20261008090250,20261007190850,20261008090250,NT
2026-10-08T00:10:46.818284+00:00,NT101913,01,2,20261008090150,20261007194050,20261008090150,,NT
2026-10-08T00:10:46.818284+00:00,NT101945,08,2,20261008090350,20261008065450,20261008090350,,NT
2026-10-08T00:10:46.818284+00:00,NT101945,10,2,20261008090150,20261008010750,20261008090150,,NT
2026-10-08T00:10:46.818284+00:00,NT101945,17,2,20261008090050,20261007181550,20261008090050,,NT
2026-10-08T00:10:46.818284+00:00,NT101998,01,2,20261008090850,20261007174850,20261008090850,,NT
2026-10-08T00:10:46.818284+00:00,NT102122,06,3,20261008090150,20261008090150,20261008041050,20261008090150,NT
2026-10-08T00:10:46.818284+00:00,NT102131,06,2,20261008090050,20261007173450,20261008090050,,NT
2026-10-08T00:10:46.818284+00:00,NT102133,09,2,20261008090850,20261008015050,20261008090850,,NT
2026-10-08T00:10:46.818284+00:00,NT102150,04,2,20261008090250,20261008041150,20261008090250,,NT
2026-10-08T00:10:46.818284+00:00,NT102153,61,2,20261008090250,20261007175450,20261008090250,,NT
2026-10-08T00:10:46.818284+00:00,NT102163,07,3,20261008090750,20261008090750,20261008085250,20261008090750,NT
2026-10-08T00:10:46.818284+00:00,NT102182,12,2,20261008090250,20261008024250,20261008090250,,NT
2026-10-08T00:10:46.818284+00:00,NT102186,01,9,20261008090650,20261008032650,20261008090650,,NT
2026-10-08T00:10:46.818284+00:00,NT102252,01,2,20261008090250,20261007182050,20261008090250,,NT
2026-10-08T00:10:46.818284+00:00,NT102257,12,2,20261008090150,20261008013050,20261008090150,,NT
2026-10-08T00:10:46.818284+00:00,NT102319,05,9,20261008090350,20261008025050,20261008090350,,NT
2026-10-08T00:10:46.818284+00:00,NT102328,15,3,20261008090750,20261008090750,20261007163650,20261008090750,NT
2026-10-08T00:10:46.818284+00:00,NT102328,19,3,20261008090350,20261008090350,20261007193950,20261008090350,NT
2026-10-08T00:10:46.818284+00:00,NT102328,23,3,20261008090350,20261008090350,20261006130150,20261008090350,NT
2026-10-08T00:10:46.818284+00:00,NT102353,10,2,20261008090550,20261007181550,20261008090550,,NT
2026-10-08T00:10:46.818284+00:00,NT102374,08,2,20261008090750,20261007215350,20261008090750,,NT
2026-10-08T00:10:46.818284+00:00,NT102378,06,3,20261008090950,20261008090950,20261008085450,20261008090950,NT
2026-10-08T00:10:46.818284+00:00,NT102423,03,3,20261008090750,20261008090750,20261007073950,20261008090750,NT
2026-10-08T00:10:46.818284+00:00,NT102430,11,3,20261008090850,20261008090850,20261006092850,20261008090850,NT
2026-10-08T00:10:46.818284+00:00,NT102445,08,3,20261008090250,20261008090250,20261007011850,20261008090250,NT
2026-10-08T00:10:46.818284+00:00,NT102489,11,2,20261008090750,20261008020550,20261008090750,,NT
2026-10-08T00:10:46.818284+00:00,NT102502,07,2,20261008090250,20261008004350,20261008090250,,NT
2026-10-08T00:10:46.818284+00:00,NT102513,12,3,20261008090050,20261008090050,20261007045850,20261008090050,NT
2026-10-08T00:10:46.818284+00:00,NT102514,10,3,20261008090350,20261008090350,20261008055950,20261008090350,NT
2026-10-08T00:10:46.818284+00:00,NT102514,15,2,20261008090850,20261008040850,20261008090850,,NT
2026-10-08T00:10:46.818284+00:00,NT102535,01,2,20261008090850,20261008081550,20261008090850,,NT
2026-10-08T00:10:46.818284+00:00,NT102536,03,9,20261008090050,20261008025450,20261008090050,,NT
2026-10-08T00:10:46.818284+00:00,NT102546,02,3,20261008090750,20261008090750,20261007091850,20261008090750,NT
2026-10-08T00:10:46.818284+00:00,NT102575,01,2,20261008090950,20261008033450,20261008090950,,NT
2026-10-08T00:10:46.818284+00:00,NT102578,11,2,20261008090750,20261007221850,20261008090750,,NT
2026-10-08T00:10:46.818284+00:00,NT102614,22,3,20261008090350,20261008090350,20261008074450,20261008090350,NT
2026-10-08T00:10:46.818284+00:00,NT102732,04,2,20261008090650,20261007201950,20261008090650,,NT
2026-10-08T00:10:46.818284+00:00,NT102732,05,2,20261008090450,20261007183650,20261008090450,,NT
2026-10-08T00:10:46.818284+00:00,NT102763,40,2,20261008090150,20261007195850,20261008090150,,NT
2026-10-08T00:10:46.818284+00:00,NT102765,06,2,20261008090550,20261007205050,20261008090550,,NT
2026-10-08T00:10:46.818284+00:00,NT102765,38,3,20261008090550,20261008090550,20261008074450,20261008090550,NT
2026-10-08T00:10:46.818284+00:00,NT102790,11,2,20261008090250,20261007213750,20261008090250,,NT
2026-10-08T00:10:46.818284+00:00,NT102798,07,2,20261008090350,20261007185550,20261008090350,,NT
2026-10-08T00:10:46.818284+00:00,NT102799,23,2,20261008090050,20261007192050,20261008090050,,NT
2026-10-08T00:10:46.818284+00:00,NT102858,02,2,20261008090450,20261007201250,20261008090450,,NT
2026-10-08T00:10:46.818284+00:00,NT102886,77,2,20261008090850,20261007213950,20261008090850,,NT
2026-10-08T00:10:46.818284+00:00,NT102907,01,3,20261008090050,20261008090050,20261007180750,20261008090050,NT
2026-10-08T00:10:46.818284+00:00,PA110010,05,2,20261008090910,20261008090909,20261008090910,,PA
2026-10-08T00:10:46.818284+00:00,PC000110,11,2,20261008090207,20261007213852,20261008090156,,PC
2026-10-08T00:10:46.818284+00:00,PC000112,01,3,20261008090413,20261007150821,20261007222701,20261008090413,PC
2026-10-08T00:10:46.818284+00:00,PC000163,06,3,20261008090125,20261007090614,20261007183352,20261008090125,PC
2026-10-08T00:10:46.818284+00:00,PC000187,02,3,20261008090253,20261007185453,20261007191227,20261008090253,PC
2026-10-08T00:10:46.818284+00:00,PC000301,03,3,20261008090431,20261007202748,20261008085748,20261008090431,PC
2026-10-08T00:10:46.818284+00:00,PC000342,04,2,20261008090854,20261008090853,20261008063627,,PC
2026-10-08T00:10:46.818284+00:00,PC000422,08,2,20261008090927,20261008082715,20261008090826,,PC
2026-10-08T00:10:46.818284+00:00,PC000505,64,2,20261008090716,20261007223523,20261008011301,,PC
2026-10-08T00:10:46.818284+00:00,PC000541,15,3,20261008090822,20261007105741,20261007140943,20261008090822,PC
2026-10-08T00:10:46.818284+00:00,PC000657,02,3,20261008090727,20261007080322,20261007095002,20261008090727,PC
2026-10-08T00:10:46.818284+00:00,PC000736,07,3,20261008090327,20261008090343,20261003181019,20261008090327,PC
2026-10-08T00:10:46.818284+00:00,PC001108,32,3,20261008090317,20260829140154,20260829170519,20261008090317,PC
2026-10-08T00:10:46.818284+00:00,PC001221,14,3,20261008090413,20261007101509,20261007174424,20261008090413,PC
2026-10-08T00:10:46.818284+00:00,PC001222,12,3,20261008090808,20261008070951,20261008090740,20261008090808,PC
2026-10-08T00:10:46.818284+00:00,PC001222,14,3,20261008090920,20261001082910,20261001122534,20261008090920,PC
2026-10-08T00:10:46.818284+00:00,PC001244,01,2,20261008090731,20261008082750,20261008090726,,PC
2026-10-08T00:10:46.818284+00:00,PC001244,02,3,20261008090743,20261007220502,20261007235800,20261008090743,PC
2026-10-08T00:10:46.818284+00:00,PC001244,04,2,20261008090749,20260930091244,20260929195125,,PC
2026-10-08T00:10:46.818284+00:00,PC001244,10,3,20261008090843,20261007184512,20261007194302,20261008090843,PC
2026-10-08T00:10:46.818284+00:00,PC001356,16,3,20261008090316,20261007082913,20260922134750,20261008090316,PC
2026-10-08T00:10:46.818284+00:00,PC001385,04,3,20261008090927,20261007161322,20261008005441,20261008090927,PC
2026-10-08T00:10:46.818284+00:00,PC001502,02,2,20261008090317,20261008075433,20261008085309,,PC
2026-10-08T00:10:46.818284+00:00,PC001745,02,3,20261008090330,20261007083651,20261007113526,20261008090330,PC
2026-10-08T00:10:46.818284+00:00,PC001751,02,3,20261008090120,20261008090135,20261007151809,20261008090120,PC
2026-10-08T00:10:46.818284+00:00,PI000442,02,9,20261008090310,20261008051810,20261007121231,20261008052112,PI
2026-10-08T00:10:46.818284+00:00,PI000446,02,2,20261008090358,20261008074730,20261008090143,,PI
2026-10-08T00:10:46.818284+00:00,PI000730,01,3,20261008090141,20261008090025,20261008074150,20261008090141,PI
2026-10-08T00:10:46.818284+00:00,PI000913,04,3,20261008090141,20261008090127,20260909115547,20261008090141,PI
2026-10-08T00:10:46.818284+00:00,PI014554,06,2,20261008090616,20261007232230,20261008014308,,PI
2026-10-08T00:10:46.818284+00:00,PI019146,08,3,20261008090136,20261008085716,20261007153937,20261008090136,PI
2026-10-08T00:10:46.818284+00:00,PI067416,01,3,20261008090123,20261008090015,20261007211640,20261008090123,PI
2026-10-08T00:10:46.818284+00:00,PI069280,01,2,20261008090129,20261007191448,20261008075523,,PI
2026-10-08T00:10:46.818284+00:00,PI069280,14,2,20261008090130,20261008015559,20261008031107,,PI
2026-10-08T00:10:46.818284+00:00,PI070891,03,3,20261008090618,20261008090408,20261007221134,20261008090618,PI
2026-10-08T00:10:46.818284+00:00,PI200330,09,9,20261008090310,20261008071559,20261007081827,20261008071610,PI
2026-10-08T00:10:46.818284+00:00,PI200361,12,2,20261008090914,20261007194647,20261007230508,,PI
2026-10-08T00:10:46.818284+00:00,PI200361,13,2,20261008090914,20261008011441,20261008065459,,PI
2026-10-08T00:10:46.818284+00:00,PI200379,08,3,20261008090143,20261008090004,20261007141305,20261008090143,PI
2026-10-08T00:10:46.818284+00:00,PI200790,02,2,20261008090629,20261008065709,20261008090307,,PI
2026-10-08T00:10:46.818284+00:00,PI200806,04,2,20261008090629,20261008082050,20261007090122,,PI
2026-10-08T00:10:46.818284+00:00,PI200861,06,9,20261008090810,20261007191714,20261008071715,,PI
2026-10-08T00:10:46.818284+00:00,PI200884,12,9,20261008090310,20261008081506,20261005120435,20261008081621,PI
2026-10-08T00:10:46.818284+00:00,PI200893,02,2,20261008090632,20261008072414,20261008075947,,PI
2026-10-08T00:10:46.818284+00:00,PI200894,08,9,20261008090310,20261008075946,20261008021935,20261008080119,PI
2026-10-08T00:10:46.818284+00:00,PI200897,04,2,20261008090632,20261008031848,20261008090145,,PI
2026-10-08T00:10:46.818284+00:00,PI200899,07,2,20261008090632,20261008063711,20261008080134,,PI
2026-10-08T00:10:46.818284+00:00,PI200917,09,9,20261008090810,20261008043645,20261006051951,20261007211219,PI
2026-10-08T00:10:46.818284+00:00,PI200929,09,2,20261008090154,20260924224458,20260925014439,,PI
2026-10-08T00:10:46.818284+00:00,PI200947,02,2,20261008090155,20261008011642,20261008085657,,PI
2026-10-08T00:10:46.818284+00:00,PI200951,03,3,20261008090634,20261008090319,20260921140206,20261008090634,PI
2026-10-08T00:10:46.818284+00:00,PI200963,06,3,20261008090637,20261008090519,20261006155901,20261008090637,PI
2026-10-08T00:10:46.818284+00:00,PI200967,01,3,20261008090159,20261008085907,20261007214412,20261008090159,PI
2026-10-08T00:10:46.818284+00:00,PI200979,18,2,20261008090638,20261007230630,20261008080148,,PI
2026-10-08T00:10:46.818284+00:00,PI200987,01,3,20261008090638,20261008090603,20261007174629,20261008090638,PI
2026-10-08T00:10:46.818284+00:00,PI200991,05,9,20261008090310,20261008071013,20261004154338,20261008071131,PI
2026-10-08T00:10:46.818284+00:00,PI202038,09,2,20261008090636,20261008004409,20261008080313,,PI
2026-10-08T00:10:46.818284+00:00,PI202255,02,9,20261008090310,20261008073736,20261005095108,20261008074114,PI
2026-10-08T00:10:46.818284+00:00,PI202307,05,2,20261008090812,20261007210606,20261008031837,,PI
2026-10-08T00:10:46.818284+00:00,PI202307,06,3,20261008090334,20261008085958,20261003180545,20261008090334,PI
2026-10-08T00:10:46.818284+00:00,PI203079,01,3,20261008090147,20261008085844,20261006133259,20261008090147,PI
2026-10-08T00:10:46.818284+00:00,PI204109,02,3,20261008090210,20261008085825,20261004102128,20261008090210,PI
2026-10-08T00:10:46.818284+00:00,PI204110,01,3,20261008090210,20261008085839,20261006154553,20261008090210,PI
2026-10-08T00:10:46.818284+00:00,PI204145,01,3,20261008090215,20261008085839,20261008052418,20261008090215,PI
2026-10-08T00:10:46.818284+00:00,PI204146,03,2,20261008090652,20261008055646,20261008090327,,PI
2026-10-08T00:10:46.818284+00:00,PI204153,18,3,20261008090652,20261008090507,20261007191109,20261008090652,PI
2026-10-08T00:10:46.818284+00:00,PI204154,15,3,20261008090652,20261008090329,20261007102134,20261008090652,PI
2026-10-08T00:10:46.818284+00:00,PI204166,01,2,20261008090654,20261008085437,20261008090327,,PI
2026-10-08T00:10:46.818284+00:00,PI204174,06,2,20261008090656,20261008000302,20261008080400,,PI
2026-10-08T00:10:46.818284+00:00,PI204180,03,2,20261008090220,20261008085616,20261008085703,,PI
2026-10-08T00:10:46.818284+00:00,PI204180,04,3,20261008090220,20261008085851,20261001065229,20261008090220,PI
2026-10-08T00:10:46.818284+00:00,PI204237,08,3,20261008090226,20261008085837,20261006141153,20261008090226,PI
2026-10-08T00:10:46.818284+00:00,PI204241,02,2,20261008090226,20261008081038,20261008090028,,PI
2026-10-08T00:10:46.818284+00:00,PI204249,03,9,20261008090810,20261008081012,20261007123220,20261008081159,PI
2026-10-08T00:10:46.818284+00:00,PI204249,14,3,20261008090228,20261008085754,20261008081328,20261008090228,PI
2026-10-08T00:10:46.818284+00:00,PI204274,07,3,20261008090708,20261008090627,20261008030059,20261008090708,PI
2026-10-08T00:10:46.818284+00:00,PI204277,01,3,20261008090232,20261008085945,20261007195045,20261008090232,PI
2026-10-08T00:10:46.818284+00:00,PI204290,02,2,20261008090233,20261008074405,20261008085602,,PI
2026-10-08T00:10:46.818284+00:00,PI204293,01,3,20261008090233,20261008085713,20261007060653,20261008090233,PI
2026-10-08T00:10:46.818284+00:00,PI204353,05,3,20261008090713,20261008090615,20261006233853,20261008090713,PI
2026-10-08T00:10:46.818284+00:00,PI306170,05,3,20261008090626,20261008090240,20261007171954,20261008090626,PI
2026-10-08T00:10:46.818284+00:00,PI306170,14,3,20261008090432,20261008090047,20261007235300,20261008090432,PI
2026-10-08T00:10:46.818284+00:00,PI306170,15,2,20261008090917,20261008073535,20261008090820,,PI
2026-10-08T00:10:46.818284+00:00,PI306224,12,3,20261008090152,20261008085740,20261001134427,20261008090152,PI
2026-10-08T00:10:46.818284+00:00,PI313756,04,3,20261008090230,20261008085749,20261007211845,20261008090230,PI
2026-10-08T00:10:46.818284+00:00,PI645117,08,3,20261008090239,20261008090228,20261007165359,20261008090239,PI
2026-10-08T00:10:46.818284+00:00,PI645189,01,2,20261008090319,20261008063649,20261008090152,,PI
2026-10-08T00:10:46.818284+00:00,PI645261,04,3,20261008090718,20261008090256,20261007141202,20261008090718,PI
2026-10-08T00:10:46.818284+00:00,PI645479,05,3,20261008090346,20261008090122,20261007065327,20261008090346,PI
2026-10-08T00:10:46.818284+00:00,PI707856,16,2,20261008090513,20261007192751,20261008090247,,PI
2026-10-08T00:10:46.818284+00:00,PI708639,04,2,20261008090514,20261007194739,20261008090231,,PI
2026-10-08T00:10:46.818284+00:00,PI709920,01,3,20261008090528,20261008090155,20261007171519,20261008090528,PI
2026-10-08T00:10:46.818284+00:00,PI710321,01,2,20261008090530,20261007190928,20261008090316,,PI
2026-10-08T00:10:46.818284+00:00,PI711602,04,2,20261008090525,20261007173733,20261008023943,,PI
2026-10-08T00:10:46.818284+00:00,PI711946,06,3,20261008090526,20261008090522,20261007221616,20261008090526,PI
2026-10-08T00:10:46.818284+00:00,PI712172,04,2,20261008090529,20261007233013,20261008053953,,PI
2026-10-08T00:10:46.818284+00:00,PI712449,31,2,20261008090048,20261007143814,20261007174655,,PI
2026-10-08T00:10:46.818284+00:00,PI712509,02,2,20261008090049,20261007201954,20261007205735,,PI
2026-10-08T00:10:46.818284+00:00,PI712977,01,2,20261008090533,20261007220212,20261007225909,,PI
2026-10-08T00:10:46.818284+00:00,PI714521,09,2,20261008090139,20261007183910,20261008031801,,PI
2026-10-08T00:10:46.818284+00:00,PI717793,04,3,20261008090123,20261008085823,20261004165901,20261008090123,PI
2026-10-08T00:10:46.818284+00:00,PI718321,06,2,20261008090553,20261007235158,20261008020025,,PI
2026-10-08T00:10:46.818284+00:00,PI721687,04,2,20261008090239,20261007184818,20261007224612,,PI
2026-10-08T00:10:46.818284+00:00,PI723240,05,3,20261008090844,20261008090548,20261007183426,20261008090844,PI
2026-10-08T00:10:46.818284+00:00,PI724711,10,3,20261008090815,20261008090403,20261006104920,20261008090815,PI
2026-10-08T00:10:46.818284+00:00,PI724755,03,3,20261008090756,20261008090539,20261006131215,20261008090756,PI
2026-10-08T00:10:46.818284+00:00,PI740333,02,3,20261008090509,20261008090427,20261008005153,20261008090509,PI
2026-10-08T00:10:46.818284+00:00,PI740406,02,2,20261008091008,20261008064832,20261008090825,,PI
2026-10-08T00:10:46.818284+00:00,PI747237,03,3,20261008090821,20261008090709,20261007193632,20261008090821,PI
2026-10-08T00:10:46.818284+00:00,PI750034,02,2,20261008090510,20261007195401,20261007225119,,PI
2026-10-08T00:10:46.818284+00:00,PI751167,08,3,20261008090543,20261008090107,20261006133846,20261008090543,PI
2026-10-08T00:10:46.818284+00:00,PI751370,02,2,20261008090545,20261007174010,20261008024111,,PI
2026-10-08T00:10:46.818284+00:00,PI751586,04,2,20261008090823,20261007191806,20261007235420,,PI
2026-10-08T00:10:46.818284+00:00,PI752192,07,2,20261008090547,20261007210747,20261008090105,,PI
2026-10-08T00:10:46.818284+00:00,PI752192,16,3,20261008090109,20261008085851,20261007110405,20261008090109,PI
2026-10-08T00:10:46.818284+00:00,PI752798,01,2,20261008090553,20260912102413,20260912131135,,PI
2026-10-08T00:10:46.818284+00:00,PI752798,02,2,20261008090553,20260912115833,20260912145603,,PI
2026-10-08T00:10:46.818284+00:00,PI752798,03,2,20261008090553,20260916193026,20260916221927,,PI
2026-10-08T00:10:46.818284+00:00,PI752983,01,3,20261008090602,20261008090411,20261007154235,20261008090602,PI
2026-10-08T00:10:46.818284+00:00,PI752983,04,3,20261008090126,20261008090106,20261007132813,20261008090126,PI
2026-10-08T00:10:46.818284+00:00,PI760051,05,2,20261008090517,20261008064024,20261008090203,,PI
2026-10-08T00:10:46.818284+00:00,PI760379,02,3,20261008090518,20261008090138,20261007220646,20261008090518,PI
2026-10-08T00:10:46.818284+00:00,PI760980,03,3,20261008090519,20261008090231,20261002023455,20261008090519,PI
2026-10-08T00:10:46.818284+00:00,PI762893,04,2,20261008090521,20261007185611,20261008005521,,PI
2026-10-08T00:10:46.818284+00:00,PI763036,01,2,20261008090536,20261007164835,20261007194506,,PI
2026-10-08T00:10:46.818284+00:00,PI763338,01,2,20261008090053,20261007190238,20261008024951,,PI
2026-10-08T00:10:46.818284+00:00,PI763958,10,3,20261008090057,20261008090010,20261007160825,20261008090057,PI
2026-10-08T00:10:46.818284+00:00,PI764175,02,3,20261008090056,20261008085815,20261008071404,20261008090056,PI
2026-10-08T00:10:46.818284+00:00,PI764175,08,3,20261008090539,20261008090351,20261007233411,20261008090539,PI
2026-10-08T00:10:46.818284+00:00,PI764997,06,2,20261008090103,20261007145502,20261007235741,,PI
2026-10-08T00:10:46.818284+00:00,PI764997,27,2,20261008090546,20261008003007,20261008041026,,PI
2026-10-08T00:10:46.818284+00:00,PI764997,29,2,20261008090108,20261007204933,20261008023712,,PI
2026-10-08T00:10:46.818284+00:00,PI766538,01,2,20261008090122,20261006201112,20261006212316,,PI
2026-10-08T00:10:46.818284+00:00,PI766638,03,2,20261008090555,20261007222022,20261008083747,,PI
2026-10-08T00:10:46.818284+00:00,PI768078,03,2,20261008090131,20261008034436,20261008085737,,PI
2026-10-08T00:10:46.818284+00:00,PI768140,03,2,20261008090128,20261007193946,20261008013704,,PI
2026-10-08T00:10:46.818284+00:00,PI768702,05,3,20261008090132,20261008090114,20261007171325,20261008090132,PI
2026-10-08T00:10:46.818284+00:00,PI768986,20,2,20261008090130,20261006155745,20261006220312,,PI
2026-10-08T00:10:46.818284+00:00,PI769482,38,2,20261008090131,20261007195254,20261007014831,,PI
2026-10-08T00:10:46.818284+00:00,PI770651,04,3,20261008090243,20261008090034,20261007173324,20261008090243,PI
2026-10-08T00:10:46.818284+00:00,PI771881,06,2,20261008090714,20261007192238,20261007223012,,PI
2026-10-08T00:10:46.818284+00:00,PI772795,02,2,20261008090617,20261007201957,20261008064208,,PI
2026-10-08T00:10:46.818284+00:00,PI772833,08,3,20261008090326,20261008090058,20261008001740,20261008090326,PI
2026-10-08T00:10:46.818284+00:00,PI775220,01,3,20261008090358,20261008085856,20261006210808,20261008090358,PI
2026-10-08T00:10:46.818284+00:00,PI775277,05,3,20261008090402,20261008090045,20261007164922,20261008090402,PI
2026-10-08T00:10:46.818284+00:00,PI785026,01,3,20261008090758,20261008090504,20261007092109,20261008090758,PI
2026-10-08T00:10:46.818284+00:00,PI793300,12,2,20261008090342,20261007132246,20261007200052,,PI
2026-10-08T00:10:46.818284+00:00,PI793300,40,2,20261008090342,20261007203503,20261007215604,,PI
2026-10-08T00:10:46.818284+00:00,PI793300,53,2,20261008090822,20261007205642,20261008030125,,PI
2026-10-08T00:10:46.818284+00:00,PI793300,61,2,20261008090822,20261008002129,20261008055920,,PI
2026-10-08T00:10:46.818284+00:00,PI793819,03,3,20261008090827,20261008090638,20261007152528,20261008090827,PI
2026-10-08T00:10:46.818284+00:00,PI793914,02,2,20261008090833,20261007195926,20261007221752,,PI
2026-10-08T00:10:46.818284+00:00,PI794276,01,2,20261008090831,20261007171902,20261007192927,,PI
2026-10-08T00:10:46.818284+00:00,PI794600,19,2,20261008090351,20261007203646,20261007233532,,PI
2026-10-08T00:10:46.818284+00:00,PI794634,15,2,20261008090832,20261007225159,20261008083132,,PI
2026-10-08T00:10:46.818284+00:00,PI795169,03,3,20261008090348,20261008085921,20261008015221,20261008090348,PI
2026-10-08T00:10:46.818284+00:00,PI795355,02,3,20261008090829,20261008090549,20261007151932,20261008090829,PI
2026-10-08T00:10:46.818284+00:00,PI795431,02,2,20261008090348,20261007192815,20261008000217,,PI
2026-10-08T00:10:46.818284+00:00,PI796562,16,2,20261008090841,20261007214436,20261008081825,,PI
2026-10-08T00:10:46.818284+00:00,PI796661,04,2,20261008090401,20261007200431,20261007225048,,PI
2026-10-08T00:10:46.818284+00:00,PI796661,10,3,20261008090401,20261008090115,20261008065605,20261008090401,PI
2026-10-08T00:10:46.818284+00:00,PI800215,02,2,20261008090802,20261007084805,20261007190415,,PI
2026-10-08T00:10:46.818284+00:00,PI807070,05,2,20261008090403,20261007191829,20261007234745,,PI
2026-10-08T00:10:46.818284+00:00,PI807805,03,2,20261008090847,20261007200506,20261007211116,,PI
2026-10-08T00:10:46.818284+00:00,PI807817,02,3,20261008090847,20261008090437,20261007135918,20261008090847,PI
2026-10-08T00:10:46.818284+00:00,PI808249,03,2,20261008090848,20261007180149,20261007224135,,PI
2026-10-08T00:10:46.818284+00:00,PI808443,11,2,20261008090849,20261007232846,20261008010644,,PI
2026-10-08T00:10:46.818284+00:00,PI809036,02,2,20261008090408,20261008065725,20261008082424,,PI
2026-10-08T00:10:46.818284+00:00,PI809659,05,2,20261008090409,20261007230720,20261008052528,,PI
2026-10-08T00:10:46.818284+00:00,PIA00089,20,3,20261008090916,20261008090845,20261007135721,20261008090916,PI
2026-10-08T00:10:46.818284+00:00,PIA00089,22,3,20261008090916,20261008090611,20261007184918,20261008090916,PI
2026-10-08T00:10:46.818284+00:00,PIA00165,02,3,20261008090853,20261008090633,20261008043411,20261008090853,PI
2026-10-08T00:10:46.818284+00:00,PIA00265,12,2,20261008090408,20261008082941,20261008085859,,PI
2026-10-08T00:10:46.818284+00:00,PIA00265,41,3,20261008090408,20261008090324,20261007161207,20261008090408,PI
2026-10-08T00:10:46.818284+00:00,PIA01344,07,3,20261008090411,20261008090406,20261007182900,20261008090411,PI
2026-10-08T00:10:46.818284+00:00,PIA01344,11,3,20261008090854,20261008090622,20261007151842,20261008090854,PI
2026-10-08T00:10:46.818284+00:00,PIH00021,13,2,20261008090308,20261007183550,20261007205724,,PI
2026-10-08T00:10:46.818284+00:00,PIH00066,01,3,20261008090308,20261008090150,20261008012322,20261008090308,PI
2026-10-08T00:10:46.818284+00:00,PIH00158,03,2,20261008090742,20261007214202,20261008090545,,PI
2026-10-08T00:10:46.818284+00:00,PIH00172,53,2,20261008090746,20261007233941,20261008090307,,PI
2026-10-08T00:10:46.818284+00:00,PIH00194,07,3,20261008090745,20261008090326,20261006220817,20261008090745,PI
2026-10-08T00:10:46.818284+00:00,PIH00210,89,3,20261008090305,20261008090100,20261008041158,20261008090305,PI
2026-10-08T00:10:46.818284+00:00,PIH00363,01,3,20261008090255,20261008085830,20261008085807,20261008090255,PI
2026-10-08T00:10:46.818284+00:00,PIH00363,05,3,20261008090731,20261008090542,20261007201733,20261008090731,PI
2026-10-08T00:10:46.818284+00:00,PIH00563,03,3,20261008090255,20261008090056,20261007181540,20261008090255,PI
2026-10-08T00:10:46.818284+00:00,PIH00598,32,2,20261008090731,20261007210643,20261007235814,,PI
2026-10-08T00:10:46.818284+00:00,PIH00680,02,2,20261008090718,20261007213710,20261008080326,,PI
2026-10-08T00:10:46.818284+00:00,PIH01059,11,2,20261008090309,20261008005036,20261008085807,,PI
2026-10-08T00:10:46.818284+00:00,PIH01060,05,3,20261008090305,20261008085809,20261003074947,20261008090305,PI
2026-10-08T00:10:46.818284+00:00,PIH01116,02,3,20261008090310,20261008090206,20261007181542,20261008090310,PI
2026-10-08T00:10:46.818284+00:00,PIH01703,01,3,20261008090255,20261008090144,20261007124925,20261008090255,PI
2026-10-08T00:10:46.818284+00:00,PIIMK002,04,3,20261008090919,20261008090818,20261007151133,20261008090919,PI
2026-10-08T00:10:46.818284+00:00,PIS00005,04,2,20261008090412,20261007172640,20261008015316,,PI
2026-10-08T00:10:46.818284+00:00,PIS00006,01,3,20261008090412,20261008090358,20261007120831,20261008090412,PI
2026-10-08T00:10:46.818284+00:00,PIS00027,01,3,20261008090412,20261008090353,20261007113539,20261008090412,PI
2026-10-08T00:10:46.818284+00:00,PIS00029,03,2,20261008090412,20261007231740,20261008025056,,PI
2026-10-08T00:10:46.818284+00:00,PIS00032,04,2,20261008090855,20261007221019,20261008060437,,PI
2026-10-08T00:10:46.818284+00:00,PIS00033,04,2,20261008090412,20261008022857,20261008071705,,PI
2026-10-08T00:10:46.818284+00:00,PIS00036,01,3,20261008090855,20261008090515,20261007131835,20261008090855,PI
2026-10-08T00:10:46.818284+00:00,PIS00042,02,3,20261008090855,20261008090451,20261007163757,20261008090855,PI
2026-10-08T00:10:46.818284+00:00,PIS00050,03,3,20261008090855,20261008090609,20261008004742,20261008090855,PI
2026-10-08T00:10:46.818284+00:00,PIS00052,06,2,20261008090412,20261007191746,20261007213100,,PI
2026-10-08T00:10:46.818284+00:00,PIS00052,13,2,20261008090412,20261008061804,20261008070853,,PI
2026-10-08T00:10:46.818284+00:00,PIS00059,06,3,20261008090413,20261008090140,20261007135736,20261008090413,PI
2026-10-08T00:10:46.818284+00:00,PIS00061,01,2,20261008090856,20261008080412,20261008090800,,PI
2026-10-08T00:10:46.818284+00:00,PIS00071,01,3,20261008090413,20261008090306,20261007140500,20261008090413,PI
2026-10-08T00:10:46.818284+00:00,PIS00071,02,3,20261008090413,20261008090035,20261007101015,20261008090413,PI
2026-10-08T00:10:46.818284+00:00,PIS00081,12,2,20261008090856,20261007203125,20261008002943,,PI
2026-10-08T00:10:46.818284+00:00,PIS00081,15,2,20261008090856,20261007183228,20261007215653,,PI
2026-10-08T00:10:46.818284+00:00,PIS00088,01,2,20261008090413,20261007193855,20261008030719,,PI
2026-10-08T00:10:46.818284+00:00,PIS00092,10,3,20261008090856,20261008090428,20261007165401,20261008090856,PI
2026-10-08T00:10:46.818284+00:00,PIS00812,06,2,20261008090412,20261007205644,20261008002407,,PI
2026-10-08T00:10:46.818284+00:00,PK000002,01,3,20261008090152,20261007203753,20261007214305,20261008085456,PK
2026-10-08T00:10:46.818284+00:00,PK000005,07,3,20261008090201,20261008074940,20261008082050,20261008085458,PK
2026-10-08T00:10:46.818284+00:00,PK000005,08,3,20261008090201,20261008081433,20261008083839,20261008085531,PK
2026-10-08T00:10:46.818284+00:00,PK000006,13,2,20261008090157,20261008083222,20261008090040,,PK
2026-10-08T00:10:46.818284+00:00,PK000006,14,2,20261008090201,20261008083307,20261008090040,,PK
2026-10-08T00:10:46.818284+00:00,PK000006,15,3,20261008090202,20261008074935,20261008081142,20261008085205,PK
2026-10-08T00:10:46.818284+00:00,PK000006,16,3,20261008090157,20261008072227,20261008075818,20261008085904,PK
2026-10-08T00:10:46.818284+00:00,PK000006,19,2,20261008090202,20261008083018,20261008085222,,PK
2026-10-08T00:10:46.818284+00:00,PK000007,23,2,20261008090204,20261008082622,20261008085334,,PK
2026-10-08T00:10:46.818284+00:00,PK000007,40,3,20261008090205,20261008072101,20261008074200,20261008085830,PK
2026-10-08T00:10:46.818284+00:00,PK000007,43,3,20261008090205,20261008083605,20261008085010,20261008090115,PK
2026-10-08T00:10:46.818284+00:00,PK000008,01,2,20261008090205,20261008082624,20261008085313,,PK
2026-10-08T00:10:46.818284+00:00,PK000008,03,3,20261008090205,20261008080835,20261008084441,20261008085433,PK
2026-10-08T00:10:46.818284+00:00,PK000008,05,3,20261008090205,20261007224205,20261007225752,20261008090128,PK
2026-10-08T00:10:46.818284+00:00,PK000009,03,2,20261008090200,20261008083645,20261008085219,,PK
2026-10-08T00:10:46.818284+00:00,PK000009,04,2,20261008090200,20261008083725,20261008085223,,PK
2026-10-08T00:10:46.818284+00:00,PK000009,08,3,20261008090152,20261008082601,20261008084608,20261008085100,PK
2026-10-08T00:10:46.818284+00:00,PK000021,17,2,20261008090153,20261008084358,20261008085357,,PK
2026-10-08T00:10:46.818284+00:00,PK000021,18,2,20261008090153,20261008084436,20261008085356,,PK
2026-10-08T00:10:46.818284+00:00,PK000025,15,3,20261008090155,20261008081003,20261008082936,20261008085300,PK
2026-10-08T00:10:46.818284+00:00,PK000025,16,3,20261008090155,20261008073847,20261008080247,20261008085341,PK
2026-10-08T00:10:46.818284+00:00,PK000025,19,3,20261008090201,20261008011058,20261008011328,20261008085232,PK
2026-10-08T00:10:46.818284+00:00,PK000025,20,3,20261008090201,20261008011137,20261008033919,20261008085315,PK
2026-10-08T00:10:46.818284+00:00,PK000025,21,9,20261008090201,20261008083151,20261008085711,,PK
2026-10-08T00:10:46.818284+00:00,PK000025,22,9,20261008090201,20261008083232,20261008085711,,PK
2026-10-08T00:10:46.818284+00:00,PK000028,27,2,20261008090156,20261008083253,20261008085036,,PK
2026-10-08T00:10:46.818284+00:00,PK000028,28,2,20261008090156,20261008083334,20261008085551,,PK
2026-10-08T00:10:46.818284+00:00,PK000088,01,3,20261008090154,20261007173538,20261007173739,20261008085125,PK
2026-10-08T00:10:46.818284+00:00,PK000102,02,2,20261008090154,20261008083802,20261008085252,,PK
2026-10-08T00:10:46.818284+00:00,PK000114,08,3,20261008090200,20261004192720,20261004221432,20261008085745,PK
2026-10-08T00:10:46.818284+00:00,PK000148,04,3,20261008090152,20261008080845,20261008084200,20261008085502,PK
2026-10-08T00:10:46.818284+00:00,PK000148,05,3,20261008090153,20261008083303,20261008084922,20261008090004,PK
2026-10-08T00:10:46.818284+00:00,PK000148,08,9,20261008090152,20261008081535,20261008085353,,PK
2026-10-08T00:10:46.818284+00:00,PK000148,13,2,20261008090152,20261008083853,20261008085713,,PK
2026-10-08T00:10:46.818284+00:00,PK000148,14,2,20261008090152,20261008083927,20261008085713,,PK
2026-10-08T00:10:46.818284+00:00,PK000148,15,9,20261008090152,20261008084407,20261008085913,,PK
2026-10-08T00:10:46.818284+00:00,PK000148,16,9,20261008090152,20261008084440,20261008085912,,PK
2026-10-08T00:10:46.818284+00:00,PK000148,20,2,20261008090202,20261008075729,20261008085719,,PK
2026-10-08T00:10:46.818284+00:00,PK000148,23,3,20261008090202,20261008072009,20261008081949,20261008085248,PK
2026-10-08T00:10:46.818284+00:00,PK000148,24,3,20261008090155,20261008081756,20261008083743,20261008085323,PK
2026-10-08T00:10:46.818284+00:00,PK000156,01,3,20261008090154,20261008082212,20261008084938,20261008085400,PK
2026-10-08T00:10:46.818284+00:00,PK000156,04,3,20261008090154,20261008075145,20261008081934,20261008085952,PK
2026-10-08T00:10:46.818284+00:00,PK000156,11,2,20261008090154,20261008081536,20261008085424,,PK
2026-10-08T00:10:46.818284+00:00,PK000156,12,2,20261008090154,20261008081615,20261008085412,,PK
2026-10-08T00:10:46.818284+00:00,PK000156,13,2,20261008090154,20261008080436,20261008085128,,PK
2026-10-08T00:10:46.818284+00:00,PK000161,03,2,20261008090202,20261008084133,20261008085500,,PK
2026-10-08T00:10:46.818284+00:00,PK000161,04,2,20261008090202,20261008084206,20261008085501,,PK
2026-10-08T00:10:46.818284+00:00,PK000161,07,3,20261008090202,20261008075055,20261008080456,20261008085155,PK
2026-10-08T00:10:46.818284+00:00,PK000161,08,3,20261008090202,20261008071837,20261008073553,20261008085229,PK
2026-10-08T00:10:46.818284+00:00,PK000185,06,2,20261008090203,20261008084424,20261008085648,,PK
2026-10-08T00:10:46.818284+00:00,PK000185,11,2,20261008090203,20261008083800,20261008085225,,PK
2026-10-08T00:10:46.818284+00:00,PK000186,01,2,20261008090155,20261008082554,20261008090019,,PK
2026-10-08T00:10:46.818284+00:00,PK000186,02,2,20261008090155,20261008082634,20261008090030,,PK
2026-10-08T00:10:46.818284+00:00,PK000253,01,3,20261008090204,20261008073309,20261008075943,20261008085402,PK
2026-10-08T00:10:46.818284+00:00,PK000253,02,9,20261008090202,20261008084153,20261008085708,,PK
2026-10-08T00:10:46.818284+00:00,PK000288,07,2,20261008090156,20261008083253,20261008085036,,PK
2026-10-08T00:10:46.818284+00:00,PK000288,08,2,20261008090156,20261008083334,20261008085551,,PK
2026-10-08T00:10:46.818284+00:00,PK000289,01,3,20261008090153,20261008081449,20261008083614,20261008085507,PK
2026-10-08T00:10:46.818284+00:00,PK000289,02,3,20261008090153,20261008081723,20261008083612,20261008085635,PK
2026-10-08T00:10:46.818284+00:00,PK000289,03,2,20261008090153,20261008084548,20261008085558,,PK
2026-10-08T00:10:46.818284+00:00,PK000289,04,2,20261008090153,20261008084626,20261008085629,,PK
2026-10-08T00:10:46.818284+00:00,PK000289,05,3,20261008090153,20261008012628,20261008021128,20261008085619,PK
2026-10-08T00:10:46.818284+00:00,PK000289,06,3,20261008090153,20261008013129,20261008015517,20261008085655,PK
2026-10-08T00:10:46.818284+00:00,PK000291,03,2,20261008090152,20261008084015,20261008085836,,PK
2026-10-08T00:10:46.818284+00:00,PK000291,04,2,20261008090152,20261008084054,20261008085835,,PK
2026-10-08T00:10:46.818284+00:00,PK000292,05,9,20261008090201,20261008081730,20261008085647,,PK
2026-10-08T00:10:46.818284+00:00,PK000292,06,9,20261008090201,20261008081807,20261008085647,,PK
2026-10-08T00:10:46.818284+00:00,PK000295,07,9,20261008090201,20261008082722,20261008085152,,PK
2026-10-08T00:10:46.818284+00:00,PK000295,08,2,20261008090201,20261008083930,20261008085545,,PK
2026-10-08T00:10:46.818284+00:00,PK000296,07,2,20261008090153,20261008084358,20261008085357,,PK
2026-10-08T00:10:46.818284+00:00,PK000296,08,2,20261008090153,20261008084436,20261008085356,,PK
2026-10-08T00:10:46.818284+00:00,PK000297,01,3,20261008090155,20261008081003,20261008082936,20261008085300,PK
2026-10-08T00:10:46.818284+00:00,PK000297,02,3,20261008090155,20261008073847,20261008080247,20261008085341,PK
2026-10-08T00:10:46.818284+00:00,PK000297,05,3,20261008090201,20261008011058,20261008011328,20261008085232,PK
2026-10-08T00:10:46.818284+00:00,PK000297,06,3,20261008090201,20261008011137,20261008033919,20261008085315,PK
2026-10-08T00:10:46.818284+00:00,PK000297,07,9,20261008090201,20261008083151,20261008085711,,PK
2026-10-08T00:10:46.818284+00:00,PK000297,08,9,20261008090201,20261008083232,20261008085711,,PK
2026-10-08T00:10:46.818284+00:00,PK000322,07,2,20261008090200,20261008084516,20261008085323,,PK
2026-10-08T00:10:46.818284+00:00,PK000322,08,2,20261008090202,20261008084602,20261008085752,,PK
2026-10-08T00:10:46.818284+00:00,PK000474,11,3,20261008090159,20261008082419,20261008083911,20261008085210,PK
2026-10-08T00:10:46.818284+00:00,PL000165,02,3,20261008090109,20261008090109,20261008073939,20261008090109,PL
2026-10-08T00:10:46.818284+00:00,PL000245,02,3,20261008090453,20261008090453,20261007172509,20261008090453,PL
2026-10-08T00:10:46.818284+00:00,PL000251,01,2,20261008090641,20261008072731,20261008090641,,PL
2026-10-08T00:10:46.818284+00:00,PL000285,06,3,20261008090845,20261008090845,20261007155739,20261008090845,PL
2026-10-08T00:10:46.818284+00:00,PL000339,04,3,20261008090121,20261008090121,20261007172121,20261008090121,PL
2026-10-08T00:10:46.818284+00:00,PL000339,06,3,20261008090247,20261008090247,20261007213213,20261008090247,PL
2026-10-08T00:10:46.818284+00:00,PL000362,03,2,20261008090308,20261007212819,20261008090308,,PL
2026-10-08T00:10:46.818284+00:00,PL000374,01,2,20261008090823,20261008071543,20261008090823,,PL
2026-10-08T00:10:46.818284+00:00,PL000377,01,2,20261008090435,20261007235113,20261008090435,,PL
2026-10-08T00:10:46.818284+00:00,PL000618,12,2,20261008090239,20261007171628,20261008090239,,PL
2026-10-08T00:10:46.818284+00:00,PL000696,15,2,20261008090125,20261007212508,20261008090125,,PL
2026-10-08T00:10:46.818284+00:00,PL000800,03,2,20261008090852,20261007180016,20261008090852,,PL
2026-10-08T00:10:46.818284+00:00,PL000809,47,2,20261008090311,20261007202132,20261008090311,,PL
2026-10-08T00:10:46.818284+00:00,PL000976,26,2,20261008090059,20261007191801,20261008090059,,PL
2026-10-08T00:10:46.818284+00:00,PL001092,11,2,20261008090911,20261007201846,20261008090911,,PL
2026-10-08T00:10:46.818284+00:00,PL001244,01,2,20261008090541,20261006195232,20261008090541,,PL
2026-10-08T00:10:46.818284+00:00,PL001244,21,3,20261008090527,20261008090527,20261008072035,20261008090527,PL
2026-10-08T00:10:46.818284+00:00,PL001362,06,2,20261008090404,20261007205346,20261008090404,,PL
2026-10-08T00:10:46.818284+00:00,PL001945,13,2,20261008090101,20261007212117,20261008090101,,PL
2026-10-08T00:10:46.818284+00:00,PL002185,01,2,20261008090834,20261008052701,20261008090834,,PL
2026-10-08T00:10:46.818284+00:00,PL002987,01,2,20261008090257,20261007235017,20261008090257,,PL
2026-10-08T00:10:46.818284+00:00,PL003371,08,3,20261008090424,20261008090424,20261008090419,20261008090424,PL
2026-10-08T00:10:46.818284+00:00,PL003371,11,2,20261008090838,20261007235049,20261008090838,,PL
2026-10-08T00:10:46.818284+00:00,PL003371,23,3,20261008090737,20261008090737,20261007181640,20261008090737,PL
2026-10-08T00:10:46.818284+00:00,PL003526,48,2,20261008090054,20261007231532,20261008090054,,PL
2026-10-08T00:10:46.818284+00:00,PL003526,64,2,20261008090553,20261008001619,20261008090553,,PL
2026-10-08T00:10:46.818284+00:00,PL003563,01,3,20261008090129,20261008090129,20261008052959,20261008090129,PL
2026-10-08T00:10:46.818284+00:00,PL004212,12,2,20261008090225,20261007195606,20261008090225,,PL
2026-10-08T00:10:46.818284+00:00,PL004389,03,2,20261008090053,20261007211746,20261008090053,,PL
2026-10-08T00:10:46.818284+00:00,PL005101,01,3,20261008090104,20261008090104,20261002190522,20261008090104,PL
2026-10-08T00:10:46.818284+00:00,PL005153,11,3,20261008090318,20261008090318,20261008073445,20261008090318,PL
2026-10-08T00:10:46.818284+00:00,PL005386,02,2,20261008091010,20261007181853,20261008091010,,PL
2026-10-08T00:10:46.818284+00:00,PL005409,01,2,20261008090122,20261007185754,20261008090122,,PL
2026-10-08T00:10:46.818284+00:00,PL029803,13,2,20261008090618,20261007173808,20261008090618,,PL
2026-10-08T00:10:46.818284+00:00,PL030250,02,2,20261008090435,20261007234502,20261008090435,,PL
2026-10-08T00:10:46.818284+00:00,PL030271,29,2,20261008090506,20261007202831,20261008090506,,PL
2026-10-08T00:10:46.818284+00:00,PL030380,01,3,20261008090203,20261008090203,20261007215904,20261008090203,PL
2026-10-08T00:10:46.818284+00:00,PL030579,08,2,20261008090308,20261008081329,20261008090308,,PL
2026-10-08T00:10:46.818284+00:00,PL030579,27,2,20261008090804,20261007172833,20261008090804,,PL
2026-10-08T00:10:46.818284+00:00,PL030592,00,2,20261008090934,20261008003605,20261008090934,,PL
2026-10-08T00:10:46.818284+00:00,PL030785,02,3,20261008090454,20261008090454,20261008090439,20261008090454,PL
2026-10-08T00:10:46.818284+00:00,PL030858,02,2,20261008090057,20261007224419,20261008090057,,PL
2026-10-08T00:10:46.818284+00:00,PL030865,03,2,20261008090535,20261007191227,20261008090535,,PL
2026-10-08T00:10:46.818284+00:00,PL030940,24,2,20261008090205,20261007162242,20261008090205,,PL
2026-10-08T00:10:46.818284+00:00,PL030974,00,3,20261008090813,20261008090813,20261007204950,20261008090813,PL
2026-10-08T00:10:46.818284+00:00,PL030978,02,2,20261008090358,20261007201820,20261008090358,,PL
2026-10-08T00:10:46.818284+00:00,PL031115,01,3,20261008090613,20261008090613,20261007161730,20261008090613,PL
2026-10-08T00:10:46.818284+00:00,PL031129,27,3,20261008090316,20261008090316,20261007190602,20261008090316,PL
2026-10-08T00:10:46.818284+00:00,PL031249,05,2,20261008090406,20261008031825,20261008090406,,PL
2026-10-08T00:10:46.818284+00:00,PL031264,00,3,20261008090724,20261008090724,20261007233812,20261008090724,PL
2026-10-08T00:10:46.818284+00:00,PL031264,07,2,20261008090122,20261008090113,20261008090122,,PL
2026-10-08T00:10:46.818284+00:00,PL031373,01,3,20261008090357,20261008090357,20261007073848,20261008090357,PL
2026-10-08T00:10:46.818284+00:00,PL031581,25,2,20261008090343,20261008015415,20261008090343,,PL
2026-10-08T00:10:46.818284+00:00,PL031599,01,3,20261008090251,20261008090251,20261006194734,20261008090251,PL
2026-10-08T00:10:46.818284+00:00,PL031783,00,3,20261008090111,20261008090111,20261007224939,20261008090111,PL
2026-10-08T00:10:46.818284+00:00,PL031783,03,3,20261008090830,20261008090830,20261007201543,20261008090830,PL
2026-10-08T00:10:46.818284+00:00,PL031884,03,2,20261008090713,20261007193156,20261008090713,,PL
2026-10-08T00:10:46.818284+00:00,PL031910,02,2,20261008090249,20261007215108,20261008090249,,PL
2026-10-08T00:10:46.818284+00:00,PL032031,03,2,20261008090147,20261007195029,20261008090147,,PL
2026-10-08T00:10:46.818284+00:00,PL032102,25,2,20261008090326,20261008085323,20261008090326,,PL
2026-10-08T00:10:46.818284+00:00,PL032405,02,2,20261008090419,20261007174712,20261008090419,,PL
2026-10-08T00:10:46.818284+00:00,PL032441,01,3,20261008090244,20261008090244,20261008074036,20261008090244,PL
2026-10-08T00:10:46.818284+00:00,PL032476,00,2,20261008090846,20261007215635,20261008090846,,PL
2026-10-08T00:10:46.818284+00:00,PL032511,09,2,20261008090611,20261007224141,20261008090611,,PL
2026-10-08T00:10:46.818284+00:00,PL032521,02,2,20261008090425,20261007222400,20261008090425,,PL
2026-10-08T00:10:46.818284+00:00,PL032589,05,2,20261008090200,20261008001618,20261008090200,,PL
2026-10-08T00:10:46.818284+00:00,PL032605,41,3,20261008090521,20261008090521,20261008085510,20261008090521,PL
2026-10-08T00:10:46.818284+00:00,PL032653,25,3,20261008090047,20261008090047,20261008070543,20261008090047,PL
2026-10-08T00:10:46.818284+00:00,PL032658,02,2,20261008090540,20261008073637,20261008090540,,PL
2026-10-08T00:10:46.818284+00:00,PL032671,12,2,20261008090328,20261007163543,20261008090328,,PL
2026-10-08T00:10:46.818284+00:00,PL032671,15,2,20261008090324,20261007212721,20261008090324,,PL
2026-10-08T00:10:46.818284+00:00,PL032671,17,3,20261008090241,20261008090241,20261008085244,20261008090241,PL
2026-10-08T00:10:46.818284+00:00,PL032673,10,2,20261008090730,20261008071455,20261008090730,,PL
2026-10-08T00:10:46.818284+00:00,PL032701,19,2,20261008090320,20261007211625,20261008090320,,PL
2026-10-08T00:10:46.818284+00:00,PL032708,43,2,20261008090305,20261007180154,20261008090305,,PL
2026-10-08T00:10:46.818284+00:00,PL032708,61,2,20261008090106,20261008063135,20261008090106,,PL
2026-10-08T00:10:46.818284+00:00,PL032726,02,2,20261008090811,20261007171122,20261008090811,,PL
2026-10-08T00:10:46.818284+00:00,PL032803,14,3,20261008090625,20261008090625,20261008082422,20261008090625,PL
2026-10-08T00:10:46.818284+00:00,PL032803,15,3,20261008090455,20261008090455,20261008073013,20261008090455,PL
2026-10-08T00:10:46.818284+00:00,PL032816,05,2,20261008090755,20261008003003,20261008090755,,PL
2026-10-08T00:10:46.818284+00:00,PL032872,00,2,20261008090656,20261007211709,20261008090656,,PL
2026-10-08T00:10:46.818284+00:00,PL033026,00,2,20261008090344,20261007224000,20261008090344,,PL
2026-10-08T00:10:46.818284+00:00,PL033026,02,2,20261008090213,20261008081415,20261008090213,,PL
2026-10-08T00:10:46.818284+00:00,PL033112,00,3,20261008090512,20261008090512,20261008040207,20261008090512,PL
2026-10-08T00:10:46.818284+00:00,PL033316,04,2,20261008090425,20261007195659,20261008090425,,PL
2026-10-08T00:10:46.818284+00:00,PL033324,08,2,20261008090954,20261007160653,20261008090954,,PL
2026-10-08T00:10:46.818284+00:00,PL033391,01,2,20261008090152,20261007220049,20261008090152,,PL
2026-10-08T00:10:46.818284+00:00,PL033416,12,2,20261008090257,20261007184927,20261008090257,,PL
2026-10-08T00:10:46.818284+00:00,PL033487,10,2,20261008090601,20261007210204,20261008090601,,PL
2026-10-08T00:10:46.818284+00:00,PL033700,03,2,20261008090921,20261007181628,20261008090921,,PL
2026-10-08T00:10:46.818284+00:00,PL033747,08,3,20261008090743,20261008090743,20261008053914,20261008090743,PL
2026-10-08T00:10:46.818284+00:00,PL033756,04,2,20261008090219,20261007224557,20261008090219,,PL
2026-10-08T00:10:46.818284+00:00,PL832708,29,3,20261008090327,20261008090327,20261008062900,20261008090327,PL
2026-10-08T00:10:46.818284+00:00,PMP00502,07,2,20261008090757,20261008082757,20261008090757,,PM
2026-10-08T00:10:46.818284+00:00,PMP00502,08,2,20261008090757,20261008084757,20261008090757,,PM
2026-10-08T00:10:46.818284+00:00,PMP00502,09,3,20261008090757,20261008090757,20261007202758,20261008090757,PM
2026-10-08T00:10:46.818284+00:00,PMP00503,16,2,20261008090757,20261008072757,20261008090757,,PM
2026-10-08T00:10:46.818284+00:00,PMP00503,19,2,20261008090757,20261008084757,20261008090757,,PM
2026-10-08T00:10:46.818284+00:00,PMP00503,20,2,20261008090757,20261008084757,20261008090757,,PM
2026-10-08T00:10:46.818284+00:00,PMP00503,24,2,20261008090757,20261008074757,20261008090757,,PM
2026-10-08T00:10:46.818284+00:00,PMP00503,26,3,20261008090757,20261008090757,20261008034757,20261008090757,PM
2026-10-08T00:10:46.818284+00:00,PMP00504,01,2,20261008090757,20261008084757,20261008090757,,PM
2026-10-08T00:10:46.818284+00:00,PMP00504,02,2,20261008090757,20261008084757,20261008090757,,PM
2026-10-08T00:10:46.818284+00:00,PMP00504,07,3,20261008090757,20261008090757,20261008082757,20261008090757,PM
2026-10-08T00:10:46.818284+00:00,PMP00504,08,3,20261008090757,20261008090757,20261008074757,20261008090757,PM
2026-10-08T00:10:46.818284+00:00,PMP00504,22,3,20261008090757,20261008090757,20261008080757,20261008090757,PM
2026-10-08T00:10:46.818284+00:00,PMP00505,06,2,20261008090757,20261008082758,20261008090757,,PM
2026-10-08T00:10:46.818284+00:00,PMP00505,11,2,20261008090758,20261008064757,20261008090758,,PM
2026-10-08T00:10:46.818284+00:00,PMP00505,12,2,20261008090758,20261008064757,20261008090758,,PM
2026-10-08T00:10:46.818284+00:00,PMP00506,05,3,20261008090757,20261008090757,20261007232757,20261008090757,PM
2026-10-08T00:10:46.818284+00:00,PMP00506,06,3,20261008090757,20261008090757,20261007230757,20261008090757,PM
2026-10-08T00:10:46.818284+00:00,PMP00506,07,2,20261008090757,20261008074757,20261008090757,,PM
2026-10-08T00:10:46.818284+00:00,PMP00506,08,2,20261008090757,20261008074757,20261008090757,,PM
2026-10-08T00:10:46.818284+00:00,PMP00509,01,3,20261008090757,20261008090757,20261008084757,20261008090757,PM
2026-10-08T00:10:46.818284+00:00,PMP00509,02,3,20261008090757,20261008090757,20261008084757,20261008090757,PM
2026-10-08T00:10:46.818284+00:00,PMP00512,03,2,20261008090757,20261008084757,20261008090757,,PM
2026-10-08T00:10:46.818284+00:00,PMP00513,03,3,20261008090757,20261008090757,20261008080757,20261008090757,PM
2026-10-08T00:10:46.818284+00:00,PMP00513,04,3,20261008090757,20261008090757,20261008074757,20261008090757,PM
2026-10-08T00:10:46.818284+00:00,PMP00513,05,3,20261008090757,20261008090757,20261008080757,20261008090757,PM
2026-10-08T00:10:46.818284+00:00,PMP00513,06,3,20261008090757,20261008090757,20261008080757,20261008090757,PM
2026-10-08T00:10:46.818284+00:00,PMP00513,09,2,20261008090757,20261008084757,20261008090757,,PM
2026-10-08T00:10:46.818284+00:00,PMP00513,11,3,20261008090757,20261008090757,20261008062757,20261008090757,PM
2026-10-08T00:10:46.818284+00:00,PMP00514,01,2,20261008090757,20261008084757,20261008090757,,PM
2026-10-08T00:10:46.818284+00:00,PMP00514,02,2,20261008090757,20261008084757,20261008090757,,PM
2026-10-08T00:10:46.818284+00:00,PMP00514,04,3,20261008090757,20261008090757,20261008084757,20261008090757,PM
2026-10-08T00:10:46.818284+00:00,PMP00516,03,3,20261008090757,20261008090757,20261008080757,20261008090757,PM
2026-10-08T00:10:46.818284+00:00,PMP00516,04,3,20261008090757,20261008090757,20261008020757,20261008090757,PM
2026-10-08T00:10:46.818284+00:00,PMP00516,05,3,20261008090757,20261008090757,20261008080757,20261008090757,PM
2026-10-08T00:10:46.818284+00:00,PMP00516,06,3,20261008090757,20261008090757,20261008082757,20261008090757,PM
2026-10-08T00:10:46.818284+00:00,PMP00519,01,1,20261008090819,20261008082757,20261008082819,,PM
2026-10-08T00:10:46.818284+00:00,PMP00519,02,1,20261008090819,20261008074757,20261008074819,,PM
2026-10-08T00:10:46.818284+00:00,PMP00519,03,1,20261008090819,20261008012757,20261008012819,,PM
2026-10-08T00:10:46.818284+00:00,PMP00519,04,1,20261008090819,20261008084757,20261008084819,,PM
2026-10-08T00:10:46.818284+00:00,PMP00519,05,1,20261008090819,20261008012757,20261008012819,,PM
2026-10-08T00:10:46.818284+00:00,PMP00519,06,1,20261008090819,20261008080757,20261008080819,,PM
2026-10-08T00:10:46.818284+00:00,PMP00519,07,1,20261008090819,20261008080757,20261008080819,,PM
2026-10-08T00:10:46.818284+00:00,PMP00519,08,1,20261008090819,20261008084757,20261008084819,,PM
2026-10-08T00:10:46.818284+00:00,PMP00519,09,1,20261008090819,20261007230757,20261007230819,,PM
2026-10-08T00:10:46.818284+00:00,PMP00519,10,1,20261008090819,20261008002757,20261008002819,,PM
2026-10-08T00:10:46.818284+00:00,PMP00519,11,1,20261008090819,20261008084757,20261008084819,,PM
2026-10-08T00:10:46.818284+00:00,PMP00519,12,1,20261008090819,20261008064757,20261008064819,,PM
2026-10-08T00:10:46.818284+00:00,PMP00519,13,1,20261008090819,20261007170757,20261007170819,,PM
2026-10-08T00:10:46.818284+00:00,PMP00519,14,1,20261008090819,20261008090757,20261008090819,,PM
2026-10-08T00:10:46.818284+00:00,PMP00519,15,1,20261008090819,20261008082757,20261008082819,,PM
2026-10-08T00:10:46.818284+00:00,PMP00519,16,1,20261008090819,20261007224757,20261007224819,,PM
2026-10-08T00:10:46.818284+00:00,PMP00525,01,2,20261008090757,20261008084757,20261008090757,,PM
2026-10-08T00:10:46.818284+00:00,PMP00525,02,3,20261008090757,20261008090757,20261008074757,20261008090757,PM
2026-10-08T00:10:46.818284+00:00,PMP00525,03,3,20261008090757,20261008090757,20261008084757,20261008090757,PM
2026-10-08T00:10:46.818284+00:00,PMP00525,04,3,20261008090757,20261008090757,20261008072757,20261008090757,PM
2026-10-08T00:10:46.818284+00:00,PMP00525,07,3,20261008090757,20261008090757,20261008074757,20261008090757,PM
2026-10-08T00:10:46.818284+00:00,PMP00526,01,3,20261008090757,20261008090757,20261008084757,20261008090757,PM
2026-10-08T00:10:46.818284+00:00,PMP00526,02,3,20261008090757,20261008090757,20261008082757,20261008090757,PM
2026-10-08T00:10:46.818284+00:00,PW000210,02,2,20261008090114,20261007224819,20261008071854,,PW
2026-10-08T00:10:46.818284+00:00,PW000210,04,2,20261008090611,20261007180339,20261008030414,,PW
2026-10-08T00:10:46.818284+00:00,PW011178,05,2,20261008090614,20261007173835,20261008032419,,PW
2026-10-08T00:10:46.818284+00:00,PW011178,08,3,20261008090214,20261008090214,20261007201029,20261008090110,PW
2026-10-08T00:10:46.818284+00:00,PW012050,01,2,20261008090216,20261007200629,20261008032205,,PW
2026-10-08T00:10:46.818284+00:00,PW012519,03,2,20261008090710,20261007175715,20261007231525,,PW
2026-10-08T00:10:46.818284+00:00,PW012541,05,2,20261008090711,20261007194746,20261007211810,,PW
2026-10-08T00:10:46.818284+00:00,PW013039,15,2,20261008090324,20261007192600,20261007201116,,PW
2026-10-08T00:10:46.818284+00:00,PW013079,02,3,20261008090324,20261008090324,20261008063150,20261008090050,PW
2026-10-08T00:10:46.818284+00:00,PW013083,03,2,20261008090721,20261007201112,20261008021144,,PW
2026-10-08T00:10:46.818284+00:00,PW013098,03,2,20261008090324,20261007160138,20261007220756,,PW
2026-10-08T00:10:46.818284+00:00,PW013101,10,2,20261008090721,20261007204118,20261008042655,,PW
2026-10-08T00:10:46.818284+00:00,PW013231,36,2,20261008090734,20261007230839,20261008060914,,PW
2026-10-08T00:10:46.818284+00:00,PW013447,10,3,20261008090351,20261008090351,20261007100823,20261008090158,PW
2026-10-08T00:10:46.818284+00:00,PW013448,14,2,20261008090351,20261007214039,20261008025614,,PW
2026-10-08T00:10:46.818284+00:00,PW013457,03,2,20261008090351,20261007171207,20261008003634,,PW
2026-10-08T00:10:46.818284+00:00,PW013460,08,3,20261008090353,20261008090353,20261008073753,20261008090003,PW
2026-10-08T00:10:46.818284+00:00,PW014214,07,3,20261008090417,20261008090417,20261007065617,20261008090347,PW
2026-10-08T00:10:46.818284+00:00,PW014228,05,2,20261008090821,20261007211549,20261007230108,,PW
2026-10-08T00:10:46.818284+00:00,PW014672,01,3,20261008090844,20261008090844,20261005163928,20261008090722,PW
2026-10-08T00:10:46.818284+00:00,PW014780,03,2,20261008090435,20261007204919,20261008064617,,PW
2026-10-08T00:10:46.818284+00:00,PW014838,01,3,20261008090847,20261008090847,20261007205923,20261008090808,PW
2026-10-08T00:10:46.818284+00:00,PW014875,02,3,20261008090848,20261008090848,20261007114241,20261008090749,PW
2026-10-08T00:10:46.818284+00:00,PW014875,03,3,20261008090848,20261008090848,20261007154710,20261008090636,PW
2026-10-08T00:10:46.818284+00:00,PW014904,06,2,20261008090909,20261007224050,20261008022618,,PW
2026-10-08T00:10:46.818284+00:00,PW015078,03,2,20261008090913,20261007193056,20261008010119,,PW
2026-10-08T00:10:46.818284+00:00,PW015148,17,2,20261008090102,20261007212827,20261008031618,,PW
2026-10-08T00:10:46.818284+00:00,PW015353,01,2,20261008090109,20261008064957,20261008085836,,PW
2026-10-08T00:10:46.818284+00:00,PW100023,05,3,20261008090408,20261008090408,20261007215858,20261008090247,PW
2026-10-08T00:10:46.818284+00:00,PW100202,05,2,20261008090610,20261007200427,20261008083514,,PW
2026-10-08T00:10:46.818284+00:00,PW100423,13,2,20261008090411,20261008000059,20261008040120,,PW
2026-10-08T00:10:46.818284+00:00,PW800110,01,2,20261008090411,20261007201644,20261008062149,,PW
2026-10-08T00:10:46.818284+00:00,PW800267,11,3,20261008090509,20261008090509,20261004102731,20261008090200,PW
2026-10-08T00:10:46.818284+00:00,PW800351,03,2,20261008090113,20261007205327,20261007222859,,PW
2026-10-08T00:10:46.818284+00:00,PW800511,03,2,20261008090126,20261008043217,20261008090113,,PW
2026-10-08T00:10:46.818284+00:00,PW800658,13,3,20261008090610,20261008090610,20261005173808,20261008090409,PW
2026-10-08T00:10:46.818284+00:00,PW801060,05,2,20261008090321,20261007223042,20261008033053,,PW
2026-10-08T00:10:46.818284+00:00,PW801496,18,2,20261008090345,20261007180022,20261008090222,,PW
2026-10-08T00:10:46.818284+00:00,PWE03301,04,3,20261008090920,20261008090920,20261005050119,20261008090920,PW
2026-10-08T00:10:46.818284+00:00,PWE06335,07,3,20261008090214,20261008090214,20261008085311,20261008090214,PW
2026-10-08T00:10:46.818284+00:00,SDSD0004,02,3,20261008090909,20261008090909,20261001175055,20261008090909,SD
2026-10-08T00:10:46.818284+00:00,SE000055,01,2,20261008090342,20261008074104,20261008090303,,SE
2026-10-08T00:10:46.818284+00:00,SE000061,01,2,20261008090543,20261008073134,20261008090533,,SE
2026-10-08T00:10:46.818284+00:00,SE000103,02,2,20261008090143,20261008075545,20261008090151,,SE
2026-10-08T00:10:46.818284+00:00,SE000106,01,3,20261008090443,20261008090320,20261007204605,20261008090320,SE
2026-10-08T00:10:46.818284+00:00,SE000121,01,2,20261008090643,20261008084114,20261008090628,,SE
2026-10-08T00:10:46.818284+00:00,SE000136,01,2,20261008090743,20261008065724,20261008090701,,SE
2026-10-08T00:10:46.818284+00:00,SE000153,01,2,20261008090143,20261008090033,20261008090140,,SE
2026-10-08T00:10:46.818284+00:00,SE000153,02,2,20261008090443,20261008090319,20261008090428,,SE
2026-10-08T00:10:46.818284+00:00,SE000154,03,2,20261008090343,20261008073240,20261008090324,,SE
2026-10-08T00:10:46.818284+00:00,SE000184,02,3,20261008090343,20261008090312,20261008075308,20261008090312,SE
2026-10-08T00:10:46.818284+00:00,SE000191,01,2,20261008090343,20261008082201,20261008090334,,SE
2026-10-08T00:10:46.818284+00:00,SE000204,06,3,20261008090343,20261008090321,20261007104743,20261008090321,SE
2026-10-08T00:10:46.818284+00:00,SE000204,08,3,20261008090243,20261008090228,20261007184855,20261008090228,SE
2026-10-08T00:10:46.818284+00:00,SE000228,01,3,20261008090643,20261008090555,20261007220010,20261008090555,SE
2026-10-08T00:10:46.818284+00:00,SF000617,01,2,20261008090329,20261007152616,20261008085555,,SF
2026-10-08T00:10:46.818284+00:00,SF000694,00,2,20261008090319,20261007232618,20261008085211,,SF
2026-10-08T00:10:46.818284+00:00,SF000768,15,2,20261008090354,20261007181311,20261008085406,,SF
2026-10-08T00:10:46.818284+00:00,SF001104,19,3,20261008090355,20261008090355,20260629180855,20261008085621,SF
2026-10-08T00:10:46.818284+00:00,SF001214,28,2,20261008090330,20261007215926,20261008085404,,SF
2026-10-08T00:10:46.818284+00:00,SF001338,14,2,20261008090355,20261007140535,20261008083748,,SF
2026-10-08T00:10:46.818284+00:00,SF001357,26,2,20261008090324,20261007152110,20261008085627,,SF
2026-10-08T00:10:46.818284+00:00,SF001414,17,2,20261008090353,20261007172559,20261008084235,,SF
2026-10-08T00:10:46.818284+00:00,SF001998,12,2,20261008090346,20261007215509,20261008083722,,SF
2026-10-08T00:10:46.818284+00:00,SF002193,01,2,20261008090352,20261007184452,20261008085513,,SF
2026-10-08T00:10:46.818284+00:00,SF002206,02,3,20261008090317,20261008090317,20261007191143,20261008085645,SF
2026-10-08T00:10:46.818284+00:00,SF002367,00,2,20261008090336,20261007205614,20261008085434,,SF
2026-10-08T00:10:46.818284+00:00,SF002462,01,3,20261008090344,20261008090344,20261007220707,20261008085322,SF
2026-10-08T00:10:46.818284+00:00,SF002802,68,2,20261008090336,20261007201643,20261008083813,,SF
2026-10-08T00:10:46.818284+00:00,SF003057,04,2,20261008090352,20261008064307,20261008085304,,SF
2026-10-08T00:10:46.818284+00:00,SF003079,04,2,20261008090326,20261008081645,20261008085322,,SF
2026-10-08T00:10:46.818284+00:00,SF003402,17,3,20261008090347,20261008090347,20261007121839,20261008085327,SF
2026-10-08T00:10:46.818284+00:00,SF003543,08,2,20261008090344,20261007121657,20261008083711,,SF
2026-10-08T00:10:46.818284+00:00,SF003573,02,3,20261008090400,20261008090400,20261008021956,20261008085416,SF
2026-10-08T00:10:46.818284+00:00,SF003688,00,3,20261008090338,20261008090338,20261007065303,20261008085644,SF
2026-10-08T00:10:46.818284+00:00,SN000027,01,2,20261008090642,20261008082635,20261008090639,,SN
2026-10-08T00:10:46.818284+00:00,ST111107,02,3,20261008090620,20260929175957,20260929215800,20261008090620,ST
2026-10-08T00:10:46.818284+00:00,ST111402,07,3,20261008090738,20261006070206,20261006121909,20261008090738,ST
2026-10-08T00:10:46.818284+00:00,ST111426,01,3,20261008090425,20261008090425,20261008082751,20261008090104,ST
2026-10-08T00:10:46.818284+00:00,ST111426,02,3,20261008090558,20261007221121,20261007225948,20261008090558,ST
2026-10-08T00:10:46.818284+00:00,ST112605,01,3,20261008090753,20261008090753,20261007234735,20261007231258,ST
2026-10-08T00:10:46.818284+00:00,ST112607,05,3,20261008090424,20261008090424,20261006151418,20261006064111,ST
2026-10-08T00:10:46.818284+00:00,ST112607,07,3,20261008090341,20261002090628,20261007131024,20261008090341,ST
2026-10-08T00:10:46.818284+00:00,ST113002,02,2,20261008090957,20261005045345,20261007125851,,ST
2026-10-08T00:10:46.818284+00:00,ST114420,01,2,20261008090822,20261008082818,20261008090822,,ST
2026-10-08T00:10:46.818284+00:00,ST114420,02,3,20261008090051,20261008014113,20261008021353,20261008090051,ST
2026-10-08T00:10:46.818284+00:00,ST115006,02,3,20261008090535,20261003001551,20261003011815,20261008090535,ST
2026-10-08T00:10:46.818284+00:00,ST115017,01,3,20261008090750,20261008090750,20261008075151,20261008060023,ST
2026-10-08T00:10:46.818284+00:00,ST115018,01,2,20261008090546,20261008064516,20261008064649,,ST
2026-10-08T00:10:46.818284+00:00,ST115021,14,2,20261008090349,20261006155032,20261008090115,,ST
2026-10-08T00:10:46.818284+00:00,ST115311,01,3,20261008090807,20261008090807,20261008072007,20261008063929,ST
2026-10-08T00:10:46.818284+00:00,ST115403,02,2,20261008090047,20261007140307,20261008085805,,ST
2026-10-08T00:10:46.818284+00:00,ST115614,02,3,20261008090942,20261008090942,20261008083738,20261008073721,ST
2026-10-08T00:10:46.818284+00:00,ST116214,04,3,20261008090234,20260929191739,20261001083150,20261008090234,ST
2026-10-08T00:10:46.818284+00:00,ST116505,08,3,20261008090933,20260929164950,20261007190330,20261008090933,ST
2026-10-08T00:10:46.818284+00:00,ST116513,06,2,20261008090545,20261008081346,20261008090545,,ST
2026-10-08T00:10:46.818284+00:00,ST116519,10,3,20261008090050,20261008061206,20261008061432,20261008090050,ST
2026-10-08T00:10:46.818284+00:00,ST116524,01,3,20261008090334,20261008090334,20261008045703,20261008090045,ST
2026-10-08T00:10:46.818284+00:00,ST116534,03,2,20261008090941,20261008071213,20261008082659,,ST
2026-10-08T00:10:46.818284+00:00,ST116803,02,3,20261008090803,20261008062656,20261008065402,20261008090803,ST
2026-10-08T00:10:46.818284+00:00,ST116811,06,3,20261008090624,20261006081137,20261007131605,20261008090624,ST
2026-10-08T00:10:46.818284+00:00,ST600041,06,3,20261008090733,20261007113157,20261007125721,20261008090733,ST
2026-10-08T00:10:46.818284+00:00,ST600080,01,3,20261008090750,20261007202555,20261007214239,20261008090750,ST
2026-10-08T00:10:46.818284+00:00,ST600090,01,2,20261008090339,20261007012747,20261007225618,,ST
2026-10-08T00:10:46.818284+00:00,ST600270,04,2,20261008090203,20261006195542,20261008090203,,ST
2026-10-08T00:10:46.818284+00:00,ST600323,02,2,20261008090948,20261008085948,20261008090948,,ST
2026-10-08T00:10:46.818284+00:00,ST600324,03,3,20261008090049,20261008010446,20261008082354,20261008090049,ST
2026-10-08T00:10:46.818284+00:00,ST600507,02,3,20261008090205,20261008090205,20261008080358,20261008073908,ST
2026-10-08T00:10:46.818284+00:00,ST600513,01,3,20261008090225,20261007194716,20261007205838,20261008090225,ST
2026-10-08T00:10:46.818284+00:00,ST600984,01,3,20261008090131,20261008004551,20261008012302,20261008090131,ST
2026-10-08T00:10:46.818284+00:00,ST600984,02,3,20261008090231,20261008054000,20261008060332,20261008090231,ST
2026-10-08T00:10:46.818284+00:00,ST601147,03,3,20261008090411,20261008090411,20261008065235,20261008085907,ST
2026-10-08T00:10:46.818284+00:00,ST601147,04,3,20261008090143,20261008073106,20261008074257,20261008090143,ST
2026-10-08T00:10:46.818284+00:00,ST601273,02,3,20261008090939,20261008054534,20261008062657,20261008090939,ST
2026-10-08T00:10:46.818284+00:00,ST601292,01,2,20261008090731,20261008042249,20261008050550,,ST
2026-10-08T00:10:46.818284+00:00,ST601333,15,3,20261008090622,20261001064529,20261007140401,20261008090622,ST
2026-10-08T00:10:46.818284+00:00,ST601467,01,2,20261008090344,20261008084026,20261008090047,,ST
2026-10-08T00:10:46.818284+00:00,ST601470,01,3,20261008090744,20261008040706,20261008063036,20261008090744,ST
2026-10-08T00:10:46.818284+00:00,ST601592,09,3,20261008090416,20261008090416,20261001173349,20261008090023,ST
2026-10-08T00:10:46.818284+00:00,ST601889,05,3,20261008090221,20261004185822,20261007020406,20261008090221,ST
2026-10-08T00:10:46.818284+00:00,ST602160,01,3,20261008090622,20261007051931,20261007154053,20261008090622,ST
2026-10-08T00:10:46.818284+00:00,ST602160,05,3,20261008090419,20261008090419,20261007110828,20261008085916,ST
2026-10-08T00:10:46.818284+00:00,SZBA0008,13,2,20261008090143,20261008083544,20261008090143,,SZ
2026-10-08T00:10:46.818284+00:00,SZBA0008,14,2,20261008090143,20261008083514,20261008090143,,SZ
2026-10-08T00:10:46.818284+00:00,SZBA0025,01,3,20261008090914,20261008090914,20261008090140,20261008090914,SZ
2026-10-08T00:10:46.818284+00:00,SZBA0025,02,3,20261008090949,20261008090949,20261008090142,20261008090949,SZ
2026-10-08T00:10:46.818284+00:00,SZBA0029,01,2,20261008090604,20261008084806,20261008090604,,SZ
2026-10-08T00:10:46.818284+00:00,SZBA0029,02,2,20261008090605,20261008084731,20261008090605,,SZ
2026-10-08T00:10:46.818284+00:00,UN000074,17,3,20261008090524,20261008090524,20261007205850,20261008090427,UN
