fetched_at,statId,chgerId,stat,statUpdDt,lastTsdt,lastTedt,nowTsdt,busiId
2026-10-10T00:02:19.488452+00:00,ME174067,01,2,20261010085710,20261010071754,20261010073704,,ME
2026-10-10T00:02:19.488452+00:00,ME181538,01,2,20261010085606,20261009184249,20261009192919,,ME
2026-10-10T00:02:19.488452+00:00,ME181539,01,2,20261010085742,20261006203339,20261006211418,,ME
2026-10-10T00:02:19.488452+00:00,ME181541,01,2,20261010085835,20261009145231,20261009153551,,ME
2026-10-10T00:02:19.488452+00:00,ME184129,01,2,20261010085730,20261009154324,20261009162646,,ME
2026-10-10T00:02:19.488452+00:00,ME184130,01,2,20261010085735,20261009112737,20261009121058,,ME
2026-10-10T00:02:19.488452+00:00,ME184131,01,3,20261010085835,20261009200014,20261009203345,20261010084320,ME
2026-10-10T00:02:19.488452+00:00,ME18A176,01,2,20261010085610,20261009184214,20261009192308,,ME
2026-10-10T00:02:19.488452+00:00,ME18A177,01,2,20261010085645,20261009142233,20261009145329,,ME
2026-10-10T00:02:19.488452+00:00,ME18A178,01,2,20261010085843,20261008171236,20261008174406,,ME
2026-10-10T00:02:19.488452+00:00,ME18A179,01,2,20261010085953,20261009155037,20261009160216,,ME
2026-10-10T00:02:19.488452+00:00,ME18A276,11,2,20261010085624,20261009125730,20261009134032,,ME
2026-10-10T00:02:19.488452+00:00,ME18A276,12,2,20261010085626,20260925101706,20260925104659,,ME
2026-10-10T00:02:19.488452+00:00,ME18A277,11,2,20261010085854,20261009224505,20261009230209,,ME
2026-10-10T00:02:19.488452+00:00,ME18A277,12,2,20261010085857,20261009114829,20261009121424,,ME
2026-10-10T00:02:19.488452+00:00,ME18A278,01,2,20261010085710,20261010083914,20261010084800,,ME
2026-10-10T00:02:19.488452+00:00,ME18A278,02,2,20261010085710,20261010075944,20261010081950,,ME
2026-10-10T00:02:19.488452+00:00,ME18A279,11,2,20261010085930,20261009172504,20261009175156,,ME
2026-10-10T00:02:19.488452+00:00,ME18A279,12,2,20261010085912,20261009153008,20261009155022,,ME
2026-10-10T00:02:19.488452+00:00,ME18A280,11,2,20261010085959,20261009201246,20261009204140,,ME
2026-10-10T00:02:19.488452+00:00,ME18A280,12,2,20261010085955,20261009192926,20261009201210,,ME
2026-10-10T00:02:19.488452+00:00,ME18A282,11,2,20261010085630,20261010075751,20261010082612,,ME
2026-10-10T00:02:19.488452+00:00,ME18A282,12,2,20261010085636,20261008162658,20261008170115,,ME
2026-10-10T00:02:19.488452+00:00,ME18A283,11,2,20261010085749,20261008084304,20261008090549,,ME
2026-10-10T00:02:19.488452+00:00,ME18A283,12,2,20261010085742,20261008162058,20261008164122,,ME
2026-10-10T00:02:19.488452+00:00,ME18A307,01,2,20261010085532,20261009160319,20261009163015,,ME
2026-10-10T00:02:19.488452+00:00,ME18A308,01,2,20261010085808,20261009150810,20261009153159,,ME
2026-10-10T00:02:19.488452+00:00,ME18A308,11,2,20261010085716,20261009151750,20261009153936,,ME
2026-10-10T00:02:19.488452+00:00,ME18A308,12,2,20261010085720,20261008161649,20261008164705,,ME
2026-10-10T00:02:19.488452+00:00,ME18A309,01,2,20261010085529,20261010081901,20261010084836,,ME
2026-10-10T00:02:19.488452+00:00,ME18A309,11,2,20261010085712,20261010075305,20261010081349,,ME
2026-10-10T00:02:19.488452+00:00,ME18A309,12,2,20261010085715,20261009211652,20261009214606,,ME
2026-10-10T00:02:19.488452+00:00,ME19B174,11,2,20261010085917,20261010041405,20261010044240,,ME
2026-10-10T00:02:19.488452+00:00,ME19B174,12,2,20261010085915,20261010062507,20261010070707,,ME
2026-10-10T00:02:19.488452+00:00,ME19D126,01,2,20261010085705,20261008160120,20261008163045,,ME
2026-10-10T00:02:19.488452+00:00,ME19D127,01,2,20261010085310,20261009142659,20261009150403,,ME
2026-10-10T00:02:19.488452+00:00,ME19Y240,21,5,20261010085511,20261009181905,20261009184153,,ME
2026-10-10T00:02:19.488452+00:00,ME19Y240,22,2,20261010085511,20261009185218,20261009185831,,ME
2026-10-10T00:02:19.488452+00:00,ME19Y269,01,2,20261010085715,20261010002344,20261010005512,,ME
2026-10-10T00:02:19.488452+00:00,ME19Y269,02,2,20261010085720,20261010055704,20261010062345,,ME
2026-10-10T00:02:19.488452+00:00,ME19Y270,01,2,20261010085616,20261009230932,20261009234015,,ME
2026-10-10T00:02:19.488452+00:00,ME19Y270,02,2,20261010085653,20261010064155,20261010071758,,ME
2026-10-10T00:02:19.488452+00:00,ME19Y271,01,2,20261010085654,20261008162358,20261008162530,,ME
2026-10-10T00:02:19.488452+00:00,ME19Y271,02,2,20261010085530,20261009170824,20261009174824,,ME
2026-10-10T00:02:19.488452+00:00,ME20B1e4,01,2,20261010085808,20261008202200,20261008203317,,ME
2026-10-10T00:02:19.488452+00:00,ME20B1e5,01,2,20261010085911,20261009151714,20261009155036,,ME
2026-10-10T00:02:19.488452+00:00,ME20B1e6,91,2,20261010085655,20261009185739,20261009193739,,ME
2026-10-10T00:02:19.488452+00:00,ME20B2a3,21,2,20261010085531,20261008081124,20261008082455,,ME
2026-10-10T00:02:19.488452+00:00,ME20B2a3,22,2,20261010085532,20261008153612,20261008161612,,ME
2026-10-10T00:02:19.488452+00:00,ME20B2a4,21,2,20261010085557,20261009230136,20261009231304,,ME
2026-10-10T00:02:19.488452+00:00,ME20B2a4,22,2,20261010085557,20261010002304,20261010004117,,ME
2026-10-10T00:02:19.488452+00:00,ME20B2a5,21,2,20261010085742,20261010005202,20261010012220,,ME
2026-10-10T00:02:19.488452+00:00,ME20B2a5,22,2,20261010085742,20261009164707,20261009172011,,ME
2026-10-10T00:02:19.488452+00:00,ME20B2a6,21,2,20261010085921,20261010083205,20261010084942,,ME
2026-10-10T00:02:19.488452+00:00,ME20B2a6,22,2,20261010085921,20261009184154,20261009185929,,ME
2026-10-10T00:02:19.488452+00:00,ME20B2a7,21,2,20261010085919,20261010061820,20261010065820,,ME
2026-10-10T00:02:19.488452+00:00,ME20B2a7,22,3,20261010090008,20261010070755,20261010074755,20261010084523,ME
2026-10-10T00:02:19.488452+00:00,ME20B2a8,21,2,20261010085840,20261009175427,20261009183427,,ME
2026-10-10T00:02:19.488452+00:00,ME20B2a8,22,2,20261010085840,20261007124936,20261007132936,,ME
2026-10-10T00:02:19.488452+00:00,ME20B2a9,21,2,20261010085813,20261009150442,20261009153221,,ME
2026-10-10T00:02:19.488452+00:00,ME20B2a9,22,2,20261010085813,20261009143500,20261009144235,,ME
2026-10-10T00:02:19.488452+00:00,ME20B2b0,21,5,20261010085926,20261005143505,20261005150342,,ME
2026-10-10T00:02:19.488452+00:00,ME20B2b0,22,5,20261010085926,20261005175606,20261005182530,,ME
2026-10-10T00:02:19.488452+00:00,ME20B2b1,21,2,20261010085848,20261008131334,20261008133504,,ME
2026-10-10T00:02:19.488452+00:00,ME20B2b1,22,2,20261010085848,20261009184235,20261009185701,,ME
2026-10-10T00:02:19.488452+00:00,ME20B2b3,21,3,20261010085932,20261009170259,20261009174259,20261010083927,ME
2026-10-10T00:02:19.488452+00:00,ME20B2b3,22,2,20261010085627,20261010071012,20261010075012,,ME
2026-10-10T00:02:19.488452+00:00,ME20B2b4,01,2,20261010085825,20261002092503,20261002100503,,ME
2026-10-10T00:02:19.488452+00:00,ME20B2b4,02,2,20261010085955,20261001134855,20261001142855,,ME
2026-10-10T00:02:19.488452+00:00,ME20B418,41,2,20261010085928,20261009161628,20261009165628,,ME
2026-10-10T00:02:19.488452+00:00,ME20B418,42,2,20261010085956,20261010052555,20261010054249,,ME
2026-10-10T00:02:19.488452+00:00,ME20B418,43,2,20261010090008,20261010083103,20261010084928,,ME
2026-10-10T00:02:19.488452+00:00,ME20B418,44,2,20261010085948,20261010070613,20261010071627,,ME
2026-10-10T00:02:19.488452+00:00,ME21B317,03,3,20261010085922,20261009200105,20261009201106,20261010084705,ME
2026-10-10T00:02:19.488452+00:00,ME21B409,02,2,20261010085908,20261010081856,20261010085902,,ME
2026-10-10T00:02:19.488452+00:00,ME21D081,01,3,20261010090001,20261010075136,20261010080659,20261010083337,ME
2026-10-10T00:02:19.488452+00:00,ME21D085,01,3,20261010085927,20261010062801,20261010064942,20261010085729,ME
2026-10-10T00:02:19.488452+00:00,ME21D091,01,2,20261010090000,20261010081957,20261010090003,,ME
2026-10-10T00:02:19.488452+00:00,ME21D092,01,3,20261010090002,20261010055520,20261010062711,20261010082924,ME
2026-10-10T00:02:19.488452+00:00,ME21D107,01,3,20261010085944,20261010011157,20261010012836,20261010085345,ME
2026-10-10T00:02:19.488452+00:00,ME21X010,01,2,20261010085550,20261009163232,20261009170153,,ME
2026-10-10T00:02:19.488452+00:00,ME21X014,01,2,20261010085810,20261009142217,20261009150452,,ME
2026-10-10T00:02:19.488452+00:00,ME21X015,01,3,20261010085831,20261010031652,20261010035435,20261010043516,ME
2026-10-10T00:02:19.488452+00:00,ME22C1F9,01,3,20261010085822,20261009161634,20261009165256,20261010083806,ME
2026-10-10T00:02:19.488452+00:00,ME22D155,01,2,20261010085957,20261009181920,20261009185920,,ME
2026-10-10T00:02:19.488452+00:00,ME22D156,01,2,20261010085950,20261010071736,20261010072823,,ME
2026-10-10T00:02:19.488452+00:00,ME22D161,01,2,20261010085557,20261010041244,20261010043827,,ME
2026-10-10T00:02:19.488452+00:00,ME22D162,01,2,20261010085924,20261010082323,20261010085018,,ME
2026-10-10T00:02:19.488452+00:00,ME22D176,01,2,20261010085623,20261005160320,20261005164320,,ME
2026-10-10T00:02:19.488452+00:00,ME22D1H0,01,2,20261010085945,20261009175752,20261009183801,,ME
2026-10-10T00:02:19.488452+00:00,ME22D219,01,5,20261010090006,20261010053725,20261010061725,,ME
2026-10-10T00:02:19.488452+00:00,ME22D219,02,2,20261010085656,20261010061251,20261010062856,,ME
2026-10-10T00:02:19.488452+00:00,ME22D235,01,2,20261010085736,20261010051249,20261010055249,,ME
2026-10-10T00:02:19.488452+00:00,ME22D235,02,5,20261010085801,20261010080653,20261010082453,,ME
2026-10-10T00:02:19.488452+00:00,ME22D401,01,2,20261010090005,20261010075951,20261010083951,,ME
2026-10-10T00:02:19.488452+00:00,ME22D401,02,2,20261010085957,20261009060029,20261009061802,,ME
2026-10-10T00:02:19.488452+00:00,ME22D401,03,5,20261010085956,20261010062314,20261010065036,,ME
2026-10-10T00:02:19.488452+00:00,ME22D401,04,3,20261010085641,20261010072411,20261010073609,20261010082622,ME
2026-10-10T00:02:19.488452+00:00,ME25C183,01,2,20261010085529,20261008212457,20261008220459,,ME
2026-10-10T00:02:19.488452+00:00,ME25C184,01,2,20261010085926,20261010084159,20261010085646,,ME
2026-10-10T00:02:19.488452+00:00,ME25C282,21,2,20261010085944,20261009110217,20261009111829,,ME
2026-10-10T00:02:19.488452+00:00,ME25C282,22,2,20261010085946,20261009212409,20261009220048,,ME
2026-10-10T00:02:19.488452+00:00,ME25C283,01,2,20261010085519,20261008183223,20261008184256,,ME
2026-10-10T00:02:19.488452+00:00,ME25C283,02,3,20261010085932,20261009154903,20261009155910,20261010085116,ME
2026-10-10T00:02:19.488452+00:00,ME25C284,01,2,20261010085707,20261009201001,20261009205002,,ME
2026-10-10T00:02:19.488452+00:00,ME25C284,02,2,20261010085738,20261008173203,20261008175000,,ME
2026-10-10T00:02:19.488452+00:00,BE241056,01,3,20261010085822,20261010085822,20261009153755,20261010085822,BE
2026-10-10T00:02:19.488452+00:00,BE250111,02,3,20261010085944,20261010085944,20261010082317,20261010085944,BE
2026-10-10T00:02:19.488452+00:00,BE250114,01,2,20261010085249,20261010083107,20261010085249,,BE
2026-10-10T00:02:19.488452+00:00,BE250114,04,2,20261010085320,20261009173318,20261010085320,,BE
2026-10-10T00:02:19.488452+00:00,CV001152,01,2,20261010085520,20261010083941,20261010085156,,CV
2026-10-10T00:02:19.488452+00:00,CV001193,03,2,20261010085520,20261010081234,20261010085309,,CV
2026-10-10T00:02:19.488452+00:00,CV001263,01,2,20261010090022,20261010082806,20261010085944,,CV
2026-10-10T00:02:19.488452+00:00,CV002095,02,2,20261010085530,20261010082517,20261010085056,,CV
2026-10-10T00:02:19.488452+00:00,ER000226,02,2,20261010085248,20261010035726,20261009233247,,ER
2026-10-10T00:02:19.488452+00:00,EV018538,03,3,20261010085413,20261009173516,20261009234704,20261010085413,EV
2026-10-10T00:02:19.488452+00:00,GR000009,02,3,20261010085846,20261010085802,20261010085806,20261010085846,GR
2026-10-10T00:02:19.488452+00:00,GS000117,03,5,20261010085818,20261010003812,20261010005918,,GS
2026-10-10T00:02:19.488452+00:00,HD000018,02,2,20261010085300,20261010083023,20261010085246,,HD
2026-10-10T00:02:19.488452+00:00,HE240436,04,2,20261010085900,20261009214900,20261010085900,,HE
2026-10-10T00:02:19.488452+00:00,HE240438,01,3,20261010085300,20261010085300,20261009032901,20261010085300,HE
2026-10-10T00:02:19.488452+00:00,HM001063,03,2,20261010085611,20261010081409,20261010085406,,HM
2026-10-10T00:02:19.488452+00:00,HM910001,09,2,20261010085823,20261009190832,20261010023126,,HM
2026-10-10T00:02:19.488452+00:00,HY001110,08,2,20261010085404,20261009162737,20261010085314,,HY
2026-10-10T00:02:19.488452+00:00,HY001110,22,2,20261010085404,20261009214025,20261010085355,,HY
2026-10-10T00:02:19.488452+00:00,HY001163,02,2,20261010085404,20261009192629,20261010085336,,HY
2026-10-10T00:02:19.488452+00:00,JA500009,04,2,20261010085613,20261010082811,20261010085613,,JA
2026-10-10T00:02:19.488452+00:00,JD000054,01,1,20261010090109,20260820114629,20260820143748,,JD
2026-10-10T00:02:19.488452+00:00,JD000057,04,2,20261010085700,20261010071800,20261010085700,,JD
2026-10-10T00:02:19.488452+00:00,JD100002,01,2,20261010085248,20261010081108,20261010085109,,JD
2026-10-10T00:02:19.488452+00:00,JD100005,02,3,20261010085400,20261010085400,20261009142700,20261010085400,JD
2026-10-10T00:02:19.488452+00:00,JD100010,01,2,20261010090109,20261010081526,20261010085526,,JD
2026-10-10T00:02:19.488452+00:00,JD100021,02,3,20261010085650,20261010085650,20261009230412,20261010085639,JD
2026-10-10T00:02:19.488452+00:00,JD100039,01,3,20261010085847,20261010085847,20261009221715,20261010085834,JD
2026-10-10T00:02:19.488452+00:00,JD110003,01,2,20261010085552,20261010085214,20261010085219,,JD
2026-10-10T00:02:19.488452+00:00,JD110063,01,2,20261010085650,20261010081415,20261010085416,,JD
2026-10-10T00:02:19.488452+00:00,JD110067,01,2,20261010085552,20261010085124,20261010085132,,JD
2026-10-10T00:02:19.488452+00:00,JD110069,01,3,20261010085248,20261010085248,20261009223936,20261010085218,JD
2026-10-10T00:02:19.488452+00:00,JD110075,02,3,20261010085948,20261010085948,20261010084045,20261010085910,JD
2026-10-10T00:02:19.488452+00:00,JD110080,02,2,20261010085650,20261010081512,20261010085512,,JD
2026-10-10T00:02:19.488452+00:00,JD110098,01,3,20261010085248,20261010085248,20261010080836,20261010085154,JD
2026-10-10T00:02:19.488452+00:00,JD110102,01,2,20261010085650,20261007203000,20261007203006,,JD
2026-10-10T00:02:19.488452+00:00,JD110114,03,3,20261010085651,20261010085651,20261007182423,20261010085538,JD
2026-10-10T00:02:19.488452+00:00,JD110146,01,2,20261010085848,20261010081508,20261010085508,,JD
2026-10-10T00:02:19.488452+00:00,JE010021,06,2,20261010090044,20261010065038,20261010085915,,JE
2026-10-10T00:02:19.488452+00:00,JE010137,03,1,20261010085223,20261004174854,20261004210016,,JE
2026-10-10T00:02:19.488452+00:00,JE010186,01,2,20261010090044,20261010065659,20261010085855,,JE
2026-10-10T00:02:19.488452+00:00,JE010228,03,3,20261010085623,20261010061357,20261010065743,20261010085558,JE
2026-10-10T00:02:19.488452+00:00,JE010247,03,2,20261010085223,20261010082519,20261010085130,,JE
2026-10-10T00:02:19.488452+00:00,JE010274,01,3,20261010085425,20261009163620,20261010070006,20261010085347,JE
2026-10-10T00:02:19.488452+00:00,JE010281,05,2,20261010085823,20261010081610,20261010085352,,JE
2026-10-10T00:02:19.488452+00:00,JE010281,06,2,20261010085823,20261010073123,20261010075721,,JE
2026-10-10T00:02:19.488452+00:00,JE010289,02,3,20261010085223,20261009094807,20261009102128,20261010085033,JE
2026-10-10T00:02:19.488452+00:00,JE010327,07,2,20261010090045,20261010083357,20261010090013,,JE
2026-10-10T00:02:19.488452+00:00,JE010329,02,2,20261010090045,20261010083724,20261010085948,,JE
2026-10-10T00:02:19.488452+00:00,JE010332,01,2,20261010085425,20261010080432,20261010085300,,JE
2026-10-10T00:02:19.488452+00:00,JE010374,01,2,20261010085425,20261010082632,20261010085318,,JE
2026-10-10T00:02:19.488452+00:00,JE020157,10,2,20261010085223,20261010081322,20261010085144,,JE
2026-10-10T00:02:19.488452+00:00,JE020157,13,3,20261010085425,20261009144423,20261009151605,20261010085316,JE
2026-10-10T00:02:19.488452+00:00,JE040082,04,2,20261010085223,20261009144346,20261010084741,,JE
2026-10-10T00:02:19.488452+00:00,JE040129,01,2,20261010085223,20261010080430,20261010085040,,JE
2026-10-10T00:02:19.488452+00:00,JE043014,01,2,20261010085824,20261010085049,20261010085723,,JE
2026-10-10T00:02:19.488452+00:00,JE900076,03,2,20261010085224,20261009151743,20261009181422,,JE
2026-10-10T00:02:19.488452+00:00,JE900088,05,2,20261010085624,20261009190521,20261009211801,,JE
2026-10-10T00:02:19.488452+00:00,JE900124,02,2,20261010090046,20261010041323,20261010085947,,JE
2026-10-10T00:02:19.488452+00:00,JE900137,02,3,20261010085426,20261007210646,20261008051017,20261010085241,JE
2026-10-10T00:02:19.488452+00:00,JE900207,01,2,20261010085224,20261010081430,20261010085114,,JE
2026-10-10T00:02:19.488452+00:00,JE900211,01,2,20261010090046,20261009165614,20261010010628,,JE
2026-10-10T00:02:19.488452+00:00,JE900240,01,2,20261010085426,20261010031743,20261010054025,,JE
2026-10-10T00:02:19.488452+00:00,JE910019,01,2,20261010085426,20261009201617,20261010041807,,JE
2026-10-10T00:02:19.488452+00:00,JE910019,02,2,20261010085625,20261009191850,20261009223643,,JE
2026-10-10T00:02:19.488452+00:00,JE910022,01,3,20261010090046,20261009214450,20261010022230,20261010085835,JE
2026-10-10T00:02:19.488452+00:00,JE910112,08,2,20261010090046,20261009192901,20261010062721,,JE
2026-10-10T00:02:19.488452+00:00,JE910139,05,2,20261010090046,20261009180818,20261009222957,,JE
2026-10-10T00:02:19.488452+00:00,KP000258,01,3,20261010090004,20261009092308,20261009101001,20261010085454,KP
2026-10-10T00:02:19.488452+00:00,KP000416,01,2,20261010090020,20261010084432,20261010084936,,KP
2026-10-10T00:02:19.488452+00:00,KP001172,03,3,20261010090027,20261009192157,20261010003001,20261010090027,KP
2026-10-10T00:02:19.488452+00:00,KP001182,01,2,20261010090021,20261009214645,20261010085252,,KP
2026-10-10T00:02:19.488452+00:00,KP001191,03,3,20261010090005,20261009180547,20261009220511,20261010085243,KP
2026-10-10T00:02:19.488452+00:00,KP002018,01,2,20261010090030,20261010083134,20261010084552,,KP
2026-10-10T00:02:19.488452+00:00,KP003302,01,2,20261010090027,20261009195725,20261010085648,,KP
2026-10-10T00:02:19.488452+00:00,KP004657,01,3,20261010090032,20261007155525,20261007161846,20261010085948,KP
2026-10-10T00:02:19.488452+00:00,KP004703,01,2,20261010090026,20261010082248,20261010085810,,KP
2026-10-10T00:02:19.488452+00:00,MO501104,02,9,20261010090005,20261009194416,20261009194417,,MO
2026-10-10T00:02:19.488452+00:00,MO501106,01,9,20261010090005,20260902190154,20260902190209,,MO
2026-10-10T00:02:19.488452+00:00,MO501126,02,2,20261010090005,20261010090001,20261010090005,,MO
2026-10-10T00:02:19.488452+00:00,MO501129,01,2,20261010090005,20241216213918,20241216213918,,MO
2026-10-10T00:02:19.488452+00:00,MO501129,02,2,20261010090005,20241217202230,20241217202230,,MO
2026-10-10T00:02:19.488452+00:00,MO501143,01,2,20261010090005,20250706175600,20250706175615,,MO
2026-10-10T00:02:19.488452+00:00,MO501143,02,9,20261010090005,20241016172006,20241016172006,,MO
2026-10-10T00:02:19.488452+00:00,MO501150,01,2,20261010090005,20260930190539,20260930190540,,MO
2026-10-10T00:02:19.488452+00:00,MTKAKAOR,03,3,20261010085456,20261010085456,20261009231250,20261010085456,MT
2026-10-10T00:02:19.488452+00:00,NT102698,04,2,20261010085750,20261010021850,20261010084950,,NT
2026-10-10T00:02:19.488452+00:00,NT102712,01,2,20261010085250,20261010082050,20261010085250,,NT
2026-10-10T00:02:19.488452+00:00,PC001637,01,2,20261010085854,20261009164105,20261009165319,,PC
2026-10-10T00:02:19.488452+00:00,PI793205,11,3,20261010085808,20261010085608,20261009210238,20261010085808,PI
2026-10-10T00:02:19.488452+00:00,PIH00488,13,2,20261010085741,20261009194941,20261010004645,,PI
2026-10-10T00:02:19.488452+00:00,PIH01067,03,2,20261010085741,20261009195908,20261010085241,,PI
2026-10-10T00:02:19.488452+00:00,PIH01167,09,3,20261010085225,20261010085202,20261009102438,20261010085225,PI
2026-10-10T00:02:19.488452+00:00,PL000236,02,2,20261010090035,20261009204423,20261010090035,,PL
2026-10-10T00:02:19.488452+00:00,PL031494,10,3,20261010085842,20261010085842,20261010061118,20261010085842,PL
2026-10-10T00:02:19.488452+00:00,PW011965,01,3,20261010090015,20261010090015,20261008161621,20261010085918,PW
2026-10-10T00:02:19.488452+00:00,PW013104,06,2,20261010085622,20261010003109,20261010064642,,PW
2026-10-10T00:02:19.488452+00:00,PW013893,01,2,20261010085709,20261009210709,20261010063752,,PW
2026-10-10T00:02:19.488452+00:00,PW800015,08,2,20261010085909,20261009175939,20261009214005,,PW
2026-10-10T00:02:19.488452+00:00,PWE00799,06,3,20261010090108,20261010090108,20261010084310,20261010090108,PW
2026-10-10T00:02:19.488452+00:00,RE000239,09,3,20261010085803,20261010085803,20261010002535,20261010085608,RE
2026-10-10T00:02:19.488452+00:00,RE000240,08,3,20261010085603,20261010085603,20261009162729,20261010085451,RE
2026-10-10T00:02:19.488452+00:00,RE000241,11,2,20261010085603,20261009143954,20261009144038,,RE
2026-10-10T00:02:19.488452+00:00,SO000046,04,2,20261010085509,20261010004202,20261010085008,,SO
2026-10-10T00:02:19.488452+00:00,ST501152,03,2,20261010085743,20261010065032,20261010090514,,ST
2026-10-10T00:02:19.488452+00:00,ST501159,04,2,20261010085601,20261010084054,20261010085258,,ST
2026-10-10T00:02:19.488452+00:00,ST601108,04,2,20261010085409,20261010065554,20261010085229,,ST
2026-10-10T00:02:19.488452+00:00,TDO00056,01,2,20261010090002,20261010082131,20261010085051,,TD
2026-10-10T00:02:19.488452+00:00,TDO00087,01,1,20261010090012,20261009174415,20261009205139,,TD
2026-10-10T00:02:19.488452+00:00,TDO00088,01,1,20261010090007,20261009163310,20261010041144,,TD
2026-10-10T00:02:19.488452+00:00,TDO00091,02,3,20261010090007,20261010085319,20261008213939,20261010085319,TD
2026-10-10T00:02:19.488452+00:00,UP414735,02,2,20261010090004,20261009224001,20261010090004,,UP
2026-10-10T00:02:19.488452+00:00,ME174046,01,2,20261010085558,20261009142311,20261009150935,,ME
2026-10-10T00:02:19.488452+00:00,ME174050,01,2,20261010085657,20261001170730,20261001170951,,ME
2026-10-10T00:02:19.488452+00:00,ME174050,02,2,20261010085742,20261008143529,20261008151854,,ME
2026-10-10T00:02:19.488452+00:00,ME174050,03,2,20261010085932,20261009111442,20261009115029,,ME
2026-10-10T00:02:19.488452+00:00,ME174050,04,2,20261010085709,20261009141933,20261009143159,,ME
2026-10-10T00:02:19.488452+00:00,ME174050,05,2,20261010085708,20261005144243,20261005151909,,ME
2026-10-10T00:02:19.488452+00:00,ME174061,01,2,20261010085848,20261009182815,20261009185350,,ME
2026-10-10T00:02:19.488452+00:00,ME174062,01,2,20261010085722,20261009151028,20261009155032,,ME
2026-10-10T00:02:19.488452+00:00,ME183101,01,2,20261010085952,20261006164049,20261006164233,,ME
2026-10-10T00:02:19.488452+00:00,ME183101,02,2,20261010085641,20261009145721,20261009151943,,ME
2026-10-10T00:02:19.488452+00:00,ME183101,03,2,20261010085520,20261010080755,20261010081748,,ME
2026-10-10T00:02:19.488452+00:00,ME183101,04,2,20261010085643,20261008095259,20261008101121,,ME
2026-10-10T00:02:19.488452+00:00,ME183101,52,2,20261010085638,20261004145214,20261004150345,,ME
2026-10-10T00:02:19.488452+00:00,ME183101,54,2,20261010085652,20261008114833,20261008123135,,ME
2026-10-10T00:02:19.488452+00:00,ME183102,02,2,20261010085614,20261009090915,20261009093759,,ME
2026-10-10T00:02:19.488452+00:00,ME183102,52,2,20261010085626,20261006112945,20261006121250,,ME
2026-10-10T00:02:19.488452+00:00,ME184122,01,2,20261010085858,20261009104248,20261009112343,,ME
2026-10-10T00:02:19.488452+00:00,ME184124,01,2,20261010085721,20261010064520,20261010070825,,ME
2026-10-10T00:02:19.488452+00:00,ME184125,01,2,20261010085559,20261009165705,20261009172710,,ME
2026-10-10T00:02:19.488452+00:00,ME184126,02,2,20261010085540,20261009202346,20261009210822,,ME
2026-10-10T00:02:19.488452+00:00,ME18A173,01,2,20261010085947,20261009172642,20261009180947,,ME
2026-10-10T00:02:19.488452+00:00,ME18A175,01,2,20261010085941,20261008171919,20261008173840,,ME
2026-10-10T00:02:19.488452+00:00,ME18A180,01,2,20261010085515,20261008181738,20261008182838,,ME
2026-10-10T00:02:19.488452+00:00,ME18A268,11,2,20261010085712,20261009142805,20261009151109,,ME
2026-10-10T00:02:19.488452+00:00,ME18A268,12,2,20261010085708,20261009112000,20261009120303,,ME
2026-10-10T00:02:19.488452+00:00,ME18A269,11,2,20261010085840,20261009085416,20261009090613,,ME
2026-10-10T00:02:19.488452+00:00,ME18A269,12,2,20261010085830,20261010071705,20261010075351,,ME
2026-10-10T00:02:19.488452+00:00,ME18A270,11,2,20261010085835,20261007090021,20261007092403,,ME
2026-10-10T00:02:19.488452+00:00,ME18A270,12,3,20261010085838,20261010064935,20261010072703,20261010082330,ME
2026-10-10T00:02:19.488452+00:00,ME18A271,01,2,20261010085808,20261008161912,20261008170121,,ME
2026-10-10T00:02:19.488452+00:00,ME18A271,02,2,20261010085948,20261008123004,20261008124324,,ME
2026-10-10T00:02:19.488452+00:00,ME18A272,11,2,20261010085720,20261010081411,20261010085717,,ME
2026-10-10T00:02:19.488452+00:00,ME18A272,12,2,20261010085513,20261009145037,20261009150958,,ME
2026-10-10T00:02:19.488452+00:00,ME18A273,11,2,20261010085649,20261009165317,20261009170313,,ME
2026-10-10T00:02:19.488452+00:00,ME18A273,12,2,20261010085655,20261009153639,20261009155300,,ME
2026-10-10T00:02:19.488452+00:00,ME18A274,11,2,20261010085601,20261009214526,20261009222832,,ME
2026-10-10T00:02:19.488452+00:00,ME18A274,12,2,20261010085559,20261009141258,20261009145603,,ME
2026-10-10T00:02:19.488452+00:00,ME18A275,11,2,20261010085936,20261009211507,20261009212535,,ME
2026-10-10T00:02:19.488452+00:00,ME18A275,12,2,20261010085930,20261009171451,20261009173059,,ME
2026-10-10T00:02:19.488452+00:00,ME18A281,11,2,20261010085658,20261008133854,20261008141829,,ME
2026-10-10T00:02:19.488452+00:00,ME18A281,12,2,20261010085705,20261008153026,20261008154650,,ME
2026-10-10T00:02:19.488452+00:00,ME18A306,01,2,20261010085732,20261008194246,20261008201332,,ME
2026-10-10T00:02:19.488452+00:00,ME18A306,11,2,20261010085712,20261002121626,20261002130155,,ME
2026-10-10T00:02:19.488452+00:00,ME18A306,12,2,20261010085716,20261006203629,20261006210538,,ME
2026-10-10T00:02:19.488452+00:00,ME18A404,03,9,20261010085310,20261007110848,20261007112848,,ME
2026-10-10T00:02:19.488452+00:00,ME19B169,01,2,20261010085529,20261007162951,20261007165506,,ME
2026-10-10T00:02:19.488452+00:00,ME19B170,01,2,20261010085639,20261009174834,20261009180634,,ME
2026-10-10T00:02:19.488452+00:00,ME19B171,01,2,20261010085936,20261009165032,20261009173032,,ME
2026-10-10T00:02:19.488452+00:00,ME19B172,01,2,20261010085945,20261009205814,20261009210601,,ME
2026-10-10T00:02:19.488452+00:00,ME19B173,01,2,20261010085724,20261009203900,20261009211904,,ME
2026-10-10T00:02:19.488452+00:00,ME20B1e1,01,2,20261010085621,20261008140101,20261008141347,,ME
2026-10-10T00:02:19.488452+00:00,ME20B1e2,01,2,20261010085935,20261009073535,20261009081148,,ME
2026-10-10T00:02:19.488452+00:00,ME20B1e3,01,2,20261010085629,20261008180620,20261008184620,,ME
2026-10-10T00:02:19.488452+00:00,ME20B2a0,91,2,20261010085533,20261009113010,20261009120048,,ME
2026-10-10T00:02:19.488452+00:00,ME20B2a0,92,2,20261010085533,20261005122044,20261005123945,,ME
2026-10-10T00:02:19.488452+00:00,ME20B2a1,21,2,20261010085523,20261008145750,20261008153127,,ME
2026-10-10T00:02:19.488452+00:00,ME20B2a1,22,2,20261010085523,20261007131536,20261007132823,,ME
2026-10-10T00:02:19.488452+00:00,ME20B2a2,21,2,20261010085930,20261009114904,20261009121010,,ME
2026-10-10T00:02:19.488452+00:00,ME20B2a2,22,2,20261010085931,20261002070459,20261002072043,,ME
2026-10-10T00:02:19.488452+00:00,ME20B416,21,2,20261010085550,20261008075217,20261008075827,,ME
2026-10-10T00:02:19.488452+00:00,ME20B416,22,2,20261010085550,20261010071226,20261010072940,,ME
2026-10-10T00:02:19.488452+00:00,ME20B416,23,2,20261010085928,20261009180058,20261009182853,,ME
2026-10-10T00:02:19.488452+00:00,ME20B416,24,2,20261010085928,20261009184412,20261009192412,,ME
2026-10-10T00:02:19.488452+00:00,ME20B417,41,2,20261010085756,20261008102754,20261008110016,,ME
2026-10-10T00:02:19.488452+00:00,ME20B417,42,2,20261010085824,20261008174327,20261008180422,,ME
2026-10-10T00:02:19.488452+00:00,ME20B417,43,2,20261010085830,20261009124539,20261009131711,,ME
2026-10-10T00:02:19.488452+00:00,ME20B417,44,2,20261010085823,20261009122329,20261009123050,,ME
2026-10-10T00:02:19.488452+00:00,ME21B318,02,2,20261010085655,20261010081648,20261010085654,,ME
2026-10-10T00:02:19.488452+00:00,ME21D057,01,3,20261010085859,20261009165547,20261009171137,20261010083233,ME
2026-10-10T00:02:19.488452+00:00,ME21D058,01,3,20261010085821,20261010064336,20261010070726,20261010084158,ME
2026-10-10T00:02:19.488452+00:00,ME21D064,01,3,20261010085846,20261010072302,20261010074435,20261010085450,ME
2026-10-10T00:02:19.488452+00:00,ME21D068,01,2,20261010085926,20261010081624,20261010085933,,ME
2026-10-10T00:02:19.488452+00:00,ME21D069,01,3,20261010085949,20261009225529,20261009231339,20261010083523,ME
2026-10-10T00:02:19.488452+00:00,ME21D074,01,3,20261010085833,20261009221318,20261009225321,20261010083815,ME
2026-10-10T00:02:19.488452+00:00,ME21X008,01,2,20261010085634,20261009194634,20261009202655,,ME
2026-10-10T00:02:19.488452+00:00,ME22A611,32,3,20261010090009,20261010062939,20261010070634,20261010083345,ME
2026-10-10T00:02:19.488452+00:00,ME22B336,81,3,20261010085809,20261010045058,20261010052623,20261010084156,ME
2026-10-10T00:02:19.488452+00:00,ME22D1H1,01,3,20261010085921,20261010081038,20261010082630,20261010083908,ME
2026-10-10T00:02:19.488452+00:00,ME25C181,01,2,20261010085959,20261009202350,20261009210352,,ME
2026-10-10T00:02:19.488452+00:00,ME25C182,01,4,20261010085814,20261009185249,20261009190353,,ME
2026-10-10T00:02:19.488452+00:00,ME25C281,21,2,20261010085943,20261009104217,20261009110215,,ME
2026-10-10T00:02:19.488452+00:00,ME25C281,22,2,20261010085946,20261009101815,20261009103157,,ME
2026-10-10T00:02:19.488452+00:00,ME25C318,01,2,20261010085716,20261009065121,20261009072419,,ME
2026-10-10T00:02:19.488452+00:00,ME25C318,21,4,20261010085939,20261008164510,20261008170220,,ME
2026-10-10T00:02:19.488452+00:00,ME25C318,22,2,20261010085927,20261007135113,20261007140134,,ME
2026-10-10T00:02:19.488452+00:00,ME25C431,01,2,20261010085711,20260914133046,20260914133228,,ME
2026-10-10T00:02:19.488452+00:00,ME25C431,02,2,20261010085852,20261008115826,20261008123543,,ME
2026-10-10T00:02:19.488452+00:00,ME25C431,03,2,20261010085731,20261009233136,20261009235423,,ME
2026-10-10T00:02:19.488452+00:00,ME25C431,04,2,20261010085827,20261009141225,20261009142327,,ME
2026-10-10T00:02:19.488452+00:00,CV002663,01,2,20261010085536,20261006161229,20261006161340,,CV
2026-10-10T00:02:19.488452+00:00,CV004597,13,3,20261010085546,20261010085334,20261010085342,20261010085546,CV
2026-10-10T00:02:19.488452+00:00,EC500001,02,2,20261010085602,20261010082151,20261010085516,,EC
2026-10-10T00:02:19.488452+00:00,EV017763,06,3,20261010085840,20261009075259,20261009154156,20261010085821,EV
2026-10-10T00:02:19.488452+00:00,GR000026,03,2,20261010090001,20261009214837,20261010054453,,GR
2026-10-10T00:02:19.488452+00:00,HE230005,02,3,20261010085400,20261010085400,20261009194055,20261010085400,HE
2026-10-10T00:02:19.488452+00:00,HM000107,03,3,20261010085401,20261009173947,20261009184949,20261010085205,HM
2026-10-10T00:02:19.488452+00:00,JA500018,10,2,20261010085619,20261009202820,20261010085619,,JA
2026-10-10T00:02:19.488452+00:00,JD000004,02,3,20261010085947,20261010085947,20261009163351,20261010085838,JD
2026-10-10T00:02:19.488452+00:00,JD160012,01,2,20261010085651,20261010081534,20261010085535,,JD
2026-10-10T00:02:19.488452+00:00,JD160026,01,2,20261010085553,20261010085027,20261010085047,,JD
2026-10-10T00:02:19.488452+00:00,JD160086,01,3,20261010085248,20261010085248,20261010074352,20261010085149,JD
2026-10-10T00:02:19.488452+00:00,JE020104,03,2,20261010085223,20261010072229,20261010080100,,JE
2026-10-10T00:02:19.488452+00:00,JE040123,18,2,20261010085624,20261009194748,20261010011316,,JE
2026-10-10T00:02:19.488452+00:00,JE043002,37,3,20261010085824,20261009185358,20261009194602,20261010085737,JE
2026-10-10T00:02:19.488452+00:00,JE900006,01,2,20261010085224,20261010073102,20261010085113,,JE
2026-10-10T00:02:19.488452+00:00,JE900107,01,2,20261010085624,20261010075234,20261010085521,,JE
2026-10-10T00:02:19.488452+00:00,JE900204,01,2,20261010085426,20261010082348,20261010085330,,JE
2026-10-10T00:02:19.488452+00:00,JE900216,01,2,20261010085825,20261010082342,20261010085621,,JE
2026-10-10T00:02:19.488452+00:00,KP003834,01,2,20261010090024,20261009173709,20261009180609,,KP
2026-10-10T00:02:19.488452+00:00,MO501319,01,9,20261010090005,20260221113134,20260221113140,,MO
2026-10-10T00:02:19.488452+00:00,MO501319,02,2,20261010090005,20260114160320,20260114160326,,MO
2026-10-10T00:02:19.488452+00:00,MO501328,01,2,20261010090005,20251012210231,20251012210247,,MO
2026-10-10T00:02:19.488452+00:00,PC000935,03,2,20261010085825,20261010071735,20261010085813,,PC
2026-10-10T00:02:19.488452+00:00,PI640359,03,2,20261010085831,20261009220653,20261010020008,,PI
2026-10-10T00:02:19.488452+00:00,PI700892,04,3,20261010085253,20261010084935,20261010074918,20261010085253,PI
2026-10-10T00:02:19.488452+00:00,PIS00778,07,2,20261010085851,20261009180355,20261009234610,,PI
2026-10-10T00:02:19.488452+00:00,PL027468,00,3,20261010085521,20261010085521,20261009222258,20261010085521,PL
2026-10-10T00:02:19.488452+00:00,PL033566,04,2,20261010085636,20261009190304,20261010085636,,PL
2026-10-10T00:02:19.488452+00:00,PW012555,03,2,20261010085610,20261009213001,20261010080044,,PW
2026-10-10T00:02:19.488452+00:00,PW014830,02,2,20261010085242,20261009234533,20261010031621,,PW
2026-10-10T00:02:19.488452+00:00,PW015119,05,2,20261010085811,20261009165038,20261010011623,,PW
2026-10-10T00:02:19.488452+00:00,RE000243,20,2,20261010085803,20261010072902,20261010085549,,RE
2026-10-10T00:02:19.488452+00:00,ST601339,01,3,20261010085406,20261010085406,20261009213313,20261010085406,ST
2026-10-10T00:12:43.033608+00:00,ME174067,01,2,20261010090712,20261010071754,20261010073704,,ME
2026-10-10T00:12:43.033608+00:00,ME181538,01,2,20261010091109,20261009184249,20261009192919,,ME
2026-10-10T00:12:43.033608+00:00,ME181539,01,2,20261010090743,20261006203339,20261006211418,,ME
2026-10-10T00:12:43.033608+00:00,ME181541,01,2,20261010090836,20261009145231,20261009153551,,ME
2026-10-10T00:12:43.033608+00:00,ME184129,01,2,20261010090731,20261009154324,20261009162646,,ME
2026-10-10T00:12:43.033608+00:00,ME184130,01,2,20261010090738,20261009112737,20261009121058,,ME
2026-10-10T00:12:43.033608+00:00,ME184131,01,3,20261010090837,20261009200014,20261009203345,20261010084320,ME
2026-10-10T00:12:43.033608+00:00,ME18A176,01,2,20261010090613,20261009184214,20261009192308,,ME
2026-10-10T00:12:43.033608+00:00,ME18A177,01,2,20261010090647,20261009142233,20261009145329,,ME
2026-10-10T00:12:43.033608+00:00,ME18A178,01,2,20261010090843,20261008171236,20261008174406,,ME
2026-10-10T00:12:43.033608+00:00,ME18A179,01,2,20261010090955,20261009155037,20261009160216,,ME
2026-10-10T00:12:43.033608+00:00,ME18A276,11,2,20261010090625,20261009125730,20261009134032,,ME
2026-10-10T00:12:43.033608+00:00,ME18A276,12,2,20261010090627,20260925101706,20260925104659,,ME
2026-10-10T00:12:43.033608+00:00,ME18A277,11,2,20261010090856,20261009224505,20261009230209,,ME
2026-10-10T00:12:43.033608+00:00,ME18A277,12,2,20261010090900,20261010090045,20261010090339,,ME
2026-10-10T00:12:43.033608+00:00,ME18A278,01,2,20261010090711,20261010083914,20261010084800,,ME
2026-10-10T00:12:43.033608+00:00,ME18A278,02,2,20261010090712,20261010075944,20261010081950,,ME
2026-10-10T00:12:43.033608+00:00,ME18A279,11,2,20261010090933,20261009172504,20261009175156,,ME
2026-10-10T00:12:43.033608+00:00,ME18A279,12,2,20261010090915,20261009153008,20261009155022,,ME
2026-10-10T00:12:43.033608+00:00,ME18A280,11,2,20261010091000,20261009201246,20261009204140,,ME
2026-10-10T00:12:43.033608+00:00,ME18A280,12,2,20261010090956,20261009192926,20261009201210,,ME
2026-10-10T00:12:43.033608+00:00,ME18A282,11,2,20261010090632,20261010075751,20261010082612,,ME
2026-10-10T00:12:43.033608+00:00,ME18A282,12,2,20261010090638,20261008162658,20261008170115,,ME
2026-10-10T00:12:43.033608+00:00,ME18A283,11,2,20261010090751,20261008084304,20261008090549,,ME
2026-10-10T00:12:43.033608+00:00,ME18A283,12,2,20261010090743,20261008162058,20261008164122,,ME
2026-10-10T00:12:43.033608+00:00,ME18A307,01,2,20261010091035,20261009160319,20261009163015,,ME
2026-10-10T00:12:43.033608+00:00,ME18A308,01,2,20261010090810,20261009150810,20261009153159,,ME
2026-10-10T00:12:43.033608+00:00,ME18A308,11,2,20261010090717,20261009151750,20261009153936,,ME
2026-10-10T00:12:43.033608+00:00,ME18A308,12,2,20261010090722,20261008161649,20261008164705,,ME
2026-10-10T00:12:43.033608+00:00,ME18A309,01,2,20261010091032,20261010081901,20261010084836,,ME
2026-10-10T00:12:43.033608+00:00,ME18A309,11,2,20261010090714,20261010075305,20261010081349,,ME
2026-10-10T00:12:43.033608+00:00,ME18A309,12,2,20261010090719,20261009211652,20261009214606,,ME
2026-10-10T00:12:43.033608+00:00,ME19B174,11,2,20261010090920,20261010041405,20261010044240,,ME
2026-10-10T00:12:43.033608+00:00,ME19B174,12,2,20261010090918,20261010062507,20261010070707,,ME
2026-10-10T00:12:43.033608+00:00,ME19B246,21,2,20261010090246,20261009200610,20261009203815,,ME
2026-10-10T00:12:43.033608+00:00,ME19B246,22,9,20261010090310,20261010080731,20261010081140,,ME
2026-10-10T00:12:43.033608+00:00,ME19B251,21,9,20261010090310,20261009074923,20261009075041,,ME
2026-10-10T00:12:43.033608+00:00,ME19D126,01,2,20261010090705,20261008160120,20261008163045,,ME
2026-10-10T00:12:43.033608+00:00,ME19D127,01,2,20261010090810,20261009142659,20261009150403,,ME
2026-10-10T00:12:43.033608+00:00,ME19Y240,21,5,20261010091011,20261009181905,20261009184153,,ME
2026-10-10T00:12:43.033608+00:00,ME19Y240,22,2,20261010091011,20261009185218,20261009185831,,ME
2026-10-10T00:12:43.033608+00:00,ME19Y269,01,2,20261010090715,20261010002344,20261010005512,,ME
2026-10-10T00:12:43.033608+00:00,ME19Y269,02,2,20261010090720,20261010055704,20261010062345,,ME
2026-10-10T00:12:43.033608+00:00,ME19Y270,01,2,20261010090616,20261009230932,20261009234015,,ME
2026-10-10T00:12:43.033608+00:00,ME19Y270,02,2,20261010090653,20261010064155,20261010071758,,ME
2026-10-10T00:12:43.033608+00:00,ME19Y271,01,2,20261010090654,20261008162358,20261008162530,,ME
2026-10-10T00:12:43.033608+00:00,ME19Y271,02,2,20261010091030,20261009170824,20261009174824,,ME
2026-10-10T00:12:43.033608+00:00,ME20B1e4,01,2,20261010090808,20261008202200,20261008203317,,ME
2026-10-10T00:12:43.033608+00:00,ME20B1e5,01,2,20261010090911,20261009151714,20261009155036,,ME
2026-10-10T00:12:43.033608+00:00,ME20B1e6,91,2,20261010090655,20261009185739,20261009193739,,ME
2026-10-10T00:12:43.033608+00:00,ME20B2a3,21,2,20261010091032,20261008081124,20261008082455,,ME
2026-10-10T00:12:43.033608+00:00,ME20B2a3,22,2,20261010091032,20261008153612,20261008161612,,ME
2026-10-10T00:12:43.033608+00:00,ME20B2a4,21,2,20261010091057,20261009230136,20261009231304,,ME
2026-10-10T00:12:43.033608+00:00,ME20B2a4,22,2,20261010091057,20261010002304,20261010004117,,ME
2026-10-10T00:12:43.033608+00:00,ME20B2a5,21,2,20261010090742,20261010005202,20261010012220,,ME
2026-10-10T00:12:43.033608+00:00,ME20B2a5,22,2,20261010090742,20261009164707,20261009172011,,ME
2026-10-10T00:12:43.033608+00:00,ME20B2a6,21,2,20261010090921,20261010083205,20261010084942,,ME
2026-10-10T00:12:43.033608+00:00,ME20B2a6,22,2,20261010090921,20261009184154,20261009185929,,ME
2026-10-10T00:12:43.033608+00:00,ME20B2a7,21,2,20261010090920,20261010061820,20261010065820,,ME
2026-10-10T00:12:43.033608+00:00,ME20B2a7,22,2,20261010090920,20261010084523,20261010090212,,ME
2026-10-10T00:12:43.033608+00:00,ME20B2a8,21,2,20261010090840,20261009175427,20261009183427,,ME
2026-10-10T00:12:43.033608+00:00,ME20B2a8,22,2,20261010090840,20261007124936,20261007132936,,ME
2026-10-10T00:12:43.033608+00:00,ME20B2a9,21,2,20261010090813,20261009150442,20261009153221,,ME
2026-10-10T00:12:43.033608+00:00,ME20B2a9,22,2,20261010090813,20261009143500,20261009144235,,ME
2026-10-10T00:12:43.033608+00:00,ME20B2b0,21,5,20261010090926,20261005143505,20261005150342,,ME
2026-10-10T00:12:43.033608+00:00,ME20B2b0,22,5,20261010090926,20261005175606,20261005182530,,ME
2026-10-10T00:12:43.033608+00:00,ME20B2b1,21,2,20261010090848,20261008131334,20261008133504,,ME
2026-10-10T00:12:43.033608+00:00,ME20B2b1,22,2,20261010090848,20261009184235,20261009185701,,ME
2026-10-10T00:12:43.033608+00:00,ME20B2b3,21,3,20261010090935,20261009170259,20261009174259,20261010083927,ME
2026-10-10T00:12:43.033608+00:00,ME20B2b3,22,2,20261010090627,20261010071012,20261010075012,,ME
2026-10-10T00:12:43.033608+00:00,ME20B2b4,01,2,20261010090825,20261002092503,20261002100503,,ME
2026-10-10T00:12:43.033608+00:00,ME20B2b4,02,2,20261010090955,20261001134855,20261001142855,,ME
2026-10-10T00:12:43.033608+00:00,ME20B418,41,2,20261010090928,20261009161628,20261009165628,,ME
2026-10-10T00:12:43.033608+00:00,ME20B418,42,2,20261010090956,20261010052555,20261010054249,,ME
2026-10-10T00:12:43.033608+00:00,ME20B418,43,2,20261010091008,20261010083103,20261010084928,,ME
2026-10-10T00:12:43.033608+00:00,ME20B418,44,2,20261010090948,20261010070613,20261010071627,,ME
2026-10-10T00:12:43.033608+00:00,ME21B317,03,2,20261010090553,20261010084705,20261010090547,,ME
2026-10-10T00:12:43.033608+00:00,ME21B409,04,9,20261010090310,20261010073845,20261010081024,,ME
2026-10-10T00:12:43.033608+00:00,ME21D080,01,3,20261010091030,20261010073343,20261010075105,20261010090424,ME
2026-10-10T00:12:43.033608+00:00,ME21D081,01,3,20261010091011,20261010075136,20261010080659,20261010083337,ME
2026-10-10T00:12:43.033608+00:00,ME21D085,01,3,20261010090937,20261010062801,20261010064942,20261010085729,ME
2026-10-10T00:12:43.033608+00:00,ME21D092,01,2,20261010090936,20261010082924,20261010090927,,ME
2026-10-10T00:12:43.033608+00:00,ME21D107,01,3,20261010090954,20261010011157,20261010012836,20261010085345,ME
2026-10-10T00:12:43.033608+00:00,ME21D112,01,9,20261010090310,20261010075138,20261010081314,,ME
2026-10-10T00:12:43.033608+00:00,ME21X010,01,2,20261010091052,20261009163232,20261009170153,,ME
2026-10-10T00:12:43.033608+00:00,ME21X014,01,2,20261010090810,20261009142217,20261009150452,,ME
2026-10-10T00:12:43.033608+00:00,ME21X015,01,3,20261010090833,20261010031652,20261010035435,20261010043516,ME
2026-10-10T00:12:43.033608+00:00,ME22C1F8,01,9,20261010090310,20261008084913,20261008092459,,ME
2026-10-10T00:12:43.033608+00:00,ME22C1F9,01,2,20261010090410,20261010083806,20261010090413,,ME
2026-10-10T00:12:43.033608+00:00,ME22C1G2,01,9,20261010090310,20261010052053,20261010052422,,ME
2026-10-10T00:12:43.033608+00:00,ME22C305,02,9,20261010090310,20261010071107,20261010073218,,ME
2026-10-10T00:12:43.033608+00:00,ME22D155,01,2,20261010090957,20261009181920,20261009185920,,ME
2026-10-10T00:12:43.033608+00:00,ME22D156,01,2,20261010090950,20261010071736,20261010072823,,ME
2026-10-10T00:12:43.033608+00:00,ME22D161,01,2,20261010091057,20261010041244,20261010043827,,ME
2026-10-10T00:12:43.033608+00:00,ME22D162,01,2,20261010090923,20261010082323,20261010085018,,ME
2026-10-10T00:12:43.033608+00:00,ME22D176,01,2,20261010090623,20261005160320,20261005164320,,ME
2026-10-10T00:12:43.033608+00:00,ME22D1H0,01,2,20261010090955,20261009175752,20261009183801,,ME
2026-10-10T00:12:43.033608+00:00,ME22D219,01,5,20261010091006,20261010053725,20261010061725,,ME
2026-10-10T00:12:43.033608+00:00,ME22D219,02,2,20261010090655,20261010061251,20261010062856,,ME
2026-10-10T00:12:43.033608+00:00,ME22D235,01,2,20261010090736,20261010051249,20261010055249,,ME
2026-10-10T00:12:43.033608+00:00,ME22D235,02,5,20261010090801,20261010080653,20261010082453,,ME
2026-10-10T00:12:43.033608+00:00,ME22D401,01,2,20261010091006,20261010075951,20261010083951,,ME
2026-10-10T00:12:43.033608+00:00,ME22D401,02,5,20261010090956,20261009060029,20261009061802,,ME
2026-10-10T00:12:43.033608+00:00,ME22D401,03,5,20261010090957,20261010062314,20261010065036,,ME
2026-10-10T00:12:43.033608+00:00,ME22D401,04,2,20261010090657,20261010082622,20261010090541,,ME
2026-10-10T00:12:43.033608+00:00,ME25C183,01,2,20261010091030,20261008212457,20261008220459,,ME
2026-10-10T00:12:43.033608+00:00,ME25C184,01,2,20261010090927,20261010084159,20261010085646,,ME
2026-10-10T00:12:43.033608+00:00,ME25C282,21,2,20261010091045,20261009110217,20261009111829,,ME
2026-10-10T00:12:43.033608+00:00,ME25C282,22,2,20261010091048,20261009212409,20261009220048,,ME
2026-10-10T00:12:43.033608+00:00,ME25C283,01,2,20261010091021,20261008183223,20261008184256,,ME
2026-10-10T00:12:43.033608+00:00,ME25C283,02,3,20261010090933,20261009154903,20261009155910,20261010085116,ME
2026-10-10T00:12:43.033608+00:00,ME25C284,01,2,20261010090708,20261009201001,20261009205002,,ME
2026-10-10T00:12:43.033608+00:00,ME25C284,02,2,20261010090739,20261008173203,20261008175000,,ME
2026-10-10T00:12:43.033608+00:00,BE250111,01,2,20261010090908,20261010090817,20261010090908,,BE
2026-10-10T00:12:43.033608+00:00,BE250111,02,3,20261010090505,20261010090505,20261010090128,20261010090505,BE
2026-10-10T00:12:43.033608+00:00,BE250114,04,3,20261010090458,20261010090458,20261010085320,20261010090458,BE
2026-10-10T00:12:43.033608+00:00,BE250118,04,3,20261010090938,20261010090938,20261010090913,20261010090938,BE
2026-10-10T00:12:43.033608+00:00,BT000056,01,2,20261010090500,20261010075432,20261010090448,,BT
2026-10-10T00:12:43.033608+00:00,BT100008,02,9,20261010090810,20261010083357,20261009201010,20261010083357,BT
2026-10-10T00:12:43.033608+00:00,BT100009,01,2,20261010090306,20261010090212,20261010090306,,BT
2026-10-10T00:12:43.033608+00:00,CU640003,02,2,20261010091002,20260927121820,20260927140541,,CU
2026-10-10T00:12:43.033608+00:00,CU640003,03,2,20261010090956,20260805203813,20260806031227,,CU
2026-10-10T00:12:43.033608+00:00,CU640003,04,2,20261010090956,20260805183033,20260805190424,,CU
2026-10-10T00:12:43.033608+00:00,CV001521,06,3,20261010090520,20261010090344,20261010090348,20261010090520,CV
2026-10-10T00:12:43.033608+00:00,EV015899,01,3,20261010091051,20261006181151,20261007022723,20261010090851,EV
2026-10-10T00:12:43.033608+00:00,GR000044,05,2,20261010090711,20261009174559,20261009205955,,GR
2026-10-10T00:12:43.033608+00:00,HD000018,06,2,20261010091200,20261010081708,20261010091122,,HD
2026-10-10T00:12:43.033608+00:00,HD000028,01,2,20261010090300,20261010082009,20261010090231,,HD
2026-10-10T00:12:43.033608+00:00,HD000028,04,2,20261010090700,20261010084754,20261010090624,,HD
2026-10-10T00:12:43.033608+00:00,HE001145,01,3,20261010090800,20261010090800,20261010034300,20261010090800,HE
2026-10-10T00:12:43.033608+00:00,HE230001,02,2,20261010090600,20261010083800,20261010090600,,HE
2026-10-10T00:12:43.033608+00:00,HE230008,01,3,20261010090600,20261010090600,20261010081950,20261010090600,HE
2026-10-10T00:12:43.033608+00:00,HE240489,01,3,20261010091200,20261010091200,20261009100050,20261010091200,HE
2026-10-10T00:12:43.033608+00:00,HRA00052,01,3,20261010090426,20261010000546,20261010000546,20261010090425,HR
2026-10-10T00:12:43.033608+00:00,JA500004,06,2,20261010090703,20261010082003,20261010090703,,JA
2026-10-10T00:12:43.033608+00:00,JD000003,09,2,20261010090400,20261009175800,20261010090400,,JD
2026-10-10T00:12:43.033608+00:00,JD000008,01,2,20261010090704,20261010082306,20261010090306,,JD
2026-10-10T00:12:43.033608+00:00,JD000054,01,2,20261010091200,20260820114629,20260820143748,,JD
2026-10-10T00:12:43.033608+00:00,JD000057,02,2,20261010090700,20261010073700,20261010090700,,JD
2026-10-10T00:12:43.033608+00:00,JD100001,01,2,20261010090423,20261010083647,20261010090134,,JD
2026-10-10T00:12:43.033608+00:00,JD100002,02,3,20261010090457,20261010090457,20261009174157,20261010090412,JD
2026-10-10T00:12:43.033608+00:00,JD110045,01,3,20261010090705,20261010090705,20261009211317,20261010090611,JD
2026-10-10T00:12:43.033608+00:00,JD110088,01,2,20261010090424,20261010081940,20261010085940,,JD
2026-10-10T00:12:43.033608+00:00,JD110146,01,3,20261010090828,20261010090828,20261010085508,20261010090719,JD
2026-10-10T00:12:43.033608+00:00,JD110148,02,3,20261010090313,20261010090313,20261009215343,20261010090059,JD
2026-10-10T00:12:43.033608+00:00,JE010044,15,3,20261010090825,20261009080022,20261009122641,20261010090624,JE
2026-10-10T00:12:43.033608+00:00,JE010069,02,3,20261010091030,20261010074516,20261010080133,20261010090904,JE
2026-10-10T00:12:43.033608+00:00,JE010137,02,2,20261010090432,20261009172902,20261009234307,,JE
2026-10-10T00:12:43.033608+00:00,JE010143,03,2,20261010090432,20261009203957,20261010031528,,JE
2026-10-10T00:12:43.033608+00:00,JE010174,03,3,20261010090624,20261008195051,20261008213859,20261010090441,JE
2026-10-10T00:12:43.033608+00:00,JE010208,01,3,20261010091031,20261008174927,20261008233033,20261010090907,JE
2026-10-10T00:12:43.033608+00:00,JE010223,03,2,20261010090432,20261009223949,20261010085851,,JE
2026-10-10T00:12:43.033608+00:00,JE010267,03,3,20261010090825,20261009090152,20261009141151,20261010090628,JE
2026-10-10T00:12:43.033608+00:00,JE010273,01,2,20261010090825,20261009183842,20261010090006,,JE
2026-10-10T00:12:43.033608+00:00,JE010281,05,3,20261010091031,20261010081610,20261010085352,20261010090938,JE
2026-10-10T00:12:43.033608+00:00,JE010281,06,3,20261010091031,20261010073123,20261010075721,20261010090918,JE
2026-10-10T00:12:43.033608+00:00,JE010289,05,3,20261010091031,20261010021440,20261010023329,20261010090831,JE
2026-10-10T00:12:43.033608+00:00,JE040119,01,2,20261010090624,20261010061033,20261010090450,,JE
2026-10-10T00:12:43.033608+00:00,JE043012,01,3,20261010090624,20261004223311,20261005105312,20261010090557,JE
2026-10-10T00:12:43.033608+00:00,JE045005,43,2,20261010090826,20261010063916,20261010090629,,JE
2026-10-10T00:12:43.033608+00:00,JE900041,01,3,20261010090433,20261009163022,20261010025751,20261010090412,JE
2026-10-10T00:12:43.033608+00:00,JE900159,02,2,20261010090433,20261009174235,20261009235641,,JE
2026-10-10T00:12:43.033608+00:00,JE900211,02,2,20261010090625,20261010050324,20261010090446,,JE
2026-10-10T00:12:43.033608+00:00,JE900217,01,2,20261010091032,20261010084946,20261010090654,,JE
2026-10-10T00:12:43.033608+00:00,JE910040,02,2,20261010091032,20261009150147,20261009200116,,JE
2026-10-10T00:12:43.033608+00:00,JE910139,07,2,20261010090827,20261009163623,20261009205217,,JE
2026-10-10T00:12:43.033608+00:00,JE910150,02,3,20261010090625,20261009175957,20261009212301,20261010090611,JE
2026-10-10T00:12:43.033608+00:00,KE001384,01,2,20261010090359,20260904085046,20260904091118,,KE
2026-10-10T00:12:43.033608+00:00,KP001192,01,2,20261010091018,20261010083917,20261010090730,,KP
2026-10-10T00:12:43.033608+00:00,KP001193,03,2,20261010091008,20261009173628,20261010010501,,KP
2026-10-10T00:12:43.033608+00:00,KP003042,01,3,20261010091017,20261009064438,20261009073914,20261010090800,KP
2026-10-10T00:12:43.033608+00:00,KP004700,01,2,20261010091010,20261010081848,20261010090032,,KP
2026-10-10T00:12:43.033608+00:00,LI000484,03,3,20261010090508,20261010090508,20261009124548,20261010090508,LI
2026-10-10T00:12:43.033608+00:00,LU001146,03,3,20261010091002,20261010091004,20261010031854,20261009164140,LU
2026-10-10T00:12:43.033608+00:00,PC001637,01,2,20261010091113,20261009164105,20261009165319,,PC
2026-10-10T00:12:43.033608+00:00,PI645030,07,2,20261010090246,20261010040053,20261010085453,,PI
2026-10-10T00:12:43.033608+00:00,PI645030,26,2,20261010090721,20261009211425,20261010031418,,PI
2026-10-10T00:12:43.033608+00:00,PI773599,03,2,20261010090730,20261009172640,20261009212727,,PI
2026-10-10T00:12:43.033608+00:00,PIH01067,01,2,20261010090716,20261009211903,20261010090233,,PI
2026-10-10T00:12:43.033608+00:00,PIS00780,01,2,20261010090824,20260813163230,,,PI
2026-10-10T00:12:43.033608+00:00,PK000364,04,3,20261010091033,20261010091033,20261009123036,20261010091033,PK
2026-10-10T00:12:43.033608+00:00,PL027210,00,3,20261010090512,20261010090512,20261009103844,20261010090512,PL
2026-10-10T00:12:43.033608+00:00,PL027210,07,2,20261010090549,20261009150916,20261010090549,,PL
2026-10-10T00:12:43.033608+00:00,PL027210,21,2,20261010090527,20261009172933,20261010090527,,PL
2026-10-10T00:12:43.033608+00:00,PL031497,01,3,20261010090940,20261010090940,20261010090152,20261010090940,PL
2026-10-10T00:12:43.033608+00:00,PW010663,01,3,20261010090412,20261010090412,20261010050032,20261010090335,PW
2026-10-10T00:12:43.033608+00:00,PW010916,01,2,20261010090413,20261010055104,20261010090146,,PW
2026-10-10T00:12:43.033608+00:00,PW012184,02,2,20261010090508,20261010022515,20261010052538,,PW
2026-10-10T00:12:43.033608+00:00,PW015362,03,3,20261010091046,20261010091046,20261009225432,20261010090818,PW
2026-10-10T00:12:43.033608+00:00,PWE00799,06,2,20261010091009,20261010090108,20261010091009,,PW
2026-10-10T00:12:43.033608+00:00,PWE06067,24,3,20261010090408,20261010090408,20260927072408,20261010090408,PW
2026-10-10T00:12:43.033608+00:00,RE000357,10,2,20261010090402,20261010010712,20261010085731,,RE
2026-10-10T00:12:43.033608+00:00,RE000357,29,2,20261010091004,20261009163502,20261009214315,,RE
2026-10-10T00:12:43.033608+00:00,SF003073,03,3,20261010091001,20261010091001,20261009153904,20261010090429,SF
2026-10-10T00:12:43.033608+00:00,SOA33001,01,1,20261010090441,20261010083441,20261010083641,,SO
2026-10-10T00:12:43.033608+00:00,ST501159,03,3,20261010091155,20261010042929,20261010045504,20261010091155,ST
2026-10-10T00:12:43.033608+00:00,ST601107,23,3,20261010091010,20261007065229,20261009211657,20261010091010,ST
2026-10-10T00:12:43.033608+00:00,ME174046,01,2,20261010091101,20261009142311,20261009150935,,ME
2026-10-10T00:12:43.033608+00:00,ME174050,01,2,20261010090659,20261001170730,20261001170951,,ME
2026-10-10T00:12:43.033608+00:00,ME174050,02,2,20261010090744,20261008143529,20261008151854,,ME
2026-10-10T00:12:43.033608+00:00,ME174050,03,2,20261010090933,20261009111442,20261009115029,,ME
2026-10-10T00:12:43.033608+00:00,ME174050,04,2,20261010090711,20261009141933,20261009143159,,ME
2026-10-10T00:12:43.033608+00:00,ME174050,05,2,20261010090711,20261005144243,20261005151909,,ME
2026-10-10T00:12:43.033608+00:00,ME174061,01,2,20261010090850,20261009182815,20261009185350,,ME
2026-10-10T00:12:43.033608+00:00,ME174062,01,2,20261010090725,20261009151028,20261009155032,,ME
2026-10-10T00:12:43.033608+00:00,ME183101,01,2,20261010090954,20261006164049,20261006164233,,ME
2026-10-10T00:12:43.033608+00:00,ME183101,02,2,20261010090644,20261009145721,20261009151943,,ME
2026-10-10T00:12:43.033608+00:00,ME183101,03,2,20261010091023,20261010080755,20261010081748,,ME
2026-10-10T00:12:43.033608+00:00,ME183101,04,2,20261010090645,20261008095259,20261008101121,,ME
2026-10-10T00:12:43.033608+00:00,ME183101,52,2,20261010090639,20261004145214,20261004150345,,ME
2026-10-10T00:12:43.033608+00:00,ME183101,54,2,20261010090654,20261008114833,20261008123135,,ME
2026-10-10T00:12:43.033608+00:00,ME183102,02,2,20261010090616,20261009090915,20261009093759,,ME
2026-10-10T00:12:43.033608+00:00,ME183102,52,2,20261010090629,20261006112945,20261006121250,,ME
2026-10-10T00:12:43.033608+00:00,ME184122,01,2,20261010090900,20261009104248,20261009112343,,ME
2026-10-10T00:12:43.033608+00:00,ME184124,01,2,20261010090723,20261010064520,20261010070825,,ME
2026-10-10T00:12:43.033608+00:00,ME184125,01,2,20261010091103,20261009165705,20261009172710,,ME
2026-10-10T00:12:43.033608+00:00,ME184126,02,2,20261010091043,20261009202346,20261009210822,,ME
2026-10-10T00:12:43.033608+00:00,ME18A173,01,2,20261010090949,20261009172642,20261009180947,,ME
2026-10-10T00:12:43.033608+00:00,ME18A175,01,2,20261010090942,20261008171919,20261008173840,,ME
2026-10-10T00:12:43.033608+00:00,ME18A180,01,2,20261010091018,20261008181738,20261008182838,,ME
2026-10-10T00:12:43.033608+00:00,ME18A268,11,2,20261010090714,20261009142805,20261009151109,,ME
2026-10-10T00:12:43.033608+00:00,ME18A268,12,2,20261010090710,20261009112000,20261009120303,,ME
2026-10-10T00:12:43.033608+00:00,ME18A269,11,2,20261010090842,20261009085416,20261009090613,,ME
2026-10-10T00:12:43.033608+00:00,ME18A269,12,2,20261010090833,20261010071705,20261010075351,,ME
2026-10-10T00:12:43.033608+00:00,ME18A270,11,2,20261010090840,20261007090021,20261007092403,,ME
2026-10-10T00:12:43.033608+00:00,ME18A270,12,2,20261010090831,20261010082330,20261010090357,,ME
2026-10-10T00:12:43.033608+00:00,ME18A271,01,2,20261010090809,20261008161912,20261008170121,,ME
2026-10-10T00:12:43.033608+00:00,ME18A271,02,2,20261010090950,20261008123004,20261008124324,,ME
2026-10-10T00:12:43.033608+00:00,ME18A272,11,2,20261010091024,20261010081411,20261010085717,,ME
2026-10-10T00:12:43.033608+00:00,ME18A272,12,2,20261010091016,20261009145037,20261009150958,,ME
2026-10-10T00:12:43.033608+00:00,ME18A273,11,2,20261010090651,20261009165317,20261009170313,,ME
2026-10-10T00:12:43.033608+00:00,ME18A273,12,2,20261010090657,20261009153639,20261009155300,,ME
2026-10-10T00:12:43.033608+00:00,ME18A274,11,2,20261010091104,20261009214526,20261009222832,,ME
2026-10-10T00:12:43.033608+00:00,ME18A274,12,2,20261010091102,20261009141258,20261009145603,,ME
2026-10-10T00:12:43.033608+00:00,ME18A275,11,2,20261010090937,20261009211507,20261009212535,,ME
2026-10-10T00:12:43.033608+00:00,ME18A275,12,2,20261010090933,20261009171451,20261009173059,,ME
2026-10-10T00:12:43.033608+00:00,ME18A281,11,2,20261010090659,20261008133854,20261008141829,,ME
2026-10-10T00:12:43.033608+00:00,ME18A281,12,3,20261010090913,20261008153026,20261008154650,20261010090915,ME
2026-10-10T00:12:43.033608+00:00,ME18A306,01,2,20261010090734,20261008194246,20261008201332,,ME
2026-10-10T00:12:43.033608+00:00,ME18A306,11,2,20261010090714,20261002121626,20261002130155,,ME
2026-10-10T00:12:43.033608+00:00,ME18A306,12,2,20261010090718,20261006203629,20261006210538,,ME
2026-10-10T00:12:43.033608+00:00,ME19B169,01,2,20261010091029,20261007162951,20261007165506,,ME
2026-10-10T00:12:43.033608+00:00,ME19B170,01,2,20261010090638,20261009174834,20261009180634,,ME
2026-10-10T00:12:43.033608+00:00,ME19B171,01,2,20261010090936,20261009165032,20261009173032,,ME
2026-10-10T00:12:43.033608+00:00,ME19B172,01,2,20261010090945,20261009205814,20261009210601,,ME
2026-10-10T00:12:43.033608+00:00,ME19B173,01,2,20261010090725,20261009203900,20261009211904,,ME
2026-10-10T00:12:43.033608+00:00,ME19B240,21,9,20261010090310,20261009132005,20261009140013,,ME
2026-10-10T00:12:43.033608+00:00,ME19B240,22,9,20261010090310,20261009180335,20261009184437,,ME
2026-10-10T00:12:43.033608+00:00,ME19B241,21,9,20261010090310,20261008165949,20261008170154,,ME
2026-10-10T00:12:43.033608+00:00,ME19B242,21,9,20261010090310,20261010020533,20261010022451,,ME
2026-10-10T00:12:43.033608+00:00,ME19B242,22,9,20261010090310,20261010064643,20261010071122,,ME
2026-10-10T00:12:43.033608+00:00,ME20B1e1,01,2,20261010090621,20261008140101,20261008141347,,ME
2026-10-10T00:12:43.033608+00:00,ME20B1e2,01,2,20261010090935,20261009073535,20261009081148,,ME
2026-10-10T00:12:43.033608+00:00,ME20B1e3,01,2,20261010090629,20261008180620,20261008184620,,ME
2026-10-10T00:12:43.033608+00:00,ME20B2a0,91,2,20261010091033,20261009113010,20261009120048,,ME
2026-10-10T00:12:43.033608+00:00,ME20B2a0,92,2,20261010091033,20261005122044,20261005123945,,ME
2026-10-10T00:12:43.033608+00:00,ME20B2a1,21,2,20261010091023,20261008145750,20261008153127,,ME
2026-10-10T00:12:43.033608+00:00,ME20B2a1,22,2,20261010091023,20261007131536,20261007132823,,ME
2026-10-10T00:12:43.033608+00:00,ME20B2a2,21,2,20261010090930,20261009114904,20261009121010,,ME
2026-10-10T00:12:43.033608+00:00,ME20B2a2,22,2,20261010090931,20261002070459,20261002072043,,ME
2026-10-10T00:12:43.033608+00:00,ME20B416,21,2,20261010091050,20261008075217,20261008075827,,ME
2026-10-10T00:12:43.033608+00:00,ME20B416,22,2,20261010091050,20261010071226,20261010072940,,ME
2026-10-10T00:12:43.033608+00:00,ME20B416,23,2,20261010090928,20261009180058,20261009182853,,ME
2026-10-10T00:12:43.033608+00:00,ME20B416,24,2,20261010090928,20261009184412,20261009192412,,ME
2026-10-10T00:12:43.033608+00:00,ME20B417,41,2,20261010090756,20261008102754,20261008110016,,ME
2026-10-10T00:12:43.033608+00:00,ME20B417,42,2,20261010090824,20261008174327,20261008180422,,ME
2026-10-10T00:12:43.033608+00:00,ME20B417,43,2,20261010090830,20261009124539,20261009131711,,ME
2026-10-10T00:12:43.033608+00:00,ME20B417,44,2,20261010090823,20261009122329,20261009123050,,ME
2026-10-10T00:12:43.033608+00:00,ME21B1E8,01,9,20261010090310,20261009183326,20261009191330,,ME
2026-10-10T00:12:43.033608+00:00,ME21B250,01,9,20261010090310,20261010072743,20261010080819,,ME
2026-10-10T00:12:43.033608+00:00,ME21B410,03,9,20261010090310,20261009213426,20261009220335,,ME
2026-10-10T00:12:43.033608+00:00,ME21D057,01,3,20261010090909,20261009165547,20261009171137,20261010083233,ME
2026-10-10T00:12:43.033608+00:00,ME21D058,01,3,20261010091032,20261010064336,20261010070726,20261010084158,ME
2026-10-10T00:12:43.033608+00:00,ME21D064,01,3,20261010091058,20261010072302,20261010074435,20261010085450,ME
2026-10-10T00:12:43.033608+00:00,ME21D069,01,3,20261010090958,20261009225529,20261009231339,20261010083523,ME
2026-10-10T00:12:43.033608+00:00,ME21D074,01,3,20261010091046,20261009221318,20261009225321,20261010083815,ME
2026-10-10T00:12:43.033608+00:00,ME21X008,01,2,20261010090635,20261009194634,20261009202655,,ME
2026-10-10T00:12:43.033608+00:00,ME22A611,32,3,20261010091018,20261010062939,20261010070634,20261010083345,ME
2026-10-10T00:12:43.033608+00:00,ME22B336,81,3,20261010091021,20261010045058,20261010052623,20261010084156,ME
2026-10-10T00:12:43.033608+00:00,ME22C285,02,2,20261010090344,20261007032735,20261007040851,,ME
2026-10-10T00:12:43.033608+00:00,ME22C287,01,9,20261010090310,20261009213646,20261009221652,,ME
2026-10-10T00:12:43.033608+00:00,ME22D1H1,01,2,20261010091035,20261010083908,20261010090931,,ME
2026-10-10T00:12:43.033608+00:00,ME25C181,01,2,20261010091000,20261009202350,20261009210352,,ME
2026-10-10T00:12:43.033608+00:00,ME25C182,01,4,20261010090814,20261009185249,20261009190353,,ME
2026-10-10T00:12:43.033608+00:00,ME25C281,21,2,20261010091044,20261009104217,20261009110215,,ME
2026-10-10T00:12:43.033608+00:00,ME25C281,22,2,20261010091046,20261009101815,20261009103157,,ME
2026-10-10T00:12:43.033608+00:00,ME25C318,01,2,20261010090716,20261009065121,20261009072419,,ME
2026-10-10T00:12:43.033608+00:00,ME25C318,21,4,20261010091023,20261008164510,20261008170220,,ME
2026-10-10T00:12:43.033608+00:00,ME25C318,22,2,20261010091025,20261007135113,20261007140134,,ME
2026-10-10T00:12:43.033608+00:00,ME25C431,01,2,20261010090712,20260914133046,20260914133228,,ME
2026-10-10T00:12:43.033608+00:00,ME25C431,02,2,20261010090852,20261008115826,20261008123543,,ME
2026-10-10T00:12:43.033608+00:00,ME25C431,03,2,20261010090731,20261009233136,20261009235423,,ME
2026-10-10T00:12:43.033608+00:00,ME25C431,04,2,20261010090828,20261009141225,20261009142327,,ME
2026-10-10T00:12:43.033608+00:00,CI0O0041,01,2,20261010091139,20261009225635,20261010091139,,CI
2026-10-10T00:12:43.033608+00:00,CV000935,02,3,20261010091019,20261010090950,20261010090958,20261010091019,CV
2026-10-10T00:12:43.033608+00:00,EV012730,02,2,20261010091051,20261009183151,20261010035152,,EV
2026-10-10T00:12:43.033608+00:00,HE000973,02,3,20261010090700,20261010090700,20261009163200,20261010090700,HE
2026-10-10T00:12:43.033608+00:00,HE230005,02,2,20261010091100,20261010085400,20261010091100,,HE
2026-10-10T00:12:43.033608+00:00,HM000107,01,2,20261010090601,20261009210849,20261009214217,,HM
2026-10-10T00:12:43.033608+00:00,HM900001,14,2,20261010090825,20261010044706,20261010090722,,HM
2026-10-10T00:12:43.033608+00:00,JD000004,01,2,20261010090921,20261010090619,20261009193714,,JD
2026-10-10T00:12:43.033608+00:00,JD000095,01,2,20261010090800,20261010090700,20261010090800,,JD
2026-10-10T00:12:43.033608+00:00,JD100033,01,3,20261010090922,20261010090922,20261010090616,20261010090737,JD
2026-10-10T00:12:43.033608+00:00,JD160046,01,2,20261010090458,20261010082659,20261010090030,,JD
2026-10-10T00:12:43.033608+00:00,JD160066,02,3,20261010090706,20261010090706,20261009210640,20261010090601,JD
2026-10-10T00:12:43.033608+00:00,JD160090,02,3,20261010091014,20261010091014,20261010084136,20261010090835,JD
2026-10-10T00:12:43.033608+00:00,JE020083,06,3,20261010090432,20261009201923,20261010013922,20261010090318,JE
2026-10-10T00:12:43.033608+00:00,JE020135,01,2,20261010091031,20261009184746,20261010090005,,JE
2026-10-10T00:12:43.033608+00:00,JE043005,12,2,20261010090432,20261010074304,20261010090254,,JE
2026-10-10T00:12:43.033608+00:00,JE900169,03,2,20261010090827,20261009174145,20261009234548,,JE
2026-10-10T00:12:43.033608+00:00,JE900187,02,2,20261010091032,20261010081810,20261010090956,,JE
2026-10-10T00:12:43.033608+00:00,JE900199,02,3,20261010090433,20261010073211,20261010075721,20261010090234,JE
2026-10-10T00:12:43.033608+00:00,JE910044,04,3,20261010090433,20261009171443,20261009212112,20261010090321,JE
2026-10-10T00:12:43.033608+00:00,KP003834,02,3,20261010091024,20261009172322,20261009175307,20261010090510,KP
2026-10-10T00:12:43.033608+00:00,PC000935,07,3,20261010091159,20261009205435,20261009213715,20261010091159,PC
2026-10-10T00:12:43.033608+00:00,PI640365,02,2,20261010091141,20261010090437,20261010090820,,PI
2026-10-10T00:12:43.033608+00:00,PI690009,14,9,20261010090810,20261010072804,20261009204702,20261010073258,PI
2026-10-10T00:12:43.033608+00:00,PI700499,05,3,20261010091116,20261010090840,20261010044422,20261010091116,PI
2026-10-10T00:12:43.033608+00:00,PW012555,02,2,20261010091209,20261009193524,20261009205041,,PW
2026-10-10T00:12:43.033608+00:00,ST501323,02,2,20261010091137,20261010084735,20261010091137,,ST
2026-10-10T00:12:43.033608+00:00,ST501326,01,3,20261010091154,20261010091154,20261009072651,20261009063645,ST
2026-10-10T00:12:43.033608+00:00,ST600708,03,2,20261010091208,20260918231051,20261003121308,,ST
2026-10-10T00:22:40.808012+00:00,ME174067,01,2,20261010091716,20261010071754,20261010073704,,ME
2026-10-10T00:22:40.808012+00:00,ME181538,01,2,20261010091610,20261009184249,20261009192919,,ME
2026-10-10T00:22:40.808012+00:00,ME181539,01,2,20261010091746,20261006203339,20261006211418,,ME
2026-10-10T00:22:40.808012+00:00,ME181541,01,3,20261010091838,20261009145231,20261009153551,20261010091647,ME
2026-10-10T00:22:40.808012+00:00,ME184129,01,2,20261010091733,20261009154324,20261009162646,,ME
2026-10-10T00:22:40.808012+00:00,ME184130,01,2,20261010091739,20261009112737,20261009121058,,ME
2026-10-10T00:22:40.808012+00:00,ME184131,01,3,20261010091838,20261009200014,20261009203345,20261010084320,ME
2026-10-10T00:22:40.808012+00:00,ME18A176,01,2,20261010091616,20261009184214,20261009192308,,ME
2026-10-10T00:22:40.808012+00:00,ME18A177,01,2,20261010091649,20261009142233,20261009145329,,ME
2026-10-10T00:22:40.808012+00:00,ME18A178,01,2,20261010091846,20261008171236,20261008174406,,ME
2026-10-10T00:22:40.808012+00:00,ME18A179,01,2,20261010091957,20261009155037,20261009160216,,ME
2026-10-10T00:22:40.808012+00:00,ME18A276,11,2,20261010091628,20261009125730,20261009134032,,ME
2026-10-10T00:22:40.808012+00:00,ME18A276,12,2,20261010091630,20260925101706,20260925104659,,ME
2026-10-10T00:22:40.808012+00:00,ME18A277,11,2,20261010091858,20261009224505,20261009230209,,ME
2026-10-10T00:22:40.808012+00:00,ME18A277,12,2,20261010091901,20261010090045,20261010090339,,ME
2026-10-10T00:22:40.808012+00:00,ME18A278,01,2,20261010091715,20261010083914,20261010084800,,ME
2026-10-10T00:22:40.808012+00:00,ME18A278,02,2,20261010091715,20261010075944,20261010081950,,ME
2026-10-10T00:22:40.808012+00:00,ME18A279,11,2,20261010091934,20261009172504,20261009175156,,ME
2026-10-10T00:22:40.808012+00:00,ME18A279,12,2,20261010091916,20261009153008,20261009155022,,ME
2026-10-10T00:22:40.808012+00:00,ME18A280,11,2,20261010092002,20261009201246,20261009204140,,ME
2026-10-10T00:22:40.808012+00:00,ME18A280,12,2,20261010091958,20261009192926,20261009201210,,ME
2026-10-10T00:22:40.808012+00:00,ME18A282,11,2,20261010091634,20261010075751,20261010082612,,ME
2026-10-10T00:22:40.808012+00:00,ME18A282,12,2,20261010091640,20261008162658,20261008170115,,ME
2026-10-10T00:22:40.808012+00:00,ME18A283,11,2,20261010091753,20261008084304,20261008090549,,ME
2026-10-10T00:22:40.808012+00:00,ME18A283,12,2,20261010091746,20261008162058,20261008164122,,ME
2026-10-10T00:22:40.808012+00:00,ME18A307,01,2,20261010092037,20261009160319,20261009163015,,ME
2026-10-10T00:22:40.808012+00:00,ME18A308,01,2,20261010091811,20261009150810,20261009153159,,ME
2026-10-10T00:22:40.808012+00:00,ME18A308,11,2,20261010091719,20261009151750,20261009153936,,ME
2026-10-10T00:22:40.808012+00:00,ME18A308,12,2,20261010091724,20261008161649,20261008164705,,ME
2026-10-10T00:22:40.808012+00:00,ME18A309,01,2,20261010092034,20261010081901,20261010084836,,ME
2026-10-10T00:22:40.808012+00:00,ME18A309,11,2,20261010091716,20261010075305,20261010081349,,ME
2026-10-10T00:22:40.808012+00:00,ME18A309,12,2,20261010091718,20261009211652,20261009214606,,ME
2026-10-10T00:22:40.808012+00:00,ME19B174,11,2,20261010091921,20261010041405,20261010044240,,ME
2026-10-10T00:22:40.808012+00:00,ME19B174,12,2,20261010091920,20261010062507,20261010070707,,ME
2026-10-10T00:22:40.808012+00:00,ME19D126,01,2,20261010091705,20261008160120,20261008163045,,ME
2026-10-10T00:22:40.808012+00:00,ME19D127,01,2,20261010091809,20261009142659,20261009150403,,ME
2026-10-10T00:22:40.808012+00:00,ME19Y240,21,5,20261010092011,20261009181905,20261009184153,,ME
2026-10-10T00:22:40.808012+00:00,ME19Y240,22,2,20261010092011,20261009185218,20261009185831,,ME
2026-10-10T00:22:40.808012+00:00,ME19Y269,01,2,20261010091715,20261010002344,20261010005512,,ME
2026-10-10T00:22:40.808012+00:00,ME19Y269,02,2,20261010091720,20261010055704,20261010062345,,ME
2026-10-10T00:22:40.808012+00:00,ME19Y270,01,2,20261010091616,20261009230932,20261009234015,,ME
2026-10-10T00:22:40.808012+00:00,ME19Y270,02,2,20261010091653,20261010064155,20261010071758,,ME
2026-10-10T00:22:40.808012+00:00,ME19Y271,01,2,20261010091654,20261008162358,20261008162530,,ME
2026-10-10T00:22:40.808012+00:00,ME19Y271,02,2,20261010092031,20261009170824,20261009174824,,ME
2026-10-10T00:22:40.808012+00:00,ME20B1e4,01,2,20261010091809,20261008202200,20261008203317,,ME
2026-10-10T00:22:40.808012+00:00,ME20B1e5,01,2,20261010091911,20261009151714,20261009155036,,ME
2026-10-10T00:22:40.808012+00:00,ME20B1e6,91,2,20261010091655,20261009185739,20261009193739,,ME
2026-10-10T00:22:40.808012+00:00,ME20B2a3,21,2,20261010092032,20261008081124,20261008082455,,ME
2026-10-10T00:22:40.808012+00:00,ME20B2a3,22,2,20261010092032,20261008153612,20261008161612,,ME
2026-10-10T00:22:40.808012+00:00,ME20B2a4,21,2,20261010092057,20261009230136,20261009231304,,ME
2026-10-10T00:22:40.808012+00:00,ME20B2a4,22,2,20261010092057,20261010002304,20261010004117,,ME
2026-10-10T00:22:40.808012+00:00,ME20B2a5,21,2,20261010091742,20261010005202,20261010012220,,ME
2026-10-10T00:22:40.808012+00:00,ME20B2a5,22,2,20261010091742,20261009164707,20261009172011,,ME
2026-10-10T00:22:40.808012+00:00,ME20B2a6,21,2,20261010091921,20261010083205,20261010084942,,ME
2026-10-10T00:22:40.808012+00:00,ME20B2a6,22,2,20261010091921,20261009184154,20261009185929,,ME
2026-10-10T00:22:40.808012+00:00,ME20B2a7,21,2,20261010091920,20261010061820,20261010065820,,ME
2026-10-10T00:22:40.808012+00:00,ME20B2a7,22,2,20261010091920,20261010084523,20261010090212,,ME
2026-10-10T00:22:40.808012+00:00,ME20B2a8,21,2,20261010091840,20261009175427,20261009183427,,ME
2026-10-10T00:22:40.808012+00:00,ME20B2a8,22,2,20261010091841,20261007124936,20261007132936,,ME
2026-10-10T00:22:40.808012+00:00,ME20B2a9,21,2,20261010091813,20261009150442,20261009153221,,ME
2026-10-10T00:22:40.808012+00:00,ME20B2a9,22,2,20261010091813,20261009143500,20261009144235,,ME
2026-10-10T00:22:40.808012+00:00,ME20B2b0,21,5,20261010091926,20261005143505,20261005150342,,ME
2026-10-10T00:22:40.808012+00:00,ME20B2b0,22,5,20261010091926,20261005175606,20261005182530,,ME
2026-10-10T00:22:40.808012+00:00,ME20B2b1,21,2,20261010091848,20261008131334,20261008133504,,ME
2026-10-10T00:22:40.808012+00:00,ME20B2b1,22,2,20261010091848,20261009184235,20261009185701,,ME
2026-10-10T00:22:40.808012+00:00,ME20B2b3,21,2,20261010091834,20261010083927,20261010091831,,ME
2026-10-10T00:22:40.808012+00:00,ME20B2b3,22,2,20261010091627,20261010071012,20261010075012,,ME
2026-10-10T00:22:40.808012+00:00,ME20B2b4,01,2,20261010091825,20261002092503,20261002100503,,ME
2026-10-10T00:22:40.808012+00:00,ME20B2b4,02,2,20261010091955,20261001134855,20261001142855,,ME
2026-10-10T00:22:40.808012+00:00,ME20B418,41,2,20261010091928,20261009161628,20261009165628,,ME
2026-10-10T00:22:40.808012+00:00,ME20B418,42,2,20261010091956,20261010052555,20261010054249,,ME
2026-10-10T00:22:40.808012+00:00,ME20B418,43,2,20261010092008,20261010083103,20261010084928,,ME
2026-10-10T00:22:40.808012+00:00,ME20B418,44,2,20261010091948,20261010070613,20261010071627,,ME
2026-10-10T00:22:40.808012+00:00,ME21D080,01,2,20261010091935,20261010090424,20261010091935,,ME
2026-10-10T00:22:40.808012+00:00,ME21D081,01,2,20261010091343,20261010083337,20261010091343,,ME
2026-10-10T00:22:40.808012+00:00,ME21D085,01,3,20261010091947,20261010062801,20261010064942,20261010085729,ME
2026-10-10T00:22:40.808012+00:00,ME21D107,01,3,20261010092004,20261010011157,20261010012836,20261010085345,ME
2026-10-10T00:22:40.808012+00:00,ME21D108,01,3,20261010092109,20261009122633,20261009125113,20261010091257,ME
2026-10-10T00:22:40.808012+00:00,ME21X010,01,2,20261010092055,20261009163232,20261009170153,,ME
2026-10-10T00:22:40.808012+00:00,ME21X014,01,2,20261010091810,20261009142217,20261009150452,,ME
2026-10-10T00:22:40.808012+00:00,ME21X015,01,3,20261010091835,20261010031652,20261010035435,20261010043516,ME
2026-10-10T00:22:40.808012+00:00,ME22C286,01,2,20261010091930,20261010075841,20261010081040,,ME
2026-10-10T00:22:40.808012+00:00,ME22C286,02,2,20261010091938,20261009114422,20261009122425,,ME
2026-10-10T00:22:40.808012+00:00,ME22C305,03,3,20261010092053,20261010075735,20261010082501,20261010091251,ME
2026-10-10T00:22:40.808012+00:00,ME22D155,01,2,20261010091958,20261009181920,20261009185920,,ME
2026-10-10T00:22:40.808012+00:00,ME22D156,01,2,20261010091950,20261010071736,20261010072823,,ME
2026-10-10T00:22:40.808012+00:00,ME22D161,01,2,20261010092057,20261010041244,20261010043827,,ME
2026-10-10T00:22:40.808012+00:00,ME22D162,01,2,20261010091924,20261010082323,20261010085018,,ME
2026-10-10T00:22:40.808012+00:00,ME22D176,01,2,20261010091623,20261005160320,20261005164320,,ME
2026-10-10T00:22:40.808012+00:00,ME22D1H0,01,2,20261010091955,20261009175752,20261009183801,,ME
2026-10-10T00:22:40.808012+00:00,ME22D219,01,5,20261010092006,20261010053725,20261010061725,,ME
2026-10-10T00:22:40.808012+00:00,ME22D219,02,2,20261010091656,20261010061251,20261010062856,,ME
2026-10-10T00:22:40.808012+00:00,ME22D235,01,2,20261010091736,20261010051249,20261010055249,,ME
2026-10-10T00:22:40.808012+00:00,ME22D235,02,5,20261010091301,20261010080653,20261010082453,,ME
2026-10-10T00:22:40.808012+00:00,ME22D401,01,2,20261010092006,20261010075951,20261010083951,,ME
2026-10-10T00:22:40.808012+00:00,ME22D401,02,2,20261010091957,20261009060029,20261009061802,,ME
2026-10-10T00:22:40.808012+00:00,ME22D401,03,2,20261010091957,20261010062314,20261010065036,,ME
2026-10-10T00:22:40.808012+00:00,ME22D401,04,3,20261010092015,20261010082622,20261010090541,20261010092006,ME
2026-10-10T00:22:40.808012+00:00,ME25C183,01,2,20261010092031,20261008212457,20261008220459,,ME
2026-10-10T00:22:40.808012+00:00,ME25C184,01,2,20261010091928,20261010084159,20261010085646,,ME
2026-10-10T00:22:40.808012+00:00,ME25C282,21,2,20261010092042,20261009110217,20261009111829,,ME
2026-10-10T00:22:40.808012+00:00,ME25C282,22,2,20261010092045,20261009212409,20261009220048,,ME
2026-10-10T00:22:40.808012+00:00,ME25C283,01,2,20261010092017,20261008183223,20261008184256,,ME
2026-10-10T00:22:40.808012+00:00,ME25C283,02,3,20261010091934,20261009154903,20261009155910,20261010085116,ME
2026-10-10T00:22:40.808012+00:00,ME25C284,01,2,20261010091709,20261009201001,20261009205002,,ME
2026-10-10T00:22:40.808012+00:00,ME25C284,02,2,20261010091740,20261008173203,20261008175000,,ME
2026-10-10T00:22:40.808012+00:00,CI0O0028,01,5,20261010092014,20261010091604,20261010091702,,CI
2026-10-10T00:22:40.808012+00:00,CU640004,01,3,20261010091615,20261010090115,20261010070616,20261010090115,CU
2026-10-10T00:22:40.808012+00:00,CV000424,02,3,20261010092017,20261010091712,20261010091714,20261010092017,CV
2026-10-10T00:22:40.808012+00:00,CV001193,03,3,20261010091520,20261010091456,20261010091504,20261010091520,CV
2026-10-10T00:22:40.808012+00:00,CV001630,06,3,20261010092031,20261010091949,20261010091942,20261010091949,CV
2026-10-10T00:22:40.808012+00:00,CV001630,09,3,20261010092038,20261010091621,20261010091622,20261010091621,CV
2026-10-10T00:22:40.808012+00:00,CV002721,01,3,20261010092038,20261010091851,20261010091853,20261010092038,CV
2026-10-10T00:22:40.808012+00:00,EO000015,01,3,20261010091500,20261010064417,20261010065454,20261010091230,EO
2026-10-10T00:22:40.808012+00:00,EV015691,03,2,20261010091452,20261009185117,20261009233732,,EV
2026-10-10T00:22:40.808012+00:00,EV015693,01,2,20261010091252,20261009175723,20261010005523,,EV
2026-10-10T00:22:40.808012+00:00,EV016352,01,2,20261010091252,20261010082027,20261010091046,,EV
2026-10-10T00:22:40.808012+00:00,EV021520,04,2,20261010092057,20261009190706,20261010091851,,EV
2026-10-10T00:22:40.808012+00:00,GS000117,04,2,20261010091322,20261010085217,20261010091322,,GS
2026-10-10T00:22:40.808012+00:00,GS000119,02,2,20261010091622,20261010083714,20261010091622,,GS
2026-10-10T00:22:40.808012+00:00,HE240437,04,9,20261010091310,20261009195500,20261010083100,,HE
2026-10-10T00:22:40.808012+00:00,JD000003,09,3,20261010091300,20261010091300,20261010090400,20261010091300,JD
2026-10-10T00:22:40.808012+00:00,JD000003,10,3,20261010091400,20261010091400,20261010065500,20261010091400,JD
2026-10-10T00:22:40.808012+00:00,JD000003,11,3,20261010091500,20261010091500,20261009205900,20261010091500,JD
2026-10-10T00:22:40.808012+00:00,JD000009,01,3,20261010091700,20261010091700,20261009234200,20261010091700,JD
2026-10-10T00:22:40.808012+00:00,JD000054,01,2,20261010092200,20260820114629,20260820143748,,JD
2026-10-10T00:22:40.808012+00:00,JD100002,01,3,20261010091307,20261010091307,20261010085109,20261010091147,JD
2026-10-10T00:22:40.808012+00:00,JD100020,01,3,20261010091713,20261010091713,20261009115652,20261010091526,JD
2026-10-10T00:22:40.808012+00:00,JD100048,01,3,20261010091713,20261010091713,20261010052443,20261010091556,JD
2026-10-10T00:22:40.808012+00:00,JD110058,01,2,20261010091623,20261010083055,20261010091059,,JD
2026-10-10T00:22:40.808012+00:00,JD110070,02,3,20261010092006,20261010092006,20261009201238,20261010091843,JD
2026-10-10T00:22:40.808012+00:00,JD110083,01,3,20261010091508,20261010091508,20261009173640,20261010091349,JD
2026-10-10T00:22:40.808012+00:00,JD110114,02,2,20261010091509,20261010083105,20261010091105,,JD
2026-10-10T00:22:40.808012+00:00,JD110124,04,2,20261010091427,20261010083057,20261010091057,,JD
2026-10-10T00:22:40.808012+00:00,JE010107,01,3,20261010091624,20261009202353,20261010053306,20261010091502,JE
2026-10-10T00:22:40.808012+00:00,JE010149,03,2,20261010091824,20261009185127,20261009214731,,JE
2026-10-10T00:22:40.808012+00:00,JE010216,02,2,20261010091427,20261009181631,20261010090006,,JE
2026-10-10T00:22:40.808012+00:00,JE010247,03,3,20261010091624,20261010082519,20261010085130,20261010091535,JE
2026-10-10T00:22:40.808012+00:00,JE010274,02,2,20261010091624,20261009182624,20261010090006,,JE
2026-10-10T00:22:40.808012+00:00,JE010277,02,3,20261010091427,20261009200840,20261010073559,20261010091252,JE
2026-10-10T00:22:40.808012+00:00,JE040090,04,3,20261010092034,20261009183103,20261010063257,20261010091840,JE
2026-10-10T00:22:40.808012+00:00,JE040109,04,1,20261010091625,20261009200833,20261010083530,,JE
2026-10-10T00:22:40.808012+00:00,JE900002,01,2,20261010092034,20261010083549,20261010091842,,JE
2026-10-10T00:22:40.808012+00:00,JE900092,01,2,20261010091428,20261010075327,20261010091356,,JE
2026-10-10T00:22:40.808012+00:00,JE900134,01,3,20261010092035,20261009215257,20261010003359,20261010091946,JE
2026-10-10T00:22:40.808012+00:00,JE900134,02,2,20261010091625,20261010084514,20261010091155,,JE
2026-10-10T00:22:40.808012+00:00,JE900159,02,3,20261010092035,20261009174235,20261009235641,20261010091849,JE
2026-10-10T00:22:40.808012+00:00,JE900208,01,2,20261010091428,20261010075646,20261010091256,,JE
2026-10-10T00:22:40.808012+00:00,JE910018,02,2,20261010091626,20261009184004,20261009225310,,JE
2026-10-10T00:22:40.808012+00:00,KE001382,01,9,20261010091810,20261010063317,20261010075112,,KE
2026-10-10T00:22:40.808012+00:00,KP000199,02,3,20261010092022,20261010075957,20261010082110,20261010091655,KP
2026-10-10T00:22:40.808012+00:00,KP000199,04,2,20261010092018,20261010081718,20261010091016,,KP
2026-10-10T00:22:40.808012+00:00,KP000199,05,3,20261010092022,20261010072216,20261010073403,20261010091013,KP
2026-10-10T00:22:40.808012+00:00,KP000406,01,3,20261010092022,20261009214745,20261009224916,20261010091515,KP
2026-10-10T00:22:40.808012+00:00,KP001182,02,2,20261010092017,20261009234025,20261010091348,,KP
2026-10-10T00:22:40.808012+00:00,KP001206,01,2,20261010092022,20261010083604,20261010085336,,KP
2026-10-10T00:22:40.808012+00:00,KP002232,02,2,20261010092018,20261009212509,20261010024001,,KP
2026-10-10T00:22:40.808012+00:00,KP003282,01,2,20261010092020,20261010005600,20261010091229,,KP
2026-10-10T00:22:40.808012+00:00,LU002576,04,3,20261010091438,20261010033202,20261010091435,20261010033202,LU
2026-10-10T00:22:40.808012+00:00,NT100725,08,2,20261010091850,20261010091650,20261010091750,,NT
2026-10-10T00:22:40.808012+00:00,NT100725,09,5,20261010091650,20261010091550,20261010091650,,NT
2026-10-10T00:22:40.808012+00:00,NT100725,10,3,20261010092050,20261010092050,20261010030050,20261010092050,NT
2026-10-10T00:22:40.808012+00:00,NT100725,11,5,20261010091950,20261009104250,20261009104350,,NT
2026-10-10T00:22:40.808012+00:00,PC001645,01,3,20261010091624,20261010091705,20261010003505,20261010091624,PC
2026-10-10T00:22:40.808012+00:00,PI201231,03,3,20261010092014,20261010091535,20261010012812,20261010092014,PI
2026-10-10T00:22:40.808012+00:00,PI201322,03,2,20261010091304,20261009211106,20261010064701,,PI
2026-10-10T00:22:40.808012+00:00,PI640407,11,3,20261010091849,20261010091733,20261009135401,20261010091849,PI
2026-10-10T00:22:40.808012+00:00,PI645119,01,1,20261010092204,20261008080108,20261008094039,,PI
2026-10-10T00:22:40.808012+00:00,PIH01122,03,2,20261010091910,20261009170501,20261010022938,,PI
2026-10-10T00:22:40.808012+00:00,PK000349,10,2,20261010092043,20261010084031,20261010092043,,PK
2026-10-10T00:22:40.808012+00:00,PK000426,07,3,20261010092048,20261010092048,20261009231038,20261010092048,PK
2026-10-10T00:22:40.808012+00:00,PK000426,08,3,20261010092048,20261010092048,20261009150014,20261010092048,PK
2026-10-10T00:22:40.808012+00:00,PL000236,04,2,20261010092134,20261009172446,20261010092134,,PL
2026-10-10T00:22:40.808012+00:00,PL000791,07,2,20261010091736,20261009181756,20261010091736,,PL
2026-10-10T00:22:40.808012+00:00,PL027210,08,2,20261010091321,20261009152056,20261010091321,,PL
2026-10-10T00:22:40.808012+00:00,PW010859,01,2,20261010091609,20261009193244,20261009234810,,PW
2026-10-10T00:22:40.808012+00:00,PW015362,07,3,20261010091917,20261010091917,20261009035606,20261010091604,PW
2026-10-10T00:22:40.808012+00:00,PW015362,08,2,20261010091917,20261009195954,20261010030029,,PW
2026-10-10T00:22:40.808012+00:00,PWE00792,04,2,20261010091909,20261009181908,20261010091909,,PW
2026-10-10T00:22:40.808012+00:00,PWE00799,06,3,20261010091909,20261010091909,20261010091009,20261010091909,PW
2026-10-10T00:22:40.808012+00:00,PWE06067,06,3,20261010092210,20261010092210,20261009101609,20261010092210,PW
2026-10-10T00:22:40.808012+00:00,PWE06120,15,2,20261010091310,20261010081919,20261010091310,,PW
2026-10-10T00:22:40.808012+00:00,RE000240,07,3,20261010092202,20261010092202,20261010034535,20261010092052,RE
2026-10-10T00:22:40.808012+00:00,SOA33001,01,1,20261010091841,20261010083441,20261010083641,,SO
2026-10-10T00:22:40.808012+00:00,SOA60001,03,3,20261010091641,20261010091641,20261009161435,20261010091641,SO
2026-10-10T00:22:40.808012+00:00,ST501131,02,2,20261010091331,20261007092034,20261010091331,,ST
2026-10-10T00:22:40.808012+00:00,ST501159,04,3,20261010091955,20261010084054,20261010085258,20261010091955,ST
2026-10-10T00:22:40.808012+00:00,ST600357,02,2,20261010091404,20261010083803,20261010091404,,ST
2026-10-10T00:22:40.808012+00:00,TDO00007,01,2,20261010091502,20261009205800,20261010012107,,TD
2026-10-10T00:22:40.808012+00:00,TDO00060,05,2,20261010091501,20261009193052,20261010090159,,TD
2026-10-10T00:22:40.808012+00:00,TDO00114,01,2,20261010091500,20261009182239,20261010054540,,TD
2026-10-10T00:22:40.808012+00:00,ME174046,01,2,20261010092102,20261009142311,20261009150935,,ME
2026-10-10T00:22:40.808012+00:00,ME174050,01,2,20261010091702,20261001170730,20261001170951,,ME
2026-10-10T00:22:40.808012+00:00,ME174050,02,2,20261010091747,20261008143529,20261008151854,,ME
2026-10-10T00:22:40.808012+00:00,ME174050,03,2,20261010091935,20261009111442,20261009115029,,ME
2026-10-10T00:22:40.808012+00:00,ME174050,04,2,20261010091713,20261009141933,20261009143159,,ME
2026-10-10T00:22:40.808012+00:00,ME174050,05,2,20261010091713,20261005144243,20261005151909,,ME
2026-10-10T00:22:40.808012+00:00,ME174061,01,2,20261010091852,20261009182815,20261009185350,,ME
2026-10-10T00:22:40.808012+00:00,ME174062,01,2,20261010091727,20261009151028,20261009155032,,ME
2026-10-10T00:22:40.808012+00:00,ME183101,01,2,20261010091956,20261006164049,20261006164233,,ME
2026-10-10T00:22:40.808012+00:00,ME183101,02,2,20261010091645,20261009145721,20261009151943,,ME
2026-10-10T00:22:40.808012+00:00,ME183101,03,2,20261010092026,20261010080755,20261010081748,,ME
2026-10-10T00:22:40.808012+00:00,ME183101,04,2,20261010091648,20261008095259,20261008101121,,ME
2026-10-10T00:22:40.808012+00:00,ME183101,52,2,20261010091641,20261004145214,20261004150345,,ME
2026-10-10T00:22:40.808012+00:00,ME183101,54,2,20261010091655,20261008114833,20261008123135,,ME
2026-10-10T00:22:40.808012+00:00,ME183102,02,2,20261010091618,20261009090915,20261009093759,,ME
2026-10-10T00:22:40.808012+00:00,ME183102,52,2,20261010091631,20261006112945,20261006121250,,ME
2026-10-10T00:22:40.808012+00:00,ME184122,01,2,20261010091902,20261009104248,20261009112343,,ME
2026-10-10T00:22:40.808012+00:00,ME184124,01,2,20261010091725,20261010064520,20261010070825,,ME
2026-10-10T00:22:40.808012+00:00,ME184125,01,3,20261010092104,20261009165705,20261009172710,20261010092058,ME
2026-10-10T00:22:40.808012+00:00,ME184126,02,2,20261010092045,20261009202346,20261009210822,,ME
2026-10-10T00:22:40.808012+00:00,ME18A173,01,2,20261010091951,20261009172642,20261009180947,,ME
2026-10-10T00:22:40.808012+00:00,ME18A175,01,2,20261010091944,20261008171919,20261008173840,,ME
2026-10-10T00:22:40.808012+00:00,ME18A180,01,2,20261010092021,20261008181738,20261008182838,,ME
2026-10-10T00:22:40.808012+00:00,ME18A268,11,2,20261010091716,20261009142805,20261009151109,,ME
2026-10-10T00:22:40.808012+00:00,ME18A268,12,2,20261010091713,20261009112000,20261009120303,,ME
2026-10-10T00:22:40.808012+00:00,ME18A269,11,2,20261010091845,20261009085416,20261009090613,,ME
2026-10-10T00:22:40.808012+00:00,ME18A269,12,2,20261010091834,20261010071705,20261010075351,,ME
2026-10-10T00:22:40.808012+00:00,ME18A270,11,2,20261010091842,20261007090021,20261007092403,,ME
2026-10-10T00:22:40.808012+00:00,ME18A270,12,2,20261010091833,20261010082330,20261010090357,,ME
2026-10-10T00:22:40.808012+00:00,ME18A271,01,2,20261010091813,20261008161912,20261008170121,,ME
2026-10-10T00:22:40.808012+00:00,ME18A271,02,2,20261010091952,20261008123004,20261008124324,,ME
2026-10-10T00:22:40.808012+00:00,ME18A272,11,2,20261010092026,20261010081411,20261010085717,,ME
2026-10-10T00:22:40.808012+00:00,ME18A272,12,2,20261010092018,20261009145037,20261009150958,,ME
2026-10-10T00:22:40.808012+00:00,ME18A273,11,2,20261010091653,20261009165317,20261009170313,,ME
2026-10-10T00:22:40.808012+00:00,ME18A273,12,2,20261010091659,20261009153639,20261009155300,,ME
2026-10-10T00:22:40.808012+00:00,ME18A274,11,2,20261010092106,20261009214526,20261009222832,,ME
2026-10-10T00:22:40.808012+00:00,ME18A274,12,2,20261010092104,20261009141258,20261009145603,,ME
2026-10-10T00:22:40.808012+00:00,ME18A275,11,2,20261010091939,20261009211507,20261009212535,,ME
2026-10-10T00:22:40.808012+00:00,ME18A275,12,2,20261010091935,20261009171451,20261009173059,,ME
2026-10-10T00:22:40.808012+00:00,ME18A281,11,2,20261010091701,20261008133854,20261008141829,,ME
2026-10-10T00:22:40.808012+00:00,ME18A281,12,3,20261010091915,20261008153026,20261008154650,20261010090915,ME
2026-10-10T00:22:40.808012+00:00,ME18A306,01,2,20261010091736,20261008194246,20261008201332,,ME
2026-10-10T00:22:40.808012+00:00,ME18A306,11,2,20261010091715,20261002121626,20261002130155,,ME
2026-10-10T00:22:40.808012+00:00,ME18A306,12,2,20261010091721,20261006203629,20261006210538,,ME
2026-10-10T00:22:40.808012+00:00,ME18A404,03,2,20261010091607,20261007110848,20261007112848,,ME
2026-10-10T00:22:40.808012+00:00,ME18A404,04,2,20261010091526,20261009172150,20261009173654,,ME
2026-10-10T00:22:40.808012+00:00,ME19B169,01,2,20261010092029,20261007162951,20261007165506,,ME
2026-10-10T00:22:40.808012+00:00,ME19B170,01,2,20261010091639,20261009174834,20261009180634,,ME
2026-10-10T00:22:40.808012+00:00,ME19B171,01,2,20261010091936,20261009165032,20261009173032,,ME
2026-10-10T00:22:40.808012+00:00,ME19B172,01,2,20261010091945,20261009205814,20261009210601,,ME
2026-10-10T00:22:40.808012+00:00,ME19B173,01,2,20261010091725,20261009203900,20261009211904,,ME
2026-10-10T00:22:40.808012+00:00,ME20B1e1,01,2,20261010091621,20261008140101,20261008141347,,ME
2026-10-10T00:22:40.808012+00:00,ME20B1e2,01,2,20261010091935,20261009073535,20261009081148,,ME
2026-10-10T00:22:40.808012+00:00,ME20B1e3,01,2,20261010091629,20261008180620,20261008184620,,ME
2026-10-10T00:22:40.808012+00:00,ME20B2a0,91,2,20261010092033,20261009113010,20261009120048,,ME
2026-10-10T00:22:40.808012+00:00,ME20B2a0,92,2,20261010092033,20261005122044,20261005123945,,ME
2026-10-10T00:22:40.808012+00:00,ME20B2a1,21,2,20261010092023,20261008145750,20261008153127,,ME
2026-10-10T00:22:40.808012+00:00,ME20B2a1,22,2,20261010092023,20261007131536,20261007132823,,ME
2026-10-10T00:22:40.808012+00:00,ME20B2a2,21,2,20261010091930,20261009114904,20261009121010,,ME
2026-10-10T00:22:40.808012+00:00,ME20B2a2,22,2,20261010091931,20261002070459,20261002072043,,ME
2026-10-10T00:22:40.808012+00:00,ME20B416,21,2,20261010092050,20261008075217,20261008075827,,ME
2026-10-10T00:22:40.808012+00:00,ME20B416,22,2,20261010092050,20261010071226,20261010072940,,ME
2026-10-10T00:22:40.808012+00:00,ME20B416,23,2,20261010091928,20261009180058,20261009182853,,ME
2026-10-10T00:22:40.808012+00:00,ME20B416,24,2,20261010091928,20261009184412,20261009192412,,ME
2026-10-10T00:22:40.808012+00:00,ME20B417,41,2,20261010091756,20261008102754,20261008110016,,ME
2026-10-10T00:22:40.808012+00:00,ME20B417,42,2,20261010091824,20261008174327,20261008180422,,ME
2026-10-10T00:22:40.808012+00:00,ME20B417,43,2,20261010091830,20261009124539,20261009131711,,ME
2026-10-10T00:22:40.808012+00:00,ME20B417,44,2,20261010091823,20261009122329,20261009123050,,ME
2026-10-10T00:22:40.808012+00:00,ME21D058,01,3,20261010092042,20261010064336,20261010070726,20261010084158,ME
2026-10-10T00:22:40.808012+00:00,ME21D064,01,3,20261010092108,20261010072302,20261010074435,20261010085450,ME
2026-10-10T00:22:40.808012+00:00,ME21D069,01,2,20261010091757,20261010083523,20261010091753,,ME
2026-10-10T00:22:40.808012+00:00,ME21D074,01,2,20261010092043,20261010083815,20261010092047,,ME
2026-10-10T00:22:40.808012+00:00,ME21X008,01,3,20261010091706,20261009194634,20261009202655,20261010091203,ME
2026-10-10T00:22:40.808012+00:00,ME22A611,32,2,20261010091350,20261010083345,20261010091351,,ME
2026-10-10T00:22:40.808012+00:00,ME22B336,81,3,20261010092030,20261010045058,20261010052623,20261010084156,ME
2026-10-10T00:22:40.808012+00:00,ME22D1H1,01,2,20261010091925,20261010083908,20261010090931,,ME
2026-10-10T00:22:40.808012+00:00,ME25C181,01,2,20261010092002,20261009202350,20261009210352,,ME
2026-10-10T00:22:40.808012+00:00,ME25C182,01,4,20261010091818,20261009185249,20261009190353,,ME
2026-10-10T00:22:40.808012+00:00,ME25C281,21,2,20261010092055,20261009104217,20261009110215,,ME
2026-10-10T00:22:40.808012+00:00,ME25C281,22,2,20261010092057,20261009101815,20261009103157,,ME
2026-10-10T00:22:40.808012+00:00,ME25C318,01,2,20261010091716,20261009065121,20261009072419,,ME
2026-10-10T00:22:40.808012+00:00,ME25C318,21,4,20261010092026,20261008164510,20261008170220,,ME
2026-10-10T00:22:40.808012+00:00,ME25C318,22,2,20261010092029,20261007135113,20261007140134,,ME
2026-10-10T00:22:40.808012+00:00,ME25C431,01,2,20261010091713,20260914133046,20260914133228,,ME
2026-10-10T00:22:40.808012+00:00,ME25C431,02,2,20261010091857,20261008115826,20261008123543,,ME
2026-10-10T00:22:40.808012+00:00,ME25C431,03,2,20261010091731,20261009233136,20261009235423,,ME
2026-10-10T00:22:40.808012+00:00,ME25C431,04,2,20261010091829,20261009141225,20261009142327,,ME
2026-10-10T00:22:40.808012+00:00,CI0O0040,01,2,20261010091421,20261010091354,20261010091421,,CI
2026-10-10T00:22:40.808012+00:00,CV000843,01,3,20261010092019,20261010091659,20261010091707,20261010092019,CV
2026-10-10T00:22:40.808012+00:00,EV012730,04,2,20261010091653,20261009214017,20261009232222,,EV
2026-10-10T00:22:40.808012+00:00,HE230005,02,3,20261010091301,20261010091301,20261010091100,20261010091301,HE
2026-10-10T00:22:40.808012+00:00,HE230005,03,3,20261010091301,20261010091301,20261010085000,20261010091301,HE
2026-10-10T00:22:40.808012+00:00,HE240455,03,9,20261010091310,20261009142600,20261010083200,,HE
2026-10-10T00:22:40.808012+00:00,HE240506,02,3,20261010091800,20261010091800,20261009125109,20261010091800,HE
2026-10-10T00:22:40.808012+00:00,JD003401,01,3,20261010091800,20261010091800,20261008224300,20261010091800,JD
2026-10-10T00:22:40.808012+00:00,JD100008,02,3,20261010091307,20261010091307,20261008133247,20261010091146,JD
2026-10-10T00:22:40.808012+00:00,JD100016,09,2,20261010091508,20261010071258,20261010091329,,JD
2026-10-10T00:22:40.808012+00:00,JD100035,01,2,20261010092006,20261004122556,20261004130603,,JD
2026-10-10T00:22:40.808012+00:00,JD160034,01,2,20261010091713,20261010083842,20261010091330,,JD
2026-10-10T00:22:40.808012+00:00,JD160069,02,3,20261010091623,20261010091623,20261010080708,20261010091439,JD
2026-10-10T00:22:40.808012+00:00,JD160073,01,3,20261010092105,20261010092105,20261010071916,20261010091955,JD
2026-10-10T00:22:40.808012+00:00,JD160084,03,2,20261010091427,20261010083259,20261010091259,,JD
2026-10-10T00:22:40.808012+00:00,JD160087,01,2,20261010091308,20261010083919,20261010090831,,JD
2026-10-10T00:22:40.808012+00:00,JD160089,01,3,20261010091509,20261010091509,20261010081612,20261010091404,JD
2026-10-10T00:22:40.808012+00:00,JD160090,02,2,20261010092006,20261010090835,20261010091527,,JD
2026-10-10T00:22:40.808012+00:00,JE010368,09,2,20261010092033,20261010072152,20261010092026,,JE
2026-10-10T00:22:40.808012+00:00,JE020137,14,2,20261010091427,20261009180258,20261010090005,,JE
2026-10-10T00:22:40.808012+00:00,JE040123,19,3,20261010091825,20261009164403,20261009203210,20261010091711,JE
2026-10-10T00:22:40.808012+00:00,JE043005,07,3,20261010092034,20261010080217,20261010082342,20261010091947,JE
2026-10-10T00:22:40.808012+00:00,JE900048,02,3,20261010091625,20261010054206,20261010061011,20261010091505,JE
2026-10-10T00:22:40.808012+00:00,JE900169,05,3,20261010091826,20261009214625,20261010020040,20261010091806,JE
2026-10-10T00:22:40.808012+00:00,JE900174,02,3,20261010092035,20261006191430,20261006230306,20261010091828,JE
2026-10-10T00:22:40.808012+00:00,JE900187,02,3,20261010091428,20261010081810,20261010090956,20261010091238,JE
2026-10-10T00:22:40.808012+00:00,JE900189,01,3,20261010091626,20261010042905,20261010044801,20261010091602,JE
2026-10-10T00:22:40.808012+00:00,JE900199,02,2,20261010091626,20261010090234,20261010091510,,JE
2026-10-10T00:22:40.808012+00:00,JE900210,01,3,20261010091626,20261010042920,20261010044834,20261010091430,JE
2026-10-10T00:22:40.808012+00:00,JE900250,02,2,20261010091626,20261009171526,20261009230136,,JE
2026-10-10T00:22:40.808012+00:00,JE910129,01,2,20261010091626,20261009120848,20261009185129,,JE
2026-10-10T00:22:40.808012+00:00,KP000434,02,2,20261010092015,20261010081404,20261010090301,,KP
2026-10-10T00:22:40.808012+00:00,PI640318,05,2,20261010091833,20261009230947,20261010080824,,PI
2026-10-10T00:22:40.808012+00:00,PI640318,09,2,20261010092035,20261009161040,20261010001750,,PI
2026-10-10T00:22:40.808012+00:00,PIH01497,15,3,20261010091922,20261010091337,20261009183341,20261010091922,PI
2026-10-10T00:22:40.808012+00:00,PIH01877,03,2,20261010091910,20261009153929,20261009215814,,PI
2026-10-10T00:22:40.808012+00:00,PL000740,04,2,20261010091514,20261009180210,20261010091514,,PL
2026-10-10T00:22:40.808012+00:00,PW100561,01,2,20261010091607,20261009204207,20261010034234,,PW
2026-10-10T00:22:40.808012+00:00,ST600702,02,2,20261010091759,20261009193858,20261010091759,,ST
2026-10-10T00:32:40.666429+00:00,ME174067,01,2,20261010092717,20261010071754,20261010073704,,ME
2026-10-10T00:32:40.666429+00:00,ME181538,01,2,20261010092612,20261009184249,20261009192919,,ME
2026-10-10T00:32:40.666429+00:00,ME181539,01,2,20261010092748,20261006203339,20261006211418,,ME
2026-10-10T00:32:40.666429+00:00,ME181541,01,3,20261010092840,20261009145231,20261009153551,20261010091647,ME
2026-10-10T00:32:40.666429+00:00,ME184129,01,2,20261010092736,20261009154324,20261009162646,,ME
2026-10-10T00:32:40.666429+00:00,ME184130,01,2,20261010092742,20261009112737,20261009121058,,ME
2026-10-10T00:32:40.666429+00:00,ME184131,01,2,20261010092840,20261010084320,20261010092646,,ME
2026-10-10T00:32:40.666429+00:00,ME18A176,01,2,20261010092617,20261009184214,20261009192308,,ME
2026-10-10T00:32:40.666429+00:00,ME18A177,01,2,20261010092650,20261009142233,20261009145329,,ME
2026-10-10T00:32:40.666429+00:00,ME18A178,01,2,20261010092848,20261008171236,20261008174406,,ME
2026-10-10T00:32:40.666429+00:00,ME18A179,01,2,20261010093003,20261009155037,20261009160216,,ME
2026-10-10T00:32:40.666429+00:00,ME18A276,11,2,20261010092630,20261009125730,20261009134032,,ME
2026-10-10T00:32:40.666429+00:00,ME18A276,12,2,20261010092632,20260925101706,20260925104659,,ME
2026-10-10T00:32:40.666429+00:00,ME18A277,11,2,20261010092900,20261009224505,20261009230209,,ME
2026-10-10T00:32:40.666429+00:00,ME18A277,12,2,20261010092903,20261010090045,20261010090339,,ME
2026-10-10T00:32:40.666429+00:00,ME18A278,01,2,20261010092715,20261010083914,20261010084800,,ME
2026-10-10T00:32:40.666429+00:00,ME18A278,02,2,20261010092716,20261010075944,20261010081950,,ME
2026-10-10T00:32:40.666429+00:00,ME18A279,11,2,20261010092937,20261009172504,20261009175156,,ME
2026-10-10T00:32:40.666429+00:00,ME18A279,12,2,20261010092918,20261009153008,20261009155022,,ME
2026-10-10T00:32:40.666429+00:00,ME18A280,11,2,20261010093004,20261009201246,20261009204140,,ME
2026-10-10T00:32:40.666429+00:00,ME18A280,12,2,20261010093002,20261009192926,20261009201210,,ME
2026-10-10T00:32:40.666429+00:00,ME18A282,11,2,20261010092637,20261010075751,20261010082612,,ME
2026-10-10T00:32:40.666429+00:00,ME18A282,12,2,20261010092642,20261008162658,20261008170115,,ME
2026-10-10T00:32:40.666429+00:00,ME18A283,11,2,20261010092755,20261008084304,20261008090549,,ME
2026-10-10T00:32:40.666429+00:00,ME18A283,12,2,20261010092748,20261008162058,20261008164122,,ME
2026-10-10T00:32:40.666429+00:00,ME18A307,01,2,20261010093039,20261009160319,20261009163015,,ME
2026-10-10T00:32:40.666429+00:00,ME18A308,01,2,20261010092814,20261009150810,20261009153159,,ME
2026-10-10T00:32:40.666429+00:00,ME18A308,11,2,20261010092722,20261009151750,20261009153936,,ME
2026-10-10T00:32:40.666429+00:00,ME18A308,12,2,20261010092725,20261008161649,20261008164705,,ME
2026-10-10T00:32:40.666429+00:00,ME18A309,01,2,20261010093036,20261010081901,20261010084836,,ME
2026-10-10T00:32:40.666429+00:00,ME18A309,11,2,20261010092718,20261010075305,20261010081349,,ME
2026-10-10T00:32:40.666429+00:00,ME18A309,12,2,20261010092720,20261009211652,20261009214606,,ME
2026-10-10T00:32:40.666429+00:00,ME19B174,11,2,20261010092923,20261010041405,20261010044240,,ME
2026-10-10T00:32:40.666429+00:00,ME19B174,12,2,20261010092922,20261010062507,20261010070707,,ME
2026-10-10T00:32:40.666429+00:00,ME19D126,01,2,20261010092705,20261008160120,20261008163045,,ME
2026-10-10T00:32:40.666429+00:00,ME19D127,01,2,20261010092810,20261009142659,20261009150403,,ME
2026-10-10T00:32:40.666429+00:00,ME19Y240,21,5,20261010093010,20261009181905,20261009184153,,ME
2026-10-10T00:32:40.666429+00:00,ME19Y240,22,2,20261010093011,20261009185218,20261009185831,,ME
2026-10-10T00:32:40.666429+00:00,ME19Y269,01,2,20261010092715,20261010002344,20261010005512,,ME
2026-10-10T00:32:40.666429+00:00,ME19Y269,02,2,20261010092720,20261010055704,20261010062345,,ME
2026-10-10T00:32:40.666429+00:00,ME19Y270,01,2,20261010092616,20261009230932,20261009234015,,ME
2026-10-10T00:32:40.666429+00:00,ME19Y270,02,2,20261010092653,20261010064155,20261010071758,,ME
2026-10-10T00:32:40.666429+00:00,ME19Y271,01,2,20261010092654,20261008162358,20261008162530,,ME
2026-10-10T00:32:40.666429+00:00,ME19Y271,02,2,20261010093031,20261009170824,20261009174824,,ME
2026-10-10T00:32:40.666429+00:00,ME20B1e4,01,2,20261010092809,20261008202200,20261008203317,,ME
2026-10-10T00:32:40.666429+00:00,ME20B1e5,01,2,20261010092911,20261009151714,20261009155036,,ME
2026-10-10T00:32:40.666429+00:00,ME20B1e6,91,2,20261010092655,20261009185739,20261009193739,,ME
2026-10-10T00:32:40.666429+00:00,ME20B2a3,21,2,20261010093032,20261008081124,20261008082455,,ME
2026-10-10T00:32:40.666429+00:00,ME20B2a3,22,2,20261010093032,20261008153612,20261008161612,,ME
2026-10-10T00:32:40.666429+00:00,ME20B2a4,21,2,20261010093057,20261009230136,20261009231304,,ME
2026-10-10T00:32:40.666429+00:00,ME20B2a4,22,2,20261010093057,20261010002304,20261010004117,,ME
2026-10-10T00:32:40.666429+00:00,ME20B2a5,21,2,20261010092742,20261010005202,20261010012220,,ME
2026-10-10T00:32:40.666429+00:00,ME20B2a5,22,2,20261010092742,20261009164707,20261009172011,,ME
2026-10-10T00:32:40.666429+00:00,ME20B2a6,21,2,20261010092921,20261010083205,20261010084942,,ME
2026-10-10T00:32:40.666429+00:00,ME20B2a6,22,2,20261010092921,20261009184154,20261009185929,,ME
2026-10-10T00:32:40.666429+00:00,ME20B2a7,21,2,20261010092920,20261010061820,20261010065820,,ME
2026-10-10T00:32:40.666429+00:00,ME20B2a7,22,2,20261010092954,20261010084523,20261010090212,,ME
2026-10-10T00:32:40.666429+00:00,ME20B2a8,21,2,20261010092841,20261009175427,20261009183427,,ME
2026-10-10T00:32:40.666429+00:00,ME20B2a8,22,2,20261010092841,20261007124936,20261007132936,,ME
2026-10-10T00:32:40.666429+00:00,ME20B2a9,21,2,20261010092813,20261009150442,20261009153221,,ME
2026-10-10T00:32:40.666429+00:00,ME20B2a9,22,2,20261010092813,20261009143500,20261009144235,,ME
2026-10-10T00:32:40.666429+00:00,ME20B2b0,21,5,20261010092926,20261005143505,20261005150342,,ME
2026-10-10T00:32:40.666429+00:00,ME20B2b0,22,5,20261010092926,20261005175606,20261005182530,,ME
2026-10-10T00:32:40.666429+00:00,ME20B2b1,21,2,20261010092848,20261008131334,20261008133504,,ME
2026-10-10T00:32:40.666429+00:00,ME20B2b1,22,2,20261010092848,20261009184235,20261009185701,,ME
2026-10-10T00:32:40.666429+00:00,ME20B2b3,21,2,20261010092627,20261010083927,20261010091831,,ME
2026-10-10T00:32:40.666429+00:00,ME20B2b3,22,2,20261010092627,20261010071012,20261010075012,,ME
2026-10-10T00:32:40.666429+00:00,ME20B2b4,01,2,20261010092825,20261002092503,20261002100503,,ME
2026-10-10T00:32:40.666429+00:00,ME20B2b4,02,2,20261010092955,20261001134855,20261001142855,,ME
2026-10-10T00:32:40.666429+00:00,ME20B418,41,2,20261010092928,20261009161628,20261009165628,,ME
2026-10-10T00:32:40.666429+00:00,ME20B418,42,2,20261010092956,20261010052555,20261010054249,,ME
2026-10-10T00:32:40.666429+00:00,ME20B418,43,2,20261010093008,20261010083103,20261010084928,,ME
2026-10-10T00:32:40.666429+00:00,ME20B418,44,2,20261010092948,20261010070613,20261010071627,,ME
2026-10-10T00:32:40.666429+00:00,ME21D081,01,3,20261010093019,20261010083337,20261010091343,20261010092615,ME
2026-10-10T00:32:40.666429+00:00,ME21D085,01,2,20261010092524,20261010085729,20261010092527,,ME
2026-10-10T00:32:40.666429+00:00,ME21D092,01,2,20261010092253,20261010082924,20261010090927,,ME
2026-10-10T00:32:40.666429+00:00,ME21D093,01,3,20261010093005,20261009222323,20261009230437,20261010092804,ME
2026-10-10T00:32:40.666429+00:00,ME21D107,01,2,20261010092308,20261010085345,20261010092315,,ME
2026-10-10T00:32:40.666429+00:00,ME21D108,01,2,20261010092734,20261010091257,20261010092730,,ME
2026-10-10T00:32:40.666429+00:00,ME21X010,01,2,20261010093057,20261009163232,20261009170153,,ME
2026-10-10T00:32:40.666429+00:00,ME21X014,01,2,20261010092810,20261009142217,20261009150452,,ME
2026-10-10T00:32:40.666429+00:00,ME21X015,01,3,20261010092837,20261010031652,20261010035435,20261010043516,ME
2026-10-10T00:32:40.666429+00:00,ME22C305,03,3,20261010093102,20261010075735,20261010082501,20261010091251,ME
2026-10-10T00:32:40.666429+00:00,ME22D155,01,3,20261010092804,20261009181920,20261009185920,20261010092724,ME
2026-10-10T00:32:40.666429+00:00,ME22D156,01,2,20261010092950,20261010071736,20261010072823,,ME
2026-10-10T00:32:40.666429+00:00,ME22D161,01,2,20261010093057,20261010041244,20261010043827,,ME
2026-10-10T00:32:40.666429+00:00,ME22D162,01,2,20261010092924,20261010082323,20261010085018,,ME
2026-10-10T00:32:40.666429+00:00,ME22D176,01,2,20261010092623,20261005160320,20261005164320,,ME
2026-10-10T00:32:40.666429+00:00,ME22D1H0,01,2,20261010092955,20261009175752,20261009183801,,ME
2026-10-10T00:32:40.666429+00:00,ME22D219,01,5,20261010093006,20261010053725,20261010061725,,ME
2026-10-10T00:32:40.666429+00:00,ME22D219,02,2,20261010092656,20261010061251,20261010062856,,ME
2026-10-10T00:32:40.666429+00:00,ME22D235,01,2,20261010092736,20261010051249,20261010055249,,ME
2026-10-10T00:32:40.666429+00:00,ME22D235,02,5,20261010092801,20261010080653,20261010082453,,ME
2026-10-10T00:32:40.666429+00:00,ME22D401,01,2,20261010093006,20261010075951,20261010083951,,ME
2026-10-10T00:32:40.666429+00:00,ME22D401,02,2,20261010092957,20261009060029,20261009061802,,ME
2026-10-10T00:32:40.666429+00:00,ME22D401,03,2,20261010092957,20261010062314,20261010065036,,ME
2026-10-10T00:32:40.666429+00:00,ME22D401,04,3,20261010093017,20261010082622,20261010090541,20261010092006,ME
2026-10-10T00:32:40.666429+00:00,ME25C183,01,2,20261010093033,20261008212457,20261008220459,,ME
2026-10-10T00:32:40.666429+00:00,ME25C184,01,2,20261010092930,20261010084159,20261010085646,,ME
2026-10-10T00:32:40.666429+00:00,ME25C282,21,2,20261010093043,20261009110217,20261009111829,,ME
2026-10-10T00:32:40.666429+00:00,ME25C282,22,2,20261010093045,20261009212409,20261009220048,,ME
2026-10-10T00:32:40.666429+00:00,ME25C283,01,2,20261010093023,20261008183223,20261008184256,,ME
2026-10-10T00:32:40.666429+00:00,ME25C283,02,2,20261010092934,20261010085116,20261010092706,,ME
2026-10-10T00:32:40.666429+00:00,ME25C284,01,2,20261010092710,20261009201001,20261009205002,,ME
2026-10-10T00:32:40.666429+00:00,ME25C284,02,2,20261010092741,20261008173203,20261008175000,,ME
2026-10-10T00:32:40.666429+00:00,BE250111,02,2,20261010092949,20261010090505,20261010092949,,BE
2026-10-10T00:32:40.666429+00:00,BE250114,04,2,20261010092510,20261010090458,20261010092510,,BE
2026-10-10T00:32:40.666429+00:00,BT000054,09,3,20261010092500,20261009195400,20261010025633,20261010091919,BT
2026-10-10T00:32:40.666429+00:00,CI0O002F,01,3,20261010092605,20261010092605,20261009123553,20261010092605,CI
2026-10-10T00:32:40.666429+00:00,CV001630,09,2,20261010093031,20261010091621,20261010092703,,CV
2026-10-10T00:32:40.666429+00:00,CV004528,02,2,20261010093049,20261006093423,20261006095220,,CV
2026-10-10T00:32:40.666429+00:00,EC500003,02,2,20261010092602,20261010075214,20261010092441,,EC
2026-10-10T00:32:40.666429+00:00,EC500012,01,2,20261010093003,20261009132236,20261009224243,,EC
2026-10-10T00:32:40.666429+00:00,GR000051,01,3,20261010092438,20261009164451,20261010014650,20261010092438,GR
2026-10-10T00:32:40.666429+00:00,GS000117,02,2,20261010092825,20261010090119,20261010092825,,GS
2026-10-10T00:32:40.666429+00:00,GS000135,02,2,20261010093126,20261010080404,20261010093126,,GS
2026-10-10T00:32:40.666429+00:00,HD000028,04,3,20261010093002,20261010092928,20261010090624,20261010092928,HD
2026-10-10T00:32:40.666429+00:00,HE000016,01,2,20261010092500,20261010031800,20261010092500,,HE
2026-10-10T00:32:40.666429+00:00,HE001145,01,2,20261010092800,20261010090800,20261010092800,,HE
2026-10-10T00:32:40.666429+00:00,HE001145,02,3,20261010093200,20261010093200,20261009181501,20261010093200,HE
2026-10-10T00:32:40.666429+00:00,HE202666,02,2,20261010092900,20261009224100,20261010092900,,HE
2026-10-10T00:32:40.666429+00:00,HE230003,02,2,20261010093001,20261010084500,20261010093001,,HE
2026-10-10T00:32:40.666429+00:00,HE240437,04,2,20261010092500,20261009195414,20261010082954,,HE
2026-10-10T00:32:40.666429+00:00,HY001110,07,3,20261010092704,20261010092647,20261009180339,20261010092647,HY
2026-10-10T00:32:40.666429+00:00,HY001110,08,3,20261010092704,20261010092604,20261010085314,20261010092604,HY
2026-10-10T00:32:40.666429+00:00,JD000002,05,3,20261010092252,20261010092252,20261010055941,20261010092207,JD
2026-10-10T00:32:40.666429+00:00,JD000003,09,2,20261010092700,20261010092500,20261010092700,,JD
2026-10-10T00:32:40.666429+00:00,JD000009,01,2,20261010093200,20261010091700,20261010093200,,JD
2026-10-10T00:32:40.666429+00:00,JD000054,01,2,20261010093200,20260820114629,20260820143748,,JD
2026-10-10T00:32:40.666429+00:00,JD100005,02,2,20261010092700,20261010085400,20261010092700,,JD
2026-10-10T00:32:40.666429+00:00,JD100009,01,2,20261010092658,20261010092249,20261010082628,,JD
2026-10-10T00:32:40.666429+00:00,JD100009,02,3,20261010092501,20261010092501,20261010092037,20261010092358,JD
2026-10-10T00:32:40.666429+00:00,JD100039,02,5,20261010093148,20261009215532,20261009215602,,JD
2026-10-10T00:32:40.666429+00:00,JD110017,01,2,20261010092502,20261009204804,20261009212805,,JD
2026-10-10T00:32:40.666429+00:00,JD110041,08,2,20261010092748,20261009113153,20261010071640,,JD
2026-10-10T00:32:40.666429+00:00,JD110063,01,3,20261010092850,20261010092850,20261010085416,20261010092743,JD
2026-10-10T00:32:40.666429+00:00,JD110067,01,3,20261010092253,20261010092253,20261010085132,20261010092155,JD
2026-10-10T00:32:40.666429+00:00,JD110070,01,2,20261010092850,20261010084925,20261010092414,,JD
2026-10-10T00:32:40.666429+00:00,JD110070,02,2,20261010092748,20261010091843,20261010092435,,JD
2026-10-10T00:32:40.666429+00:00,JD110082,01,2,20261010093148,20261010084946,20261010092947,,JD
2026-10-10T00:32:40.666429+00:00,JD110083,01,2,20261010093148,20261010091349,20261010093100,,JD
2026-10-10T00:32:40.666429+00:00,JD110098,01,2,20261010092625,20261010085154,20261010092344,,JD
2026-10-10T00:32:40.666429+00:00,JD110100,01,3,20261010092659,20261010092659,20261010043129,20261010092546,JD
2026-10-10T00:32:40.666429+00:00,JD110111,02,3,20261010092748,20261010092748,20261010084435,20261010092713,JD
2026-10-10T00:32:40.666429+00:00,JD110114,03,2,20261010093058,20261010085538,20261010092741,,JD
2026-10-10T00:32:40.666429+00:00,JD110126,01,3,20261010092413,20261010092413,20261009191230,20261010092256,JD
2026-10-10T00:32:40.666429+00:00,JE010040,04,2,20261010093030,20261010081148,20261010092821,,JE
2026-10-10T00:32:40.666429+00:00,JE010137,03,2,20261010092428,20261004174854,20261004210016,,JE
2026-10-10T00:32:40.666429+00:00,JE010264,01,2,20261010092428,20261009180618,20261010090005,,JE
2026-10-10T00:32:40.666429+00:00,JE010277,01,3,20261010093031,20261009155905,20261010060007,20261010093019,JE
2026-10-10T00:32:40.666429+00:00,JE010293,03,3,20261010092428,20261008072209,20261008134739,20261010092251,JE
2026-10-10T00:32:40.666429+00:00,JE010327,06,2,20261010093031,20261010082950,20261010092824,,JE
2026-10-10T00:32:40.666429+00:00,JE010334,02,3,20261010092429,20261009173506,20261009181850,20261010092314,JE
2026-10-10T00:32:40.666429+00:00,JE020157,13,2,20261010093031,20261010085316,20261010092934,,JE
2026-10-10T00:32:40.666429+00:00,JE900093,01,3,20261010093032,20261009140732,20261009160313,20261010092824,JE
2026-10-10T00:32:40.666429+00:00,JE900196,01,3,20261010092625,20261010072932,20261010092023,20261010072932,JE
2026-10-10T00:32:40.666429+00:00,JE900245,01,2,20261010093032,20261010052342,20261010092859,,JE
2026-10-10T00:32:40.666429+00:00,JE910127,02,3,20261010093032,20261009231727,20261009231855,20261010092826,JE
2026-10-10T00:32:40.666429+00:00,KP000386,02,2,20261010093008,20261010083325,20261010092151,,KP
2026-10-10T00:32:40.666429+00:00,KP001157,02,3,20261010093015,20261008125122,20261008160205,20261010093015,KP
2026-10-10T00:32:40.666429+00:00,KP001165,02,3,20261010093005,20261009172318,20261009220001,20261010092118,KP
2026-10-10T00:32:40.666429+00:00,KP001200,01,3,20261010093025,20261009224627,20261010001236,20261010092113,KP
2026-10-10T00:32:40.666429+00:00,KP004701,01,3,20261010093008,20261010072039,20261010080712,20261010092551,KP
2026-10-10T00:32:40.666429+00:00,KP004703,01,1,20261010093022,20261010082248,20261010085810,,KP
2026-10-10T00:32:40.666429+00:00,MO501104,02,9,20261010092809,20261010092753,20261010092809,,MO
2026-10-10T00:32:40.666429+00:00,MO501106,01,9,20261010092809,20260902190154,20260902190209,,MO
2026-10-10T00:32:40.666429+00:00,MO501126,02,2,20261010092809,20261010092800,20261010092809,,MO
2026-10-10T00:32:40.666429+00:00,MO501129,01,2,20261010092809,20241216213918,20241216213918,,MO
2026-10-10T00:32:40.666429+00:00,MO501129,02,2,20261010092809,20241217202230,20241217202230,,MO
2026-10-10T00:32:40.666429+00:00,MO501143,01,2,20261010092809,20250706175600,20250706175615,,MO
2026-10-10T00:32:40.666429+00:00,MO501143,02,9,20261010092809,20241016172006,20241016172006,,MO
2026-10-10T00:32:40.666429+00:00,MO501150,01,2,20261010092809,20260930190539,20260930190540,,MO
2026-10-10T00:32:40.666429+00:00,NT100725,10,2,20261010092250,20261010092050,20261010092250,,NT
2026-10-10T00:32:40.666429+00:00,NT100725,11,3,20261010092550,20261010092550,20261009104350,20261010092550,NT
2026-10-10T00:32:40.666429+00:00,NT100725,15,3,20261010092650,20261010092650,20261010092550,20261010092650,NT
2026-10-10T00:32:40.666429+00:00,NT100725,30,3,20261010092650,20261010092650,20261008121750,20261010092650,NT
2026-10-10T00:32:40.666429+00:00,PC001633,01,3,20261010093206,20261010072605,20261010082120,20261010093206,PC
2026-10-10T00:32:40.666429+00:00,PC001637,01,2,20261010092913,20261009164105,20261009165319,,PC
2026-10-10T00:32:40.666429+00:00,PC002000,01,3,20261010092434,20261009221409,20261010042506,20261010092434,PC
2026-10-10T00:32:40.666429+00:00,PI306058,11,9,20261010092810,20261010084334,20261006150831,20261010084803,PI
2026-10-10T00:32:40.666429+00:00,PI645119,01,2,20261010093152,20261008080108,20261008094039,,PI
2026-10-10T00:32:40.666429+00:00,PIH00530,01,3,20261010092707,20261010092351,20261010004628,20261010092707,PI
2026-10-10T00:32:40.666429+00:00,PIS00780,02,2,20261010092342,20261010075944,20261010085947,,PI
2026-10-10T00:32:40.666429+00:00,PK000305,01,3,20261010093129,20261009222556,20261010010437,20261010092921,PK
2026-10-10T00:32:40.666429+00:00,PK000305,02,3,20261010093129,20261009223118,20261009235509,20261010092959,PK
2026-10-10T00:32:40.666429+00:00,PK000306,01,3,20261010093129,20261009203819,20261009205511,20261010092521,PK
2026-10-10T00:32:40.666429+00:00,PK000306,03,3,20261010093129,20261010082911,20261010085418,20261010092830,PK
2026-10-10T00:32:40.666429+00:00,PK000349,03,3,20261010093008,20261010093008,20261009173021,20261010093008,PK
2026-10-10T00:32:40.666429+00:00,PK000426,04,3,20261010093013,20261010093013,20261009223017,20261010093013,PK
2026-10-10T00:32:40.666429+00:00,PL000236,36,3,20261010093206,20261010093206,20261010082056,20261010093206,PL
2026-10-10T00:32:40.666429+00:00,PL027210,18,2,20261010093130,20261009205253,20261010093130,,PL
2026-10-10T00:32:40.666429+00:00,PW010376,01,2,20261010093210,20261009194520,20261010003054,,PW
2026-10-10T00:32:40.666429+00:00,PW015362,02,2,20261010093109,20261008082310,20261008183900,,PW
2026-10-10T00:32:40.666429+00:00,RE000241,11,1,20261010093203,20261009143954,20261009144038,,RE
2026-10-10T00:32:40.666429+00:00,SO000117,01,3,20261010093159,20261004083522,20261004093827,20261010092655,SO
2026-10-10T00:32:40.666429+00:00,SOA33001,01,1,20261010092841,20261010083441,20261010083641,,SO
2026-10-10T00:32:40.666429+00:00,ST501145,01,2,20261010092806,20261010081936,20261010092806,,ST
2026-10-10T00:32:40.666429+00:00,ST501147,03,3,20261010092401,20261010045613,20261010055120,20261010092401,ST
2026-10-10T00:32:40.666429+00:00,ST600040,01,3,20261010092352,20261010092352,20261009195259,20261009145832,ST
2026-10-10T00:32:40.666429+00:00,TDO00060,04,2,20261010093004,20261010072457,20261010091510,,TD
2026-10-10T00:32:40.666429+00:00,TDO00068,02,2,20261010093004,20261009193915,20261010041652,,TD
2026-10-10T00:32:40.666429+00:00,TDO00087,01,3,20261010093004,20261009174415,20261009205139,20261009174415,TD
2026-10-10T00:32:40.666429+00:00,TDO00088,01,3,20261010093003,20261009163310,20261010041144,20261009163310,TD
2026-10-10T00:32:40.666429+00:00,ME174046,01,2,20261010093105,20261009142311,20261009150935,,ME
2026-10-10T00:32:40.666429+00:00,ME174050,01,2,20261010092703,20261001170730,20261001170951,,ME
2026-10-10T00:32:40.666429+00:00,ME174050,02,2,20261010092748,20261008143529,20261008151854,,ME
2026-10-10T00:32:40.666429+00:00,ME174050,03,2,20261010092937,20261009111442,20261009115029,,ME
2026-10-10T00:32:40.666429+00:00,ME174050,04,2,20261010092716,20261009141933,20261009143159,,ME
2026-10-10T00:32:40.666429+00:00,ME174050,05,2,20261010092714,20261005144243,20261005151909,,ME
2026-10-10T00:32:40.666429+00:00,ME174061,01,2,20261010092854,20261009182815,20261009185350,,ME
2026-10-10T00:32:40.666429+00:00,ME174062,01,2,20261010092729,20261009151028,20261009155032,,ME
2026-10-10T00:32:40.666429+00:00,ME183101,01,2,20261010093055,20261006164049,20261006164233,,ME
2026-10-10T00:32:40.666429+00:00,ME183101,02,2,20261010092647,20261009145721,20261009151943,,ME
2026-10-10T00:32:40.666429+00:00,ME183101,03,2,20261010093027,20261010080755,20261010081748,,ME
2026-10-10T00:32:40.666429+00:00,ME183101,04,2,20261010092649,20261008095259,20261008101121,,ME
2026-10-10T00:32:40.666429+00:00,ME183101,52,2,20261010092643,20261004145214,20261004150345,,ME
2026-10-10T00:32:40.666429+00:00,ME183101,54,2,20261010092657,20261008114833,20261008123135,,ME
2026-10-10T00:32:40.666429+00:00,ME183102,02,2,20261010092620,20261009090915,20261009093759,,ME
2026-10-10T00:32:40.666429+00:00,ME183102,52,3,20261010092812,20261006112945,20261006121250,20261010092306,ME
2026-10-10T00:32:40.666429+00:00,ME184122,01,2,20261010092904,20261009104248,20261009112343,,ME
2026-10-10T00:32:40.666429+00:00,ME184124,01,2,20261010092727,20261010064520,20261010070825,,ME
2026-10-10T00:32:40.666429+00:00,ME184125,01,3,20261010093106,20261009165705,20261009172710,20261010092058,ME
2026-10-10T00:32:40.666429+00:00,ME184126,02,2,20261010093047,20261009202346,20261009210822,,ME
2026-10-10T00:32:40.666429+00:00,ME18A173,01,2,20261010092952,20261009172642,20261009180947,,ME
2026-10-10T00:32:40.666429+00:00,ME18A175,01,2,20261010092946,20261008171919,20261008173840,,ME
2026-10-10T00:32:40.666429+00:00,ME18A180,01,2,20261010093022,20261008181738,20261008182838,,ME
2026-10-10T00:32:40.666429+00:00,ME18A268,11,2,20261010092718,20261009142805,20261009151109,,ME
2026-10-10T00:32:40.666429+00:00,ME18A268,12,2,20261010092714,20261009112000,20261009120303,,ME
2026-10-10T00:32:40.666429+00:00,ME18A269,11,2,20261010092846,20261009085416,20261009090613,,ME
2026-10-10T00:32:40.666429+00:00,ME18A269,12,2,20261010092837,20261010071705,20261010075351,,ME
2026-10-10T00:32:40.666429+00:00,ME18A270,11,2,20261010092844,20261007090021,20261007092403,,ME
2026-10-10T00:32:40.666429+00:00,ME18A270,12,3,20261010092835,20261010082330,20261010090357,20261010092806,ME
2026-10-10T00:32:40.666429+00:00,ME18A271,01,2,20261010092814,20261008161912,20261008170121,,ME
2026-10-10T00:32:40.666429+00:00,ME18A271,02,2,20261010092954,20261008123004,20261008124324,,ME
2026-10-10T00:32:40.666429+00:00,ME18A272,11,2,20261010093028,20261010081411,20261010085717,,ME
2026-10-10T00:32:40.666429+00:00,ME18A272,12,2,20261010093021,20261009145037,20261009150958,,ME
2026-10-10T00:32:40.666429+00:00,ME18A273,11,2,20261010092654,20261009165317,20261009170313,,ME
2026-10-10T00:32:40.666429+00:00,ME18A273,12,2,20261010092700,20261009153639,20261009155300,,ME
2026-10-10T00:32:40.666429+00:00,ME18A274,11,2,20261010093108,20261009214526,20261009222832,,ME
2026-10-10T00:32:40.666429+00:00,ME18A274,12,2,20261010093106,20261009141258,20261009145603,,ME
2026-10-10T00:32:40.666429+00:00,ME18A275,11,2,20261010092941,20261009211507,20261009212535,,ME
2026-10-10T00:32:40.666429+00:00,ME18A275,12,2,20261010092937,20261009171451,20261009173059,,ME
2026-10-10T00:32:40.666429+00:00,ME18A281,11,2,20261010092704,20261008133854,20261008141829,,ME
2026-10-10T00:32:40.666429+00:00,ME18A281,12,3,20261010092918,20261008153026,20261008154650,20261010090915,ME
2026-10-10T00:32:40.666429+00:00,ME18A306,01,2,20261010092737,20261008194246,20261008201332,,ME
2026-10-10T00:32:40.666429+00:00,ME18A306,11,2,20261010092717,20261002121626,20261002130155,,ME
2026-10-10T00:32:40.666429+00:00,ME18A306,12,2,20261010092723,20261006203629,20261006210538,,ME
2026-10-10T00:32:40.666429+00:00,ME19B169,01,2,20261010093029,20261007162951,20261007165506,,ME
2026-10-10T00:32:40.666429+00:00,ME19B170,01,2,20261010092639,20261009174834,20261009180634,,ME
2026-10-10T00:32:40.666429+00:00,ME19B171,01,2,20261010092936,20261009165032,20261009173032,,ME
2026-10-10T00:32:40.666429+00:00,ME19B172,01,2,20261010092945,20261009205814,20261009210601,,ME
2026-10-10T00:32:40.666429+00:00,ME19B173,01,2,20261010092724,20261009203900,20261009211904,,ME
2026-10-10T00:32:40.666429+00:00,ME20B1e1,01,2,20261010092621,20261008140101,20261008141347,,ME
2026-10-10T00:32:40.666429+00:00,ME20B1e2,01,2,20261010092935,20261009073535,20261009081148,,ME
2026-10-10T00:32:40.666429+00:00,ME20B1e3,01,2,20261010092629,20261008180620,20261008184620,,ME
2026-10-10T00:32:40.666429+00:00,ME20B2a0,91,2,20261010093033,20261009113010,20261009120048,,ME
2026-10-10T00:32:40.666429+00:00,ME20B2a0,92,2,20261010093033,20261005122044,20261005123945,,ME
2026-10-10T00:32:40.666429+00:00,ME20B2a1,21,2,20261010093023,20261008145750,20261008153127,,ME
2026-10-10T00:32:40.666429+00:00,ME20B2a1,22,2,20261010093023,20261007131536,20261007132823,,ME
2026-10-10T00:32:40.666429+00:00,ME20B2a2,21,2,20261010092930,20261009114904,20261009121010,,ME
2026-10-10T00:32:40.666429+00:00,ME20B2a2,22,2,20261010092931,20261002070459,20261002072043,,ME
2026-10-10T00:32:40.666429+00:00,ME20B416,21,2,20261010093050,20261008075217,20261008075827,,ME
2026-10-10T00:32:40.666429+00:00,ME20B416,22,2,20261010093050,20261010071226,20261010072940,,ME
2026-10-10T00:32:40.666429+00:00,ME20B416,23,2,20261010092928,20261009180058,20261009182853,,ME
2026-10-10T00:32:40.666429+00:00,ME20B416,24,3,20261010092826,20261009184412,20261009192412,20261010092327,ME
2026-10-10T00:32:40.666429+00:00,ME20B417,41,2,20261010092756,20261008102754,20261008110016,,ME
2026-10-10T00:32:40.666429+00:00,ME20B417,42,2,20261010092824,20261008174327,20261008180422,,ME
2026-10-10T00:32:40.666429+00:00,ME20B417,43,2,20261010092830,20261009124539,20261009131711,,ME
2026-10-10T00:32:40.666429+00:00,ME20B417,44,2,20261010092823,20261009122329,20261009123050,,ME
2026-10-10T00:32:40.666429+00:00,ME21D058,01,2,20261010092516,20261010084158,20261010092508,,ME
2026-10-10T00:32:40.666429+00:00,ME21D064,01,3,20261010092916,20261010072302,20261010074435,20261010085450,ME
2026-10-10T00:32:40.666429+00:00,ME21X008,01,3,20261010092708,20261009194634,20261009202655,20261010091203,ME
2026-10-10T00:32:40.666429+00:00,ME22D1H1,01,2,20261010092925,20261010083908,20261010090931,,ME
2026-10-10T00:32:40.666429+00:00,ME25C181,01,2,20261010093003,20261009202350,20261009210352,,ME
2026-10-10T00:32:40.666429+00:00,ME25C182,01,4,20261010092818,20261009185249,20261009190353,,ME
2026-10-10T00:32:40.666429+00:00,ME25C281,21,2,20261010093039,20261009104217,20261009110215,,ME
2026-10-10T00:32:40.666429+00:00,ME25C281,22,2,20261010093041,20261009101815,20261009103157,,ME
2026-10-10T00:32:40.666429+00:00,ME25C318,01,2,20261010092721,20261009065121,20261009072419,,ME
2026-10-10T00:32:40.666429+00:00,ME25C318,21,4,20261010093026,20261008164510,20261008170220,,ME
2026-10-10T00:32:40.666429+00:00,ME25C318,22,2,20261010093028,20261007135113,20261007140134,,ME
2026-10-10T00:32:40.666429+00:00,ME25C431,01,2,20261010092714,20260914133046,20260914133228,,ME
2026-10-10T00:32:40.666429+00:00,ME25C431,02,2,20261010092857,20261008115826,20261008123543,,ME
2026-10-10T00:32:40.666429+00:00,ME25C431,03,2,20261010092731,20261009233136,20261009235423,,ME
2026-10-10T00:32:40.666429+00:00,ME25C431,04,2,20261010092830,20261009141225,20261009142327,,ME
2026-10-10T00:32:40.666429+00:00,CI0O0005,01,3,20261010092814,20261010092814,20261009134739,20261010092814,CI
2026-10-10T00:32:40.666429+00:00,CV001068,01,3,20261010092520,20261010092439,20261010092441,20261010092520,CV
2026-10-10T00:32:40.666429+00:00,CV001191,01,2,20261010093022,20261010084117,20261010092840,,CV
2026-10-10T00:32:40.666429+00:00,CV001191,02,3,20261010093022,20261010092837,20261010092849,20261010093022,CV
2026-10-10T00:32:40.666429+00:00,CV004597,09,3,20261010092547,20261010092244,20261010092248,20261010092547,CV
2026-10-10T00:32:40.666429+00:00,CV004597,13,2,20261010093049,20261010085334,20261010092706,,CV
2026-10-10T00:32:40.666429+00:00,EC500015,02,3,20261010092602,20261010092413,20261009140915,20261010092413,EC
2026-10-10T00:32:40.666429+00:00,HE240395,03,3,20261010092700,20261010092700,20261009170134,20261010092700,HE
2026-10-10T00:32:40.666429+00:00,HE240433,02,2,20261010092900,20261009172900,20261010092900,,HE
2026-10-10T00:32:40.666429+00:00,HE240433,06,2,20261010092600,20261009225801,20261010092600,,HE
2026-10-10T00:32:40.666429+00:00,HE240455,03,2,20261010092500,20261009142501,20261009210604,,HE
2026-10-10T00:32:40.666429+00:00,JD160034,01,3,20261010092625,20261010092625,20261010091330,20261010092525,JD
2026-10-10T00:32:40.666429+00:00,JD160051,02,2,20261010093003,20261010084923,20261010092551,,JD
2026-10-10T00:32:40.666429+00:00,JD160086,01,2,20261010092253,20261010085149,20261010091723,,JD
2026-10-10T00:32:40.666429+00:00,JE020108,06,3,20261010093031,20261009211755,20261009212258,20261010092908,JE
2026-10-10T00:32:40.666429+00:00,JE020137,09,3,20261010093031,20261010073337,20261010075144,20261010092934,JE
2026-10-10T00:32:40.666429+00:00,JE020137,10,3,20261010093031,20261010073246,20261010082631,20261010092851,JE
2026-10-10T00:32:40.666429+00:00,JE043010,01,2,20261010092824,20261010062531,20261010092758,,JE
2026-10-10T00:32:40.666429+00:00,JE900057,01,2,20261010092625,20261010070408,20261010092619,,JE
2026-10-10T00:32:40.666429+00:00,JE900122,01,3,20261010092824,20261008162541,20261008222829,20261010092703,JE
2026-10-10T00:32:40.666429+00:00,JE900199,05,3,20261010092430,20261010084850,20261010091257,20261010084850,JE
2026-10-10T00:32:40.666429+00:00,JE900232,01,3,20261010093032,20261009110759,20261009113552,20261010092850,JE
2026-10-10T00:32:40.666429+00:00,KE001383,01,2,20261010092400,20261009161917,20261009171326,,KE
2026-10-10T00:32:40.666429+00:00,KP000384,02,2,20261010093019,20261009223052,20261010034500,,KP
2026-10-10T00:32:40.666429+00:00,KP001218,03,3,20261010093005,20261009204152,20261010063001,20261010092421,KP
2026-10-10T00:32:40.666429+00:00,MO501319,01,9,20261010092809,20260221113134,20260221113140,,MO
2026-10-10T00:32:40.666429+00:00,MO501319,02,2,20261010092809,20260114160320,20260114160326,,MO
2026-10-10T00:32:40.666429+00:00,MO501328,01,2,20261010092809,20251012210231,20251012210247,,MO
2026-10-10T00:32:40.666429+00:00,PI201431,04,2,20261010092801,20261009174450,20261009222622,,PI
2026-10-10T00:32:40.666429+00:00,PI640365,02,3,20261010092624,20261010092504,20261010090820,20261010092624,PI
2026-10-10T00:32:40.666429+00:00,PI690009,14,2,20261010092747,20261010072804,20261010082447,,PI
2026-10-10T00:32:40.666429+00:00,PW014830,01,2,20261010092642,20261009175640,20261010030124,,PW
2026-10-10T00:32:40.666429+00:00,SF001096,02,3,20261010093030,20261010093030,20261008164710,20261010092002,SF
2026-10-10T00:32:40.666429+00:00,ST600708,03,2,20261010093210,20260918231051,20261003121308,,ST
2026-10-10T00:32:40.666429+00:00,ST601117,01,2,20261010093206,20261010084208,20261010093206,,ST
2026-10-10T00:32:40.666429+00:00,ST601339,02,2,20261010093206,20261004220558,20261010093206,,ST
2026-10-10T00:42:45.077915+00:00,ME174067,01,2,20261010093719,20261010071754,20261010073704,,ME
2026-10-10T00:42:45.077915+00:00,ME181538,01,2,20261010093614,20261009184249,20261009192919,,ME
2026-10-10T00:42:45.077915+00:00,ME181539,01,2,20261010093750,20261006203339,20261006211418,,ME
2026-10-10T00:42:45.077915+00:00,ME181541,01,3,20261010093842,20261009145231,20261009153551,20261010091647,ME
2026-10-10T00:42:45.077915+00:00,ME184129,01,2,20261010093738,20261009154324,20261009162646,,ME
2026-10-10T00:42:45.077915+00:00,ME184130,01,2,20261010093743,20261009112737,20261009121058,,ME
2026-10-10T00:42:45.077915+00:00,ME184131,01,2,20261010093842,20261010084320,20261010092646,,ME
2026-10-10T00:42:45.077915+00:00,ME18A176,01,2,20261010093620,20261009184214,20261009192308,,ME
2026-10-10T00:42:45.077915+00:00,ME18A177,01,2,20261010093651,20261009142233,20261009145329,,ME
2026-10-10T00:42:45.077915+00:00,ME18A178,01,2,20261010093850,20261008171236,20261008174406,,ME
2026-10-10T00:42:45.077915+00:00,ME18A179,01,2,20261010094005,20261009155037,20261009160216,,ME
2026-10-10T00:42:45.077915+00:00,ME18A276,11,2,20261010093632,20261009125730,20261009134032,,ME
2026-10-10T00:42:45.077915+00:00,ME18A276,12,2,20261010093634,20260925101706,20260925104659,,ME
2026-10-10T00:42:45.077915+00:00,ME18A277,11,2,20261010093903,20261009224505,20261009230209,,ME
2026-10-10T00:42:45.077915+00:00,ME18A277,12,2,20261010093905,20261010090045,20261010090339,,ME
2026-10-10T00:42:45.077915+00:00,ME18A278,01,2,20261010093717,20261010083914,20261010084800,,ME
2026-10-10T00:42:45.077915+00:00,ME18A278,02,2,20261010093719,20261010075944,20261010081950,,ME
2026-10-10T00:42:45.077915+00:00,ME18A279,11,2,20261010093939,20261009172504,20261009175156,,ME
2026-10-10T00:42:45.077915+00:00,ME18A279,12,2,20261010093920,20261009153008,20261009155022,,ME
2026-10-10T00:42:45.077915+00:00,ME18A280,11,2,20261010094006,20261009201246,20261009204140,,ME
2026-10-10T00:42:45.077915+00:00,ME18A280,12,2,20261010094002,20261009192926,20261009201210,,ME
2026-10-10T00:42:45.077915+00:00,ME18A282,11,2,20261010093638,20261010075751,20261010082612,,ME
2026-10-10T00:42:45.077915+00:00,ME18A282,12,2,20261010093643,20261008162658,20261008170115,,ME
2026-10-10T00:42:45.077915+00:00,ME18A283,11,2,20261010093757,20261008084304,20261008090549,,ME
2026-10-10T00:42:45.077915+00:00,ME18A283,12,2,20261010093750,20261008162058,20261008164122,,ME
2026-10-10T00:42:45.077915+00:00,ME18A307,01,2,20261010094041,20261009160319,20261009163015,,ME
2026-10-10T00:42:45.077915+00:00,ME18A308,01,2,20261010093816,20261009150810,20261009153159,,ME
2026-10-10T00:42:45.077915+00:00,ME18A308,11,2,20261010093724,20261009151750,20261009153936,,ME
2026-10-10T00:42:45.077915+00:00,ME18A308,12,2,20261010093727,20261008161649,20261008164705,,ME
2026-10-10T00:42:45.077915+00:00,ME18A309,01,2,20261010094038,20261010081901,20261010084836,,ME
2026-10-10T00:42:45.077915+00:00,ME18A309,11,2,20261010093721,20261010075305,20261010081349,,ME
2026-10-10T00:42:45.077915+00:00,ME18A309,12,2,20261010093722,20261009211652,20261009214606,,ME
2026-10-10T00:42:45.077915+00:00,ME19B174,11,2,20261010093925,20261010041405,20261010044240,,ME
2026-10-10T00:42:45.077915+00:00,ME19B174,12,2,20261010093923,20261010062507,20261010070707,,ME
2026-10-10T00:42:45.077915+00:00,ME19B243,21,9,20261010093310,20261008085844,20261008092609,,ME
2026-10-10T00:42:45.077915+00:00,ME19B243,22,9,20261010093310,20261008140941,20261008143500,,ME
2026-10-10T00:42:45.077915+00:00,ME19B245,21,9,20261010093310,20261009193842,20261009194145,,ME
2026-10-10T00:42:45.077915+00:00,ME19B245,22,9,20261010093310,20261010062922,20261010063451,,ME
2026-10-10T00:42:45.077915+00:00,ME19B246,21,9,20261010093310,20261009200610,20261009203815,,ME
2026-10-10T00:42:45.077915+00:00,ME19B246,22,2,20261010093248,20261010080731,20261010081140,,ME
2026-10-10T00:42:45.077915+00:00,ME19B248,22,9,20261010093310,20261008212116,20261008213652,,ME
2026-10-10T00:42:45.077915+00:00,ME19B250,21,9,20261010093310,20261010012115,20261010015549,,ME
2026-10-10T00:42:45.077915+00:00,ME19B250,22,9,20261010093310,20261009221646,20261009223359,,ME
2026-10-10T00:42:45.077915+00:00,ME19B251,22,9,20261010093310,20261009182353,20261009183806,,ME
2026-10-10T00:42:45.077915+00:00,ME19B405,41,9,20261010093310,20261007064017,20261007064715,,ME
2026-10-10T00:42:45.077915+00:00,ME19B405,42,9,20261010093310,20261008141523,20261008145032,,ME
2026-10-10T00:42:45.077915+00:00,ME19B405,43,9,20261010093310,20261009161554,20261009164705,,ME
2026-10-10T00:42:45.077915+00:00,ME19B405,44,9,20261010093310,20261009165845,20261009172506,,ME
2026-10-10T00:42:45.077915+00:00,ME19B406,21,9,20261010093310,20260927105805,20260927112251,,ME
2026-10-10T00:42:45.077915+00:00,ME19B406,22,9,20261010093310,20261008135349,20261008140319,,ME
2026-10-10T00:42:45.077915+00:00,ME19D126,01,2,20261010093705,20261008160120,20261008163045,,ME
2026-10-10T00:42:45.077915+00:00,ME19D127,01,2,20261010093810,20261009142659,20261009150403,,ME
2026-10-10T00:42:45.077915+00:00,ME19Y240,21,5,20261010094011,20261009181905,20261009184153,,ME
2026-10-10T00:42:45.077915+00:00,ME19Y240,22,2,20261010094011,20261009185218,20261009185831,,ME
2026-10-10T00:42:45.077915+00:00,ME19Y269,01,2,20261010093716,20261010002344,20261010005512,,ME
2026-10-10T00:42:45.077915+00:00,ME19Y269,02,2,20261010093720,20261010055704,20261010062345,,ME
2026-10-10T00:42:45.077915+00:00,ME19Y270,01,2,20261010093616,20261009230932,20261009234015,,ME
2026-10-10T00:42:45.077915+00:00,ME19Y270,02,2,20261010093653,20261010064155,20261010071758,,ME
2026-10-10T00:42:45.077915+00:00,ME19Y271,01,2,20261010093654,20261008162358,20261008162530,,ME
2026-10-10T00:42:45.077915+00:00,ME19Y271,02,2,20261010094031,20261009170824,20261009174824,,ME
2026-10-10T00:42:45.077915+00:00,ME20B1e4,01,2,20261010093809,20261008202200,20261008203317,,ME
2026-10-10T00:42:45.077915+00:00,ME20B1e5,01,2,20261010093911,20261009151714,20261009155036,,ME
2026-10-10T00:42:45.077915+00:00,ME20B1e6,91,2,20261010093655,20261009185739,20261009193739,,ME
2026-10-10T00:42:45.077915+00:00,ME20B2a3,21,2,20261010094032,20261008081124,20261008082455,,ME
2026-10-10T00:42:45.077915+00:00,ME20B2a3,22,2,20261010094032,20261008153612,20261008161612,,ME
2026-10-10T00:42:45.077915+00:00,ME20B2a4,21,2,20261010094057,20261009230136,20261009231304,,ME
2026-10-10T00:42:45.077915+00:00,ME20B2a4,22,2,20261010094057,20261010002304,20261010004117,,ME
2026-10-10T00:42:45.077915+00:00,ME20B2a5,21,2,20261010093742,20261010005202,20261010012220,,ME
2026-10-10T00:42:45.077915+00:00,ME20B2a5,22,2,20261010093742,20261009164707,20261009172011,,ME
2026-10-10T00:42:45.077915+00:00,ME20B2a6,21,2,20261010093921,20261010083205,20261010084942,,ME
2026-10-10T00:42:45.077915+00:00,ME20B2a6,22,2,20261010093921,20261009184154,20261009185929,,ME
2026-10-10T00:42:45.077915+00:00,ME20B2a7,21,2,20261010093920,20261010061820,20261010065820,,ME
2026-10-10T00:42:45.077915+00:00,ME20B2a7,22,2,20261010093920,20261010084523,20261010090212,,ME
2026-10-10T00:42:45.077915+00:00,ME20B2a8,21,2,20261010093841,20261009175427,20261009183427,,ME
2026-10-10T00:42:45.077915+00:00,ME20B2a8,22,2,20261010093841,20261007124936,20261007132936,,ME
2026-10-10T00:42:45.077915+00:00,ME20B2a9,21,2,20261010093813,20261009150442,20261009153221,,ME
2026-10-10T00:42:45.077915+00:00,ME20B2a9,22,2,20261010093813,20261009143500,20261009144235,,ME
2026-10-10T00:42:45.077915+00:00,ME20B2b0,21,5,20261010093926,20261005143505,20261005150342,,ME
2026-10-10T00:42:45.077915+00:00,ME20B2b0,22,5,20261010093926,20261005175606,20261005182530,,ME
2026-10-10T00:42:45.077915+00:00,ME20B2b1,21,2,20261010093848,20261008131334,20261008133504,,ME
2026-10-10T00:42:45.077915+00:00,ME20B2b1,22,2,20261010093848,20261009184235,20261009185701,,ME
2026-10-10T00:42:45.077915+00:00,ME20B2b3,21,2,20261010093627,20261010083927,20261010091831,,ME
2026-10-10T00:42:45.077915+00:00,ME20B2b3,22,2,20261010093627,20261010071012,20261010075012,,ME
2026-10-10T00:42:45.077915+00:00,ME20B2b4,01,2,20261010093825,20261002092503,20261002100503,,ME
2026-10-10T00:42:45.077915+00:00,ME20B2b4,02,2,20261010093955,20261001134855,20261001142855,,ME
2026-10-10T00:42:45.077915+00:00,ME20B418,41,2,20261010093928,20261009161628,20261009165628,,ME
2026-10-10T00:42:45.077915+00:00,ME20B418,42,2,20261010093956,20261010052555,20261010054249,,ME
2026-10-10T00:42:45.077915+00:00,ME20B418,43,2,20261010094008,20261010083103,20261010084928,,ME
2026-10-10T00:42:45.077915+00:00,ME20B418,44,2,20261010093948,20261010070613,20261010071627,,ME
2026-10-10T00:42:45.077915+00:00,ME21B256,01,9,20261010093310,20261009155645,20261009162934,,ME
2026-10-10T00:42:45.077915+00:00,ME21B256,02,9,20261010093310,20261009224457,20261009232501,,ME
2026-10-10T00:42:45.077915+00:00,ME21B317,01,9,20261010093310,20261009022013,20261009024521,,ME
2026-10-10T00:42:45.077915+00:00,ME21B317,02,9,20261010093310,20261008162040,20261008165327,,ME
2026-10-10T00:42:45.077915+00:00,ME21B409,01,9,20261010093310,20261009190900,20261009193820,,ME
2026-10-10T00:42:45.077915+00:00,ME21B409,02,9,20261010093310,20261010081856,20261010085902,,ME
2026-10-10T00:42:45.077915+00:00,ME21B409,03,9,20261010093310,20261009101933,20261009105505,,ME
2026-10-10T00:42:45.077915+00:00,ME21D080,01,2,20261010093720,20261010090424,20261010091935,,ME
2026-10-10T00:42:45.077915+00:00,ME21D081,01,3,20261010094028,20261010083337,20261010091343,20261010092615,ME
2026-10-10T00:42:45.077915+00:00,ME21D084,01,9,20261010093310,20261010050135,20261010053853,,ME
2026-10-10T00:42:45.077915+00:00,ME21D093,01,3,20261010094015,20261009222323,20261009230437,20261010092804,ME
2026-10-10T00:42:45.077915+00:00,ME21D097,01,9,20261010093310,20261009152513,20261009155318,,ME
2026-10-10T00:42:45.077915+00:00,ME21D098,01,9,20261010093310,20261009143428,20261009150431,,ME
2026-10-10T00:42:45.077915+00:00,ME21D099,01,9,20261010093310,20261009151507,20261009152410,,ME
2026-10-10T00:42:45.077915+00:00,ME21D101,01,3,20261010094004,20261009201126,20261009205132,20261010093154,ME
2026-10-10T00:42:45.077915+00:00,ME21D103,01,9,20261010093310,20261009160235,20261009162244,,ME
2026-10-10T00:42:45.077915+00:00,ME21D110,01,3,20261010094051,20261009161741,20261009163641,20261010093855,ME
2026-10-10T00:42:45.077915+00:00,ME21D112,01,2,20261010093248,20261010075138,20261010081314,,ME
2026-10-10T00:42:45.077915+00:00,ME21X010,01,2,20261010094059,20261009163232,20261009170153,,ME
2026-10-10T00:42:45.077915+00:00,ME21X014,01,2,20261010093810,20261009142217,20261009150452,,ME
2026-10-10T00:42:45.077915+00:00,ME21X015,01,2,20261010093640,20261010043516,20261010051227,,ME
2026-10-10T00:42:45.077915+00:00,ME22C1F9,01,2,20261010093251,20261010083806,20261010090413,,ME
2026-10-10T00:42:45.077915+00:00,ME22C305,01,9,20261010093310,20261010081016,20261010083342,,ME
2026-10-10T00:42:45.077915+00:00,ME22C305,02,2,20261010093248,20261010071107,20261010073218,,ME
2026-10-10T00:42:45.077915+00:00,ME22C305,03,3,20261010094052,20261010075735,20261010082501,20261010091251,ME
2026-10-10T00:42:45.077915+00:00,ME22D155,01,2,20261010093958,20261010092724,20261010093438,,ME
2026-10-10T00:42:45.077915+00:00,ME22D156,01,2,20261010093950,20261010071736,20261010072823,,ME
2026-10-10T00:42:45.077915+00:00,ME22D161,01,2,20261010094057,20261010041244,20261010043827,,ME
2026-10-10T00:42:45.077915+00:00,ME22D162,01,2,20261010093923,20261010082323,20261010085018,,ME
2026-10-10T00:42:45.077915+00:00,ME22D176,01,2,20261010093623,20261005160320,20261005164320,,ME
2026-10-10T00:42:45.077915+00:00,ME22D1H0,01,2,20261010093955,20261009175752,20261009183801,,ME
2026-10-10T00:42:45.077915+00:00,ME22D219,01,5,20261010094006,20261010053725,20261010061725,,ME
2026-10-10T00:42:45.077915+00:00,ME22D219,02,3,20261010094109,20261010061251,20261010062856,20261010093543,ME
2026-10-10T00:42:45.077915+00:00,ME22D235,01,2,20261010093736,20261010051249,20261010055249,,ME
2026-10-10T00:42:45.077915+00:00,ME22D235,02,5,20261010093801,20261010080653,20261010082453,,ME
2026-10-10T00:42:45.077915+00:00,ME22D401,01,2,20261010094006,20261010075951,20261010083951,,ME
2026-10-10T00:42:45.077915+00:00,ME22D401,02,2,20261010093957,20261009060029,20261009061802,,ME
2026-10-10T00:42:45.077915+00:00,ME22D401,03,2,20261010093957,20261010062314,20261010065036,,ME
2026-10-10T00:42:45.077915+00:00,ME22D401,04,3,20261010094019,20261010082622,20261010090541,20261010092006,ME
2026-10-10T00:42:45.077915+00:00,ME25C183,01,2,20261010094034,20261008212457,20261008220459,,ME
2026-10-10T00:42:45.077915+00:00,ME25C184,01,2,20261010093926,20261010084159,20261010085646,,ME
2026-10-10T00:42:45.077915+00:00,ME25C282,21,2,20261010094045,20261009110217,20261009111829,,ME
2026-10-10T00:42:45.077915+00:00,ME25C282,22,2,20261010094047,20261009212409,20261009220048,,ME
2026-10-10T00:42:45.077915+00:00,ME25C283,01,2,20261010094019,20261008183223,20261008184256,,ME
2026-10-10T00:42:45.077915+00:00,ME25C283,02,2,20261010093931,20261010085116,20261010092706,,ME
2026-10-10T00:42:45.077915+00:00,ME25C284,01,2,20261010093711,20261009201001,20261009205002,,ME
2026-10-10T00:42:45.077915+00:00,ME25C284,02,2,20261010093737,20261008173203,20261008175000,,ME
2026-10-10T00:42:45.077915+00:00,BE241043,01,3,20261010094132,20261010094132,20261010074632,20261010094132,BE
2026-10-10T00:42:45.077915+00:00,BE241056,01,2,20261010093413,20261010085822,20261010093413,,BE
2026-10-10T00:42:45.077915+00:00,BE241057,01,3,20261010093619,20261010093619,20261010093613,20261010093619,BE
2026-10-10T00:42:45.077915+00:00,CV001193,03,2,20261010094020,20261010091456,20261010093624,,CV
2026-10-10T00:42:45.077915+00:00,CV001572,02,2,20261010094023,20261009235050,20261010093952,,CV
2026-10-10T00:42:45.077915+00:00,CV001630,06,2,20261010093527,20261010091949,20261010093443,,CV
2026-10-10T00:42:45.077915+00:00,EO000015,01,2,20261010093500,20261010091230,20261010093022,,EO
2026-10-10T00:42:45.077915+00:00,ER000226,01,2,20261010093427,20261009222021,20261009185249,,ER
2026-10-10T00:42:45.077915+00:00,EV015692,02,2,20261010093909,20261009212401,20261010055323,,EV
2026-10-10T00:42:45.077915+00:00,EV015693,01,3,20261010093506,20261009175723,20261010005523,20261010093344,EV
2026-10-10T00:42:45.077915+00:00,EV015693,05,2,20261010093707,20261009173840,20261010031340,,EV
2026-10-10T00:42:45.077915+00:00,GR000050,01,2,20261010093402,20261009234623,20261010040732,,GR
2026-10-10T00:42:45.077915+00:00,GR000050,02,2,20261010093730,20261009212654,20261010071715,,GR
2026-10-10T00:42:45.077915+00:00,GS000116,02,3,20261010093727,20261010093727,20261009215831,20261010093727,GS
2026-10-10T00:42:45.077915+00:00,HD000028,02,3,20261010094201,20261010094115,20261009170534,20261010094115,HD
2026-10-10T00:42:45.077915+00:00,HD000028,04,2,20261010094201,20261010092928,20261010094115,,HD
2026-10-10T00:42:45.077915+00:00,HE230008,01,2,20261010093400,20261010090600,20261010093400,,HE
2026-10-10T00:42:45.077915+00:00,HM910001,08,2,20261010093624,20261009212045,20261010075014,,HM
2026-10-10T00:42:45.077915+00:00,HRA00052,01,2,20261010093333,20261010003337,20261010003337,,HR
2026-10-10T00:42:45.077915+00:00,JA500004,08,3,20261010094003,20261010094003,20261008192803,20261010094003,JA
2026-10-10T00:42:45.077915+00:00,JD000003,09,2,20261010093800,20261010093700,20261010093800,,JD
2026-10-10T00:42:45.077915+00:00,JD000003,12,2,20261010094053,20261010074840,20261010082841,,JD
2026-10-10T00:42:45.077915+00:00,JD000054,01,2,20261010094200,20260820114629,20260820143748,,JD
2026-10-10T00:42:45.077915+00:00,JD000070,04,3,20261010094053,20261010094053,20261009114621,20261010093959,JD
2026-10-10T00:42:45.077915+00:00,JD000070,05,2,20261010094053,20261010093235,20261010093804,,JD
2026-10-10T00:42:45.077915+00:00,JD100021,01,3,20261010093852,20261010093852,20261009081623,20261010093733,JD
2026-10-10T00:42:45.077915+00:00,JD100021,02,2,20261010094148,20261010085639,20261010093639,,JD
2026-10-10T00:42:45.077915+00:00,JD100021,03,3,20261010094148,20261010094148,20261009234654,20261010094054,JD
2026-10-10T00:42:45.077915+00:00,JD110023,01,3,20261010094054,20261010094054,20261009191635,20261010093956,JD
2026-10-10T00:42:45.077915+00:00,JD110050,01,3,20261010093655,20261010093655,20261010032649,20261010093546,JD
2026-10-10T00:42:45.077915+00:00,JD110075,06,3,20261010093513,20261010093513,20261010083030,20261010093448,JD
2026-10-10T00:42:45.077915+00:00,JD110126,01,2,20261010093514,20261010092256,20261010093255,,JD
2026-10-10T00:42:45.077915+00:00,JE010044,18,3,20261010093624,20261009152749,20261009165012,20261010093524,JE
2026-10-10T00:42:45.077915+00:00,JE010069,02,3,20261010093825,20261010093640,20261010093830,20261010093640,JE
2026-10-10T00:42:45.077915+00:00,JE010107,01,2,20261010093624,20261010091502,20261010093610,,JE
2026-10-10T00:42:45.077915+00:00,JE010146,03,2,20261010093825,20261009181155,20261009183657,,JE
2026-10-10T00:42:45.077915+00:00,JE010183,05,2,20261010093825,20261010062314,20261010093322,,JE
2026-10-10T00:42:45.077915+00:00,JE010235,02,3,20261010093624,20261009223246,20261009234616,20261010093529,JE
2026-10-10T00:42:45.077915+00:00,JE010238,02,3,20261010093825,20261009183419,20261009184053,20261010093741,JE
2026-10-10T00:42:45.077915+00:00,JE010247,03,3,20261010093424,20261010091535,20261010092849,20261010093234,JE
2026-10-10T00:42:45.077915+00:00,JE010247,04,3,20261010093424,20261010080716,20261010083502,20261010093332,JE
2026-10-10T00:42:45.077915+00:00,JE010327,01,3,20261010093624,20261008181206,20261008193018,20261010093540,JE
2026-10-10T00:42:45.077915+00:00,JE010327,03,2,20261010093825,20261010091153,20261010093730,,JE
2026-10-10T00:42:45.077915+00:00,JE010334,01,3,20261010093624,20261009193555,20261009194510,20261010093449,JE
2026-10-10T00:42:45.077915+00:00,JE010375,02,2,20261010094030,20261010092121,20261010093826,,JE
2026-10-10T00:42:45.077915+00:00,JE900088,12,2,20261010094030,20261010075003,20261010093915,,JE
2026-10-10T00:42:45.077915+00:00,JE900196,01,2,20261010093425,20261010072932,20261010092023,,JE
2026-10-10T00:42:45.077915+00:00,JE910040,01,2,20261010093626,20261009212719,20261010031654,,JE
2026-10-10T00:42:45.077915+00:00,JE910126,01,2,20261010093827,20261009225059,20261010011148,,JE
2026-10-10T00:42:45.077915+00:00,KL001831,08,3,20261010094201,20261010094201,20261009062454,20261010094110,KL
2026-10-10T00:42:45.077915+00:00,KL001853,08,2,20261010093801,20261010062047,20261010093747,,KL
2026-10-10T00:42:45.077915+00:00,KP000199,01,2,20261010094020,20261010084440,20261010093214,,KP
2026-10-10T00:42:45.077915+00:00,KP000406,01,2,20261010094022,20261010091515,20261010093603,,KP
2026-10-10T00:42:45.077915+00:00,KP001172,02,3,20261010094006,20261009185409,20261010032501,20261010093331,KP
2026-10-10T00:42:45.077915+00:00,KP001179,01,3,20261010094007,20261009193028,20261009223641,20261010093237,KP
2026-10-10T00:42:45.077915+00:00,KP003366,01,3,20261010094024,20261009184829,20261009193915,20261010093311,KP
2026-10-10T00:42:45.077915+00:00,KP003644,02,2,20261010094009,20261010074213,20261010093330,,KP
2026-10-10T00:42:45.077915+00:00,KP005440,03,3,20261010094011,20261009163345,20261009170044,20261010093615,KP
2026-10-10T00:42:45.077915+00:00,LU001146,02,2,20261010093517,20261010000144,20261010071053,,LU
2026-10-10T00:42:45.077915+00:00,MTKAKAOR,02,3,20261010093654,20261010093654,20261009211605,20261010093654,MT
2026-10-10T00:42:45.077915+00:00,NT100725,36,1,20261010093850,20261007155650,20261008205350,,NT
2026-10-10T00:42:45.077915+00:00,PC001637,01,2,20261010094209,20261009164105,20261009165319,,PC
2026-10-10T00:42:45.077915+00:00,PI201250,03,2,20261010093305,20261009210909,20261010010948,,PI
2026-10-10T00:42:45.077915+00:00,PI201310,03,2,20261010093823,20261009193610,20261010033720,,PI
2026-10-10T00:42:45.077915+00:00,PI645119,01,1,20261010094158,20261008080108,20261008094039,,PI
2026-10-10T00:42:45.077915+00:00,PI645289,02,3,20261010093740,20261010093455,20261009134421,20261010093740,PI
2026-10-10T00:42:45.077915+00:00,PK000305,03,3,20261010094134,20261009224206,20261009231419,20261010093519,PK
2026-10-10T00:42:45.077915+00:00,PK000305,04,3,20261010094134,20261009225459,20261010003650,20261010093559,PK
2026-10-10T00:42:45.077915+00:00,PK000426,07,2,20261010094034,20261010092048,20261010094034,,PK
2026-10-10T00:42:45.077915+00:00,PK000426,08,2,20261010094034,20261010092048,20261010094034,,PK
2026-10-10T00:42:45.077915+00:00,PL000236,18,3,20261010094038,20261010094038,20261010080922,20261010094038,PL
2026-10-10T00:42:45.077915+00:00,PL031494,03,2,20261010093717,20261009173808,20261010093717,,PL
2026-10-10T00:42:45.077915+00:00,PW010868,02,2,20261010093613,20261009225527,20261010024053,,PW
2026-10-10T00:42:45.077915+00:00,PW015362,07,2,20261010093912,20261010091604,20261010093856,,PW
2026-10-10T00:42:45.077915+00:00,RE000240,05,3,20261010094204,20261009173457,20261010030715,,RE
2026-10-10T00:42:45.077915+00:00,RE000240,06,3,20261010094203,20261009131057,20261009160242,,RE
2026-10-10T00:42:45.077915+00:00,RE000242,11,3,20261010093802,20261010093802,20261009195028,20261010093608,RE
2026-10-10T00:42:45.077915+00:00,SOA33001,01,2,20261010094041,20261010083441,20261010083641,,SO
2026-10-10T00:42:45.077915+00:00,ST500003,02,2,20261010093759,20261010075531,20261010093759,,ST
2026-10-10T00:42:45.077915+00:00,ST501136,01,3,20261010093612,20261008094020,20261008095616,20261010093612,ST
2026-10-10T00:42:45.077915+00:00,ST501147,03,2,20261010093552,20261010045613,20261010055120,,ST
2026-10-10T00:42:45.077915+00:00,ST501152,03,3,20261010093349,20261010065032,20261010090514,20261010093349,ST
2026-10-10T00:42:45.077915+00:00,ST600040,02,3,20261010093343,20261010054656,20261010060536,20261010093343,ST
2026-10-10T00:42:45.077915+00:00,ST600312,01,3,20261010093352,20261010093352,20261010082951,20261010080309,ST
2026-10-10T00:42:45.077915+00:00,ST602220,10,3,20261010093618,20261008081511,20261010050256,20261010093618,ST
2026-10-10T00:42:45.077915+00:00,ME174046,01,2,20261010094108,20261009142311,20261009150935,,ME
2026-10-10T00:42:45.077915+00:00,ME174050,01,2,20261010093705,20261001170730,20261001170951,,ME
2026-10-10T00:42:45.077915+00:00,ME174050,02,2,20261010093750,20261008143529,20261008151854,,ME
2026-10-10T00:42:45.077915+00:00,ME174050,03,2,20261010093939,20261009111442,20261009115029,,ME
2026-10-10T00:42:45.077915+00:00,ME174050,04,2,20261010093716,20261009141933,20261009143159,,ME
2026-10-10T00:42:45.077915+00:00,ME174050,05,2,20261010093716,20261005144243,20261005151909,,ME
2026-10-10T00:42:45.077915+00:00,ME174061,01,2,20261010093856,20261009182815,20261009185350,,ME
2026-10-10T00:42:45.077915+00:00,ME174062,01,2,20261010093731,20261009151028,20261009155032,,ME
2026-10-10T00:42:45.077915+00:00,ME183101,01,2,20261010094056,20261006164049,20261006164233,,ME
2026-10-10T00:42:45.077915+00:00,ME183101,02,2,20261010093648,20261009145721,20261009151943,,ME
2026-10-10T00:42:45.077915+00:00,ME183101,03,2,20261010094030,20261010080755,20261010081748,,ME
2026-10-10T00:42:45.077915+00:00,ME183101,04,2,20261010093651,20261008095259,20261008101121,,ME
2026-10-10T00:42:45.077915+00:00,ME183101,52,2,20261010093645,20261004145214,20261004150345,,ME
2026-10-10T00:42:45.077915+00:00,ME183101,54,2,20261010093700,20261008114833,20261008123135,,ME
2026-10-10T00:42:45.077915+00:00,ME183102,02,2,20261010093621,20261009090915,20261009093759,,ME
2026-10-10T00:42:45.077915+00:00,ME183102,52,3,20261010093814,20261006112945,20261006121250,20261010092306,ME
2026-10-10T00:42:45.077915+00:00,ME184122,01,3,20261010093905,20261009104248,20261009112343,20261010093253,ME
2026-10-10T00:42:45.077915+00:00,ME184124,01,2,20261010093728,20261010064520,20261010070825,,ME
2026-10-10T00:42:45.077915+00:00,ME184125,01,3,20261010094108,20261009165705,20261009172710,20261010092058,ME
2026-10-10T00:42:45.077915+00:00,ME184126,02,2,20261010094050,20261009202346,20261009210822,,ME
2026-10-10T00:42:45.077915+00:00,ME18A173,01,2,20261010093955,20261009172642,20261009180947,,ME
2026-10-10T00:42:45.077915+00:00,ME18A175,01,2,20261010093948,20261008171919,20261008173840,,ME
2026-10-10T00:42:45.077915+00:00,ME18A180,01,2,20261010094026,20261008181738,20261008182838,,ME
2026-10-10T00:42:45.077915+00:00,ME18A268,11,2,20261010093720,20261009142805,20261009151109,,ME
2026-10-10T00:42:45.077915+00:00,ME18A268,12,2,20261010093716,20261009112000,20261009120303,,ME
2026-10-10T00:42:45.077915+00:00,ME18A269,11,2,20261010093849,20261009085416,20261009090613,,ME
2026-10-10T00:42:45.077915+00:00,ME18A269,12,2,20261010093839,20261010071705,20261010075351,,ME
2026-10-10T00:42:45.077915+00:00,ME18A270,11,2,20261010093846,20261007090021,20261007092403,,ME
2026-10-10T00:42:45.077915+00:00,ME18A270,12,3,20261010093837,20261010082330,20261010090357,20261010092806,ME
2026-10-10T00:42:45.077915+00:00,ME18A271,01,2,20261010093816,20261008161912,20261008170121,,ME
2026-10-10T00:42:45.077915+00:00,ME18A271,02,2,20261010093956,20261008123004,20261008124324,,ME
2026-10-10T00:42:45.077915+00:00,ME18A272,11,2,20261010094030,20261010081411,20261010085717,,ME
2026-10-10T00:42:45.077915+00:00,ME18A272,12,2,20261010094022,20261009145037,20261009150958,,ME
2026-10-10T00:42:45.077915+00:00,ME18A273,11,2,20261010093656,20261009165317,20261009170313,,ME
2026-10-10T00:42:45.077915+00:00,ME18A273,12,2,20261010093702,20261009153639,20261009155300,,ME
2026-10-10T00:42:45.077915+00:00,ME18A274,11,2,20261010094109,20261009214526,20261009222832,,ME
2026-10-10T00:42:45.077915+00:00,ME18A274,12,2,20261010094107,20261009141258,20261009145603,,ME
2026-10-10T00:42:45.077915+00:00,ME18A275,11,2,20261010093943,20261009211507,20261009212535,,ME
2026-10-10T00:42:45.077915+00:00,ME18A275,12,2,20261010093938,20261009171451,20261009173059,,ME
2026-10-10T00:42:45.077915+00:00,ME18A281,11,2,20261010093705,20261008133854,20261008141829,,ME
2026-10-10T00:42:45.077915+00:00,ME18A281,12,3,20261010093920,20261008153026,20261008154650,20261010090915,ME
2026-10-10T00:42:45.077915+00:00,ME18A306,01,2,20261010093739,20261008194246,20261008201332,,ME
2026-10-10T00:42:45.077915+00:00,ME18A306,11,2,20261010093719,20261002121626,20261002130155,,ME
2026-10-10T00:42:45.077915+00:00,ME18A306,12,2,20261010093724,20261006203629,20261006210538,,ME
2026-10-10T00:42:45.077915+00:00,ME19B169,01,2,20261010094029,20261007162951,20261007165506,,ME
2026-10-10T00:42:45.077915+00:00,ME19B170,01,2,20261010093638,20261009174834,20261009180634,,ME
2026-10-10T00:42:45.077915+00:00,ME19B171,01,2,20261010093936,20261009165032,20261009173032,,ME
2026-10-10T00:42:45.077915+00:00,ME19B172,01,2,20261010093945,20261009205814,20261009210601,,ME
2026-10-10T00:42:45.077915+00:00,ME19B173,01,2,20261010093725,20261009203900,20261009211904,,ME
2026-10-10T00:42:45.077915+00:00,ME19B240,21,2,20261010093253,20261009132005,20261009140013,,ME
2026-10-10T00:42:45.077915+00:00,ME19B240,22,2,20261010093254,20261009180335,20261009184437,,ME
2026-10-10T00:42:45.077915+00:00,ME19B241,22,9,20261010093310,20261010075415,20261010083422,,ME
2026-10-10T00:42:45.077915+00:00,ME19B404,23,9,20261010093310,20261009192926,20261009200935,,ME
2026-10-10T00:42:45.077915+00:00,ME19B404,24,9,20261010093310,20261008212207,20261008220214,,ME
2026-10-10T00:42:45.077915+00:00,ME20B1e1,01,2,20261010093622,20261008140101,20261008141347,,ME
2026-10-10T00:42:45.077915+00:00,ME20B1e2,01,2,20261010093935,20261009073535,20261009081148,,ME
2026-10-10T00:42:45.077915+00:00,ME20B1e3,01,2,20261010093629,20261008180620,20261008184620,,ME
2026-10-10T00:42:45.077915+00:00,ME20B2a0,91,2,20261010094033,20261009113010,20261009120048,,ME
2026-10-10T00:42:45.077915+00:00,ME20B2a0,92,2,20261010094033,20261005122044,20261005123945,,ME
2026-10-10T00:42:45.077915+00:00,ME20B2a1,21,2,20261010094023,20261008145750,20261008153127,,ME
2026-10-10T00:42:45.077915+00:00,ME20B2a1,22,2,20261010094023,20261007131536,20261007132823,,ME
2026-10-10T00:42:45.077915+00:00,ME20B2a2,21,2,20261010093930,20261009114904,20261009121010,,ME
2026-10-10T00:42:45.077915+00:00,ME20B2a2,22,2,20261010093931,20261002070459,20261002072043,,ME
2026-10-10T00:42:45.077915+00:00,ME20B416,21,2,20261010094050,20261008075217,20261008075827,,ME
2026-10-10T00:42:45.077915+00:00,ME20B416,22,2,20261010094050,20261010071226,20261010072940,,ME
2026-10-10T00:42:45.077915+00:00,ME20B416,23,2,20261010093928,20261009180058,20261009182853,,ME
2026-10-10T00:42:45.077915+00:00,ME20B416,24,3,20261010093828,20261009184412,20261009192412,20261010092327,ME
2026-10-10T00:42:45.077915+00:00,ME20B417,41,2,20261010093756,20261008102754,20261008110016,,ME
2026-10-10T00:42:45.077915+00:00,ME20B417,42,2,20261010093824,20261008174327,20261008180422,,ME
2026-10-10T00:42:45.077915+00:00,ME20B417,43,2,20261010093830,20261009124539,20261009131711,,ME
2026-10-10T00:42:45.077915+00:00,ME20B417,44,2,20261010093823,20261009122329,20261009123050,,ME
2026-10-10T00:42:45.077915+00:00,ME21B1C9,01,9,20261010093310,20261009234535,20261010000630,,ME
2026-10-10T00:42:45.077915+00:00,ME21B1D0,01,9,20261010093310,20261009145923,20261009151805,,ME
2026-10-10T00:42:45.077915+00:00,ME21B250,02,9,20261010093310,20261009211852,20261009212541,,ME
2026-10-10T00:42:45.077915+00:00,ME21B251,02,9,20261010093310,20261009185232,20261009191113,,ME
2026-10-10T00:42:45.077915+00:00,ME21B252,01,9,20261010093310,20261010080807,20261010084813,,ME
2026-10-10T00:42:45.077915+00:00,ME21B252,02,9,20261010093310,20261009180118,20261009182216,,ME
2026-10-10T00:42:45.077915+00:00,ME21B318,01,9,20261010093310,20261010012022,20261010014916,,ME
2026-10-10T00:42:45.077915+00:00,ME21B318,02,9,20261010093310,20261010081648,20261010085654,,ME
2026-10-10T00:42:45.077915+00:00,ME21B318,03,9,20261010093310,20261009203056,20261009210035,,ME
2026-10-10T00:42:45.077915+00:00,ME21D061,01,3,20261010094042,20261010075546,20261010082830,20261010093442,ME
2026-10-10T00:42:45.077915+00:00,ME21D062,01,9,20261010093310,20261009211528,20261009214942,,ME
2026-10-10T00:42:45.077915+00:00,ME21D064,01,2,20261010093446,20261010085450,20261010093454,,ME
2026-10-10T00:42:45.077915+00:00,ME21D075,01,9,20261010093310,20261009173555,20261009175353,,ME
2026-10-10T00:42:45.077915+00:00,ME21D077,01,9,20261010093310,20261009125444,20261009132709,,ME
2026-10-10T00:42:45.077915+00:00,ME21X008,01,3,20261010093712,20261009194634,20261009202655,20261010091203,ME
2026-10-10T00:42:45.077915+00:00,ME22C285,02,2,20261010093345,20261007032735,20261007040851,,ME
2026-10-10T00:42:45.077915+00:00,ME22D1H1,01,3,20261010093808,20261010083908,20261010090931,20261010093757,ME
2026-10-10T00:42:45.077915+00:00,ME25C181,01,3,20261010094005,20261009202350,20261009210352,20261010093127,ME
2026-10-10T00:42:45.077915+00:00,ME25C182,01,4,20261010093817,20261009185249,20261009190353,,ME
2026-10-10T00:42:45.077915+00:00,ME25C281,21,2,20261010094041,20261009104217,20261009110215,,ME
2026-10-10T00:42:45.077915+00:00,ME25C281,22,2,20261010094043,20261009101815,20261009103157,,ME
2026-10-10T00:42:45.077915+00:00,ME25C318,01,2,20261010093721,20261009065121,20261009072419,,ME
2026-10-10T00:42:45.077915+00:00,ME25C318,21,4,20261010094022,20261008164510,20261008170220,,ME
2026-10-10T00:42:45.077915+00:00,ME25C318,22,2,20261010094025,20261007135113,20261007140134,,ME
2026-10-10T00:42:45.077915+00:00,ME25C431,01,2,20261010093715,20260914133046,20260914133228,,ME
2026-10-10T00:42:45.077915+00:00,ME25C431,02,2,20261010093857,20261008115826,20261008123543,,ME
2026-10-10T00:42:45.077915+00:00,ME25C431,03,2,20261010093736,20261009233136,20261009235423,,ME
2026-10-10T00:42:45.077915+00:00,ME25C431,04,2,20261010093832,20261009141225,20261009142327,,ME
2026-10-10T00:42:45.077915+00:00,BNBN0066,02,2,20261010093902,20261007155607,20261007163720,,BN
2026-10-10T00:42:45.077915+00:00,CV001068,01,2,20261010093520,20261010092439,20261010093344,,CV
2026-10-10T00:42:45.077915+00:00,CV001146,02,3,20261010094021,20261010093948,20261010093955,20261010094021,CV
2026-10-10T00:42:45.077915+00:00,CV001147,03,3,20261010094021,20261010093604,20261010093612,20261010094021,CV
2026-10-10T00:42:45.077915+00:00,CV004597,09,2,20261010094049,20261010092244,20261010093603,,CV
2026-10-10T00:42:45.077915+00:00,EV012955,02,2,20261010093622,20261009192448,20261010062435,,EV
2026-10-10T00:42:45.077915+00:00,EV017762,03,2,20261010094112,20261008163958,20261008204308,,EV
2026-10-10T00:42:45.077915+00:00,HE000973,02,2,20261010093700,20261010090700,20261010093700,,HE
2026-10-10T00:42:45.077915+00:00,HE000976,01,3,20261010093300,20261010093300,20261009162800,20261010093300,HE
2026-10-10T00:42:45.077915+00:00,HE240395,03,2,20261010093400,20261010092700,20261010093400,,HE
2026-10-10T00:42:45.077915+00:00,HE240435,14,3,20261010093800,20261010093800,20261010031736,20261010093800,HE
2026-10-10T00:42:45.077915+00:00,JD000087,01,3,20261010093852,20261010093852,20261007022658,20261010093825,JD
2026-10-10T00:42:45.077915+00:00,JD100044,01,3,20261010093748,20261010093748,20261010070756,20261010093719,JD
2026-10-10T00:42:45.077915+00:00,JD160034,01,2,20261010094149,20261010092525,20261010093828,,JD
2026-10-10T00:42:45.077915+00:00,JD160053,08,3,20261010094054,20261010094054,20261010054533,20261010053619,JD
2026-10-10T00:42:45.077915+00:00,JD160066,02,2,20261010093514,20261010090601,20261010093027,,JD
2026-10-10T00:42:45.077915+00:00,JD160069,02,2,20261010093951,20261010091439,20261010093418,,JD
2026-10-10T00:42:45.077915+00:00,JD160073,01,3,20261010093656,20261010093656,20261010093023,20261010093524,JD
2026-10-10T00:42:45.077915+00:00,JE020032,02,1,20261010093625,20261009210537,20261009213322,,JE
2026-10-10T00:42:45.077915+00:00,JE020160,01,3,20261010093424,20261008203340,20261008205614,20261010093325,JE
2026-10-10T00:42:45.077915+00:00,JE040064,01,2,20261010094030,20261010090202,20261010093424,,JE
2026-10-10T00:42:45.077915+00:00,JE040068,01,2,20261010094030,20261010092205,20261010093944,,JE
2026-10-10T00:42:45.077915+00:00,JE900059,02,3,20261010093826,20261009192943,20261010050043,20261010093643,JE
2026-10-10T00:42:45.077915+00:00,JE900129,04,3,20261010093625,20261009093207,20261009114605,20261010093543,JE
2026-10-10T00:42:45.077915+00:00,JE900130,02,3,20261010093826,20261009094802,20261009130808,20261010093708,JE
2026-10-10T00:42:45.077915+00:00,JE900135,01,3,20261010093826,20261009155834,20261009192317,20261010093753,JE
2026-10-10T00:42:45.077915+00:00,JE900199,03,3,20261010094031,20261010072451,20261010072728,20261010093951,JE
2026-10-10T00:42:45.077915+00:00,JE900199,05,3,20261010093425,20261010084850,20261010091257,20261010084850,JE
2026-10-10T00:42:45.077915+00:00,JE900216,01,3,20261010093626,20261010082342,20261010085621,20261010093514,JE
2026-10-10T00:42:45.077915+00:00,JE900219,01,2,20261010094031,20261009190615,20261010025321,,JE
2026-10-10T00:42:45.077915+00:00,JE900221,01,3,20261010093626,20261010042234,20261010091020,20261010093518,JE
2026-10-10T00:42:45.077915+00:00,JE900249,01,3,20261010093626,20261009173416,20261009181358,20261010093450,JE
2026-10-10T00:42:45.077915+00:00,KP003834,02,2,20261010094014,20261010090510,20261010093612,,KP
2026-10-10T00:42:45.077915+00:00,KP003836,01,3,20261010094015,20261009165710,20261009165724,20261010093658,KP
2026-10-10T00:42:45.077915+00:00,PC000935,01,2,20261010093556,20261009193308,20261010093308,,PC
2026-10-10T00:42:45.077915+00:00,PI640365,02,2,20261010094132,20261010092504,20261010093801,,PI
2026-10-10T00:42:45.077915+00:00,PI640398,10,3,20261010094146,20261010094013,20261009153036,20261010094146,PI
2026-10-10T00:42:45.077915+00:00,PL031460,03,2,20261010093445,20261009213755,20261010093445,,PL
2026-10-10T00:42:45.077915+00:00,PW015125,01,2,20261010093509,20261010010245,20261010093259,,PW
2026-10-10T00:42:45.077915+00:00,PW015125,02,2,20261010093830,20261009170137,20261009203202,,PW
2026-10-10T00:42:45.077915+00:00,PW100795,03,2,20261010093708,20261009203737,20261010080817,,PW
2026-10-10T00:42:45.077915+00:00,RE000145,03,3,20261010093602,20261010093602,20261010041358,20261010093432,RE
2026-10-10T00:42:45.077915+00:00,ST501326,01,2,20261010093411,20261010091154,20261010093411,,ST
2026-10-10T00:42:45.077915+00:00,ST501326,02,3,20261010093537,20260930104848,20261008191109,20261010093537,ST
2026-10-10T00:42:45.077915+00:00,ST600707,03,2,20261010093537,20261010082958,20261010093537,,ST
2026-10-10T00:42:45.077915+00:00,ST600708,03,4,20261010093346,20260918231051,20261003121308,,ST
2026-10-10T00:42:45.077915+00:00,ST601339,01,2,20261010093952,20261010085406,20261010093952,,ST
2026-10-10T00:52:43.187061+00:00,ME174067,01,2,20261010094721,20261010071754,20261010073704,,ME
2026-10-10T00:52:43.187061+00:00,ME181538,01,2,20261010094616,20261009184249,20261009192919,,ME
2026-10-10T00:52:43.187061+00:00,ME181539,01,2,20261010094752,20261006203339,20261006211418,,ME
2026-10-10T00:52:43.187061+00:00,ME181541,01,3,20261010094845,20261009145231,20261009153551,20261010091647,ME
2026-10-10T00:52:43.187061+00:00,ME184129,01,2,20261010094739,20261009154324,20261009162646,,ME
2026-10-10T00:52:43.187061+00:00,ME184130,01,2,20261010094746,20261009112737,20261009121058,,ME
2026-10-10T00:52:43.187061+00:00,ME184131,01,2,20261010094844,20261010084320,20261010092646,,ME
2026-10-10T00:52:43.187061+00:00,ME18A176,01,2,20261010094621,20261009184214,20261009192308,,ME
2026-10-10T00:52:43.187061+00:00,ME18A177,01,2,20261010094654,20261009142233,20261009145329,,ME
2026-10-10T00:52:43.187061+00:00,ME18A178,01,2,20261010094852,20261008171236,20261008174406,,ME
2026-10-10T00:52:43.187061+00:00,ME18A179,01,2,20261010095007,20261009155037,20261009160216,,ME
2026-10-10T00:52:43.187061+00:00,ME18A276,11,2,20261010094634,20261009125730,20261009134032,,ME
2026-10-10T00:52:43.187061+00:00,ME18A276,12,2,20261010094635,20260925101706,20260925104659,,ME
2026-10-10T00:52:43.187061+00:00,ME18A277,11,2,20261010094904,20261009224505,20261009230209,,ME
2026-10-10T00:52:43.187061+00:00,ME18A277,12,2,20261010094907,20261010090045,20261010090339,,ME
2026-10-10T00:52:43.187061+00:00,ME18A278,01,2,20261010094720,20261010083914,20261010084800,,ME
2026-10-10T00:52:43.187061+00:00,ME18A278,02,2,20261010094721,20261010075944,20261010081950,,ME
2026-10-10T00:52:43.187061+00:00,ME18A279,11,2,20261010094941,20261009172504,20261009175156,,ME
2026-10-10T00:52:43.187061+00:00,ME18A279,12,2,20261010094923,20261009153008,20261009155022,,ME
2026-10-10T00:52:43.187061+00:00,ME18A280,11,2,20261010095008,20261009201246,20261009204140,,ME
2026-10-10T00:52:43.187061+00:00,ME18A280,12,2,20261010095004,20261009192926,20261009201210,,ME
2026-10-10T00:52:43.187061+00:00,ME18A282,11,2,20261010094639,20261010075751,20261010082612,,ME
2026-10-10T00:52:43.187061+00:00,ME18A282,12,2,20261010094646,20261008162658,20261008170115,,ME
2026-10-10T00:52:43.187061+00:00,ME18A283,11,2,20261010094758,20261008084304,20261008090549,,ME
2026-10-10T00:52:43.187061+00:00,ME18A283,12,2,20261010094752,20261008162058,20261008164122,,ME
2026-10-10T00:52:43.187061+00:00,ME18A307,01,2,20261010095043,20261009160319,20261009163015,,ME
2026-10-10T00:52:43.187061+00:00,ME18A308,01,2,20261010094818,20261009150810,20261009153159,,ME
2026-10-10T00:52:43.187061+00:00,ME18A308,11,2,20261010094725,20261009151750,20261009153936,,ME
2026-10-10T00:52:43.187061+00:00,ME18A308,12,2,20261010094729,20261008161649,20261008164705,,ME
2026-10-10T00:52:43.187061+00:00,ME18A309,01,2,20261010095040,20261010081901,20261010084836,,ME
2026-10-10T00:52:43.187061+00:00,ME18A309,11,2,20261010094722,20261010075305,20261010081349,,ME
2026-10-10T00:52:43.187061+00:00,ME18A309,12,2,20261010094726,20261009211652,20261009214606,,ME
2026-10-10T00:52:43.187061+00:00,ME19B174,11,2,20261010094927,20261010041405,20261010044240,,ME
2026-10-10T00:52:43.187061+00:00,ME19B174,12,2,20261010094925,20261010062507,20261010070707,,ME
2026-10-10T00:52:43.187061+00:00,ME19B253,21,3,20261010094948,20261009162220,20261009163714,20261010094340,ME
2026-10-10T00:52:43.187061+00:00,ME19D126,01,2,20261010094705,20261008160120,20261008163045,,ME
2026-10-10T00:52:43.187061+00:00,ME19D127,01,2,20261010094809,20261009142659,20261009150403,,ME
2026-10-10T00:52:43.187061+00:00,ME19Y240,21,5,20261010095010,20261009181905,20261009184153,,ME
2026-10-10T00:52:43.187061+00:00,ME19Y240,22,2,20261010095011,20261009185218,20261009185831,,ME
2026-10-10T00:52:43.187061+00:00,ME19Y269,01,2,20261010094716,20261010002344,20261010005512,,ME
2026-10-10T00:52:43.187061+00:00,ME19Y269,02,2,20261010094720,20261010055704,20261010062345,,ME
2026-10-10T00:52:43.187061+00:00,ME19Y270,01,2,20261010094616,20261009230932,20261009234015,,ME
2026-10-10T00:52:43.187061+00:00,ME19Y270,02,2,20261010094653,20261010064155,20261010071758,,ME
2026-10-10T00:52:43.187061+00:00,ME19Y271,01,2,20261010094654,20261008162358,20261008162530,,ME
2026-10-10T00:52:43.187061+00:00,ME19Y271,02,2,20261010095031,20261009170824,20261009174824,,ME
2026-10-10T00:52:43.187061+00:00,ME20B1e4,01,2,20261010094809,20261008202200,20261008203317,,ME
2026-10-10T00:52:43.187061+00:00,ME20B1e5,01,2,20261010094911,20261009151714,20261009155036,,ME
2026-10-10T00:52:43.187061+00:00,ME20B1e6,91,2,20261010094655,20261009185739,20261009193739,,ME
2026-10-10T00:52:43.187061+00:00,ME20B2a3,21,2,20261010095032,20261008081124,20261008082455,,ME
2026-10-10T00:52:43.187061+00:00,ME20B2a3,22,2,20261010095032,20261008153612,20261008161612,,ME
2026-10-10T00:52:43.187061+00:00,ME20B2a4,21,2,20261010095057,20261009230136,20261009231304,,ME
2026-10-10T00:52:43.187061+00:00,ME20B2a4,22,2,20261010095057,20261010002304,20261010004117,,ME
2026-10-10T00:52:43.187061+00:00,ME20B2a5,21,2,20261010094742,20261010005202,20261010012220,,ME
2026-10-10T00:52:43.187061+00:00,ME20B2a5,22,2,20261010094742,20261009164707,20261009172011,,ME
2026-10-10T00:52:43.187061+00:00,ME20B2a6,21,2,20261010094921,20261010083205,20261010084942,,ME
2026-10-10T00:52:43.187061+00:00,ME20B2a6,22,2,20261010094921,20261009184154,20261009185929,,ME
2026-10-10T00:52:43.187061+00:00,ME20B2a7,21,2,20261010094920,20261010061820,20261010065820,,ME
2026-10-10T00:52:43.187061+00:00,ME20B2a7,22,2,20261010094920,20261010084523,20261010090212,,ME
2026-10-10T00:52:43.187061+00:00,ME20B2a8,21,2,20261010094841,20261009175427,20261009183427,,ME
2026-10-10T00:52:43.187061+00:00,ME20B2a8,22,2,20261010094841,20261007124936,20261007132936,,ME
2026-10-10T00:52:43.187061+00:00,ME20B2a9,21,2,20261010094813,20261009150442,20261009153221,,ME
2026-10-10T00:52:43.187061+00:00,ME20B2a9,22,2,20261010094813,20261009143500,20261009144235,,ME
2026-10-10T00:52:43.187061+00:00,ME20B2b0,21,5,20261010094926,20261005143505,20261005150342,,ME
2026-10-10T00:52:43.187061+00:00,ME20B2b0,22,5,20261010094926,20261005175606,20261005182530,,ME
2026-10-10T00:52:43.187061+00:00,ME20B2b1,21,2,20261010094848,20261008131334,20261008133504,,ME
2026-10-10T00:52:43.187061+00:00,ME20B2b1,22,2,20261010094848,20261009184235,20261009185701,,ME
2026-10-10T00:52:43.187061+00:00,ME20B2b3,21,2,20261010094627,20261010083927,20261010091831,,ME
2026-10-10T00:52:43.187061+00:00,ME20B2b3,22,2,20261010094627,20261010071012,20261010075012,,ME
2026-10-10T00:52:43.187061+00:00,ME20B2b4,01,2,20261010094825,20261002092503,20261002100503,,ME
2026-10-10T00:52:43.187061+00:00,ME20B2b4,02,2,20261010094955,20261001134855,20261001142855,,ME
2026-10-10T00:52:43.187061+00:00,ME20B418,41,2,20261010094928,20261009161628,20261009165628,,ME
2026-10-10T00:52:43.187061+00:00,ME20B418,42,2,20261010094956,20261010052555,20261010054249,,ME
2026-10-10T00:52:43.187061+00:00,ME20B418,43,2,20261010095008,20261010083103,20261010084928,,ME
2026-10-10T00:52:43.187061+00:00,ME20B418,44,2,20261010094948,20261010070613,20261010071627,,ME
2026-10-10T00:52:43.187061+00:00,ME21B409,01,3,20261010095012,20261009190900,20261009193820,20261010094603,ME
2026-10-10T00:52:43.187061+00:00,ME21D080,01,3,20261010094939,20261010090424,20261010091935,20261010094938,ME
2026-10-10T00:52:43.187061+00:00,ME21D081,01,3,20261010095038,20261010083337,20261010091343,20261010092615,ME
2026-10-10T00:52:43.187061+00:00,ME21D088,01,3,20261010095106,20261009151643,20261009154758,20261010095106,ME
2026-10-10T00:52:43.187061+00:00,ME21D093,01,3,20261010095025,20261009222323,20261009230437,20261010092804,ME
2026-10-10T00:52:43.187061+00:00,ME21D101,01,3,20261010095014,20261009201126,20261009205132,20261010093154,ME
2026-10-10T00:52:43.187061+00:00,ME21D110,01,3,20261010095101,20261009161741,20261009163641,20261010093855,ME
2026-10-10T00:52:43.187061+00:00,ME21X010,01,2,20261010095101,20261009163232,20261009170153,,ME
2026-10-10T00:52:43.187061+00:00,ME21X014,01,2,20261010094810,20261009142217,20261009150452,,ME
2026-10-10T00:52:43.187061+00:00,ME21X015,01,2,20261010094640,20261010043516,20261010051227,,ME
2026-10-10T00:52:43.187061+00:00,ME22C1F9,01,3,20261010095019,20261010083806,20261010090413,20261010094215,ME
2026-10-10T00:52:43.187061+00:00,ME22C286,01,2,20261010094909,20261010075841,20261010081040,,ME
2026-10-10T00:52:43.187061+00:00,ME22C286,02,2,20261010094916,20261009114422,20261009122425,,ME
2026-10-10T00:52:43.187061+00:00,ME22C305,03,3,20261010095101,20261010075735,20261010082501,20261010091251,ME
2026-10-10T00:52:43.187061+00:00,ME22D155,01,3,20261010095015,20261010092724,20261010093438,20261010095004,ME
2026-10-10T00:52:43.187061+00:00,ME22D156,01,2,20261010094950,20261010071736,20261010072823,,ME
2026-10-10T00:52:43.187061+00:00,ME22D161,01,3,20261010094831,20261010041244,20261010043827,20261010094826,ME
2026-10-10T00:52:43.187061+00:00,ME22D162,01,2,20261010094923,20261010082323,20261010085018,,ME
2026-10-10T00:52:43.187061+00:00,ME22D176,01,2,20261010094623,20261005160320,20261005164320,,ME
2026-10-10T00:52:43.187061+00:00,ME22D1H0,01,2,20261010094955,20261009175752,20261009183801,,ME
2026-10-10T00:52:43.187061+00:00,ME22D219,01,5,20261010095006,20261010053725,20261010061725,,ME
2026-10-10T00:52:43.187061+00:00,ME22D219,02,3,20261010094610,20261010061251,20261010062856,20261010093543,ME
2026-10-10T00:52:43.187061+00:00,ME22D235,01,2,20261010094736,20261010051249,20261010055249,,ME
2026-10-10T00:52:43.187061+00:00,ME22D235,02,3,20261010095005,20261010080653,20261010082453,20261010094503,ME
2026-10-10T00:52:43.187061+00:00,ME22D401,01,3,20261010094746,20261010075951,20261010083951,20261010094739,ME
2026-10-10T00:52:43.187061+00:00,ME22D401,02,2,20261010094957,20261009060029,20261009061802,,ME
2026-10-10T00:52:43.187061+00:00,ME22D401,03,2,20261010094957,20261010062314,20261010065036,,ME
2026-10-10T00:52:43.187061+00:00,ME22D401,04,3,20261010095021,20261010082622,20261010090541,20261010092006,ME
2026-10-10T00:52:43.187061+00:00,ME25C183,01,2,20261010095035,20261008212457,20261008220459,,ME
2026-10-10T00:52:43.187061+00:00,ME25C184,01,2,20261010094928,20261010084159,20261010085646,,ME
2026-10-10T00:52:43.187061+00:00,ME25C282,21,2,20261010095046,20261009110217,20261009111829,,ME
2026-10-10T00:52:43.187061+00:00,ME25C282,22,2,20261010095048,20261009212409,20261009220048,,ME
2026-10-10T00:52:43.187061+00:00,ME25C283,01,2,20261010095020,20261008183223,20261008184256,,ME
2026-10-10T00:52:43.187061+00:00,ME25C283,02,2,20261010094933,20261010085116,20261010092706,,ME
2026-10-10T00:52:43.187061+00:00,ME25C284,01,2,20261010094707,20261009201001,20261009205002,,ME
2026-10-10T00:52:43.187061+00:00,ME25C284,02,2,20261010094744,20261008173203,20261008175000,,ME
2026-10-10T00:52:43.187061+00:00,BE241056,02,3,20261010094855,20261010094855,20261009202352,20261010094855,BE
2026-10-10T00:52:43.187061+00:00,BE250118,04,2,20261010094520,20261010090938,20261010094520,,BE
2026-10-10T00:52:43.187061+00:00,BT000054,12,2,20261010094500,20261010064504,20261010094417,,BT
2026-10-10T00:52:43.187061+00:00,CV000371,02,3,20261010095017,20261010094847,20261010094854,20261010095017,CV
2026-10-10T00:52:43.187061+00:00,CV001155,04,3,20261010095020,20261010094654,20261010094701,20261010095020,CV
2026-10-10T00:52:43.187061+00:00,CV001193,01,3,20261010094520,20261010094438,20261010094437,20261010094520,CV
2026-10-10T00:52:43.187061+00:00,CV002304,02,3,20261010094530,20261010094222,20261010094218,20261010094222,CV
2026-10-10T00:52:43.187061+00:00,CV002721,02,3,20261010095029,20261010094816,20261010094815,20261010095029,CV
2026-10-10T00:52:43.187061+00:00,EV013759,02,2,20261010094715,20261010001608,20261010064104,,EV
2026-10-10T00:52:43.187061+00:00,EV015693,04,2,20261010094516,20261009145808,20261009201754,,EV
2026-10-10T00:52:43.187061+00:00,EV015694,04,2,20261010094916,20261009195428,20261010015840,,EV
2026-10-10T00:52:43.187061+00:00,EV016188,02,2,20261010094916,20261009191937,20261009212417,,EV
2026-10-10T00:52:43.187061+00:00,EV016188,03,2,20261010094916,20261009184546,20261010030156,,EV
2026-10-10T00:52:43.187061+00:00,GS000116,03,2,20261010094328,20261010092224,20261010094328,,GS
2026-10-10T00:52:43.187061+00:00,HE230001,01,2,20261010095000,20261010005008,20261010014033,,HE
2026-10-10T00:52:43.187061+00:00,HE230001,02,2,20261010095000,20261010083656,20261010090453,,HE
2026-10-10T00:52:43.187061+00:00,HE240436,04,2,20261010095001,20261009214853,20261010070224,,HE
2026-10-10T00:52:43.187061+00:00,HM910001,03,2,20261010094824,20261008154352,20261008213641,,HM
2026-10-10T00:52:43.187061+00:00,HRA00052,01,3,20261010095034,20261010005039,20261010005039,20261010095032,HR
2026-10-10T00:52:43.187061+00:00,HY001110,23,3,20261010095205,20261010095121,20261009120720,20261010095121,HY
2026-10-10T00:52:43.187061+00:00,JD000003,02,2,20261010094246,20261010064935,20261010073239,,JD
2026-10-10T00:52:43.187061+00:00,JD000015,01,3,20261010094900,20261010094900,20261009141200,20261010094900,JD
2026-10-10T00:52:43.187061+00:00,JD000054,01,2,20261010095200,20260820114629,20260820143748,,JD
2026-10-10T00:52:43.187061+00:00,JD000064,05,2,20261010094851,20261010094432,20261009171203,,JD
2026-10-10T00:52:43.187061+00:00,JD100002,02,3,20261010095054,20261010095054,20261010094412,20261010095011,JD
2026-10-10T00:52:43.187061+00:00,JD100009,02,3,20261010094851,20261010094851,20261010094503,20261010094830,JD
2026-10-10T00:52:43.187061+00:00,JD100013,01,3,20261010095004,20261010095004,20261009173708,20261010094925,JD
2026-10-10T00:52:43.187061+00:00,JD100029,01,3,20261010094851,20261010094851,20261009110933,20261010094825,JD
2026-10-10T00:52:43.187061+00:00,JD110045,01,2,20261010094851,20261010090611,20261010094619,,JD
2026-10-10T00:52:43.187061+00:00,JD110050,01,3,20261010095148,20261010095148,20261010094453,20261010095036,JD
2026-10-10T00:52:43.187061+00:00,JD110069,01,3,20261010095054,20261010095054,20261010090011,20261010095005,JD
2026-10-10T00:52:43.187061+00:00,JD110075,02,2,20261010094504,20261010085910,20261010093910,,JD
2026-10-10T00:52:43.187061+00:00,JD110075,05,3,20261010094247,20261010094247,20261010073522,20261010094154,JD
2026-10-10T00:52:43.187061+00:00,JD110075,06,2,20261010095004,20261010093448,20261010094518,,JD
2026-10-10T00:52:43.187061+00:00,JD110087,01,3,20261010095004,20261010095004,20261010063024,20261010094846,JD
2026-10-10T00:52:43.187061+00:00,JD110099,01,3,20261010094618,20261010094618,20261009233507,20261010094453,JD
2026-10-10T00:52:43.187061+00:00,JD110116,01,3,20261010094348,20261010094348,20261009200837,20261010094250,JD
2026-10-10T00:52:43.187061+00:00,JD110118,02,2,20261010095004,20261010095039,20261009134812,,JD
2026-10-10T00:52:43.187061+00:00,JD110124,01,3,20261010095004,20261010095004,20261009233708,20261010094911,JD
2026-10-10T00:52:43.187061+00:00,JD110125,01,3,20261010094748,20261010094748,20261010082409,20261010094655,JD
2026-10-10T00:52:43.187061+00:00,JD110146,01,2,20261010094852,20261010090719,20261010094719,,JD
2026-10-10T00:52:43.187061+00:00,JD110148,02,2,20261010094655,20261010090059,20261010094059,,JD
2026-10-10T00:52:43.187061+00:00,JE010001,08,3,20261010094825,20261009091041,20261009153345,20261010094712,JE
2026-10-10T00:52:43.187061+00:00,JE010069,02,2,20261010094623,20261010093640,20261010093830,,JE
2026-10-10T00:52:43.187061+00:00,JE010123,02,3,20261010094825,20261009184132,20261009224134,20261010094800,JE
2026-10-10T00:52:43.187061+00:00,JE010149,01,2,20261010094825,20261009194910,20261010002550,,JE
2026-10-10T00:52:43.187061+00:00,JE010204,01,2,20261010094825,20261009225711,20261010094256,,JE
2026-10-10T00:52:43.187061+00:00,JE010247,03,2,20261010094825,20261010093234,20261010094643,,JE
2026-10-10T00:52:43.187061+00:00,JE010250,02,3,20261010094825,20261009164302,20261010070001,20261010094652,JE
2026-10-10T00:52:43.187061+00:00,JE010273,01,3,20261010094623,20261009183842,20261010090006,20261010094449,JE
2026-10-10T00:52:43.187061+00:00,JE010281,04,2,20261010094623,20261010084444,20261010090720,,JE
2026-10-10T00:52:43.187061+00:00,JE010281,06,3,20261010094424,20261010090918,20261010093219,20261010094316,JE
2026-10-10T00:52:43.187061+00:00,JE010289,01,3,20261010095033,20261009225913,20261009230522,20261010095013,JE
2026-10-10T00:52:43.187061+00:00,JE010297,07,2,20261010095033,20261010072909,20261010094915,,JE
2026-10-10T00:52:43.187061+00:00,JE040085,01,3,20261010094623,20261010094618,20261010094825,20261010094618,JE
2026-10-10T00:52:43.187061+00:00,JE040094,02,3,20261010095033,20261010094845,20261010094901,20261010095018,JE
2026-10-10T00:52:43.187061+00:00,JE040105,02,3,20261010094826,20261009075652,20261009091732,20261010094707,JE
2026-10-10T00:52:43.187061+00:00,JE900088,20,2,20261010095034,20261009120549,20261009183322,,JE
2026-10-10T00:52:43.187061+00:00,JE910008,02,2,20261010094426,20261009220729,20261010004446,,JE
2026-10-10T00:52:43.187061+00:00,JE910014,01,3,20261010094426,20261007195323,20261008034458,20261010094332,JE
2026-10-10T00:52:43.187061+00:00,JE910127,06,2,20261010094426,20261009193139,20261009230425,,JE
2026-10-10T00:52:43.187061+00:00,JE910139,09,2,20261010094625,20261009172452,20261009231041,,JE
2026-10-10T00:52:43.187061+00:00,KP001187,01,3,20261010095025,20261009173624,20261009182606,20261010094734,KP
2026-10-10T00:52:43.187061+00:00,KP001188,01,2,20261010095015,20261010074639,20261010093907,,KP
2026-10-10T00:52:43.187061+00:00,KP001190,01,3,20261010095024,20261009221301,20261009231852,20261010094938,KP
2026-10-10T00:52:43.187061+00:00,KP004657,01,2,20261010095012,20261010085948,20261010094408,,KP
2026-10-10T00:52:43.187061+00:00,KP004657,02,2,20261010095024,20261010084807,20261010094831,,KP
2026-10-10T00:52:43.187061+00:00,LU002576,02,2,20261010094355,20261009153802,20261010094355,,LU
2026-10-10T00:52:43.187061+00:00,NT100725,20,2,20261010095150,20261008083150,20261008102350,,NT
2026-10-10T00:52:43.187061+00:00,PC001637,01,2,20261010094749,20261009164105,20261009165319,,PC
2026-10-10T00:52:43.187061+00:00,PC001648,01,3,20261010094919,20261009230310,20261009235312,20261010094919,PC
2026-10-10T00:52:43.187061+00:00,PI202870,11,9,20261010094310,20261002074533,20261002074537,,PI
2026-10-10T00:52:43.187061+00:00,PI202870,12,9,20261010094310,20261002074310,20261002104855,,PI
2026-10-10T00:52:43.187061+00:00,PI640344,01,3,20261010095123,20261010094936,20261009231342,20261010095123,PI
2026-10-10T00:52:43.187061+00:00,PI640391,07,3,20261010095138,20261010094913,20261009143947,20261010095138,PI
2026-10-10T00:52:43.187061+00:00,PI645119,01,2,20261010094653,20261008080108,20261008094039,,PI
2026-10-10T00:52:43.187061+00:00,PI766548,02,2,20261010094555,20261009222506,20261010051941,,PI
2026-10-10T00:52:43.187061+00:00,PIH01167,10,3,20261010094723,20261010094454,20261009093109,20261010094723,PI
2026-10-10T00:52:43.187061+00:00,PK000349,03,2,20261010095030,20261010093008,20261010095030,,PK
2026-10-10T00:52:43.187061+00:00,PK000349,04,3,20261010095030,20261010095030,20261010085046,20261010095030,PK
2026-10-10T00:52:43.187061+00:00,PK000426,04,2,20261010095035,20261010093013,20261010095035,,PK
2026-10-10T00:52:43.187061+00:00,PL000791,06,2,20261010094558,20261009182842,20261010094558,,PL
2026-10-10T00:52:43.187061+00:00,PL031494,02,2,20261010094716,20261009121905,20261010094716,,PL
2026-10-10T00:52:43.187061+00:00,PL031495,00,2,20261010095042,20261009181247,20261010095042,,PL
2026-10-10T00:52:43.187061+00:00,PL031743,02,2,20261010094249,20261010055438,20261010094249,,PL
2026-10-10T00:52:43.187061+00:00,PW010665,01,2,20261010094909,20261009235447,20261010082528,,PW
2026-10-10T00:52:43.187061+00:00,PW010928,01,2,20261010094909,20261009183315,20261010003347,,PW
2026-10-10T00:52:43.187061+00:00,PW011137,01,2,20261010094910,20261010025522,20261010084054,,PW
2026-10-10T00:52:43.187061+00:00,PW012704,01,3,20261010095010,20261010095010,20261009173258,20261010094500,PW
2026-10-10T00:52:43.187061+00:00,PWE06120,15,3,20261010094908,20261010094908,20261010091310,20261010094908,PW
2026-10-10T00:52:43.187061+00:00,RE000241,11,2,20261010095003,20261009143954,20261009144038,,RE
2026-10-10T00:52:43.187061+00:00,RE000354,32,3,20261010095003,20261010095003,20261010094747,20261010094710,RE
2026-10-10T00:52:43.187061+00:00,SF002796,01,2,20261010094330,20261009161901,20261010093331,,SF
2026-10-10T00:52:43.187061+00:00,SOA33001,01,1,20261010094641,20261010083441,20261010083641,,SO
2026-10-10T00:52:43.187061+00:00,ST501121,02,2,20261010094353,20261007012114,20261008083941,,ST
2026-10-10T00:52:43.187061+00:00,ST600312,01,2,20261010094946,20261010080309,20261010094701,,ST
2026-10-10T00:52:43.187061+00:00,ST600416,04,3,20261010094931,20261010094931,20261009180107,20261008190013,ST
2026-10-10T00:52:43.187061+00:00,ST600610,01,3,20261010094344,20261010094344,20261009183704,20261009145528,ST
2026-10-10T00:52:43.187061+00:00,ST600713,03,3,20261010094935,20261010094935,20261010072009,20261010064507,ST
2026-10-10T00:52:43.187061+00:00,ST602220,09,3,20261010094404,20261007190450,20261010020400,20261010094404,ST
2026-10-10T00:52:43.187061+00:00,TDO00061,02,2,20261010094500,20261009170826,20261010011306,,TD
2026-10-10T00:52:43.187061+00:00,TDO00088,01,2,20261010094502,20261009163310,20261010041144,,TD
2026-10-10T00:52:43.187061+00:00,TDO00112,01,2,20261010094501,20261009174250,20261009202326,,TD
2026-10-10T00:52:43.187061+00:00,ME174046,01,2,20261010095109,20261009142311,20261009150935,,ME
2026-10-10T00:52:43.187061+00:00,ME174050,01,2,20261010094708,20261001170730,20261001170951,,ME
2026-10-10T00:52:43.187061+00:00,ME174050,02,2,20261010094752,20261008143529,20261008151854,,ME
2026-10-10T00:52:43.187061+00:00,ME174050,03,2,20261010094941,20261009111442,20261009115029,,ME
2026-10-10T00:52:43.187061+00:00,ME174050,04,2,20261010094719,20261009141933,20261009143159,,ME
2026-10-10T00:52:43.187061+00:00,ME174050,05,2,20261010094719,20261005144243,20261005151909,,ME
2026-10-10T00:52:43.187061+00:00,ME174061,01,2,20261010094858,20261009182815,20261009185350,,ME
2026-10-10T00:52:43.187061+00:00,ME174062,01,2,20261010094732,20261009151028,20261009155032,,ME
2026-10-10T00:52:43.187061+00:00,ME183101,01,2,20261010095058,20261006164049,20261006164233,,ME
2026-10-10T00:52:43.187061+00:00,ME183101,02,2,20261010094651,20261009145721,20261009151943,,ME
2026-10-10T00:52:43.187061+00:00,ME183101,03,2,20261010095032,20261010080755,20261010081748,,ME
2026-10-10T00:52:43.187061+00:00,ME183101,04,2,20261010094654,20261008095259,20261008101121,,ME
2026-10-10T00:52:43.187061+00:00,ME183101,52,2,20261010094647,20261004145214,20261004150345,,ME
2026-10-10T00:52:43.187061+00:00,ME183101,54,2,20261010094702,20261008114833,20261008123135,,ME
2026-10-10T00:52:43.187061+00:00,ME183102,02,2,20261010094625,20261009090915,20261009093759,,ME
2026-10-10T00:52:43.187061+00:00,ME183102,52,3,20261010094817,20261006112945,20261006121250,20261010092306,ME
2026-10-10T00:52:43.187061+00:00,ME184122,01,2,20261010094908,20261009104248,20261009112343,,ME
2026-10-10T00:52:43.187061+00:00,ME184124,01,2,20261010094731,20261010064520,20261010070825,,ME
2026-10-10T00:52:43.187061+00:00,ME184125,01,3,20261010095108,20261009165705,20261009172710,20261010092058,ME
2026-10-10T00:52:43.187061+00:00,ME184126,02,2,20261010095052,20261009202346,20261009210822,,ME
2026-10-10T00:52:43.187061+00:00,ME18A173,01,2,20261010094957,20261009172642,20261009180947,,ME
2026-10-10T00:52:43.187061+00:00,ME18A175,01,2,20261010094951,20261008171919,20261008173840,,ME
2026-10-10T00:52:43.187061+00:00,ME18A180,01,2,20261010095028,20261008181738,20261008182838,,ME
2026-10-10T00:52:43.187061+00:00,ME18A268,11,2,20261010094722,20261009142805,20261009151109,,ME
2026-10-10T00:52:43.187061+00:00,ME18A268,12,2,20261010094718,20261009112000,20261009120303,,ME
2026-10-10T00:52:43.187061+00:00,ME18A269,11,2,20261010094851,20261009085416,20261009090613,,ME
2026-10-10T00:52:43.187061+00:00,ME18A269,12,2,20261010094840,20261010071705,20261010075351,,ME
2026-10-10T00:52:43.187061+00:00,ME18A270,11,2,20261010094850,20261007090021,20261007092403,,ME
2026-10-10T00:52:43.187061+00:00,ME18A270,12,2,20261010094839,20261010092806,20261010094410,,ME
2026-10-10T00:52:43.187061+00:00,ME18A271,01,2,20261010094818,20261008161912,20261008170121,,ME
2026-10-10T00:52:43.187061+00:00,ME18A271,02,2,20261010094958,20261008123004,20261008124324,,ME
2026-10-10T00:52:43.187061+00:00,ME18A272,11,2,20261010095032,20261010081411,20261010085717,,ME
2026-10-10T00:52:43.187061+00:00,ME18A272,12,2,20261010095024,20261009145037,20261009150958,,ME
2026-10-10T00:52:43.187061+00:00,ME18A273,11,2,20261010094659,20261009165317,20261009170313,,ME
2026-10-10T00:52:43.187061+00:00,ME18A273,12,2,20261010094704,20261009153639,20261009155300,,ME
2026-10-10T00:52:43.187061+00:00,ME18A274,11,3,20261010095105,20261009214526,20261009222832,20261010094724,ME
2026-10-10T00:52:43.187061+00:00,ME18A274,12,2,20261010095110,20261009141258,20261009145603,,ME
2026-10-10T00:52:43.187061+00:00,ME18A275,11,2,20261010094945,20261009211507,20261009212535,,ME
2026-10-10T00:52:43.187061+00:00,ME18A275,12,2,20261010094940,20261009171451,20261009173059,,ME
2026-10-10T00:52:43.187061+00:00,ME18A281,11,2,20261010094707,20261008133854,20261008141829,,ME
2026-10-10T00:52:43.187061+00:00,ME18A281,12,3,20261010094922,20261008153026,20261008154650,20261010090915,ME
2026-10-10T00:52:43.187061+00:00,ME18A306,01,2,20261010094742,20261008194246,20261008201332,,ME
2026-10-10T00:52:43.187061+00:00,ME18A306,11,2,20261010094722,20261002121626,20261002130155,,ME
2026-10-10T00:52:43.187061+00:00,ME18A306,12,2,20261010094726,20261006203629,20261006210538,,ME
2026-10-10T00:52:43.187061+00:00,ME19B169,01,2,20261010095029,20261007162951,20261007165506,,ME
2026-10-10T00:52:43.187061+00:00,ME19B170,01,2,20261010094639,20261009174834,20261009180634,,ME
2026-10-10T00:52:43.187061+00:00,ME19B171,01,2,20261010094936,20261009165032,20261009173032,,ME
2026-10-10T00:52:43.187061+00:00,ME19B172,01,2,20261010094945,20261009205814,20261009210601,,ME
2026-10-10T00:52:43.187061+00:00,ME19B173,01,2,20261010094725,20261009203900,20261009211904,,ME
2026-10-10T00:52:43.187061+00:00,ME20B1e1,01,2,20261010094622,20261008140101,20261008141347,,ME
2026-10-10T00:52:43.187061+00:00,ME20B1e2,01,2,20261010094935,20261009073535,20261009081148,,ME
2026-10-10T00:52:43.187061+00:00,ME20B1e3,01,2,20261010094629,20261008180620,20261008184620,,ME
2026-10-10T00:52:43.187061+00:00,ME20B2a0,91,2,20261010095034,20261009113010,20261009120048,,ME
2026-10-10T00:52:43.187061+00:00,ME20B2a0,92,2,20261010095033,20261005122044,20261005123945,,ME
2026-10-10T00:52:43.187061+00:00,ME20B2a1,21,2,20261010095023,20261008145750,20261008153127,,ME
2026-10-10T00:52:43.187061+00:00,ME20B2a1,22,2,20261010095023,20261007131536,20261007132823,,ME
2026-10-10T00:52:43.187061+00:00,ME20B2a2,21,2,20261010094930,20261009114904,20261009121010,,ME
2026-10-10T00:52:43.187061+00:00,ME20B2a2,22,2,20261010094931,20261002070459,20261002072043,,ME
2026-10-10T00:52:43.187061+00:00,ME20B416,21,2,20261010095050,20261008075217,20261008075827,,ME
2026-10-10T00:52:43.187061+00:00,ME20B416,22,2,20261010095050,20261010071226,20261010072940,,ME
2026-10-10T00:52:43.187061+00:00,ME20B416,23,2,20261010094928,20261009180058,20261009182853,,ME
2026-10-10T00:52:43.187061+00:00,ME20B416,24,3,20261010094831,20261009184412,20261009192412,20261010092327,ME
2026-10-10T00:52:43.187061+00:00,ME20B417,41,2,20261010094756,20261008102754,20261008110016,,ME
2026-10-10T00:52:43.187061+00:00,ME20B417,42,2,20261010094824,20261008174327,20261008180422,,ME
2026-10-10T00:52:43.187061+00:00,ME20B417,43,2,20261010094830,20261009124539,20261009131711,,ME
2026-10-10T00:52:43.187061+00:00,ME20B417,44,2,20261010094823,20261009122329,20261009123050,,ME
2026-10-10T00:52:43.187061+00:00,ME21B252,02,3,20261010095025,20261009180118,20261009182216,20261010094822,ME
2026-10-10T00:52:43.187061+00:00,ME21D061,01,3,20261010095051,20261010075546,20261010082830,20261010093442,ME
2026-10-10T00:52:43.187061+00:00,ME21X008,01,3,20261010095000,20261010091203,20261010094453,20261010094957,ME
2026-10-10T00:52:43.187061+00:00,ME22A611,32,3,20261010094959,20261010083345,20261010091351,20261010094354,ME
2026-10-10T00:52:43.187061+00:00,ME22D1H1,01,3,20261010094810,20261010083908,20261010090931,20261010093757,ME
2026-10-10T00:52:43.187061+00:00,ME25C181,01,3,20261010095023,20261010093127,20261010094517,20261010095017,ME
2026-10-10T00:52:43.187061+00:00,ME25C182,01,4,20261010094816,20261009185249,20261009190353,,ME
2026-10-10T00:52:43.187061+00:00,ME25C281,21,2,20261010095044,20261009104217,20261009110215,,ME
2026-10-10T00:52:43.187061+00:00,ME25C281,22,2,20261010095046,20261009101815,20261009103157,,ME
2026-10-10T00:52:43.187061+00:00,ME25C318,01,2,20261010094721,20261009065121,20261009072419,,ME
2026-10-10T00:52:43.187061+00:00,ME25C318,21,4,20261010095024,20261008164510,20261008170220,,ME
2026-10-10T00:52:43.187061+00:00,ME25C318,22,2,20261010095026,20261007135113,20261007140134,,ME
2026-10-10T00:52:43.187061+00:00,ME25C431,01,2,20261010094717,20260914133046,20260914133228,,ME
2026-10-10T00:52:43.187061+00:00,ME25C431,02,2,20261010094857,20261008115826,20261008123543,,ME
2026-10-10T00:52:43.187061+00:00,ME25C431,03,2,20261010094736,20261009233136,20261009235423,,ME
2026-10-10T00:52:43.187061+00:00,ME25C431,04,2,20261010094828,20261009141225,20261009142327,,ME
2026-10-10T00:52:43.187061+00:00,CI0O0008,01,3,20261010095017,20261010095017,20261003164534,20261010095017,CI
2026-10-10T00:52:43.187061+00:00,CV000304,02,2,20261010095016,20261010084239,20261010094602,,CV
2026-10-10T00:52:43.187061+00:00,CV004004,06,3,20261010094541,20261010094312,20261010094305,20261010094312,CV
2026-10-10T00:52:43.187061+00:00,GR000026,01,2,20261010094258,20261009224607,20261010080612,,GR
2026-10-10T00:52:43.187061+00:00,HE000976,01,2,20261010094500,20261010093300,20261010094500,,HE
2026-10-10T00:52:43.187061+00:00,HE000976,02,3,20261010094500,20261010094500,20261009151500,20261010094500,HE
2026-10-10T00:52:43.187061+00:00,HE230005,01,2,20261010094800,20261010084900,20261010094800,,HE
2026-10-10T00:52:43.187061+00:00,JD000087,01,2,20261010094851,20261010094625,20261010094658,,JD
2026-10-10T00:52:43.187061+00:00,JD100036,01,3,20261010095004,20261010095004,20261009084052,20261010094921,JD
2026-10-10T00:52:43.187061+00:00,JD160062,01,3,20261010095149,20261010095149,20261009181031,20261010095055,JD
2026-10-10T00:52:43.187061+00:00,JD160088,01,3,20261010094619,20261010094619,20261008144649,20261010094532,JD
2026-10-10T00:52:43.187061+00:00,JE020006,01,3,20261010094623,20261008194026,20261008202131,20261010094556,JE
2026-10-10T00:52:43.187061+00:00,JE020065,02,3,20261010095033,20261007202603,20261008040306,20261010094913,JE
2026-10-10T00:52:43.187061+00:00,JE020114,01,3,20261010094825,20261009213529,20261009220805,20261010094748,JE
2026-10-10T00:52:43.187061+00:00,JE020137,01,3,20261010094825,20261010020221,20261010025210,20261010094702,JE
2026-10-10T00:52:43.187061+00:00,JE020137,12,3,20261010094424,20261010090224,20261010091753,20261010094319,JE
2026-10-10T00:52:43.187061+00:00,JE020146,01,3,20261010094825,20261009093222,20261009104822,20261010094731,JE
2026-10-10T00:52:43.187061+00:00,JE040127,01,3,20261010094623,20261009153927,20261009155130,20261010094531,JE
2026-10-10T00:52:43.187061+00:00,JE040162,04,2,20261010094826,20261009223022,20261010092151,,JE
2026-10-10T00:52:43.187061+00:00,JE043001,31,3,20261010094623,20261009151720,20261009204723,20261010094619,JE
2026-10-10T00:52:43.187061+00:00,JE043004,27,3,20261010095033,20261010004422,20261010012512,20261010094859,JE
2026-10-10T00:52:43.187061+00:00,JE043005,07,2,20261010094623,20261010091947,20261010094429,,JE
2026-10-10T00:52:43.187061+00:00,JE900048,02,2,20261010095034,20261010091505,20261010094854,,JE
2026-10-10T00:52:43.187061+00:00,JE900090,01,3,20261010094425,20261009155424,20261009233425,20261010094352,JE
2026-10-10T00:52:43.187061+00:00,JE900129,01,3,20261010094425,20261007133628,20261007160511,20261010094319,JE
2026-10-10T00:52:43.187061+00:00,JE900155,01,3,20261010095034,20261009105107,20261009135050,20261010094825,JE
2026-10-10T00:52:43.187061+00:00,JE900199,05,3,20261010094425,20261010084850,20261010091257,20261010084850,JE
2026-10-10T00:52:43.187061+00:00,KP000385,02,3,20261010095020,20261009134312,20261009170013,20261010095020,KP
2026-10-10T00:52:43.187061+00:00,KP000440,01,2,20261010095015,20261010072153,20261010082721,,KP
2026-10-10T00:52:43.187061+00:00,NT102693,02,2,20261010094750,20261010082050,20261010094750,,NT
2026-10-10T00:52:43.187061+00:00,PI201397,04,3,20261010094251,20261010093804,20261010034227,20261010094251,PI
2026-10-10T00:52:43.187061+00:00,PI640365,01,3,20261010095126,20261010094657,20261008215142,20261010095126,PI
2026-10-10T00:52:43.187061+00:00,PI794169,02,2,20261010094757,20261009224634,20261009224833,,PI
2026-10-10T00:52:43.187061+00:00,PL032061,05,2,20261010094529,20261009193727,20261010094529,,PL
2026-10-10T00:52:43.187061+00:00,PW010925,01,3,20261010094409,20261010094409,20260930085833,20261010094034,PW
2026-10-10T00:52:43.187061+00:00,PW010926,02,2,20261010094409,20261009192257,20261010075451,,PW
2026-10-10T00:52:43.187061+00:00,PW100795,01,2,20261010094707,20261009181656,20261010014727,,PW
2026-10-10T00:52:43.187061+00:00,ST501301,22,3,20261010094813,20261009154143,20261009160014,20261010094813,ST
2026-10-10T00:52:43.187061+00:00,ST600708,03,2,20261010094939,20260918231051,20261003121308,,ST
2026-10-10T01:12:42.105387+00:00,ME174067,01,2,20261010100725,20261010071754,20261010073704,,ME
2026-10-10T01:12:42.105387+00:00,ME181538,01,2,20261010100621,20261009184249,20261009192919,,ME
2026-10-10T01:12:42.105387+00:00,ME181539,01,2,20261010100756,20261006203339,20261006211418,,ME
2026-10-10T01:12:42.105387+00:00,ME181541,01,2,20261010100848,20261010091647,20261010095217,,ME
2026-10-10T01:12:42.105387+00:00,ME184129,01,3,20261010100833,20261009154324,20261009162646,20261010100330,ME
2026-10-10T01:12:42.105387+00:00,ME184130,01,2,20261010100750,20261009112737,20261009121058,,ME
2026-10-10T01:12:42.105387+00:00,ME184131,01,2,20261010100848,20261010084320,20261010092646,,ME
2026-10-10T01:12:42.105387+00:00,ME18A176,01,2,20261010100626,20261009184214,20261009192308,,ME
2026-10-10T01:12:42.105387+00:00,ME18A177,01,2,20261010100658,20261009142233,20261009145329,,ME
2026-10-10T01:12:42.105387+00:00,ME18A178,01,2,20261010100855,20261008171236,20261008174406,,ME
2026-10-10T01:12:42.105387+00:00,ME18A179,01,2,20261010101022,20261009155037,20261009160216,,ME
2026-10-10T01:12:42.105387+00:00,ME18A276,11,2,20261010100637,20261009125730,20261009134032,,ME
2026-10-10T01:12:42.105387+00:00,ME18A276,12,2,20261010100639,20260925101706,20260925104659,,ME
2026-10-10T01:12:42.105387+00:00,ME18A277,11,2,20261010100908,20261009224505,20261009230209,,ME
2026-10-10T01:12:42.105387+00:00,ME18A277,12,2,20261010100912,20261010090045,20261010090339,,ME
2026-10-10T01:12:42.105387+00:00,ME18A278,01,2,20261010100723,20261010083914,20261010084800,,ME
2026-10-10T01:12:42.105387+00:00,ME18A278,02,2,20261010100724,20261010075944,20261010081950,,ME
2026-10-10T01:12:42.105387+00:00,ME18A279,11,2,20261010100945,20261009172504,20261009175156,,ME
2026-10-10T01:12:42.105387+00:00,ME18A279,12,2,20261010100926,20261009153008,20261009155022,,ME
2026-10-10T01:12:42.105387+00:00,ME18A280,11,2,20261010101013,20261009201246,20261009204140,,ME
2026-10-10T01:12:42.105387+00:00,ME18A280,12,2,20261010101009,20261009192926,20261009201210,,ME
2026-10-10T01:12:42.105387+00:00,ME18A282,11,2,20261010100643,20261010075751,20261010082612,,ME
2026-10-10T01:12:42.105387+00:00,ME18A282,12,2,20261010100650,20261008162658,20261008170115,,ME
2026-10-10T01:12:42.105387+00:00,ME18A283,11,2,20261010100803,20261008084304,20261008090549,,ME
2026-10-10T01:12:42.105387+00:00,ME18A283,12,2,20261010100756,20261008162058,20261008164122,,ME
2026-10-10T01:12:42.105387+00:00,ME18A307,01,2,20261010101047,20261009160319,20261009163015,,ME
2026-10-10T01:12:42.105387+00:00,ME18A308,01,2,20261010100821,20261009150810,20261009153159,,ME
2026-10-10T01:12:42.105387+00:00,ME18A308,11,2,20261010100730,20261009151750,20261009153936,,ME
2026-10-10T01:12:42.105387+00:00,ME18A308,12,2,20261010100734,20261008161649,20261008164705,,ME
2026-10-10T01:12:42.105387+00:00,ME18A309,01,2,20261010101044,20261010081901,20261010084836,,ME
2026-10-10T01:12:42.105387+00:00,ME18A309,11,2,20261010100728,20261010075305,20261010081349,,ME
2026-10-10T01:12:42.105387+00:00,ME18A309,12,2,20261010100729,20261009211652,20261009214606,,ME
2026-10-10T01:12:42.105387+00:00,ME19B174,11,2,20261010100931,20261010041405,20261010044240,,ME
2026-10-10T01:12:42.105387+00:00,ME19B174,12,2,20261010100930,20261010062507,20261010070707,,ME
2026-10-10T01:12:42.105387+00:00,ME19B246,21,2,20261010100246,20261009200610,20261009203815,,ME
2026-10-10T01:12:42.105387+00:00,ME19B246,22,3,20261010100739,20261010080731,20261010081140,20261010100733,ME
2026-10-10T01:12:42.105387+00:00,ME19B248,21,9,20261010100310,20261009191220,20261009193011,,ME
2026-10-10T01:12:42.105387+00:00,ME19B250,22,3,20261010101103,20261009221646,20261009223359,20261010100859,ME
2026-10-10T01:12:42.105387+00:00,ME19B251,21,9,20261010100310,20261009074923,20261009075041,,ME
2026-10-10T01:12:42.105387+00:00,ME19B253,21,3,20261010101011,20261009162220,20261009163714,20261010094340,ME
2026-10-10T01:12:42.105387+00:00,ME19B253,22,3,20261010101006,20261009152059,20261009155719,20261010095144,ME
2026-10-10T01:12:42.105387+00:00,ME19B405,44,3,20261010101034,20261009165845,20261009172506,20261010101026,ME
2026-10-10T01:12:42.105387+00:00,ME19D126,01,2,20261010100705,20261008160120,20261008163045,,ME
2026-10-10T01:12:42.105387+00:00,ME19D127,01,2,20261010100810,20261009142659,20261009150403,,ME
2026-10-10T01:12:42.105387+00:00,ME19Y240,21,5,20261010100736,20261009181905,20261009184153,20261010095735,ME
2026-10-10T01:12:42.105387+00:00,ME19Y240,22,2,20261010101010,20261009185218,20261009185831,,ME
2026-10-10T01:12:42.105387+00:00,ME19Y269,01,2,20261010100716,20261010002344,20261010005512,,ME
2026-10-10T01:12:42.105387+00:00,ME19Y269,02,2,20261010100720,20261010055704,20261010062345,,ME
2026-10-10T01:12:42.105387+00:00,ME19Y270,01,2,20261010100616,20261009230932,20261009234015,,ME
2026-10-10T01:12:42.105387+00:00,ME19Y270,02,3,20261010100741,20261010064155,20261010071758,20261010100216,ME
2026-10-10T01:12:42.105387+00:00,ME19Y271,01,2,20261010100654,20261008162358,20261008162530,,ME
2026-10-10T01:12:42.105387+00:00,ME19Y271,02,2,20261010101031,20261009170824,20261009174824,,ME
2026-10-10T01:12:42.105387+00:00,ME20B1e4,01,2,20261010100809,20261008202200,20261008203317,,ME
2026-10-10T01:12:42.105387+00:00,ME20B1e5,01,3,20261010101041,20261009151714,20261009155036,20261010100542,ME
2026-10-10T01:12:42.105387+00:00,ME20B1e6,91,2,20261010101105,20261009185739,20261009193739,,ME
2026-10-10T01:12:42.105387+00:00,ME20B2a3,21,2,20261010101032,20261008081124,20261008082455,,ME
2026-10-10T01:12:42.105387+00:00,ME20B2a3,22,2,20261010101032,20261008153612,20261008161612,,ME
2026-10-10T01:12:42.105387+00:00,ME20B2a4,21,2,20261010101057,20261009230136,20261009231304,,ME
2026-10-10T01:12:42.105387+00:00,ME20B2a4,22,2,20261010101057,20261010002304,20261010004117,,ME
2026-10-10T01:12:42.105387+00:00,ME20B2a5,21,2,20261010100742,20261010095203,20261010100413,,ME
2026-10-10T01:12:42.105387+00:00,ME20B2a5,22,2,20261010100742,20261009164707,20261009172011,,ME
2026-10-10T01:12:42.105387+00:00,ME20B2a6,21,2,20261010100921,20261010083205,20261010084942,,ME
2026-10-10T01:12:42.105387+00:00,ME20B2a6,22,2,20261010100922,20261009184154,20261009185929,,ME
2026-10-10T01:12:42.105387+00:00,ME20B2a7,21,2,20261010100920,20261010061820,20261010065820,,ME
2026-10-10T01:12:42.105387+00:00,ME20B2a7,22,2,20261010100920,20261010084523,20261010090212,,ME
2026-10-10T01:12:42.105387+00:00,ME20B2a8,21,2,20261010100841,20261009175427,20261009183427,,ME
2026-10-10T01:12:42.105387+00:00,ME20B2a8,22,2,20261010100841,20261007124936,20261007132936,,ME
2026-10-10T01:12:42.105387+00:00,ME20B2a9,21,2,20261010100813,20261009150442,20261009153221,,ME
2026-10-10T01:12:42.105387+00:00,ME20B2a9,22,2,20261010100813,20261009143500,20261009144235,,ME
2026-10-10T01:12:42.105387+00:00,ME20B2b0,21,5,20261010100927,20261005143505,20261005150342,,ME
2026-10-10T01:12:42.105387+00:00,ME20B2b0,22,5,20261010100927,20261005175606,20261005182530,,ME
2026-10-10T01:12:42.105387+00:00,ME20B2b1,21,2,20261010100848,20261008131334,20261008133504,,ME
2026-10-10T01:12:42.105387+00:00,ME20B2b1,22,2,20261010100848,20261009184235,20261009185701,,ME
2026-10-10T01:12:42.105387+00:00,ME20B2b3,21,2,20261010100627,20261010083927,20261010091831,,ME
2026-10-10T01:12:42.105387+00:00,ME20B2b3,22,2,20261010100627,20261010071012,20261010075012,,ME
2026-10-10T01:12:42.105387+00:00,ME20B2b4,01,2,20261010100825,20261002092503,20261002100503,,ME
2026-10-10T01:12:42.105387+00:00,ME20B2b4,02,2,20261010100955,20261001134855,20261001142855,,ME
2026-10-10T01:12:42.105387+00:00,ME20B418,41,2,20261010100928,20261009161628,20261009165628,,ME
2026-10-10T01:12:42.105387+00:00,ME20B418,42,2,20261010100957,20261010052555,20261010054249,,ME
2026-10-10T01:12:42.105387+00:00,ME20B418,43,2,20261010101008,20261010083103,20261010084928,,ME
2026-10-10T01:12:42.105387+00:00,ME20B418,44,2,20261010100948,20261010070613,20261010071627,,ME
2026-10-10T01:12:42.105387+00:00,ME21B317,03,9,20261010100310,20261010084705,20261010090547,,ME
2026-10-10T01:12:42.105387+00:00,ME21B409,01,3,20261010101031,20261009190900,20261009193820,20261010094603,ME
2026-10-10T01:12:42.105387+00:00,ME21B409,04,3,20261010101006,20261010073845,20261010081024,20261010101000,ME
2026-10-10T01:12:42.105387+00:00,ME21D080,01,3,20261010100958,20261010090424,20261010091935,20261010094938,ME
2026-10-10T01:12:42.105387+00:00,ME21D081,01,3,20261010101103,20261010092615,20261010100619,20261010101102,ME
2026-10-10T01:12:42.105387+00:00,ME21D083,01,3,20261010101005,20261009183429,20261009190236,20261010100757,ME
2026-10-10T01:12:42.105387+00:00,ME21D088,01,3,20261010100924,20261009151643,20261009154758,20261010095106,ME
2026-10-10T01:12:42.105387+00:00,ME21D092,01,3,20261010101025,20261010082924,20261010090927,20261010100008,ME
2026-10-10T01:12:42.105387+00:00,ME21D101,01,3,20261010101034,20261009201126,20261009205132,20261010093154,ME
2026-10-10T01:12:42.105387+00:00,ME21D106,01,3,20261010100943,20261010065709,20261010070852,20261010100948,ME
2026-10-10T01:12:42.105387+00:00,ME21D107,01,3,20261010101017,20261010085345,20261010092315,20261010100417,ME
2026-10-10T01:12:42.105387+00:00,ME21D110,01,2,20261010100927,20261010095554,20261010100933,,ME
2026-10-10T01:12:42.105387+00:00,ME21D112,01,9,20261010100310,20261010075138,20261010081314,,ME
2026-10-10T01:12:42.105387+00:00,ME21X010,01,2,20261010101104,20261009163232,20261009170153,,ME
2026-10-10T01:12:42.105387+00:00,ME21X014,01,2,20261010100810,20261009142217,20261009150452,,ME
2026-10-10T01:12:42.105387+00:00,ME21X015,01,3,20261010100932,20261010043516,20261010051227,20261010053510,ME
2026-10-10T01:12:42.105387+00:00,ME22C1F8,01,9,20261010100310,20261008084913,20261008092459,,ME
2026-10-10T01:12:42.105387+00:00,ME22C1F9,01,3,20261010101108,20261010094215,20261010095312,20261010095657,ME
2026-10-10T01:12:42.105387+00:00,ME22C1G2,01,9,20261010100310,20261010052053,20261010052422,,ME
2026-10-10T01:12:42.105387+00:00,ME22C305,02,9,20261010100310,20261010071107,20261010073218,,ME
2026-10-10T01:12:42.105387+00:00,ME22D155,01,3,20261010101019,20261010092724,20261010093438,20261010095004,ME
2026-10-10T01:12:42.105387+00:00,ME22D156,01,2,20261010100951,20261010071736,20261010072823,,ME
2026-10-10T01:12:42.105387+00:00,ME22D161,01,5,20261010100557,20261010094826,20261010095718,,ME
2026-10-10T01:12:42.105387+00:00,ME22D162,01,3,20261010100730,20261010082323,20261010085018,20261010100714,ME
2026-10-10T01:12:42.105387+00:00,ME22D176,01,2,20261010100623,20261005160320,20261005164320,,ME
2026-10-10T01:12:42.105387+00:00,ME22D1H0,01,2,20261010100956,20261009175752,20261009183801,,ME
2026-10-10T01:12:42.105387+00:00,ME22D219,01,5,20261010101006,20261010053725,20261010061725,,ME
2026-10-10T01:12:42.105387+00:00,ME22D219,02,2,20261010100656,20261010093543,20261010100518,,ME
2026-10-10T01:12:42.105387+00:00,ME22D235,01,3,20261010100638,20261010051249,20261010055249,20261010100112,ME
2026-10-10T01:12:42.105387+00:00,ME22D235,02,3,20261010101009,20261010080653,20261010082453,20261010094503,ME
2026-10-10T01:12:42.105387+00:00,ME22D401,01,3,20261010100750,20261010075951,20261010083951,20261010094739,ME
2026-10-10T01:12:42.105387+00:00,ME22D401,02,2,20261010100958,20261009060029,20261009061802,,ME
2026-10-10T01:12:42.105387+00:00,ME22D401,03,3,20261010100737,20261010062314,20261010065036,20261010100233,ME
2026-10-10T01:12:42.105387+00:00,ME22D401,04,2,20261010100613,20261010092006,20261010100017,,ME
2026-10-10T01:12:42.105387+00:00,ME25C183,01,2,20261010101032,20261008212457,20261008220459,,ME
2026-10-10T01:12:42.105387+00:00,ME25C184,01,2,20261010100930,20261010084159,20261010085646,,ME
2026-10-10T01:12:42.105387+00:00,ME25C282,21,2,20261010101046,20261009110217,20261009111829,,ME
2026-10-10T01:12:42.105387+00:00,ME25C282,22,2,20261010101048,20261009212409,20261009220048,,ME
2026-10-10T01:12:42.105387+00:00,ME25C283,01,2,20261010101023,20261008183223,20261008184256,,ME
2026-10-10T01:12:42.105387+00:00,ME25C283,02,2,20261010100936,20261010085116,20261010092706,,ME
2026-10-10T01:12:42.105387+00:00,ME25C284,01,2,20261010100710,20261009201001,20261009205002,,ME
2026-10-10T01:12:42.105387+00:00,ME25C284,02,2,20261010100745,20261008173203,20261008175000,,ME
2026-10-10T01:12:42.105387+00:00,BE241057,01,2,20261010100659,20261010093619,20261010100659,,BE
2026-10-10T01:12:42.105387+00:00,BT100011,01,2,20261010100940,20261008192732,20261008192754,,BT
2026-10-10T01:12:42.105387+00:00,CI0O0028,02,5,20261010101013,20261010100728,20261010101013,,CI
2026-10-10T01:12:42.105387+00:00,CV000319,01,3,20261010101017,20261010100521,20261010100524,20261010101017,CV
2026-10-10T01:12:42.105387+00:00,CV001070,02,3,20261010101020,20261010100709,20261010100708,20261010101020,CV
2026-10-10T01:12:42.105387+00:00,CV002721,02,2,20261010101031,20261010094816,20261010100721,,CV
2026-10-10T01:12:42.105387+00:00,EC500012,01,3,20261010100602,20261010100533,20261009224243,20261010100533,EC
2026-10-10T01:12:42.105387+00:00,EV015124,01,3,20261010100529,20261009172843,20261009180050,20261010082539,EV
2026-10-10T01:12:42.105387+00:00,HD000018,03,3,20261010100400,20261010100342,20261009173043,20261010100342,HD
2026-10-10T01:12:42.105387+00:00,HE230002,02,3,20261010101200,20261010101200,20261009064314,20261010101200,HE
2026-10-10T01:12:42.105387+00:00,HE240065,05,3,20261010100500,20261010100500,20261010065307,20261010100500,HE
2026-10-10T01:12:42.105387+00:00,HM910001,08,3,20261010100426,20261009212045,20261010075014,20261010100255,HM
2026-10-10T01:12:42.105387+00:00,HY001110,01,3,20261010100406,20261010100313,20261009231352,20261010100313,HY
2026-10-10T01:12:42.105387+00:00,HY001110,02,2,20261010100307,20261009132732,20261010100202,,HY
2026-10-10T01:12:42.105387+00:00,HY001163,01,3,20261010100805,20261010100710,20261010095642,20261010100710,HY
2026-10-10T01:12:42.105387+00:00,JD000054,01,2,20261010101200,20260820114629,20260820143748,,JD
2026-10-10T01:12:42.105387+00:00,JD000064,05,3,20261010100901,20261010100901,20261009171203,20261010100802,JD
2026-10-10T01:12:42.105387+00:00,JD000127,01,2,20261010100754,20261009191318,20261010100321,,JD
2026-10-10T01:12:42.105387+00:00,JD100005,02,3,20261010101200,20261010101200,20261010092700,20261010101200,JD
2026-10-10T01:12:42.105387+00:00,JD110041,01,3,20261010100507,20261010100507,20261009222410,20261010100408,JD
2026-10-10T01:12:42.105387+00:00,JD110100,01,2,20261010100754,20261010092546,20261010100546,,JD
2026-10-10T01:12:42.105387+00:00,JD110109,03,3,20261010100624,20261010100624,20261009170941,20261010100451,JD
2026-10-10T01:12:42.105387+00:00,JD110120,03,3,20261010100755,20261010100755,20261009141700,20261010100726,JD
2026-10-10T01:12:42.105387+00:00,JD110124,02,3,20261010100707,20261010100707,20261009155329,20261010100603,JD
2026-10-10T01:12:42.105387+00:00,JD110135,01,3,20261010100355,20261010100355,20261010022620,20261010100305,JD
2026-10-10T01:12:42.105387+00:00,JD110146,03,3,20261010100507,20261010100507,20261009204623,20261010100418,JD
2026-10-10T01:12:42.105387+00:00,JD110146,04,3,20261010100624,20261010100624,20261009182716,20261010100612,JD
2026-10-10T01:12:42.105387+00:00,JE010032,04,3,20261010100426,20261009180424,20261009193518,20261010100256,JE
2026-10-10T01:12:42.105387+00:00,JE010044,13,3,20261010100426,20261009062158,20261009082258,20261010100410,JE
2026-10-10T01:12:42.105387+00:00,JE010044,19,3,20261010100825,20261008164045,20261008172515,20261010100742,JE
2026-10-10T01:12:42.105387+00:00,JE010059,01,2,20261010100426,20261009154733,20261010040230,,JE
2026-10-10T01:12:42.105387+00:00,JE010069,01,3,20261010100426,20261010062717,20261010065752,20261010100251,JE
2026-10-10T01:12:42.105387+00:00,JE010069,02,3,20261010101034,20261010093640,20261010093830,20261010100830,JE
2026-10-10T01:12:42.105387+00:00,JE010223,05,2,20261010100826,20261010003029,20261010034339,,JE
2026-10-10T01:12:42.105387+00:00,JE010247,04,2,20261010101035,20261010093332,20261010100857,,JE
2026-10-10T01:12:42.105387+00:00,JE010289,02,2,20261010101035,20261010085033,20261010100717,,JE
2026-10-10T01:12:42.105387+00:00,JE010327,02,3,20261010100427,20261009171919,20261009175132,20261010100303,JE
2026-10-10T01:12:42.105387+00:00,JE010338,01,3,20261010100427,20261007124313,20261007173927,20261010100338,JE
2026-10-10T01:12:42.105387+00:00,JE010340,01,2,20261010101035,20261009150154,20261009224300,,JE
2026-10-10T01:12:42.105387+00:00,JE010371,02,3,20261010101035,20261010080136,20261010090128,20261010100916,JE
2026-10-10T01:12:42.105387+00:00,JE040080,07,2,20261010100427,20261009192104,20261010095936,,JE
2026-10-10T01:12:42.105387+00:00,JE043012,01,2,20261010101035,20261010090557,20261010100425,,JE
2026-10-10T01:12:42.105387+00:00,JE900125,01,2,20261010101036,20261010094149,20261010100922,,JE
2026-10-10T01:12:42.105387+00:00,JE900134,01,2,20261010100631,20261010091946,20261010100612,,JE
2026-10-10T01:12:42.105387+00:00,JE900236,03,2,20261010100827,20261010051953,20261010100754,,JE
2026-10-10T01:12:42.105387+00:00,JE910047,02,2,20261010100428,20261010001516,20261010043510,,JE
2026-10-10T01:12:42.105387+00:00,KE001384,01,2,20261010100359,20260904085046,20260904091118,,KE
2026-10-10T01:12:42.105387+00:00,KP000199,05,2,20261010101019,20261010091013,20261010100348,,KP
2026-10-10T01:12:42.105387+00:00,KP003165,02,3,20261010101007,20261009151751,20261009230823,20261010100340,KP
2026-10-10T01:12:42.105387+00:00,KP004695,04,3,20261010101025,20261009213030,20261009223102,20261010100922,KP
2026-10-10T01:12:42.105387+00:00,KP004695,08,3,20261010101007,20261009124943,20261009133203,20261010100509,KP
2026-10-10T01:12:42.105387+00:00,KP005440,03,2,20261010101014,20261010093615,20261010100645,,KP
2026-10-10T01:12:42.105387+00:00,MTKAKAOR,01,2,20261010101003,20261010100959,20261010101003,,MT
2026-10-10T01:12:42.105387+00:00,MTKAKAOR,03,2,20261010100547,20261010085456,20261010100547,,MT
2026-10-10T01:12:42.105387+00:00,PC001637,01,2,20261010100701,20261009164105,20261009165319,,PC
2026-10-10T01:12:42.105387+00:00,PI202870,11,2,20261010100323,20261002074533,20261002074537,,PI
2026-10-10T01:12:42.105387+00:00,PI202870,12,2,20261010100323,20261002074310,20261002104855,,PI
2026-10-10T01:12:42.105387+00:00,PI640323,01,3,20261010100614,20261010100507,20261009153140,20261010100614,PI
2026-10-10T01:12:42.105387+00:00,PI645030,27,2,20261010100446,20261009172807,20261009213030,,PI
2026-10-10T01:12:42.105387+00:00,PI645119,02,3,20261010100410,20261010095823,20261008100110,20261010100410,PI
2026-10-10T01:12:42.105387+00:00,PK000305,03,2,20261010101137,20261010093519,20261010100721,,PK
2026-10-10T01:12:42.105387+00:00,PK000305,04,2,20261010101137,20261010093559,20261010100705,,PK
2026-10-10T01:12:42.105387+00:00,PK000306,01,3,20261010101137,20261010100802,20261010100814,20261010101032,PK
2026-10-10T01:12:42.105387+00:00,PK000364,04,2,20261010101031,20261010091033,20261010101031,,PK
2026-10-10T01:12:42.105387+00:00,PL000236,23,2,20261010100935,20261010100935,20261010100935,,PL
2026-10-10T01:12:42.105387+00:00,PL031494,03,3,20261010100830,20261010100830,20261010093717,20261010100830,PL
2026-10-10T01:12:42.105387+00:00,PW013636,01,2,20261010100852,20261010095405,20261010100555,,PW
2026-10-10T01:12:42.105387+00:00,PW014170,03,2,20261010100910,20261009185829,20261010003052,,PW
2026-10-10T01:12:42.105387+00:00,PW100624,01,3,20261010100610,20261010100610,20261010002056,20261010100141,PW
2026-10-10T01:12:42.105387+00:00,PWE00792,05,2,20261010100807,20261009190808,20261010100807,,PW
2026-10-10T01:12:42.105387+00:00,RE000239,05,2,20261010101003,20261010083439,20261010094250,,RE
2026-10-10T01:12:42.105387+00:00,RE000242,03,3,20261010101202,20261010101202,20261010100936,20261010100936,RE
2026-10-10T01:12:42.105387+00:00,RE000358,03,3,20261010101203,20261010101203,20261007155158,20261010100955,RE
2026-10-10T01:12:42.105387+00:00,SOA33001,01,1,20261010101041,20261010083441,20261010083641,,SO
2026-10-10T01:12:42.105387+00:00,ST501101,29,3,20261010100739,20261010074026,20261010080536,20261010100739,ST
2026-10-10T01:12:42.105387+00:00,ST600040,01,2,20261010100553,20261010092352,20261010100553,,ST
2026-10-10T01:12:42.105387+00:00,ME174046,01,2,20261010100612,20261009142311,20261009150935,,ME
2026-10-10T01:12:42.105387+00:00,ME174050,01,2,20261010100711,20261001170730,20261001170951,,ME
2026-10-10T01:12:42.105387+00:00,ME174050,02,2,20261010100756,20261008143529,20261008151854,,ME
2026-10-10T01:12:42.105387+00:00,ME174050,03,2,20261010100945,20261009111442,20261009115029,,ME
2026-10-10T01:12:42.105387+00:00,ME174050,04,2,20261010100723,20261009141933,20261009143159,,ME
2026-10-10T01:12:42.105387+00:00,ME174050,05,2,20261010100722,20261005144243,20261005151909,,ME
2026-10-10T01:12:42.105387+00:00,ME174061,01,2,20261010100903,20261009182815,20261009185350,,ME
2026-10-10T01:12:42.105387+00:00,ME174062,01,2,20261010100736,20261009151028,20261009155032,,ME
2026-10-10T01:12:42.105387+00:00,ME183101,01,2,20261010100700,20261006164049,20261006164233,,ME
2026-10-10T01:12:42.105387+00:00,ME183101,02,2,20261010100655,20261009145721,20261009151943,,ME
2026-10-10T01:12:42.105387+00:00,ME183101,03,2,20261010101036,20261010080755,20261010081748,,ME
2026-10-10T01:12:42.105387+00:00,ME183101,04,2,20261010100657,20261008095259,20261008101121,,ME
2026-10-10T01:12:42.105387+00:00,ME183101,52,2,20261010100650,20261004145214,20261004150345,,ME
2026-10-10T01:12:42.105387+00:00,ME183101,54,2,20261010100706,20261008114833,20261008123135,,ME
2026-10-10T01:12:42.105387+00:00,ME183102,02,2,20261010100629,20261009090915,20261009093759,,ME
2026-10-10T01:12:42.105387+00:00,ME183102,52,2,20261010100641,20261010092306,20261010100634,,ME
2026-10-10T01:12:42.105387+00:00,ME184122,01,2,20261010100912,20261010093253,20261010095208,,ME
2026-10-10T01:12:42.105387+00:00,ME184124,01,2,20261010100735,20261010064520,20261010070825,,ME
2026-10-10T01:12:42.105387+00:00,ME184125,01,2,20261010100613,20261009165705,20261009172710,,ME
2026-10-10T01:12:42.105387+00:00,ME184126,02,2,20261010101055,20261009202346,20261009210822,,ME
2026-10-10T01:12:42.105387+00:00,ME18A173,01,2,20261010101000,20261009172642,20261009180947,,ME
2026-10-10T01:12:42.105387+00:00,ME18A175,01,2,20261010100955,20261008171919,20261008173840,,ME
2026-10-10T01:12:42.105387+00:00,ME18A180,01,2,20261010101032,20261008181738,20261008182838,,ME
2026-10-10T01:12:42.105387+00:00,ME18A268,11,2,20261010100727,20261009142805,20261009151109,,ME
2026-10-10T01:12:42.105387+00:00,ME18A268,12,2,20261010100722,20261009112000,20261009120303,,ME
2026-10-10T01:12:42.105387+00:00,ME18A269,11,2,20261010100854,20261009085416,20261009090613,,ME
2026-10-10T01:12:42.105387+00:00,ME18A269,12,2,20261010100844,20261010071705,20261010075351,,ME
2026-10-10T01:12:42.105387+00:00,ME18A270,11,2,20261010100851,20261007090021,20261007092403,,ME
2026-10-10T01:12:42.105387+00:00,ME18A270,12,2,20261010100844,20261010092806,20261010094410,,ME
2026-10-10T01:12:42.105387+00:00,ME18A271,01,2,20261010100822,20261008161912,20261008170121,,ME
2026-10-10T01:12:42.105387+00:00,ME18A271,02,2,20261010101002,20261008123004,20261008124324,,ME
2026-10-10T01:12:42.105387+00:00,ME18A272,11,2,20261010101036,20261010081411,20261010085717,,ME
2026-10-10T01:12:42.105387+00:00,ME18A272,12,2,20261010101029,20261009145037,20261009150958,,ME
2026-10-10T01:12:42.105387+00:00,ME18A273,11,3,20261010100703,20261009165317,20261009170313,20261010100621,ME
2026-10-10T01:12:42.105387+00:00,ME18A273,12,2,20261010100708,20261009153639,20261009155300,,ME
2026-10-10T01:12:42.105387+00:00,ME18A274,11,2,20261010101109,20261010094724,20261010100412,,ME
2026-10-10T01:12:42.105387+00:00,ME18A274,12,2,20261010101104,20261009141258,20261009145603,,ME
2026-10-10T01:12:42.105387+00:00,ME18A275,11,2,20261010100949,20261009211507,20261009212535,,ME
2026-10-10T01:12:42.105387+00:00,ME18A275,12,2,20261010100944,20261009171451,20261009173059,,ME
2026-10-10T01:12:42.105387+00:00,ME18A281,11,2,20261010100711,20261008133854,20261008141829,,ME
2026-10-10T01:12:42.105387+00:00,ME18A281,12,2,20261010100721,20261010090915,20261010095218,,ME
2026-10-10T01:12:42.105387+00:00,ME18A306,01,2,20261010100747,20261008194246,20261008201332,,ME
2026-10-10T01:12:42.105387+00:00,ME18A306,11,2,20261010100725,20261002121626,20261002130155,,ME
2026-10-10T01:12:42.105387+00:00,ME18A306,12,2,20261010100731,20261006203629,20261006210538,,ME
2026-10-10T01:12:42.105387+00:00,ME19B169,01,2,20261010101029,20261007162951,20261007165506,,ME
2026-10-10T01:12:42.105387+00:00,ME19B170,01,2,20261010100639,20261009174834,20261009180634,,ME
2026-10-10T01:12:42.105387+00:00,ME19B171,01,2,20261010100936,20261009165032,20261009173032,,ME
2026-10-10T01:12:42.105387+00:00,ME19B172,01,2,20261010100945,20261009205814,20261009210601,,ME
2026-10-10T01:12:42.105387+00:00,ME19B173,01,2,20261010100725,20261009203900,20261009211904,,ME
2026-10-10T01:12:42.105387+00:00,ME19B240,21,9,20261010100310,20261009132005,20261009140013,,ME
2026-10-10T01:12:42.105387+00:00,ME19B240,22,9,20261010100310,20261009180335,20261009184437,,ME
2026-10-10T01:12:42.105387+00:00,ME19B241,21,9,20261010100310,20261008165949,20261008170154,,ME
2026-10-10T01:12:42.105387+00:00,ME19B242,21,9,20261010100310,20261010020533,20261010022451,,ME
2026-10-10T01:12:42.105387+00:00,ME19B242,22,9,20261010100310,20261010064643,20261010071122,,ME
2026-10-10T01:12:42.105387+00:00,ME20B1e1,01,2,20261010100622,20261008140101,20261008141347,,ME
2026-10-10T01:12:42.105387+00:00,ME20B1e2,01,2,20261010100936,20261009073535,20261009081148,,ME
2026-10-10T01:12:42.105387+00:00,ME20B1e3,01,2,20261010100629,20261008180620,20261008184620,,ME
2026-10-10T01:12:42.105387+00:00,ME20B2a0,91,2,20261010101034,20261009113010,20261009120048,,ME
2026-10-10T01:12:42.105387+00:00,ME20B2a0,92,2,20261010101033,20261005122044,20261005123945,,ME
2026-10-10T01:12:42.105387+00:00,ME20B2a1,21,2,20261010101023,20261008145750,20261008153127,,ME
2026-10-10T01:12:42.105387+00:00,ME20B2a1,22,2,20261010101023,20261007131536,20261007132823,,ME
2026-10-10T01:12:42.105387+00:00,ME20B2a2,21,2,20261010100931,20261009114904,20261009121010,,ME
2026-10-10T01:12:42.105387+00:00,ME20B2a2,22,2,20261010100931,20261002070459,20261002072043,,ME
2026-10-10T01:12:42.105387+00:00,ME20B416,21,2,20261010101050,20261008075217,20261008075827,,ME
2026-10-10T01:12:42.105387+00:00,ME20B416,22,2,20261010101050,20261010071226,20261010072940,,ME
2026-10-10T01:12:42.105387+00:00,ME20B416,23,2,20261010100928,20261009180058,20261009182853,,ME
2026-10-10T01:12:42.105387+00:00,ME20B416,24,2,20261010100928,20261010092327,20261010100327,,ME
2026-10-10T01:12:42.105387+00:00,ME20B417,41,2,20261010100756,20261008102754,20261008110016,,ME
2026-10-10T01:12:42.105387+00:00,ME20B417,42,2,20261010100824,20261008174327,20261008180422,,ME
2026-10-10T01:12:42.105387+00:00,ME20B417,43,2,20261010100830,20261009124539,20261009131711,,ME
2026-10-10T01:12:42.105387+00:00,ME20B417,44,2,20261010100823,20261009122329,20261009123050,,ME
2026-10-10T01:12:42.105387+00:00,ME21B1D0,01,3,20261010101103,20261009145923,20261009151805,20261010101101,ME
2026-10-10T01:12:42.105387+00:00,ME21B1E8,01,9,20261010100310,20261009183326,20261009191330,,ME
2026-10-10T01:12:42.105387+00:00,ME21B250,01,9,20261010100310,20261010072743,20261010080819,,ME
2026-10-10T01:12:42.105387+00:00,ME21B252,02,2,20261010100855,20261010094822,20261010100853,,ME
2026-10-10T01:12:42.105387+00:00,ME21B410,03,3,20261010100942,20261009213426,20261009220335,20261010095726,ME
2026-10-10T01:12:42.105387+00:00,ME21D058,01,9,20261010100310,20261010084158,20261010092508,,ME
2026-10-10T01:12:42.105387+00:00,ME21D061,01,3,20261010101110,20261010075546,20261010082830,20261010093442,ME
2026-10-10T01:12:42.105387+00:00,ME21D065,01,3,20261010101039,20261009162048,20261009163956,20261010100232,ME
2026-10-10T01:12:42.105387+00:00,ME21D069,01,9,20261010100310,20261010083523,20261010091753,,ME
2026-10-10T01:12:42.105387+00:00,ME21D070,01,3,20261010101013,20261009234026,20261010000737,20261010095359,ME
2026-10-10T01:12:42.105387+00:00,ME21D074,01,3,20261010100911,20261010083815,20261010092047,20261010100512,ME
2026-10-10T01:12:42.105387+00:00,ME21D078,01,3,20261010101018,20261010080202,20261010081902,20261010100415,ME
2026-10-10T01:12:42.105387+00:00,ME21X008,01,3,20261010101004,20261010091203,20261010094453,20261010094957,ME
2026-10-10T01:12:42.105387+00:00,ME22B336,81,3,20261010100926,20261010084156,20261010092159,20261010095716,ME
2026-10-10T01:12:42.105387+00:00,ME22C285,02,2,20261010100344,20261007032735,20261007040851,,ME
2026-10-10T01:12:42.105387+00:00,ME22C287,01,9,20261010100310,20261009213646,20261009221652,,ME
2026-10-10T01:12:42.105387+00:00,ME22D1H1,01,3,20261010100814,20261010083908,20261010090931,20261010093757,ME
2026-10-10T01:12:42.105387+00:00,ME25C181,01,3,20261010101024,20261010093127,20261010094517,20261010095017,ME
2026-10-10T01:12:42.105387+00:00,ME25C182,01,4,20261010100821,20261009185249,20261009190353,,ME
2026-10-10T01:12:42.105387+00:00,ME25C281,21,2,20261010101044,20261009104217,20261009110215,,ME
2026-10-10T01:12:42.105387+00:00,ME25C281,22,2,20261010101046,20261009101815,20261009103157,,ME
2026-10-10T01:12:42.105387+00:00,ME25C318,01,2,20261010100720,20261009065121,20261009072419,,ME
2026-10-10T01:12:42.105387+00:00,ME25C318,21,4,20261010101024,20261008164510,20261008170220,,ME
2026-10-10T01:12:42.105387+00:00,ME25C318,22,2,20261010101027,20261007135113,20261007140134,,ME
2026-10-10T01:12:42.105387+00:00,ME25C431,01,2,20261010100719,20260914133046,20260914133228,,ME
2026-10-10T01:12:42.105387+00:00,ME25C431,02,2,20261010100902,20261008115826,20261008123543,,ME
2026-10-10T01:12:42.105387+00:00,ME25C431,03,2,20261010100736,20261009233136,20261009235423,,ME
2026-10-10T01:12:42.105387+00:00,ME25C431,04,2,20261010100830,20261009141225,20261009142327,,ME
2026-10-10T01:12:42.105387+00:00,CV000843,01,3,20261010100518,20261010100107,20261010100113,20261010100518,CV
2026-10-10T01:12:42.105387+00:00,CV000935,02,2,20261010101019,20261010090950,20261010100555,,CV
2026-10-10T01:12:42.105387+00:00,EV003923,01,2,20261010101131,20261010100822,20261010100928,,EV
2026-10-10T01:12:42.105387+00:00,HE230004,01,3,20261010100900,20261010100900,20261007151529,20261010100900,HE
2026-10-10T01:12:42.105387+00:00,HE240379,01,2,20261010101000,20261009194500,20261010101000,,HE
2026-10-10T01:12:42.105387+00:00,HE240435,21,3,20261010100300,20261010100300,20261009200836,20261010100300,HE
2026-10-10T01:12:42.105387+00:00,HE240440,08,3,20261010100300,20261010100300,20261010081131,20261010100300,HE
2026-10-10T01:12:42.105387+00:00,HM000107,03,2,20261010100800,20261010085205,20261010094532,,HM
2026-10-10T01:12:42.105387+00:00,HM000107,14,2,20261010100800,20261010084404,20261010100714,,HM
2026-10-10T01:12:42.105387+00:00,JA500005,05,3,20261010101003,20261010101003,20261009083004,20261010101003,JA
2026-10-10T01:12:42.105387+00:00,JD000076,06,3,20261010100956,20261010100956,20261010025607,20261010100841,JD
2026-10-10T01:12:42.105387+00:00,JD000077,03,1,20261010100956,20260914133205,20260914182241,,JD
2026-10-10T01:12:42.105387+00:00,JD000087,01,2,20261010100355,20261010095911,20261010095941,,JD
2026-10-10T01:12:42.105387+00:00,JD000091,01,3,20261010100300,20261010100300,20261010073700,20261010100300,JD
2026-10-10T01:12:42.105387+00:00,JD100016,08,2,20261010100754,20261010073741,20261010100317,,JD
2026-10-10T01:12:42.105387+00:00,JD100032,01,3,20261010101106,20261010101106,20261009055958,20261010101030,JD
2026-10-10T01:12:42.105387+00:00,JD100033,01,2,20261010100252,20261010090737,20261010093941,,JD
2026-10-10T01:12:42.105387+00:00,JD160069,02,3,20261010100903,20261010100903,20261010093418,20261010100816,JD
2026-10-10T01:12:42.105387+00:00,JE020048,02,3,20261010101035,20261009213117,20261010031426,20261010100955,JE
2026-10-10T01:12:42.105387+00:00,JE020108,06,2,20261010101035,20261010092908,20261010100907,,JE
2026-10-10T01:12:42.105387+00:00,JE043002,29,2,20261010101035,20261010095354,20261010100925,,JE
2026-10-10T01:12:42.105387+00:00,JE043002,33,3,20261010100630,20261010100511,20261010100637,20261010100511,JE
2026-10-10T01:12:42.105387+00:00,JE043003,13,3,20261010100826,20261009151144,20261009153133,20261010100800,JE
2026-10-10T01:12:42.105387+00:00,JE043007,08,1,20261010101035,20260629215505,20260630075027,,JE
2026-10-10T01:12:42.105387+00:00,JE900059,01,2,20261010101036,20261010100032,20261010100943,,JE
2026-10-10T01:12:42.105387+00:00,JE900059,02,2,20261010100630,20261010093643,20261010100435,,JE
2026-10-10T01:12:42.105387+00:00,JE900199,05,3,20261010100428,20261010084850,20261010091257,20261010084850,JE
2026-10-10T01:12:42.105387+00:00,JE900249,01,2,20261010100631,20261010093450,20261010100532,,JE
2026-10-10T01:12:42.105387+00:00,KE001385,02,3,20261010100300,20261010100208,20261009203450,20261010100208,KE
2026-10-10T01:12:42.105387+00:00,KP003380,02,3,20261010101017,20261007171516,20261007172838,20261010100755,KP
2026-10-10T01:12:42.105387+00:00,NT102693,06,9,20261010100950,20261010084350,20261010100950,,NT
2026-10-10T01:12:42.105387+00:00,PC000935,07,2,20261010100613,20261010091223,20261010100552,,PC
2026-10-10T01:12:42.105387+00:00,PI640319,04,2,20261010100554,20261009175649,20261009213502,,PI
2026-10-10T01:12:42.105387+00:00,PI640365,01,2,20261010101135,20261010094657,20261010095029,,PI
2026-10-10T01:12:42.105387+00:00,PI700499,03,2,20261010101111,20261010073103,20261010100546,,PI
2026-10-10T01:12:42.105387+00:00,PIH01105,15,3,20261010100729,20261010100718,20261009183112,20261010100729,PI
2026-10-10T01:12:42.105387+00:00,PW010408,01,3,20261010100709,20261010100709,20261009221825,20261010100546,PW
2026-10-10T01:12:42.105387+00:00,PW801577,02,3,20261010101046,20261010101046,20261005093558,20261010100902,PW
2026-10-10T01:12:42.105387+00:00,PWE02358,30,2,20261010100911,20261009221810,20261010100911,,PW
2026-10-10T01:12:42.105387+00:00,RE000243,03,2,20261010101202,20261010063701,20261010101102,,RE
2026-10-10T01:12:42.105387+00:00,ST501301,22,2,20261010101019,20261009154143,20261010101019,,ST
2026-10-10T01:12:42.105387+00:00,ST501326,02,2,20261010100329,20260930104848,20261008191109,,ST
2026-10-10T01:12:42.105387+00:00,ST501330,01,3,20261010100611,20261010100611,20261009115252,20261009105353,ST
