fetched_at,statId,chgerId,stat,statUpdDt,lastTsdt,lastTedt,nowTsdt,busiId
2026-10-04T00:15:48.450015+00:00,ME174067,01,2,20261004091313,20261003114957,20261003115612,,ME
2026-10-04T00:15:48.450015+00:00,ME181538,01,2,20261004091158,20261003224957,20261003232458,,ME
2026-10-04T00:15:48.450015+00:00,ME181539,01,2,20261004091339,20261003073706,20261003080852,,ME
2026-10-04T00:15:48.450015+00:00,ME181541,01,2,20261004091214,20261001104110,20261001112114,,ME
2026-10-04T00:15:48.450015+00:00,ME184129,01,2,20261004091331,20261003153003,20261003161322,,ME
2026-10-04T00:15:48.450015+00:00,ME184130,01,2,20261004091338,20261003150855,20261003155217,,ME
2026-10-04T00:15:48.450015+00:00,ME184131,01,2,20261004090938,20261003071227,20261003075548,,ME
2026-10-04T00:15:48.450015+00:00,ME18A176,01,2,20261004091204,20261004081543,20261004083048,,ME
2026-10-04T00:15:48.450015+00:00,ME18A177,01,2,20261004091037,20261003180903,20261003182134,,ME
2026-10-04T00:15:48.450015+00:00,ME18A178,01,2,20261004091204,20261003171233,20261003175257,,ME
2026-10-04T00:15:48.450015+00:00,ME18A179,01,2,20261004091331,20261004073528,20261004074655,,ME
2026-10-04T00:15:48.450015+00:00,ME18A276,11,2,20261004091041,20260927190040,20260927190352,,ME
2026-10-04T00:15:48.450015+00:00,ME18A276,12,2,20261004091030,20260925101706,20260925104659,,ME
2026-10-04T00:15:48.450015+00:00,ME18A277,11,2,20261004090944,20261003201435,20261003205738,,ME
2026-10-04T00:15:48.450015+00:00,ME18A277,12,2,20261004090949,20261003155713,20261003161743,,ME
2026-10-04T00:15:48.450015+00:00,ME18A278,01,2,20261004091156,20261004083140,20261004090255,,ME
2026-10-04T00:15:48.450015+00:00,ME18A278,02,2,20261004091103,20261003221703,20261003225743,,ME
2026-10-04T00:15:48.450015+00:00,ME18A279,11,2,20261004091025,20261003165048,20261003173208,,ME
2026-10-04T00:15:48.450015+00:00,ME18A279,12,2,20261004091020,20261003162713,20261003171242,,ME
2026-10-04T00:15:48.450015+00:00,ME18A282,11,3,20261004091224,20261004073222,20261004074301,20261004091040,ME
2026-10-04T00:15:48.450015+00:00,ME18A282,12,2,20261004091241,20261003184748,20261003191944,,ME
2026-10-04T00:15:48.450015+00:00,ME18A283,11,2,20261004091403,20261002163239,20261002170837,,ME
2026-10-04T00:15:48.450015+00:00,ME18A283,12,2,20261004091359,20261004080825,20261004084258,,ME
2026-10-04T00:15:48.450015+00:00,ME18A307,01,2,20261004091013,20261003154909,20261003161139,,ME
2026-10-04T00:15:48.450015+00:00,ME18A308,01,2,20261004091354,20261003161114,20261003162740,,ME
2026-10-04T00:15:48.450015+00:00,ME18A308,11,2,20261004091322,20261003141657,20261003143931,,ME
2026-10-04T00:15:48.450015+00:00,ME18A308,12,2,20261004091317,20261002131713,20261002140015,,ME
2026-10-04T00:15:48.450015+00:00,ME18A309,01,2,20261004091126,20261004073121,20261004081428,,ME
2026-10-04T00:15:48.450015+00:00,ME18A309,11,3,20261004091318,20261003222057,20261003230400,20261004091021,ME
2026-10-04T00:15:48.450015+00:00,ME18A309,12,2,20261004091322,20261004081017,20261004085418,,ME
2026-10-04T00:15:48.450015+00:00,ME19B174,11,2,20261004091328,20261004072501,20261004075210,,ME
2026-10-04T00:15:48.450015+00:00,ME19B174,12,2,20261004091332,20261003152501,20261003160805,,ME
2026-10-04T00:15:48.450015+00:00,ME19B253,21,3,20261004091226,20261003160330,20261003160835,20261004090414,ME
2026-10-04T00:15:48.450015+00:00,ME19D126,01,2,20261004091221,20261003204812,20261003205815,,ME
2026-10-04T00:15:48.450015+00:00,ME19D127,01,2,20261004091352,20261003173512,20261003173720,,ME
2026-10-04T00:15:48.450015+00:00,ME19D128,01,2,20261004091128,20260927183731,20260927185259,,ME
2026-10-04T00:15:48.450015+00:00,ME19Y240,21,2,20261004091154,20261003183836,20261003191836,,ME
2026-10-04T00:15:48.450015+00:00,ME19Y240,22,3,20261004091234,20261003142134,20261003150134,20261004090735,ME
2026-10-04T00:15:48.450015+00:00,ME19Y269,01,2,20261004091129,20261004054600,20261004062156,,ME
2026-10-04T00:15:48.450015+00:00,ME19Y269,02,2,20261004091144,20261004074053,20261004082057,,ME
2026-10-04T00:15:48.450015+00:00,ME19Y270,01,2,20261004091354,20261004075555,20261004083555,,ME
2026-10-04T00:15:48.450015+00:00,ME19Y270,02,2,20261004091118,20261003171344,20261003175344,,ME
2026-10-04T00:15:48.450015+00:00,ME19Y271,01,2,20261004091159,20261004062156,20261004070156,,ME
2026-10-04T00:15:48.450015+00:00,ME19Y271,02,2,20261004091003,20261003191609,20261003194031,,ME
2026-10-04T00:15:48.450015+00:00,ME20B1e4,01,2,20261004091024,20261004072730,20261004080504,,ME
2026-10-04T00:15:48.450015+00:00,ME20B1e5,01,2,20261004091358,20261002194050,20261002195657,,ME
2026-10-04T00:15:48.450015+00:00,ME20B1e6,91,2,20261004091136,20261003122034,20261003130034,,ME
2026-10-04T00:15:48.450015+00:00,ME20B2a3,21,2,20261004091347,20261003192815,20261003194548,,ME
2026-10-04T00:15:48.450015+00:00,ME20B2a3,22,2,20261004091347,20261002110643,20261002114025,,ME
2026-10-04T00:15:48.450015+00:00,ME20B2a4,21,2,20261004091038,20261003131347,20261003135254,,ME
2026-10-04T00:15:48.450015+00:00,ME20B2a4,22,2,20261004091038,20261003182302,20261003190302,,ME
2026-10-04T00:15:48.450015+00:00,ME20B2a5,21,2,20261004090919,20261004070329,20261004074329,,ME
2026-10-04T00:15:48.450015+00:00,ME20B2a5,22,2,20261004090919,20261003163845,20261003171845,,ME
2026-10-04T00:15:48.450015+00:00,ME20B2a6,21,2,20261004091359,20261002085825,20261002092516,,ME
2026-10-04T00:15:48.450015+00:00,ME20B2a6,22,2,20261004091359,20261003075220,20261003082923,,ME
2026-10-04T00:15:48.450015+00:00,ME20B2a7,21,2,20261004091003,20261003190524,20261003191932,,ME
2026-10-04T00:15:48.450015+00:00,ME20B2a7,22,2,20261004091003,20261004065832,20261004073832,,ME
2026-10-04T00:15:48.450015+00:00,ME20B2a8,21,2,20261004091227,20261004022110,20261004023959,,ME
2026-10-04T00:15:48.450015+00:00,ME20B2a8,22,3,20261004090945,20261003203150,20261003210350,20261004084438,ME
2026-10-04T00:15:48.450015+00:00,ME20B2a9,21,2,20261004091410,20261004074219,20261004081353,,ME
2026-10-04T00:15:48.450015+00:00,ME20B2a9,22,2,20261004091410,20261004081309,20261004085128,,ME
2026-10-04T00:15:48.450015+00:00,ME20B2b0,21,2,20261004091233,20261003072718,20261003080510,,ME
2026-10-04T00:15:48.450015+00:00,ME20B2b0,22,2,20261004091233,20261004083048,20261004084143,,ME
2026-10-04T00:15:48.450015+00:00,ME20B2b1,21,2,20261004091141,20261003184143,20261003184758,,ME
2026-10-04T00:15:48.450015+00:00,ME20B2b1,22,2,20261004091141,20261003171248,20261003173340,,ME
2026-10-04T00:15:48.450015+00:00,ME20B2b2,21,2,20261004091031,20260916145246,20260916145416,,ME
2026-10-04T00:15:48.450015+00:00,ME20B2b2,22,2,20261004091032,20260925110458,20260925114155,,ME
2026-10-04T00:15:48.450015+00:00,ME20B2b3,21,2,20261004091109,20261003203537,20261003211537,,ME
2026-10-04T00:15:48.450015+00:00,ME20B2b3,22,2,20261004091109,20261004082359,20261004083653,,ME
2026-10-04T00:15:48.450015+00:00,ME20B2b4,01,2,20261004091307,20261002092503,20261002100503,,ME
2026-10-04T00:15:48.450015+00:00,ME20B2b4,02,2,20261004091311,20261001134855,20261001142855,,ME
2026-10-04T00:15:48.450015+00:00,ME20B418,41,2,20261004090928,20261003152959,20261003160959,,ME
2026-10-04T00:15:48.450015+00:00,ME20B418,42,3,20261004091059,20261003223440,20261003225647,20261004090100,ME
2026-10-04T00:15:48.450015+00:00,ME20B418,43,2,20261004091008,20261003103404,20261003105651,,ME
2026-10-04T00:15:48.450015+00:00,ME20B418,44,2,20261004090944,20261004064225,20261004070111,,ME
2026-10-04T00:15:48.450015+00:00,ME21D094,01,3,20261004091351,20261003154355,20261003162315,20261004091357,ME
2026-10-04T00:15:48.450015+00:00,ME21D096,01,2,20261004091310,20261004063141,20261004071145,,ME
2026-10-04T00:15:48.450015+00:00,ME21D102,01,3,20261004091343,20261003160144,20261003163030,20261004085323,ME
2026-10-04T00:15:48.450015+00:00,ME21D104,01,3,20261004091212,20261003220412,20261003224418,20261004090816,ME
2026-10-04T00:15:48.450015+00:00,ME21D106,01,2,20261004091402,20261003201817,20261003203243,,ME
2026-10-04T00:15:48.450015+00:00,ME21X010,01,2,20261004091148,20261002143701,20261002144931,,ME
2026-10-04T00:15:48.450015+00:00,ME21X014,01,2,20261004091308,20261003100047,20261003104336,,ME
2026-10-04T00:15:48.450015+00:00,ME21X015,01,2,20261004091048,20261003142118,20261003143518,,ME
2026-10-04T00:15:48.450015+00:00,ME22C1G3,01,3,20261004091401,20261003214616,20261003221634,20261004084533,ME
2026-10-04T00:15:48.450015+00:00,ME22C305,01,3,20261004091242,20261003230045,20261003232754,20261004084213,ME
2026-10-04T00:15:48.450015+00:00,ME22C305,03,3,20261004091316,20261004080034,20261004083533,20261004090109,ME
2026-10-04T00:15:48.450015+00:00,ME22D155,01,5,20261004091349,20261003231504,20261003233448,,ME
2026-10-04T00:15:48.450015+00:00,ME22D156,01,2,20261004091209,20261004000004,20261004001107,,ME
2026-10-04T00:15:48.450015+00:00,ME22D161,01,2,20261004091045,20261003221742,20261003224650,,ME
2026-10-04T00:15:48.450015+00:00,ME22D162,01,3,20261004091054,20261003191357,20261003193708,20261004090045,ME
2026-10-04T00:15:48.450015+00:00,ME22D176,01,2,20261004091015,20261003174612,20261003180907,,ME
2026-10-04T00:15:48.450015+00:00,ME22D1H0,01,2,20261004091324,20261004002242,20261004010253,,ME
2026-10-04T00:15:48.450015+00:00,ME22D219,01,2,20261004091400,20261004082809,20261004084901,,ME
2026-10-04T00:15:48.450015+00:00,ME22D219,02,2,20261004091100,20261004074013,20261004082013,,ME
2026-10-04T00:15:48.450015+00:00,ME22D235,01,2,20261004091259,20261004082230,20261004084900,,ME
2026-10-04T00:15:48.450015+00:00,ME22D235,02,2,20261004091343,20261004081500,20261004084907,,ME
2026-10-04T00:15:48.450015+00:00,ME22D401,01,2,20261004091408,20261004074733,20261004082011,,ME
2026-10-04T00:15:48.450015+00:00,ME22D401,02,2,20261004091354,20261004000517,20261004003607,,ME
2026-10-04T00:15:48.450015+00:00,ME22D401,03,2,20261004091401,20261004080921,20261004084921,,ME
2026-10-04T00:15:48.450015+00:00,ME22D401,04,2,20261004091410,20261003234732,20261004001721,,ME
2026-10-04T00:15:48.450015+00:00,ME25C183,01,2,20261004091049,20261001045802,20261001051029,,ME
2026-10-04T00:15:48.450015+00:00,ME25C184,01,2,20261004091321,20261003191940,20261003193506,,ME
2026-10-04T00:15:48.450015+00:00,ME25C282,21,2,20261004091404,20261002125916,20261002133918,,ME
2026-10-04T00:15:48.450015+00:00,ME25C282,22,2,20261004091406,20261003204156,20261003210413,,ME
2026-10-04T00:15:48.450015+00:00,ME25C283,01,2,20261004090927,20261003095628,20261003101811,,ME
2026-10-04T00:15:48.450015+00:00,ME25C283,02,2,20261004091112,20261003201853,20261003205353,,ME
2026-10-04T00:15:48.450015+00:00,ME25C284,01,2,20261004091041,20260930133648,20260930141649,,ME
2026-10-04T00:15:48.450015+00:00,ME25C284,02,2,20261004091137,20261003080508,20261003084512,,ME
2026-10-04T00:15:48.450015+00:00,BE241043,01,2,20261004090737,20261004083817,20261004090737,,BE
2026-10-04T00:15:48.450015+00:00,BE250111,01,3,20261004091358,20261004091358,20261004040743,20261004091358,BE
2026-10-04T00:15:48.450015+00:00,BT100010,01,2,20261004090950,20261004090945,20261004090950,,BT
2026-10-04T00:15:48.450015+00:00,CHB00016,02,3,20261004091259,20261004001304,20261004001304,20261004091259,CH
2026-10-04T00:15:48.450015+00:00,CI0O002F,02,2,20261004091114,20261004064652,20261004091114,,CI
2026-10-04T00:15:48.450015+00:00,CV001630,07,3,20261004091027,20261004091008,20261004091012,20261004091008,CV
2026-10-04T00:15:48.450015+00:00,EV013681,03,2,20261004091213,20261003134203,20261003205114,,EV
2026-10-04T00:15:48.450015+00:00,EV013759,02,3,20261004090600,20261003183810,20261004073723,20261004090600,EV
2026-10-04T00:15:48.450015+00:00,EV015692,03,2,20261004091010,20261003184339,20261003231609,,EV
2026-10-04T00:15:48.450015+00:00,EV021520,04,2,20261004091418,20261003165231,20261004091237,,EV
2026-10-04T00:15:48.450015+00:00,GR000009,04,3,20261004090705,20261004085105,20261004090635,20261004090705,GR
2026-10-04T00:15:48.450015+00:00,GR000010,01,2,20261004091024,20261003224003,20261004082627,,GR
2026-10-04T00:15:48.450015+00:00,GR000032,01,3,20261004091334,20261003160436,20261003175216,20261004091334,GR
2026-10-04T00:15:48.450015+00:00,GS000116,04,2,20261004090619,20260928051232,20260928062148,,GS
2026-10-04T00:15:48.450015+00:00,GS000117,04,3,20261004090619,20261004090619,20261004090017,20261004090619,GS
2026-10-04T00:15:48.450015+00:00,HD000029,03,2,20261004090900,20261004085630,20261004090838,,HD
2026-10-04T00:15:48.450015+00:00,HD000029,06,3,20261004090700,20261004090835,20261003130402,20261003124548,HD
2026-10-04T00:15:48.450015+00:00,HE230094,01,3,20261004091500,20261004091500,20261004074622,20261004091500,HE
2026-10-04T00:15:48.450015+00:00,HE240172,04,2,20261004090700,20261004084000,20261004090700,,HE
2026-10-04T00:15:48.450015+00:00,HE240537,02,3,20261004090900,20261004090900,20261003214638,20261004090900,HE
2026-10-04T00:15:48.450015+00:00,HY000347,04,2,20261004091103,20261004063933,20261004091017,,HY
2026-10-04T00:15:48.450015+00:00,HY001110,18,3,20261004090804,20261004090747,20261003230852,20261004090747,HY
2026-10-04T00:15:48.450015+00:00,JD000054,01,2,20261004091500,20260820114629,20260820143748,,JD
2026-10-04T00:15:48.450015+00:00,JD000068,01,3,20261004091132,20261004091132,20261003153132,20261004090233,JD
2026-10-04T00:15:48.450015+00:00,JD000121,01,2,20261004091442,20261003233225,20261004091123,,JD
2026-10-04T00:15:48.450015+00:00,JD100048,01,2,20261004090853,20261004082513,20261004090514,,JD
2026-10-04T00:15:48.450015+00:00,JD110009,01,2,20261004091442,20261004083119,20261004091122,,JD
2026-10-04T00:15:48.450015+00:00,JD110041,08,3,20261004091442,20261004091442,20261004084622,20261004091322,JD
2026-10-04T00:15:48.450015+00:00,JD110047,01,3,20261004090745,20261004090745,20261003194305,20261004090618,JD
2026-10-04T00:15:48.450015+00:00,JD110075,01,2,20261004090629,20261004082300,20261004090300,,JD
2026-10-04T00:15:48.450015+00:00,JD110075,02,2,20261004091442,20261004090238,20261004091022,,JD
2026-10-04T00:15:48.450015+00:00,JD110080,01,3,20261004091234,20261004091234,20261004000818,20261004091230,JD
2026-10-04T00:15:48.450015+00:00,JD110083,01,2,20261004091234,20261004083120,20261004090633,,JD
2026-10-04T00:15:48.450015+00:00,JD110116,01,3,20261004090853,20261004090853,20261002150737,20261004090710,JD
2026-10-04T00:15:48.450015+00:00,JD110120,01,3,20261004090629,20261004090629,20261003223045,20261004090611,JD
2026-10-04T00:15:48.450015+00:00,JE010025,01,2,20261004091428,20261003225315,20261004074427,,JE
2026-10-04T00:15:48.450015+00:00,JE010032,04,3,20261004090826,20261003212736,20261003213037,20261004090702,JE
2026-10-04T00:15:48.450015+00:00,JE010044,16,3,20261004091224,20261002062943,20261002112235,20261004091212,JE
2026-10-04T00:15:48.450015+00:00,JE010053,02,2,20261004091428,20261004081449,20261004091354,,JE
2026-10-04T00:15:48.450015+00:00,JE010130,03,2,20261004090827,20261003225304,20261004004456,,JE
2026-10-04T00:15:48.450015+00:00,JE010247,04,2,20261004090827,20261004084115,20261004090636,,JE
2026-10-04T00:15:48.450015+00:00,JE010250,01,2,20261004090631,20261004075442,20261004090519,,JE
2026-10-04T00:15:48.450015+00:00,JE010253,01,2,20261004091429,20261003185324,20261004090006,,JE
2026-10-04T00:15:48.450015+00:00,JE010280,04,3,20261004091429,20261002092438,20261002101314,20261004091323,JE
2026-10-04T00:15:48.450015+00:00,JE010281,03,3,20261004090827,20261004082555,20261004083826,20261004090712,JE
2026-10-04T00:15:48.450015+00:00,JE010332,01,3,20261004091031,20261003213305,20261003220346,20261004091020,JE
2026-10-04T00:15:48.450015+00:00,JE010364,03,2,20261004091031,20261004001323,20261004090837,,JE
2026-10-04T00:15:48.450015+00:00,JE010375,01,2,20261004091225,20261004083248,20261004091214,,JE
2026-10-04T00:15:48.450015+00:00,JE040106,02,2,20261004091225,20261004080335,20261004085724,,JE
2026-10-04T00:15:48.450015+00:00,JE040108,04,3,20261004090631,20261003154002,20261003164146,20261004090449,JE
2026-10-04T00:15:48.450015+00:00,JE040108,07,2,20261004091429,20261004073253,20261004084831,,JE
2026-10-04T00:15:48.450015+00:00,JE040109,10,2,20261004091429,20261004085935,20261004085944,,JE
2026-10-04T00:15:48.450015+00:00,JE045010,01,2,20261004091032,20261004085205,20261004091013,,JE
2026-10-04T00:15:48.450015+00:00,JE900003,01,2,20261004091225,20261004081224,20261004091116,,JE
2026-10-04T00:15:48.450015+00:00,JE900050,02,2,20261004091430,20261004082354,20261004091257,,JE
2026-10-04T00:15:48.450015+00:00,JE900085,02,3,20261004091032,20261003195957,20261004024530,20261004090845,JE
2026-10-04T00:15:48.450015+00:00,JE900085,03,3,20261004090631,20261003190935,20261003225258,20261004090506,JE
2026-10-04T00:15:48.450015+00:00,JE900086,04,3,20261004091032,20261003162034,20261003224455,20261004090844,JE
2026-10-04T00:15:48.450015+00:00,JE900088,18,3,20261004090631,20260927155228,20260928050305,20261004090525,JE
2026-10-04T00:15:48.450015+00:00,JE900188,01,2,20261004091430,20261004074830,20261004091115,,JE
2026-10-04T00:15:48.450015+00:00,JE900191,01,3,20261004091226,20261004064536,20261004074138,20261004064536,JE
2026-10-04T00:15:48.450015+00:00,JE900205,02,3,20261004091032,20261004085133,20261004090656,20261004090856,JE
2026-10-04T00:15:48.450015+00:00,JE900236,01,2,20261004090632,20261004064333,20261004090611,,JE
2026-10-04T00:15:48.450015+00:00,JE900241,02,3,20261004091226,20261003105728,20261003112134,20261004091050,JE
2026-10-04T00:15:48.450015+00:00,JE900257,02,2,20261004090632,20261004064342,20261004090353,,JE
2026-10-04T00:15:48.450015+00:00,JE910034,01,2,20261004090828,20261003221305,20261004031510,,JE
2026-10-04T00:15:48.450015+00:00,KP000257,01,3,20261004091026,20261003155741,20261003164059,20261004090932,KP
2026-10-04T00:15:48.450015+00:00,KP000412,01,2,20261004091025,20261004075523,20261004084336,,KP
2026-10-04T00:15:48.450015+00:00,KP000419,01,3,20261004091026,20261003155205,20261003155405,20261004090445,KP
2026-10-04T00:15:48.450015+00:00,KP001192,02,2,20261004091023,20261003231009,20261004090338,,KP
2026-10-04T00:15:48.450015+00:00,KP001193,04,2,20261004091024,20261003150601,20261004090051,,KP
2026-10-04T00:15:48.450015+00:00,KP001199,01,2,20261004091014,20261003080655,20261003084059,,KP
2026-10-04T00:15:48.450015+00:00,KP001770,01,3,20261004091006,20261001200353,20261002012841,20261004090408,KP
2026-10-04T00:15:48.450015+00:00,LU001146,02,2,20261004091235,20261003220219,20261004091235,,LU
2026-10-04T00:15:48.450015+00:00,LU002576,06,2,20261004091058,20261003180559,20261004011052,,LU
2026-10-04T00:15:48.450015+00:00,NT100505,07,2,20261004090750,20261003180550,20261004090750,,NT
2026-10-04T00:15:48.450015+00:00,NT102712,01,3,20261004090950,20261004090950,20261004034650,20261004090950,NT
2026-10-04T00:15:48.450015+00:00,PC001630,01,2,20261004090916,20261004083149,20261004090849,,PC
2026-10-04T00:15:48.450015+00:00,PC001642,02,3,20261004090626,20261003163947,20261003165327,20261004090626,PC
2026-10-04T00:15:48.450015+00:00,PI640407,07,3,20261004091214,20261004090833,20261003122255,20261004091214,PI
2026-10-04T00:15:48.450015+00:00,PI700491,04,2,20261004090654,20261004003011,20261004090314,,PI
2026-10-04T00:15:48.450015+00:00,PI808035,01,2,20261004090816,20261004004556,20261004051510,,PI
2026-10-04T00:15:48.450015+00:00,PK000306,03,3,20261004091146,20261004073701,20261004075935,20261004090905,PK
2026-10-04T00:15:48.450015+00:00,PW013104,02,2,20261004090621,20261003193446,20261004005015,,PW
2026-10-04T00:15:48.450015+00:00,PW015362,03,2,20261004090909,20261003183417,20261004003449,,PW
2026-10-04T00:15:48.450015+00:00,PWE00739,01,2,20261004091008,20261003102208,20261004091008,,PW
2026-10-04T00:15:48.450015+00:00,RE000241,04,1,20261004090803,20261003145725,20261003191547,,RE
2026-10-04T00:15:48.450015+00:00,SOA33001,01,2,20261004091344,20261004075744,20261004075944,,SO
2026-10-04T00:15:48.450015+00:00,ST500003,02,3,20261004091232,20261004091232,20261003104433,20261001211934,ST
2026-10-04T00:15:48.450015+00:00,ST500004,02,4,20261004091318,20260905214542,20260929060134,,ST
2026-10-04T00:15:48.450015+00:00,ST501101,28,3,20261004090910,20261003122221,20261003124514,20261004090910,ST
2026-10-04T00:15:48.450015+00:00,ST600416,10,3,20261004090702,20261004090702,20261003150451,20261003110546,ST
2026-10-04T00:15:48.450015+00:00,ST600610,04,2,20261004091103,20261004090115,20261004091103,,ST
2026-10-04T00:15:48.450015+00:00,ST601331,01,2,20261004091312,20261004080110,20261004091312,,ST
2026-10-04T00:15:48.450015+00:00,ST602220,03,2,20261004091323,20261002172230,20261004035105,,ST
2026-10-04T00:15:48.450015+00:00,TDO00096,01,1,20261004091504,20260930212807,20261001052119,,TD
2026-10-04T00:15:48.450015+00:00,WJ500017,07,2,20261004090721,20261004084919,20261004090721,,WJ
2026-10-04T00:15:48.450015+00:00,WJ500017,08,2,20261004090721,20261004084919,20261004090721,,WJ
2026-10-04T00:15:48.450015+00:00,ME174046,01,2,20261004091155,20261002060817,20261002064852,,ME
2026-10-04T00:15:48.450015+00:00,ME174050,01,2,20261004091303,20261001170730,20261001170951,,ME
2026-10-04T00:15:48.450015+00:00,ME174050,02,2,20261004091332,20261003162849,20261003171514,,ME
2026-10-04T00:15:48.450015+00:00,ME174050,03,2,20261004091032,20261003052247,20261003060313,,ME
2026-10-04T00:15:48.450015+00:00,ME174050,04,2,20261004091310,20260930105634,20260930112000,,ME
2026-10-04T00:15:48.450015+00:00,ME174050,05,2,20261004091318,20261002113641,20261002121236,,ME
2026-10-04T00:15:48.450015+00:00,ME174061,01,2,20261004091105,20261003164201,20261003172520,,ME
2026-10-04T00:15:48.450015+00:00,ME174062,01,2,20261004091311,20261004062517,20261004064308,,ME
2026-10-04T00:15:48.450015+00:00,ME183101,01,2,20261004090933,20261002151207,20261002151432,,ME
2026-10-04T00:15:48.450015+00:00,ME183101,02,3,20261004091243,20261003120058,20261003122004,20261004091050,ME
2026-10-04T00:15:48.450015+00:00,ME183101,03,2,20261004091119,20261003123659,20261003132309,,ME
2026-10-04T00:15:48.450015+00:00,ME183101,04,2,20261004091246,20261002153240,20261002153551,,ME
2026-10-04T00:15:48.450015+00:00,ME183101,52,2,20261004091238,20261002115343,20261002115600,,ME
2026-10-04T00:15:48.450015+00:00,ME183101,54,2,20261004091249,20261002120136,20261002120334,,ME
2026-10-04T00:15:48.450015+00:00,ME183102,02,2,20261004091223,20261002125719,20261002132630,,ME
2026-10-04T00:15:48.450015+00:00,ME183102,52,2,20261004091232,20261002054830,20261002083559,,ME
2026-10-04T00:15:48.450015+00:00,ME184122,01,2,20261004091002,20261003093114,20261003094710,,ME
2026-10-04T00:15:48.450015+00:00,ME184124,01,2,20261004091323,20261003191824,20261003195230,,ME
2026-10-04T00:15:48.450015+00:00,ME184125,01,2,20261004091154,20261003164714,20261003171830,,ME
2026-10-04T00:15:48.450015+00:00,ME184126,02,2,20261004091148,20261003163926,20261003172552,,ME
2026-10-04T00:15:48.450015+00:00,ME18A173,01,2,20261004091036,20261003120425,20261003124732,,ME
2026-10-04T00:15:48.450015+00:00,ME18A174,01,2,20261004090946,20261003163223,20261003170434,,ME
2026-10-04T00:15:48.450015+00:00,ME18A175,01,2,20261004091034,20261003175244,20261003181559,,ME
2026-10-04T00:15:48.450015+00:00,ME18A180,01,2,20261004091112,20261003153941,20261003161136,,ME
2026-10-04T00:15:48.450015+00:00,ME18A268,11,2,20261004091122,20261003135454,20261003140309,,ME
2026-10-04T00:15:48.450015+00:00,ME18A268,12,2,20261004091118,20261003151421,20261003152525,,ME
2026-10-04T00:15:48.450015+00:00,ME18A269,11,2,20261004090939,20261003230039,20261003232738,,ME
2026-10-04T00:15:48.450015+00:00,ME18A269,12,2,20261004090934,20261003180827,20261003181808,,ME
2026-10-04T00:15:48.450015+00:00,ME18A270,11,2,20261004090935,20261002081142,20261002083239,,ME
2026-10-04T00:15:48.450015+00:00,ME18A270,12,2,20261004090937,20261002092648,20261002094617,,ME
2026-10-04T00:15:48.450015+00:00,ME18A271,01,2,20261004091404,20261003154138,20261003161603,,ME
2026-10-04T00:15:48.450015+00:00,ME18A271,02,2,20261004091048,20261001163502,20261001170516,,ME
2026-10-04T00:15:48.450015+00:00,ME18A272,11,2,20261004091127,20261003184541,20261003185609,,ME
2026-10-04T00:15:48.450015+00:00,ME18A272,12,2,20261004091122,20261003122028,20261003125158,,ME
2026-10-04T00:15:48.450015+00:00,ME18A273,11,2,20261004091256,20261003181346,20261003183941,,ME
2026-10-04T00:15:48.450015+00:00,ME18A273,12,2,20261004091303,20261004083926,20261004085223,,ME
2026-10-04T00:15:48.450015+00:00,ME18A274,11,2,20261004090951,20261003163317,20261003165830,,ME
2026-10-04T00:15:48.450015+00:00,ME18A274,12,2,20261004090947,20261003141103,20261003143441,,ME
2026-10-04T00:15:48.450015+00:00,ME18A275,11,2,20261004091020,20261003202612,20261003210648,,ME
2026-10-04T00:15:48.450015+00:00,ME18A275,12,2,20261004091027,20261004055128,20261004061621,,ME
2026-10-04T00:15:48.450015+00:00,ME18A281,11,2,20261004091316,20260930150635,20260930151317,,ME
2026-10-04T00:15:48.450015+00:00,ME18A281,12,2,20261004091407,20261004084921,20261004091406,,ME
2026-10-04T00:15:48.450015+00:00,ME18A306,01,2,20261004091329,20260930080057,20260930083747,,ME
2026-10-04T00:15:48.450015+00:00,ME18A306,11,2,20261004091324,20261002121626,20261002130155,,ME
2026-10-04T00:15:48.450015+00:00,ME18A306,12,2,20261004091327,20260928095330,20260928095457,,ME
2026-10-04T00:15:48.450015+00:00,ME19B169,01,2,20261004090927,20261003114612,20261003120027,,ME
2026-10-04T00:15:48.450015+00:00,ME19B170,01,2,20261004090939,20261003234925,20261004001518,,ME
2026-10-04T00:15:48.450015+00:00,ME19B171,01,2,20261004091347,20261002160937,20261002164937,,ME
2026-10-04T00:15:48.450015+00:00,ME19B172,01,2,20261004091403,20261002205622,20261002211300,,ME
2026-10-04T00:15:48.450015+00:00,ME19B173,01,2,20261004091134,20261004010524,20261004012555,,ME
2026-10-04T00:15:48.450015+00:00,ME19B404,23,3,20261004091316,20261004070345,20261004072016,20261004085152,ME
2026-10-04T00:15:48.450015+00:00,ME20B1e1,01,2,20261004090926,20260923131203,20260923131340,,ME
2026-10-04T00:15:48.450015+00:00,ME20B1e2,01,2,20261004091323,20261003070959,20261003074547,,ME
2026-10-04T00:15:48.450015+00:00,ME20B1e3,01,2,20261004091114,20261003172849,20261003180849,,ME
2026-10-04T00:15:48.450015+00:00,ME20B2a0,91,2,20261004091017,20261003080238,20261003083627,,ME
2026-10-04T00:15:48.450015+00:00,ME20B2a0,92,2,20261004091011,20261002111633,20261002111803,,ME
2026-10-04T00:15:48.450015+00:00,ME20B2a1,21,2,20261004090959,20260930153947,20260930161947,,ME
2026-10-04T00:15:48.450015+00:00,ME20B2a1,22,2,20261004090959,20260923104352,20260923104521,,ME
2026-10-04T00:15:48.450015+00:00,ME20B2a2,21,2,20261004091217,20261001165128,20261001165303,,ME
2026-10-04T00:15:48.450015+00:00,ME20B2a2,22,2,20261004091218,20261002070459,20261002072043,,ME
2026-10-04T00:15:48.450015+00:00,ME20B416,21,2,20261004091409,20261002093311,20261002094122,,ME
2026-10-04T00:15:48.450015+00:00,ME20B416,22,2,20261004091409,20261002170739,20261002171439,,ME
2026-10-04T00:15:48.450015+00:00,ME20B416,23,2,20261004090912,20261001153213,20261001154816,,ME
2026-10-04T00:15:48.450015+00:00,ME20B416,24,3,20261004090914,20261003173710,20261003181336,20261004085912,ME
2026-10-04T00:15:48.450015+00:00,ME20B417,41,2,20261004091259,20261001133924,20261001141346,,ME
2026-10-04T00:15:48.450015+00:00,ME20B417,42,2,20261004091323,20261003175110,20261003180846,,ME
2026-10-04T00:15:48.450015+00:00,ME20B417,43,2,20261004091329,20261002182656,20261002190656,,ME
2026-10-04T00:15:48.450015+00:00,ME20B417,44,2,20261004091324,20261003172205,20261003174044,,ME
2026-10-04T00:15:48.450015+00:00,ME21B1C9,01,2,20261004091352,20261004083341,20261004091345,,ME
2026-10-04T00:15:48.450015+00:00,ME21D060,01,3,20261004091244,20261004070327,20261004072418,20261004085626,ME
2026-10-04T00:15:48.450015+00:00,ME21D063,01,3,20261004091320,20261003192813,20261003195129,20261004091323,ME
2026-10-04T00:15:48.450015+00:00,ME21D064,01,3,20261004091233,20261003213510,20261003215937,20261004085620,ME
2026-10-04T00:15:48.450015+00:00,ME21D078,01,3,20261004091231,20261004003439,20261004011429,20261004085823,ME
2026-10-04T00:15:48.450015+00:00,ME21X008,01,2,20261004090951,20261003180002,20261003184047,,ME
2026-10-04T00:15:48.450015+00:00,ME22A611,33,3,20261004091220,20261003185542,20261003191353,20261004084200,ME
2026-10-04T00:15:48.450015+00:00,ME22C285,01,3,20261004091350,20261004080957,20261004084122,20261004085734,ME
2026-10-04T00:15:48.450015+00:00,ME22D1H1,01,2,20261004091326,20261004065628,20261004073628,,ME
2026-10-04T00:15:48.450015+00:00,ME25C181,01,2,20261004091332,20261004062119,20261004065530,,ME
2026-10-04T00:15:48.450015+00:00,ME25C182,01,4,20261004091206,20261004054525,20261004055156,,ME
2026-10-04T00:15:48.450015+00:00,ME25C281,21,2,20261004091319,20261003172235,20261003174849,,ME
2026-10-04T00:15:48.450015+00:00,ME25C281,22,2,20261004091321,20261003110251,20261003113420,,ME
2026-10-04T00:15:48.450015+00:00,ME25C318,01,2,20261004090944,20261004064716,20261004071826,,ME
2026-10-04T00:15:48.450015+00:00,ME25C318,21,4,20261004091358,20261003133942,20261003141947,,ME
2026-10-04T00:15:48.450015+00:00,ME25C318,22,2,20261004091400,20260919182628,20260919184105,,ME
2026-10-04T00:15:48.450015+00:00,ME25C431,01,2,20261004091045,20260914133046,20260914133228,,ME
2026-10-04T00:15:48.450015+00:00,ME25C431,02,2,20261004091233,20260929180949,20260929184722,,ME
2026-10-04T00:15:48.450015+00:00,ME25C431,03,2,20261004091139,20261004003358,20261004010056,,ME
2026-10-04T00:15:48.450015+00:00,ME25C431,04,2,20261004091149,20261002211435,20261002213203,,ME
2026-10-04T00:15:48.450015+00:00,BT000043,01,3,20261004091500,20261003081336,20261003082918,20261004091132,BT
2026-10-04T00:15:48.450015+00:00,CV001191,01,2,20261004091021,20261004082045,20261004090807,,CV
2026-10-04T00:15:48.450015+00:00,ER500056,01,3,20261004091400,20261003234155,20261003203937,20261004091328,ER
2026-10-04T00:15:48.450015+00:00,GR000007,04,3,20261004090811,20261003205542,20261004011204,20261004090811,GR
2026-10-04T00:15:48.450015+00:00,GR000024,04,2,20261004091458,20261003154243,20261004091452,,GR
2026-10-04T00:15:48.450015+00:00,HE230005,03,2,20261004090700,20261004085500,20261004090700,,HE
2026-10-04T00:15:48.450015+00:00,HE240455,03,3,20261004090900,20261004090900,20261004033315,20261004090900,HE
2026-10-04T00:15:48.450015+00:00,JD000095,01,3,20261004091500,20261004091500,20261004050200,20261004091500,JD
2026-10-04T00:15:48.450015+00:00,JD000123,01,5,20261004091233,20261003174114,20261004022059,,JD
2026-10-04T00:15:48.450015+00:00,JD160051,02,3,20261004091040,20261004091040,20261004073528,20261004090958,JD
2026-10-04T00:15:48.450015+00:00,JD160074,02,3,20261004091443,20261004091443,20261004051028,20261004091409,JD
2026-10-04T00:15:48.450015+00:00,JD160084,02,2,20261004090629,20261004082435,20261004090435,,JD
2026-10-04T00:15:48.450015+00:00,JE020006,01,3,20261004090631,20261003204230,20261003215737,20261004090622,JE
2026-10-04T00:15:48.450015+00:00,JE020108,04,2,20261004091031,20261004084619,20261004090844,,JE
2026-10-04T00:15:48.450015+00:00,JE020127,02,2,20261004090827,20261004061752,20261004090226,,JE
2026-10-04T00:15:48.450015+00:00,JE020137,12,2,20261004091031,20261004083806,20261004090600,,JE
2026-10-04T00:15:48.450015+00:00,JE020137,15,3,20261004090631,20261003165434,20261003205443,20261004090558,JE
2026-10-04T00:15:48.450015+00:00,JE040162,04,2,20261004091032,20261003180428,20261004090006,,JE
2026-10-04T00:15:48.450015+00:00,JE040163,01,2,20261004091225,20261003204639,20261004090644,,JE
2026-10-04T00:15:48.450015+00:00,JE900090,03,2,20261004091430,20261004022613,20261004091339,,JE
2026-10-04T00:15:48.450015+00:00,JE900199,01,3,20261004091430,20261003175051,20261003183845,20261004091400,JE
2026-10-04T00:15:48.450015+00:00,JE900199,03,3,20261004090631,20261003190128,20261003191827,20261004090540,JE
2026-10-04T00:15:48.450015+00:00,JE900199,04,3,20261004090631,20261003210619,20261003214814,20261004090603,JE
2026-10-04T00:15:48.450015+00:00,JE900216,01,3,20261004091430,20261004081337,20261004082332,20261004091341,JE
2026-10-04T00:15:48.450015+00:00,JE910043,01,3,20261004091430,20261003183503,20261003220710,20261004091350,JE
2026-10-04T00:15:48.450015+00:00,JE910044,02,2,20261004091033,20261003173832,20261004031515,,JE
2026-10-04T00:15:48.450015+00:00,JE910147,01,2,20261004091033,20261004040822,20261004090812,,JE
2026-10-04T00:15:48.450015+00:00,JE910149,01,2,20261004091431,20261003190401,20261004000042,,JE
2026-10-04T00:15:48.450015+00:00,KP000434,02,2,20261004091014,20261004084129,20261004090556,,KP
2026-10-04T00:15:48.450015+00:00,KP005450,01,2,20261004091008,20261004080143,20261004090200,,KP
2026-10-04T00:15:48.450015+00:00,PC000935,02,2,20261004091228,20261003174320,20261004074321,,PC
2026-10-04T00:15:48.450015+00:00,PI201433,02,2,20261004091330,20261004083748,20261004091023,,PI
2026-10-04T00:15:48.450015+00:00,PI640371,01,3,20261004091149,20261004091010,20261003232921,20261004091149,PI
2026-10-04T00:15:48.450015+00:00,PI700454,01,2,20261004091045,20261003174155,20261004042231,,PI
2026-10-04T00:15:48.450015+00:00,PIH01084,01,2,20261004090726,20261003203535,20261004090659,,PI
2026-10-04T00:15:48.450015+00:00,PL033566,04,2,20261004090810,20261003180535,20261004090810,,PL
2026-10-04T00:15:48.450015+00:00,PW010926,02,2,20261004091010,20261003192910,20261004052204,,PW
2026-10-04T00:15:48.450015+00:00,PW015119,02,2,20261004091320,20261003191009,20261004023122,,PW
2026-10-04T00:15:48.450015+00:00,PW015119,04,2,20261004090822,20261003204707,20261004024615,,PW
2026-10-04T00:15:48.450015+00:00,RE000243,53,1,20261004091204,20260930173750,20261001024620,,RE
2026-10-04T00:15:48.450015+00:00,ST500002,01,3,20261004091231,20261004091231,20261004080027,20261004063354,ST
2026-10-04T00:15:48.450015+00:00,TDO00002,01,1,20261004091503,20261002195444,20261003024838,,TD
2026-10-04T00:45:33.867255+00:00,ME174067,01,2,20261004094319,20261003114957,20261003115612,,ME
2026-10-04T00:45:33.867255+00:00,ME181538,01,2,20261004094205,20261003224957,20261003232458,,ME
2026-10-04T00:45:33.867255+00:00,ME181539,01,2,20261004094345,20261003073706,20261003080852,,ME
2026-10-04T00:45:33.867255+00:00,ME181541,01,2,20261004094221,20261001104110,20261001112114,,ME
2026-10-04T00:45:33.867255+00:00,ME184129,01,2,20261004094338,20261003153003,20261003161322,,ME
2026-10-04T00:45:33.867255+00:00,ME184130,01,2,20261004094345,20261003150855,20261003155217,,ME
2026-10-04T00:45:33.867255+00:00,ME184131,01,2,20261004093944,20261003071227,20261003075548,,ME
2026-10-04T00:45:33.867255+00:00,ME18A176,01,2,20261004094210,20261004081543,20261004083048,,ME
2026-10-04T00:45:33.867255+00:00,ME18A177,01,2,20261004094042,20261003180903,20261003182134,,ME
2026-10-04T00:45:33.867255+00:00,ME18A178,01,2,20261004094210,20261003171233,20261003175257,,ME
2026-10-04T00:45:33.867255+00:00,ME18A179,01,2,20261004094349,20261004073528,20261004074655,,ME
2026-10-04T00:45:33.867255+00:00,ME18A276,11,2,20261004094047,20260927190040,20260927190352,,ME
2026-10-04T00:45:33.867255+00:00,ME18A276,12,2,20261004094036,20260925101706,20260925104659,,ME
2026-10-04T00:45:33.867255+00:00,ME18A277,11,2,20261004093950,20261003201435,20261003205738,,ME
2026-10-04T00:45:33.867255+00:00,ME18A277,12,2,20261004093955,20261003155713,20261003161743,,ME
2026-10-04T00:45:33.867255+00:00,ME18A278,01,3,20261004094314,20261004083140,20261004090255,20261004091809,ME
2026-10-04T00:45:33.867255+00:00,ME18A278,02,2,20261004094109,20261003221703,20261003225743,,ME
2026-10-04T00:45:33.867255+00:00,ME18A279,11,2,20261004094031,20261003165048,20261003173208,,ME
2026-10-04T00:45:33.867255+00:00,ME18A279,12,2,20261004094026,20261003162713,20261003171242,,ME
2026-10-04T00:45:33.867255+00:00,ME18A282,11,2,20261004094400,20261004091040,20261004094356,,ME
2026-10-04T00:45:33.867255+00:00,ME18A282,12,2,20261004094246,20261003184748,20261003191944,,ME
2026-10-04T00:45:33.867255+00:00,ME18A283,11,2,20261004094408,20261002163239,20261002170837,,ME
2026-10-04T00:45:33.867255+00:00,ME18A283,12,2,20261004094406,20261004080825,20261004084258,,ME
2026-10-04T00:45:33.867255+00:00,ME18A307,01,2,20261004094020,20261003154909,20261003161139,,ME
2026-10-04T00:45:33.867255+00:00,ME18A308,01,2,20261004094359,20261003161114,20261003162740,,ME
2026-10-04T00:45:33.867255+00:00,ME18A308,11,2,20261004094327,20261003141657,20261003143931,,ME
2026-10-04T00:45:33.867255+00:00,ME18A308,12,2,20261004094325,20261002131713,20261002140015,,ME
2026-10-04T00:45:33.867255+00:00,ME18A309,01,2,20261004094131,20261004073121,20261004081428,,ME
2026-10-04T00:45:33.867255+00:00,ME18A309,11,2,20261004094323,20261004091020,20261004093704,,ME
2026-10-04T00:45:33.867255+00:00,ME18A309,12,2,20261004094328,20261004081017,20261004085418,,ME
2026-10-04T00:45:33.867255+00:00,ME19B174,11,2,20261004094334,20261004072501,20261004075210,,ME
2026-10-04T00:45:33.867255+00:00,ME19B174,12,2,20261004094338,20261003152501,20261003160805,,ME
2026-10-04T00:45:33.867255+00:00,ME19B253,21,3,20261004094301,20261003160330,20261003160835,20261004090414,ME
2026-10-04T00:45:33.867255+00:00,ME19B253,22,2,20261004093745,20261004091948,20261004093742,,ME
2026-10-04T00:45:33.867255+00:00,ME19B406,23,3,20261004094259,20261003170151,20261003172054,20261004093646,ME
2026-10-04T00:45:33.867255+00:00,ME19D126,01,2,20261004094221,20261003204812,20261003205815,,ME
2026-10-04T00:45:33.867255+00:00,ME19D127,01,2,20261004094352,20261003173512,20261003173720,,ME
2026-10-04T00:45:33.867255+00:00,ME19D128,01,2,20261004094128,20260927183731,20260927185259,,ME
2026-10-04T00:45:33.867255+00:00,ME19Y240,21,2,20261004094154,20261003183836,20261003191836,,ME
2026-10-04T00:45:33.867255+00:00,ME19Y240,22,2,20261004094203,20261004090735,20261004094204,,ME
2026-10-04T00:45:33.867255+00:00,ME19Y269,01,2,20261004094129,20261004054600,20261004062156,,ME
2026-10-04T00:45:33.867255+00:00,ME19Y269,02,2,20261004094144,20261004074053,20261004082057,,ME
2026-10-04T00:45:33.867255+00:00,ME19Y270,01,2,20261004094354,20261004075555,20261004083555,,ME
2026-10-04T00:45:33.867255+00:00,ME19Y270,02,2,20261004094118,20261003171344,20261003175344,,ME
2026-10-04T00:45:33.867255+00:00,ME19Y271,01,2,20261004094200,20261004062156,20261004070156,,ME
2026-10-04T00:45:33.867255+00:00,ME19Y271,02,2,20261004094004,20261003191609,20261003194031,,ME
2026-10-04T00:45:33.867255+00:00,ME20B1e4,01,2,20261004094024,20261004072730,20261004080504,,ME
2026-10-04T00:45:33.867255+00:00,ME20B1e5,01,2,20261004094358,20261002194050,20261002195657,,ME
2026-10-04T00:45:33.867255+00:00,ME20B1e6,91,2,20261004094136,20261003122034,20261003130034,,ME
2026-10-04T00:45:33.867255+00:00,ME20B2a3,21,2,20261004094347,20261003192815,20261003194548,,ME
2026-10-04T00:45:33.867255+00:00,ME20B2a3,22,2,20261004094347,20261002110643,20261002114025,,ME
2026-10-04T00:45:33.867255+00:00,ME20B2a4,21,2,20261004094038,20261003131347,20261003135254,,ME
2026-10-04T00:45:33.867255+00:00,ME20B2a4,22,2,20261004094038,20261003182302,20261003190302,,ME
2026-10-04T00:45:33.867255+00:00,ME20B2a5,21,2,20261004093919,20261004070329,20261004074329,,ME
2026-10-04T00:45:33.867255+00:00,ME20B2a5,22,2,20261004093919,20261003163845,20261003171845,,ME
2026-10-04T00:45:33.867255+00:00,ME20B2a6,21,2,20261004094359,20261002085825,20261002092516,,ME
2026-10-04T00:45:33.867255+00:00,ME20B2a6,22,2,20261004094359,20261003075220,20261003082923,,ME
2026-10-04T00:45:33.867255+00:00,ME20B2a7,21,2,20261004094008,20261004093031,20261004094006,,ME
2026-10-04T00:45:33.867255+00:00,ME20B2a7,22,2,20261004094003,20261004065832,20261004073832,,ME
2026-10-04T00:45:33.867255+00:00,ME20B2a8,21,2,20261004094227,20261004022110,20261004023959,,ME
2026-10-04T00:45:33.867255+00:00,ME20B2a8,22,2,20261004094227,20261004084438,20261004092438,,ME
2026-10-04T00:45:33.867255+00:00,ME20B2a9,21,2,20261004094410,20261004074219,20261004081353,,ME
2026-10-04T00:45:33.867255+00:00,ME20B2a9,22,2,20261004094410,20261004091425,20261004092241,,ME
2026-10-04T00:45:33.867255+00:00,ME20B2b0,21,2,20261004094405,20261004091605,20261004094357,,ME
2026-10-04T00:45:33.867255+00:00,ME20B2b0,22,3,20261004094202,20261004083048,20261004084143,20261004092153,ME
2026-10-04T00:45:33.867255+00:00,ME20B2b1,21,2,20261004094141,20261003184143,20261003184758,,ME
2026-10-04T00:45:33.867255+00:00,ME20B2b1,22,2,20261004094141,20261003171248,20261003173340,,ME
2026-10-04T00:45:33.867255+00:00,ME20B2b2,21,2,20261004094032,20260916145246,20260916145416,,ME
2026-10-04T00:45:33.867255+00:00,ME20B2b2,22,2,20261004094032,20260925110458,20260925114155,,ME
2026-10-04T00:45:33.867255+00:00,ME20B2b3,21,2,20261004094109,20261003203537,20261003211537,,ME
2026-10-04T00:45:33.867255+00:00,ME20B2b3,22,2,20261004094109,20261004082359,20261004083653,,ME
2026-10-04T00:45:33.867255+00:00,ME20B2b4,01,2,20261004094307,20261002092503,20261002100503,,ME
2026-10-04T00:45:33.867255+00:00,ME20B2b4,02,2,20261004094311,20261001134855,20261001142855,,ME
2026-10-04T00:45:33.867255+00:00,ME20B418,41,2,20261004093928,20261003152959,20261003160959,,ME
2026-10-04T00:45:33.867255+00:00,ME20B418,42,2,20261004093950,20261004090100,20261004093014,,ME
2026-10-04T00:45:33.867255+00:00,ME20B418,43,2,20261004094008,20261003103404,20261003105651,,ME
2026-10-04T00:45:33.867255+00:00,ME20B418,44,2,20261004093944,20261004064225,20261004070111,,ME
2026-10-04T00:45:33.867255+00:00,ME21B317,03,3,20261004094239,20261004060933,20261004063144,20261004093633,ME
2026-10-04T00:45:33.867255+00:00,ME21D088,01,3,20261004094315,20261003150353,20261003151643,20261004093309,ME
2026-10-04T00:45:33.867255+00:00,ME21D089,01,3,20261004094221,20261003161558,20261003164547,20261004093613,ME
2026-10-04T00:45:33.867255+00:00,ME21D095,01,3,20261004094313,20261004075843,20261004083858,20261004092702,ME
2026-10-04T00:45:33.867255+00:00,ME21D106,01,2,20261004094246,20261004091550,20261004094253,,ME
2026-10-04T00:45:33.867255+00:00,ME21X010,01,2,20261004094155,20261002143701,20261002144931,,ME
2026-10-04T00:45:33.867255+00:00,ME21X014,01,2,20261004094308,20261003100047,20261003104336,,ME
2026-10-04T00:45:33.867255+00:00,ME21X015,01,2,20261004094048,20261003142118,20261003143518,,ME
2026-10-04T00:45:33.867255+00:00,ME22C1F9,01,3,20261004094252,20261004040439,20261004044155,20261004091633,ME
2026-10-04T00:45:33.867255+00:00,ME22D155,01,5,20261004094349,20261003231504,20261003233448,,ME
2026-10-04T00:45:33.867255+00:00,ME22D156,01,2,20261004094209,20261004000004,20261004001107,,ME
2026-10-04T00:45:33.867255+00:00,ME22D161,01,2,20261004094045,20261003221742,20261003224650,,ME
2026-10-04T00:45:33.867255+00:00,ME22D162,01,2,20261004094324,20261004090045,20261004091924,,ME
2026-10-04T00:45:33.867255+00:00,ME22D176,01,2,20261004094016,20261003174612,20261003180907,,ME
2026-10-04T00:45:33.867255+00:00,ME22D1H0,01,2,20261004094324,20261004002242,20261004010253,,ME
2026-10-04T00:45:33.867255+00:00,ME22D219,01,2,20261004094401,20261004082809,20261004084901,,ME
2026-10-04T00:45:33.867255+00:00,ME22D219,02,2,20261004094100,20261004074013,20261004082013,,ME
2026-10-04T00:45:33.867255+00:00,ME22D235,01,2,20261004094259,20261004082230,20261004084900,,ME
2026-10-04T00:45:33.867255+00:00,ME22D235,02,3,20261004094300,20261004093210,20261004093555,20261004093710,ME
2026-10-04T00:45:33.867255+00:00,ME22D401,01,2,20261004094409,20261004074733,20261004082011,,ME
2026-10-04T00:45:33.867255+00:00,ME22D401,02,2,20261004094354,20261004000517,20261004003607,,ME
2026-10-04T00:45:33.867255+00:00,ME22D401,03,2,20261004094401,20261004080921,20261004084921,,ME
2026-10-04T00:45:33.867255+00:00,ME22D401,04,3,20261004094140,20261003234732,20261004001721,20261004093134,ME
2026-10-04T00:45:33.867255+00:00,ME25C183,01,2,20261004094052,20261001045802,20261001051029,,ME
2026-10-04T00:45:33.867255+00:00,ME25C184,01,3,20261004094324,20261003191940,20261003193506,20261004092034,ME
2026-10-04T00:45:33.867255+00:00,ME25C282,21,2,20261004094408,20261002125916,20261002133918,,ME
2026-10-04T00:45:33.867255+00:00,ME25C282,22,2,20261004094310,20261003204156,20261003210413,,ME
2026-10-04T00:45:33.867255+00:00,ME25C283,01,2,20261004093931,20261003095628,20261003101811,,ME
2026-10-04T00:45:33.867255+00:00,ME25C283,02,2,20261004094116,20261003201853,20261003205353,,ME
2026-10-04T00:45:33.867255+00:00,ME25C284,01,2,20261004094045,20260930133648,20260930141649,,ME
2026-10-04T00:45:33.867255+00:00,ME25C284,02,2,20261004094140,20261003080508,20261003084512,,ME
2026-10-04T00:45:33.867255+00:00,BE241046,02,3,20261004094340,20261004094340,20261004075407,20261004094340,BE
2026-10-04T00:45:33.867255+00:00,BE241056,01,3,20261004093628,20261004093628,20261004035538,20261004093628,BE
2026-10-04T00:45:33.867255+00:00,BE241063,01,3,20261004094314,20261004094314,20261003181228,20261004094314,BE
2026-10-04T00:45:33.867255+00:00,BE250115,02,3,20261004093920,20261004093920,20261003150217,20261004093920,BE
2026-10-04T00:45:33.867255+00:00,CHB00016,02,2,20261004094213,20261004004228,20261004004228,,CH
2026-10-04T00:45:33.867255+00:00,CV001270,02,3,20261004094023,20261004093748,20261004093749,20261004093748,CV
2026-10-04T00:45:33.867255+00:00,EO000015,01,3,20261004094000,20261004082055,20261004090014,20261004093706,EO
2026-10-04T00:45:33.867255+00:00,EV013682,02,2,20261004093632,20261003203550,20261004000707,,EV
2026-10-04T00:45:33.867255+00:00,EV015691,04,2,20261004093830,20261003174428,20261004022221,,EV
2026-10-04T00:45:33.867255+00:00,EV015692,05,3,20261004094233,20261003171529,20261003211259,20261004094125,EV
2026-10-04T00:45:33.867255+00:00,EV015694,04,2,20261004094036,20261003114833,20261003184830,,EV
2026-10-04T00:45:33.867255+00:00,EV018537,02,2,20261004093632,20261003191738,20261004030025,,EV
2026-10-04T00:45:33.867255+00:00,GR000009,01,3,20261004094030,20261002081857,20261002103014,20261004094030,GR
2026-10-04T00:45:33.867255+00:00,GR000010,03,2,20261004094305,20261004075903,20261003202956,,GR
2026-10-04T00:45:33.867255+00:00,GR000015,01,2,20261004094409,20261003210011,20261004040723,,GR
2026-10-04T00:45:33.867255+00:00,GS000032,04,3,20261004094227,20261004094227,20261003172319,20261004094227,GS
2026-10-04T00:45:33.867255+00:00,GS000117,04,3,20261004094227,20261004094227,20261004093926,20261004094227,GS
2026-10-04T00:45:33.867255+00:00,HD000018,04,2,20261004093900,20261003150333,20261003154214,,HD
2026-10-04T00:45:33.867255+00:00,HD000018,06,2,20261004094400,20261004093508,20261004094338,,HD
2026-10-04T00:45:33.867255+00:00,HE001145,01,3,20261004093600,20261004093600,20261004030400,20261004093600,HE
2026-10-04T00:45:33.867255+00:00,HE001145,02,2,20261004093700,20261004092100,20261004093700,,HE
2026-10-04T00:45:33.867255+00:00,HE230001,01,3,20261004094400,20261004094400,20261004082439,20261004094400,HE
2026-10-04T00:45:33.867255+00:00,HE230094,01,3,20261004094300,20261004094300,20261004093200,20261004094300,HE
2026-10-04T00:45:33.867255+00:00,HE240537,02,2,20261004093700,20261004090900,20261004093700,,HE
2026-10-04T00:45:33.867255+00:00,HM003000,07,2,20261004093619,20261004092044,20261004093520,,HM
2026-10-04T00:45:33.867255+00:00,HM003000,08,3,20261004094416,20261003213049,20261003214522,20261004094328,HM
2026-10-04T00:45:33.867255+00:00,HM003000,68,3,20261004093620,20261002085305,20261002181227,20261004093452,HM
2026-10-04T00:45:33.867255+00:00,HY001110,19,3,20261004094007,20261004093906,20261004071500,20261004093906,HY
2026-10-04T00:45:33.867255+00:00,JD000002,04,3,20261004093936,20261004093936,20261004090432,20261004093826,JD
2026-10-04T00:45:33.867255+00:00,JD000003,01,2,20261004093800,20261004093500,20261004093800,,JD
2026-10-04T00:45:33.867255+00:00,JD000015,01,2,20261004094400,20261003153900,20261004094400,,JD
2026-10-04T00:45:33.867255+00:00,JD000017,01,3,20261004094131,20261004094131,20261003171527,20261004094029,JD
2026-10-04T00:45:33.867255+00:00,JD000046,02,3,20261004093819,20261004093819,20261004063718,20261004093836,JD
2026-10-04T00:45:33.867255+00:00,JD000054,01,2,20261004094500,20260820114629,20260820143748,,JD
2026-10-04T00:45:33.867255+00:00,JD000061,01,2,20261004093620,20261004060056,20261004093136,,JD
2026-10-04T00:45:33.867255+00:00,JD100011,06,3,20261004093718,20261004093718,20261003223850,20261004093637,JD
2026-10-04T00:45:33.867255+00:00,JD100021,02,2,20261004093621,20261004090316,20261004093351,,JD
2026-10-04T00:45:33.867255+00:00,JD100040,01,3,20261004093718,20261004093718,20261004075131,20261004093607,JD
2026-10-04T00:45:33.867255+00:00,JD110031,01,3,20261004094321,20261004094321,20261004094128,20261004094251,JD
2026-10-04T00:45:33.867255+00:00,JD110041,02,3,20261004094219,20261004094219,20261004072051,20261004095043,JD
2026-10-04T00:45:33.867255+00:00,JD110049,01,3,20261004093718,20261004093718,20261004084410,20261004093611,JD
2026-10-04T00:45:33.867255+00:00,JD110072,01,3,20261004094219,20261004094219,20261003082700,20261004094149,JD
2026-10-04T00:45:33.867255+00:00,JD110088,01,3,20261004094432,20261004094432,20261004084920,20261004094402,JD
2026-10-04T00:45:33.867255+00:00,JD110107,02,3,20261004094132,20261004094132,20261003205412,20261004094137,JD
2026-10-04T00:45:33.867255+00:00,JD110108,02,2,20261004093718,20261004091506,20261004093458,,JD
2026-10-04T00:45:33.867255+00:00,JD110116,01,2,20261004094321,20261004090710,20261004094007,,JD
2026-10-04T00:45:33.867255+00:00,JD110124,02,3,20261004094433,20261004094433,20261004021157,20261004094335,JD
2026-10-04T00:45:33.867255+00:00,JD110124,04,3,20261004094321,20261004094321,20261003124556,20261004094310,JD
2026-10-04T00:45:33.867255+00:00,JE010040,03,3,20261004094029,20261002113944,20261002164133,20261004093907,JE
2026-10-04T00:45:33.867255+00:00,JE010044,20,3,20261004094224,20261003163949,20261003175746,20261004094137,JE
2026-10-04T00:45:33.867255+00:00,JE010051,01,2,20261004094029,20261004023625,20261004093837,,JE
2026-10-04T00:45:33.867255+00:00,JE010059,01,2,20261004093825,20261003224302,20261004093704,,JE
2026-10-04T00:45:33.867255+00:00,JE010106,01,2,20261004094423,20261004085633,20261004094338,,JE
2026-10-04T00:45:33.867255+00:00,JE010183,06,2,20261004093825,20261004062906,20261004093235,,JE
2026-10-04T00:45:33.867255+00:00,JE010208,02,3,20261004094224,20261003081058,20261003165613,20261004094222,JE
2026-10-04T00:45:33.867255+00:00,JE010214,03,2,20261004094423,20261003175549,20261003205231,,JE
2026-10-04T00:45:33.867255+00:00,JE010278,02,2,20261004094030,20261003190416,20261004093544,,JE
2026-10-04T00:45:33.867255+00:00,JE010289,06,3,20261004093628,20261002131120,20261002140503,20261004093450,JE
2026-10-04T00:45:33.867255+00:00,JE010289,08,2,20261004094030,20261004084519,20261004093932,,JE
2026-10-04T00:45:33.867255+00:00,JE010323,01,2,20261004093825,20261003181313,20261003231358,,JE
2026-10-04T00:45:33.867255+00:00,JE040113,01,3,20261004094423,20261003173903,20261003182735,20261004094344,JE
2026-10-04T00:45:33.867255+00:00,JE900039,02,3,20261004094225,20261002113642,20261002173359,20261004094128,JE
2026-10-04T00:45:33.867255+00:00,JE900159,02,3,20261004094031,20261003230319,20261004042317,20261004093929,JE
2026-10-04T00:45:33.867255+00:00,JE900229,05,2,20261004093630,20261003221132,20261004013420,,JE
2026-10-04T00:45:33.867255+00:00,JE910008,02,2,20261004093826,20261003211958,20261004001932,,JE
2026-10-04T00:45:33.867255+00:00,JE910019,01,2,20261004094425,20261003184030,20261004005525,,JE
2026-10-04T00:45:33.867255+00:00,JE910031,02,3,20261004094225,20261003192318,20261003235741,20261004094045,JE
2026-10-04T00:45:33.867255+00:00,JE910150,02,3,20261004093630,20261003103446,20261003192942,20261004093455,JE
2026-10-04T00:45:33.867255+00:00,KL001852,08,3,20261004094402,20261004094402,20261003153454,20261004094250,KL
2026-10-04T00:45:33.867255+00:00,KP000199,01,3,20261004094024,20261004085441,20261004091808,20261004093602,KP
2026-10-04T00:45:33.867255+00:00,KP000199,05,3,20261004094024,20261003184059,20261003192331,20261004093614,KP
2026-10-04T00:45:33.867255+00:00,KP001155,02,2,20261004094019,20261004031827,20261004054501,,KP
2026-10-04T00:45:33.867255+00:00,KP003043,01,3,20261004094024,20261003172046,20261003190027,20261004093018,KP
2026-10-04T00:45:33.867255+00:00,KP004697,01,3,20261004094008,20261004081156,20261004083538,20261004093043,KP
2026-10-04T00:45:33.867255+00:00,KP004698,02,3,20261004094005,20260928075907,20260928084227,20261004093332,KP
2026-10-04T00:45:33.867255+00:00,KP008135,01,2,20261004094022,20261004091513,20261004093654,,KP
2026-10-04T00:45:33.867255+00:00,NT102712,01,2,20261004093750,20261004090950,20261004093750,,NT
2026-10-04T00:45:33.867255+00:00,PC001647,01,3,20261004093801,20261004093841,20261002192310,20261004093801,PC
2026-10-04T00:45:33.867255+00:00,PI645030,15,2,20261004093729,20261003171033,20261003202812,,PI
2026-10-04T00:45:33.867255+00:00,PI753570,06,2,20261004094230,20261003190435,20261004070248,,PI
2026-10-04T00:45:33.867255+00:00,PI780220,03,2,20261004094508,20261003173047,20261004094034,,PI
2026-10-04T00:45:33.867255+00:00,PK000349,10,3,20261004094106,20261004094106,20261004092037,20261004094106,PK
2026-10-04T00:45:33.867255+00:00,PL000236,01,2,20261004094119,20261003161717,20261004094119,,PL
2026-10-04T00:45:33.867255+00:00,PL000236,18,3,20261004093842,20261004093842,20261004082506,20261004093842,PL
2026-10-04T00:45:33.867255+00:00,PL000236,21,2,20261004094131,20261003213110,20261004094131,,PL
2026-10-04T00:45:33.867255+00:00,PL027090,12,2,20261004094008,20261004093440,20261004094008,,PL
2026-10-04T00:45:33.867255+00:00,PL031496,01,3,20261004094234,20261004094234,20261003093204,20261004094234,PL
2026-10-04T00:45:33.867255+00:00,PW011957,01,2,20261004094314,20261003223342,20261004053046,,PW
2026-10-04T00:45:33.867255+00:00,PW013104,04,2,20261004093922,20261003155237,20261003190801,,PW
2026-10-04T00:45:33.867255+00:00,PWE00739,08,2,20261004093808,20261003213808,20261004093808,,PW
2026-10-04T00:45:33.867255+00:00,PWE00739,30,2,20261004093708,20261003162207,20261004093708,,PW
2026-10-04T00:45:33.867255+00:00,PWE02195,02,2,20261004093722,20261003192223,20261004093722,,PW
2026-10-04T00:45:33.867255+00:00,RE000239,14,2,20261004094202,20261004090251,20261004093942,,RE
2026-10-04T00:45:33.867255+00:00,RE000357,25,1,20261004094203,20260930213850,20261001003356,,RE
2026-10-04T00:45:33.867255+00:00,RE000357,48,3,20261004094202,20261004094202,20260922180753,20261004094102,RE
2026-10-04T00:45:33.867255+00:00,SO000018,02,3,20261004093625,20261002193725,20261002205742,20261004093625,SO
2026-10-04T00:45:33.867255+00:00,SO000117,01,2,20261004093839,20261004083522,20261004093827,,SO
2026-10-04T00:45:33.867255+00:00,SOA33001,01,1,20261004093945,20261004075744,20261004075944,,SO
2026-10-04T00:45:33.867255+00:00,ST501102,30,3,20261004094510,20261004094510,20261003183445,20261002221458,ST
2026-10-04T00:45:33.867255+00:00,ST501134,01,2,20261004094233,20261001110610,20261004094233,,ST
2026-10-04T00:45:33.867255+00:00,ST501140,03,3,20261004094436,20261004094436,20261003205109,20261003191721,ST
2026-10-04T00:45:33.867255+00:00,ST501154,04,2,20261004093651,20260915151043,20261004093344,,ST
2026-10-04T00:45:33.867255+00:00,ST501156,05,3,20261004093649,20261004093649,20261001095431,20261004093422,ST
2026-10-04T00:45:33.867255+00:00,ST501159,01,3,20261004094056,20261004094056,20261004045503,20261004034916,ST
2026-10-04T00:45:33.867255+00:00,ST501165,01,2,20261004094049,20261003002234,20261003075121,,ST
2026-10-04T00:45:33.867255+00:00,ST600416,02,3,20261004093700,20261004093700,20261003001940,20261004093346,ST
2026-10-04T00:45:33.867255+00:00,ST601107,07,2,20261004094312,20260928142930,20261004094312,,ST
2026-10-04T00:45:33.867255+00:00,TDO00056,01,3,20261004094500,20261004093620,20260927094851,20261004093620,TD
2026-10-04T00:45:33.867255+00:00,TDO00089,01,1,20261004094502,20261003221924,20261004045627,,TD
2026-10-04T00:45:33.867255+00:00,ME174046,01,2,20261004094201,20261002060817,20261002064852,,ME
2026-10-04T00:45:33.867255+00:00,ME174050,01,2,20261004094308,20261001170730,20261001170951,,ME
2026-10-04T00:45:33.867255+00:00,ME174050,02,2,20261004094337,20261003162849,20261003171514,,ME
2026-10-04T00:45:33.867255+00:00,ME174050,03,2,20261004094040,20261003052247,20261003060313,,ME
2026-10-04T00:45:33.867255+00:00,ME174050,04,2,20261004094318,20260930105634,20260930112000,,ME
2026-10-04T00:45:33.867255+00:00,ME174050,05,2,20261004094324,20261002113641,20261002121236,,ME
2026-10-04T00:45:33.867255+00:00,ME174061,01,2,20261004094111,20261003164201,20261003172520,,ME
2026-10-04T00:45:33.867255+00:00,ME174062,01,2,20261004094317,20261004062517,20261004064308,,ME
2026-10-04T00:45:33.867255+00:00,ME183101,01,2,20261004094037,20261002151207,20261002151432,,ME
2026-10-04T00:45:33.867255+00:00,ME183101,02,3,20261004094248,20261003120058,20261003122004,20261004091050,ME
2026-10-04T00:45:33.867255+00:00,ME183101,03,2,20261004094126,20261003123659,20261003132309,,ME
2026-10-04T00:45:33.867255+00:00,ME183101,04,2,20261004094252,20261002153240,20261002153551,,ME
2026-10-04T00:45:33.867255+00:00,ME183101,52,2,20261004094243,20261002115343,20261002115600,,ME
2026-10-04T00:45:33.867255+00:00,ME183101,54,2,20261004094256,20261002120136,20261002120334,,ME
2026-10-04T00:45:33.867255+00:00,ME183102,02,2,20261004094230,20261002125719,20261002132630,,ME
2026-10-04T00:45:33.867255+00:00,ME183102,52,3,20261004094312,20261002054830,20261002083559,20261004092306,ME
2026-10-04T00:45:33.867255+00:00,ME184122,01,2,20261004094009,20261003093114,20261003094710,,ME
2026-10-04T00:45:33.867255+00:00,ME184124,01,2,20261004094329,20261003191824,20261003195230,,ME
2026-10-04T00:45:33.867255+00:00,ME184125,01,2,20261004094201,20261003164714,20261003171830,,ME
2026-10-04T00:45:33.867255+00:00,ME184126,02,2,20261004094154,20261003163926,20261003172552,,ME
2026-10-04T00:45:33.867255+00:00,ME18A173,01,2,20261004094042,20261003120425,20261003124732,,ME
2026-10-04T00:45:33.867255+00:00,ME18A174,01,2,20261004093952,20261003163223,20261003170434,,ME
2026-10-04T00:45:33.867255+00:00,ME18A175,01,2,20261004094039,20261003175244,20261003181559,,ME
2026-10-04T00:45:33.867255+00:00,ME18A180,01,2,20261004094119,20261003153941,20261003161136,,ME
2026-10-04T00:45:33.867255+00:00,ME18A268,11,2,20261004094128,20261003135454,20261003140309,,ME
2026-10-04T00:45:33.867255+00:00,ME18A268,12,2,20261004094124,20261003151421,20261003152525,,ME
2026-10-04T00:45:33.867255+00:00,ME18A269,11,2,20261004093945,20261003230039,20261003232738,,ME
2026-10-04T00:45:33.867255+00:00,ME18A269,12,3,20261004094117,20261003180827,20261003181808,20261004094114,ME
2026-10-04T00:45:33.867255+00:00,ME18A270,11,2,20261004093943,20261002081142,20261002083239,,ME
2026-10-04T00:45:33.867255+00:00,ME18A270,12,2,20261004093942,20261002092648,20261002094617,,ME
2026-10-04T00:45:33.867255+00:00,ME18A271,01,2,20261004093911,20261003154138,20261003161603,,ME
2026-10-04T00:45:33.867255+00:00,ME18A271,02,2,20261004094054,20261001163502,20261001170516,,ME
2026-10-04T00:45:33.867255+00:00,ME18A272,11,2,20261004094133,20261003184541,20261003185609,,ME
2026-10-04T00:45:33.867255+00:00,ME18A272,12,2,20261004094351,20261004093603,20261004094348,,ME
2026-10-04T00:45:33.867255+00:00,ME18A273,11,2,20261004094303,20261003181346,20261003183941,,ME
2026-10-04T00:45:33.867255+00:00,ME18A273,12,2,20261004094308,20261004083926,20261004085223,,ME
2026-10-04T00:45:33.867255+00:00,ME18A274,11,2,20261004093957,20261003163317,20261003165830,,ME
2026-10-04T00:45:33.867255+00:00,ME18A274,12,2,20261004093953,20261003141103,20261003143441,,ME
2026-10-04T00:45:33.867255+00:00,ME18A275,11,3,20261004094128,20261003202612,20261003210648,20261004093126,ME
2026-10-04T00:45:33.867255+00:00,ME18A275,12,2,20261004094033,20261004055128,20261004061621,,ME
2026-10-04T00:45:33.867255+00:00,ME18A281,11,2,20261004094321,20260930150635,20260930151317,,ME
2026-10-04T00:45:33.867255+00:00,ME18A281,12,2,20261004094325,20261004084921,20261004091406,,ME
2026-10-04T00:45:33.867255+00:00,ME18A306,01,2,20261004094336,20260930080057,20260930083747,,ME
2026-10-04T00:45:33.867255+00:00,ME18A306,11,2,20261004094329,20261002121626,20261002130155,,ME
2026-10-04T00:45:33.867255+00:00,ME18A306,12,2,20261004094333,20260928095330,20260928095457,,ME
2026-10-04T00:45:33.867255+00:00,ME19B169,01,2,20261004093928,20261003114612,20261003120027,,ME
2026-10-04T00:45:33.867255+00:00,ME19B170,01,2,20261004093939,20261003234925,20261004001518,,ME
2026-10-04T00:45:33.867255+00:00,ME19B171,01,2,20261004094347,20261002160937,20261002164937,,ME
2026-10-04T00:45:33.867255+00:00,ME19B172,01,2,20261004094403,20261002205622,20261002211300,,ME
2026-10-04T00:45:33.867255+00:00,ME19B173,01,2,20261004094134,20261004010524,20261004012555,,ME
2026-10-04T00:45:33.867255+00:00,ME19B240,22,3,20261004094207,20261003201817,20261003205920,20261004094204,ME
2026-10-04T00:45:33.867255+00:00,ME19B404,22,2,20261004094244,20261002181731,20261002184054,,ME
2026-10-04T00:45:33.867255+00:00,ME20B1e1,01,2,20261004093926,20260923131203,20260923131340,,ME
2026-10-04T00:45:33.867255+00:00,ME20B1e2,01,2,20261004094323,20261003070959,20261003074547,,ME
2026-10-04T00:45:33.867255+00:00,ME20B1e3,01,2,20261004094115,20261003172849,20261003180849,,ME
2026-10-04T00:45:33.867255+00:00,ME20B2a0,91,2,20261004094017,20261003080238,20261003083627,,ME
2026-10-04T00:45:33.867255+00:00,ME20B2a0,92,2,20261004094011,20261002111633,20261002111803,,ME
2026-10-04T00:45:33.867255+00:00,ME20B2a1,21,2,20261004093959,20260930153947,20260930161947,,ME
2026-10-04T00:45:33.867255+00:00,ME20B2a1,22,2,20261004093959,20260923104352,20260923104521,,ME
2026-10-04T00:45:33.867255+00:00,ME20B2a2,21,2,20261004094217,20261001165128,20261001165303,,ME
2026-10-04T00:45:33.867255+00:00,ME20B2a2,22,2,20261004094218,20261002070459,20261002072043,,ME
2026-10-04T00:45:33.867255+00:00,ME20B416,21,2,20261004094409,20261002093311,20261002094122,,ME
2026-10-04T00:45:33.867255+00:00,ME20B416,22,2,20261004094409,20261002170739,20261002171439,,ME
2026-10-04T00:45:33.867255+00:00,ME20B416,23,2,20261004093912,20261001153213,20261001154816,,ME
2026-10-04T00:45:33.867255+00:00,ME20B416,24,2,20261004093914,20261004085912,20261004093912,,ME
2026-10-04T00:45:33.867255+00:00,ME20B417,41,2,20261004094259,20261001133924,20261001141346,,ME
2026-10-04T00:45:33.867255+00:00,ME20B417,42,2,20261004094323,20261003175110,20261003180846,,ME
2026-10-04T00:45:33.867255+00:00,ME20B417,43,2,20261004094329,20261002182656,20261002190656,,ME
2026-10-04T00:45:33.867255+00:00,ME20B417,44,2,20261004094324,20261003172205,20261003174044,,ME
2026-10-04T00:45:33.867255+00:00,ME21B410,01,2,20261004094324,20261004092617,20261004094327,,ME
2026-10-04T00:45:33.867255+00:00,ME21D057,01,3,20261004094349,20261004080147,20261004082652,20261004093345,ME
2026-10-04T00:45:33.867255+00:00,ME21D058,01,2,20261004094348,20261003121637,20261003124139,,ME
2026-10-04T00:45:33.867255+00:00,ME21D060,01,3,20261004094248,20261004092127,20261004093117,20261004094246,ME
2026-10-04T00:45:33.867255+00:00,ME21D063,01,3,20261004094348,20261003192813,20261003195129,20261004091323,ME
2026-10-04T00:45:33.867255+00:00,ME21D064,01,2,20261004093621,20261004085620,20261004093624,,ME
2026-10-04T00:45:33.867255+00:00,ME21D066,01,3,20261004094244,20261004080848,20261004083030,20261004093432,ME
2026-10-04T00:45:33.867255+00:00,ME21D070,01,2,20261004093623,20261004091914,20261004093629,,ME
2026-10-04T00:45:33.867255+00:00,ME21D072,01,3,20261004094305,20261004080745,20261004084812,20261004094104,ME
2026-10-04T00:45:33.867255+00:00,ME21D076,01,3,20261004094342,20261004074324,20261004082328,20261004092728,ME
2026-10-04T00:45:33.867255+00:00,ME21D077,01,3,20261004094332,20261003191645,20261003193742,20261004093519,ME
2026-10-04T00:45:33.867255+00:00,ME21D078,01,2,20261004094124,20261004085823,20261004094130,,ME
2026-10-04T00:45:33.867255+00:00,ME21X008,01,2,20261004093958,20261003180002,20261003184047,,ME
2026-10-04T00:45:33.867255+00:00,ME22A611,31,3,20261004094306,20261004082515,20261004085322,20261004093100,ME
2026-10-04T00:45:33.867255+00:00,ME22C285,01,2,20261004093739,20261004085734,20261004093738,,ME
2026-10-04T00:45:33.867255+00:00,ME22D1H1,01,2,20261004094326,20261004065628,20261004073628,,ME
2026-10-04T00:45:33.867255+00:00,ME25C181,01,3,20261004094331,20261004062119,20261004065530,20261004094217,ME
2026-10-04T00:45:33.867255+00:00,ME25C182,01,4,20261004094208,20261004054525,20261004055156,20261004093100,ME
2026-10-04T00:45:33.867255+00:00,ME25C281,21,2,20261004094316,20261003172235,20261003174849,,ME
2026-10-04T00:45:33.867255+00:00,ME25C281,22,2,20261004094318,20261003110251,20261003113420,,ME
2026-10-04T00:45:33.867255+00:00,ME25C318,01,2,20261004093948,20261004064716,20261004071826,,ME
2026-10-04T00:45:33.867255+00:00,ME25C318,21,4,20261004094356,20261003133942,20261003141947,,ME
2026-10-04T00:45:33.867255+00:00,ME25C318,22,2,20261004094358,20260919182628,20260919184105,,ME
2026-10-04T00:45:33.867255+00:00,ME25C431,01,2,20261004094044,20260914133046,20260914133228,,ME
2026-10-04T00:45:33.867255+00:00,ME25C431,02,2,20261004094233,20260929180949,20260929184722,,ME
2026-10-04T00:45:33.867255+00:00,ME25C431,03,2,20261004094138,20261004003358,20261004010056,,ME
2026-10-04T00:45:33.867255+00:00,ME25C431,04,2,20261004094152,20261002211435,20261002213203,,ME
2026-10-04T00:45:33.867255+00:00,EV014343,08,2,20261004093628,20261002220814,20261003032850,,EV
2026-10-04T00:45:33.867255+00:00,EV017417,03,2,20261004094036,20261003202958,20261004005845,,EV
2026-10-04T00:45:33.867255+00:00,HE230005,02,2,20261004093900,20261004091600,20261004093900,,HE
2026-10-04T00:45:33.867255+00:00,HE240395,03,9,20261004094310,20261002183730,20261002184404,,HE
2026-10-04T00:45:33.867255+00:00,HE240395,04,9,20261004094310,20261003041042,20261003044136,,HE
2026-10-04T00:45:33.867255+00:00,HE240440,08,3,20261004094500,20261004094500,20261003092235,20261004094500,HE
2026-10-04T00:45:33.867255+00:00,JD100007,02,3,20261004094321,20261004094321,20261004094128,20261004094251,JD
2026-10-04T00:45:33.867255+00:00,JD160029,01,3,20261004093621,20261004093621,20261003213711,20261004093529,JD
2026-10-04T00:45:33.867255+00:00,JD160082,01,3,20261004093621,20261004093621,20261004054321,20261004093524,JD
2026-10-04T00:45:33.867255+00:00,JE010368,07,3,20261004093825,20261003171639,20261003222850,20261004093708,JE
2026-10-04T00:45:33.867255+00:00,JE020002,02,2,20261004094030,20261003175754,20261004011232,,JE
2026-10-04T00:45:33.867255+00:00,JE020028,06,3,20261004094030,20261003100228,20261003152005,20261004093902,JE
2026-10-04T00:45:33.867255+00:00,JE020083,06,2,20261004093629,20261004084946,20261004093457,,JE
2026-10-04T00:45:33.867255+00:00,JE020104,03,2,20261004094224,20261004083220,20261004091922,,JE
2026-10-04T00:45:33.867255+00:00,JE020137,16,2,20261004094030,20261003191719,20261004093835,,JE
2026-10-04T00:45:33.867255+00:00,JE020153,01,3,20261004093629,20261003180107,20261003233217,20261004093504,JE
2026-10-04T00:45:33.867255+00:00,JE040123,11,2,20261004093825,20261003234823,20261004093642,,JE
2026-10-04T00:45:33.867255+00:00,JE040123,12,2,20261004093629,20261003192022,20261004004724,,JE
2026-10-04T00:45:33.867255+00:00,JE040158,03,3,20261004094224,20261003163246,20261003180808,20261004094151,JE
2026-10-04T00:45:33.867255+00:00,JE043004,28,3,20261004094030,20261003165028,20261003201446,20261004093904,JE
2026-10-04T00:45:33.867255+00:00,JE900107,01,3,20261004094225,20261003151132,20261003162150,20261004094118,JE
2026-10-04T00:45:33.867255+00:00,JE900130,02,3,20261004094424,20261002103141,20261002183534,20261004094354,JE
2026-10-04T00:45:33.867255+00:00,JE900187,01,3,20261004094031,20261004093512,20261004093530,20261004093845,JE
2026-10-04T00:45:33.867255+00:00,JE900198,02,2,20261004093630,20261003195129,20261004020403,,JE
2026-10-04T00:45:33.867255+00:00,JE900250,01,2,20261004094031,20261003174625,20261004040235,,JE
2026-10-04T00:45:33.867255+00:00,JE910011,01,2,20261004093826,20261003180710,20261004030200,,JE
2026-10-04T00:45:33.867255+00:00,JE910044,02,3,20261004093630,20261003173832,20261004031515,20261004093508,JE
2026-10-04T00:45:33.867255+00:00,JE910044,04,2,20261004094425,20261003183945,20261004013657,,JE
2026-10-04T00:45:33.867255+00:00,JE910128,03,2,20261004093630,20261004082555,20261004093420,,JE
2026-10-04T00:45:33.867255+00:00,JE910128,04,2,20261004094425,20261003201622,20261004005022,,JE
2026-10-04T00:45:33.867255+00:00,KP000385,01,3,20261004094024,20261003191413,20261003194622,20261004093014,KP
2026-10-04T00:45:33.867255+00:00,KP004707,03,2,20261004094012,20261004084754,20261004093326,,KP
2026-10-04T00:45:33.867255+00:00,LI000485,01,2,20261004094313,20261004092112,20261004094313,,LI
2026-10-04T00:45:33.867255+00:00,NT102700,02,2,20261004093850,20261003211350,20261004093850,,NT
2026-10-04T00:45:33.867255+00:00,PIS00777,04,9,20261004093810,20261003132343,20261003135951,,PI
2026-10-04T00:45:33.867255+00:00,PL032061,05,2,20261004094334,20261003215343,20261004094334,,PL
2026-10-04T00:45:33.867255+00:00,PW012800,02,2,20261004094415,20261004082735,20261004094331,,PW
2026-10-04T00:45:33.867255+00:00,PW015119,03,2,20261004093634,20261003164753,20261003223109,,PW
2026-10-04T00:45:33.867255+00:00,PW801237,04,2,20261004094134,20261003182252,20261003215536,,PW
2026-10-04T00:45:33.867255+00:00,ST600707,04,2,20261004093858,20261001080329,20261001160503,,ST
2026-10-04T00:45:33.867255+00:00,TDO00002,01,2,20261004094504,20261002195444,20261003024838,,TD
2026-10-04T00:45:33.867255+00:00,TDO00099,04,2,20261004094500,20261003214405,20261004033630,,TD
2026-10-04T00:45:33.867255+00:00,TDO10005,01,2,20261004094503,20261003165324,20261003170948,,TD
2026-10-04T01:00:52.995662+00:00,ME174067,01,2,20261004095822,20261003114957,20261003115612,,ME
2026-10-04T01:00:52.995662+00:00,ME181538,01,2,20261004095708,20261003224957,20261003232458,,ME
2026-10-04T01:00:52.995662+00:00,ME181539,01,2,20261004095849,20261003073706,20261003080852,,ME
2026-10-04T01:00:52.995662+00:00,ME181541,01,2,20261004095723,20261001104110,20261001112114,,ME
2026-10-04T01:00:52.995662+00:00,ME184129,01,2,20261004095841,20261003153003,20261003161322,,ME
2026-10-04T01:00:52.995662+00:00,ME184130,01,2,20261004095848,20261003150855,20261003155217,,ME
2026-10-04T01:00:52.995662+00:00,ME184131,01,2,20261004095447,20261003071227,20261003075548,,ME
2026-10-04T01:00:52.995662+00:00,ME18A176,01,2,20261004095712,20261004081543,20261004083048,,ME
2026-10-04T01:00:52.995662+00:00,ME18A177,01,2,20261004095544,20261003180903,20261003182134,,ME
2026-10-04T01:00:52.995662+00:00,ME18A178,01,2,20261004095714,20261003171233,20261003175257,,ME
2026-10-04T01:00:52.995662+00:00,ME18A179,01,2,20261004095854,20261004073528,20261004074655,,ME
2026-10-04T01:00:52.995662+00:00,ME18A276,11,2,20261004095551,20260927190040,20260927190352,,ME
2026-10-04T01:00:52.995662+00:00,ME18A276,12,2,20261004095538,20260925101706,20260925104659,,ME
2026-10-04T01:00:52.995662+00:00,ME18A277,11,2,20261004095454,20261003201435,20261003205738,,ME
2026-10-04T01:00:52.995662+00:00,ME18A277,12,2,20261004095457,20261003155713,20261003161743,,ME
2026-10-04T01:00:52.995662+00:00,ME18A278,01,2,20261004095706,20261004091809,20261004095210,,ME
2026-10-04T01:00:52.995662+00:00,ME18A278,02,2,20261004095611,20261003221703,20261003225743,,ME
2026-10-04T01:00:52.995662+00:00,ME18A279,11,2,20261004095534,20261003165048,20261003173208,,ME
2026-10-04T01:00:52.995662+00:00,ME18A279,12,2,20261004095529,20261003162713,20261003171242,,ME
2026-10-04T01:00:52.995662+00:00,ME18A282,11,2,20261004095733,20261004091040,20261004094356,,ME
2026-10-04T01:00:52.995662+00:00,ME18A282,12,2,20261004095749,20261003184748,20261003191944,,ME
2026-10-04T01:00:52.995662+00:00,ME18A283,11,2,20261004095411,20261002163239,20261002170837,,ME
2026-10-04T01:00:52.995662+00:00,ME18A283,12,2,20261004095909,20261004080825,20261004084258,,ME
2026-10-04T01:00:52.995662+00:00,ME18A307,01,2,20261004095523,20261003154909,20261003161139,,ME
2026-10-04T01:00:52.995662+00:00,ME18A308,01,2,20261004095903,20261003161114,20261003162740,,ME
2026-10-04T01:00:52.995662+00:00,ME18A308,11,2,20261004095830,20261003141657,20261003143931,,ME
2026-10-04T01:00:52.995662+00:00,ME18A308,12,2,20261004095828,20261002131713,20261002140015,,ME
2026-10-04T01:00:52.995662+00:00,ME18A309,01,2,20261004095635,20261004073121,20261004081428,,ME
2026-10-04T01:00:52.995662+00:00,ME18A309,11,2,20261004095827,20261004091020,20261004093704,,ME
2026-10-04T01:00:52.995662+00:00,ME18A309,12,2,20261004095830,20261004081017,20261004085418,,ME
2026-10-04T01:00:52.995662+00:00,ME19B174,11,2,20261004095837,20261004072501,20261004075210,,ME
2026-10-04T01:00:52.995662+00:00,ME19B174,12,2,20261004095841,20261003152501,20261003160805,,ME
2026-10-04T01:00:52.995662+00:00,ME19B249,21,2,20261004095357,20261002083652,20261002091802,,ME
2026-10-04T01:00:52.995662+00:00,ME19B249,22,2,20261004095358,20261002164004,20261002165536,,ME
2026-10-04T01:00:52.995662+00:00,ME19B405,44,3,20261004095727,20261004074721,20261004081307,20261004094717,ME
2026-10-04T01:00:52.995662+00:00,ME19B406,23,3,20261004095714,20261003170151,20261003172054,20261004093646,ME
2026-10-04T01:00:52.995662+00:00,ME19D126,01,2,20261004095721,20261003204812,20261003205815,,ME
2026-10-04T01:00:52.995662+00:00,ME19D127,01,2,20261004095852,20261003173512,20261003173720,,ME
2026-10-04T01:00:52.995662+00:00,ME19D128,01,2,20261004095628,20260927183731,20260927185259,,ME
2026-10-04T01:00:52.995662+00:00,ME19Y240,21,2,20261004095654,20261003183836,20261003191836,,ME
2026-10-04T01:00:52.995662+00:00,ME19Y240,22,2,20261004095654,20261004090735,20261004094204,,ME
2026-10-04T01:00:52.995662+00:00,ME19Y269,01,2,20261004095629,20261004054600,20261004062156,,ME
2026-10-04T01:00:52.995662+00:00,ME19Y269,02,2,20261004095644,20261004074053,20261004082057,,ME
2026-10-04T01:00:52.995662+00:00,ME19Y270,01,2,20261004095855,20261004075555,20261004083555,,ME
2026-10-04T01:00:52.995662+00:00,ME19Y270,02,2,20261004095618,20261003171344,20261003175344,,ME
2026-10-04T01:00:52.995662+00:00,ME19Y271,01,2,20261004095700,20261004062156,20261004070156,,ME
2026-10-04T01:00:52.995662+00:00,ME19Y271,02,2,20261004095503,20261003191609,20261003194031,,ME
2026-10-04T01:00:52.995662+00:00,ME20B1e4,01,2,20261004095524,20261004072730,20261004080504,,ME
2026-10-04T01:00:52.995662+00:00,ME20B1e5,01,2,20261004095858,20261002194050,20261002195657,,ME
2026-10-04T01:00:52.995662+00:00,ME20B1e6,91,2,20261004095636,20261003122034,20261003130034,,ME
2026-10-04T01:00:52.995662+00:00,ME20B2a3,21,2,20261004095847,20261003192815,20261003194548,,ME
2026-10-04T01:00:52.995662+00:00,ME20B2a3,22,2,20261004095847,20261002110643,20261002114025,,ME
2026-10-04T01:00:52.995662+00:00,ME20B2a4,21,2,20261004095538,20261003131347,20261003135254,,ME
2026-10-04T01:00:52.995662+00:00,ME20B2a4,22,2,20261004095538,20261003182302,20261003190302,,ME
2026-10-04T01:00:52.995662+00:00,ME20B2a5,21,2,20261004095419,20261004070329,20261004074329,,ME
2026-10-04T01:00:52.995662+00:00,ME20B2a5,22,2,20261004095419,20261003163845,20261003171845,,ME
2026-10-04T01:00:52.995662+00:00,ME20B2a6,21,2,20261004095859,20261002085825,20261002092516,,ME
2026-10-04T01:00:52.995662+00:00,ME20B2a6,22,2,20261004095859,20261003075220,20261003082923,,ME
2026-10-04T01:00:52.995662+00:00,ME20B2a7,21,2,20261004095503,20261004093031,20261004094006,,ME
2026-10-04T01:00:52.995662+00:00,ME20B2a7,22,3,20261004095502,20261004065832,20261004073832,20261004095502,ME
2026-10-04T01:00:52.995662+00:00,ME20B2a8,21,2,20261004095727,20261004022110,20261004023959,,ME
2026-10-04T01:00:52.995662+00:00,ME20B2a8,22,2,20261004095727,20261004084438,20261004092438,,ME
2026-10-04T01:00:52.995662+00:00,ME20B2a9,21,2,20261004095910,20261004074219,20261004081353,,ME
2026-10-04T01:00:52.995662+00:00,ME20B2a9,22,2,20261004095910,20261004091425,20261004092241,,ME
2026-10-04T01:00:52.995662+00:00,ME20B2b0,21,3,20261004095717,20261004091605,20261004094357,20261004094709,ME
2026-10-04T01:00:52.995662+00:00,ME20B2b0,22,2,20261004095733,20261004092153,20261004095110,,ME
2026-10-04T01:00:52.995662+00:00,ME20B2b1,21,2,20261004095641,20261003184143,20261003184758,,ME
2026-10-04T01:00:52.995662+00:00,ME20B2b1,22,2,20261004095641,20261003171248,20261003173340,,ME
2026-10-04T01:00:52.995662+00:00,ME20B2b2,21,2,20261004095532,20260916145246,20260916145416,,ME
2026-10-04T01:00:52.995662+00:00,ME20B2b2,22,2,20261004095532,20260925110458,20260925114155,,ME
2026-10-04T01:00:52.995662+00:00,ME20B2b3,21,2,20261004095609,20261003203537,20261003211537,,ME
2026-10-04T01:00:52.995662+00:00,ME20B2b3,22,2,20261004095609,20261004082359,20261004083653,,ME
2026-10-04T01:00:52.995662+00:00,ME20B2b4,01,2,20261004095807,20261002092503,20261002100503,,ME
2026-10-04T01:00:52.995662+00:00,ME20B2b4,02,2,20261004095811,20261001134855,20261001142855,,ME
2026-10-04T01:00:52.995662+00:00,ME20B418,41,2,20261004095428,20261003152959,20261003160959,,ME
2026-10-04T01:00:52.995662+00:00,ME20B418,42,2,20261004095451,20261004090100,20261004093014,,ME
2026-10-04T01:00:52.995662+00:00,ME20B418,43,2,20261004095508,20261003103404,20261003105651,,ME
2026-10-04T01:00:52.995662+00:00,ME20B418,44,2,20261004095444,20261004064225,20261004070111,,ME
2026-10-04T01:00:52.995662+00:00,ME21B317,01,3,20261004095830,20261004073540,20261004075911,20261004095619,ME
2026-10-04T01:00:52.995662+00:00,ME21B317,03,3,20261004095854,20261004060933,20261004063144,20261004093633,ME
2026-10-04T01:00:52.995662+00:00,ME21B409,03,2,20261004095334,20261003210840,20261003212656,,ME
2026-10-04T01:00:52.995662+00:00,ME21D088,01,2,20261004095659,20261004093309,20261004095703,,ME
2026-10-04T01:00:52.995662+00:00,ME21D089,01,3,20261004095844,20261003161558,20261003164547,20261004093613,ME
2026-10-04T01:00:52.995662+00:00,ME21D093,01,2,20261004095709,20261004032042,20261004034922,,ME
2026-10-04T01:00:52.995662+00:00,ME21D095,01,3,20261004095727,20261004075843,20261004083858,20261004092702,ME
2026-10-04T01:00:52.995662+00:00,ME21X010,01,2,20261004095658,20261002143701,20261002144931,,ME
2026-10-04T01:00:52.995662+00:00,ME21X014,01,2,20261004095808,20261003100047,20261003104336,,ME
2026-10-04T01:00:52.995662+00:00,ME21X015,01,2,20261004095549,20261003142118,20261003143518,,ME
2026-10-04T01:00:52.995662+00:00,ME22C1F9,01,2,20261004095634,20261004091633,20261004095639,,ME
2026-10-04T01:00:52.995662+00:00,ME22D155,01,5,20261004095849,20261003231504,20261003233448,,ME
2026-10-04T01:00:52.995662+00:00,ME22D156,01,2,20261004095709,20261004000004,20261004001107,,ME
2026-10-04T01:00:52.995662+00:00,ME22D161,01,2,20261004095545,20261003221742,20261003224650,,ME
2026-10-04T01:00:52.995662+00:00,ME22D162,01,2,20261004095824,20261004090045,20261004091924,,ME
2026-10-04T01:00:52.995662+00:00,ME22D176,01,2,20261004095515,20261003174612,20261003180907,,ME
2026-10-04T01:00:52.995662+00:00,ME22D1H0,01,2,20261004095824,20261004002242,20261004010253,,ME
2026-10-04T01:00:52.995662+00:00,ME22D219,01,2,20261004095901,20261004082809,20261004084901,,ME
2026-10-04T01:00:52.995662+00:00,ME22D219,02,2,20261004095601,20261004074013,20261004082013,,ME
2026-10-04T01:00:52.995662+00:00,ME22D235,01,2,20261004095759,20261004082230,20261004084900,,ME
2026-10-04T01:00:52.995662+00:00,ME22D235,02,2,20261004095843,20261004093710,20261004095431,,ME
2026-10-04T01:00:52.995662+00:00,ME22D401,01,2,20261004095908,20261004074733,20261004082011,,ME
2026-10-04T01:00:52.995662+00:00,ME22D401,02,2,20261004095854,20261004000517,20261004003607,,ME
2026-10-04T01:00:52.995662+00:00,ME22D401,03,2,20261004095901,20261004080921,20261004084921,,ME
2026-10-04T01:00:52.995662+00:00,ME22D401,04,3,20261004095642,20261003234732,20261004001721,20261004093134,ME
2026-10-04T01:00:52.995662+00:00,ME25C183,01,2,20261004095554,20261001045802,20261001051029,,ME
2026-10-04T01:00:52.995662+00:00,ME25C184,01,3,20261004095823,20261003191940,20261003193506,20261004092034,ME
2026-10-04T01:00:52.995662+00:00,ME25C282,21,2,20261004095908,20261002125916,20261002133918,,ME
2026-10-04T01:00:52.995662+00:00,ME25C282,22,2,20261004095910,20261003204156,20261003210413,,ME
2026-10-04T01:00:52.995662+00:00,ME25C283,01,2,20261004095433,20261003095628,20261003101811,,ME
2026-10-04T01:00:52.995662+00:00,ME25C283,02,2,20261004095617,20261003201853,20261003205353,,ME
2026-10-04T01:00:52.995662+00:00,ME25C284,01,2,20261004095547,20260930133648,20260930141649,,ME
2026-10-04T01:00:52.995662+00:00,ME25C284,02,2,20261004095642,20261003080508,20261003084512,,ME
2026-10-04T01:00:52.995662+00:00,BE241043,02,2,20261004095436,20261004084456,20261004095436,,BE
2026-10-04T01:00:52.995662+00:00,BE241063,06,3,20261004095500,20261004095500,20261004094631,20261004095500,BE
2026-10-04T01:00:52.995662+00:00,CV000371,02,3,20261004095517,20261004095214,20261004095221,20261004095517,CV
2026-10-04T01:00:52.995662+00:00,CV001270,02,2,20261004095522,20261004093748,20261004095511,,CV
2026-10-04T01:00:52.995662+00:00,EO000015,01,2,20261004095501,20261004093706,20261004095328,,EO
2026-10-04T01:00:52.995662+00:00,ER000226,04,2,20261004095139,20261003214003,20261003184927,,ER
2026-10-04T01:00:52.995662+00:00,EV015691,04,3,20261004095441,20261003174428,20261004022221,20261004095414,EV
2026-10-04T01:00:52.995662+00:00,EV018536,04,3,20261004095241,20261001165036,20261002022853,20261004095044,EV
2026-10-04T01:00:52.995662+00:00,GR000010,03,3,20261004095805,20261004075903,20261004095540,20261004095805,GR
2026-10-04T01:00:52.995662+00:00,GR000013,02,2,20261004095051,20261003205931,20261004015821,,GR
2026-10-04T01:00:52.995662+00:00,HE001145,01,2,20261004095200,20261004093600,20261004095200,,HE
2026-10-04T01:00:52.995662+00:00,HE192054,02,2,20261004095501,20261003150100,20261004095501,,HE
2026-10-04T01:00:52.995662+00:00,HE230094,02,2,20261004095501,20261004092900,20261004095501,,HE
2026-10-04T01:00:52.995662+00:00,HY001110,15,2,20261004095306,20261003183948,20261004095241,,HY
2026-10-04T01:00:52.995662+00:00,HY001110,21,2,20261004095105,20261003213442,20261004095031,,HY
2026-10-04T01:00:52.995662+00:00,JA500004,03,3,20261004095602,20261004095602,20261003224004,20261004095602,JA
2026-10-04T01:00:52.995662+00:00,JD000005,01,2,20261004095700,20261004085700,20261004095700,,JD
2026-10-04T01:00:52.995662+00:00,JD000054,01,2,20261004100000,20260820114629,20260820143748,,JD
2026-10-04T01:00:52.995662+00:00,JD000068,01,2,20261004095619,20261004090233,20261004094210,,JD
2026-10-04T01:00:52.995662+00:00,JD100011,06,2,20261004095329,20261004093637,20261004095212,,JD
2026-10-04T01:00:52.995662+00:00,JD100021,03,3,20261004095719,20261004095719,20261003143113,20261003135112,JD
2026-10-04T01:00:52.995662+00:00,JD100034,01,3,20261004095125,20261004095125,20260925132507,20261004095100,JD
2026-10-04T01:00:52.995662+00:00,JD110035,02,3,20261004095938,20261004095938,20261004095540,20261004095836,JD
2026-10-04T01:00:52.995662+00:00,JD110047,01,2,20261004095219,20261004090618,20261004094635,,JD
2026-10-04T01:00:52.995662+00:00,JD110075,06,2,20261004095530,20261004093323,20261004095137,,JD
2026-10-04T01:00:52.995662+00:00,JD110085,02,2,20261004095125,20261004092000,20261004094844,,JD
2026-10-04T01:00:52.995662+00:00,JD110095,01,2,20261004095720,20261004095300,20261004095327,,JD
2026-10-04T01:00:52.995662+00:00,JE010067,02,3,20261004095425,20261003215721,20261004012321,20261004095311,JE
2026-10-04T01:00:52.995662+00:00,JE010103,01,3,20261004095425,20261001182712,20261002015505,20261004095413,JE
2026-10-04T01:00:52.995662+00:00,JE010203,02,2,20261004095823,20261004084610,20261004095720,,JE
2026-10-04T01:00:52.995662+00:00,JE010214,01,3,20261004095227,20261003153541,20261003212413,20261004095147,JE
2026-10-04T01:00:52.995662+00:00,JE010216,02,3,20261004095630,20261004055141,20261004082053,20261004095455,JE
2026-10-04T01:00:52.995662+00:00,JE010250,02,3,20261004095425,20261004093937,20261004094321,20261004095402,JE
2026-10-04T01:00:52.995662+00:00,JE010281,03,3,20261004095823,20261004090712,20261004093030,20261004095646,JE
2026-10-04T01:00:52.995662+00:00,JE010281,04,2,20261004095630,20261004090743,20261004093029,,JE
2026-10-04T01:00:52.995662+00:00,JE010327,03,2,20261004095426,20261004084711,20261004095332,,JE
2026-10-04T01:00:52.995662+00:00,JE040099,01,3,20261004095824,20261003204458,20261004083934,20261004095702,JE
2026-10-04T01:00:52.995662+00:00,JE040109,07,2,20261004095824,20261003191457,20261004095731,,JE
2026-10-04T01:00:52.995662+00:00,JE900088,18,2,20261004095824,20261004090525,20261004095654,,JE
2026-10-04T01:00:52.995662+00:00,JE900190,01,2,20261004095228,20261004092713,20261004095124,,JE
2026-10-04T01:00:52.995662+00:00,JE900205,03,3,20261004095631,20261004013211,20261004021620,20261004095626,JE
2026-10-04T01:00:52.995662+00:00,JE900211,02,3,20261004095631,20261003183008,20261004054051,20261004095544,JE
2026-10-04T01:00:52.995662+00:00,JE900236,03,3,20261004095631,20261003070605,20261003145055,20261004095553,JE
2026-10-04T01:00:52.995662+00:00,JE900237,01,3,20261004095631,20261003210213,20261004035214,20261004095528,JE
2026-10-04T01:00:52.995662+00:00,JE900237,02,2,20261004095824,20261003162638,20261003210044,,JE
2026-10-04T01:00:52.995662+00:00,JE900242,02,3,20261004095229,20261003233458,20261004042206,20261004095114,JE
2026-10-04T01:00:52.995662+00:00,JE900257,02,3,20261004095824,20261004064342,20261004090353,20261004095758,JE
2026-10-04T01:00:52.995662+00:00,JE910015,01,2,20261004095229,20261004073310,20261004094132,,JE
2026-10-04T01:00:52.995662+00:00,JE910038,01,2,20261004095824,20261004012633,20261004025920,,JE
2026-10-04T01:00:52.995662+00:00,JE910053,02,2,20261004095825,20261004091555,20261004095810,,JE
2026-10-04T01:00:52.995662+00:00,JE910139,01,2,20261004095631,20261003144506,20261003224301,,JE
2026-10-04T01:00:52.995662+00:00,JE910139,04,3,20261004095631,20261003180935,20261003214920,20261004095556,JE
2026-10-04T01:00:52.995662+00:00,KP004703,01,3,20261004100009,20261004073907,20261004082131,20261004095457,KP
2026-10-04T01:00:52.995662+00:00,LU001702,11,2,20261004095930,20261003192157,20261004004311,,LU
2026-10-04T01:00:52.995662+00:00,MO501104,02,9,20261004100005,20261004100000,20261004100005,,MO
2026-10-04T01:00:52.995662+00:00,MO501106,01,9,20261004100005,20260902190154,20260902190209,,MO
2026-10-04T01:00:52.995662+00:00,MO501126,02,2,20261004100005,20261003162801,20261003162810,,MO
2026-10-04T01:00:52.995662+00:00,MO501129,01,2,20261004100005,20241216213918,20241216213918,,MO
2026-10-04T01:00:52.995662+00:00,MO501129,02,2,20261004100005,20241217202230,20241217202230,,MO
2026-10-04T01:00:52.995662+00:00,MO501143,01,2,20261004100005,20250706175600,20250706175615,,MO
2026-10-04T01:00:52.995662+00:00,MO501143,02,9,20261004100005,20241016172006,20241016172006,,MO
2026-10-04T01:00:52.995662+00:00,MO501150,01,2,20261004100005,20260930190539,20260930190540,,MO
2026-10-04T01:00:52.995662+00:00,NT102696,01,2,20261004095950,20261004065550,20261004095950,,NT
2026-10-04T01:00:52.995662+00:00,PC001639,06,2,20261004095109,20261003181559,20261004095109,,PC
2026-10-04T01:00:52.995662+00:00,PC001642,02,2,20261004095633,20261004090714,20261004092450,,PC
2026-10-04T01:00:52.995662+00:00,PIH01510,18,3,20261004095224,20261004094742,20261002162826,20261004095224,PI
2026-10-04T01:00:52.995662+00:00,PL027210,14,2,20261004095520,20261004082728,20261004095520,,PL
2026-10-04T01:00:52.995662+00:00,PW100624,04,2,20261004095508,20261003161323,20261003234354,,PW
2026-10-04T01:00:52.995662+00:00,PWE06067,23,3,20261004095810,20261004095810,20261002073109,20261004095810,PW
2026-10-04T01:00:52.995662+00:00,RE000241,20,3,20261004095203,20261004095203,20260928123457,20261004095139,RE
2026-10-04T01:00:52.995662+00:00,SF000138,42,2,20261004095442,20261003201807,20261004094852,,SF
2026-10-04T01:00:52.995662+00:00,ST601107,15,3,20261004095507,20260929080217,20260930131346,20261004095507,ST
2026-10-04T01:00:52.995662+00:00,ST602220,09,3,20261004095313,20261004095313,20261003213118,20261004094852,ST
2026-10-04T01:00:52.995662+00:00,TDO00027,01,3,20261004100004,20261004095712,20260929040451,20261004095712,TD
2026-10-04T01:00:52.995662+00:00,TDO00049,01,3,20261004100001,20261004095522,20260930175703,20261004095522,TD
2026-10-04T01:00:52.995662+00:00,TDO00056,01,2,20261004100001,20261004093620,20261004095231,,TD
2026-10-04T01:00:52.995662+00:00,TDO00089,01,2,20261004100005,20261003221924,20261004045627,,TD
2026-10-04T01:00:52.995662+00:00,TDO00090,01,1,20261004100005,20261004030019,20261004085635,,TD
2026-10-04T01:00:52.995662+00:00,ME174046,01,2,20261004095703,20261002060817,20261002064852,,ME
2026-10-04T01:00:52.995662+00:00,ME174050,01,2,20261004095812,20261001170730,20261001170951,,ME
2026-10-04T01:00:52.995662+00:00,ME174050,02,2,20261004095840,20261003162849,20261003171514,,ME
2026-10-04T01:00:52.995662+00:00,ME174050,03,2,20261004095541,20261003052247,20261003060313,,ME
2026-10-04T01:00:52.995662+00:00,ME174050,04,2,20261004095821,20260930105634,20260930112000,,ME
2026-10-04T01:00:52.995662+00:00,ME174050,05,2,20261004095826,20261002113641,20261002121236,,ME
2026-10-04T01:00:52.995662+00:00,ME174061,01,2,20261004095613,20261003164201,20261003172520,,ME
2026-10-04T01:00:52.995662+00:00,ME174062,01,2,20261004095820,20261004062517,20261004064308,,ME
2026-10-04T01:00:52.995662+00:00,ME183101,01,2,20261004095639,20261002151207,20261002151432,,ME
2026-10-04T01:00:52.995662+00:00,ME183101,02,2,20261004095752,20261004091050,20261004095545,,ME
2026-10-04T01:00:52.995662+00:00,ME183101,03,2,20261004095628,20261003123659,20261003132309,,ME
2026-10-04T01:00:52.995662+00:00,ME183101,04,2,20261004095756,20261002153240,20261002153551,,ME
2026-10-04T01:00:52.995662+00:00,ME183101,52,2,20261004095747,20261002115343,20261002115600,,ME
2026-10-04T01:00:52.995662+00:00,ME183101,54,2,20261004095759,20261002120136,20261002120334,,ME
2026-10-04T01:00:52.995662+00:00,ME183102,02,2,20261004095733,20261002125719,20261002132630,,ME
2026-10-04T01:00:52.995662+00:00,ME183102,52,2,20261004095742,20261004092306,20261004094642,,ME
2026-10-04T01:00:52.995662+00:00,ME184122,01,2,20261004095512,20261003093114,20261003094710,,ME
2026-10-04T01:00:52.995662+00:00,ME184124,01,2,20261004095831,20261003191824,20261003195230,,ME
2026-10-04T01:00:52.995662+00:00,ME184125,01,2,20261004095704,20261003164714,20261003171830,,ME
2026-10-04T01:00:52.995662+00:00,ME184126,02,2,20261004095656,20261003163926,20261003172552,,ME
2026-10-04T01:00:52.995662+00:00,ME18A173,01,2,20261004095545,20261003120425,20261003124732,,ME
2026-10-04T01:00:52.995662+00:00,ME18A174,01,2,20261004095454,20261003163223,20261003170434,,ME
2026-10-04T01:00:52.995662+00:00,ME18A175,01,2,20261004095543,20261003175244,20261003181559,,ME
2026-10-04T01:00:52.995662+00:00,ME18A180,01,2,20261004095621,20261003153941,20261003161136,,ME
2026-10-04T01:00:52.995662+00:00,ME18A268,11,2,20261004095632,20261003135454,20261003140309,,ME
2026-10-04T01:00:52.995662+00:00,ME18A268,12,2,20261004095628,20261003151421,20261003152525,,ME
2026-10-04T01:00:52.995662+00:00,ME18A269,11,2,20261004095448,20261003230039,20261003232738,,ME
2026-10-04T01:00:52.995662+00:00,ME18A269,12,3,20261004095620,20261003180827,20261003181808,20261004094114,ME
2026-10-04T01:00:52.995662+00:00,ME18A270,11,2,20261004095444,20261002081142,20261002083239,,ME
2026-10-04T01:00:52.995662+00:00,ME18A270,12,2,20261004095446,20261002092648,20261002094617,,ME
2026-10-04T01:00:52.995662+00:00,ME18A271,01,2,20261004095415,20261003154138,20261003161603,,ME
2026-10-04T01:00:52.995662+00:00,ME18A271,02,2,20261004095558,20261001163502,20261001170516,,ME
2026-10-04T01:00:52.995662+00:00,ME18A272,11,3,20261004095636,20261003184541,20261003185609,20261004095618,ME
2026-10-04T01:00:52.995662+00:00,ME18A272,12,2,20261004095632,20261004093603,20261004094348,,ME
2026-10-04T01:00:52.995662+00:00,ME18A273,11,2,20261004095806,20261003181346,20261003183941,,ME
2026-10-04T01:00:52.995662+00:00,ME18A273,12,2,20261004095811,20261004083926,20261004085223,,ME
2026-10-04T01:00:52.995662+00:00,ME18A274,11,2,20261004095500,20261003163317,20261003165830,,ME
2026-10-04T01:00:52.995662+00:00,ME18A274,12,2,20261004095455,20261003141103,20261003143441,,ME
2026-10-04T01:00:52.995662+00:00,ME18A275,11,3,20261004095631,20261003202612,20261003210648,20261004093126,ME
2026-10-04T01:00:52.995662+00:00,ME18A275,12,2,20261004095536,20261004055128,20261004061621,,ME
2026-10-04T01:00:52.995662+00:00,ME18A281,11,2,20261004095824,20260930150635,20260930151317,,ME
2026-10-04T01:00:52.995662+00:00,ME18A281,12,2,20261004095829,20261004084921,20261004091406,,ME
2026-10-04T01:00:52.995662+00:00,ME18A306,01,2,20261004095839,20260930080057,20260930083747,,ME
2026-10-04T01:00:52.995662+00:00,ME18A306,11,2,20261004095833,20261002121626,20261002130155,,ME
2026-10-04T01:00:52.995662+00:00,ME18A306,12,2,20261004095836,20260928095330,20260928095457,,ME
2026-10-04T01:00:52.995662+00:00,ME19B169,01,2,20261004095428,20261003114612,20261003120027,,ME
2026-10-04T01:00:52.995662+00:00,ME19B170,01,2,20261004095439,20261003234925,20261004001518,,ME
2026-10-04T01:00:52.995662+00:00,ME19B171,01,2,20261004095847,20261002160937,20261002164937,,ME
2026-10-04T01:00:52.995662+00:00,ME19B172,01,2,20261004095903,20261002205622,20261002211300,,ME
2026-10-04T01:00:52.995662+00:00,ME19B173,01,2,20261004095634,20261004010524,20261004012555,,ME
2026-10-04T01:00:52.995662+00:00,ME19B240,22,3,20261004095849,20261003201817,20261003205920,20261004094204,ME
2026-10-04T01:00:52.995662+00:00,ME19B241,21,3,20261004095725,20261003093614,20261003100301,20261004095318,ME
2026-10-04T01:00:52.995662+00:00,ME19B241,22,2,20261004095300,20261003080202,20261003084208,,ME
2026-10-04T01:00:52.995662+00:00,ME19B404,24,3,20261004095907,20261003160134,20261003182130,20261004094416,ME
2026-10-04T01:00:52.995662+00:00,ME20B1e1,01,2,20261004095426,20260923131203,20260923131340,,ME
2026-10-04T01:00:52.995662+00:00,ME20B1e2,01,2,20261004095823,20261003070959,20261003074547,,ME
2026-10-04T01:00:52.995662+00:00,ME20B1e3,01,2,20261004095615,20261003172849,20261003180849,,ME
2026-10-04T01:00:52.995662+00:00,ME20B2a0,91,2,20261004095517,20261003080238,20261003083627,,ME
2026-10-04T01:00:52.995662+00:00,ME20B2a0,92,2,20261004095511,20261002111633,20261002111803,,ME
2026-10-04T01:00:52.995662+00:00,ME20B2a1,21,2,20261004095459,20260930153947,20260930161947,,ME
2026-10-04T01:00:52.995662+00:00,ME20B2a1,22,2,20261004095459,20260923104352,20260923104521,,ME
2026-10-04T01:00:52.995662+00:00,ME20B2a2,21,2,20261004095718,20261001165128,20261001165303,,ME
2026-10-04T01:00:52.995662+00:00,ME20B2a2,22,2,20261004095718,20261002070459,20261002072043,,ME
2026-10-04T01:00:52.995662+00:00,ME20B416,21,2,20261004095909,20261002093311,20261002094122,,ME
2026-10-04T01:00:52.995662+00:00,ME20B416,22,2,20261004095909,20261002170739,20261002171439,,ME
2026-10-04T01:00:52.995662+00:00,ME20B416,23,2,20261004095412,20261001153213,20261001154816,,ME
2026-10-04T01:00:52.995662+00:00,ME20B416,24,2,20261004095412,20261004085912,20261004093912,,ME
2026-10-04T01:00:52.995662+00:00,ME20B417,41,2,20261004095759,20261001133924,20261001141346,,ME
2026-10-04T01:00:52.995662+00:00,ME20B417,42,2,20261004095823,20261003175110,20261003180846,,ME
2026-10-04T01:00:52.995662+00:00,ME20B417,43,2,20261004095829,20261002182656,20261002190656,,ME
2026-10-04T01:00:52.995662+00:00,ME20B417,44,2,20261004095824,20261003172205,20261003174044,,ME
2026-10-04T01:00:52.995662+00:00,ME21B250,02,2,20261004095318,20261004000045,20261004004058,,ME
2026-10-04T01:00:52.995662+00:00,ME21D057,01,2,20261004095718,20261004080147,20261004082652,,ME
2026-10-04T01:00:52.995662+00:00,ME21D060,01,3,20261004095904,20261004092127,20261004093117,20261004094246,ME
2026-10-04T01:00:52.995662+00:00,ME21D063,01,2,20261004095146,20261004091323,20261004095149,,ME
2026-10-04T01:00:52.995662+00:00,ME21D066,01,2,20261004095739,20261004093432,20261004095735,,ME
2026-10-04T01:00:52.995662+00:00,ME21D067,01,3,20261004095746,20261003121025,20261003125047,20261004095347,ME
2026-10-04T01:00:52.995662+00:00,ME21D071,01,2,20261004095901,20261004081551,20261004082413,,ME
2026-10-04T01:00:52.995662+00:00,ME21D072,01,3,20261004095719,20261004080745,20261004084812,20261004094104,ME
2026-10-04T01:00:52.995662+00:00,ME21D077,01,2,20261004095855,20261004093519,20261004095849,,ME
2026-10-04T01:00:52.995662+00:00,ME21X008,01,3,20261004095500,20261003180002,20261003184047,,ME
2026-10-04T01:00:52.995662+00:00,ME22A611,31,3,20261004095719,20261004082515,20261004085322,20261004093100,ME
2026-10-04T01:00:52.995662+00:00,ME22D1H1,01,2,20261004095826,20261004065628,20261004073628,,ME
2026-10-04T01:00:52.995662+00:00,ME25C181,01,2,20261004095832,20261004094217,20261004095425,,ME
2026-10-04T01:00:52.995662+00:00,ME25C182,01,4,20261004095709,20261004054525,20261004055156,20261004093100,ME
2026-10-04T01:00:52.995662+00:00,ME25C281,21,2,20261004095823,20261003172235,20261003174849,,ME
2026-10-04T01:00:52.995662+00:00,ME25C281,22,2,20261004095825,20261003110251,20261003113420,,ME
2026-10-04T01:00:52.995662+00:00,ME25C318,01,2,20261004095448,20261004064716,20261004071826,,ME
2026-10-04T01:00:52.995662+00:00,ME25C318,21,4,20261004095900,20261003133942,20261003141947,,ME
2026-10-04T01:00:52.995662+00:00,ME25C318,22,2,20261004095902,20260919182628,20260919184105,,ME
2026-10-04T01:00:52.995662+00:00,ME25C431,01,2,20261004095545,20260914133046,20260914133228,,ME
2026-10-04T01:00:52.995662+00:00,ME25C431,02,2,20261004095738,20260929180949,20260929184722,,ME
2026-10-04T01:00:52.995662+00:00,ME25C431,03,2,20261004095643,20261004003358,20261004010056,,ME
2026-10-04T01:00:52.995662+00:00,ME25C431,04,2,20261004095649,20261002211435,20261002213203,,ME
2026-10-04T01:00:52.995662+00:00,BE241036,01,3,20261004095731,20261004095731,20261004095731,20261004095731,BE
2026-10-04T01:00:52.995662+00:00,BE241041,02,3,20261004095816,20261004095816,20261003172902,20261004095816,BE
2026-10-04T01:00:52.995662+00:00,EV014343,07,2,20261004095441,20261003183410,20261003205700,,EV
2026-10-04T01:00:52.995662+00:00,HE000028,01,3,20261004095501,20261004095501,20261003153100,20261004095501,HE
2026-10-04T01:00:52.995662+00:00,HE000044,03,3,20261004095200,20261004095200,20261003210800,20261004095200,HE
2026-10-04T01:00:52.995662+00:00,HE230005,01,3,20261004095300,20261004095300,20261003143344,20261004095300,HE
2026-10-04T01:00:52.995662+00:00,HE240280,01,3,20261004095400,20261004095400,20261003031829,20261004095400,HE
2026-10-04T01:00:52.995662+00:00,HE240435,10,2,20261004095501,20261004082401,20261004095501,,HE
2026-10-04T01:00:52.995662+00:00,HE240440,08,2,20261004095700,20261004094500,20261004095700,,HE
2026-10-04T01:00:52.995662+00:00,JD100007,02,2,20261004095219,20261004094251,20261004095117,,JD
2026-10-04T01:00:52.995662+00:00,JD100031,01,3,20261004095433,20261004095433,20261002211156,20261004095316,JD
2026-10-04T01:00:52.995662+00:00,JD160010,01,3,20261004095619,20261004095619,20261003203843,20261003200841,JD
2026-10-04T01:00:52.995662+00:00,JD160029,01,2,20261004095434,20261004093529,20261004095119,,JD
2026-10-04T01:00:52.995662+00:00,JD160075,01,2,20261004095434,20261004095028,20261004095035,,JD
2026-10-04T01:00:52.995662+00:00,JD160091,01,2,20261004095823,20261004091746,20261004095746,,JD
2026-10-04T01:00:52.995662+00:00,JE020002,16,2,20261004095823,20261004094907,20261004095740,,JE
2026-10-04T01:00:52.995662+00:00,JE020091,03,2,20261004095823,20261004073757,20261004095528,,JE
2026-10-04T01:00:52.995662+00:00,JE020100,08,2,20261004095426,20261004070759,20261004095414,,JE
2026-10-04T01:00:52.995662+00:00,JE020126,01,2,20261004095228,20261004085036,20261004094734,,JE
2026-10-04T01:00:52.995662+00:00,JE020149,01,3,20261004095426,20261003201744,20261004045250,20261004095239,JE
2026-10-04T01:00:52.995662+00:00,JE040064,01,2,20261004095228,20261003191607,20261003195455,,JE
2026-10-04T01:00:52.995662+00:00,JE040123,16,3,20261004095824,20261003165536,20261003234140,20261004095817,JE
2026-10-04T01:00:52.995662+00:00,JE040162,01,3,20261004095228,20261003151638,20261004060005,20261004095114,JE
2026-10-04T01:00:52.995662+00:00,JE910128,01,2,20261004095631,20261003203741,20261004064423,,JE
2026-10-04T01:00:52.995662+00:00,KE001385,02,2,20261004095259,20261004082431,20261004095220,,KE
2026-10-04T01:00:52.995662+00:00,MO501319,01,9,20261004100005,20260221113134,20260221113140,,MO
2026-10-04T01:00:52.995662+00:00,MO501319,02,2,20261004100005,20260114160320,20260114160326,,MO
2026-10-04T01:00:52.995662+00:00,MO501328,01,2,20261004100005,20251012210231,20251012210247,,MO
2026-10-04T01:00:52.995662+00:00,PI640358,01,3,20261004095128,20261004094922,20261003190727,20261004095128,PI
2026-10-04T01:00:52.995662+00:00,PIH01084,16,2,20261004095224,20261003145918,20261004095201,,PI
2026-10-04T01:00:52.995662+00:00,PIH01495,01,3,20261004095212,20261004094710,20261002122345,20261004095212,PI
2026-10-04T01:00:52.995662+00:00,PIS00777,04,2,20261004095827,20261003132343,20261003135951,,PI
2026-10-04T01:00:52.995662+00:00,PL032061,04,2,20261004095921,20261003155351,20261004095921,,PL
2026-10-04T01:00:52.995662+00:00,PW100561,09,2,20261004095506,20261003133734,20261003160749,,PW
2026-10-04T01:00:52.995662+00:00,PW100795,09,2,20261004095208,20261003151508,20261003223037,,PW
2026-10-04T01:00:52.995662+00:00,RE000243,10,2,20261004095403,20261003185405,20261003233633,,RE
2026-10-04T01:00:52.995662+00:00,ST600707,03,3,20261004095100,20261004095100,20261003142028,20261003123643,ST
2026-10-04T01:00:52.995662+00:00,TDO00011,05,3,20261004100003,20261004094603,20261003123753,20261004094603,TD
2026-10-04T01:00:52.995662+00:00,TDO00057,01,2,20261004100003,20261003191210,20261003215420,,TD
