fetched_at,statId,chgerId,stat,statUpdDt,lastTsdt,lastTedt,nowTsdt,busiId
2026-10-07T00:02:37.198292+00:00,ME174067,01,2,20261007085740,20261006103354,20261006110330,,ME
2026-10-07T00:02:37.198292+00:00,ME181538,01,2,20261007085635,20261006212218,20261006212944,,ME
2026-10-07T00:02:37.198292+00:00,ME181539,01,2,20261007085813,20261006203339,20261006211418,,ME
2026-10-07T00:02:37.198292+00:00,ME181541,01,2,20261007085904,20261005181705,20261005185708,,ME
2026-10-07T00:02:37.198292+00:00,ME184129,01,2,20261007085802,20261003153003,20261003161322,,ME
2026-10-07T00:02:37.198292+00:00,ME184130,01,2,20261007085804,20261007063634,20261007064838,,ME
2026-10-07T00:02:37.198292+00:00,ME184131,01,2,20261007085905,20261007081245,20261007085051,,ME
2026-10-07T00:02:37.198292+00:00,ME18A176,01,2,20261007085634,20261006224926,20261006230021,,ME
2026-10-07T00:02:37.198292+00:00,ME18A177,01,2,20261007085708,20261006123523,20261006130052,,ME
2026-10-07T00:02:37.198292+00:00,ME18A178,01,2,20261007085637,20261005164341,20261005170217,,ME
2026-10-07T00:02:37.198292+00:00,ME18A179,01,2,20261007085604,20261006090217,20261006091807,,ME
2026-10-07T00:02:37.198292+00:00,ME18A276,11,2,20261007090005,20260927190040,20260927190352,,ME
2026-10-07T00:02:37.198292+00:00,ME18A276,12,2,20261007085955,20260925101706,20260925104659,,ME
2026-10-07T00:02:37.198292+00:00,ME18A277,11,2,20261007085908,20261007081048,20261007082323,,ME
2026-10-07T00:02:37.198292+00:00,ME18A277,12,2,20261007085914,20261006191856,20261006195632,,ME
2026-10-07T00:02:37.198292+00:00,ME18A278,01,2,20261007090051,20261007080600,20261007081805,,ME
2026-10-07T00:02:37.198292+00:00,ME18A278,02,2,20261007090035,20261007083420,20261007084246,,ME
2026-10-07T00:02:37.198292+00:00,ME18A279,11,2,20261007085949,20261005154501,20261005162806,,ME
2026-10-07T00:02:37.198292+00:00,ME18A279,12,2,20261007085943,20261007070524,20261007074019,,ME
2026-10-07T00:02:37.198292+00:00,ME18A282,11,2,20261007085651,20261007072925,20261007080119,,ME
2026-10-07T00:02:37.198292+00:00,ME18A282,12,2,20261007085706,20261006173419,20261006174154,,ME
2026-10-07T00:02:37.198292+00:00,ME18A283,11,2,20261007085825,20261007080047,20261007084350,,ME
2026-10-07T00:02:37.198292+00:00,ME18A283,12,2,20261007085817,20261004080825,20261004084258,,ME
2026-10-07T00:02:37.198292+00:00,ME18A307,01,2,20261007090104,20261006131935,20261006134620,,ME
2026-10-07T00:02:37.198292+00:00,ME18A308,01,3,20261007090049,20261006154115,20261006155800,20261007090047,ME
2026-10-07T00:02:37.198292+00:00,ME18A308,11,2,20261007085745,20261005140606,20261005143350,,ME
2026-10-07T00:02:37.198292+00:00,ME18A308,12,2,20261007085748,20261006121919,20261006122945,,ME
2026-10-07T00:02:37.198292+00:00,ME18A309,01,2,20261007090059,20261006214847,20261006220937,,ME
2026-10-07T00:02:37.198292+00:00,ME18A309,11,2,20261007085747,20261006200044,20261006204242,,ME
2026-10-07T00:02:37.198292+00:00,ME18A309,12,2,20261007085903,20261007082008,20261007085858,,ME
2026-10-07T00:02:37.198292+00:00,ME19B174,11,2,20261007085755,20261007023843,20261007030322,,ME
2026-10-07T00:02:37.198292+00:00,ME19B174,12,2,20261007085757,20261007075917,20261007082329,,ME
2026-10-07T00:02:37.198292+00:00,ME19B243,21,3,20261007085932,20261006124444,20261006130806,20261007085920,ME
2026-10-07T00:02:37.198292+00:00,ME19B246,21,3,20261007090043,20261007023058,20261007031105,20261007090037,ME
2026-10-07T00:02:37.198292+00:00,ME19B250,21,2,20261007090023,20261007085236,20261007090022,,ME
2026-10-07T00:02:37.198292+00:00,ME19B253,21,3,20261007090032,20261006164923,20261006165149,20261007085418,ME
2026-10-07T00:02:37.198292+00:00,ME19D126,01,2,20261007085721,20261007074159,20261007081549,,ME
2026-10-07T00:02:37.198292+00:00,ME19D127,01,2,20261007085851,20261006075300,20261006083300,,ME
2026-10-07T00:02:37.198292+00:00,ME19D128,01,2,20261007085629,20260927183731,20260927185259,,ME
2026-10-07T00:02:37.198292+00:00,ME19Y240,21,2,20261007085653,20261007062201,20261007070201,,ME
2026-10-07T00:02:37.198292+00:00,ME19Y240,22,2,20261007085653,20261007071139,20261007073441,,ME
2026-10-07T00:02:37.198292+00:00,ME19Y269,01,2,20261007085653,20261006214518,20261006222518,,ME
2026-10-07T00:02:37.198292+00:00,ME19Y269,02,3,20261007085816,20261006180525,20261006184529,20261007083309,ME
2026-10-07T00:02:37.198292+00:00,ME19Y270,01,2,20261007085914,20261007080122,20261007084122,,ME
2026-10-07T00:02:37.198292+00:00,ME19Y270,02,2,20261007085636,20261007064731,20261007071715,,ME
2026-10-07T00:02:37.198292+00:00,ME19Y271,01,2,20261007085715,20261006180848,20261006184848,,ME
2026-10-07T00:02:37.198292+00:00,ME19Y271,02,2,20261007090015,20261007071303,20261007075303,,ME
2026-10-07T00:02:37.198292+00:00,ME20B1e4,01,2,20261007090054,20261007071305,20261007072409,,ME
2026-10-07T00:02:37.198292+00:00,ME20B1e5,01,2,20261007085904,20261006174200,20261006181256,,ME
2026-10-07T00:02:37.198292+00:00,ME20B1e6,91,2,20261007085646,20261007080603,20261007084603,,ME
2026-10-07T00:02:37.198292+00:00,ME20B2a3,21,2,20261007085953,20261006125950,20261006130120,,ME
2026-10-07T00:02:37.198292+00:00,ME20B2a3,22,2,20261007085953,20261006130221,20261006130352,,ME
2026-10-07T00:02:37.198292+00:00,ME20B2a4,21,2,20261007090047,20261006213440,20261006220720,,ME
2026-10-07T00:02:37.198292+00:00,ME20B2a4,22,2,20261007090048,20261007053508,20261007061508,,ME
2026-10-07T00:02:37.198292+00:00,ME20B2a5,21,2,20261007085927,20261006173218,20261006175519,,ME
2026-10-07T00:02:37.198292+00:00,ME20B2a5,22,2,20261007085927,20261006210022,20261006213538,,ME
2026-10-07T00:02:37.198292+00:00,ME20B2a6,21,2,20261007085910,20261002085825,20261002092516,,ME
2026-10-07T00:02:37.198292+00:00,ME20B2a6,22,2,20261007085910,20261006212930,20261006220930,,ME
2026-10-07T00:02:37.198292+00:00,ME20B2a7,21,2,20261007090012,20261006211831,20261006215831,,ME
2026-10-07T00:02:37.198292+00:00,ME20B2a7,22,2,20261007090012,20261006205622,20261006211558,,ME
2026-10-07T00:02:37.198292+00:00,ME20B2a8,21,2,20261007085804,20261006200926,20261006204926,,ME
2026-10-07T00:02:37.198292+00:00,ME20B2a8,22,2,20261007085804,20261007072421,20261007074703,,ME
2026-10-07T00:02:37.198292+00:00,ME20B2a9,21,2,20261007085803,20261006180949,20261006184331,,ME
2026-10-07T00:02:37.198292+00:00,ME20B2a9,22,3,20261007085702,20261007001837,20261007004513,20261007085702,ME
2026-10-07T00:02:37.198292+00:00,ME20B2b0,21,5,20261007085812,20261005143505,20261005150342,,ME
2026-10-07T00:02:37.198292+00:00,ME20B2b0,22,2,20261007085812,20261005175606,20261005182530,,ME
2026-10-07T00:02:37.198292+00:00,ME20B2b1,21,2,20261007090035,20261006150609,20261006154609,,ME
2026-10-07T00:02:37.198292+00:00,ME20B2b1,22,2,20261007090035,20261006123249,20261006130718,,ME
2026-10-07T00:02:37.198292+00:00,ME20B2b2,21,2,20261007090040,20260916145246,20260916145416,,ME
2026-10-07T00:02:37.198292+00:00,ME20B2b2,22,2,20261007090041,20260925110458,20260925114155,,ME
2026-10-07T00:02:37.198292+00:00,ME20B2b3,21,2,20261007085618,20261006153025,20261006161025,,ME
2026-10-07T00:02:37.198292+00:00,ME20B2b3,22,2,20261007085618,20261007065135,20261007073135,,ME
2026-10-07T00:02:37.198292+00:00,ME20B2b4,01,2,20261007085816,20261002092503,20261002100503,,ME
2026-10-07T00:02:37.198292+00:00,ME20B2b4,02,3,20261007090106,20261001134855,20261001142855,20261007084600,ME
2026-10-07T00:02:37.198292+00:00,ME20B418,41,2,20261007085928,20261006174819,20261006180320,,ME
2026-10-07T00:02:37.198292+00:00,ME20B418,42,2,20261007085953,20261007083015,20261007084420,,ME
2026-10-07T00:02:37.198292+00:00,ME20B418,43,2,20261007090008,20261006140840,20261006144840,,ME
2026-10-07T00:02:37.198292+00:00,ME20B418,44,2,20261007085946,20261006191741,20261006194638,,ME
2026-10-07T00:02:37.198292+00:00,ME21D081,01,3,20261007090049,20261006215720,20261006223653,20261007084031,ME
2026-10-07T00:02:37.198292+00:00,ME21D083,01,3,20261007085913,20261007075950,20261007080625,20261007085501,ME
2026-10-07T00:02:37.198292+00:00,ME21D085,01,3,20261007090103,20261007012128,20261007014202,20261007085059,ME
2026-10-07T00:02:37.198292+00:00,ME21D087,01,3,20261007090103,20261006100947,20261006102850,20261007083034,ME
2026-10-07T00:02:37.198292+00:00,ME21D092,01,3,20261007090013,20261007065925,20261007070655,20261007083339,ME
2026-10-07T00:02:37.198292+00:00,ME21D093,01,3,20261007090034,20261007080847,20261007083719,20261007090040,ME
2026-10-07T00:02:37.198292+00:00,ME21D094,01,3,20261007090044,20261006145615,20261006153621,20261007084229,ME
2026-10-07T00:02:37.198292+00:00,ME21D095,01,3,20261007085929,20261007004608,20261007010438,20261007085727,ME
2026-10-07T00:02:37.198292+00:00,ME21D102,01,3,20261007090101,20261007081825,20261007083901,20261007084046,ME
2026-10-07T00:02:37.198292+00:00,ME21D103,01,3,20261007085949,20261007022142,20261007030327,20261007083114,ME
2026-10-07T00:02:37.198292+00:00,ME21X010,01,2,20261007085618,20261007083908,20261007084254,,ME
2026-10-07T00:02:37.198292+00:00,ME21X014,01,2,20261007085746,20261006154959,20261006155114,,ME
2026-10-07T00:02:37.198292+00:00,ME21X015,01,3,20261007085610,20261007045654,20261007052317,20261007054716,ME
2026-10-07T00:02:37.198292+00:00,ME22D155,01,2,20261007085926,20261007075401,20261007083401,,ME
2026-10-07T00:02:37.198292+00:00,ME22D156,01,2,20261007085734,20261006212118,20261006220118,,ME
2026-10-07T00:02:37.198292+00:00,ME22D161,01,3,20261007085946,20261006203143,20261006211151,20261007082935,ME
2026-10-07T00:02:37.198292+00:00,ME22D162,01,2,20261007085856,20261006185710,20261006191856,,ME
2026-10-07T00:02:37.198292+00:00,ME22D176,01,5,20261007090049,20261005160320,20261005164320,,ME
2026-10-07T00:02:37.198292+00:00,ME22D1H0,01,3,20261007085816,20261006190229,20261006193547,20261007085303,ME
2026-10-07T00:02:37.198292+00:00,ME22D219,01,2,20261007085931,20261006200952,20261006204952,,ME
2026-10-07T00:02:37.198292+00:00,ME22D219,02,2,20261007085628,20261006112556,20261006120556,,ME
2026-10-07T00:02:37.198292+00:00,ME22D235,01,2,20261007085919,20261007081852,20261007081943,,ME
2026-10-07T00:02:37.198292+00:00,ME22D235,02,2,20261007090027,20261007082431,20261007082937,,ME
2026-10-07T00:02:37.198292+00:00,ME22D401,01,3,20261007090013,20261006205731,20261006213547,20261007083440,ME
2026-10-07T00:02:37.198292+00:00,ME22D401,02,3,20261007085819,20261007060333,20261007063446,20261007085758,ME
2026-10-07T00:02:37.198292+00:00,ME22D401,03,3,20261007085933,20261007070208,20261007072105,20261007084401,ME
2026-10-07T00:02:37.198292+00:00,ME22D401,04,3,20261007085848,20261006191617,20261006193345,20261007082819,ME
2026-10-07T00:02:37.198292+00:00,ME25C183,01,2,20261007090008,20261006152302,20261006152434,,ME
2026-10-07T00:02:37.198292+00:00,ME25C184,01,2,20261007085855,20261006160956,20261006162157,,ME
2026-10-07T00:02:37.198292+00:00,ME25C282,21,3,20261007090054,20261006181113,20261006182655,20261007085217,ME
2026-10-07T00:02:37.198292+00:00,ME25C282,22,2,20261007090056,20261006140629,20261006144539,,ME
2026-10-07T00:02:37.198292+00:00,ME25C283,01,2,20261007090002,20261006170012,20261006173622,,ME
2026-10-07T00:02:37.198292+00:00,ME25C283,02,2,20261007085858,20261007080130,20261007083431,,ME
2026-10-07T00:02:37.198292+00:00,ME25C284,01,2,20261007085620,20260930133648,20260930141649,,ME
2026-10-07T00:02:37.198292+00:00,ME25C284,02,2,20261007085718,20261006170353,20261006173237,,ME
2026-10-07T00:02:37.198292+00:00,BE250115,01,3,20261007085239,20261007085239,20261005155021,20261007085239,BE
2026-10-07T00:02:37.198292+00:00,CV000272,01,3,20261007085517,20261007085324,20261007085332,20261007085517,CV
2026-10-07T00:02:37.198292+00:00,CV000968,01,3,20261007085521,20261007085219,20261007085226,20261007085521,CV
2026-10-07T00:02:37.198292+00:00,CV001193,01,3,20261007090026,20261007085940,20261007085944,20261007090026,CV
2026-10-07T00:02:37.198292+00:00,CV001326,01,2,20261007090033,20261007020347,20261007085745,,CV
2026-10-07T00:02:37.198292+00:00,CV001521,09,3,20261007085522,20261007085446,20261007085451,20261007085522,CV
2026-10-07T00:02:37.198292+00:00,EV013759,02,2,20261007090137,20261007063055,20261007085700,,EV
2026-10-07T00:02:37.198292+00:00,GR000010,01,3,20261007085529,20261007085105,20261006234905,20261007085529,GR
2026-10-07T00:02:37.198292+00:00,GR000010,02,3,20261007085849,20261006170433,20261006205243,20261007085849,GR
2026-10-07T00:02:37.198292+00:00,GR000042,03,2,20261007085633,20261006172924,20261007085628,,GR
2026-10-07T00:02:37.198292+00:00,GR000044,04,2,20261007085914,20261006180922,20261007022827,,GR
2026-10-07T00:02:37.198292+00:00,GR000052,01,3,20261007085256,20261006114617,20261006220002,20261007085256,GR
2026-10-07T00:02:37.198292+00:00,HE000019,02,3,20261007085500,20261007085500,20261006141800,20261007085500,HE
2026-10-07T00:02:37.198292+00:00,HE240437,01,2,20261007085300,20261006165000,20261007085300,,HE
2026-10-07T00:02:37.198292+00:00,HM910001,02,3,20261007085432,20261006144533,20261006183535,20261007085235,HM
2026-10-07T00:02:37.198292+00:00,HM910001,03,3,20261007090059,20261007080034,20261007081843,20261007085839,HM
2026-10-07T00:02:37.198292+00:00,HY001110,02,2,20261007085606,20261006221333,20261007085512,,HY
2026-10-07T00:02:37.198292+00:00,HY001110,18,3,20261007085305,20261007085250,20261007065429,20261007085250,HY
2026-10-07T00:02:37.198292+00:00,HY001225,02,2,20261007090208,20261006200307,20261007090145,,HY
2026-10-07T00:02:37.198292+00:00,JA500009,04,2,20261007085613,20261007082012,20261007085613,,JA
2026-10-07T00:02:37.198292+00:00,JD000005,01,2,20261007085900,20261007080500,20261007085900,,JD
2026-10-07T00:02:37.198292+00:00,JD000015,01,2,20261007085300,20261007083700,20261007085300,,JD
2026-10-07T00:02:37.198292+00:00,JD000016,02,3,20261007085335,20261007085335,20261007084502,20261007085232,JD
2026-10-07T00:02:37.198292+00:00,JD000046,01,2,20261007085437,20261007073129,20261007084948,,JD
2026-10-07T00:02:37.198292+00:00,JD000054,01,1,20261007090201,20260820114629,20260820143748,,JD
2026-10-07T00:02:37.198292+00:00,JD000065,02,3,20261007085437,20261007085437,20261005134928,20261007085329,JD
2026-10-07T00:02:37.198292+00:00,JD100027,01,2,20261007090202,20261007080637,20261007083122,,JD
2026-10-07T00:02:37.198292+00:00,JD110004,01,2,20261007085833,20261007083955,20261007085239,,JD
2026-10-07T00:02:37.198292+00:00,JD110034,01,2,20261007090202,20261007074905,20261007075854,,JD
2026-10-07T00:02:37.198292+00:00,JD110058,01,2,20261007090047,20261007082037,20261007085811,,JD
2026-10-07T00:02:37.198292+00:00,JD110065,01,3,20261007090202,20261007090202,20261006121541,20261007090048,JD
2026-10-07T00:02:37.198292+00:00,JD110075,05,3,20261007085949,20261007085949,20261007080211,20261007085837,JD
2026-10-07T00:02:37.198292+00:00,JD110079,01,3,20261007085833,20261007085833,20261006172024,20261007085514,JD
2026-10-07T00:02:37.198292+00:00,JD110083,01,3,20261007085538,20261007085538,20261007060302,20261007085456,JD
2026-10-07T00:02:37.198292+00:00,JD110089,01,2,20261007085833,20261007083029,20261007085517,,JD
2026-10-07T00:02:37.198292+00:00,JD110116,03,2,20261007085833,20261007081441,20261007085441,,JD
2026-10-07T00:02:37.198292+00:00,JD110134,02,2,20261007085633,20261007081506,20261007085411,,JD
2026-10-07T00:02:37.198292+00:00,JE010001,08,3,20261007085833,20261006084828,20261006152125,20261007085735,JE
2026-10-07T00:02:37.198292+00:00,JE010001,10,3,20261007085432,20261006175322,20261006185425,20261007085323,JE
2026-10-07T00:02:37.198292+00:00,JE010002,02,2,20261007090100,20261007071118,20261007085926,,JE
2026-10-07T00:02:37.198292+00:00,JE010005,02,3,20261007090100,20261006080002,20261006135911,20261007085854,JE
2026-10-07T00:02:37.198292+00:00,JE010021,04,3,20261007085833,20261006193519,20261006200030,20261007085651,JE
2026-10-07T00:02:37.198292+00:00,JE010044,12,3,20261007085833,20261006171248,20261006181911,20261007085806,JE
2026-10-07T00:02:37.198292+00:00,JE010044,15,3,20261007090100,20261006063404,20261006075706,20261007085850,JE
2026-10-07T00:02:37.198292+00:00,JE010112,04,3,20261007085432,20261005185020,20261005200816,20261007085342,JE
2026-10-07T00:02:37.198292+00:00,JE010212,01,2,20261007085433,20261006191036,20261007085308,,JE
2026-10-07T00:02:37.198292+00:00,JE010238,02,2,20261007085633,20261007074322,20261007084955,,JE
2026-10-07T00:02:37.198292+00:00,JE010239,02,3,20261007085633,20261006223713,20261007002157,20261007085447,JE
2026-10-07T00:02:37.198292+00:00,JE010240,02,3,20261007085633,20261006190852,20261006191928,20261007085551,JE
2026-10-07T00:02:37.198292+00:00,JE010277,01,2,20261007085834,20261006195016,20261007085215,,JE
2026-10-07T00:02:37.198292+00:00,JE010289,05,2,20261007090100,20261007082037,20261007085247,,JE
2026-10-07T00:02:37.198292+00:00,JE010293,06,3,20261007090100,20261006085801,20261006115410,20261007085959,JE
2026-10-07T00:02:37.198292+00:00,JE010295,07,2,20261007090100,20261006203804,20261007085346,,JE
2026-10-07T00:02:37.198292+00:00,JE010296,02,2,20261007085433,20261007060604,20261007085359,,JE
2026-10-07T00:02:37.198292+00:00,JE010318,01,2,20261007090100,20261007082749,20261007085935,,JE
2026-10-07T00:02:37.198292+00:00,JE010333,01,3,20261007085433,20261006153309,20261006155632,20261007085419,JE
2026-10-07T00:02:37.198292+00:00,JE010340,02,2,20261007090100,20261006145820,20261006193254,,JE
2026-10-07T00:02:37.198292+00:00,JE010364,02,3,20261007090100,20261006125655,20261006133015,20261007090040,JE
2026-10-07T00:02:37.198292+00:00,JE010375,02,2,20261007090101,20261007084459,20261007090044,,JE
2026-10-07T00:02:37.198292+00:00,JE040117,01,3,20261007085633,20261003210417,20261004075756,20261007085623,JE
2026-10-07T00:02:37.198292+00:00,JE040129,07,2,20261007090101,20261002080926,20261002120019,,JE
2026-10-07T00:02:37.198292+00:00,JE900003,01,3,20261007085434,20261007072634,20261007082340,20261007085258,JE
2026-10-07T00:02:37.198292+00:00,JE900076,04,2,20261007090102,20261007080821,20261007090021,,JE
2026-10-07T00:02:37.198292+00:00,JE900085,03,2,20261007085434,20261007075253,20261007085310,,JE
2026-10-07T00:02:37.198292+00:00,JE900088,05,2,20261007085634,20261006165014,20261006223321,,JE
2026-10-07T00:02:37.198292+00:00,JE900137,02,3,20261007085434,20260927192433,20260928053413,20261007085357,JE
2026-10-07T00:02:37.198292+00:00,JE900192,01,2,20261007085835,20261007083028,20261007085728,,JE
2026-10-07T00:02:37.198292+00:00,JE900201,01,2,20261007085634,20261007082201,20261007084740,,JE
2026-10-07T00:02:37.198292+00:00,JE900202,01,2,20261007085434,20261007083623,20261007085347,,JE
2026-10-07T00:02:37.198292+00:00,JE900240,01,2,20261007085434,20261006192104,20261007003725,,JE
2026-10-07T00:02:37.198292+00:00,JE910031,02,2,20261007085435,20261007075550,20261007085311,,JE
2026-10-07T00:02:37.198292+00:00,JE910120,03,2,20261007085435,20261006190645,20261007033411,,JE
2026-10-07T00:02:37.198292+00:00,JE910142,05,3,20261007085635,20261007085600,20261007085615,20261007085600,JE
2026-10-07T00:02:37.198292+00:00,KE001381,01,2,20261007085400,20261006055827,20261006072421,,KE
2026-10-07T00:02:37.198292+00:00,KL001376,02,3,20261007085501,20261007085501,20261007085336,20261007085336,KL
2026-10-07T00:02:37.198292+00:00,KP000678,01,3,20261007090011,20261005113031,20261005114944,20261007085513,KP
2026-10-07T00:02:37.198292+00:00,KP001180,03,2,20261007090012,20261006172527,20261006180001,,KP
2026-10-07T00:02:37.198292+00:00,KP002229,04,2,20261007090044,20261007072239,20261007081030,,KP
2026-10-07T00:02:37.198292+00:00,KP004701,02,2,20261007090018,20261007084037,20261007085255,,KP
2026-10-07T00:02:37.198292+00:00,KP004703,04,2,20261007090019,20261007080814,20261007082916,,KP
2026-10-07T00:02:37.198292+00:00,LI000102,01,2,20261007085721,20261007085721,20261007085721,,LI
2026-10-07T00:02:37.198292+00:00,MO501104,02,9,20261007090005,20261007090001,20261007090005,,MO
2026-10-07T00:02:37.198292+00:00,MO501106,01,9,20261007090005,20260902190154,20260902190209,,MO
2026-10-07T00:02:37.198292+00:00,MO501129,01,2,20261007090005,20241216213918,20241216213918,,MO
2026-10-07T00:02:37.198292+00:00,MO501129,02,2,20261007090005,20241217202230,20241217202230,,MO
2026-10-07T00:02:37.198292+00:00,MO501143,01,2,20261007090005,20250706175600,20250706175615,,MO
2026-10-07T00:02:37.198292+00:00,MO501143,02,9,20261007090005,20241016172006,20241016172006,,MO
2026-10-07T00:02:37.198292+00:00,MO501150,01,2,20261007090005,20260930190539,20260930190540,,MO
2026-10-07T00:02:37.198292+00:00,NT100725,01,2,20261007085450,20261007083650,20261007085450,,NT
2026-10-07T00:02:37.198292+00:00,NT100725,12,3,20261007085350,20261007085350,20261006201150,20261007085350,NT
2026-10-07T00:02:37.198292+00:00,NT100725,15,5,20261007085250,20261004130550,20261004130650,,NT
2026-10-07T00:02:37.198292+00:00,NT101953,02,2,20261007090150,20261007084150,20261007090150,,NT
2026-10-07T00:02:37.198292+00:00,NT102694,01,2,20261007085550,20261007005350,20261007085550,,NT
2026-10-07T00:02:37.198292+00:00,NT102697,01,2,20261007090150,20261006230750,20261007085450,,NT
2026-10-07T00:02:37.198292+00:00,PC001629,01,3,20261007085628,20261007085648,20261007085425,20261007085628,PC
2026-10-07T00:02:37.198292+00:00,PC001636,04,2,20261007085554,20261006192453,20261007032302,,PC
2026-10-07T00:02:37.198292+00:00,PC001637,01,3,20261007085349,20261006161038,20261007085316,20261007085349,PC
2026-10-07T00:02:37.198292+00:00,PC001642,01,2,20261007085739,20261006234458,20261007054618,,PC
2026-10-07T00:02:37.198292+00:00,PC001642,02,3,20261007090017,20261007090039,20261007071639,20261007090017,PC
2026-10-07T00:02:37.198292+00:00,PI640337,07,3,20261007085646,20261007085342,20261006135224,20261007085646,PI
2026-10-07T00:02:37.198292+00:00,PI640344,02,3,20261007085644,20261007085314,20261004133426,20261007085644,PI
2026-10-07T00:02:37.198292+00:00,PI640372,01,3,20261007085647,20261007085502,20261004225201,20261007085647,PI
2026-10-07T00:02:37.198292+00:00,PI640372,02,3,20261007085647,20261007085310,20261006230709,20261007085647,PI
2026-10-07T00:02:37.198292+00:00,PI640405,02,2,20261007085712,20261006224221,20261007085341,,PI
2026-10-07T00:02:37.198292+00:00,PI690030,01,3,20261007085837,20261007085830,20261005094906,20261007085837,PI
2026-10-07T00:02:37.198292+00:00,PI718133,01,3,20261007085310,20261007084853,20261006142828,20261007085310,PI
2026-10-07T00:02:37.198292+00:00,PI773599,09,2,20261007085317,20261006194640,20261007021300,,PI
2026-10-07T00:02:37.198292+00:00,PIH01122,03,3,20261007085742,20261007085409,20261007022303,20261007085742,PI
2026-10-07T00:02:37.198292+00:00,PIH02116,01,3,20261007085301,20261007084857,20261006103608,20261007085301,PI
2026-10-07T00:02:37.198292+00:00,PK000306,02,2,20261007090143,20261007082755,20261007085534,,PK
2026-10-07T00:02:37.198292+00:00,PK000349,03,3,20261007090032,20261007090032,20261006173007,20261007090032,PK
2026-10-07T00:02:37.198292+00:00,PK000349,04,3,20261007090032,20261007090032,20261006195027,20261007090032,PK
2026-10-07T00:02:37.198292+00:00,PK000364,01,2,20261007090032,20261007082019,20260217061023,,PK
2026-10-07T00:02:37.198292+00:00,PL000791,11,2,20261007085657,20261006200558,20261007085657,,PL
2026-10-07T00:02:37.198292+00:00,PW010376,01,2,20261007090009,20261006181436,20261006223009,,PW
2026-10-07T00:02:37.198292+00:00,PW010665,01,2,20261007090010,20261006190153,20261007044335,,PW
2026-10-07T00:02:37.198292+00:00,PW010665,02,3,20261007085610,20261007085610,20261007065839,20261007085427,PW
2026-10-07T00:02:37.198292+00:00,PWE00739,18,2,20261007085308,20261007073906,20261007085308,,PW
2026-10-07T00:02:37.198292+00:00,SOA33001,01,1,20261007090014,20261007064213,20261007064413,,SO
2026-10-07T00:02:37.198292+00:00,ST500004,02,2,20261007090043,20261006013314,20261006100356,,ST
2026-10-07T00:02:37.198292+00:00,ST600040,01,3,20261007085357,20261006195605,20261006205008,20261007085357,ST
2026-10-07T00:02:37.198292+00:00,TDO00028,01,1,20261007090020,20260726012955,20260726050931,,TD
2026-10-07T00:02:37.198292+00:00,TDO00090,01,2,20261007090020,20261006212849,20261007024214,,TD
2026-10-07T00:02:37.198292+00:00,ME174046,01,2,20261007085624,20261006153737,20261006155127,,ME
2026-10-07T00:02:37.198292+00:00,ME174050,01,2,20261007085725,20261001170730,20261001170951,,ME
2026-10-07T00:02:37.198292+00:00,ME174050,02,2,20261007085804,20261006124450,20261006132550,,ME
2026-10-07T00:02:37.198292+00:00,ME174050,03,2,20261007090001,20261006110720,20261006113026,,ME
2026-10-07T00:02:37.198292+00:00,ME174050,04,2,20261007085741,20261006150433,20261006154323,,ME
2026-10-07T00:02:37.198292+00:00,ME174050,05,2,20261007085740,20261005144243,20261005151909,,ME
2026-10-07T00:02:37.198292+00:00,ME174061,01,2,20261007090029,20261006160425,20261006162156,,ME
2026-10-07T00:02:37.198292+00:00,ME174062,01,2,20261007085747,20261005130453,20261005134029,,ME
2026-10-07T00:02:37.198292+00:00,ME183101,01,2,20261007085659,20261006164049,20261006164233,,ME
2026-10-07T00:02:37.198292+00:00,ME183101,02,2,20261007085713,20261005115439,20261005121956,,ME
2026-10-07T00:02:37.198292+00:00,ME183101,03,2,20261007090043,20261006124629,20261006131009,,ME
2026-10-07T00:02:37.198292+00:00,ME183101,04,2,20261007085717,20261007082811,20261007083717,,ME
2026-10-07T00:02:37.198292+00:00,ME183101,52,2,20261007085708,20261004145214,20261004150345,,ME
2026-10-07T00:02:37.198292+00:00,ME183101,54,2,20261007085722,20261004141031,20261004141201,,ME
2026-10-07T00:02:37.198292+00:00,ME183102,02,2,20261007085643,20261006050530,20261006054836,,ME
2026-10-07T00:02:37.198292+00:00,ME183102,52,2,20261007085657,20261006112945,20261006121250,,ME
2026-10-07T00:02:37.198292+00:00,ME184122,01,2,20261007085931,20261006210950,20261006214400,,ME
2026-10-07T00:02:37.198292+00:00,ME184124,01,2,20261007085748,20261006184026,20261006190416,,ME
2026-10-07T00:02:37.198292+00:00,ME184125,01,2,20261007085625,20261006144530,20261006150314,,ME
2026-10-07T00:02:37.198292+00:00,ME184126,02,2,20261007085609,20261006182133,20261006190217,,ME
2026-10-07T00:02:37.198292+00:00,ME18A173,01,2,20261007090010,20261007062150,20261007062910,,ME
2026-10-07T00:02:37.198292+00:00,ME18A174,01,2,20261007085917,20261006194114,20261006202419,,ME
2026-10-07T00:02:37.198292+00:00,ME18A175,01,2,20261007090003,20261007082050,20261007085819,,ME
2026-10-07T00:02:37.198292+00:00,ME18A180,01,2,20261007090046,20261006130329,20261006133155,,ME
2026-10-07T00:02:37.198292+00:00,ME18A268,11,2,20261007085741,20261006223256,20261006223914,,ME
2026-10-07T00:02:37.198292+00:00,ME18A268,12,2,20261007085738,20261006145038,20261006151556,,ME
2026-10-07T00:02:37.198292+00:00,ME18A269,11,2,20261007085909,20261006112854,20261006115659,,ME
2026-10-07T00:02:37.198292+00:00,ME18A269,12,2,20261007085903,20261006103338,20261006111641,,ME
2026-10-07T00:02:37.198292+00:00,ME18A270,11,3,20261007090107,20261002081142,20261002083239,20261007090021,ME
2026-10-07T00:02:37.198292+00:00,ME18A270,12,2,20261007085901,20261007074940,20261007081301,,ME
2026-10-07T00:02:37.198292+00:00,ME18A271,01,2,20261007085834,20261003154138,20261003161603,,ME
2026-10-07T00:02:37.198292+00:00,ME18A271,02,2,20261007090017,20261007061035,20261007065038,,ME
2026-10-07T00:02:37.198292+00:00,ME18A272,11,2,20261007090051,20261006173035,20261006180734,,ME
2026-10-07T00:02:37.198292+00:00,ME18A272,12,2,20261007090047,20261006142857,20261006151201,,ME
2026-10-07T00:02:37.198292+00:00,ME18A273,11,2,20261007085725,20261006145306,20261006152548,,ME
2026-10-07T00:02:37.198292+00:00,ME18A273,12,2,20261007085731,20261007060052,20261007061543,,ME
2026-10-07T00:02:37.198292+00:00,ME18A274,11,2,20261007085917,20261006103459,20261006105851,,ME
2026-10-07T00:02:37.198292+00:00,ME18A274,12,2,20261007085914,20261006163246,20261006171550,,ME
2026-10-07T00:02:37.198292+00:00,ME18A275,11,2,20261007090008,20261006161758,20261006164611,,ME
2026-10-07T00:02:37.198292+00:00,ME18A275,12,2,20261007090004,20261006182842,20261006183412,,ME
2026-10-07T00:02:37.198292+00:00,ME18A281,11,2,20261007085734,20260930150635,20260930151317,,ME
2026-10-07T00:02:37.198292+00:00,ME18A281,12,2,20261007085738,20261006100139,20261006103844,,ME
2026-10-07T00:02:37.198292+00:00,ME18A306,01,2,20261007085757,20261006192822,20261006193837,,ME
2026-10-07T00:02:37.198292+00:00,ME18A306,11,2,20261007085745,20261002121626,20261002130155,,ME
2026-10-07T00:02:37.198292+00:00,ME18A306,12,2,20261007085749,20261006203629,20261006210538,,ME
2026-10-07T00:02:37.198292+00:00,ME19B169,01,2,20261007090005,20261004194711,20261004200504,,ME
2026-10-07T00:02:37.198292+00:00,ME19B170,01,2,20261007085958,20261007065629,20261007073555,,ME
2026-10-07T00:02:37.198292+00:00,ME19B171,01,2,20261007085912,20261006162909,20261006170909,,ME
2026-10-07T00:02:37.198292+00:00,ME19B172,01,2,20261007085925,20261006214119,20261006220213,,ME
2026-10-07T00:02:37.198292+00:00,ME19B173,01,2,20261007085701,20261007073652,20261007080238,,ME
2026-10-07T00:02:37.198292+00:00,ME19B240,21,3,20261007085955,20261006173905,20261006180642,20261007084613,ME
2026-10-07T00:02:37.198292+00:00,ME19B242,22,3,20261007085918,20261006165633,20261006170641,20261007085645,ME
2026-10-07T00:02:37.198292+00:00,ME20B1e1,01,2,20261007085612,20261006142807,20261006144240,,ME
2026-10-07T00:02:37.198292+00:00,ME20B1e2,01,2,20261007085859,20261006165432,20261006173427,,ME
2026-10-07T00:02:37.198292+00:00,ME20B1e3,01,2,20261007085620,20261006103429,20261006105255,,ME
2026-10-07T00:02:37.198292+00:00,ME20B2a0,91,2,20261007090026,20261007080724,20261007083744,,ME
2026-10-07T00:02:37.198292+00:00,ME20B2a0,92,2,20261007090022,20261005122044,20261005123945,,ME
2026-10-07T00:02:37.198292+00:00,ME20B2a1,21,2,20261007090011,20260930153947,20260930161947,,ME
2026-10-07T00:02:37.198292+00:00,ME20B2a1,22,2,20261007090011,20260923104352,20260923104521,,ME
2026-10-07T00:02:37.198292+00:00,ME20B2a2,21,2,20261007085726,20261004120141,20261004120858,,ME
2026-10-07T00:02:37.198292+00:00,ME20B2a2,22,2,20261007085726,20261002070459,20261002072043,,ME
2026-10-07T00:02:37.198292+00:00,ME20B416,21,2,20261007085917,20261004103641,20261004105011,,ME
2026-10-07T00:02:37.198292+00:00,ME20B416,22,2,20261007085917,20261006182144,20261006183046,,ME
2026-10-07T00:02:37.198292+00:00,ME20B416,23,2,20261007085920,20261006091317,20261006093008,,ME
2026-10-07T00:02:37.198292+00:00,ME20B416,24,2,20261007085920,20261007073720,20261007080431,,ME
2026-10-07T00:02:37.198292+00:00,ME20B417,41,2,20261007085757,20261001133924,20261001141346,,ME
2026-10-07T00:02:37.198292+00:00,ME20B417,42,2,20261007085823,20261006183554,20261006191133,,ME
2026-10-07T00:02:37.198292+00:00,ME20B417,43,2,20261007085828,20261006154652,20261006160212,,ME
2026-10-07T00:02:37.198292+00:00,ME20B417,44,2,20261007085824,20261006214850,20261006221727,,ME
2026-10-07T00:02:37.198292+00:00,ME21B250,01,2,20261007085648,20261007081337,20261007085643,,ME
2026-10-07T00:02:37.198292+00:00,ME21D057,01,3,20261007085956,20261007075351,20261007082630,20261007083539,ME
2026-10-07T00:02:37.198292+00:00,ME21D058,01,3,20261007090101,20261006173344,20261006175106,20261007083028,ME
2026-10-07T00:02:37.198292+00:00,ME21D061,01,3,20261007085942,20261006223558,20261006231604,20261007082513,ME
2026-10-07T00:02:37.198292+00:00,ME21D063,01,3,20261007090102,20261006203928,20261006210720,20261007085058,ME
2026-10-07T00:02:37.198292+00:00,ME21D066,01,2,20261007085557,20261007064458,20261007070258,,ME
2026-10-07T00:02:37.198292+00:00,ME21D069,01,3,20261007090055,20261007082034,20261007085042,20261007085832,ME
2026-10-07T00:02:37.198292+00:00,ME21D072,01,2,20261007085320,20261007083042,20261007085323,,ME
2026-10-07T00:02:37.198292+00:00,ME21D073,01,3,20261007090044,20261007075854,20261007081705,20261007085846,ME
2026-10-07T00:02:37.198292+00:00,ME21X008,01,2,20261007085705,20261006183615,20261006191936,,ME
2026-10-07T00:02:37.198292+00:00,ME22B336,81,3,20261007085956,20261006162529,20261006164735,20261007083536,ME
2026-10-07T00:02:37.198292+00:00,ME22D1H1,01,2,20261007085902,20261006165251,20261006173251,,ME
2026-10-07T00:02:37.198292+00:00,ME25C181,01,3,20261007085946,20261006202644,20261006210645,20261007085943,ME
2026-10-07T00:02:37.198292+00:00,ME25C182,01,4,20261007085744,20261006191807,20261006194754,,ME
2026-10-07T00:02:37.198292+00:00,ME25C281,21,2,20261007090029,20261006183921,20261006185215,,ME
2026-10-07T00:02:37.198292+00:00,ME25C281,22,2,20261007090031,20261005185243,20261005193245,,ME
2026-10-07T00:02:37.198292+00:00,ME25C318,01,2,20261007085651,20261007082744,20261007083540,,ME
2026-10-07T00:02:37.198292+00:00,ME25C318,21,4,20261007090110,20261004134710,20261004140626,,ME
2026-10-07T00:02:37.198292+00:00,ME25C318,22,2,20261007090011,20261006094806,20261006100942,,ME
2026-10-07T00:02:37.198292+00:00,ME25C431,01,2,20261007085638,20260914133046,20260914133228,,ME
2026-10-07T00:02:37.198292+00:00,ME25C431,02,2,20261007085813,20261006181910,20261006183615,,ME
2026-10-07T00:02:37.198292+00:00,ME25C431,03,2,20261007085707,20261006180113,20261006182349,,ME
2026-10-07T00:02:37.198292+00:00,ME25C431,04,2,20261007085753,20261005202832,20261005205200,,ME
2026-10-07T00:02:37.198292+00:00,CV001685,01,2,20261007085523,20261007080633,20261007085514,,CV
2026-10-07T00:02:37.198292+00:00,CV004597,06,2,20261007090127,20261007084345,20261007085703,,CV
2026-10-07T00:02:37.198292+00:00,GR000024,04,2,20261007085305,20261007084911,20261007085300,,GR
2026-10-07T00:02:37.198292+00:00,GR000026,01,3,20261007085312,20261006220412,20261007075521,20261007085312,GR
2026-10-07T00:02:37.198292+00:00,HE000034,05,3,20261007085700,20261007085700,20261005200400,20261007085700,HE
2026-10-07T00:02:37.198292+00:00,HE000034,06,2,20261007090100,20261007071600,20261007090100,,HE
2026-10-07T00:02:37.198292+00:00,HE230005,03,2,20261007085300,20261007082000,20261007085300,,HE
2026-10-07T00:02:37.198292+00:00,HE240435,05,3,20261007085600,20261007085600,20261006112520,20261007085600,HE
2026-10-07T00:02:37.198292+00:00,JD000004,01,2,20261007085832,20261007085557,20261006195913,,JD
2026-10-07T00:02:37.198292+00:00,JD000085,05,3,20261007090202,20261007090202,20261007085539,20261007090053,JD
2026-10-07T00:02:37.198292+00:00,JD000126,02,3,20261007085700,20261007085700,20261006222200,20261007085700,JD
2026-10-07T00:02:37.198292+00:00,JD100007,02,2,20261007085833,20261007081428,20261007085430,,JD
2026-10-07T00:02:37.198292+00:00,JD160002,01,2,20261007090048,20261007081515,20261007085521,,JD
2026-10-07T00:02:37.198292+00:00,JD160031,01,2,20261007085336,20261007083034,20261007084746,,JD
2026-10-07T00:02:37.198292+00:00,JD160046,01,3,20261007085438,20261007085438,20261006172518,20261007085408,JD
2026-10-07T00:02:37.198292+00:00,JD160055,01,3,20261007085634,20261007085634,20261006231733,20261007085545,JD
2026-10-07T00:02:37.198292+00:00,JD160062,01,2,20261007090203,20261007085725,20261007090000,,JD
2026-10-07T00:02:37.198292+00:00,JD160085,01,3,20261007090050,20261007090050,20261007063941,20261007090003,JD
2026-10-07T00:02:37.198292+00:00,JD160087,01,3,20261007085438,20261007085438,20261007063003,20261007085334,JD
2026-10-07T00:02:37.198292+00:00,JD160087,02,3,20261007085734,20261007085734,20261007083710,20261007085714,JD
2026-10-07T00:02:37.198292+00:00,JE020083,04,2,20261007085433,20261007082955,20261007085402,,JE
2026-10-07T00:02:37.198292+00:00,JE020118,02,2,20261007090101,20261006201412,20261007085519,,JE
2026-10-07T00:02:37.198292+00:00,JE040122,02,3,20261007085433,20261002125503,20261002163221,20261007085305,JE
2026-10-07T00:02:37.198292+00:00,JE040123,16,3,20261007085433,20261006171113,20261007023222,20261007085346,JE
2026-10-07T00:02:37.198292+00:00,JE043001,32,3,20261007085433,20261006233712,20261007023151,20261007085232,JE
2026-10-07T00:02:37.198292+00:00,JE043001,37,3,20261007085634,20261006085031,20261006140419,20261007085432,JE
2026-10-07T00:02:37.198292+00:00,JE043002,41,3,20261007085634,20261006145352,20261006161146,20261007085550,JE
2026-10-07T00:02:37.198292+00:00,JE900053,01,2,20261007085434,20261007062535,20261007085246,,JE
2026-10-07T00:02:37.198292+00:00,JE900162,01,3,20261007085634,20261007054114,20261007064315,20261007085444,JE
2026-10-07T00:02:37.198292+00:00,JE900174,02,2,20261007085434,20261006191430,20261006230306,,JE
2026-10-07T00:02:37.198292+00:00,JE900187,02,2,20261007090102,20261006223615,20261007002251,,JE
2026-10-07T00:02:37.198292+00:00,JE900189,02,3,20261007090102,20261006200937,20261006204418,20261007085914,JE
2026-10-07T00:02:37.198292+00:00,JE910133,01,2,20261007085635,20261007083554,20261007085521,,JE
2026-10-07T00:02:37.198292+00:00,KE001383,01,3,20261007085659,20261007085307,20261007083912,20261007085307,KE
2026-10-07T00:02:37.198292+00:00,MO501311,01,2,20261007090005,20261007090001,20261007090005,,MO
2026-10-07T00:02:37.198292+00:00,MO501319,01,9,20261007090005,20260221113134,20260221113140,,MO
2026-10-07T00:02:37.198292+00:00,MO501319,02,2,20261007090005,20260114160320,20260114160326,,MO
2026-10-07T00:02:37.198292+00:00,MO501328,01,2,20261007090005,20251012210231,20251012210247,,MO
2026-10-07T00:02:37.198292+00:00,PI201397,02,3,20261007085624,20261007085201,20261006181338,20261007085624,PI
2026-10-07T00:02:37.198292+00:00,PI640398,08,2,20261007085703,20261007080126,20261007082247,,PI
2026-10-07T00:02:37.198292+00:00,PI640400,02,3,20261007085708,20261007085228,20261006210505,20261007085708,PI
2026-10-07T00:02:37.198292+00:00,PI640406,04,2,20261007085711,20261007073215,20261007085659,,PI
2026-10-07T00:02:37.198292+00:00,PI700499,04,2,20261007085619,20261006185601,20261007045201,,PI
2026-10-07T00:02:37.198292+00:00,PI700892,04,3,20261007085835,20261007085600,20261006132603,20261007085835,PI
2026-10-07T00:02:37.198292+00:00,PIH01771,03,2,20261007085246,20261006220014,20261007050129,,PI
2026-10-07T00:02:37.198292+00:00,PL031292,03,3,20261007085727,20261007085727,20261005144127,20261007085727,PL
2026-10-07T00:02:37.198292+00:00,PL031292,04,3,20261007085523,20261007085523,20261006181009,20261007085523,PL
2026-10-07T00:02:37.198292+00:00,PW010082,01,2,20261007085608,20261007000546,20261007060618,,PW
2026-10-07T00:02:37.198292+00:00,PW011435,01,2,20261007085613,20261006231222,20261007033037,,PW
2026-10-07T00:02:37.198292+00:00,PW014807,10,2,20261007085846,20261006194122,20261007044623,,PW
2026-10-07T00:02:37.198292+00:00,PW100561,02,2,20261007090007,20261006234956,20261007060520,,PW
2026-10-07T00:02:37.198292+00:00,PW100561,04,2,20261007090007,20261006190640,20261007032209,,PW
2026-10-07T00:02:37.198292+00:00,RE000243,07,2,20261007090204,20261006184835,20261006211715,,RE
2026-10-07T00:02:37.198292+00:00,SF003015,04,2,20261007085455,20261006231247,20261007084951,,SF
2026-10-07T00:02:37.198292+00:00,ST501323,02,3,20261007085746,20261006203641,20261006210758,20261007085746,ST
2026-10-07T00:02:37.198292+00:00,ST501331,01,3,20261007085551,20261007085551,20261006093213,20261006083950,ST
2026-10-07T00:02:37.198292+00:00,TDO00002,01,2,20261007090022,20261006203635,20261007004819,,TD
2026-10-07T00:12:36.804509+00:00,ME174067,01,2,20261007090743,20261006103354,20261006110330,,ME
2026-10-07T00:12:36.804509+00:00,ME181538,01,2,20261007090637,20261006212218,20261006212944,,ME
2026-10-07T00:12:36.804509+00:00,ME181539,01,2,20261007090814,20261006203339,20261006211418,,ME
2026-10-07T00:12:36.804509+00:00,ME181541,01,2,20261007090906,20261005181705,20261005185708,,ME
2026-10-07T00:12:36.804509+00:00,ME184129,01,2,20261007090805,20261003153003,20261003161322,,ME
2026-10-07T00:12:36.804509+00:00,ME184130,01,2,20261007090806,20261007063634,20261007064838,,ME
2026-10-07T00:12:36.804509+00:00,ME184131,01,2,20261007090906,20261007081245,20261007085051,,ME
2026-10-07T00:12:36.804509+00:00,ME18A176,01,2,20261007090636,20261006224926,20261006230021,,ME
2026-10-07T00:12:36.804509+00:00,ME18A177,01,2,20261007090710,20261006123523,20261006130052,,ME
2026-10-07T00:12:36.804509+00:00,ME18A178,01,2,20261007090714,20261005164341,20261005170217,,ME
2026-10-07T00:12:36.804509+00:00,ME18A179,01,2,20261007090610,20261006090217,20261006091807,,ME
2026-10-07T00:12:36.804509+00:00,ME18A276,11,2,20261007091007,20260927190040,20260927190352,,ME
2026-10-07T00:12:36.804509+00:00,ME18A276,12,2,20261007090957,20260925101706,20260925104659,,ME
2026-10-07T00:12:36.804509+00:00,ME18A277,11,2,20261007091009,20261007081048,20261007082323,,ME
2026-10-07T00:12:36.804509+00:00,ME18A277,12,2,20261007090916,20261006191856,20261006195632,,ME
2026-10-07T00:12:36.804509+00:00,ME18A278,01,2,20261007091054,20261007080600,20261007081805,,ME
2026-10-07T00:12:36.804509+00:00,ME18A278,02,2,20261007091036,20261007083420,20261007084246,,ME
2026-10-07T00:12:36.804509+00:00,ME18A279,11,2,20261007090952,20261005154501,20261005162806,,ME
2026-10-07T00:12:36.804509+00:00,ME18A279,12,2,20261007090945,20261007070524,20261007074019,,ME
2026-10-07T00:12:36.804509+00:00,ME18A282,11,2,20261007090653,20261007072925,20261007080119,,ME
2026-10-07T00:12:36.804509+00:00,ME18A282,12,2,20261007090708,20261006173419,20261006174154,,ME
2026-10-07T00:12:36.804509+00:00,ME18A283,11,2,20261007090827,20261007080047,20261007084350,,ME
2026-10-07T00:12:36.804509+00:00,ME18A283,12,2,20261007090819,20261004080825,20261004084258,,ME
2026-10-07T00:12:36.804509+00:00,ME18A307,01,2,20261007091105,20261006131935,20261006134620,,ME
2026-10-07T00:12:36.804509+00:00,ME18A308,01,3,20261007091051,20261006154115,20261006155800,20261007090047,ME
2026-10-07T00:12:36.804509+00:00,ME18A308,11,2,20261007090746,20261005140606,20261005143350,,ME
2026-10-07T00:12:36.804509+00:00,ME18A308,12,2,20261007090751,20261006121919,20261006122945,,ME
2026-10-07T00:12:36.804509+00:00,ME18A309,01,2,20261007091101,20261007081837,20261007090142,,ME
2026-10-07T00:12:36.804509+00:00,ME18A309,11,2,20261007090749,20261006200044,20261006204242,,ME
2026-10-07T00:12:36.804509+00:00,ME18A309,12,2,20261007090754,20261007082008,20261007085858,,ME
2026-10-07T00:12:36.804509+00:00,ME19B174,11,2,20261007090757,20261007023843,20261007030322,,ME
2026-10-07T00:12:36.804509+00:00,ME19B174,12,2,20261007090759,20261007075917,20261007082329,,ME
2026-10-07T00:12:36.804509+00:00,ME19B243,21,3,20261007091031,20261006124444,20261006130806,20261007085920,ME
2026-10-07T00:12:36.804509+00:00,ME19B243,22,9,20261007090310,20261006150314,20261006152235,,ME
2026-10-07T00:12:36.804509+00:00,ME19B245,21,2,20261007090238,20261006212248,20261006214510,,ME
2026-10-07T00:12:36.804509+00:00,ME19B245,22,9,20261007090310,20261006161954,20261006170004,,ME
2026-10-07T00:12:36.804509+00:00,ME19B246,21,3,20261007090744,20261007023058,20261007031105,20261007090037,ME
2026-10-07T00:12:36.804509+00:00,ME19B253,21,3,20261007091044,20261006164923,20261006165149,20261007085418,ME
2026-10-07T00:12:36.804509+00:00,ME19B406,21,9,20261007090310,20260927105805,20260927112251,,ME
2026-10-07T00:12:36.804509+00:00,ME19B406,22,9,20261007090310,20261005190336,20261005194343,,ME
2026-10-07T00:12:36.804509+00:00,ME19D126,01,2,20261007090721,20261007074159,20261007081549,,ME
2026-10-07T00:12:36.804509+00:00,ME19D127,01,2,20261007090851,20261006075300,20261006083300,,ME
2026-10-07T00:12:36.804509+00:00,ME19D128,01,2,20261007090629,20260927183731,20260927185259,,ME
2026-10-07T00:12:36.804509+00:00,ME19Y240,21,2,20261007090653,20261007062201,20261007070201,,ME
2026-10-07T00:12:36.804509+00:00,ME19Y240,22,2,20261007090653,20261007071139,20261007073441,,ME
2026-10-07T00:12:36.804509+00:00,ME19Y269,01,2,20261007090653,20261006214518,20261006222518,,ME
2026-10-07T00:12:36.804509+00:00,ME19Y269,02,2,20261007090703,20261007083309,20261007090402,,ME
2026-10-07T00:12:36.804509+00:00,ME19Y270,01,2,20261007090914,20261007080122,20261007084122,,ME
2026-10-07T00:12:36.804509+00:00,ME19Y270,02,2,20261007090636,20261007064731,20261007071715,,ME
2026-10-07T00:12:36.804509+00:00,ME19Y271,01,2,20261007090715,20261006180848,20261006184848,,ME
2026-10-07T00:12:36.804509+00:00,ME19Y271,02,2,20261007091015,20261007071303,20261007075303,,ME
2026-10-07T00:12:36.804509+00:00,ME20B1e4,01,2,20261007091054,20261007071305,20261007072409,,ME
2026-10-07T00:12:36.804509+00:00,ME20B1e5,01,2,20261007090904,20261006174200,20261006181256,,ME
2026-10-07T00:12:36.804509+00:00,ME20B1e6,91,2,20261007090646,20261007080603,20261007084603,,ME
2026-10-07T00:12:36.804509+00:00,ME20B2a3,21,2,20261007090953,20261006125950,20261006130120,,ME
2026-10-07T00:12:36.804509+00:00,ME20B2a3,22,2,20261007090953,20261006130221,20261006130352,,ME
2026-10-07T00:12:36.804509+00:00,ME20B2a4,21,2,20261007091047,20261006213440,20261006220720,,ME
2026-10-07T00:12:36.804509+00:00,ME20B2a4,22,3,20261007090718,20261007053508,20261007061508,20261007090718,ME
2026-10-07T00:12:36.804509+00:00,ME20B2a5,21,2,20261007090927,20261006173218,20261006175519,,ME
2026-10-07T00:12:36.804509+00:00,ME20B2a5,22,2,20261007090927,20261006210022,20261006213538,,ME
2026-10-07T00:12:36.804509+00:00,ME20B2a6,21,2,20261007090910,20261002085825,20261002092516,,ME
2026-10-07T00:12:36.804509+00:00,ME20B2a6,22,2,20261007090910,20261006212930,20261006220930,,ME
2026-10-07T00:12:36.804509+00:00,ME20B2a7,21,2,20261007091012,20261006211831,20261006215831,,ME
2026-10-07T00:12:36.804509+00:00,ME20B2a7,22,2,20261007091012,20261006205622,20261006211558,,ME
2026-10-07T00:12:36.804509+00:00,ME20B2a8,21,2,20261007090804,20261006200926,20261006204926,,ME
2026-10-07T00:12:36.804509+00:00,ME20B2a8,22,2,20261007090804,20261007072421,20261007074703,,ME
2026-10-07T00:12:36.804509+00:00,ME20B2a9,21,2,20261007090803,20261006180949,20261006184331,,ME
2026-10-07T00:12:36.804509+00:00,ME20B2a9,22,3,20261007090704,20261007001837,20261007004513,20261007085702,ME
2026-10-07T00:12:36.804509+00:00,ME20B2b0,21,5,20261007090812,20261005143505,20261005150342,,ME
2026-10-07T00:12:36.804509+00:00,ME20B2b0,22,2,20261007090812,20261005175606,20261005182530,,ME
2026-10-07T00:12:36.804509+00:00,ME20B2b1,21,2,20261007091035,20261006150609,20261006154609,,ME
2026-10-07T00:12:36.804509+00:00,ME20B2b1,22,2,20261007091035,20261006123249,20261006130718,,ME
2026-10-07T00:12:36.804509+00:00,ME20B2b2,21,2,20261007091040,20260916145246,20260916145416,,ME
2026-10-07T00:12:36.804509+00:00,ME20B2b2,22,2,20261007091041,20260925110458,20260925114155,,ME
2026-10-07T00:12:36.804509+00:00,ME20B2b3,21,2,20261007090618,20261006153025,20261006161025,,ME
2026-10-07T00:12:36.804509+00:00,ME20B2b3,22,2,20261007090618,20261007065135,20261007073135,,ME
2026-10-07T00:12:36.804509+00:00,ME20B2b4,01,2,20261007090816,20261002092503,20261002100503,,ME
2026-10-07T00:12:36.804509+00:00,ME20B2b4,02,3,20261007090608,20261001134855,20261001142855,20261007084600,ME
2026-10-07T00:12:36.804509+00:00,ME20B418,41,2,20261007090928,20261006174819,20261006180320,,ME
2026-10-07T00:12:36.804509+00:00,ME20B418,42,2,20261007090953,20261007083015,20261007084420,,ME
2026-10-07T00:12:36.804509+00:00,ME20B418,43,2,20261007091008,20261006140840,20261006144840,,ME
2026-10-07T00:12:36.804509+00:00,ME20B418,44,2,20261007090946,20261006191741,20261006194638,,ME
2026-10-07T00:12:36.804509+00:00,ME21B256,02,9,20261007090310,20261006154928,20261006161739,,ME
2026-10-07T00:12:36.804509+00:00,ME21B317,01,9,20261007090310,20261006164137,20261006172203,,ME
2026-10-07T00:12:36.804509+00:00,ME21B409,02,9,20261007090310,20261007075252,20261007083259,,ME
2026-10-07T00:12:36.804509+00:00,ME21B409,03,9,20261007090310,20261007054312,20261007062621,,ME
2026-10-07T00:12:36.804509+00:00,ME21B409,04,9,20261007090310,20261006155055,20261006162730,,ME
2026-10-07T00:12:36.804509+00:00,ME21D081,01,3,20261007091059,20261006215720,20261006223653,20261007084031,ME
2026-10-07T00:12:36.804509+00:00,ME21D083,01,3,20261007090922,20261007075950,20261007080625,20261007085501,ME
2026-10-07T00:12:36.804509+00:00,ME21D084,01,9,20261007090310,20261007065637,20261007073230,,ME
2026-10-07T00:12:36.804509+00:00,ME21D085,01,2,20261007090907,20261007085059,20261007090913,,ME
2026-10-07T00:12:36.804509+00:00,ME21D087,01,2,20261007090841,20261007083034,20261007090841,,ME
2026-10-07T00:12:36.804509+00:00,ME21D092,01,3,20261007091023,20261007065925,20261007070655,20261007083339,ME
2026-10-07T00:12:36.804509+00:00,ME21D093,01,3,20261007091043,20261007080847,20261007083719,20261007090040,ME
2026-10-07T00:12:36.804509+00:00,ME21D094,01,3,20261007091054,20261006145615,20261006153621,20261007084229,ME
2026-10-07T00:12:36.804509+00:00,ME21D095,01,3,20261007090939,20261007004608,20261007010438,20261007085727,ME
2026-10-07T00:12:36.804509+00:00,ME21D099,01,9,20261007090310,20261006162026,20261006162854,,ME
2026-10-07T00:12:36.804509+00:00,ME21D102,01,3,20261007090910,20261007081825,20261007083901,20261007084046,ME
2026-10-07T00:12:36.804509+00:00,ME21D103,01,3,20261007090958,20261007022142,20261007030327,20261007083114,ME
2026-10-07T00:12:36.804509+00:00,ME21X010,01,2,20261007090620,20261007083908,20261007084254,,ME
2026-10-07T00:12:36.804509+00:00,ME21X014,01,2,20261007090746,20261006154959,20261006155114,,ME
2026-10-07T00:12:36.804509+00:00,ME21X015,01,3,20261007090612,20261007045654,20261007052317,20261007054716,ME
2026-10-07T00:12:36.804509+00:00,ME22C1F9,01,9,20261007090310,20261007074109,20261007082114,,ME
2026-10-07T00:12:36.804509+00:00,ME22C1G0,01,2,20261007090246,20261007072240,20261007075820,,ME
2026-10-07T00:12:36.804509+00:00,ME22C1G2,01,9,20261007090310,20261006230132,20261006234136,,ME
2026-10-07T00:12:36.804509+00:00,ME22C286,02,9,20261007090310,20261006155923,20261006161353,,ME
2026-10-07T00:12:36.804509+00:00,ME22C305,01,9,20261007090310,20261007050432,20261007053140,,ME
2026-10-07T00:12:36.804509+00:00,ME22C305,02,3,20261007090926,20261006161254,20261006162358,20261007090525,ME
2026-10-07T00:12:36.804509+00:00,ME22D155,01,2,20261007090927,20261007075401,20261007083401,,ME
2026-10-07T00:12:36.804509+00:00,ME22D156,01,2,20261007090734,20261006212118,20261006220118,,ME
2026-10-07T00:12:36.804509+00:00,ME22D161,01,3,20261007091052,20261007082935,20261007090905,20261007082935,ME
2026-10-07T00:12:36.804509+00:00,ME22D162,01,3,20261007091103,20261006185710,20261006191856,20261007091054,ME
2026-10-07T00:12:36.804509+00:00,ME22D176,01,5,20261007091049,20261005160320,20261005164320,,ME
2026-10-07T00:12:36.804509+00:00,ME22D1H0,01,3,20261007090817,20261006190229,20261006193547,20261007085303,ME
2026-10-07T00:12:36.804509+00:00,ME22D219,01,2,20261007090931,20261006200952,20261006204952,,ME
2026-10-07T00:12:36.804509+00:00,ME22D219,02,2,20261007090628,20261006112556,20261006120556,,ME
2026-10-07T00:12:36.804509+00:00,ME22D235,01,2,20261007090919,20261007081852,20261007081943,,ME
2026-10-07T00:12:36.804509+00:00,ME22D235,02,2,20261007091028,20261007082431,20261007082937,,ME
2026-10-07T00:12:36.804509+00:00,ME22D401,01,3,20261007091015,20261006205731,20261006213547,20261007083440,ME
2026-10-07T00:12:36.804509+00:00,ME22D401,02,3,20261007090820,20261007060333,20261007063446,20261007085758,ME
2026-10-07T00:12:36.804509+00:00,ME22D401,03,3,20261007090934,20261007070208,20261007072105,20261007084401,ME
2026-10-07T00:12:36.804509+00:00,ME22D401,04,2,20261007090959,20261007082819,20261007090827,,ME
2026-10-07T00:12:36.804509+00:00,ME25C183,01,2,20261007091009,20261006152302,20261006152434,,ME
2026-10-07T00:12:36.804509+00:00,ME25C184,01,2,20261007090901,20261006160956,20261006162157,,ME
2026-10-07T00:12:36.804509+00:00,ME25C282,21,3,20261007091055,20261006181113,20261006182655,20261007085217,ME
2026-10-07T00:12:36.804509+00:00,ME25C282,22,2,20261007091058,20261006140629,20261006144539,,ME
2026-10-07T00:12:36.804509+00:00,ME25C283,01,2,20261007091003,20261006170012,20261006173622,,ME
2026-10-07T00:12:36.804509+00:00,ME25C283,02,2,20261007090859,20261007080130,20261007083431,,ME
2026-10-07T00:12:36.804509+00:00,ME25C284,01,2,20261007090621,20260930133648,20260930141649,,ME
2026-10-07T00:12:36.804509+00:00,ME25C284,02,2,20261007090719,20261006170353,20261006173237,,ME
2026-10-07T00:12:36.804509+00:00,BE241063,04,3,20261007090416,20261007090416,20261007081944,20261007090416,BE
2026-10-07T00:12:36.804509+00:00,BE250115,01,5,20261007090311,20261007085239,20261007090311,,BE
2026-10-07T00:12:36.804509+00:00,BT100008,02,9,20261007090810,20261007083313,20261007073852,20261007083313,BT
2026-10-07T00:12:36.804509+00:00,CU640002,02,2,20261007090958,20260925193201,20260926025412,,CU
2026-10-07T00:12:36.804509+00:00,CV001521,05,2,20261007091022,20260922103446,20260922203856,,CV
2026-10-07T00:12:36.804509+00:00,CV001985,20,3,20261007091029,20261007090552,20261007090552,20261007090552,CV
2026-10-07T00:12:36.804509+00:00,CV002095,02,3,20261007091036,20261007090906,20261007090909,20261007090906,CV
2026-10-07T00:12:36.804509+00:00,EV010779,02,2,20261007090340,20261006130529,20261006191347,,EV
2026-10-07T00:12:36.804509+00:00,EV013759,02,3,20261007090730,20261007063055,20261007085700,20261007090605,EV
2026-10-07T00:12:36.804509+00:00,GR000010,01,2,20261007090421,20261007085942,20261006234905,,GR
2026-10-07T00:12:36.804509+00:00,GR000044,08,2,20261007090801,20261006175335,20261006203640,,GR
2026-10-07T00:12:36.804509+00:00,GR000053,02,2,20261007091022,20261006215703,20261007035325,,GR
2026-10-07T00:12:36.804509+00:00,HE000019,01,3,20261007090700,20261007090700,20261006163601,20261007090700,HE
2026-10-07T00:12:36.804509+00:00,HE240065,05,2,20261007090800,20261007084500,20261007090800,,HE
2026-10-07T00:12:36.804509+00:00,HE240103,01,3,20261007090900,20261007090900,20261006163803,20261007090900,HE
2026-10-07T00:12:36.804509+00:00,HE240340,02,2,20261007090300,20261007084500,20261007090300,,HE
2026-10-07T00:12:36.804509+00:00,HY001389,02,2,20261007090805,20261006174214,20261007090748,,HY
2026-10-07T00:12:36.804509+00:00,JA500011,02,2,20261007090716,20261006225613,20261007090716,,JA
2026-10-07T00:12:36.804509+00:00,JA500012,01,3,20261007091020,20261007091020,20261002072116,20261007091020,JA
2026-10-07T00:12:36.804509+00:00,JD000001,04,3,20261007090951,20261007090951,20261006192537,20261007090843,JD
2026-10-07T00:12:36.804509+00:00,JD000033,02,3,20261007090752,20261007090752,20261007083437,20261007090632,JD
2026-10-07T00:12:36.804509+00:00,JD000054,01,3,20261007091200,20261007091200,20260820143748,20261007091200,JD
2026-10-07T00:12:36.804509+00:00,JD110003,01,2,20261007090250,20261007082654,20261007085704,,JD
2026-10-07T00:12:36.804509+00:00,JD110034,01,3,20261007090350,20261007090350,20261007075854,20261007090320,JD
2026-10-07T00:12:36.804509+00:00,JD110099,01,3,20261007091138,20261007091138,20261006204912,20261007091130,JD
2026-10-07T00:12:36.804509+00:00,JD110126,01,3,20261007090615,20261007090615,20261006222254,20261007090520,JD
2026-10-07T00:12:36.804509+00:00,JE010002,02,3,20261007090432,20261007071118,20261007085926,20261007090302,JE
2026-10-07T00:12:36.804509+00:00,JE010137,03,1,20261007090632,20261004174854,20261004210016,,JE
2026-10-07T00:12:36.804509+00:00,JE010330,01,3,20261007091036,20261007052047,20261007062117,20261007090842,JE
2026-10-07T00:12:36.804509+00:00,JE010333,02,2,20261007090433,20261007084638,20261007090424,,JE
2026-10-07T00:12:36.804509+00:00,JE010347,01,3,20261007090433,20261006090453,20261006115704,20261007090313,JE
2026-10-07T00:12:36.804509+00:00,JE020157,03,3,20261007090632,20261006111549,20261006115727,20261007090609,JE
2026-10-07T00:12:36.804509+00:00,JE040067,01,3,20261007090632,20261006175532,20261007004939,20261007090621,JE
2026-10-07T00:12:36.804509+00:00,JE040083,02,3,20261007090831,20261007032140,20261007043606,20261007090804,JE
2026-10-07T00:12:36.804509+00:00,JE040085,01,3,20261007090831,20261006154938,20261006160659,20261007090750,JE
2026-10-07T00:12:36.804509+00:00,JE045004,06,3,20261007090632,20261006072841,20261006150109,20261007090505,JE
2026-10-07T00:12:36.804509+00:00,JE900005,01,3,20261007090633,20261006161435,20261007070006,20261007090501,JE
2026-10-07T00:12:36.804509+00:00,JE900086,01,3,20261007090832,20261006160128,20261007002645,20261007090712,JE
2026-10-07T00:12:36.804509+00:00,JE900127,01,3,20261007090633,20261006174309,20261006230035,20261007090618,JE
2026-10-07T00:12:36.804509+00:00,JE900158,01,2,20261007090633,20261007083715,20261007090552,,JE
2026-10-07T00:12:36.804509+00:00,JE900190,01,2,20261007090832,20261006185656,20261006195041,,JE
2026-10-07T00:12:36.804509+00:00,JE900229,06,2,20261007090633,20261006220731,20261006225801,,JE
2026-10-07T00:12:36.804509+00:00,JE910019,02,2,20261007090633,20261006192221,20261006204814,,JE
2026-10-07T00:12:36.804509+00:00,JE910031,02,3,20261007091038,20261007075550,20261007085311,20261007090859,JE
2026-10-07T00:12:36.804509+00:00,JE910047,02,3,20261007090434,20261006173817,20261007022313,20261007090313,JE
2026-10-07T00:12:36.804509+00:00,KL001831,06,2,20261007090401,20261006223824,20261007090334,,KL
2026-10-07T00:12:36.804509+00:00,KL001853,03,3,20261007091002,20261007091002,20261007022130,20261007090817,KL
2026-10-07T00:12:36.804509+00:00,KP000199,02,3,20261007091029,20261007082128,20261007084433,20261007090149,KP
2026-10-07T00:12:36.804509+00:00,KP000199,04,3,20261007091029,20261007060259,20261007061107,20261007090931,KP
2026-10-07T00:12:36.804509+00:00,KP000386,01,3,20261007091029,20261006125610,20261006141100,20261007090510,KP
2026-10-07T00:12:36.804509+00:00,KP001165,01,2,20261007091027,20261006231207,20261007090007,,KP
2026-10-07T00:12:36.804509+00:00,KP001198,02,2,20261007091023,20261006211944,20261007020001,,KP
2026-10-07T00:12:36.804509+00:00,KP002229,03,3,20261007091029,20261007073732,20261007075447,20261007090331,KP
2026-10-07T00:12:36.804509+00:00,KP004656,01,2,20261007091029,20261007084223,20261007090755,,KP
2026-10-07T00:12:36.804509+00:00,KP004703,01,2,20261007091009,20261007082438,20261007090413,,KP
2026-10-07T00:12:36.804509+00:00,KP005703,02,2,20261007091014,20261007081908,20261007090039,,KP
2026-10-07T00:12:36.804509+00:00,LI000102,01,2,20261007090722,20261007090221,20261007090722,,LI
2026-10-07T00:12:36.804509+00:00,LU002576,06,2,20261007091142,20261006215408,20261007020545,,LU
2026-10-07T00:12:36.804509+00:00,PC001638,01,2,20261007090819,20261006210839,20261007085753,,PC
2026-10-07T00:12:36.804509+00:00,PI201254,05,2,20261007090511,20261006201651,20261007053804,,PI
2026-10-07T00:12:36.804509+00:00,PI201303,03,3,20261007090511,20261007090042,20261005181023,20261007090511,PI
2026-10-07T00:12:36.804509+00:00,PI645030,20,2,20261007090413,20261006141744,20261006165636,,PI
2026-10-07T00:12:36.804509+00:00,PI753570,06,2,20261007090758,20261006181620,20261007015345,,PI
2026-10-07T00:12:36.804509+00:00,PI780220,03,3,20261007091009,20261007090734,20261006133444,20261007091009,PI
2026-10-07T00:12:36.804509+00:00,PI793205,05,3,20261007090438,20261007090100,20261001205352,20261007090438,PI
2026-10-07T00:12:36.804509+00:00,PI808030,02,2,20261007090854,20261006165142,20261006234514,,PI
2026-10-07T00:12:36.804509+00:00,PIH01508,05,3,20261007090754,20261007090425,20260919193704,20261007090754,PI
2026-10-07T00:12:36.804509+00:00,PK000306,04,3,20261007091159,20261007071516,20261007072820,20261007090249,PK
2026-10-07T00:12:36.804509+00:00,PK000364,02,2,20261007091033,20261007082019,20260217061047,,PK
2026-10-07T00:12:36.804509+00:00,PK000364,03,3,20261007091033,20261007091033,20260821090205,20261007091033,PK
2026-10-07T00:12:36.804509+00:00,PW014170,06,2,20261007090622,20261006182501,20261007004558,,PW
2026-10-07T00:12:36.804509+00:00,PW015122,02,2,20261007090709,20261006111633,20261006150158,,PW
2026-10-07T00:12:36.804509+00:00,PW015362,08,2,20261007091118,20261006164944,20261006212012,,PW
2026-10-07T00:12:36.804509+00:00,PWE00792,04,2,20261007091007,20261006180808,20261007091007,,PW
2026-10-07T00:12:36.804509+00:00,PWE06067,03,3,20261007090409,20261007090409,20261007003812,20261007090409,PW
2026-10-07T00:12:36.804509+00:00,RE000356,21,2,20261007091003,20261007073136,20261007084425,,RE
2026-10-07T00:12:36.804509+00:00,RE000357,44,3,20261007090403,20261007090403,20261006162155,20261007090233,RE
2026-10-07T00:12:36.804509+00:00,SOA33001,01,1,20261007091014,20261007064213,20261007064413,,SO
2026-10-07T00:12:36.804509+00:00,ST500003,02,3,20261007090432,20261004090954,20261005183718,20261007090432,ST
2026-10-07T00:12:36.804509+00:00,ST501140,02,3,20261007090438,20261007090438,20261006141024,20261006091733,ST
2026-10-07T00:12:36.804509+00:00,ST600611,01,2,20261007090511,20261003104410,20261006191902,,ST
2026-10-07T00:12:36.804509+00:00,ST601107,02,2,20261007091117,20260930175149,20261007090704,,ST
2026-10-07T00:12:36.804509+00:00,ST601107,13,2,20261007090910,20261006192048,20261007090712,,ST
2026-10-07T00:12:36.804509+00:00,ME174046,01,2,20261007090626,20261006153737,20261006155127,,ME
2026-10-07T00:12:36.804509+00:00,ME174050,01,2,20261007090727,20261001170730,20261001170951,,ME
2026-10-07T00:12:36.804509+00:00,ME174050,02,2,20261007090806,20261006124450,20261006132550,,ME
2026-10-07T00:12:36.804509+00:00,ME174050,03,2,20261007091002,20261006110720,20261006113026,,ME
2026-10-07T00:12:36.804509+00:00,ME174050,04,2,20261007090743,20261006150433,20261006154323,,ME
2026-10-07T00:12:36.804509+00:00,ME174050,05,2,20261007090743,20261005144243,20261005151909,,ME
2026-10-07T00:12:36.804509+00:00,ME174061,01,2,20261007091031,20261006160425,20261006162156,,ME
2026-10-07T00:12:36.804509+00:00,ME174062,01,2,20261007090750,20261005130453,20261005134029,,ME
2026-10-07T00:12:36.804509+00:00,ME183101,01,2,20261007090702,20261006164049,20261006164233,,ME
2026-10-07T00:12:36.804509+00:00,ME183101,02,2,20261007090714,20261005115439,20261005121956,,ME
2026-10-07T00:12:36.804509+00:00,ME183101,03,2,20261007091045,20261006124629,20261006131009,,ME
2026-10-07T00:12:36.804509+00:00,ME183101,04,2,20261007090719,20261007082811,20261007083717,,ME
2026-10-07T00:12:36.804509+00:00,ME183101,52,2,20261007090709,20261004145214,20261004150345,,ME
2026-10-07T00:12:36.804509+00:00,ME183101,54,2,20261007090724,20261004141031,20261004141201,,ME
2026-10-07T00:12:36.804509+00:00,ME183102,02,2,20261007090645,20261006050530,20261006054836,,ME
2026-10-07T00:12:36.804509+00:00,ME183102,52,2,20261007090700,20261006112945,20261006121250,,ME
2026-10-07T00:12:36.804509+00:00,ME184122,01,2,20261007090932,20261006210950,20261006214400,,ME
2026-10-07T00:12:36.804509+00:00,ME184124,01,2,20261007090750,20261006184026,20261006190416,,ME
2026-10-07T00:12:36.804509+00:00,ME184125,01,2,20261007090627,20261006144530,20261006150314,,ME
2026-10-07T00:12:36.804509+00:00,ME184126,02,2,20261007090611,20261006182133,20261006190217,,ME
2026-10-07T00:12:36.804509+00:00,ME18A173,01,2,20261007091012,20261007062150,20261007062910,,ME
2026-10-07T00:12:36.804509+00:00,ME18A174,01,2,20261007090920,20261006194114,20261006202419,,ME
2026-10-07T00:12:36.804509+00:00,ME18A175,01,2,20261007091005,20261007082050,20261007085819,,ME
2026-10-07T00:12:36.804509+00:00,ME18A180,01,2,20261007091048,20261006130329,20261006133155,,ME
2026-10-07T00:12:36.804509+00:00,ME18A268,11,2,20261007090743,20261006223256,20261006223914,,ME
2026-10-07T00:12:36.804509+00:00,ME18A268,12,2,20261007090739,20261006145038,20261006151556,,ME
2026-10-07T00:12:36.804509+00:00,ME18A269,11,2,20261007090911,20261006112854,20261006115659,,ME
2026-10-07T00:12:36.804509+00:00,ME18A269,12,2,20261007090905,20261006103338,20261006111641,,ME
2026-10-07T00:12:36.804509+00:00,ME18A270,11,3,20261007091056,20261002081142,20261002083239,20261007090021,ME
2026-10-07T00:12:36.804509+00:00,ME18A270,12,2,20261007090903,20261007074940,20261007081301,,ME
2026-10-07T00:12:36.804509+00:00,ME18A271,01,2,20261007090836,20261003154138,20261003161603,,ME
2026-10-07T00:12:36.804509+00:00,ME18A271,02,2,20261007091018,20261007061035,20261007065038,,ME
2026-10-07T00:12:36.804509+00:00,ME18A272,11,2,20261007091052,20261006173035,20261006180734,,ME
2026-10-07T00:12:36.804509+00:00,ME18A272,12,2,20261007091048,20261006142857,20261006151201,,ME
2026-10-07T00:12:36.804509+00:00,ME18A273,11,2,20261007090726,20261006145306,20261006152548,,ME
2026-10-07T00:12:36.804509+00:00,ME18A273,12,2,20261007090733,20261007060052,20261007061543,,ME
2026-10-07T00:12:36.804509+00:00,ME18A274,11,2,20261007090921,20261006103459,20261006105851,,ME
2026-10-07T00:12:36.804509+00:00,ME18A274,12,2,20261007090916,20261006163246,20261006171550,,ME
2026-10-07T00:12:36.804509+00:00,ME18A275,11,2,20261007091010,20261006161758,20261006164611,,ME
2026-10-07T00:12:36.804509+00:00,ME18A275,12,2,20261007091005,20261006182842,20261006183412,,ME
2026-10-07T00:12:36.804509+00:00,ME18A281,11,2,20261007090736,20260930150635,20260930151317,,ME
2026-10-07T00:12:36.804509+00:00,ME18A281,12,2,20261007090741,20261006100139,20261006103844,,ME
2026-10-07T00:12:36.804509+00:00,ME18A306,01,2,20261007090758,20261006192822,20261006193837,,ME
2026-10-07T00:12:36.804509+00:00,ME18A306,11,2,20261007090746,20261002121626,20261002130155,,ME
2026-10-07T00:12:36.804509+00:00,ME18A306,12,2,20261007090750,20261006203629,20261006210538,,ME
2026-10-07T00:12:36.804509+00:00,ME19B169,01,2,20261007091006,20261004194711,20261004200504,,ME
2026-10-07T00:12:36.804509+00:00,ME19B170,01,2,20261007090958,20261007065629,20261007073555,,ME
2026-10-07T00:12:36.804509+00:00,ME19B171,01,2,20261007090912,20261006162909,20261006170909,,ME
2026-10-07T00:12:36.804509+00:00,ME19B172,01,2,20261007090925,20261006214119,20261006220213,,ME
2026-10-07T00:12:36.804509+00:00,ME19B173,01,2,20261007090701,20261007073652,20261007080238,,ME
2026-10-07T00:12:36.804509+00:00,ME19B240,21,3,20261007091051,20261006173905,20261006180642,20261007084613,ME
2026-10-07T00:12:36.804509+00:00,ME19B240,22,2,20261007090250,20261007031732,20261007035740,,ME
2026-10-07T00:12:36.804509+00:00,ME19B242,21,9,20261007090310,20261007043627,20261007051634,,ME
2026-10-07T00:12:36.804509+00:00,ME19B242,22,3,20261007090926,20261006165633,20261006170641,20261007085645,ME
2026-10-07T00:12:36.804509+00:00,ME20B1e1,01,2,20261007090612,20261006142807,20261006144240,,ME
2026-10-07T00:12:36.804509+00:00,ME20B1e2,01,2,20261007090859,20261006165432,20261006173427,,ME
2026-10-07T00:12:36.804509+00:00,ME20B1e3,01,2,20261007090620,20261006103429,20261006105255,,ME
2026-10-07T00:12:36.804509+00:00,ME20B2a0,91,2,20261007091026,20261007080724,20261007083744,,ME
2026-10-07T00:12:36.804509+00:00,ME20B2a0,92,2,20261007091022,20261005122044,20261005123945,,ME
2026-10-07T00:12:36.804509+00:00,ME20B2a1,21,2,20261007091011,20260930153947,20260930161947,,ME
2026-10-07T00:12:36.804509+00:00,ME20B2a1,22,2,20261007091011,20260923104352,20260923104521,,ME
2026-10-07T00:12:36.804509+00:00,ME20B2a2,21,2,20261007090726,20261004120141,20261004120858,,ME
2026-10-07T00:12:36.804509+00:00,ME20B2a2,22,2,20261007090726,20261002070459,20261002072043,,ME
2026-10-07T00:12:36.804509+00:00,ME20B416,21,2,20261007090917,20261004103641,20261004105011,,ME
2026-10-07T00:12:36.804509+00:00,ME20B416,22,2,20261007090917,20261006182144,20261006183046,,ME
2026-10-07T00:12:36.804509+00:00,ME20B416,23,2,20261007090920,20261006091317,20261006093008,,ME
2026-10-07T00:12:36.804509+00:00,ME20B416,24,2,20261007090920,20261007073720,20261007080431,,ME
2026-10-07T00:12:36.804509+00:00,ME20B417,41,2,20261007090757,20261001133924,20261001141346,,ME
2026-10-07T00:12:36.804509+00:00,ME20B417,42,2,20261007090823,20261006183554,20261006191133,,ME
2026-10-07T00:12:36.804509+00:00,ME20B417,43,2,20261007090828,20261006154652,20261006160212,,ME
2026-10-07T00:12:36.804509+00:00,ME20B417,44,2,20261007090824,20261006214850,20261006221727,,ME
2026-10-07T00:12:36.804509+00:00,ME21B1D0,01,9,20261007090310,20261006170403,20261006172049,,ME
2026-10-07T00:12:36.804509+00:00,ME21B1E8,01,9,20261007090310,20261006163745,20261006171325,,ME
2026-10-07T00:12:36.804509+00:00,ME21B318,02,9,20261007090310,20261006185622,20261006191332,,ME
2026-10-07T00:12:36.804509+00:00,ME21D057,01,3,20261007091006,20261007075351,20261007082630,20261007083539,ME
2026-10-07T00:12:36.804509+00:00,ME21D058,01,2,20261007091036,20261006173344,20261006175106,,ME
2026-10-07T00:12:36.804509+00:00,ME21D060,01,3,20261007091031,20261007063754,20261007070930,20261007090424,ME
2026-10-07T00:12:36.804509+00:00,ME21D061,01,2,20261007090649,20261007082513,20261007090652,,ME
2026-10-07T00:12:36.804509+00:00,ME21D062,01,9,20261007090310,20261006181137,20261006182615,,ME
2026-10-07T00:12:36.804509+00:00,ME21D063,01,3,20261007090909,20261006203928,20261006210720,20261007085058,ME
2026-10-07T00:12:36.804509+00:00,ME21D069,01,3,20261007091104,20261007082034,20261007085042,20261007085832,ME
2026-10-07T00:12:36.804509+00:00,ME21D073,01,3,20261007091054,20261007075854,20261007081705,20261007085846,ME
2026-10-07T00:12:36.804509+00:00,ME21D077,01,9,20261007090310,20261006184457,20261006190445,,ME
2026-10-07T00:12:36.804509+00:00,ME21X008,01,2,20261007090706,20261006183615,20261006191936,,ME
2026-10-07T00:12:36.804509+00:00,ME22A611,34,3,20261007090919,20261006224226,20261006232532,20261007090918,ME
2026-10-07T00:12:36.804509+00:00,ME22B336,81,3,20261007091005,20261006162529,20261006164735,20261007083536,ME
2026-10-07T00:12:36.804509+00:00,ME22C285,02,9,20261007090310,20261007032735,20261007040851,,ME
2026-10-07T00:12:36.804509+00:00,ME22D1H1,01,2,20261007090902,20261006165251,20261006173251,,ME
2026-10-07T00:12:36.804509+00:00,ME25C181,01,3,20261007090947,20261006202644,20261006210645,20261007085943,ME
2026-10-07T00:12:36.804509+00:00,ME25C182,01,4,20261007090745,20261006191807,20261006194754,,ME
2026-10-07T00:12:36.804509+00:00,ME25C281,21,2,20261007091029,20261006183921,20261006185215,,ME
2026-10-07T00:12:36.804509+00:00,ME25C281,22,2,20261007091031,20261005185243,20261005193245,,ME
2026-10-07T00:12:36.804509+00:00,ME25C318,01,2,20261007090651,20261007082744,20261007083540,,ME
2026-10-07T00:12:36.804509+00:00,ME25C318,21,4,20261007091109,20261004134710,20261004140626,,ME
2026-10-07T00:12:36.804509+00:00,ME25C318,22,2,20261007091011,20261006094806,20261006100942,,ME
2026-10-07T00:12:36.804509+00:00,ME25C431,01,2,20261007090640,20260914133046,20260914133228,,ME
2026-10-07T00:12:36.804509+00:00,ME25C431,02,2,20261007090813,20261006181910,20261006183615,,ME
2026-10-07T00:12:36.804509+00:00,ME25C431,03,2,20261007090712,20261006180113,20261006182349,,ME
2026-10-07T00:12:36.804509+00:00,ME25C431,04,2,20261007090755,20261005202832,20261005205200,,ME
2026-10-07T00:12:36.804509+00:00,BE241042,02,3,20261007090713,20261007090713,20261006134524,20261007090713,BE
2026-10-07T00:12:36.804509+00:00,CV002589,01,3,20261007090538,20261007090501,20261007090503,20261007090501,CV
2026-10-07T00:12:36.804509+00:00,GR000024,02,2,20261007090300,20261006161925,20261007090254,,GR
2026-10-07T00:12:36.804509+00:00,HE000074,04,2,20261007090500,20261007090400,20261007090500,,HE
2026-10-07T00:12:36.804509+00:00,HE000074,05,3,20261007090500,20261007090500,20261006102501,20261007090500,HE
2026-10-07T00:12:36.804509+00:00,HE230005,02,3,20261007090500,20261007090500,20261007015518,20261007090500,HE
2026-10-07T00:12:36.804509+00:00,JD000004,02,2,20261007090951,20261007090817,20261007091048,,JD
2026-10-07T00:12:36.804509+00:00,JD000010,01,2,20261007090458,20261007085158,20261007090304,,JD
2026-10-07T00:12:36.804509+00:00,JD000076,01,2,20261007091200,20261007090900,20261007091200,,JD
2026-10-07T00:12:36.804509+00:00,JD000097,01,3,20261007091200,20261007091200,20261007062900,20261007091200,JD
2026-10-07T00:12:36.804509+00:00,JD000105,01,3,20261007091000,20261007091000,20261006200200,20261007091000,JD
2026-10-07T00:12:36.804509+00:00,JD100014,03,3,20261007090652,20261007090652,20261007073805,20261007090549,JD
2026-10-07T00:12:36.804509+00:00,JD160062,01,3,20261007090251,20261007090251,20261007090000,20261007090229,JD
2026-10-07T00:12:36.804509+00:00,JD160083,01,3,20261007090952,20261007090952,20261007060937,20261007082134,JD
2026-10-07T00:12:36.804509+00:00,JD160094,04,2,20261007091000,20261006123400,20261007091000,,JD
2026-10-07T00:12:36.804509+00:00,JE010368,12,2,20261007090830,20261007081229,20261007090649,,JE
2026-10-07T00:12:36.804509+00:00,JE020028,06,3,20261007090239,20261006084906,20261006122416,20261007090117,JE
2026-10-07T00:12:36.804509+00:00,JE020045,01,2,20261007090830,20261006211759,20261007030142,,JE
2026-10-07T00:12:36.804509+00:00,JE020110,01,3,20261007091036,20261004190529,20261004213456,20261007090916,JE
2026-10-07T00:12:36.804509+00:00,JE020128,01,2,20261007091036,20261007013803,20261007090437,,JE
2026-10-07T00:12:36.804509+00:00,JE020137,02,3,20261007090632,20261007070555,20261007075242,20261007090551,JE
2026-10-07T00:12:36.804509+00:00,JE020137,04,2,20261007090831,20261007080735,20261007085733,,JE
2026-10-07T00:12:36.804509+00:00,JE020137,08,3,20261007090632,20261007080735,20261007082712,20261007090611,JE
2026-10-07T00:12:36.804509+00:00,JE020137,09,2,20261007090831,20261007083142,20261007090229,,JE
2026-10-07T00:12:36.804509+00:00,JE020162,01,3,20261007090239,20261006165551,20261006173320,20261007090129,JE
2026-10-07T00:12:36.804509+00:00,JE900169,02,3,20261007091038,20261006174106,20261006214300,20261007090835,JE
2026-10-07T00:12:36.804509+00:00,JE900187,02,3,20261007090832,20261006223615,20261007002251,20261006223615,JE
2026-10-07T00:12:36.804509+00:00,JE900199,05,3,20261007090240,20261007072847,20261007081710,20261007090229,JE
2026-10-07T00:12:36.804509+00:00,KE001383,01,2,20261007090359,20261007085307,20261007090314,,KE
2026-10-07T00:12:36.804509+00:00,KP000431,01,3,20261007091029,20261006205739,20261006210037,20261007090154,KP
2026-10-07T00:12:36.804509+00:00,PC000935,07,3,20261007090935,20261006170158,20261006173923,20261007090935,PC
2026-10-07T00:12:36.804509+00:00,PI201431,03,2,20261007090501,20261006181547,20261006230044,,PI
2026-10-07T00:12:36.804509+00:00,PI640355,01,3,20261007090247,20261007090043,20261007041840,20261007090247,PI
2026-10-07T00:12:36.804509+00:00,PI690009,12,3,20261007090834,20261007090723,20260926173048,20261007090834,PI
2026-10-07T00:12:36.804509+00:00,PI700933,01,3,20261007091008,20261007090921,20261007074702,20261007091008,PI
2026-10-07T00:12:36.804509+00:00,PIH01105,31,3,20261007090406,20261007085909,20261001044936,20261007090406,PI
2026-10-07T00:12:36.804509+00:00,PIH01497,09,3,20261007090406,20261007090147,20261007083521,20261007090406,PI
2026-10-07T00:12:36.804509+00:00,PL032061,14,2,20261007091015,20261006164149,20261007091015,,PL
2026-10-07T00:12:36.804509+00:00,PW100795,03,2,20261007091109,20261006183821,20261006222341,,PW
2026-10-07T00:12:36.804509+00:00,SF003015,03,3,20261007091016,20261007091016,20261006223506,20261006183420,SF
2026-10-07T00:12:36.804509+00:00,ST501323,01,2,20261007091040,20261007084942,20261007091040,,ST
2026-10-07T00:32:36.114165+00:00,ME174067,01,2,20261007092748,20261006103354,20261006110330,,ME
2026-10-07T00:32:36.114165+00:00,ME181538,01,2,20261007092643,20261006212218,20261006212944,,ME
2026-10-07T00:32:36.114165+00:00,ME181539,01,2,20261007092818,20261006203339,20261006211418,,ME
2026-10-07T00:32:36.114165+00:00,ME181541,01,2,20261007092910,20261005181705,20261005185708,,ME
2026-10-07T00:32:36.114165+00:00,ME184129,01,2,20261007092809,20261003153003,20261003161322,,ME
2026-10-07T00:32:36.114165+00:00,ME184130,01,2,20261007092810,20261007063634,20261007064838,,ME
2026-10-07T00:32:36.114165+00:00,ME184131,01,2,20261007092910,20261007081245,20261007085051,,ME
2026-10-07T00:32:36.114165+00:00,ME18A176,01,2,20261007092642,20261006224926,20261006230021,,ME
2026-10-07T00:32:36.114165+00:00,ME18A177,01,2,20261007092714,20261006123523,20261006130052,,ME
2026-10-07T00:32:36.114165+00:00,ME18A178,01,2,20261007092658,20261005164341,20261005170217,,ME
2026-10-07T00:32:36.114165+00:00,ME18A179,01,2,20261007092614,20261006090217,20261006091807,,ME
2026-10-07T00:32:36.114165+00:00,ME18A276,11,2,20261007093012,20260927190040,20260927190352,,ME
2026-10-07T00:32:36.114165+00:00,ME18A276,12,2,20261007093001,20260925101706,20260925104659,,ME
2026-10-07T00:32:36.114165+00:00,ME18A277,11,3,20261007092914,20261007081048,20261007082323,20261007091125,ME
2026-10-07T00:32:36.114165+00:00,ME18A277,12,2,20261007092920,20261006191856,20261006195632,,ME
2026-10-07T00:32:36.114165+00:00,ME18A278,01,2,20261007093057,20261007080600,20261007081805,,ME
2026-10-07T00:32:36.114165+00:00,ME18A278,02,2,20261007093040,20261007091906,20261007092031,,ME
2026-10-07T00:32:36.114165+00:00,ME18A279,11,2,20261007092955,20261005154501,20261005162806,,ME
2026-10-07T00:32:36.114165+00:00,ME18A279,12,2,20261007092948,20261007070524,20261007074019,,ME
2026-10-07T00:32:36.114165+00:00,ME18A282,11,2,20261007092657,20261007072925,20261007080119,,ME
2026-10-07T00:32:36.114165+00:00,ME18A282,12,2,20261007092712,20261006173419,20261006174154,,ME
2026-10-07T00:32:36.114165+00:00,ME18A283,11,3,20261007092832,20261007080047,20261007084350,20261007092824,ME
2026-10-07T00:32:36.114165+00:00,ME18A283,12,2,20261007092823,20261004080825,20261004084258,,ME
2026-10-07T00:32:36.114165+00:00,ME18A307,01,2,20261007093109,20261006131935,20261006134620,,ME
2026-10-07T00:32:36.114165+00:00,ME18A308,01,3,20261007093055,20261006154115,20261006155800,20261007090047,ME
2026-10-07T00:32:36.114165+00:00,ME18A308,11,2,20261007092750,20261005140606,20261005143350,,ME
2026-10-07T00:32:36.114165+00:00,ME18A308,12,2,20261007092755,20261006121919,20261006122945,,ME
2026-10-07T00:32:36.114165+00:00,ME18A309,01,2,20261007093105,20261007081837,20261007090142,,ME
2026-10-07T00:32:36.114165+00:00,ME18A309,11,2,20261007092754,20261006200044,20261006204242,,ME
2026-10-07T00:32:36.114165+00:00,ME18A309,12,2,20261007092758,20261007082008,20261007085858,,ME
2026-10-07T00:32:36.114165+00:00,ME19B174,11,2,20261007092801,20261007023843,20261007030322,,ME
2026-10-07T00:32:36.114165+00:00,ME19B174,12,2,20261007092802,20261007075917,20261007082329,,ME
2026-10-07T00:32:36.114165+00:00,ME19B243,21,2,20261007092829,20261007085920,20261007092818,,ME
2026-10-07T00:32:36.114165+00:00,ME19B245,22,3,20261007092925,20261006161954,20261006170004,20261007091820,ME
2026-10-07T00:32:36.114165+00:00,ME19B246,21,2,20261007093045,20261007090037,20261007093040,,ME
2026-10-07T00:32:36.114165+00:00,ME19B406,24,3,20261007093046,20261006190940,20261006192832,20261007092640,ME
2026-10-07T00:32:36.114165+00:00,ME19D126,01,3,20261007092945,20261007074159,20261007081549,20261007092948,ME
2026-10-07T00:32:36.114165+00:00,ME19D127,01,2,20261007092851,20261006075300,20261006083300,,ME
2026-10-07T00:32:36.114165+00:00,ME19Y240,21,2,20261007092653,20261007062201,20261007070201,,ME
2026-10-07T00:32:36.114165+00:00,ME19Y240,22,2,20261007092653,20261007071139,20261007073441,,ME
2026-10-07T00:32:36.114165+00:00,ME19Y269,01,2,20261007092654,20261006214518,20261006222518,,ME
2026-10-07T00:32:36.114165+00:00,ME19Y269,02,2,20261007092703,20261007083309,20261007090402,,ME
2026-10-07T00:32:36.114165+00:00,ME19Y270,01,2,20261007092914,20261007080122,20261007084122,,ME
2026-10-07T00:32:36.114165+00:00,ME19Y270,02,2,20261007092636,20261007064731,20261007071715,,ME
2026-10-07T00:32:36.114165+00:00,ME19Y271,01,2,20261007092715,20261007091115,20261007092241,,ME
2026-10-07T00:32:36.114165+00:00,ME19Y271,02,2,20261007093016,20261007071303,20261007075303,,ME
2026-10-07T00:32:36.114165+00:00,ME20B1e4,01,2,20261007093054,20261007071305,20261007072409,,ME
2026-10-07T00:32:36.114165+00:00,ME20B1e5,01,2,20261007092904,20261006174200,20261006181256,,ME
2026-10-07T00:32:36.114165+00:00,ME20B1e6,91,2,20261007092646,20261007080603,20261007084603,,ME
2026-10-07T00:32:36.114165+00:00,ME20B2a3,21,2,20261007092953,20261006125950,20261006130120,,ME
2026-10-07T00:32:36.114165+00:00,ME20B2a3,22,2,20261007092953,20261006130221,20261006130352,,ME
2026-10-07T00:32:36.114165+00:00,ME20B2a4,21,2,20261007093047,20261006213440,20261006220720,,ME
2026-10-07T00:32:36.114165+00:00,ME20B2a4,22,3,20261007092723,20261007053508,20261007061508,20261007090718,ME
2026-10-07T00:32:36.114165+00:00,ME20B2a5,21,3,20261007092833,20261006173218,20261006175519,20261007092832,ME
2026-10-07T00:32:36.114165+00:00,ME20B2a5,22,2,20261007092927,20261006210022,20261006213538,,ME
2026-10-07T00:32:36.114165+00:00,ME20B2a6,21,2,20261007092910,20261002085825,20261002092516,,ME
2026-10-07T00:32:36.114165+00:00,ME20B2a6,22,2,20261007092910,20261006212930,20261006220930,,ME
2026-10-07T00:32:36.114165+00:00,ME20B2a7,21,2,20261007093012,20261006211831,20261006215831,,ME
2026-10-07T00:32:36.114165+00:00,ME20B2a7,22,2,20261007093012,20261006205622,20261006211558,,ME
2026-10-07T00:32:36.114165+00:00,ME20B2a8,21,2,20261007092804,20261006200926,20261006204926,,ME
2026-10-07T00:32:36.114165+00:00,ME20B2a8,22,2,20261007092804,20261007072421,20261007074703,,ME
2026-10-07T00:32:36.114165+00:00,ME20B2a9,21,2,20261007092803,20261006180949,20261006184331,,ME
2026-10-07T00:32:36.114165+00:00,ME20B2a9,22,2,20261007092803,20261007085702,20261007091626,,ME
2026-10-07T00:32:36.114165+00:00,ME20B2b0,21,5,20261007092812,20261005143505,20261005150342,,ME
2026-10-07T00:32:36.114165+00:00,ME20B2b0,22,2,20261007092812,20261005175606,20261005182530,,ME
2026-10-07T00:32:36.114165+00:00,ME20B2b1,21,2,20261007093035,20261006150609,20261006154609,,ME
2026-10-07T00:32:36.114165+00:00,ME20B2b1,22,2,20261007093035,20261006123249,20261006130718,,ME
2026-10-07T00:32:36.114165+00:00,ME20B2b2,21,2,20261007093041,20260916145246,20260916145416,,ME
2026-10-07T00:32:36.114165+00:00,ME20B2b2,22,2,20261007093041,20260925110458,20260925114155,,ME
2026-10-07T00:32:36.114165+00:00,ME20B2b3,21,2,20261007092618,20261006153025,20261006161025,,ME
2026-10-07T00:32:36.114165+00:00,ME20B2b3,22,2,20261007092618,20261007065135,20261007073135,,ME
2026-10-07T00:32:36.114165+00:00,ME20B2b4,01,2,20261007092816,20261002092503,20261002100503,,ME
2026-10-07T00:32:36.114165+00:00,ME20B2b4,02,2,20261007092946,20261001134855,20261001142855,,ME
2026-10-07T00:32:36.114165+00:00,ME20B418,41,2,20261007092928,20261006174819,20261006180320,,ME
2026-10-07T00:32:36.114165+00:00,ME20B418,42,2,20261007092953,20261007083015,20261007084420,,ME
2026-10-07T00:32:36.114165+00:00,ME20B418,43,2,20261007093008,20261006140840,20261006144840,,ME
2026-10-07T00:32:36.114165+00:00,ME20B418,44,2,20261007092946,20261006191741,20261006194638,,ME
2026-10-07T00:32:36.114165+00:00,ME21D081,01,2,20261007092549,20261007092415,20261007092550,,ME
2026-10-07T00:32:36.114165+00:00,ME21D093,01,2,20261007092708,20261007090040,20261007092714,,ME
2026-10-07T00:32:36.114165+00:00,ME21D095,01,3,20261007093000,20261007004608,20261007010438,20261007085727,ME
2026-10-07T00:32:36.114165+00:00,ME21X010,01,2,20261007092624,20261007083908,20261007084254,,ME
2026-10-07T00:32:36.114165+00:00,ME21X014,01,2,20261007092746,20261006154959,20261006155114,,ME
2026-10-07T00:32:36.114165+00:00,ME21X015,01,2,20261007092616,20261007054716,20261007063012,,ME
2026-10-07T00:32:36.114165+00:00,ME22C305,02,3,20261007092945,20261006161254,20261006162358,20261007090525,ME
2026-10-07T00:32:36.114165+00:00,ME22D155,01,2,20261007092926,20261007075401,20261007083401,,ME
2026-10-07T00:32:36.114165+00:00,ME22D156,01,2,20261007092734,20261006212118,20261006220118,,ME
2026-10-07T00:32:36.114165+00:00,ME22D161,01,3,20261007093053,20261007082935,20261007090905,20261007092534,ME
2026-10-07T00:32:36.114165+00:00,ME22D162,01,3,20261007093100,20261006185710,20261006191856,20261007091054,ME
2026-10-07T00:32:36.114165+00:00,ME22D176,01,2,20261007093049,20261005160320,20261005164320,,ME
2026-10-07T00:32:36.114165+00:00,ME22D1H0,01,3,20261007092822,20261006190229,20261006193547,20261007085303,ME
2026-10-07T00:32:36.114165+00:00,ME22D219,01,2,20261007092931,20261006200952,20261006204952,,ME
2026-10-07T00:32:36.114165+00:00,ME22D219,02,3,20261007093019,20261006112556,20261006120556,20261007092002,ME
2026-10-07T00:32:36.114165+00:00,ME22D235,01,2,20261007092920,20261007081852,20261007081943,,ME
2026-10-07T00:32:36.114165+00:00,ME22D235,02,2,20261007093028,20261007082431,20261007082937,,ME
2026-10-07T00:32:36.114165+00:00,ME22D401,01,3,20261007092722,20261007083440,20261007091448,20261007092703,ME
2026-10-07T00:32:36.114165+00:00,ME22D401,02,2,20261007092925,20261007085758,20261007092728,,ME
2026-10-07T00:32:36.114165+00:00,ME22D401,03,2,20261007092930,20261007084401,20261007092409,,ME
2026-10-07T00:32:36.114165+00:00,ME22D401,04,3,20261007092808,20261007082819,20261007090827,20261007092252,ME
2026-10-07T00:32:36.114165+00:00,ME25C183,01,2,20261007093009,20261006152302,20261006152434,,ME
2026-10-07T00:32:36.114165+00:00,ME25C184,01,2,20261007092902,20261006160956,20261006162157,,ME
2026-10-07T00:32:36.114165+00:00,ME25C282,21,3,20261007093055,20261006181113,20261006182655,20261007085217,ME
2026-10-07T00:32:36.114165+00:00,ME25C282,22,2,20261007093057,20261006140629,20261006144539,,ME
2026-10-07T00:32:36.114165+00:00,ME25C283,01,2,20261007093005,20261006170012,20261006173622,,ME
2026-10-07T00:32:36.114165+00:00,ME25C283,02,2,20261007092902,20261007080130,20261007083431,,ME
2026-10-07T00:32:36.114165+00:00,ME25C284,01,2,20261007092623,20260930133648,20260930141649,,ME
2026-10-07T00:32:36.114165+00:00,ME25C284,02,2,20261007092722,20261006170353,20261006173237,,ME
2026-10-07T00:32:36.114165+00:00,BT000070,01,2,20261007092500,20261007091346,20261007091455,,BT
2026-10-07T00:32:36.114165+00:00,BT000077,01,9,20261007092810,20261007072019,20261007072019,,BT
2026-10-07T00:32:36.114165+00:00,BT100009,02,3,20261007092953,20261007092953,20261007092927,20261007092953,BT
2026-10-07T00:32:36.114165+00:00,CV001193,01,2,20261007093023,20261007085940,20261007092749,,CV
2026-10-07T00:32:36.114165+00:00,CV001193,02,3,20261007093023,20261007092933,20261007092937,20261007093023,CV
2026-10-07T00:32:36.114165+00:00,CV001193,04,3,20261007092521,20261007092512,20261007092515,20261007092521,CV
2026-10-07T00:32:36.114165+00:00,CV001630,07,3,20261007093030,20261007092815,20261007092821,20261007092815,CV
2026-10-07T00:32:36.114165+00:00,CV001985,20,2,20261007093029,20261007090552,20261007092620,,CV
2026-10-07T00:32:36.114165+00:00,CV002721,01,3,20261007092531,20261007092429,20261007092436,20261007092531,CV
2026-10-07T00:32:36.114165+00:00,EV015694,04,2,20261007092354,20261006172053,20261007000832,,EV
2026-10-07T00:32:36.114165+00:00,EV021520,03,2,20261007093201,20261006163931,20261007093036,,EV
2026-10-07T00:32:36.114165+00:00,GR000005,03,2,20261007093121,20261007092906,20261006105550,,GR
2026-10-07T00:32:36.114165+00:00,GR000050,03,2,20261007092239,20261006203548,20261007023742,,GR
2026-10-07T00:32:36.114165+00:00,HE000019,01,2,20261007093000,20261007090700,20261007093000,,HE
2026-10-07T00:32:36.114165+00:00,HE230002,01,2,20261007092700,20261007083200,20261007092700,,HE
2026-10-07T00:32:36.114165+00:00,HE240103,02,3,20261007092900,20261007092900,20261007092400,20261007092900,HE
2026-10-07T00:32:36.114165+00:00,HE240420,02,2,20261007092900,20261007091800,20261007092900,,HE
2026-10-07T00:32:36.114165+00:00,HE240436,01,2,20261007092500,20261006190937,20261007043810,,HE
2026-10-07T00:32:36.114165+00:00,HY001110,21,2,20261007092904,20261006202836,20261007092801,,HY
2026-10-07T00:32:36.114165+00:00,JA500009,01,2,20261007092811,20261007080711,20261007092811,,JA
2026-10-07T00:32:36.114165+00:00,JD000001,16,3,20261007092540,20261007092540,20261006180619,20261007092508,JD
2026-10-07T00:32:36.114165+00:00,JD000002,03,2,20261007093000,20261007081900,20261007093000,,JD
2026-10-07T00:32:36.114165+00:00,JD000003,01,3,20261007092500,20261007092500,20261007075400,20261007092500,JD
2026-10-07T00:32:36.114165+00:00,JD000018,01,2,20261007093133,20261007070236,20261007071947,,JD
2026-10-07T00:32:36.114165+00:00,JD000038,02,3,20261007092844,20261007092844,20261007075303,20261007092822,JD
2026-10-07T00:32:36.114165+00:00,JD000054,01,3,20261007093200,20261007093200,20260820143748,20261007093200,JD
2026-10-07T00:32:36.114165+00:00,JD100002,01,3,20261007092356,20261007092356,20261007070534,20261007092303,JD
2026-10-07T00:32:36.114165+00:00,JD110034,01,2,20261007092937,20261007090320,20261007090347,,JD
2026-10-07T00:32:36.114165+00:00,JD110069,01,3,20261007092540,20261007092540,20261006154656,20261007092505,JD
2026-10-07T00:32:36.114165+00:00,JD110075,05,2,20261007092443,20261007085837,20261007092234,,JD
2026-10-07T00:32:36.114165+00:00,JD110083,01,2,20261007092237,20261007085456,20261007091856,,JD
2026-10-07T00:32:36.114165+00:00,JD110107,01,3,20261007092845,20261007092845,20261006201815,20261007092809,JD
2026-10-07T00:32:36.114165+00:00,JD110109,03,2,20261007092237,20261007084629,20261007091806,,JD
2026-10-07T00:32:36.114165+00:00,JD110113,01,3,20261007092237,20261007092237,20261006183737,20261007092151,JD
2026-10-07T00:32:36.114165+00:00,JD110125,01,2,20261007092237,20261007084109,20261007092109,,JD
2026-10-07T00:32:36.114165+00:00,JE010107,01,3,20261007093038,20261006215624,20261007033905,20261007093009,JE
2026-10-07T00:32:36.114165+00:00,JE010137,03,2,20261007092631,20261004174854,20261004210016,,JE
2026-10-07T00:32:36.114165+00:00,JE010203,02,2,20261007092631,20261007081357,20261007092618,,JE
2026-10-07T00:32:36.114165+00:00,JE010273,02,3,20261007093038,20261006175207,20261007045942,20261007092949,JE
2026-10-07T00:32:36.114165+00:00,JE010289,01,3,20261007092631,20261007085125,20261007091330,20261007092609,JE
2026-10-07T00:32:36.114165+00:00,JE010297,03,3,20261007092831,20261003100928,20261003141944,20261007092739,JE
2026-10-07T00:32:36.114165+00:00,JE010333,01,2,20261007092429,20261007085419,20261007092252,,JE
2026-10-07T00:32:36.114165+00:00,JE040105,01,2,20261007092832,20261007091250,20261007092301,,JE
2026-10-07T00:32:36.114165+00:00,JE040129,04,3,20261007092429,20261006063158,20261006114118,20261007092250,JE
2026-10-07T00:32:36.114165+00:00,JE900128,04,2,20261007093040,20261006183451,20261007014230,,JE
2026-10-07T00:32:36.114165+00:00,JE900151,02,3,20261007092632,20261006074750,20261006132212,20261007092555,JE
2026-10-07T00:32:36.114165+00:00,JE900193,01,5,20261007092632,20261007055025,20261007071221,,JE
2026-10-07T00:32:36.114165+00:00,JE900208,01,3,20261007093040,20261006195013,20261006205026,20261007092901,JE
2026-10-07T00:32:36.114165+00:00,JE900241,02,2,20261007092430,20261006174110,20261006211924,,JE
2026-10-07T00:32:36.114165+00:00,JE900252,02,3,20261007092833,20261006223706,20261007060017,20261007092748,JE
2026-10-07T00:32:36.114165+00:00,JE900257,01,2,20261007092430,20261006191926,20261006222530,,JE
2026-10-07T00:32:36.114165+00:00,JE910115,01,3,20261007093040,20261007052618,20261007091224,20261007092916,JE
2026-10-07T00:32:36.114165+00:00,KE001381,01,9,20261007092810,20261006055827,20261006072421,,KE
2026-10-07T00:32:36.114165+00:00,KP000403,01,2,20261007093032,20261007062607,20261007065653,,KP
2026-10-07T00:32:36.114165+00:00,KP001182,01,3,20261007093008,20261006091741,20261006100756,20261007092152,KP
2026-10-07T00:32:36.114165+00:00,KP003362,01,3,20261007093012,20261007091406,20261007091606,20261007092558,KP
2026-10-07T00:32:36.114165+00:00,KP004656,01,2,20261007093031,20261007084223,20261007090755,,KP
2026-10-07T00:32:36.114165+00:00,LI000102,01,2,20261007092723,20261007092723,20261007092723,,LI
2026-10-07T00:32:36.114165+00:00,LU001702,06,2,20261007093110,20261007015100,20261007064752,,LU
2026-10-07T00:32:36.114165+00:00,MO501104,02,9,20261007092809,20261007092800,20261007092809,,MO
2026-10-07T00:32:36.114165+00:00,MO501106,01,9,20261007092809,20260902190154,20260902190209,,MO
2026-10-07T00:32:36.114165+00:00,MO501129,01,2,20261007092809,20241216213918,20241216213918,,MO
2026-10-07T00:32:36.114165+00:00,MO501129,02,2,20261007092809,20241217202230,20241217202230,,MO
2026-10-07T00:32:36.114165+00:00,MO501143,01,2,20261007092809,20250706175600,20250706175615,,MO
2026-10-07T00:32:36.114165+00:00,MO501143,02,9,20261007092809,20241016172006,20241016172006,,MO
2026-10-07T00:32:36.114165+00:00,MO501150,01,2,20261007092809,20260930190539,20260930190540,,MO
2026-10-07T00:32:36.114165+00:00,NT100725,30,3,20261007093150,20261007093150,20261006204050,20261007093150,NT
2026-10-07T00:32:36.114165+00:00,NT101675,01,2,20261007092950,20261007082550,20261007092950,,NT
2026-10-07T00:32:36.114165+00:00,NT102697,01,3,20261007093150,20261007093150,20261007085450,20261007093150,NT
2026-10-07T00:32:36.114165+00:00,NT102712,01,2,20261007092850,20261007082250,20261007092850,,NT
2026-10-07T00:32:36.114165+00:00,PC001637,01,2,20261007092638,20261007085401,20261007092608,,PC
2026-10-07T00:32:36.114165+00:00,PC001642,02,3,20261007093008,20261007090039,20261007090852,20261007093008,PC
2026-10-07T00:32:36.114165+00:00,PC001855,03,2,20261007093059,20261007081544,20261007093056,,PC
2026-10-07T00:32:36.114165+00:00,PI306058,05,2,20261007092622,20261007092221,20261007092221,,PI
2026-10-07T00:32:36.114165+00:00,PI306058,13,3,20261007092259,20261007092154,20261006161019,20261007092259,PI
2026-10-07T00:32:36.114165+00:00,PIH01122,02,2,20261007092242,20261006234510,20261007063328,,PI
2026-10-07T00:32:36.114165+00:00,PK000306,03,2,20261007093124,20261007084925,20261007092608,,PK
2026-10-07T00:32:36.114165+00:00,PK000349,10,3,20261007093008,20261007093008,20261006185024,20261007093008,PK
2026-10-07T00:32:36.114165+00:00,PK000426,05,3,20261007093014,20261007093014,20261006234032,20261007093014,PK
2026-10-07T00:32:36.114165+00:00,PL000236,18,3,20261007093008,20261007093008,20261007093002,20261007093008,PL
2026-10-07T00:32:36.114165+00:00,PL031135,00,2,20261007092741,20261006194457,20261007092741,,PL
2026-10-07T00:32:36.114165+00:00,PL031494,11,3,20261007092841,20261007092841,20261007064939,20261007092841,PL
2026-10-07T00:32:36.114165+00:00,PW011271,02,3,20261007092912,20261007092912,20261001114104,20261007092704,PW
2026-10-07T00:32:36.114165+00:00,PW013006,13,3,20261007092619,20261007092619,20261003111331,20261007092309,PW
2026-10-07T00:32:36.114165+00:00,PW013104,05,2,20261007092620,20261007072618,20261007085636,,PW
2026-10-07T00:32:36.114165+00:00,RE000240,01,3,20261007093003,20261007093003,20261007092753,20261007092753,RE
2026-10-07T00:32:36.114165+00:00,RE000354,16,1,20261007093204,20260930202150,20261001014939,,RE
2026-10-07T00:32:36.114165+00:00,SOA33001,01,1,20261007092414,20261007091814,20261007092014,,SO
2026-10-07T00:32:36.114165+00:00,ST501147,06,3,20261007092716,20261007092716,20261007030559,20261007092319,ST
2026-10-07T00:32:36.114165+00:00,ST501152,02,2,20261007093048,20261006155309,20261006200527,,ST
2026-10-07T00:32:36.114165+00:00,ST501158,02,3,20261007092505,20261006211936,20261006215221,20261007092505,ST
2026-10-07T00:32:36.114165+00:00,ST501159,03,3,20261007092505,20261006135229,20261006174652,20261007092505,ST
2026-10-07T00:32:36.114165+00:00,ST600040,01,2,20261007093057,20261006195605,20261006205008,,ST
2026-10-07T00:32:36.114165+00:00,ST602220,07,2,20261007092528,20261003231004,20261007030020,,ST
2026-10-07T00:32:36.114165+00:00,ST602220,09,2,20261007092528,20261004094852,20261007025924,,ST
2026-10-07T00:32:36.114165+00:00,TDO00100,01,1,20261007093004,20261006195011,20261006212006,,TD
2026-10-07T00:32:36.114165+00:00,ME174046,01,2,20261007092629,20261006153737,20261006155127,,ME
2026-10-07T00:32:36.114165+00:00,ME174050,01,2,20261007092730,20261001170730,20261001170951,,ME
2026-10-07T00:32:36.114165+00:00,ME174050,02,2,20261007092809,20261006124450,20261006132550,,ME
2026-10-07T00:32:36.114165+00:00,ME174050,03,2,20261007093006,20261006110720,20261006113026,,ME
2026-10-07T00:32:36.114165+00:00,ME174050,04,2,20261007092747,20261006150433,20261006154323,,ME
2026-10-07T00:32:36.114165+00:00,ME174050,05,2,20261007092746,20261005144243,20261005151909,,ME
2026-10-07T00:32:36.114165+00:00,ME174061,01,2,20261007093035,20261006160425,20261006162156,,ME
2026-10-07T00:32:36.114165+00:00,ME174062,01,2,20261007092754,20261005130453,20261005134029,,ME
2026-10-07T00:32:36.114165+00:00,ME183101,01,2,20261007092801,20261006164049,20261006164233,,ME
2026-10-07T00:32:36.114165+00:00,ME183101,02,2,20261007092719,20261005115439,20261005121956,,ME
2026-10-07T00:32:36.114165+00:00,ME183101,03,2,20261007093048,20261006124629,20261006131009,,ME
2026-10-07T00:32:36.114165+00:00,ME183101,04,2,20261007092722,20261007082811,20261007083717,,ME
2026-10-07T00:32:36.114165+00:00,ME183101,52,2,20261007092714,20261004145214,20261004150345,,ME
2026-10-07T00:32:36.114165+00:00,ME183101,54,2,20261007092727,20261004141031,20261004141201,,ME
2026-10-07T00:32:36.114165+00:00,ME183102,02,2,20261007092649,20261006050530,20261006054836,,ME
2026-10-07T00:32:36.114165+00:00,ME183102,52,2,20261007092704,20261006112945,20261006121250,,ME
2026-10-07T00:32:36.114165+00:00,ME184122,01,2,20261007092936,20261006210950,20261006214400,,ME
2026-10-07T00:32:36.114165+00:00,ME184124,01,2,20261007092754,20261006184026,20261006190416,,ME
2026-10-07T00:32:36.114165+00:00,ME184125,01,2,20261007092630,20261006144530,20261006150314,,ME
2026-10-07T00:32:36.114165+00:00,ME184126,02,2,20261007092616,20261006182133,20261006190217,,ME
2026-10-07T00:32:36.114165+00:00,ME18A173,01,2,20261007093017,20261007062150,20261007062910,,ME
2026-10-07T00:32:36.114165+00:00,ME18A174,01,2,20261007092923,20261006194114,20261006202419,,ME
2026-10-07T00:32:36.114165+00:00,ME18A175,01,2,20261007093008,20261007082050,20261007085819,,ME
2026-10-07T00:32:36.114165+00:00,ME18A180,01,2,20261007093051,20261006130329,20261006133155,,ME
2026-10-07T00:32:36.114165+00:00,ME18A268,11,2,20261007092747,20261006223256,20261006223914,,ME
2026-10-07T00:32:36.114165+00:00,ME18A268,12,3,20261007092817,20261006145038,20261006151556,20261007092817,ME
2026-10-07T00:32:36.114165+00:00,ME18A269,11,2,20261007092916,20261006112854,20261006115659,,ME
2026-10-07T00:32:36.114165+00:00,ME18A269,12,2,20261007092910,20261006103338,20261006111641,,ME
2026-10-07T00:32:36.114165+00:00,ME18A270,11,2,20261007092913,20261007090021,20261007092403,,ME
2026-10-07T00:32:36.114165+00:00,ME18A270,12,2,20261007092909,20261007074940,20261007081301,,ME
2026-10-07T00:32:36.114165+00:00,ME18A271,01,2,20261007092841,20261003154138,20261003161603,,ME
2026-10-07T00:32:36.114165+00:00,ME18A271,02,2,20261007093022,20261007061035,20261007065038,,ME
2026-10-07T00:32:36.114165+00:00,ME18A272,11,2,20261007093056,20261006173035,20261006180734,,ME
2026-10-07T00:32:36.114165+00:00,ME18A272,12,2,20261007093052,20261006142857,20261006151201,,ME
2026-10-07T00:32:36.114165+00:00,ME18A273,11,2,20261007092730,20261006145306,20261006152548,,ME
2026-10-07T00:32:36.114165+00:00,ME18A273,12,2,20261007092736,20261007060052,20261007061543,,ME
2026-10-07T00:32:36.114165+00:00,ME18A274,11,2,20261007092925,20261006103459,20261006105851,,ME
2026-10-07T00:32:36.114165+00:00,ME18A274,12,2,20261007092921,20261006163246,20261006171550,,ME
2026-10-07T00:32:36.114165+00:00,ME18A275,11,2,20261007093014,20261006161758,20261006164611,,ME
2026-10-07T00:32:36.114165+00:00,ME18A275,12,2,20261007093009,20261006182842,20261006183412,,ME
2026-10-07T00:32:36.114165+00:00,ME18A281,11,2,20261007092740,20260930150635,20260930151317,,ME
2026-10-07T00:32:36.114165+00:00,ME18A281,12,2,20261007092745,20261006100139,20261006103844,,ME
2026-10-07T00:32:36.114165+00:00,ME18A306,01,2,20261007092803,20261006192822,20261006193837,,ME
2026-10-07T00:32:36.114165+00:00,ME18A306,11,2,20261007092751,20261002121626,20261002130155,,ME
2026-10-07T00:32:36.114165+00:00,ME18A306,12,2,20261007092754,20261006203629,20261006210538,,ME
2026-10-07T00:32:36.114165+00:00,ME19B169,01,2,20261007093006,20261004194711,20261004200504,,ME
2026-10-07T00:32:36.114165+00:00,ME19B170,01,2,20261007092958,20261007065629,20261007073555,,ME
2026-10-07T00:32:36.114165+00:00,ME19B171,01,2,20261007092912,20261006162909,20261006170909,,ME
2026-10-07T00:32:36.114165+00:00,ME19B172,01,2,20261007092925,20261006214119,20261006220213,,ME
2026-10-07T00:32:36.114165+00:00,ME19B173,01,2,20261007092701,20261007073652,20261007080238,,ME
2026-10-07T00:32:36.114165+00:00,ME19B240,21,2,20261007092624,20261007084613,20261007092621,,ME
2026-10-07T00:32:36.114165+00:00,ME19B242,22,3,20261007092940,20261006165633,20261006170641,20261007085645,ME
2026-10-07T00:32:36.114165+00:00,ME19B404,23,3,20261007092831,20261007062816,20261007064151,20261007092538,ME
2026-10-07T00:32:36.114165+00:00,ME20B1e1,01,2,20261007092612,20261006142807,20261006144240,,ME
2026-10-07T00:32:36.114165+00:00,ME20B1e2,01,2,20261007092900,20261006165432,20261006173427,,ME
2026-10-07T00:32:36.114165+00:00,ME20B1e3,01,2,20261007092620,20261006103429,20261006105255,,ME
2026-10-07T00:32:36.114165+00:00,ME20B2a0,91,2,20261007093026,20261007080724,20261007083744,,ME
2026-10-07T00:32:36.114165+00:00,ME20B2a0,92,2,20261007093022,20261005122044,20261005123945,,ME
2026-10-07T00:32:36.114165+00:00,ME20B2a1,21,2,20261007093011,20260930153947,20260930161947,,ME
2026-10-07T00:32:36.114165+00:00,ME20B2a1,22,2,20261007093011,20260923104352,20260923104521,,ME
2026-10-07T00:32:36.114165+00:00,ME20B2a2,21,2,20261007092726,20261004120141,20261004120858,,ME
2026-10-07T00:32:36.114165+00:00,ME20B2a2,22,2,20261007092726,20261002070459,20261002072043,,ME
2026-10-07T00:32:36.114165+00:00,ME20B416,21,2,20261007092917,20261004103641,20261004105011,,ME
2026-10-07T00:32:36.114165+00:00,ME20B416,22,2,20261007092917,20261006182144,20261006183046,,ME
2026-10-07T00:32:36.114165+00:00,ME20B416,23,2,20261007092920,20261006091317,20261006093008,,ME
2026-10-07T00:32:36.114165+00:00,ME20B416,24,2,20261007092920,20261007073720,20261007080431,,ME
2026-10-07T00:32:36.114165+00:00,ME20B417,41,2,20261007092757,20261001133924,20261001141346,,ME
2026-10-07T00:32:36.114165+00:00,ME20B417,42,2,20261007092823,20261006183554,20261006191133,,ME
2026-10-07T00:32:36.114165+00:00,ME20B417,43,3,20261007092947,20261006154652,20261006160212,20261007091948,ME
2026-10-07T00:32:36.114165+00:00,ME20B417,44,2,20261007092824,20261006214850,20261006221727,,ME
2026-10-07T00:32:36.114165+00:00,ME21B410,04,2,20261007092303,20261006170126,20261006174130,,ME
2026-10-07T00:32:36.114165+00:00,ME21D058,01,2,20261007092455,20261007091429,20261007092450,,ME
2026-10-07T00:32:36.114165+00:00,ME21D060,01,2,20261007093053,20261007090424,20261007093053,,ME
2026-10-07T00:32:36.114165+00:00,ME21D066,01,2,20261007092557,20261007064458,20261007070258,,ME
2026-10-07T00:32:36.114165+00:00,ME21D069,01,2,20261007092520,20261007085832,20261007092519,,ME
2026-10-07T00:32:36.114165+00:00,ME21D071,01,3,20261007092936,20261006164159,20261006171240,20261007091525,ME
2026-10-07T00:32:36.114165+00:00,ME21X008,01,2,20261007092710,20261006183615,20261006191936,,ME
2026-10-07T00:32:36.114165+00:00,ME22A611,32,3,20261007092956,20261007081919,20261007084053,20261007091948,ME
2026-10-07T00:32:36.114165+00:00,ME22A611,34,3,20261007092937,20261006224226,20261006232532,20261007090918,ME
2026-10-07T00:32:36.114165+00:00,ME22D1H1,01,2,20261007092902,20261006165251,20261006173251,,ME
2026-10-07T00:32:36.114165+00:00,ME25C181,01,3,20261007092949,20261006202644,20261006210645,20261007085943,ME
2026-10-07T00:32:36.114165+00:00,ME25C182,01,4,20261007092749,20261006191807,20261006194754,,ME
2026-10-07T00:32:36.114165+00:00,ME25C281,21,2,20261007093031,20261006183921,20261006185215,,ME
2026-10-07T00:32:36.114165+00:00,ME25C281,22,2,20261007093035,20261005185243,20261005193245,,ME
2026-10-07T00:32:36.114165+00:00,ME25C318,01,2,20261007092652,20261007082744,20261007083540,,ME
2026-10-07T00:32:36.114165+00:00,ME25C318,21,4,20261007093012,20261004134710,20261004140626,,ME
2026-10-07T00:32:36.114165+00:00,ME25C318,22,2,20261007093014,20261006094806,20261006100942,,ME
2026-10-07T00:32:36.114165+00:00,ME25C431,01,2,20261007092642,20260914133046,20260914133228,,ME
2026-10-07T00:32:36.114165+00:00,ME25C431,02,2,20261007092813,20261006181910,20261006183615,,ME
2026-10-07T00:32:36.114165+00:00,ME25C431,03,2,20261007092712,20261006180113,20261006182349,,ME
2026-10-07T00:32:36.114165+00:00,ME25C431,04,2,20261007092758,20261005202832,20261005205200,,ME
2026-10-07T00:32:36.114165+00:00,BNJA0301,06,3,20261007092444,20261007092444,20261007084644,20261007092444,BN
2026-10-07T00:32:36.114165+00:00,GR000024,03,2,20261007092850,20261006201423,20261007092844,,GR
2026-10-07T00:32:36.114165+00:00,GR000047,01,3,20261007092552,20261004204406,20261005071256,20261007092552,GR
2026-10-07T00:32:36.114165+00:00,HE000074,04,2,20261007092500,20261007090400,20261007090500,,HE
2026-10-07T00:32:36.114165+00:00,HE000074,05,3,20261007092400,20261007092400,20261007092300,20261007092400,HE
2026-10-07T00:32:36.114165+00:00,HE230093,02,2,20261007092500,20261006193221,20261007004240,,HE
2026-10-07T00:32:36.114165+00:00,HE240435,01,2,20261007092500,20261005082435,20261005084835,,HE
2026-10-07T00:32:36.114165+00:00,HE240435,21,3,20261007092500,20261007084300,20261006200804,20261007084300,HE
2026-10-07T00:32:36.114165+00:00,HE240440,08,3,20261007092500,20261007083400,20261006183800,20261007083400,HE
2026-10-07T00:32:36.114165+00:00,HE240455,01,3,20261007092500,20261007083900,20261007035414,20261007083900,HE
2026-10-07T00:32:36.114165+00:00,JD000129,02,2,20261007092442,20261007083950,20261007091956,,JD
2026-10-07T00:32:36.114165+00:00,JD160002,01,3,20261007092238,20261007092238,20261007085521,20261007092205,JD
2026-10-07T00:32:36.114165+00:00,JD160045,01,2,20261007092238,20261007091345,20261007092142,,JD
2026-10-07T00:32:36.114165+00:00,JD160051,02,2,20261007092938,20261007084747,20261007092751,,JD
2026-10-07T00:32:36.114165+00:00,JD160053,12,2,20261007092737,20261003115731,20261003124846,,JD
2026-10-07T00:32:36.114165+00:00,JD160069,02,2,20261007092638,20261007091726,20261007092232,,JD
2026-10-07T00:32:36.114165+00:00,JD160076,01,3,20261007092357,20261007092357,20261006104956,20261007092223,JD
2026-10-07T00:32:36.114165+00:00,JD160084,01,2,20261007092638,20261007084539,20261007092320,,JD
2026-10-07T00:32:36.114165+00:00,JD160091,01,3,20261007092638,20261007092638,20261006163318,20261007092605,JD
2026-10-07T00:32:36.114165+00:00,JE020002,09,3,20261007092631,20261006154338,20261006225059,20261007092428,JE
2026-10-07T00:32:36.114165+00:00,JE020029,02,3,20261007092832,20261006214639,20261007070701,20261007092723,JE
2026-10-07T00:32:36.114165+00:00,JE020039,01,3,20261007092832,20261004180116,20261005004640,20261007092749,JE
2026-10-07T00:32:36.114165+00:00,JE020090,01,3,20261007092429,20261007011503,20261007011803,20261007092257,JE
2026-10-07T00:32:36.114165+00:00,JE020137,08,2,20261007092832,20261007090611,20261007092638,,JE
2026-10-07T00:32:36.114165+00:00,JE040123,18,3,20261007092632,20261006180628,20261006210812,20261007092543,JE
2026-10-07T00:32:36.114165+00:00,JE040162,02,3,20261007092429,20261006183004,20261007080608,20261007092322,JE
2026-10-07T00:32:36.114165+00:00,JE900040,01,2,20261007092632,20261006181459,20261007090005,,JE
2026-10-07T00:32:36.114165+00:00,JE900048,02,2,20261007092430,20261007091242,20261007092250,,JE
2026-10-07T00:32:36.114165+00:00,JE900059,03,3,20261007092632,20261006183732,20261007001105,20261007092623,JE
2026-10-07T00:32:36.114165+00:00,JE900187,02,2,20261007092632,20261006223615,20261007002251,,JE
2026-10-07T00:32:36.114165+00:00,JE900198,02,3,20261007092833,20261005223712,20261006013958,20261007092722,JE
2026-10-07T00:32:36.114165+00:00,JE900213,01,2,20261007093040,20261007084904,20261007092858,,JE
2026-10-07T00:32:36.114165+00:00,KP003053,01,2,20261007093028,20261007083443,20261007092832,,KP
2026-10-07T00:32:36.114165+00:00,KP003864,03,3,20261007093007,20261006190744,20261007075748,20261007092235,KP
2026-10-07T00:32:36.114165+00:00,KP004757,02,2,20261007093016,20261007082333,20261007092407,,KP
2026-10-07T00:32:36.114165+00:00,MO501311,01,2,20261007092809,20261007092800,20261007092809,,MO
2026-10-07T00:32:36.114165+00:00,MO501319,01,9,20261007092809,20260221113134,20260221113140,,MO
2026-10-07T00:32:36.114165+00:00,MO501319,02,2,20261007092809,20260114160320,20260114160326,,MO
2026-10-07T00:32:36.114165+00:00,MO501328,01,2,20261007092809,20251012210231,20251012210247,,MO
2026-10-07T00:32:36.114165+00:00,PI201397,01,3,20261007093124,20261007092801,20260930190921,20261007093124,PI
2026-10-07T00:32:36.114165+00:00,PI201400,02,2,20261007092842,20261006164852,20261006220627,,PI
2026-10-07T00:32:36.114165+00:00,PI700456,01,9,20261007092810,20260927133241,20260927133516,,PI
2026-10-07T00:32:36.114165+00:00,PI700499,05,2,20261007093117,20261006222900,20261007092723,,PI
2026-10-07T00:32:36.114165+00:00,PI794169,01,2,20261007092336,20261006192617,20261006214944,,PI
2026-10-07T00:32:36.114165+00:00,PW010860,02,2,20261007092911,20261006185430,20261006232457,,PW
2026-10-07T00:32:36.114165+00:00,PW014807,01,2,20261007092731,20261006235456,20261007074635,,PW
2026-10-07T00:32:36.114165+00:00,PW100561,04,3,20261007093009,20261007093009,20261007032209,20261007092631,PW
2026-10-07T00:32:36.114165+00:00,RE000145,01,2,20261007093004,20261007081024,20261007090604,,RE
2026-10-07T00:32:36.114165+00:00,RE000245,05,3,20261007092403,20261007092403,20261006234116,20261007092238,RE
2026-10-07T00:32:36.114165+00:00,ST601117,02,2,20261007093111,20261007082609,20261007093111,,ST
2026-10-07T00:32:36.114165+00:00,TDO00011,05,3,20261007093001,20261007092502,20261005172120,20261007092502,TD
2026-10-07T00:42:36.258014+00:00,ME174067,01,2,20261007093749,20261006103354,20261006110330,,ME
2026-10-07T00:42:36.258014+00:00,ME181538,01,2,20261007093643,20261006212218,20261006212944,,ME
2026-10-07T00:42:36.258014+00:00,ME181539,01,2,20261007093820,20261006203339,20261006211418,,ME
2026-10-07T00:42:36.258014+00:00,ME181541,01,2,20261007093912,20261005181705,20261005185708,,ME
2026-10-07T00:42:36.258014+00:00,ME184129,01,2,20261007093811,20261003153003,20261003161322,,ME
2026-10-07T00:42:36.258014+00:00,ME184130,01,2,20261007093812,20261007063634,20261007064838,,ME
2026-10-07T00:42:36.258014+00:00,ME184131,01,2,20261007093913,20261007081245,20261007085051,,ME
2026-10-07T00:42:36.258014+00:00,ME18A176,01,2,20261007093644,20261006224926,20261006230021,,ME
2026-10-07T00:42:36.258014+00:00,ME18A177,01,2,20261007093716,20261006123523,20261006130052,,ME
2026-10-07T00:42:36.258014+00:00,ME18A178,01,2,20261007093702,20261005164341,20261005170217,,ME
2026-10-07T00:42:36.258014+00:00,ME18A179,01,2,20261007093620,20261006090217,20261006091807,,ME
2026-10-07T00:42:36.258014+00:00,ME18A276,11,2,20261007094022,20260927190040,20260927190352,,ME
2026-10-07T00:42:36.258014+00:00,ME18A276,12,2,20261007094003,20260925101706,20260925104659,,ME
2026-10-07T00:42:36.258014+00:00,ME18A277,11,3,20261007093916,20261007081048,20261007082323,20261007091125,ME
2026-10-07T00:42:36.258014+00:00,ME18A277,12,2,20261007093922,20261006191856,20261006195632,,ME
2026-10-07T00:42:36.258014+00:00,ME18A278,01,2,20261007094100,20261007080600,20261007081805,,ME
2026-10-07T00:42:36.258014+00:00,ME18A278,02,2,20261007094042,20261007091906,20261007092031,,ME
2026-10-07T00:42:36.258014+00:00,ME18A279,11,2,20261007093958,20261005154501,20261005162806,,ME
2026-10-07T00:42:36.258014+00:00,ME18A279,12,2,20261007093951,20261007070524,20261007074019,,ME
2026-10-07T00:42:36.258014+00:00,ME18A282,11,2,20261007093659,20261007072925,20261007080119,,ME
2026-10-07T00:42:36.258014+00:00,ME18A282,12,2,20261007093713,20261006173419,20261006174154,,ME
2026-10-07T00:42:36.258014+00:00,ME18A283,11,3,20261007093833,20261007080047,20261007084350,20261007092824,ME
2026-10-07T00:42:36.258014+00:00,ME18A283,12,2,20261007093825,20261004080825,20261004084258,,ME
2026-10-07T00:42:36.258014+00:00,ME18A307,01,2,20261007093611,20261006131935,20261006134620,,ME
2026-10-07T00:42:36.258014+00:00,ME18A308,01,3,20261007093836,20261006154115,20261006155800,20261007090047,ME
2026-10-07T00:42:36.258014+00:00,ME18A308,11,2,20261007093752,20261005140606,20261005143350,,ME
2026-10-07T00:42:36.258014+00:00,ME18A308,12,2,20261007093757,20261006121919,20261006122945,,ME
2026-10-07T00:42:36.258014+00:00,ME18A309,01,2,20261007094108,20261007081837,20261007090142,,ME
2026-10-07T00:42:36.258014+00:00,ME18A309,11,2,20261007093755,20261006200044,20261006204242,,ME
2026-10-07T00:42:36.258014+00:00,ME18A309,12,2,20261007093801,20261007082008,20261007085858,,ME
2026-10-07T00:42:36.258014+00:00,ME19B174,11,3,20261007093803,20261007023843,20261007030322,20261007093745,ME
2026-10-07T00:42:36.258014+00:00,ME19B174,12,2,20261007093804,20261007075917,20261007082329,,ME
2026-10-07T00:42:36.258014+00:00,ME19B245,21,9,20261007093310,20261006212248,20261006214510,,ME
2026-10-07T00:42:36.258014+00:00,ME19B245,22,3,20261007094026,20261006161954,20261006170004,20261007091820,ME
2026-10-07T00:42:36.258014+00:00,ME19B246,21,3,20261007093906,20261007090037,20261007093040,20261007093900,ME
2026-10-07T00:42:36.258014+00:00,ME19B248,21,9,20261007093310,20261005080723,20261005084230,,ME
2026-10-07T00:42:36.258014+00:00,ME19B248,22,9,20261007093310,20261006071057,20261006071942,,ME
2026-10-07T00:42:36.258014+00:00,ME19B249,21,9,20261007093310,20261006154848,20261006155030,,ME
2026-10-07T00:42:36.258014+00:00,ME19B249,22,9,20261007093310,20261006155126,20261006155303,,ME
2026-10-07T00:42:36.258014+00:00,ME19B250,21,9,20261007093310,20261007085236,20261007090022,,ME
2026-10-07T00:42:36.258014+00:00,ME19B250,22,9,20261007093310,20261006214700,20261006222755,,ME
2026-10-07T00:42:36.258014+00:00,ME19B251,22,9,20261007093310,20261006151342,20261006151947,,ME
2026-10-07T00:42:36.258014+00:00,ME19B405,41,9,20261007093310,20261007064017,20261007064715,,ME
2026-10-07T00:42:36.258014+00:00,ME19B405,43,3,20261007093927,20261006155039,20261006163046,20261007093111,ME
2026-10-07T00:42:36.258014+00:00,ME19B406,24,3,20261007094056,20261006190940,20261006192832,20261007092640,ME
2026-10-07T00:42:36.258014+00:00,ME19D126,01,3,20261007093947,20261007074159,20261007081549,20261007092948,ME
2026-10-07T00:42:36.258014+00:00,ME19D127,01,2,20261007093851,20261006075300,20261006083300,,ME
2026-10-07T00:42:36.258014+00:00,ME19D128,01,2,20261007093629,20260927183731,20260927185259,,ME
2026-10-07T00:42:36.258014+00:00,ME19Y240,21,2,20261007093653,20261007062201,20261007070201,,ME
2026-10-07T00:42:36.258014+00:00,ME19Y240,22,2,20261007093654,20261007071139,20261007073441,,ME
2026-10-07T00:42:36.258014+00:00,ME19Y269,01,2,20261007093653,20261006214518,20261006222518,,ME
2026-10-07T00:42:36.258014+00:00,ME19Y269,02,2,20261007093703,20261007083309,20261007090402,,ME
2026-10-07T00:42:36.258014+00:00,ME19Y270,01,2,20261007093914,20261007080122,20261007084122,,ME
2026-10-07T00:42:36.258014+00:00,ME19Y270,02,2,20261007093636,20261007064731,20261007071715,,ME
2026-10-07T00:42:36.258014+00:00,ME19Y271,01,2,20261007093715,20261007091115,20261007092241,,ME
2026-10-07T00:42:36.258014+00:00,ME19Y271,02,2,20261007094016,20261007071303,20261007075303,,ME
2026-10-07T00:42:36.258014+00:00,ME20B1e4,01,2,20261007094054,20261007071305,20261007072409,,ME
2026-10-07T00:42:36.258014+00:00,ME20B1e5,01,2,20261007093904,20261006174200,20261006181256,,ME
2026-10-07T00:42:36.258014+00:00,ME20B1e6,91,2,20261007093646,20261007080603,20261007084603,,ME
2026-10-07T00:42:36.258014+00:00,ME20B2a3,21,2,20261007093953,20261006125950,20261006130120,,ME
2026-10-07T00:42:36.258014+00:00,ME20B2a3,22,2,20261007093953,20261006130221,20261006130352,,ME
2026-10-07T00:42:36.258014+00:00,ME20B2a4,21,2,20261007094048,20261006213440,20261006220720,,ME
2026-10-07T00:42:36.258014+00:00,ME20B2a4,22,3,20261007093726,20261007053508,20261007061508,20261007090718,ME
2026-10-07T00:42:36.258014+00:00,ME20B2a5,21,3,20261007093835,20261006173218,20261006175519,20261007092832,ME
2026-10-07T00:42:36.258014+00:00,ME20B2a5,22,2,20261007093927,20261006210022,20261006213538,,ME
2026-10-07T00:42:36.258014+00:00,ME20B2a6,21,2,20261007093910,20261002085825,20261002092516,,ME
2026-10-07T00:42:36.258014+00:00,ME20B2a6,22,2,20261007093910,20261006212930,20261006220930,,ME
2026-10-07T00:42:36.258014+00:00,ME20B2a7,21,2,20261007094012,20261006211831,20261006215831,,ME
2026-10-07T00:42:36.258014+00:00,ME20B2a7,22,2,20261007094012,20261006205622,20261006211558,,ME
2026-10-07T00:42:36.258014+00:00,ME20B2a8,21,2,20261007093804,20261006200926,20261006204926,,ME
2026-10-07T00:42:36.258014+00:00,ME20B2a8,22,2,20261007093804,20261007072421,20261007074703,,ME
2026-10-07T00:42:36.258014+00:00,ME20B2a9,21,2,20261007093803,20261006180949,20261006184331,,ME
2026-10-07T00:42:36.258014+00:00,ME20B2a9,22,2,20261007093803,20261007085702,20261007091626,,ME
2026-10-07T00:42:36.258014+00:00,ME20B2b0,21,5,20261007093812,20261005143505,20261005150342,,ME
2026-10-07T00:42:36.258014+00:00,ME20B2b0,22,2,20261007093812,20261005175606,20261005182530,,ME
2026-10-07T00:42:36.258014+00:00,ME20B2b1,21,2,20261007094035,20261006150609,20261006154609,,ME
2026-10-07T00:42:36.258014+00:00,ME20B2b1,22,2,20261007094035,20261006123249,20261006130718,,ME
2026-10-07T00:42:36.258014+00:00,ME20B2b2,21,2,20261007094041,20260916145246,20260916145416,,ME
2026-10-07T00:42:36.258014+00:00,ME20B2b2,22,2,20261007094041,20260925110458,20260925114155,,ME
2026-10-07T00:42:36.258014+00:00,ME20B2b3,21,2,20261007093618,20261006153025,20261006161025,,ME
2026-10-07T00:42:36.258014+00:00,ME20B2b3,22,2,20261007093618,20261007065135,20261007073135,,ME
2026-10-07T00:42:36.258014+00:00,ME20B2b4,01,2,20261007093816,20261002092503,20261002100503,,ME
2026-10-07T00:42:36.258014+00:00,ME20B2b4,02,2,20261007093946,20261001134855,20261001142855,,ME
2026-10-07T00:42:36.258014+00:00,ME20B418,41,2,20261007093928,20261006174819,20261006180320,,ME
2026-10-07T00:42:36.258014+00:00,ME20B418,42,3,20261007093944,20261007083015,20261007084420,20261007093946,ME
2026-10-07T00:42:36.258014+00:00,ME20B418,43,2,20261007094008,20261006140840,20261006144840,,ME
2026-10-07T00:42:36.258014+00:00,ME20B418,44,2,20261007093946,20261006191741,20261006194638,,ME
2026-10-07T00:42:36.258014+00:00,ME21B256,01,9,20261007093310,20261006115503,20261006122725,,ME
2026-10-07T00:42:36.258014+00:00,ME21B317,02,9,20261007093310,20261006170109,20261006173414,,ME
2026-10-07T00:42:36.258014+00:00,ME21B317,03,9,20261007093310,20261006224319,20261006232249,,ME
2026-10-07T00:42:36.258014+00:00,ME21B409,01,9,20261007093310,20261007062247,20261007064223,,ME
2026-10-07T00:42:36.258014+00:00,ME21D081,01,2,20261007093657,20261007092415,20261007092550,,ME
2026-10-07T00:42:36.258014+00:00,ME21D095,01,2,20261007093734,20261007085727,20261007093733,,ME
2026-10-07T00:42:36.258014+00:00,ME21D097,01,9,20261007093310,20261007001938,20261007005719,,ME
2026-10-07T00:42:36.258014+00:00,ME21D098,01,9,20261007093310,20261006172857,20261006174802,,ME
2026-10-07T00:42:36.258014+00:00,ME21D103,01,2,20261007093615,20261007083114,20261007091120,,ME
2026-10-07T00:42:36.258014+00:00,ME21D109,01,3,20261007094038,20261007064713,20261007070938,20261007094041,ME
2026-10-07T00:42:36.258014+00:00,ME21X010,01,2,20261007093627,20261007083908,20261007084254,,ME
2026-10-07T00:42:36.258014+00:00,ME21X014,01,2,20261007093746,20261006154959,20261006155114,,ME
2026-10-07T00:42:36.258014+00:00,ME21X015,01,2,20261007093617,20261007054716,20261007063012,,ME
2026-10-07T00:42:36.258014+00:00,ME22C1F8,01,9,20261007093310,20261006161102,20261006164357,,ME
2026-10-07T00:42:36.258014+00:00,ME22C1G0,01,9,20261007093310,20261007072240,20261007075820,,ME
2026-10-07T00:42:36.258014+00:00,ME22C1G2,01,3,20261007094007,20261006230132,20261006234136,20261007094010,ME
2026-10-07T00:42:36.258014+00:00,ME22C305,01,2,20261007093238,20261007050432,20261007053140,,ME
2026-10-07T00:42:36.258014+00:00,ME22C305,02,3,20261007093954,20261006161254,20261006162358,20261007090525,ME
2026-10-07T00:42:36.258014+00:00,ME22D155,01,3,20261007094030,20261007075401,20261007083401,20261007094022,ME
2026-10-07T00:42:36.258014+00:00,ME22D156,01,2,20261007093735,20261006212118,20261006220118,,ME
2026-10-07T00:42:36.258014+00:00,ME22D161,01,3,20261007094055,20261007082935,20261007090905,20261007092534,ME
2026-10-07T00:42:36.258014+00:00,ME22D162,01,3,20261007094109,20261006185710,20261006191856,20261007091054,ME
2026-10-07T00:42:36.258014+00:00,ME22D176,01,2,20261007094049,20261005160320,20261005164320,,ME
2026-10-07T00:42:36.258014+00:00,ME22D1H0,01,2,20261007093853,20261007085303,20261007093254,,ME
2026-10-07T00:42:36.258014+00:00,ME22D219,01,2,20261007093931,20261006200952,20261006204952,,ME
2026-10-07T00:42:36.258014+00:00,ME22D219,02,3,20261007094021,20261006112556,20261006120556,20261007092002,ME
2026-10-07T00:42:36.258014+00:00,ME22D235,01,2,20261007093920,20261007081852,20261007081943,,ME
2026-10-07T00:42:36.258014+00:00,ME22D235,02,2,20261007094028,20261007082431,20261007082937,,ME
2026-10-07T00:42:36.258014+00:00,ME22D401,01,3,20261007093723,20261007083440,20261007091448,20261007092703,ME
2026-10-07T00:42:36.258014+00:00,ME22D401,02,3,20261007093802,20261007085758,20261007092728,20261007093255,ME
2026-10-07T00:42:36.258014+00:00,ME22D401,03,2,20261007093929,20261007084401,20261007092409,,ME
2026-10-07T00:42:36.258014+00:00,ME22D401,04,2,20261007093942,20261007092252,20261007093311,,ME
2026-10-07T00:42:36.258014+00:00,ME25C183,01,2,20261007094010,20261006152302,20261006152434,,ME
2026-10-07T00:42:36.258014+00:00,ME25C184,01,2,20261007093902,20261006160956,20261006162157,,ME
2026-10-07T00:42:36.258014+00:00,ME25C282,21,2,20261007094054,20261007085217,20261007093219,,ME
2026-10-07T00:42:36.258014+00:00,ME25C282,22,2,20261007094056,20261006140629,20261006144539,,ME
2026-10-07T00:42:36.258014+00:00,ME25C283,01,2,20261007094007,20261006170012,20261006173622,,ME
2026-10-07T00:42:36.258014+00:00,ME25C283,02,2,20261007093903,20261007080130,20261007083431,,ME
2026-10-07T00:42:36.258014+00:00,ME25C284,01,2,20261007093624,20260930133648,20260930141649,,ME
2026-10-07T00:42:36.258014+00:00,ME25C284,02,2,20261007093723,20261006170353,20261006173237,,ME
2026-10-07T00:42:36.258014+00:00,BE250111,01,3,20261007093550,20261007093550,20261007031906,20261007093550,BE
2026-10-07T00:42:36.258014+00:00,BT100009,03,2,20261007093535,20261007075441,20261007093535,,BT
2026-10-07T00:42:36.258014+00:00,CHB00016,02,3,20261007094000,20261007004005,20261007004005,20261007093959,CH
2026-10-07T00:42:36.258014+00:00,CV000271,01,3,20261007093516,20261007093123,20261007093125,20261007093516,CV
2026-10-07T00:42:36.258014+00:00,CV000371,01,3,20261007094017,20261007093907,20261007093912,20261007094017,CV
2026-10-07T00:42:36.258014+00:00,CV004528,02,1,20261007093552,20261006093423,20261006095220,,CV
2026-10-07T00:42:36.258014+00:00,EC500014,02,2,20261007093802,20261006213611,20261007025104,,EC
2026-10-07T00:42:36.258014+00:00,GR000005,03,2,20261007093721,20261007093331,20261006105550,,GR
2026-10-07T00:42:36.258014+00:00,GR000027,01,3,20261007094049,20261006215131,20261007073817,20261007094049,GR
2026-10-07T00:42:36.258014+00:00,HD000028,02,3,20261007094100,20261007094012,20261007062941,20261007094012,HD
2026-10-07T00:42:36.258014+00:00,HE230010,01,2,20261007093900,20261007091700,20261007093900,,HE
2026-10-07T00:42:36.258014+00:00,HE240103,01,2,20261007094000,20261007090900,20261007094000,,HE
2026-10-07T00:42:36.258014+00:00,HE240103,02,2,20261007094000,20261007092900,20261007094000,,HE
2026-10-07T00:42:36.258014+00:00,HE240437,04,2,20261007094000,20261007081800,20261007094000,,HE
2026-10-07T00:42:36.258014+00:00,JA500004,02,3,20261007094203,20261007094203,20261006211003,20261007094203,JA
2026-10-07T00:42:36.258014+00:00,JA500008,02,2,20261007094008,20261007080012,20261007094008,,JA
2026-10-07T00:42:36.258014+00:00,JA500011,01,2,20261007094017,20261007091414,20261007094017,,JA
2026-10-07T00:42:36.258014+00:00,JD000001,03,3,20261007093842,20261007093842,20261007064633,20261007093815,JD
2026-10-07T00:42:36.258014+00:00,JD000002,01,2,20261007093842,20261005110341,20261005110424,,JD
2026-10-07T00:42:36.258014+00:00,JD000002,02,3,20261007094200,20261007094200,20261007093900,20261007094200,JD
2026-10-07T00:42:36.258014+00:00,JD000002,03,3,20261007093800,20261007093800,20261007093000,20261007093800,JD
2026-10-07T00:42:36.258014+00:00,JD000003,08,2,20261007094200,20261006225200,20261007094200,,JD
2026-10-07T00:42:36.258014+00:00,JD000003,09,2,20261007094000,20261006183000,20261007094000,,JD
2026-10-07T00:42:36.258014+00:00,JD000007,01,3,20261007093500,20261007093500,20261007090745,20261007093326,JD
2026-10-07T00:42:36.258014+00:00,JD000033,01,3,20261007093937,20261007093937,20261006200316,20261007093852,JD
2026-10-07T00:42:36.258014+00:00,JD000033,02,3,20261007094036,20261007094036,20261007091339,20261007090632,JD
2026-10-07T00:42:36.258014+00:00,JD000054,01,3,20261007094200,20261007094200,20260820143748,20261007094200,JD
2026-10-07T00:42:36.258014+00:00,JD100013,01,3,20261007093538,20261007093538,20261006222823,20261007093427,JD
2026-10-07T00:42:36.258014+00:00,JD110009,01,3,20261007093843,20261007093843,20261006170520,20261007093735,JD
2026-10-07T00:42:36.258014+00:00,JD110034,01,3,20261007093937,20261007093937,20261007090347,20261007093830,JD
2026-10-07T00:42:36.258014+00:00,JD110059,01,3,20261007093501,20261007093501,20261007080151,20261007093332,JD
2026-10-07T00:42:36.258014+00:00,JD110065,01,2,20261007094136,20261007090048,20261007094052,,JD
2026-10-07T00:42:36.258014+00:00,JD110070,01,3,20261007093539,20261007093539,20261006204020,20261007093455,JD
2026-10-07T00:42:36.258014+00:00,JD110079,01,2,20261007094136,20261007085514,20261007093514,,JD
2026-10-07T00:42:36.258014+00:00,JD110099,01,2,20261007093937,20261007091130,20261007093833,,JD
2026-10-07T00:42:36.258014+00:00,JE010203,01,2,20261007094034,20261006215212,20261007093442,,JE
2026-10-07T00:42:36.258014+00:00,JE010233,03,2,20261007093632,20261006235629,20261007093027,,JE
2026-10-07T00:42:36.258014+00:00,JE010240,02,2,20261007093433,20261007085551,20261007091001,,JE
2026-10-07T00:42:36.258014+00:00,JE010272,01,2,20261007093632,20261007013451,20261007093201,,JE
2026-10-07T00:42:36.258014+00:00,JE010289,08,2,20261007093632,20261007085011,20261007093114,,JE
2026-10-07T00:42:36.258014+00:00,JE010327,01,2,20261007093633,20261007082452,20261007093520,,JE
2026-10-07T00:42:36.258014+00:00,JE010327,02,3,20261007093433,20261006164421,20261006173713,20261007093420,JE
2026-10-07T00:42:36.258014+00:00,JE010327,05,2,20261007093234,20261007084600,20261007093159,,JE
2026-10-07T00:42:36.258014+00:00,JE010334,01,3,20261007093633,20261006211025,20261006220122,20261007093540,JE
2026-10-07T00:42:36.258014+00:00,JE010364,02,2,20261007093234,20261007090040,20261007093204,,JE
2026-10-07T00:42:36.258014+00:00,JE020157,03,2,20261007093633,20261007090609,20261007093610,,JE
2026-10-07T00:42:36.258014+00:00,JE020157,10,3,20261007093433,20261006171616,20261006184433,20261007093306,JE
2026-10-07T00:42:36.258014+00:00,JE020157,13,3,20261007093832,20261007044748,20261007053557,20261007093713,JE
2026-10-07T00:42:36.258014+00:00,JE040083,02,2,20261007093234,20261007090804,20261007092647,,JE
2026-10-07T00:42:36.258014+00:00,JE040103,02,3,20261007093832,20261006184059,20261007054130,20261007093632,JE
2026-10-07T00:42:36.258014+00:00,JE040111,12,3,20261007093234,20261006152419,20261006160456,20261007093216,JE
2026-10-07T00:42:36.258014+00:00,JE045009,48,3,20261007093634,20261003053636,20261003131804,20261007093537,JE
2026-10-07T00:42:36.258014+00:00,JE900095,01,2,20261007093434,20261006184333,20261006195453,,JE
2026-10-07T00:42:36.258014+00:00,JE900197,01,2,20261007093235,20261007084011,20261007093030,,JE
2026-10-07T00:42:36.258014+00:00,JE900205,02,3,20261007093235,20261007054108,20261007060200,20261007093207,JE
2026-10-07T00:42:36.258014+00:00,JE900205,03,3,20261007094036,20261007083053,20261007093705,20261007094010,JE
2026-10-07T00:42:36.258014+00:00,JE910047,01,3,20261007093834,20261007063636,20261007072853,20261007093712,JE
2026-10-07T00:42:36.258014+00:00,JE910047,02,2,20261007093635,20261007090313,20261007093539,,JE
2026-10-07T00:42:36.258014+00:00,JE910124,02,2,20261007094037,20261006160859,20261007001507,,JE
2026-10-07T00:42:36.258014+00:00,JE910140,01,3,20261007094037,20261006085243,20261006123034,20261007093933,JE
2026-10-07T00:42:36.258014+00:00,KP000137,12,2,20261007094021,20261006155610,20261006210011,,KP
2026-10-07T00:42:36.258014+00:00,KP000403,01,3,20261007094006,20261007062607,20261007065653,20261007093036,KP
2026-10-07T00:42:36.258014+00:00,KP001159,01,2,20261007094019,20261006214809,20261006234408,,KP
2026-10-07T00:42:36.258014+00:00,KP001172,03,3,20261007094014,20261006195517,20261007075839,20261007094014,KP
2026-10-07T00:42:36.258014+00:00,KP001197,02,2,20261007094019,20261006153944,20261006230501,,KP
2026-10-07T00:42:36.258014+00:00,KP001201,02,2,20261007094021,20261006202900,20261007015001,,KP
2026-10-07T00:42:36.258014+00:00,KP001208,01,1,20261007094022,20261007071816,20261007073427,,KP
2026-10-07T00:42:36.258014+00:00,KP002016,01,2,20261007094027,20261007091951,20261007093023,,KP
2026-10-07T00:42:36.258014+00:00,KP004656,01,3,20261007094026,20261007093025,20261007093910,20261007093025,KP
2026-10-07T00:42:36.258014+00:00,KP008136,02,3,20261007094028,20261007072403,20261007083458,20261007093715,KP
2026-10-07T00:42:36.258014+00:00,LI000102,01,2,20261007093723,20261007093723,20261007093723,,LI
2026-10-07T00:42:36.258014+00:00,LU001702,04,2,20261007093456,20261006212646,20261007052209,,LU
2026-10-07T00:42:36.258014+00:00,NT100725,01,3,20261007093950,20261007093950,20261007085450,20261007093950,NT
2026-10-07T00:42:36.258014+00:00,NT101675,01,3,20261007093550,20261007093550,20261007092950,20261007093550,NT
2026-10-07T00:42:36.258014+00:00,NT102695,03,2,20261007093550,20261007004250,20261007093550,,NT
2026-10-07T00:42:36.258014+00:00,PC001642,02,2,20261007093632,20261007093031,20261007093601,,PC
2026-10-07T00:42:36.258014+00:00,PI202870,31,9,20261007093810,20261007065511,20261006082609,20261007065607,PI
2026-10-07T00:42:36.258014+00:00,PI306058,12,9,20261007093310,20261007084035,20261006120825,20261007084324,PI
2026-10-07T00:42:36.258014+00:00,PI640315,01,3,20261007094133,20261007094115,20260923135101,20261007094133,PI
2026-10-07T00:42:36.258014+00:00,PI640328,04,9,20261007093810,20261006233116,20261005195128,20261006233136,PI
2026-10-07T00:42:36.258014+00:00,PI640332,01,2,20261007093641,20261007070142,20261007082625,,PI
2026-10-07T00:42:36.258014+00:00,PI640369,01,2,20261007093646,20261007090321,20261007093416,,PI
2026-10-07T00:42:36.258014+00:00,PI640382,03,3,20261007093651,20261007093246,20261006224335,20261007093651,PI
2026-10-07T00:42:36.258014+00:00,PI793205,08,3,20261007093322,20261007093316,20261005212251,20261007093322,PI
2026-10-07T00:42:36.258014+00:00,PIH00748,02,3,20261007093238,20261007092742,20261007030129,20261007093238,PI
2026-10-07T00:42:36.258014+00:00,PK000349,03,2,20261007094046,20261007090032,20261007094046,,PK
2026-10-07T00:42:36.258014+00:00,PK000349,04,2,20261007094046,20261007090032,20261007094046,,PK
2026-10-07T00:42:36.258014+00:00,PK000426,05,2,20261007094051,20261007093014,20261007094051,,PK
2026-10-07T00:42:36.258014+00:00,PL000236,18,2,20261007094007,20261007093008,20261007094007,,PL
2026-10-07T00:42:36.258014+00:00,PW015362,07,2,20261007093718,20261006201111,20261007025646,,PW
2026-10-07T00:42:36.258014+00:00,RE000242,03,3,20261007094003,20261007052115,20261007093802,,RE
2026-10-07T00:42:36.258014+00:00,RE000242,08,2,20261007093603,20261007085141,20261007093327,,RE
2026-10-07T00:42:36.258014+00:00,RE000354,16,2,20261007094003,20260930202150,20261001014939,,RE
2026-10-07T00:42:36.258014+00:00,SOA33001,01,1,20261007093814,20261007091814,20261007092014,,SO
2026-10-07T00:42:36.258014+00:00,ST501152,03,2,20261007093648,20261006114232,20261007094419,,ST
2026-10-07T00:42:36.258014+00:00,ST501158,02,2,20261007093304,20261007092025,20261007092923,,ST
2026-10-07T00:42:36.258014+00:00,ST600040,02,3,20261007094056,20261007094056,20261006211047,20261007093554,ST
2026-10-07T00:42:36.258014+00:00,ST600312,01,2,20261007094100,20261007093459,20261007094100,,ST
2026-10-07T00:42:36.258014+00:00,ST600610,04,3,20261007093311,20261007053542,20261007061057,20261007093311,ST
2026-10-07T00:42:36.258014+00:00,ST601107,02,3,20261007093314,20260930175149,20261007090704,20261007093314,ST
2026-10-07T00:42:36.258014+00:00,ME174046,01,2,20261007093632,20261006153737,20261006155127,,ME
2026-10-07T00:42:36.258014+00:00,ME174050,01,2,20261007093733,20261001170730,20261001170951,,ME
2026-10-07T00:42:36.258014+00:00,ME174050,02,2,20261007093812,20261006124450,20261006132550,,ME
2026-10-07T00:42:36.258014+00:00,ME174050,03,2,20261007094008,20261006110720,20261006113026,,ME
2026-10-07T00:42:36.258014+00:00,ME174050,04,2,20261007093749,20261006150433,20261006154323,,ME
2026-10-07T00:42:36.258014+00:00,ME174050,05,2,20261007093747,20261005144243,20261005151909,,ME
2026-10-07T00:42:36.258014+00:00,ME174061,01,2,20261007094037,20261006160425,20261006162156,,ME
2026-10-07T00:42:36.258014+00:00,ME174062,01,2,20261007093755,20261005130453,20261005134029,,ME
2026-10-07T00:42:36.258014+00:00,ME183101,01,2,20261007093803,20261006164049,20261006164233,,ME
2026-10-07T00:42:36.258014+00:00,ME183101,02,2,20261007093721,20261005115439,20261005121956,,ME
2026-10-07T00:42:36.258014+00:00,ME183101,03,2,20261007094051,20261006124629,20261006131009,,ME
2026-10-07T00:42:36.258014+00:00,ME183101,04,2,20261007093724,20261007082811,20261007083717,,ME
2026-10-07T00:42:36.258014+00:00,ME183101,52,2,20261007093716,20261004145214,20261004150345,,ME
2026-10-07T00:42:36.258014+00:00,ME183101,54,2,20261007093729,20261004141031,20261004141201,,ME
2026-10-07T00:42:36.258014+00:00,ME183102,02,2,20261007093652,20261006050530,20261006054836,,ME
2026-10-07T00:42:36.258014+00:00,ME183102,52,2,20261007093705,20261006112945,20261006121250,,ME
2026-10-07T00:42:36.258014+00:00,ME184122,01,2,20261007093938,20261006210950,20261006214400,,ME
2026-10-07T00:42:36.258014+00:00,ME184124,01,2,20261007093756,20261006184026,20261006190416,,ME
2026-10-07T00:42:36.258014+00:00,ME184125,01,2,20261007093632,20261006144530,20261006150314,,ME
2026-10-07T00:42:36.258014+00:00,ME184126,02,2,20261007093618,20261006182133,20261006190217,,ME
2026-10-07T00:42:36.258014+00:00,ME18A173,01,2,20261007094018,20261007062150,20261007062910,,ME
2026-10-07T00:42:36.258014+00:00,ME18A174,01,2,20261007093925,20261006194114,20261006202419,,ME
2026-10-07T00:42:36.258014+00:00,ME18A175,01,2,20261007094010,20261007082050,20261007085819,,ME
2026-10-07T00:42:36.258014+00:00,ME18A180,01,2,20261007094054,20261006130329,20261006133155,,ME
2026-10-07T00:42:36.258014+00:00,ME18A268,11,2,20261007093750,20261006223256,20261006223914,,ME
2026-10-07T00:42:36.258014+00:00,ME18A268,12,3,20261007093819,20261006145038,20261006151556,20261007092817,ME
2026-10-07T00:42:36.258014+00:00,ME18A269,11,2,20261007093918,20261006112854,20261006115659,,ME
2026-10-07T00:42:36.258014+00:00,ME18A269,12,2,20261007093913,20261006103338,20261006111641,,ME
2026-10-07T00:42:36.258014+00:00,ME18A270,11,2,20261007093915,20261007090021,20261007092403,,ME
2026-10-07T00:42:36.258014+00:00,ME18A270,12,2,20261007093911,20261007074940,20261007081301,,ME
2026-10-07T00:42:36.258014+00:00,ME18A271,01,2,20261007093843,20261003154138,20261003161603,,ME
2026-10-07T00:42:36.258014+00:00,ME18A271,02,2,20261007094024,20261007061035,20261007065038,,ME
2026-10-07T00:42:36.258014+00:00,ME18A272,11,2,20261007094059,20261006173035,20261006180734,,ME
2026-10-07T00:42:36.258014+00:00,ME18A272,12,2,20261007094054,20261006142857,20261006151201,,ME
2026-10-07T00:42:36.258014+00:00,ME18A273,11,2,20261007093732,20261006145306,20261006152548,,ME
2026-10-07T00:42:36.258014+00:00,ME18A273,12,2,20261007093738,20261007060052,20261007061543,,ME
2026-10-07T00:42:36.258014+00:00,ME18A274,11,2,20261007093926,20261006103459,20261006105851,,ME
2026-10-07T00:42:36.258014+00:00,ME18A274,12,2,20261007093923,20261006163246,20261006171550,,ME
2026-10-07T00:42:36.258014+00:00,ME18A275,11,2,20261007094015,20261006161758,20261006164611,,ME
2026-10-07T00:42:36.258014+00:00,ME18A275,12,2,20261007094011,20261006182842,20261006183412,,ME
2026-10-07T00:42:36.258014+00:00,ME18A281,11,2,20261007093742,20260930150635,20260930151317,,ME
2026-10-07T00:42:36.258014+00:00,ME18A281,12,2,20261007093747,20261006100139,20261006103844,,ME
2026-10-07T00:42:36.258014+00:00,ME18A306,01,2,20261007093805,20261006192822,20261006193837,,ME
2026-10-07T00:42:36.258014+00:00,ME18A306,11,2,20261007093753,20261002121626,20261002130155,,ME
2026-10-07T00:42:36.258014+00:00,ME18A306,12,2,20261007093756,20261006203629,20261006210538,,ME
2026-10-07T00:42:36.258014+00:00,ME19B169,01,2,20261007094006,20261004194711,20261004200504,,ME
2026-10-07T00:42:36.258014+00:00,ME19B170,01,2,20261007093958,20261007065629,20261007073555,,ME
2026-10-07T00:42:36.258014+00:00,ME19B171,01,2,20261007093913,20261006162909,20261006170909,,ME
2026-10-07T00:42:36.258014+00:00,ME19B172,01,2,20261007093926,20261006214119,20261006220213,,ME
2026-10-07T00:42:36.258014+00:00,ME19B173,01,2,20261007093701,20261007073652,20261007080238,,ME
2026-10-07T00:42:36.258014+00:00,ME19B240,21,2,20261007093250,20261007084613,20261007092621,,ME
2026-10-07T00:42:36.258014+00:00,ME19B240,22,9,20261007093310,20261007031732,20261007035740,,ME
2026-10-07T00:42:36.258014+00:00,ME19B241,21,9,20261007093310,20261006180725,20261006184731,,ME
2026-10-07T00:42:36.258014+00:00,ME19B241,22,9,20261007093310,20261006195536,20261006202751,,ME
2026-10-07T00:42:36.258014+00:00,ME19B242,22,2,20261007093654,20261007085645,20261007093653,,ME
2026-10-07T00:42:36.258014+00:00,ME19B404,23,3,20261007093938,20261007062816,20261007064151,20261007092538,ME
2026-10-07T00:42:36.258014+00:00,ME19B404,24,9,20261007093310,20261006100628,20261006104637,,ME
2026-10-07T00:42:36.258014+00:00,ME20B1e1,01,2,20261007093612,20261006142807,20261006144240,,ME
2026-10-07T00:42:36.258014+00:00,ME20B1e2,01,2,20261007093900,20261006165432,20261006173427,,ME
2026-10-07T00:42:36.258014+00:00,ME20B1e3,01,2,20261007093620,20261006103429,20261006105255,,ME
2026-10-07T00:42:36.258014+00:00,ME20B2a0,91,2,20261007094026,20261007080724,20261007083744,,ME
2026-10-07T00:42:36.258014+00:00,ME20B2a0,92,2,20261007094022,20261005122044,20261005123945,,ME
2026-10-07T00:42:36.258014+00:00,ME20B2a1,21,2,20261007094011,20260930153947,20260930161947,,ME
2026-10-07T00:42:36.258014+00:00,ME20B2a1,22,2,20261007094011,20260923104352,20260923104521,,ME
2026-10-07T00:42:36.258014+00:00,ME20B2a2,21,2,20261007093726,20261004120141,20261004120858,,ME
2026-10-07T00:42:36.258014+00:00,ME20B2a2,22,2,20261007093726,20261002070459,20261002072043,,ME
2026-10-07T00:42:36.258014+00:00,ME20B416,21,2,20261007093917,20261004103641,20261004105011,,ME
2026-10-07T00:42:36.258014+00:00,ME20B416,22,2,20261007093917,20261006182144,20261006183046,,ME
2026-10-07T00:42:36.258014+00:00,ME20B416,23,2,20261007093920,20261006091317,20261006093008,,ME
2026-10-07T00:42:36.258014+00:00,ME20B416,24,2,20261007093920,20261007073720,20261007080431,,ME
2026-10-07T00:42:36.258014+00:00,ME20B417,41,2,20261007093757,20261001133924,20261001141346,,ME
2026-10-07T00:42:36.258014+00:00,ME20B417,42,2,20261007093823,20261006183554,20261006191133,,ME
2026-10-07T00:42:36.258014+00:00,ME20B417,43,3,20261007093950,20261006154652,20261006160212,20261007091948,ME
2026-10-07T00:42:36.258014+00:00,ME20B417,44,2,20261007093823,20261006214850,20261006221727,,ME
2026-10-07T00:42:36.258014+00:00,ME21B1C9,01,9,20261007093310,20261006132230,20261006140535,,ME
2026-10-07T00:42:36.258014+00:00,ME21B250,01,9,20261007093310,20261007081337,20261007085643,,ME
2026-10-07T00:42:36.258014+00:00,ME21B250,02,9,20261007093310,20261006231553,20261006233816,,ME
2026-10-07T00:42:36.258014+00:00,ME21B251,02,9,20261007093310,20261006203422,20261006203724,,ME
2026-10-07T00:42:36.258014+00:00,ME21B252,01,9,20261007093310,20261006150814,20261006154716,,ME
2026-10-07T00:42:36.258014+00:00,ME21B252,02,9,20261007093310,20261006143608,20261006145154,,ME
2026-10-07T00:42:36.258014+00:00,ME21B318,01,9,20261007093310,20261006202240,20261006205556,,ME
2026-10-07T00:42:36.258014+00:00,ME21B318,03,9,20261007093310,20261006172039,20261006180044,,ME
2026-10-07T00:42:36.258014+00:00,ME21D057,01,3,20261007094000,20261007083539,20261007091542,20261007093200,ME
2026-10-07T00:42:36.258014+00:00,ME21D062,01,2,20261007093239,20261006181137,20261006182615,,ME
2026-10-07T00:42:36.258014+00:00,ME21D065,01,2,20261007094013,20261006184254,20261006184955,,ME
2026-10-07T00:42:36.258014+00:00,ME21D071,01,3,20261007093946,20261006164159,20261006171240,20261007091525,ME
2026-10-07T00:42:36.258014+00:00,ME21D075,01,9,20261007093310,20261006173013,20261006175830,,ME
2026-10-07T00:42:36.258014+00:00,ME21D077,01,2,20261007093237,20261006184457,20261006190445,,ME
2026-10-07T00:42:36.258014+00:00,ME21X008,01,2,20261007093713,20261006183615,20261006191936,,ME
2026-10-07T00:42:36.258014+00:00,ME22A611,32,3,20261007094006,20261007081919,20261007084053,20261007091948,ME
2026-10-07T00:42:36.258014+00:00,ME22A611,34,3,20261007093951,20261006224226,20261006232532,20261007090918,ME
2026-10-07T00:42:36.258014+00:00,ME22C1F6,01,9,20261007093310,20261006164430,20261006172436,,ME
2026-10-07T00:42:36.258014+00:00,ME22D1H1,01,2,20261007093902,20261006165251,20261006173251,,ME
2026-10-07T00:42:36.258014+00:00,ME25C181,01,2,20261007093937,20261007085943,20261007093930,,ME
2026-10-07T00:42:36.258014+00:00,ME25C182,01,4,20261007093748,20261006191807,20261006194754,,ME
2026-10-07T00:42:36.258014+00:00,ME25C281,21,2,20261007094028,20261006183921,20261006185215,,ME
2026-10-07T00:42:36.258014+00:00,ME25C281,22,3,20261007094030,20261005185243,20261005193245,20261007093701,ME
2026-10-07T00:42:36.258014+00:00,ME25C318,01,2,20261007093656,20261007082744,20261007083540,,ME
2026-10-07T00:42:36.258014+00:00,ME25C318,21,4,20261007094012,20261004134710,20261004140626,,ME
2026-10-07T00:42:36.258014+00:00,ME25C318,22,2,20261007094015,20261006094806,20261006100942,,ME
2026-10-07T00:42:36.258014+00:00,ME25C431,01,2,20261007093643,20260914133046,20260914133228,,ME
2026-10-07T00:42:36.258014+00:00,ME25C431,02,2,20261007093814,20261006181910,20261006183615,,ME
2026-10-07T00:42:36.258014+00:00,ME25C431,03,2,20261007093713,20261006180113,20261006182349,,ME
2026-10-07T00:42:36.258014+00:00,ME25C431,04,2,20261007093759,20261005202832,20261005205200,,ME
2026-10-07T00:42:36.258014+00:00,CV000843,01,3,20261007094019,20261007093957,20261007094008,20261007094019,CV
2026-10-07T00:42:36.258014+00:00,CV004004,02,3,20261007093544,20261007093125,20261007093121,20261007093125,CV
2026-10-07T00:42:36.258014+00:00,CV004597,10,2,20261007094100,20261007084745,20261007093912,,CV
2026-10-07T00:42:36.258014+00:00,EV015654,05,3,20261007094207,20260930080310,20260930153721,20261007094014,EV
2026-10-07T00:42:36.258014+00:00,HE000035,01,2,20261007093300,20261007071900,20261007093300,,HE
2026-10-07T00:42:36.258014+00:00,HE000035,02,3,20261007093400,20261007093400,20261007074900,20261007093400,HE
2026-10-07T00:42:36.258014+00:00,HE000074,04,2,20261007094200,20261007093900,20261007094200,,HE
2026-10-07T00:42:36.258014+00:00,HE000074,05,2,20261007093900,20261007092400,20261007093900,,HE
2026-10-07T00:42:36.258014+00:00,HE240435,05,9,20261007093810,20261007085600,20261006112520,20261007085600,HE
2026-10-07T00:42:36.258014+00:00,JD100016,01,3,20261007093500,20261007093500,20261007084109,20261007093403,JD
2026-10-07T00:42:36.258014+00:00,JD100016,05,2,20261007094135,20261007084445,20261007094013,,JD
2026-10-07T00:42:36.258014+00:00,JD100016,06,3,20261007094135,20261007094135,20261006171125,20261007094113,JD
2026-10-07T00:42:36.258014+00:00,JD100036,01,3,20261007093538,20261007093538,20261004180422,20261007093457,JD
2026-10-07T00:42:36.258014+00:00,JD160046,01,2,20261007093938,20261007085408,20261007093409,,JD
2026-10-07T00:42:36.258014+00:00,JD160055,01,2,20261007094037,20261007085545,20261007093545,,JD
2026-10-07T00:42:36.258014+00:00,JD160071,01,3,20261007093343,20261007093343,20261006103032,20261007095728,JD
2026-10-07T00:42:36.258014+00:00,JD160074,02,3,20261007093938,20261007093938,20261007051129,20261007093845,JD
2026-10-07T00:42:36.258014+00:00,JD160087,01,2,20261007093737,20261007085334,20261007093334,,JD
2026-10-07T00:42:36.258014+00:00,JD160087,02,2,20261007093843,20261007085714,20261007093714,,JD
2026-10-07T00:42:36.258014+00:00,JE020002,13,3,20261007094035,20261006113748,20261006120704,20261007094005,JE
2026-10-07T00:42:36.258014+00:00,JE020137,02,2,20261007094035,20261007090551,20261007093930,,JE
2026-10-07T00:42:36.258014+00:00,JE040122,04,3,20261007093633,20261006173701,20261007010244,20261007093603,JE
2026-10-07T00:42:36.258014+00:00,JE040157,17,3,20261007094035,20261005121252,20261005185359,20261007094014,JE
2026-10-07T00:42:36.258014+00:00,JE043002,32,3,20261007093434,20261005205229,20261006015507,20261007093408,JE
2026-10-07T00:42:36.258014+00:00,JE900033,01,3,20261007093634,20261007074922,20261007090904,20261007093535,JE
2026-10-07T00:42:36.258014+00:00,JE900187,01,3,20261007093833,20261007070637,20261007075928,20261007093802,JE
2026-10-07T00:42:36.258014+00:00,JE900199,02,5,20261007093435,20261006193512,20261006205617,,JE
2026-10-07T00:42:36.258014+00:00,JE900199,04,2,20261007093635,20261007083956,20261007093435,,JE
2026-10-07T00:42:36.258014+00:00,JE900249,01,3,20261007093435,20261006180220,20261006182424,20261007093301,JE
2026-10-07T00:42:36.258014+00:00,JE910044,07,2,20261007094036,20261006141714,20261006225045,,JE
2026-10-07T00:42:36.258014+00:00,KP000434,02,3,20261007094022,20261006191714,20261006200344,20261007093818,KP
2026-10-07T00:42:36.258014+00:00,KP003834,02,2,20261007094018,20261007075713,20261007093318,,KP
2026-10-07T00:42:36.258014+00:00,NT100520,02,3,20261007093450,20261007093450,20261004102750,20261007093450,NT
2026-10-07T00:42:36.258014+00:00,PC000935,07,2,20261007093937,20261007091016,20261007093924,,PC
2026-10-07T00:42:36.258014+00:00,PI700906,04,2,20261007093352,20261006185220,20261007034034,,PI
2026-10-07T00:42:36.258014+00:00,PIH01084,04,3,20261007093251,20261007092824,20261006170919,20261007093251,PI
2026-10-07T00:42:36.258014+00:00,PIS00778,08,3,20261007093912,20261007093532,20261007072415,20261007093912,PI
2026-10-07T00:42:36.258014+00:00,PIS00779,01,2,20261007093912,20261006140216,20261006211508,,PI
2026-10-07T00:42:36.258014+00:00,PW010860,01,2,20261007093812,20261007070839,20261007090859,,PW
2026-10-07T00:42:36.258014+00:00,PW012555,02,3,20261007093509,20261007093509,20261006020034,20261007093154,PW
2026-10-07T00:52:35.430933+00:00,ME174067,01,2,20261007094751,20261006103354,20261006110330,,ME
2026-10-07T00:52:35.430933+00:00,ME181538,01,2,20261007094646,20261006212218,20261006212944,,ME
2026-10-07T00:52:35.430933+00:00,ME181539,01,2,20261007094822,20261006203339,20261006211418,,ME
2026-10-07T00:52:35.430933+00:00,ME181541,01,2,20261007094914,20261005181705,20261005185708,,ME
2026-10-07T00:52:35.430933+00:00,ME184129,01,2,20261007094813,20261003153003,20261003161322,,ME
2026-10-07T00:52:35.430933+00:00,ME184130,01,2,20261007094813,20261007063634,20261007064838,,ME
2026-10-07T00:52:35.430933+00:00,ME184131,01,2,20261007094915,20261007081245,20261007085051,,ME
2026-10-07T00:52:35.430933+00:00,ME18A176,01,2,20261007094645,20261006224926,20261006230021,,ME
2026-10-07T00:52:35.430933+00:00,ME18A177,01,2,20261007094718,20261006123523,20261006130052,,ME
2026-10-07T00:52:35.430933+00:00,ME18A178,01,2,20261007094656,20261005164341,20261005170217,,ME
2026-10-07T00:52:35.430933+00:00,ME18A179,01,2,20261007094623,20261006090217,20261006091807,,ME
2026-10-07T00:52:35.430933+00:00,ME18A276,11,2,20261007095016,20260927190040,20260927190352,,ME
2026-10-07T00:52:35.430933+00:00,ME18A276,12,2,20261007095005,20260925101706,20260925104659,,ME
2026-10-07T00:52:35.430933+00:00,ME18A277,11,3,20261007094919,20261007081048,20261007082323,20261007091125,ME
2026-10-07T00:52:35.430933+00:00,ME18A277,12,2,20261007094924,20261006191856,20261006195632,,ME
2026-10-07T00:52:35.430933+00:00,ME18A278,01,2,20261007095101,20261007080600,20261007081805,,ME
2026-10-07T00:52:35.430933+00:00,ME18A278,02,2,20261007095045,20261007091906,20261007092031,,ME
2026-10-07T00:52:35.430933+00:00,ME18A279,11,2,20261007095000,20261005154501,20261005162806,,ME
2026-10-07T00:52:35.430933+00:00,ME18A279,12,2,20261007094953,20261007070524,20261007074019,,ME
2026-10-07T00:52:35.430933+00:00,ME18A282,11,2,20261007094701,20261007072925,20261007080119,,ME
2026-10-07T00:52:35.430933+00:00,ME18A282,12,2,20261007094716,20261006173419,20261006174154,,ME
2026-10-07T00:52:35.430933+00:00,ME18A283,11,3,20261007094834,20261007080047,20261007084350,20261007092824,ME
2026-10-07T00:52:35.430933+00:00,ME18A283,12,2,20261007094828,20261004080825,20261004084258,,ME
2026-10-07T00:52:35.430933+00:00,ME18A307,01,2,20261007094612,20261006131935,20261006134620,,ME
2026-10-07T00:52:35.430933+00:00,ME18A308,01,3,20261007094954,20261007090047,20261007094607,20261007094951,ME
2026-10-07T00:52:35.430933+00:00,ME18A308,11,2,20261007094754,20261005140606,20261005143350,,ME
2026-10-07T00:52:35.430933+00:00,ME18A308,12,2,20261007094759,20261006121919,20261006122945,,ME
2026-10-07T00:52:35.430933+00:00,ME18A309,01,2,20261007095110,20261007081837,20261007090142,,ME
2026-10-07T00:52:35.430933+00:00,ME18A309,11,2,20261007094756,20261006200044,20261006204242,,ME
2026-10-07T00:52:35.430933+00:00,ME18A309,12,2,20261007094802,20261007082008,20261007085858,,ME
2026-10-07T00:52:35.430933+00:00,ME19B174,11,3,20261007094805,20261007023843,20261007030322,20261007093745,ME
2026-10-07T00:52:35.430933+00:00,ME19B174,12,2,20261007094807,20261007075917,20261007082329,,ME
2026-10-07T00:52:35.430933+00:00,ME19B245,21,3,20261007095040,20261006212248,20261006214510,20261007094217,ME
2026-10-07T00:52:35.430933+00:00,ME19B245,22,3,20261007094916,20261006161954,20261006170004,20261007091820,ME
2026-10-07T00:52:35.430933+00:00,ME19B246,21,3,20261007095005,20261007090037,20261007093040,20261007093900,ME
2026-10-07T00:52:35.430933+00:00,ME19B246,22,2,20261007094455,20261007055340,20261007063451,,ME
2026-10-07T00:52:35.430933+00:00,ME19B405,43,3,20261007094936,20261006155039,20261006163046,20261007093111,ME
2026-10-07T00:52:35.430933+00:00,ME19B406,24,3,20261007095106,20261006190940,20261006192832,20261007092640,ME
2026-10-07T00:52:35.430933+00:00,ME19D126,01,3,20261007094950,20261007074159,20261007081549,20261007092948,ME
2026-10-07T00:52:35.430933+00:00,ME19D127,01,2,20261007094851,20261006075300,20261006083300,,ME
2026-10-07T00:52:35.430933+00:00,ME19D128,01,2,20261007094629,20260927183731,20260927185259,,ME
2026-10-07T00:52:35.430933+00:00,ME19Y240,21,2,20261007094653,20261007062201,20261007070201,,ME
2026-10-07T00:52:35.430933+00:00,ME19Y240,22,2,20261007094653,20261007071139,20261007073441,,ME
2026-10-07T00:52:35.430933+00:00,ME19Y269,01,2,20261007094654,20261006214518,20261006222518,,ME
2026-10-07T00:52:35.430933+00:00,ME19Y269,02,2,20261007094703,20261007083309,20261007090402,,ME
2026-10-07T00:52:35.430933+00:00,ME19Y270,01,2,20261007094914,20261007080122,20261007084122,,ME
2026-10-07T00:52:35.430933+00:00,ME19Y270,02,2,20261007094636,20261007064731,20261007071715,,ME
2026-10-07T00:52:35.430933+00:00,ME19Y271,01,2,20261007094715,20261007091115,20261007092241,,ME
2026-10-07T00:52:35.430933+00:00,ME19Y271,02,2,20261007095016,20261007071303,20261007075303,,ME
2026-10-07T00:52:35.430933+00:00,ME20B1e4,01,2,20261007095054,20261007071305,20261007072409,,ME
2026-10-07T00:52:35.430933+00:00,ME20B1e5,01,2,20261007094904,20261006174200,20261006181256,,ME
2026-10-07T00:52:35.430933+00:00,ME20B1e6,91,2,20261007094646,20261007080603,20261007084603,,ME
2026-10-07T00:52:35.430933+00:00,ME20B2a3,21,2,20261007094953,20261006125950,20261006130120,,ME
2026-10-07T00:52:35.430933+00:00,ME20B2a3,22,2,20261007094953,20261006130221,20261006130352,,ME
2026-10-07T00:52:35.430933+00:00,ME20B2a4,21,2,20261007095048,20261006213440,20261006220720,,ME
2026-10-07T00:52:35.430933+00:00,ME20B2a4,22,2,20261007095048,20261007090718,20261007094718,,ME
2026-10-07T00:52:35.430933+00:00,ME20B2a5,21,2,20261007094927,20261007092832,20261007094508,,ME
2026-10-07T00:52:35.430933+00:00,ME20B2a5,22,2,20261007094927,20261006210022,20261006213538,,ME
2026-10-07T00:52:35.430933+00:00,ME20B2a6,21,2,20261007094910,20261002085825,20261002092516,,ME
2026-10-07T00:52:35.430933+00:00,ME20B2a6,22,2,20261007094910,20261006212930,20261006220930,,ME
2026-10-07T00:52:35.430933+00:00,ME20B2a7,21,2,20261007095012,20261006211831,20261006215831,,ME
2026-10-07T00:52:35.430933+00:00,ME20B2a7,22,2,20261007095012,20261006205622,20261006211558,,ME
2026-10-07T00:52:35.430933+00:00,ME20B2a8,21,2,20261007094804,20261006200926,20261006204926,,ME
2026-10-07T00:52:35.430933+00:00,ME20B2a8,22,2,20261007094804,20261007072421,20261007074703,,ME
2026-10-07T00:52:35.430933+00:00,ME20B2a9,21,2,20261007094803,20261006180949,20261006184331,,ME
2026-10-07T00:52:35.430933+00:00,ME20B2a9,22,2,20261007094803,20261007085702,20261007091626,,ME
2026-10-07T00:52:35.430933+00:00,ME20B2b0,21,5,20261007094812,20261005143505,20261005150342,,ME
2026-10-07T00:52:35.430933+00:00,ME20B2b0,22,2,20261007094812,20261005175606,20261005182530,,ME
2026-10-07T00:52:35.430933+00:00,ME20B2b1,21,2,20261007095035,20261006150609,20261006154609,,ME
2026-10-07T00:52:35.430933+00:00,ME20B2b1,22,2,20261007095035,20261006123249,20261006130718,,ME
2026-10-07T00:52:35.430933+00:00,ME20B2b2,21,2,20261007095041,20260916145246,20260916145416,,ME
2026-10-07T00:52:35.430933+00:00,ME20B2b2,22,2,20261007095041,20260925110458,20260925114155,,ME
2026-10-07T00:52:35.430933+00:00,ME20B2b3,21,2,20261007094618,20261006153025,20261006161025,,ME
2026-10-07T00:52:35.430933+00:00,ME20B2b3,22,2,20261007094618,20261007065135,20261007073135,,ME
2026-10-07T00:52:35.430933+00:00,ME20B2b4,01,2,20261007094816,20261002092503,20261002100503,,ME
2026-10-07T00:52:35.430933+00:00,ME20B2b4,02,2,20261007094946,20261001134855,20261001142855,,ME
2026-10-07T00:52:35.430933+00:00,ME20B418,41,2,20261007094928,20261006174819,20261006180320,,ME
2026-10-07T00:52:35.430933+00:00,ME20B418,42,2,20261007094953,20261007093946,20261007094923,,ME
2026-10-07T00:52:35.430933+00:00,ME20B418,43,2,20261007095008,20261006140840,20261006144840,,ME
2026-10-07T00:52:35.430933+00:00,ME20B418,44,2,20261007094946,20261006191741,20261006194638,,ME
2026-10-07T00:52:35.430933+00:00,ME21B317,02,3,20261007095000,20261006170109,20261006173414,20261007094353,ME
2026-10-07T00:52:35.430933+00:00,ME21D081,01,3,20261007095020,20261007092415,20261007092550,20261007094617,ME
2026-10-07T00:52:35.430933+00:00,ME21D092,01,3,20261007095045,20261007083339,20261007091343,20261007094230,ME
2026-10-07T00:52:35.430933+00:00,ME21D093,01,2,20261007094622,20261007094500,20261007094628,,ME
2026-10-07T00:52:35.430933+00:00,ME21D109,01,3,20261007095051,20261007064713,20261007070938,20261007094041,ME
2026-10-07T00:52:35.430933+00:00,ME21D113,01,3,20261007094927,20261006200350,20261006203247,20261007094121,ME
2026-10-07T00:52:35.430933+00:00,ME21X010,01,2,20261007094628,20261007083908,20261007084254,,ME
2026-10-07T00:52:35.430933+00:00,ME21X014,01,2,20261007094747,20261006154959,20261006155114,,ME
2026-10-07T00:52:35.430933+00:00,ME21X015,01,2,20261007094617,20261007054716,20261007063012,,ME
2026-10-07T00:52:35.430933+00:00,ME22C1G2,01,2,20261007094755,20261007094010,20261007094759,,ME
2026-10-07T00:52:35.430933+00:00,ME22C286,01,2,20261007094842,20261006154352,20261006155414,,ME
2026-10-07T00:52:35.430933+00:00,ME22C305,02,2,20261007094526,20261007090525,20261007094529,,ME
2026-10-07T00:52:35.430933+00:00,ME22D155,01,3,20261007095032,20261007075401,20261007083401,20261007094022,ME
2026-10-07T00:52:35.430933+00:00,ME22D156,01,2,20261007094734,20261006212118,20261006220118,,ME
2026-10-07T00:52:35.430933+00:00,ME22D161,01,3,20261007095056,20261007082935,20261007090905,20261007092534,ME
2026-10-07T00:52:35.430933+00:00,ME22D162,01,2,20261007094856,20261007091054,20261007094024,,ME
2026-10-07T00:52:35.430933+00:00,ME22D176,01,2,20261007095049,20261005160320,20261005164320,,ME
2026-10-07T00:52:35.430933+00:00,ME22D1H0,01,2,20261007094853,20261007085303,20261007093254,,ME
2026-10-07T00:52:35.430933+00:00,ME22D219,01,2,20261007094932,20261006200952,20261006204952,,ME
2026-10-07T00:52:35.430933+00:00,ME22D219,02,3,20261007095023,20261006112556,20261006120556,20261007092002,ME
2026-10-07T00:52:35.430933+00:00,ME22D235,01,2,20261007094920,20261007081852,20261007081943,,ME
2026-10-07T00:52:35.430933+00:00,ME22D235,02,2,20261007095028,20261007082431,20261007082937,,ME
2026-10-07T00:52:35.430933+00:00,ME22D401,01,3,20261007094725,20261007083440,20261007091448,20261007092703,ME
2026-10-07T00:52:35.430933+00:00,ME22D401,02,3,20261007094804,20261007085758,20261007092728,20261007093255,ME
2026-10-07T00:52:35.430933+00:00,ME22D401,03,2,20261007094929,20261007084401,20261007092409,,ME
2026-10-07T00:52:35.430933+00:00,ME22D401,04,2,20261007094942,20261007092252,20261007093311,,ME
2026-10-07T00:52:35.430933+00:00,ME25C183,01,2,20261007095010,20261006152302,20261006152434,,ME
2026-10-07T00:52:35.430933+00:00,ME25C184,01,3,20261007094937,20261006160956,20261006162157,20261007094932,ME
2026-10-07T00:52:35.430933+00:00,ME25C282,21,2,20261007095055,20261007085217,20261007093219,,ME
2026-10-07T00:52:35.430933+00:00,ME25C282,22,2,20261007095057,20261006140629,20261006144539,,ME
2026-10-07T00:52:35.430933+00:00,ME25C283,01,2,20261007095008,20261006170012,20261006173622,,ME
2026-10-07T00:52:35.430933+00:00,ME25C283,02,2,20261007094904,20261007080130,20261007083431,,ME
2026-10-07T00:52:35.430933+00:00,ME25C284,01,2,20261007094626,20260930133648,20260930141649,,ME
2026-10-07T00:52:35.430933+00:00,ME25C284,02,2,20261007094724,20261006170353,20261006173237,,ME
2026-10-07T00:52:35.430933+00:00,BE241063,03,3,20261007094841,20261007094841,20261006190904,20261007094841,BE
2026-10-07T00:52:35.430933+00:00,BT000070,01,3,20261007095000,20261007094308,20261007094417,20261007094544,BT
2026-10-07T00:52:35.430933+00:00,CI0O0020,01,2,20261007094815,20261006195935,20261007094815,,CI
2026-10-07T00:52:35.430933+00:00,CI0O0032,01,3,20261007094917,20261007094917,20261005172753,20261007094917,CI
2026-10-07T00:52:35.430933+00:00,CV000271,01,2,20261007094516,20261007093123,20261007094259,,CV
2026-10-07T00:52:35.430933+00:00,CV001188,02,3,20261007094520,20261007094200,20261007094204,20261007094520,CV
2026-10-07T00:52:35.430933+00:00,EV015694,02,2,20261007094943,20261007084846,20261007094759,,EV
2026-10-07T00:52:35.430933+00:00,GR000050,01,2,20261007094336,20261007090222,20261007093640,,GR
2026-10-07T00:52:35.430933+00:00,GS000116,04,3,20261007094842,20261007094842,20261007073258,20261007094842,GS
2026-10-07T00:52:35.430933+00:00,HD000018,03,3,20261007094700,20261007094619,20261007062207,20261007094619,HD
2026-10-07T00:52:35.430933+00:00,HE230002,02,2,20261007095200,20261007091600,20261007095200,,HE
2026-10-07T00:52:35.430933+00:00,HE240065,04,2,20261007095000,20261007061801,20261007070827,,HE
2026-10-07T00:52:35.430933+00:00,HE240065,05,2,20261007095000,20261007084351,20261007090416,,HE
2026-10-07T00:52:35.430933+00:00,HM003000,02,3,20261007094821,20261006163703,20261006171353,20261007094631,HM
2026-10-07T00:52:35.430933+00:00,JA500008,02,3,20261007094907,20261007094907,20261007094008,20261007094907,JA
2026-10-07T00:52:35.430933+00:00,JD000001,04,3,20261007094842,20261007094842,20261007094123,20261007094723,JD
2026-10-07T00:52:35.430933+00:00,JD000002,02,2,20261007094300,20261007094200,20261007094300,,JD
2026-10-07T00:52:35.430933+00:00,JD000003,08,3,20261007095200,20261007095200,20261007094200,20261007095200,JD
2026-10-07T00:52:35.430933+00:00,JD000003,09,3,20261007095200,20261007095200,20261007094000,20261007095200,JD
2026-10-07T00:52:35.430933+00:00,JD000047,02,3,20261007094338,20261007094338,20261006153032,20261007094303,JD
2026-10-07T00:52:35.430933+00:00,JD000052,02,3,20261007094338,20261007094338,20261006122849,20261007094310,JD
2026-10-07T00:52:35.430933+00:00,JD000054,01,1,20261007095200,20260820114629,20260820143748,,JD
2026-10-07T00:52:35.430933+00:00,JD000118,03,2,20261007095000,20261006173300,20261007095000,,JD
2026-10-07T00:52:35.430933+00:00,JD100024,01,2,20261007094736,20261007085111,20261007093112,,JD
2026-10-07T00:52:35.430933+00:00,JD110073,01,2,20261007094235,20261007092023,20261007093803,,JD
2026-10-07T00:52:35.430933+00:00,JD110087,01,3,20261007094235,20261007094235,20261006233640,20261007094146,JD
2026-10-07T00:52:35.430933+00:00,JE010007,03,2,20261007094431,20261007084413,20261007094354,,JE
2026-10-07T00:52:35.430933+00:00,JE010007,04,2,20261007094431,20261007080729,20261007094246,,JE
2026-10-07T00:52:35.430933+00:00,JE010037,04,3,20261007094831,20261002073535,20261002143636,20261007094640,JE
2026-10-07T00:52:35.430933+00:00,JE010269,01,3,20261007094431,20261006161317,20261006195730,20261007094407,JE
2026-10-07T00:52:35.430933+00:00,JE010289,07,3,20261007094431,20261006143237,20261006143639,20261007094351,JE
2026-10-07T00:52:35.430933+00:00,JE010374,01,2,20261007094431,20261007083437,20261007094256,,JE
2026-10-07T00:52:35.430933+00:00,JE020157,04,3,20261007095037,20261006121609,20261006131709,20261007095016,JE
2026-10-07T00:52:35.430933+00:00,JE020157,08,3,20261007094632,20261006210020,20261006223212,20261007094552,JE
2026-10-07T00:52:35.430933+00:00,JE040085,01,2,20261007094632,20261007090750,20261007092536,,JE
2026-10-07T00:52:35.430933+00:00,JE900088,12,2,20261007094433,20261006203130,20261006230106,,JE
2026-10-07T00:52:35.430933+00:00,JE900118,01,3,20261007095038,20261006214234,20261007003433,20261007094941,JE
2026-10-07T00:52:35.430933+00:00,JE900151,02,2,20261007094833,20261007092555,20261007094753,,JE
2026-10-07T00:52:35.430933+00:00,JE900190,01,3,20261007094633,20261007081828,20261007090349,20261007094530,JE
2026-10-07T00:52:35.430933+00:00,JE900193,01,2,20261007095039,20261007084628,20261007092458,,JE
2026-10-07T00:52:35.430933+00:00,JE900202,01,3,20261007094633,20261007083623,20261007085347,20261007094626,JE
2026-10-07T00:52:35.430933+00:00,JE900224,09,2,20261007094234,20261006192222,20261007002828,,JE
2026-10-07T00:52:35.430933+00:00,JE900229,04,2,20261007095039,20261007075941,20261007090622,,JE
2026-10-07T00:52:35.430933+00:00,JE910047,01,2,20261007095039,20261007093712,20261007094917,,JE
2026-10-07T00:52:35.430933+00:00,JE910047,02,3,20261007094834,20261007090313,20261007093539,20261007094630,JE
2026-10-07T00:52:35.430933+00:00,JE910124,01,2,20261007094433,20261007063320,20261007094246,,JE
2026-10-07T00:52:35.430933+00:00,JE910142,03,3,20261007095039,20261006200310,20261007003247,20261007094844,JE
2026-10-07T00:52:35.430933+00:00,KP000199,01,2,20261007095009,20261007092139,20261007094022,,KP
2026-10-07T00:52:35.430933+00:00,KP001205,01,2,20261007095009,20261007083311,20261007094321,,KP
2026-10-07T00:52:35.430933+00:00,KP001208,01,2,20261007095007,20261007071816,20261007073427,,KP
2026-10-07T00:52:35.430933+00:00,KP001209,01,2,20261007095031,20261007063322,20261007073750,,KP
2026-10-07T00:52:35.430933+00:00,KP002232,02,2,20261007095016,20261006220031,20261007094043,,KP
2026-10-07T00:52:35.430933+00:00,KP003024,01,3,20261007095024,20261006201045,20261006205652,20261007094855,KP
2026-10-07T00:52:35.430933+00:00,KP003043,01,3,20261007095031,20261006211741,20261006223158,20261007094841,KP
2026-10-07T00:52:35.430933+00:00,KP004656,01,2,20261007095011,20261007093025,20261007093910,,KP
2026-10-07T00:52:35.430933+00:00,KP004700,03,3,20261007095007,20261006200335,20261006203120,20261007094506,KP
2026-10-07T00:52:35.430933+00:00,LI000102,01,2,20261007094724,20261007094724,20261007094724,,LI
2026-10-07T00:52:35.430933+00:00,PC001641,01,2,20261007094334,20261007064149,20261007094326,,PC
2026-10-07T00:52:35.430933+00:00,PI640407,06,3,20261007094712,20261007094603,20261005143857,20261007094712,PI
2026-10-07T00:52:35.430933+00:00,PI645119,12,3,20261007094716,20261007094319,20261007084108,20261007094716,PI
2026-10-07T00:52:35.430933+00:00,PI645284,03,2,20261007094306,20261007080916,20261007094249,,PI
2026-10-07T00:52:35.430933+00:00,PI645491,06,3,20261007094922,20261007094811,20261005074203,20261007094922,PI
2026-10-07T00:52:35.430933+00:00,PI690030,01,2,20261007094832,20261007085830,20261007094748,,PI
2026-10-07T00:52:35.430933+00:00,PI766548,04,3,20261007094604,20261007094425,20261006180323,20261007094604,PI
2026-10-07T00:52:35.430933+00:00,PIH00488,13,2,20261007094754,20261007073004,20261007094331,,PI
2026-10-07T00:52:35.430933+00:00,PK000305,01,3,20261007095156,20261006223158,20261007002719,20261007094721,PK
2026-10-07T00:52:35.430933+00:00,PK000305,02,3,20261007095156,20261006223420,20261006233936,20261007094758,PK
2026-10-07T00:52:35.430933+00:00,PK000306,05,3,20261007095156,20261007083040,20261007083525,20261007094212,PK
2026-10-07T00:52:35.430933+00:00,PK000349,03,3,20261007095033,20261007095033,20261007094046,20261007095033,PK
2026-10-07T00:52:35.430933+00:00,PL000236,42,2,20261007094834,20261006181856,20261007094834,,PL
2026-10-07T00:52:35.430933+00:00,PL027210,12,3,20261007095145,20261007095145,20261007082644,20261007095145,PL
2026-10-07T00:52:35.430933+00:00,PW010665,02,2,20261007094610,20261007085427,20261007094503,,PW
2026-10-07T00:52:35.430933+00:00,PW012184,02,2,20261007094309,20261007081515,20261007094018,,PW
2026-10-07T00:52:35.430933+00:00,PW013006,12,3,20261007094721,20261007094721,20261002153206,20261007094657,PW
2026-10-07T00:52:35.430933+00:00,PW015362,03,2,20261007094517,20261006174339,20261006212904,,PW
2026-10-07T00:52:35.430933+00:00,PWE06067,03,3,20261007094909,20261007094909,20261007091308,20261007094909,PW
2026-10-07T00:52:35.430933+00:00,RE000240,09,3,20261007094803,20261007094803,20261007000646,20261007094628,RE
2026-10-07T00:52:35.430933+00:00,RE000242,03,3,20261007094402,20261007094402,20261007093802,20261007052115,RE
2026-10-07T00:52:35.430933+00:00,SOA33001,01,2,20261007095014,20261007094614,20261007094814,,SO
2026-10-07T00:52:35.430933+00:00,ST501102,30,3,20261007094918,20261007094918,20261006162903,20261007094603,ST
2026-10-07T00:52:35.430933+00:00,ST501159,03,2,20261007095107,20261007092244,20261007094705,,ST
2026-10-07T00:52:35.430933+00:00,ST600416,11,3,20261007094905,20261007094905,20261006170750,20261007094501,ST
2026-10-07T00:52:35.430933+00:00,ST601107,13,3,20261007094914,20261007094914,20261007090712,20261007094646,ST
2026-10-07T00:52:35.430933+00:00,ST601107,30,2,20261007094717,20261007071617,20261007094508,,ST
2026-10-07T00:52:35.430933+00:00,TDO00007,02,2,20261007094501,20261006213855,20261005014944,,TD
2026-10-07T00:52:35.430933+00:00,TDO00047,01,1,20261007094505,20261007070941,20261007070945,,TD
2026-10-07T00:52:35.430933+00:00,TDO00090,01,1,20261007094504,20261006212849,20261007024214,,TD
2026-10-07T00:52:35.430933+00:00,TDO00100,01,2,20261007094505,20261006195011,20261006212006,,TD
2026-10-07T00:52:35.430933+00:00,ME174046,01,2,20261007094635,20261006153737,20261006155127,,ME
2026-10-07T00:52:35.430933+00:00,ME174050,01,2,20261007094735,20261001170730,20261001170951,,ME
2026-10-07T00:52:35.430933+00:00,ME174050,02,2,20261007094813,20261006124450,20261006132550,,ME
2026-10-07T00:52:35.430933+00:00,ME174050,03,2,20261007095011,20261006110720,20261006113026,,ME
2026-10-07T00:52:35.430933+00:00,ME174050,04,2,20261007094751,20261006150433,20261006154323,,ME
2026-10-07T00:52:35.430933+00:00,ME174050,05,2,20261007094751,20261005144243,20261005151909,,ME
2026-10-07T00:52:35.430933+00:00,ME174061,01,2,20261007095039,20261006160425,20261006162156,,ME
2026-10-07T00:52:35.430933+00:00,ME174062,01,2,20261007094758,20261005130453,20261005134029,,ME
2026-10-07T00:52:35.430933+00:00,ME183101,01,2,20261007094805,20261006164049,20261006164233,,ME
2026-10-07T00:52:35.430933+00:00,ME183101,02,2,20261007094724,20261005115439,20261005121956,,ME
2026-10-07T00:52:35.430933+00:00,ME183101,03,2,20261007095053,20261006124629,20261006131009,,ME
2026-10-07T00:52:35.430933+00:00,ME183101,04,2,20261007094726,20261007082811,20261007083717,,ME
2026-10-07T00:52:35.430933+00:00,ME183101,52,2,20261007094718,20261004145214,20261004150345,,ME
2026-10-07T00:52:35.430933+00:00,ME183101,54,2,20261007094732,20261004141031,20261004141201,,ME
2026-10-07T00:52:35.430933+00:00,ME183102,02,2,20261007094654,20261006050530,20261006054836,,ME
2026-10-07T00:52:35.430933+00:00,ME183102,52,2,20261007094707,20261006112945,20261006121250,,ME
2026-10-07T00:52:35.430933+00:00,ME184122,01,2,20261007094941,20261006210950,20261006214400,,ME
2026-10-07T00:52:35.430933+00:00,ME184124,01,2,20261007094759,20261006184026,20261006190416,,ME
2026-10-07T00:52:35.430933+00:00,ME184125,01,2,20261007094634,20261006144530,20261006150314,,ME
2026-10-07T00:52:35.430933+00:00,ME184126,02,2,20261007094620,20261006182133,20261006190217,,ME
2026-10-07T00:52:35.430933+00:00,ME18A173,01,2,20261007095020,20261007062150,20261007062910,,ME
2026-10-07T00:52:35.430933+00:00,ME18A174,01,2,20261007094927,20261006194114,20261006202419,,ME
2026-10-07T00:52:35.430933+00:00,ME18A175,01,2,20261007095013,20261007082050,20261007085819,,ME
2026-10-07T00:52:35.430933+00:00,ME18A180,01,2,20261007095056,20261006130329,20261006133155,,ME
2026-10-07T00:52:35.430933+00:00,ME18A268,11,2,20261007094751,20261006223256,20261006223914,,ME
2026-10-07T00:52:35.430933+00:00,ME18A268,12,3,20261007094822,20261006145038,20261006151556,20261007092817,ME
2026-10-07T00:52:35.430933+00:00,ME18A269,11,2,20261007094921,20261006112854,20261006115659,,ME
2026-10-07T00:52:35.430933+00:00,ME18A269,12,2,20261007094915,20261006103338,20261006111641,,ME
2026-10-07T00:52:35.430933+00:00,ME18A270,11,2,20261007094917,20261007090021,20261007092403,,ME
2026-10-07T00:52:35.430933+00:00,ME18A270,12,2,20261007094913,20261007074940,20261007081301,,ME
2026-10-07T00:52:35.430933+00:00,ME18A271,01,2,20261007094845,20261003154138,20261003161603,,ME
2026-10-07T00:52:35.430933+00:00,ME18A271,02,2,20261007095026,20261007061035,20261007065038,,ME
2026-10-07T00:52:35.430933+00:00,ME18A272,11,2,20261007095100,20261006173035,20261006180734,,ME
2026-10-07T00:52:35.430933+00:00,ME18A272,12,2,20261007095057,20261006142857,20261006151201,,ME
2026-10-07T00:52:35.430933+00:00,ME18A273,11,2,20261007094733,20261006145306,20261006152548,,ME
2026-10-07T00:52:35.430933+00:00,ME18A273,12,2,20261007094740,20261007060052,20261007061543,,ME
2026-10-07T00:52:35.430933+00:00,ME18A274,11,2,20261007094929,20261006103459,20261006105851,,ME
2026-10-07T00:52:35.430933+00:00,ME18A274,12,2,20261007094925,20261006163246,20261006171550,,ME
2026-10-07T00:52:35.430933+00:00,ME18A275,11,2,20261007095018,20261006161758,20261006164611,,ME
2026-10-07T00:52:35.430933+00:00,ME18A275,12,2,20261007095013,20261006182842,20261006183412,,ME
2026-10-07T00:52:35.430933+00:00,ME18A281,11,2,20261007094744,20260930150635,20260930151317,,ME
2026-10-07T00:52:35.430933+00:00,ME18A281,12,2,20261007094749,20261006100139,20261006103844,,ME
2026-10-07T00:52:35.430933+00:00,ME18A306,01,2,20261007094806,20261006192822,20261006193837,,ME
2026-10-07T00:52:35.430933+00:00,ME18A306,11,2,20261007094755,20261002121626,20261002130155,,ME
2026-10-07T00:52:35.430933+00:00,ME18A306,12,2,20261007094759,20261006203629,20261006210538,,ME
2026-10-07T00:52:35.430933+00:00,ME18A404,03,2,20261007094612,20261006125146,20261006131714,,ME
2026-10-07T00:52:35.430933+00:00,ME18A404,04,2,20261007094439,20261006103336,20261006105130,,ME
2026-10-07T00:52:35.430933+00:00,ME19B169,01,2,20261007095006,20261004194711,20261004200504,,ME
2026-10-07T00:52:35.430933+00:00,ME19B170,01,2,20261007094958,20261007065629,20261007073555,,ME
2026-10-07T00:52:35.430933+00:00,ME19B171,01,2,20261007094913,20261006162909,20261006170909,,ME
2026-10-07T00:52:35.430933+00:00,ME19B172,01,2,20261007094925,20261006214119,20261006220213,,ME
2026-10-07T00:52:35.430933+00:00,ME19B173,01,2,20261007094702,20261007073652,20261007080238,,ME
2026-10-07T00:52:35.430933+00:00,ME19B404,23,3,20261007095025,20261007092538,20261007094206,20261007094445,ME
2026-10-07T00:52:35.430933+00:00,ME20B1e1,01,2,20261007094612,20261006142807,20261006144240,,ME
2026-10-07T00:52:35.430933+00:00,ME20B1e2,01,2,20261007094900,20261006165432,20261006173427,,ME
2026-10-07T00:52:35.430933+00:00,ME20B1e3,01,2,20261007094620,20261006103429,20261006105255,,ME
2026-10-07T00:52:35.430933+00:00,ME20B2a0,91,2,20261007095026,20261007080724,20261007083744,,ME
2026-10-07T00:52:35.430933+00:00,ME20B2a0,92,2,20261007095022,20261005122044,20261005123945,,ME
2026-10-07T00:52:35.430933+00:00,ME20B2a1,21,2,20261007095011,20260930153947,20260930161947,,ME
2026-10-07T00:52:35.430933+00:00,ME20B2a1,22,2,20261007095011,20260923104352,20260923104521,,ME
2026-10-07T00:52:35.430933+00:00,ME20B2a2,21,2,20261007094726,20261004120141,20261004120858,,ME
2026-10-07T00:52:35.430933+00:00,ME20B2a2,22,2,20261007094726,20261002070459,20261002072043,,ME
2026-10-07T00:52:35.430933+00:00,ME20B416,21,2,20261007094917,20261004103641,20261004105011,,ME
2026-10-07T00:52:35.430933+00:00,ME20B416,22,2,20261007094917,20261006182144,20261006183046,,ME
2026-10-07T00:52:35.430933+00:00,ME20B416,23,2,20261007094920,20261006091317,20261006093008,,ME
2026-10-07T00:52:35.430933+00:00,ME20B416,24,2,20261007094920,20261007073720,20261007080431,,ME
2026-10-07T00:52:35.430933+00:00,ME20B417,41,2,20261007094757,20261001133924,20261001141346,,ME
2026-10-07T00:52:35.430933+00:00,ME20B417,42,2,20261007094823,20261006183554,20261006191133,,ME
2026-10-07T00:52:35.430933+00:00,ME20B417,43,3,20261007094953,20261006154652,20261006160212,20261007091948,ME
2026-10-07T00:52:35.430933+00:00,ME20B417,44,2,20261007094824,20261006214850,20261006221727,,ME
2026-10-07T00:52:35.430933+00:00,ME21B318,01,2,20261007094848,20261007094639,20261007094847,,ME
2026-10-07T00:52:35.430933+00:00,ME21B318,02,3,20261007095000,20261006185622,20261006191332,20261007094951,ME
2026-10-07T00:52:35.430933+00:00,ME21B318,03,2,20261007094800,20261006172039,20261006180044,,ME
2026-10-07T00:52:35.430933+00:00,ME21D057,01,3,20261007095011,20261007083539,20261007091542,20261007093200,ME
2026-10-07T00:52:35.430933+00:00,ME21D058,01,3,20261007095037,20261007091429,20261007092450,20261007094830,ME
2026-10-07T00:52:35.430933+00:00,ME21D065,01,3,20261007095037,20261006184254,20261006184955,20261007094435,ME
2026-10-07T00:52:35.430933+00:00,ME21D071,01,3,20261007094957,20261006164159,20261006171240,20261007091525,ME
2026-10-07T00:52:35.430933+00:00,ME21X008,01,2,20261007094714,20261006183615,20261006191936,,ME
2026-10-07T00:52:35.430933+00:00,ME22A611,32,2,20261007094410,20261007091948,20261007094411,,ME
2026-10-07T00:52:35.430933+00:00,ME22A611,34,2,20261007094925,20261007090918,20261007094925,,ME
2026-10-07T00:52:35.430933+00:00,ME22C285,01,3,20261007095007,20261006230519,20261006232201,20261007095005,ME
2026-10-07T00:52:35.430933+00:00,ME22D1H1,01,2,20261007094903,20261006165251,20261006173251,,ME
2026-10-07T00:52:35.430933+00:00,ME25C181,01,2,20261007094808,20261007085943,20261007093930,,ME
2026-10-07T00:52:35.430933+00:00,ME25C182,01,4,20261007094748,20261006191807,20261006194754,,ME
2026-10-07T00:52:35.430933+00:00,ME25C281,21,2,20261007095030,20261006183921,20261006185215,,ME
2026-10-07T00:52:35.430933+00:00,ME25C281,22,3,20261007095032,20261005185243,20261005193245,20261007093701,ME
2026-10-07T00:52:35.430933+00:00,ME25C318,01,2,20261007094656,20261007082744,20261007083540,,ME
2026-10-07T00:52:35.430933+00:00,ME25C318,21,4,20261007095013,20261004134710,20261004140626,,ME
2026-10-07T00:52:35.430933+00:00,ME25C318,22,2,20261007095016,20261006094806,20261006100942,,ME
2026-10-07T00:52:35.430933+00:00,ME25C431,01,2,20261007094645,20260914133046,20260914133228,,ME
2026-10-07T00:52:35.430933+00:00,ME25C431,02,2,20261007094819,20261006181910,20261006183615,,ME
2026-10-07T00:52:35.430933+00:00,ME25C431,03,2,20261007094713,20261006180113,20261006182349,,ME
2026-10-07T00:52:35.430933+00:00,ME25C431,04,2,20261007094800,20261005202832,20261005205200,,ME
2026-10-07T00:52:35.430933+00:00,BE250125,03,3,20261007094327,20261007094327,20261007075126,20261007094327,BE
2026-10-07T00:52:35.430933+00:00,BNJA0301,06,2,20261007095045,20261007092444,20261007095045,,BN
2026-10-07T00:52:35.430933+00:00,CV002589,01,2,20261007095043,20261007090501,20261007094655,,CV
2026-10-07T00:52:35.430933+00:00,CV004004,02,2,20261007094544,20261007093125,20261007094359,,CV
2026-10-07T00:52:35.430933+00:00,GR000007,02,2,20261007095054,20261007083231,20261007095047,,GR
2026-10-07T00:52:35.430933+00:00,HE000032,01,3,20261007095200,20261007095200,20261006164400,20261007095200,HE
2026-10-07T00:52:35.430933+00:00,HE000035,01,3,20261007095200,20261007095200,20261007093300,20261007095200,HE
2026-10-07T00:52:35.430933+00:00,HE000035,02,2,20261007095001,20261007093400,20261007095001,,HE
2026-10-07T00:52:35.430933+00:00,HE000074,05,3,20261007094300,20261007094300,20261007093900,20261007094300,HE
2026-10-07T00:52:35.430933+00:00,HE240395,01,3,20261007095200,20261007095200,20261007023542,20261007095200,HE
2026-10-07T00:52:35.430933+00:00,HE240435,05,3,20261007094900,20261007085600,20261006112520,20261007085600,HE
2026-10-07T00:52:35.430933+00:00,HE240506,06,2,20261007094900,20261006193200,20261007094900,,HE
2026-10-07T00:52:35.430933+00:00,HM900001,03,2,20261007094631,20261007051601,20261007094417,,HM
2026-10-07T00:52:35.430933+00:00,JA500018,04,3,20261007095023,20261007095023,20260928131023,20261007095023,JA
2026-10-07T00:52:35.430933+00:00,JD000090,01,3,20261007094900,20261007094900,20261007094800,20261007094900,JD
2026-10-07T00:52:35.430933+00:00,JD000101,01,2,20261007095200,20261007081000,20261007095200,,JD
2026-10-07T00:52:35.430933+00:00,JD000119,01,3,20261007094400,20261007094400,20261007083900,20261007094400,JD
2026-10-07T00:52:35.430933+00:00,JD003401,01,2,20261007094500,20261007091400,20261007094500,,JD
2026-10-07T00:52:35.430933+00:00,JD100014,03,2,20261007095201,20261007090549,20261007094556,,JD
2026-10-07T00:52:35.430933+00:00,JD160026,01,3,20261007095202,20261007095202,20261006144420,20261007095055,JD
2026-10-07T00:52:35.430933+00:00,JD160028,01,3,20261007095003,20261007095003,20261006202008,20261007094914,JD
2026-10-07T00:52:35.430933+00:00,JD160053,07,3,20261007094737,20261007094737,20261006164122,20261007094707,JD
2026-10-07T00:52:35.430933+00:00,JD160062,01,2,20261007094640,20261007090229,20261007094229,,JD
2026-10-07T00:52:35.430933+00:00,JD160071,01,2,20261007095003,20261007093343,20261007101052,,JD
2026-10-07T00:52:35.430933+00:00,JD160085,01,2,20261007094339,20261007090003,20261007094004,,JD
2026-10-07T00:52:35.430933+00:00,JD160090,02,2,20261007095202,20261007084701,20261007094700,,JD
2026-10-07T00:52:35.430933+00:00,JE010251,01,2,20261007094631,20261007091415,20261007093858,,JE
2026-10-07T00:52:35.430933+00:00,JE020094,01,2,20261007094631,20261007084438,20261007094445,,JE
2026-10-07T00:52:35.430933+00:00,JE020104,03,3,20261007094632,20261006130856,20261006141133,20261007094451,JE
2026-10-07T00:52:35.430933+00:00,JE040065,05,2,20261007094632,20261006200146,20261007094448,,JE
2026-10-07T00:52:35.430933+00:00,JE040118,02,2,20261007094832,20261007055901,20261007094644,,JE
2026-10-07T00:52:35.430933+00:00,JE040122,01,3,20261007095037,20261006195642,20261007060411,20261007094933,JE
2026-10-07T00:52:35.430933+00:00,JE040133,01,2,20261007094832,20261007075324,20261007094714,,JE
2026-10-07T00:52:35.430933+00:00,JE043001,33,2,20261007094632,20261004081820,20261004124431,,JE
2026-10-07T00:52:35.430933+00:00,JE043002,30,2,20261007095038,20261007080600,20261007094935,,JE
2026-10-07T00:52:35.430933+00:00,JE900048,01,3,20261007094632,20261006174215,20261006181340,20261007094532,JE
2026-10-07T00:52:35.430933+00:00,JE900099,01,3,20261007094433,20261005152023,20261005160936,20261007094302,JE
2026-10-07T00:52:35.430933+00:00,JE900215,01,3,20261007094433,20261007081836,20261007083630,20261007094321,JE
2026-10-07T00:52:35.430933+00:00,JE900249,01,2,20261007094433,20261006180220,20261006182424,,JE
2026-10-07T00:52:35.430933+00:00,JE910043,01,2,20261007095039,20261007084401,20261007094954,,JE
2026-10-07T00:52:35.430933+00:00,PI306135,08,2,20261007094817,20261006174724,20261006191852,,PI
2026-10-07T00:52:35.430933+00:00,PI645187,03,3,20261007094800,20261006090234,20261006162141,20261007094800,PI
2026-10-07T00:52:35.430933+00:00,PIH01084,01,2,20261007094257,20261006211712,20261007094136,,PI
2026-10-07T00:52:35.430933+00:00,PIH01084,11,3,20261007094257,20261007093918,20261006142114,20261007094257,PI
2026-10-07T00:52:35.430933+00:00,PIH01084,26,3,20261007094753,20261007094533,20261005114130,20261007094753,PI
2026-10-07T00:52:35.430933+00:00,PIS00778,08,2,20261007094421,20261007093532,20261007094116,,PI
2026-10-07T00:52:35.430933+00:00,PL032061,01,2,20261007094314,20261006180632,20261007094314,,PL
2026-10-07T00:52:35.430933+00:00,SF001096,06,3,20261007094519,20261007094519,20261006163239,20261007092217,SF
2026-10-07T00:52:35.430933+00:00,ST500002,01,3,20261007094630,20261007094630,20261004102229,20261007094411,ST
2026-10-07T00:52:35.430933+00:00,ST501330,01,2,20261007094654,20261007081940,20261007094500,,ST
2026-10-07T01:02:43.240333+00:00,ME174067,01,2,20261007095754,20261006103354,20261006110330,,ME
2026-10-07T01:02:43.240333+00:00,ME181538,01,2,20261007095647,20261006212218,20261006212944,,ME
2026-10-07T01:02:43.240333+00:00,ME181539,01,2,20261007095824,20261006203339,20261006211418,,ME
2026-10-07T01:02:43.240333+00:00,ME181541,01,2,20261007095916,20261005181705,20261005185708,,ME
2026-10-07T01:02:43.240333+00:00,ME184129,01,2,20261007095815,20261003153003,20261003161322,,ME
2026-10-07T01:02:43.240333+00:00,ME184130,01,2,20261007095816,20261007063634,20261007064838,,ME
2026-10-07T01:02:43.240333+00:00,ME184131,01,2,20261007095916,20261007081245,20261007085051,,ME
2026-10-07T01:02:43.240333+00:00,ME18A176,01,2,20261007095648,20261006224926,20261006230021,,ME
2026-10-07T01:02:43.240333+00:00,ME18A177,01,2,20261007095721,20261006123523,20261006130052,,ME
2026-10-07T01:02:43.240333+00:00,ME18A178,01,2,20261007095651,20261005164341,20261005170217,,ME
2026-10-07T01:02:43.240333+00:00,ME18A179,01,2,20261007095625,20261006090217,20261006091807,,ME
2026-10-07T01:02:43.240333+00:00,ME18A276,11,2,20261007100018,20260927190040,20260927190352,,ME
2026-10-07T01:02:43.240333+00:00,ME18A276,12,2,20261007100008,20260925101706,20260925104659,,ME
2026-10-07T01:02:43.240333+00:00,ME18A277,11,2,20261007095922,20261007091125,20261007095318,,ME
2026-10-07T01:02:43.240333+00:00,ME18A277,12,2,20261007095925,20261006191856,20261006195632,,ME
2026-10-07T01:02:43.240333+00:00,ME18A278,01,2,20261007100103,20261007080600,20261007081805,,ME
2026-10-07T01:02:43.240333+00:00,ME18A278,02,2,20261007100046,20261007091906,20261007092031,,ME
2026-10-07T01:02:43.240333+00:00,ME18A279,11,3,20261007100002,20261005154501,20261005162806,20261007095313,ME
2026-10-07T01:02:43.240333+00:00,ME18A279,12,3,20261007095956,20261007070524,20261007074019,20261007095202,ME
2026-10-07T01:02:43.240333+00:00,ME18A282,11,2,20261007095703,20261007072925,20261007080119,,ME
2026-10-07T01:02:43.240333+00:00,ME18A282,12,2,20261007095718,20261006173419,20261006174154,,ME
2026-10-07T01:02:43.240333+00:00,ME18A283,11,2,20261007095837,20261007092824,20261007095721,,ME
2026-10-07T01:02:43.240333+00:00,ME18A283,12,2,20261007095829,20261004080825,20261004084258,,ME
2026-10-07T01:02:43.240333+00:00,ME18A307,01,2,20261007095614,20261006131935,20261006134620,,ME
2026-10-07T01:02:43.240333+00:00,ME18A308,01,2,20261007095935,20261007094951,20261007095932,,ME
2026-10-07T01:02:43.240333+00:00,ME18A308,11,2,20261007095756,20261005140606,20261005143350,,ME
2026-10-07T01:02:43.240333+00:00,ME18A308,12,2,20261007095801,20261006121919,20261006122945,,ME
2026-10-07T01:02:43.240333+00:00,ME18A309,01,2,20261007095610,20261007081837,20261007090142,,ME
2026-10-07T01:02:43.240333+00:00,ME18A309,11,2,20261007095758,20261006200044,20261006204242,,ME
2026-10-07T01:02:43.240333+00:00,ME18A309,12,3,20261007095805,20261007082008,20261007085858,20261007095212,ME
2026-10-07T01:02:43.240333+00:00,ME19B174,11,3,20261007095806,20261007023843,20261007030322,20261007093745,ME
2026-10-07T01:02:43.240333+00:00,ME19B174,12,2,20261007095808,20261007075917,20261007082329,,ME
2026-10-07T01:02:43.240333+00:00,ME19B245,21,3,20261007100100,20261006212248,20261006214510,20261007094217,ME
2026-10-07T01:02:43.240333+00:00,ME19B245,22,2,20261007095839,20261007091820,20261007095829,,ME
2026-10-07T01:02:43.240333+00:00,ME19B246,21,2,20261007100106,20261007093900,20261007100101,,ME
2026-10-07T01:02:43.240333+00:00,ME19B405,43,3,20261007095946,20261006155039,20261006163046,20261007093111,ME
2026-10-07T01:02:43.240333+00:00,ME19B406,24,2,20261007095509,20261007092640,20261007095508,,ME
2026-10-07T01:02:43.240333+00:00,ME19D126,01,3,20261007095953,20261007074159,20261007081549,20261007092948,ME
2026-10-07T01:02:43.240333+00:00,ME19D127,01,2,20261007095851,20261006075300,20261006083300,,ME
2026-10-07T01:02:43.240333+00:00,ME19D128,01,3,20261007095945,20260927183731,20260927185259,20261007094349,ME
2026-10-07T01:02:43.240333+00:00,ME19Y240,21,2,20261007095653,20261007062201,20261007070201,,ME
2026-10-07T01:02:43.240333+00:00,ME19Y240,22,2,20261007095653,20261007071139,20261007073441,,ME
2026-10-07T01:02:43.240333+00:00,ME19Y269,01,2,20261007095654,20261006214518,20261006222518,,ME
2026-10-07T01:02:43.240333+00:00,ME19Y269,02,2,20261007095703,20261007083309,20261007090402,,ME
2026-10-07T01:02:43.240333+00:00,ME19Y270,01,2,20261007095914,20261007080122,20261007084122,,ME
2026-10-07T01:02:43.240333+00:00,ME19Y270,02,2,20261007095636,20261007064731,20261007071715,,ME
2026-10-07T01:02:43.240333+00:00,ME19Y271,01,2,20261007095715,20261007091115,20261007092241,,ME
2026-10-07T01:02:43.240333+00:00,ME19Y271,02,2,20261007100016,20261007071303,20261007075303,,ME
2026-10-07T01:02:43.240333+00:00,ME20B1e4,01,2,20261007100054,20261007071305,20261007072409,,ME
2026-10-07T01:02:43.240333+00:00,ME20B1e5,01,2,20261007095904,20261006174200,20261006181256,,ME
2026-10-07T01:02:43.240333+00:00,ME20B1e6,91,2,20261007095646,20261007080603,20261007084603,,ME
2026-10-07T01:02:43.240333+00:00,ME20B2a3,21,2,20261007095953,20261006125950,20261006130120,,ME
2026-10-07T01:02:43.240333+00:00,ME20B2a3,22,2,20261007095953,20261006130221,20261006130352,,ME
2026-10-07T01:02:43.240333+00:00,ME20B2a4,21,2,20261007100048,20261006213440,20261006220720,,ME
2026-10-07T01:02:43.240333+00:00,ME20B2a4,22,2,20261007100048,20261007090718,20261007094718,,ME
2026-10-07T01:02:43.240333+00:00,ME20B2a5,21,2,20261007095927,20261007092832,20261007094508,,ME
2026-10-07T01:02:43.240333+00:00,ME20B2a5,22,2,20261007095927,20261006210022,20261006213538,,ME
2026-10-07T01:02:43.240333+00:00,ME20B2a6,21,2,20261007095910,20261002085825,20261002092516,,ME
2026-10-07T01:02:43.240333+00:00,ME20B2a6,22,2,20261007095910,20261006212930,20261006220930,,ME
2026-10-07T01:02:43.240333+00:00,ME20B2a7,21,2,20261007100012,20261006211831,20261006215831,,ME
2026-10-07T01:02:43.240333+00:00,ME20B2a7,22,2,20261007100012,20261006205622,20261006211558,,ME
2026-10-07T01:02:43.240333+00:00,ME20B2a8,21,2,20261007095804,20261006200926,20261006204926,,ME
2026-10-07T01:02:43.240333+00:00,ME20B2a8,22,2,20261007095804,20261007072421,20261007074703,,ME
2026-10-07T01:02:43.240333+00:00,ME20B2a9,21,2,20261007095803,20261006180949,20261006184331,,ME
2026-10-07T01:02:43.240333+00:00,ME20B2a9,22,2,20261007095803,20261007085702,20261007091626,,ME
2026-10-07T01:02:43.240333+00:00,ME20B2b0,21,5,20261007095812,20261005143505,20261005150342,,ME
2026-10-07T01:02:43.240333+00:00,ME20B2b0,22,2,20261007095812,20261005175606,20261005182530,,ME
2026-10-07T01:02:43.240333+00:00,ME20B2b1,21,2,20261007100035,20261006150609,20261006154609,,ME
2026-10-07T01:02:43.240333+00:00,ME20B2b1,22,2,20261007100035,20261006123249,20261006130718,,ME
2026-10-07T01:02:43.240333+00:00,ME20B2b2,21,2,20261007100041,20260916145246,20260916145416,,ME
2026-10-07T01:02:43.240333+00:00,ME20B2b2,22,2,20261007100041,20260925110458,20260925114155,,ME
2026-10-07T01:02:43.240333+00:00,ME20B2b3,21,2,20261007095618,20261006153025,20261006161025,,ME
2026-10-07T01:02:43.240333+00:00,ME20B2b3,22,2,20261007095618,20261007065135,20261007073135,,ME
2026-10-07T01:02:43.240333+00:00,ME20B2b4,01,2,20261007095816,20261002092503,20261002100503,,ME
2026-10-07T01:02:43.240333+00:00,ME20B2b4,02,2,20261007095946,20261001134855,20261001142855,,ME
2026-10-07T01:02:43.240333+00:00,ME20B418,41,2,20261007095928,20261006174819,20261006180320,,ME
2026-10-07T01:02:43.240333+00:00,ME20B418,42,2,20261007095953,20261007093946,20261007094923,,ME
2026-10-07T01:02:43.240333+00:00,ME20B418,43,2,20261007100008,20261006140840,20261006144840,,ME
2026-10-07T01:02:43.240333+00:00,ME20B418,44,2,20261007095946,20261006191741,20261006194638,,ME
2026-10-07T01:02:43.240333+00:00,ME21B317,02,3,20261007100009,20261006170109,20261006173414,20261007094353,ME
2026-10-07T01:02:43.240333+00:00,ME21B409,01,3,20261007100027,20261007062247,20261007064223,20261007095820,ME
2026-10-07T01:02:43.240333+00:00,ME21D081,01,3,20261007100029,20261007092415,20261007092550,20261007094617,ME
2026-10-07T01:02:43.240333+00:00,ME21D092,01,3,20261007100055,20261007083339,20261007091343,20261007094230,ME
2026-10-07T01:02:43.240333+00:00,ME21D093,01,3,20261007095958,20261007094500,20261007094628,20261007095358,ME
2026-10-07T01:02:43.240333+00:00,ME21D109,01,3,20261007100105,20261007064713,20261007070938,20261007094041,ME
2026-10-07T01:02:43.240333+00:00,ME21D113,01,3,20261007095936,20261006200350,20261006203247,20261007094121,ME
2026-10-07T01:02:43.240333+00:00,ME21X010,01,2,20261007095630,20261007083908,20261007084254,,ME
2026-10-07T01:02:43.240333+00:00,ME21X014,01,2,20261007095747,20261006154959,20261006155114,,ME
2026-10-07T01:02:43.240333+00:00,ME21X015,01,3,20261007095804,20261007054716,20261007063012,20261007070244,ME
2026-10-07T01:02:43.240333+00:00,ME22C1F9,01,3,20261007100054,20261007074109,20261007082114,20261007100057,ME
2026-10-07T01:02:43.240333+00:00,ME22C1G3,01,3,20261007095933,20261007082145,20261007084558,20261007095125,ME
2026-10-07T01:02:43.240333+00:00,ME22D155,01,2,20261007095926,20261007094022,20261007095832,,ME
2026-10-07T01:02:43.240333+00:00,ME22D156,01,2,20261007095735,20261006212118,20261006220118,,ME
2026-10-07T01:02:43.240333+00:00,ME22D161,01,3,20261007100058,20261007082935,20261007090905,20261007092534,ME
2026-10-07T01:02:43.240333+00:00,ME22D162,01,2,20261007095856,20261007091054,20261007094024,,ME
2026-10-07T01:02:43.240333+00:00,ME22D176,01,2,20261007100049,20261005160320,20261005164320,,ME
2026-10-07T01:02:43.240333+00:00,ME22D1H0,01,2,20261007095853,20261007085303,20261007093254,,ME
2026-10-07T01:02:43.240333+00:00,ME22D219,01,2,20261007095931,20261006200952,20261006204952,,ME
2026-10-07T01:02:43.240333+00:00,ME22D219,02,3,20261007100025,20261006112556,20261006120556,20261007092002,ME
2026-10-07T01:02:43.240333+00:00,ME22D235,01,2,20261007095920,20261007081852,20261007081943,,ME
2026-10-07T01:02:43.240333+00:00,ME22D235,02,2,20261007100028,20261007082431,20261007082937,,ME
2026-10-07T01:02:43.240333+00:00,ME22D401,01,2,20261007095945,20261007092703,20261007095848,,ME
2026-10-07T01:02:43.240333+00:00,ME22D401,02,2,20261007095926,20261007093255,20261007095333,,ME
2026-10-07T01:02:43.240333+00:00,ME22D401,03,3,20261007100058,20261007084401,20261007092409,20261007095531,ME
2026-10-07T01:02:43.240333+00:00,ME22D401,04,2,20261007095942,20261007092252,20261007093311,,ME
2026-10-07T01:02:43.240333+00:00,ME25C183,01,2,20261007100015,20261006152302,20261006152434,,ME
2026-10-07T01:02:43.240333+00:00,ME25C184,01,3,20261007095937,20261006160956,20261006162157,20261007094932,ME
2026-10-07T01:02:43.240333+00:00,ME25C282,21,2,20261007100055,20261007085217,20261007093219,,ME
2026-10-07T01:02:43.240333+00:00,ME25C282,22,2,20261007100057,20261006140629,20261006144539,,ME
2026-10-07T01:02:43.240333+00:00,ME25C283,01,2,20261007100009,20261006170012,20261006173622,,ME
2026-10-07T01:02:43.240333+00:00,ME25C283,02,2,20261007095906,20261007080130,20261007083431,,ME
2026-10-07T01:02:43.240333+00:00,ME25C284,01,2,20261007095627,20260930133648,20260930141649,,ME
2026-10-07T01:02:43.240333+00:00,ME25C284,02,2,20261007095725,20261006170353,20261006173237,,ME
2026-10-07T01:02:43.240333+00:00,BE250146,02,3,20261007095857,20261007095857,20261005142233,20261007095857,BE
2026-10-07T01:02:43.240333+00:00,BT000070,01,2,20261007100000,20261007094939,20261007095047,,BT
2026-10-07T01:02:43.240333+00:00,CI0O0032,01,2,20261007095253,20261007094917,20261007095253,,CI
2026-10-07T01:02:43.240333+00:00,CV000272,01,2,20261007095516,20261007085324,20261007095323,,CV
2026-10-07T01:02:43.240333+00:00,CV001193,04,2,20261007100022,20261007092512,20261007095718,,CV
2026-10-07T01:02:43.240333+00:00,CV001328,02,3,20261007100026,20261007095723,20261007095728,20261007100026,CV
2026-10-07T01:02:43.240333+00:00,CV001521,09,2,20261007095521,20261007085446,20261007095446,,CV
2026-10-07T01:02:43.240333+00:00,CV001572,03,3,20261007100026,20261007095624,20261007095632,20261007100026,CV
2026-10-07T01:02:43.240333+00:00,EV010557,01,3,20261007095818,20261006181053,20261007023451,20261007095818,EV
2026-10-07T01:02:43.240333+00:00,EV015124,01,3,20261007100020,20261006174957,20261006225245,20261007095843,EV
2026-10-07T01:02:43.240333+00:00,GR000027,01,2,20261007095309,20261007094049,20261007095303,,GR
2026-10-07T01:02:43.240333+00:00,GR000052,02,2,20261007095533,20261007084118,20261007095530,,GR
2026-10-07T01:02:43.240333+00:00,HD000018,04,3,20261007100200,20261007100034,20261006161220,20261007100034,HD
2026-10-07T01:02:43.240333+00:00,HD000028,02,2,20261007095600,20261007094012,20261007095532,,HD
2026-10-07T01:02:43.240333+00:00,HE240065,05,3,20261007095700,20261007095700,20261007090416,20261007095700,HE
2026-10-07T01:02:43.240333+00:00,HE240172,02,2,20261007100200,20261007092000,20261007100200,,HE
2026-10-07T01:02:43.240333+00:00,HE240218,01,3,20261007095700,20261007095700,20261006170623,20261007095700,HE
2026-10-07T01:02:43.240333+00:00,HY001110,02,3,20261007100012,20261007095858,20261007085512,20261007095858,HY
2026-10-07T01:02:43.240333+00:00,JD000001,05,3,20261007095537,20261007095537,20261007094256,20261007095424,JD
2026-10-07T01:02:43.240333+00:00,JD000002,01,5,20261007100043,20261005110341,20261005110424,,JD
2026-10-07T01:02:43.240333+00:00,JD000054,01,3,20261007100200,20261007100200,20260820143748,20261007100200,JD
2026-10-07T01:02:43.240333+00:00,JD100002,02,3,20261007095537,20261007095537,20261007080144,20261007095512,JD
2026-10-07T01:02:43.240333+00:00,JD100011,06,3,20261007095733,20261007095733,20261006213033,20261007095709,JD
2026-10-07T01:02:43.240333+00:00,JD100012,01,3,20261007095733,20261007095733,20261006215422,20261007095622,JD
2026-10-07T01:02:43.240333+00:00,JD100012,02,2,20261007095537,20261007095348,20261007095436,,JD
2026-10-07T01:02:43.240333+00:00,JD100045,01,3,20261007100045,20261007100045,20261007092325,20261007095927,JD
2026-10-07T01:02:43.240333+00:00,JD110010,02,3,20261007100045,20261007100045,20261007083210,20261007095951,JD
2026-10-07T01:02:43.240333+00:00,JD110059,01,2,20261007095351,20261007093332,20261007094940,,JD
2026-10-07T01:02:43.240333+00:00,JD110107,01,2,20261007095634,20261007092809,20261007095444,,JD
2026-10-07T01:02:43.240333+00:00,JD110124,01,2,20261007095734,20261007091306,20261007095307,,JD
2026-10-07T01:02:43.240333+00:00,JE010002,03,2,20261007095431,20261007071213,20261007095414,,JE
2026-10-07T01:02:43.240333+00:00,JE010069,01,3,20261007095832,20261007064528,20261007065159,20261007095827,JE
2026-10-07T01:02:43.240333+00:00,JE010101,01,3,20261007100105,20260928112033,20260928141348,20261007095950,JE
2026-10-07T01:02:43.240333+00:00,JE010137,02,2,20261007100105,20261006210421,20261006235218,,JE
2026-10-07T01:02:43.240333+00:00,JE010137,03,1,20261007100105,20261004174854,20261004210016,,JE
2026-10-07T01:02:43.240333+00:00,JE010234,02,3,20261007095832,20261006131741,20261006141327,20261007095745,JE
2026-10-07T01:02:43.240333+00:00,JE010252,04,3,20261007095432,20261007071113,20261007073148,20261007095341,JE
2026-10-07T01:02:43.240333+00:00,JE010281,04,3,20261007095432,20261007071130,20261007072414,20261007095252,JE
2026-10-07T01:02:43.240333+00:00,JE010285,02,3,20261007095832,20261006185536,20261006193123,20261007095658,JE
2026-10-07T01:02:43.240333+00:00,JE010293,01,3,20261007095633,20261006085648,20261006103231,20261007095523,JE
2026-10-07T01:02:43.240333+00:00,JE010334,01,2,20261007095633,20261007093540,20261007095451,,JE
2026-10-07T01:02:43.240333+00:00,JE020157,04,2,20261007100107,20261007095016,20261007100044,,JE
2026-10-07T01:02:43.240333+00:00,JE040108,05,3,20261007100107,20261007071059,20261007082730,20261007095904,JE
2026-10-07T01:02:43.240333+00:00,JE900065,01,1,20261007100109,20261007053629,20261007062629,,JE
2026-10-07T01:02:43.240333+00:00,JE900070,01,2,20261007100109,20261007095831,20261007095918,,JE
2026-10-07T01:02:43.240333+00:00,JE900078,01,3,20261007100109,20261006220315,20261007012930,20261007095950,JE
2026-10-07T01:02:43.240333+00:00,JE900088,06,3,20261007095634,20261006120019,20261006202254,20261007095438,JE
2026-10-07T01:02:43.240333+00:00,JE900175,02,2,20261007095434,20261006205646,20261007083817,,JE
2026-10-07T01:02:43.240333+00:00,JE900188,01,3,20261007095634,20261007080331,20261007094446,20261007080331,JE
2026-10-07T01:02:43.240333+00:00,JE900190,01,2,20261007100110,20261007094530,20261007100011,,JE
2026-10-07T01:02:43.240333+00:00,JE900202,01,2,20261007095434,20261007094626,20261007095255,,JE
2026-10-07T01:02:43.240333+00:00,JE900205,03,2,20261007100110,20261007094010,20261007100022,,JE
2026-10-07T01:02:43.240333+00:00,JE910034,02,2,20261007095435,20261006162901,20261006204657,,JE
2026-10-07T01:02:43.240333+00:00,JE910112,03,2,20261007095834,20261007080507,20261007091008,,JE
2026-10-07T01:02:43.240333+00:00,KP000199,01,3,20261007100036,20261007092139,20261007094022,20261007095422,KP
2026-10-07T01:02:43.240333+00:00,KP000199,02,2,20261007100012,20261007090149,20261007095548,,KP
2026-10-07T01:02:43.240333+00:00,KP000258,01,2,20261007100036,20261007074247,20261007080636,,KP
2026-10-07T01:02:43.240333+00:00,KP000404,03,3,20261007100007,20261005150732,20261005150745,20261007095105,KP
2026-10-07T01:02:43.240333+00:00,KP001209,01,3,20261007100010,20261007063322,20261007073750,20261007095044,KP
2026-10-07T01:02:43.240333+00:00,KP002017,01,3,20261007100017,20261007054255,20261007063740,20261007095557,KP
2026-10-07T01:02:43.240333+00:00,KP002229,09,3,20261007100037,20261007095431,20261007095506,20261007095600,KP
2026-10-07T01:02:43.240333+00:00,KP003024,02,3,20261007100037,20261006200106,20261006205747,20261007095717,KP
2026-10-07T01:02:43.240333+00:00,KP003368,01,3,20261007100010,20261006093559,20261006104954,20261007095303,KP
2026-10-07T01:02:43.240333+00:00,KP004655,01,2,20261007100013,20261007091223,20261007095206,,KP
2026-10-07T01:02:43.240333+00:00,KP004700,03,2,20261007100013,20261007094506,20261007095410,,KP
2026-10-07T01:02:43.240333+00:00,KP005440,02,3,20261007100037,20261007073014,20261007082611,20261007095942,KP
2026-10-07T01:02:43.240333+00:00,LI000102,01,2,20261007095724,20261007095724,20261007095724,,LI
2026-10-07T01:02:43.240333+00:00,MO501104,02,9,20261007100005,20261007100002,20261007100005,,MO
2026-10-07T01:02:43.240333+00:00,MO501106,01,9,20261007100005,20260902190154,20260902190209,,MO
2026-10-07T01:02:43.240333+00:00,MO501129,01,2,20261007100005,20241216213918,20241216213918,,MO
2026-10-07T01:02:43.240333+00:00,MO501129,02,2,20261007100005,20241217202230,20241217202230,,MO
2026-10-07T01:02:43.240333+00:00,MO501143,01,2,20261007100005,20250706175600,20250706175615,,MO
2026-10-07T01:02:43.240333+00:00,MO501143,02,9,20261007100005,20241016172006,20241016172006,,MO
2026-10-07T01:02:43.240333+00:00,MO501150,01,2,20261007100005,20260930190539,20260930190540,,MO
2026-10-07T01:02:43.240333+00:00,NT100725,01,3,20261007095550,20261007095550,20261007095450,20261007095550,NT
2026-10-07T01:02:43.240333+00:00,NT100725,45,3,20261007095550,20261007095550,20261002094150,20261007095550,NT
2026-10-07T01:02:43.240333+00:00,NT102694,03,3,20261007100150,20261007100150,20261007072350,20261007100150,NT
2026-10-07T01:02:43.240333+00:00,PI202870,31,2,20261007095624,20261007065511,20261007085345,,PI
2026-10-07T01:02:43.240333+00:00,PI640328,04,2,20261007095632,20261006233116,20261007085406,,PI
2026-10-07T01:02:43.240333+00:00,PI645030,16,2,20261007095805,20261006173806,20261006230144,,PI
2026-10-07T01:02:43.240333+00:00,PK000305,03,3,20261007100124,20261006224323,20261007003040,20261007095951,PK
2026-10-07T01:02:43.240333+00:00,PK000305,04,3,20261007100124,20261006173206,20261006174713,20261007095914,PK
2026-10-07T01:02:43.240333+00:00,PK000306,02,2,20261007100124,20261007092041,20261007095718,,PK
2026-10-07T01:02:43.240333+00:00,PK000306,03,3,20261007100124,20261007084925,20261007092608,20261007095540,PK
2026-10-07T01:02:43.240333+00:00,PK000349,10,2,20261007100010,20261007093008,20261007100010,,PK
2026-10-07T01:02:43.240333+00:00,PK000364,01,3,20261007100010,20261007100010,20260217061023,20261007100010,PK
2026-10-07T01:02:43.240333+00:00,PK000364,02,3,20261007100010,20261007100010,20260217061047,20261007100010,PK
2026-10-07T01:02:43.240333+00:00,PK000364,03,2,20261007100011,20261007091033,20260821090205,,PK
2026-10-07T01:02:43.240333+00:00,PW010865,02,3,20261007095411,20261007095411,20261007071514,20261007095207,PW
2026-10-07T01:02:43.240333+00:00,PW015338,02,3,20261007100209,20261007100209,20261006180709,20261007095833,PW
2026-10-07T01:02:43.240333+00:00,RE000242,03,2,20261007095602,20261007052115,20261007095302,,RE
2026-10-07T01:02:43.240333+00:00,RE000357,35,2,20261007100203,20261007084510,20261007095610,,RE
2026-10-07T01:02:43.240333+00:00,SF000138,49,2,20261007100055,20261006184906,20261007095416,,SF
2026-10-07T01:02:43.240333+00:00,SOA33001,01,2,20261007100014,20261007094614,20261007094814,,SO
2026-10-07T01:02:43.240333+00:00,ST501134,01,2,20261007095429,20261007091234,20261007095429,,ST
2026-10-07T01:02:43.240333+00:00,ST501147,06,2,20261007095924,20261007092716,20261007095924,,ST
2026-10-07T01:02:43.240333+00:00,ST600610,04,2,20261007095706,20261007053542,20261007095706,,ST
2026-10-07T01:02:43.240333+00:00,ST600611,03,2,20261007095307,20261007004341,20261007010227,,ST
2026-10-07T01:02:43.240333+00:00,ST600713,01,3,20261007095314,20261007095314,20261007024352,20261007094948,ST
2026-10-07T01:02:43.240333+00:00,TDO00047,01,2,20261007100009,20261007070941,20261007070945,,TD
2026-10-07T01:02:43.240333+00:00,TDO00090,01,2,20261007100012,20261006212849,20261007024214,,TD
2026-10-07T01:02:43.240333+00:00,TDO00100,01,1,20261007100013,20261006195011,20261006212006,,TD
2026-10-07T01:02:43.240333+00:00,ME174046,01,2,20261007095636,20261006153737,20261006155127,,ME
2026-10-07T01:02:43.240333+00:00,ME174050,01,2,20261007095737,20261001170730,20261001170951,,ME
2026-10-07T01:02:43.240333+00:00,ME174050,02,2,20261007095815,20261006124450,20261006132550,,ME
2026-10-07T01:02:43.240333+00:00,ME174050,03,2,20261007100013,20261006110720,20261006113026,,ME
2026-10-07T01:02:43.240333+00:00,ME174050,04,2,20261007095753,20261006150433,20261006154323,,ME
2026-10-07T01:02:43.240333+00:00,ME174050,05,2,20261007095752,20261005144243,20261005151909,,ME
2026-10-07T01:02:43.240333+00:00,ME174061,01,2,20261007100041,20261006160425,20261006162156,,ME
2026-10-07T01:02:43.240333+00:00,ME174062,01,2,20261007095759,20261005130453,20261005134029,,ME
2026-10-07T01:02:43.240333+00:00,ME183101,01,2,20261007095902,20261006164049,20261006164233,,ME
2026-10-07T01:02:43.240333+00:00,ME183101,02,2,20261007095725,20261005115439,20261005121956,,ME
2026-10-07T01:02:43.240333+00:00,ME183101,03,2,20261007100055,20261006124629,20261006131009,,ME
2026-10-07T01:02:43.240333+00:00,ME183101,04,2,20261007095729,20261007082811,20261007083717,,ME
2026-10-07T01:02:43.240333+00:00,ME183101,52,2,20261007095720,20261004145214,20261004150345,,ME
2026-10-07T01:02:43.240333+00:00,ME183101,54,2,20261007095733,20261004141031,20261004141201,,ME
2026-10-07T01:02:43.240333+00:00,ME183102,02,2,20261007095657,20261006050530,20261006054836,,ME
2026-10-07T01:02:43.240333+00:00,ME183102,52,2,20261007095710,20261006112945,20261006121250,,ME
2026-10-07T01:02:43.240333+00:00,ME184122,01,2,20261007095944,20261006210950,20261006214400,,ME
2026-10-07T01:02:43.240333+00:00,ME184124,01,2,20261007095800,20261006184026,20261006190416,,ME
2026-10-07T01:02:43.240333+00:00,ME184125,01,2,20261007095637,20261006144530,20261006150314,,ME
2026-10-07T01:02:43.240333+00:00,ME184126,02,2,20261007095622,20261006182133,20261006190217,,ME
2026-10-07T01:02:43.240333+00:00,ME18A173,01,2,20261007100022,20261007062150,20261007062910,,ME
2026-10-07T01:02:43.240333+00:00,ME18A174,01,2,20261007095930,20261006194114,20261006202419,,ME
2026-10-07T01:02:43.240333+00:00,ME18A175,01,2,20261007100015,20261007082050,20261007085819,,ME
2026-10-07T01:02:43.240333+00:00,ME18A180,01,2,20261007100057,20261006130329,20261006133155,,ME
2026-10-07T01:02:43.240333+00:00,ME18A268,11,2,20261007095753,20261006223256,20261006223914,,ME
2026-10-07T01:02:43.240333+00:00,ME18A268,12,3,20261007095824,20261006145038,20261006151556,20261007092817,ME
2026-10-07T01:02:43.240333+00:00,ME18A269,11,2,20261007095922,20261006112854,20261006115659,,ME
2026-10-07T01:02:43.240333+00:00,ME18A269,12,2,20261007095916,20261006103338,20261006111641,,ME
2026-10-07T01:02:43.240333+00:00,ME18A270,11,2,20261007095919,20261007090021,20261007092403,,ME
2026-10-07T01:02:43.240333+00:00,ME18A270,12,2,20261007095915,20261007074940,20261007081301,,ME
2026-10-07T01:02:43.240333+00:00,ME18A271,01,2,20261007095847,20261003154138,20261003161603,,ME
2026-10-07T01:02:43.240333+00:00,ME18A271,02,2,20261007100029,20261007061035,20261007065038,,ME
2026-10-07T01:02:43.240333+00:00,ME18A272,11,2,20261007100103,20261006173035,20261006180734,,ME
2026-10-07T01:02:43.240333+00:00,ME18A272,12,2,20261007100059,20261006142857,20261006151201,,ME
2026-10-07T01:02:43.240333+00:00,ME18A273,11,2,20261007095736,20261006145306,20261006152548,,ME
2026-10-07T01:02:43.240333+00:00,ME18A273,12,2,20261007095742,20261007060052,20261007061543,,ME
2026-10-07T01:02:43.240333+00:00,ME18A274,11,2,20261007095930,20261006103459,20261006105851,,ME
2026-10-07T01:02:43.240333+00:00,ME18A274,12,2,20261007095928,20261006163246,20261006171550,,ME
2026-10-07T01:02:43.240333+00:00,ME18A275,11,2,20261007100019,20261006161758,20261006164611,,ME
2026-10-07T01:02:43.240333+00:00,ME18A275,12,2,20261007100016,20261006182842,20261006183412,,ME
2026-10-07T01:02:43.240333+00:00,ME18A281,11,2,20261007095746,20260930150635,20260930151317,,ME
2026-10-07T01:02:43.240333+00:00,ME18A281,12,2,20261007095751,20261006100139,20261006103844,,ME
2026-10-07T01:02:43.240333+00:00,ME18A306,01,2,20261007095809,20261006192822,20261006193837,,ME
2026-10-07T01:02:43.240333+00:00,ME18A306,11,2,20261007095757,20261002121626,20261002130155,,ME
2026-10-07T01:02:43.240333+00:00,ME18A306,12,2,20261007095802,20261006203629,20261006210538,,ME
2026-10-07T01:02:43.240333+00:00,ME19B169,01,2,20261007100006,20261004194711,20261004200504,,ME
2026-10-07T01:02:43.240333+00:00,ME19B170,01,2,20261007095958,20261007065629,20261007073555,,ME
2026-10-07T01:02:43.240333+00:00,ME19B171,01,2,20261007095912,20261006162909,20261006170909,,ME
2026-10-07T01:02:43.240333+00:00,ME19B172,01,2,20261007095425,20261006214119,20261006220213,,ME
2026-10-07T01:02:43.240333+00:00,ME19B173,01,2,20261007095702,20261007073652,20261007080238,,ME
2026-10-07T01:02:43.240333+00:00,ME19B404,23,3,20261007095845,20261007092538,20261007094206,20261007094445,ME
2026-10-07T01:02:43.240333+00:00,ME20B1e1,01,2,20261007095612,20261006142807,20261006144240,,ME
2026-10-07T01:02:43.240333+00:00,ME20B1e2,01,2,20261007095900,20261006165432,20261006173427,,ME
2026-10-07T01:02:43.240333+00:00,ME20B1e3,01,2,20261007095620,20261006103429,20261006105255,,ME
2026-10-07T01:02:43.240333+00:00,ME20B2a0,91,2,20261007100026,20261007080724,20261007083744,,ME
2026-10-07T01:02:43.240333+00:00,ME20B2a0,92,2,20261007100023,20261005122044,20261005123945,,ME
2026-10-07T01:02:43.240333+00:00,ME20B2a1,21,2,20261007100011,20260930153947,20260930161947,,ME
2026-10-07T01:02:43.240333+00:00,ME20B2a1,22,2,20261007100011,20260923104352,20260923104521,,ME
2026-10-07T01:02:43.240333+00:00,ME20B2a2,21,2,20261007095726,20261004120141,20261004120858,,ME
2026-10-07T01:02:43.240333+00:00,ME20B2a2,22,2,20261007095726,20261002070459,20261002072043,,ME
2026-10-07T01:02:43.240333+00:00,ME20B416,21,2,20261007095917,20261004103641,20261004105011,,ME
2026-10-07T01:02:43.240333+00:00,ME20B416,22,2,20261007095917,20261006182144,20261006183046,,ME
2026-10-07T01:02:43.240333+00:00,ME20B416,23,2,20261007095920,20261006091317,20261006093008,,ME
2026-10-07T01:02:43.240333+00:00,ME20B416,24,2,20261007095920,20261007073720,20261007080431,,ME
2026-10-07T01:02:43.240333+00:00,ME20B417,41,2,20261007095757,20261001133924,20261001141346,,ME
2026-10-07T01:02:43.240333+00:00,ME20B417,42,2,20261007095823,20261006183554,20261006191133,,ME
2026-10-07T01:02:43.240333+00:00,ME20B417,43,2,20261007095950,20261007091948,20261007095948,,ME
2026-10-07T01:02:43.240333+00:00,ME20B417,44,2,20261007095824,20261006214850,20261006221727,,ME
2026-10-07T01:02:43.240333+00:00,ME21B250,02,3,20261007100021,20261006231553,20261006233816,20261007095813,ME
2026-10-07T01:02:43.240333+00:00,ME21B318,02,3,20261007100009,20261006185622,20261006191332,20261007094951,ME
2026-10-07T01:02:43.240333+00:00,ME21B410,02,3,20261007100039,20261007080932,20261007083142,20261007095432,ME
2026-10-07T01:02:43.240333+00:00,ME21B410,04,9,20261007095310,20261006170126,20261006174130,,ME
2026-10-07T01:02:43.240333+00:00,ME21D057,01,2,20261007095920,20261007093200,20261007095927,,ME
2026-10-07T01:02:43.240333+00:00,ME21D058,01,3,20261007100046,20261007091429,20261007092450,20261007094830,ME
2026-10-07T01:02:43.240333+00:00,ME21D060,01,3,20261007100010,20261007090424,20261007093053,20261007095605,ME
2026-10-07T01:02:43.240333+00:00,ME21D065,01,3,20261007100047,20261006184254,20261006184955,20261007094435,ME
2026-10-07T01:02:43.240333+00:00,ME21D066,01,2,20261007095558,20261007064458,20261007070258,,ME
2026-10-07T01:02:43.240333+00:00,ME21D071,01,2,20261007095448,20261007091525,20261007095451,,ME
2026-10-07T01:02:43.240333+00:00,ME21D072,01,3,20261007095934,20261007083042,20261007085323,20261007095736,ME
2026-10-07T01:02:43.240333+00:00,ME21D074,01,3,20261007100108,20261007082649,20261007085133,20261007095504,ME
2026-10-07T01:02:43.240333+00:00,ME21X008,01,2,20261007095716,20261006183615,20261006191936,,ME
2026-10-07T01:02:43.240333+00:00,ME22C285,01,3,20261007100015,20261006230519,20261006232201,20261007095005,ME
2026-10-07T01:02:43.240333+00:00,ME22D1H1,01,3,20261007095944,20261006165251,20261006173251,20261007095443,ME
2026-10-07T01:02:43.240333+00:00,ME25C181,01,2,20261007095804,20261007085943,20261007093930,,ME
2026-10-07T01:02:43.240333+00:00,ME25C182,01,4,20261007095752,20261006191807,20261006194754,,ME
2026-10-07T01:02:43.240333+00:00,ME25C281,21,2,20261007100028,20261006183921,20261006185215,,ME
2026-10-07T01:02:43.240333+00:00,ME25C281,22,3,20261007100030,20261005185243,20261005193245,20261007093701,ME
2026-10-07T01:02:43.240333+00:00,ME25C318,01,2,20261007095656,20261007082744,20261007083540,,ME
2026-10-07T01:02:43.240333+00:00,ME25C318,21,4,20261007100013,20261004134710,20261004140626,,ME
2026-10-07T01:02:43.240333+00:00,ME25C318,22,2,20261007100015,20261006094806,20261006100942,,ME
2026-10-07T01:02:43.240333+00:00,ME25C431,01,2,20261007095646,20260914133046,20260914133228,,ME
2026-10-07T01:02:43.240333+00:00,ME25C431,02,2,20261007095819,20261006181910,20261006183615,,ME
2026-10-07T01:02:43.240333+00:00,ME25C431,03,2,20261007095712,20261006180113,20261006182349,,ME
2026-10-07T01:02:43.240333+00:00,ME25C431,04,2,20261007095801,20261005202832,20261005205200,,ME
2026-10-07T01:02:43.240333+00:00,CI0O001F,01,2,20261007095845,20261006194033,20261007095845,,CI
2026-10-07T01:02:43.240333+00:00,CV000358,01,3,20261007095521,20261007095456,20261007095459,20261007095521,CV
2026-10-07T01:02:43.240333+00:00,CV000901,06,3,20261007095519,20261007095054,20261007095059,20261007095519,CV
2026-10-07T01:02:43.240333+00:00,CV004004,07,2,20261007100113,20261007083613,20261007095542,,CV
2026-10-07T01:02:43.240333+00:00,HE000074,05,2,20261007095700,20261007094300,20261007095700,,HE
2026-10-07T01:02:43.240333+00:00,HE230005,02,2,20261007095300,20261007090500,20261007095300,,HE
2026-10-07T01:02:43.240333+00:00,HE240036,02,2,20261007095400,20261007092100,20261007095400,,HE
2026-10-07T01:02:43.240333+00:00,HE240455,01,2,20261007100200,20261007083900,20261007100200,,HE
2026-10-07T01:02:43.240333+00:00,JD000004,10,2,20261007095800,20261006154800,20261007095800,,JD
2026-10-07T01:02:43.240333+00:00,JD000076,03,2,20261007100000,20261006142900,20261007100000,,JD
2026-10-07T01:02:43.240333+00:00,JD000112,01,2,20261007095400,20261007081800,20261007095400,,JD
2026-10-07T01:02:43.240333+00:00,JD011401,05,2,20261007095400,20261007045300,20261007095400,,JD
2026-10-07T01:02:43.240333+00:00,JD160002,01,2,20261007100047,20261007092205,20261007095535,,JD
2026-10-07T01:02:43.240333+00:00,JD160012,02,2,20261007095734,20261007091452,20261007095508,,JD
2026-10-07T01:02:43.240333+00:00,JD160031,01,3,20261007095351,20261007095351,20261007084746,20261007095216,JD
2026-10-07T01:02:43.240333+00:00,JD160047,01,3,20261007100150,20261007100150,20261006170704,20261007100035,JD
2026-10-07T01:02:43.240333+00:00,JD160071,02,3,20261007095351,20261007095351,20261007091258,20261007095447,JD
2026-10-07T01:02:43.240333+00:00,JD160087,02,3,20261007095244,20261007095244,20261007093714,20261007095201,JD
2026-10-07T01:02:43.240333+00:00,JD160091,02,2,20261007095734,20261007083647,20261007095200,,JD
2026-10-07T01:02:43.240333+00:00,JE020028,01,2,20261007095433,20261006203256,20261006213639,,JE
2026-10-07T01:02:43.240333+00:00,JE020137,01,3,20261007095832,20261006171120,20261006173600,20261007095739,JE
2026-10-07T01:02:43.240333+00:00,JE020137,02,3,20261007095832,20261007090551,20261007093930,20261007095641,JE
2026-10-07T01:02:43.240333+00:00,JE020137,12,2,20261007095433,20261007092756,20261007094556,,JE
2026-10-07T01:02:43.240333+00:00,JE040162,01,3,20261007100107,20261006184412,20261006210533,20261007095857,JE
2026-10-07T01:02:43.240333+00:00,JE043002,33,2,20261007100108,20261006184825,20261007060756,,JE
2026-10-07T01:02:43.240333+00:00,JE900107,01,3,20261007095833,20261006110044,20261006122249,20261007095718,JE
2026-10-07T01:02:43.240333+00:00,JE900199,02,2,20261007095834,20261007082455,20261007093317,,JE
2026-10-07T01:02:43.240333+00:00,JE900220,01,2,20261007100110,20261007065908,20261007095748,,JE
2026-10-07T01:02:43.240333+00:00,KP000436,02,2,20261007100028,20261007083804,20261007093810,,KP
2026-10-07T01:02:43.240333+00:00,KP003864,03,2,20261007100016,20261007092235,20261007095005,,KP
2026-10-07T01:02:43.240333+00:00,MO501311,01,2,20261007100005,20261007100002,20261007100005,,MO
2026-10-07T01:02:43.240333+00:00,MO501319,01,9,20261007100005,20260221113134,20260221113140,,MO
2026-10-07T01:02:43.240333+00:00,MO501319,02,2,20261007100005,20260114160320,20260114160326,,MO
2026-10-07T01:02:43.240333+00:00,MO501328,01,2,20261007100005,20251012210231,20251012210247,,MO
2026-10-07T01:02:43.240333+00:00,PI201400,02,3,20261007095405,20261007094952,20261007094935,20261007095405,PI
2026-10-07T01:02:43.240333+00:00,PI306061,04,9,20261007095810,20261005182135,20261005200801,,PI
2026-10-07T01:02:43.240333+00:00,PI645187,02,3,20261007095320,20261007095059,20261004025203,20261007095320,PI
2026-10-07T01:02:43.240333+00:00,PI700456,01,2,20261007100011,20260927133241,20260927133516,,PI
2026-10-07T01:02:43.240333+00:00,PIH01084,08,2,20261007095756,20261007095248,20261007095325,,PI
2026-10-07T01:02:43.240333+00:00,PIH01084,09,3,20261007095756,20261007095724,20261005194650,20261007095756,PI
2026-10-07T01:02:43.240333+00:00,PIH01771,04,3,20261007095743,20261007095718,20261006163626,20261007095743,PI
2026-10-07T01:02:43.240333+00:00,PIS00485,02,2,20261007095435,20261006182338,20261006232350,,PI
2026-10-07T01:02:43.240333+00:00,PIS00778,02,2,20261007100029,20261007063247,20261007095655,,PI
2026-10-07T01:02:43.240333+00:00,PL000740,04,2,20261007100140,20261006211849,20261007100140,,PL
2026-10-07T01:02:43.240333+00:00,PW801237,02,2,20261007095342,20261006143822,20261006184743,,PW
2026-10-07T01:02:43.240333+00:00,ST501301,32,3,20261007095713,20261006221531,20261006231213,20261007095713,ST
2026-10-07T01:02:43.240333+00:00,ST501323,02,2,20261007095638,20261006203641,20261006210758,,ST
2026-10-07T01:02:43.240333+00:00,ST501326,02,3,20261007095500,20260930104848,20261003100212,20261007095500,ST
2026-10-07T01:02:43.240333+00:00,TDO00016,01,2,20261007100001,20261006195932,20261007061920,,TD
2026-10-07T01:13:51.117729+00:00,ME174067,01,2,20261007100754,20261006103354,20261006110330,,ME
2026-10-07T01:13:51.117729+00:00,ME181538,01,2,20261007101150,20261006212218,20261006212944,,ME
2026-10-07T01:13:51.117729+00:00,ME181539,01,2,20261007100826,20261006203339,20261006211418,,ME
2026-10-07T01:13:51.117729+00:00,ME181541,01,2,20261007100919,20261005181705,20261005185708,,ME
2026-10-07T01:13:51.117729+00:00,ME184129,01,2,20261007100818,20261003153003,20261003161322,,ME
2026-10-07T01:13:51.117729+00:00,ME184130,01,2,20261007100817,20261007063634,20261007064838,,ME
2026-10-07T01:13:51.117729+00:00,ME184131,01,2,20261007100918,20261007081245,20261007085051,,ME
2026-10-07T01:13:51.117729+00:00,ME18A176,01,2,20261007101151,20261006224926,20261006230021,,ME
2026-10-07T01:13:51.117729+00:00,ME18A177,01,2,20261007100722,20261006123523,20261006130052,,ME
2026-10-07T01:13:51.117729+00:00,ME18A178,01,2,20261007101157,20261005164341,20261005170217,,ME
2026-10-07T01:13:51.117729+00:00,ME18A179,01,2,20261007101134,20261006090217,20261006091807,,ME
2026-10-07T01:13:51.117729+00:00,ME18A276,11,3,20261007101153,20260927190040,20260927190352,20261007100636,ME
2026-10-07T01:13:51.117729+00:00,ME18A276,12,2,20261007101010,20260925101706,20260925104659,,ME
2026-10-07T01:13:51.117729+00:00,ME18A277,11,2,20261007100924,20261007091125,20261007095318,,ME
2026-10-07T01:13:51.117729+00:00,ME18A277,12,2,20261007100927,20261006191856,20261006195632,,ME
2026-10-07T01:13:51.117729+00:00,ME18A278,01,2,20261007101106,20261007080600,20261007081805,,ME
2026-10-07T01:13:51.117729+00:00,ME18A278,02,2,20261007101048,20261007091906,20261007092031,,ME
2026-10-07T01:13:51.117729+00:00,ME18A279,11,3,20261007101003,20261005154501,20261005162806,20261007095313,ME
2026-10-07T01:13:51.117729+00:00,ME18A279,12,3,20261007101204,20261007070524,20261007074019,20261007095202,ME
2026-10-07T01:13:51.117729+00:00,ME18A282,11,2,20261007101206,20261007072925,20261007080119,,ME
2026-10-07T01:13:51.117729+00:00,ME18A282,12,2,20261007100719,20261006173419,20261006174154,,ME
2026-10-07T01:13:51.117729+00:00,ME18A283,11,2,20261007100838,20261007092824,20261007095721,,ME
2026-10-07T01:13:51.117729+00:00,ME18A283,12,2,20261007100833,20261004080825,20261004084258,,ME
2026-10-07T01:13:51.117729+00:00,ME18A307,01,2,20261007101117,20261006131935,20261006134620,,ME
2026-10-07T01:13:51.117729+00:00,ME18A308,01,2,20261007100841,20261007094951,20261007095932,,ME
2026-10-07T01:13:51.117729+00:00,ME18A308,11,2,20261007100758,20261005140606,20261005143350,,ME
2026-10-07T01:13:51.117729+00:00,ME18A308,12,2,20261007100803,20261006121919,20261006122945,,ME
2026-10-07T01:13:51.117729+00:00,ME18A309,01,2,20261007101113,20261007081837,20261007090142,,ME
2026-10-07T01:13:51.117729+00:00,ME18A309,11,2,20261007100800,20261006200044,20261006204242,,ME
2026-10-07T01:13:51.117729+00:00,ME18A309,12,3,20261007100807,20261007082008,20261007085858,20261007095212,ME
2026-10-07T01:13:51.117729+00:00,ME19B174,11,3,20261007100921,20261007093745,20261007100731,20261007100918,ME
2026-10-07T01:13:51.117729+00:00,ME19B174,12,2,20261007100846,20261007075917,20261007082329,,ME
2026-10-07T01:13:51.117729+00:00,ME19B245,21,3,20261007101114,20261006212248,20261006214510,20261007094217,ME
2026-10-07T01:13:51.117729+00:00,ME19B246,21,3,20261007101135,20261007093900,20261007100101,20261007100401,ME
2026-10-07T01:13:51.117729+00:00,ME19B405,43,2,20261007101127,20261006155039,20261006163046,,ME
2026-10-07T01:13:51.117729+00:00,ME19D126,01,2,20261007101048,20261007092948,20261007100338,,ME
2026-10-07T01:13:51.117729+00:00,ME19D127,01,2,20261007100851,20261006075300,20261006083300,,ME
2026-10-07T01:13:51.117729+00:00,ME19D128,01,3,20261007100948,20260927183731,20260927185259,20261007094349,ME
2026-10-07T01:13:51.117729+00:00,ME19Y240,21,3,20261007101034,20261007062201,20261007070201,20261007101036,ME
2026-10-07T01:13:51.117729+00:00,ME19Y240,22,2,20261007101153,20261007071139,20261007073441,,ME
2026-10-07T01:13:51.117729+00:00,ME19Y269,01,2,20261007101154,20261006214518,20261006222518,,ME
2026-10-07T01:13:51.117729+00:00,ME19Y269,02,2,20261007101204,20261007083309,20261007090402,,ME
2026-10-07T01:13:51.117729+00:00,ME19Y270,01,2,20261007100914,20261007080122,20261007084122,,ME
2026-10-07T01:13:51.117729+00:00,ME19Y270,02,2,20261007101136,20261007064731,20261007071715,,ME
2026-10-07T01:13:51.117729+00:00,ME19Y271,01,2,20261007100715,20261007091115,20261007092241,,ME
2026-10-07T01:13:51.117729+00:00,ME19Y271,02,2,20261007101016,20261007071303,20261007075303,,ME
2026-10-07T01:13:51.117729+00:00,ME20B1e4,01,2,20261007101054,20261007071305,20261007072409,,ME
2026-10-07T01:13:51.117729+00:00,ME20B1e5,01,2,20261007100904,20261006174200,20261006181256,,ME
2026-10-07T01:13:51.117729+00:00,ME20B1e6,91,2,20261007101146,20261007080603,20261007084603,,ME
2026-10-07T01:13:51.117729+00:00,ME20B2a3,21,2,20261007100953,20261006125950,20261006130120,,ME
2026-10-07T01:13:51.117729+00:00,ME20B2a3,22,2,20261007100953,20261006130221,20261006130352,,ME
2026-10-07T01:13:51.117729+00:00,ME20B2a4,21,2,20261007101048,20261006213440,20261006220720,,ME
2026-10-07T01:13:51.117729+00:00,ME20B2a4,22,2,20261007101048,20261007090718,20261007094718,,ME
2026-10-07T01:13:51.117729+00:00,ME20B2a5,21,2,20261007100927,20261007092832,20261007094508,,ME
2026-10-07T01:13:51.117729+00:00,ME20B2a5,22,2,20261007100927,20261006210022,20261006213538,,ME
2026-10-07T01:13:51.117729+00:00,ME20B2a6,21,2,20261007100910,20261002085825,20261002092516,,ME
2026-10-07T01:13:51.117729+00:00,ME20B2a6,22,2,20261007100910,20261006212930,20261006220930,,ME
2026-10-07T01:13:51.117729+00:00,ME20B2a7,21,2,20261007101012,20261006211831,20261006215831,,ME
2026-10-07T01:13:51.117729+00:00,ME20B2a7,22,3,20261007101031,20261006205622,20261006211558,20261007101030,ME
2026-10-07T01:13:51.117729+00:00,ME20B2a8,21,2,20261007100804,20261006200926,20261006204926,,ME
2026-10-07T01:13:51.117729+00:00,ME20B2a8,22,2,20261007100805,20261007072421,20261007074703,,ME
2026-10-07T01:13:51.117729+00:00,ME20B2a9,21,2,20261007100803,20261006180949,20261006184331,,ME
2026-10-07T01:13:51.117729+00:00,ME20B2a9,22,2,20261007100803,20261007085702,20261007091626,,ME
2026-10-07T01:13:51.117729+00:00,ME20B2b0,21,5,20261007100812,20261005143505,20261005150342,,ME
2026-10-07T01:13:51.117729+00:00,ME20B2b0,22,2,20261007100812,20261005175606,20261005182530,,ME
2026-10-07T01:13:51.117729+00:00,ME20B2b1,21,2,20261007101035,20261006150609,20261006154609,,ME
2026-10-07T01:13:51.117729+00:00,ME20B2b1,22,2,20261007101035,20261006123249,20261006130718,,ME
2026-10-07T01:13:51.117729+00:00,ME20B2b2,21,2,20261007101041,20260916145246,20260916145416,,ME
2026-10-07T01:13:51.117729+00:00,ME20B2b2,22,2,20261007101041,20260925110458,20260925114155,,ME
2026-10-07T01:13:51.117729+00:00,ME20B2b3,21,2,20261007101118,20261006153025,20261006161025,,ME
2026-10-07T01:13:51.117729+00:00,ME20B2b3,22,2,20261007101118,20261007065135,20261007073135,,ME
2026-10-07T01:13:51.117729+00:00,ME20B2b4,01,2,20261007100816,20261002092503,20261002100503,,ME
2026-10-07T01:13:51.117729+00:00,ME20B2b4,02,2,20261007100946,20261001134855,20261001142855,,ME
2026-10-07T01:13:51.117729+00:00,ME20B418,41,2,20261007100928,20261006174819,20261006180320,,ME
2026-10-07T01:13:51.117729+00:00,ME20B418,42,2,20261007100953,20261007093946,20261007094923,,ME
2026-10-07T01:13:51.117729+00:00,ME20B418,43,2,20261007101008,20261006140840,20261006144840,,ME
2026-10-07T01:13:51.117729+00:00,ME20B418,44,2,20261007100946,20261006191741,20261006194638,,ME
2026-10-07T01:13:51.117729+00:00,ME21B317,02,3,20261007101018,20261006170109,20261006173414,20261007094353,ME
2026-10-07T01:13:51.117729+00:00,ME21B409,01,2,20261007101129,20261007095820,20261007101123,,ME
2026-10-07T01:13:51.117729+00:00,ME21D081,01,2,20261007100607,20261007094617,20261007100607,,ME
2026-10-07T01:13:51.117729+00:00,ME21D092,01,3,20261007101105,20261007083339,20261007091343,20261007094230,ME
2026-10-07T01:13:51.117729+00:00,ME21D093,01,3,20261007101210,20261007094500,20261007094628,20261007095358,ME
2026-10-07T01:13:51.117729+00:00,ME21D103,01,2,20261007100615,20261007083114,20261007091120,,ME
2026-10-07T01:13:51.117729+00:00,ME21D109,01,3,20261007101119,20261007064713,20261007070938,20261007094041,ME
2026-10-07T01:13:51.117729+00:00,ME21D113,01,3,20261007101147,20261006200350,20261006203247,20261007094121,ME
2026-10-07T01:13:51.117729+00:00,ME21X010,01,3,20261007101144,20261007083908,20261007084254,20261007101141,ME
2026-10-07T01:13:51.117729+00:00,ME21X014,01,2,20261007100747,20261006154959,20261006155114,,ME
2026-10-07T01:13:51.117729+00:00,ME21X015,01,3,20261007100805,20261007054716,20261007063012,20261007070244,ME
2026-10-07T01:13:51.117729+00:00,ME22C1G0,01,3,20261007101155,20261007072240,20261007075820,20261007101153,ME
2026-10-07T01:13:51.117729+00:00,ME22C1G3,01,3,20261007101144,20261007082145,20261007084558,20261007095125,ME
2026-10-07T01:13:51.117729+00:00,ME22C305,01,2,20261007100408,20261007100146,20261007100410,,ME
2026-10-07T01:13:51.117729+00:00,ME22D155,01,2,20261007100926,20261007094022,20261007095832,,ME
2026-10-07T01:13:51.117729+00:00,ME22D156,01,2,20261007100735,20261006212118,20261006220118,,ME
2026-10-07T01:13:51.117729+00:00,ME22D161,01,2,20261007101052,20261007092534,20261007100534,,ME
2026-10-07T01:13:51.117729+00:00,ME22D162,01,2,20261007100856,20261007091054,20261007094024,,ME
2026-10-07T01:13:51.117729+00:00,ME22D176,01,2,20261007101049,20261005160320,20261005164320,,ME
2026-10-07T01:13:51.117729+00:00,ME22D1H0,01,2,20261007100853,20261007085303,20261007093254,,ME
2026-10-07T01:13:51.117729+00:00,ME22D219,01,2,20261007100931,20261006200952,20261006204952,,ME
2026-10-07T01:13:51.117729+00:00,ME22D219,02,2,20261007101128,20261007092002,20261007100002,,ME
2026-10-07T01:13:51.117729+00:00,ME22D235,01,2,20261007100920,20261007081852,20261007081943,,ME
2026-10-07T01:13:51.117729+00:00,ME22D235,02,2,20261007101028,20261007082431,20261007082937,,ME
2026-10-07T01:13:51.117729+00:00,ME22D401,01,2,20261007100936,20261007092703,20261007095848,,ME
2026-10-07T01:13:51.117729+00:00,ME22D401,02,3,20261007101058,20261007093255,20261007095333,20261007101056,ME
2026-10-07T01:13:51.117729+00:00,ME22D401,03,3,20261007101210,20261007084401,20261007092409,20261007095531,ME
2026-10-07T01:13:51.117729+00:00,ME22D401,04,2,20261007100943,20261007092252,20261007093311,,ME
2026-10-07T01:13:51.117729+00:00,ME25C183,01,2,20261007101015,20261006152302,20261006152434,,ME
2026-10-07T01:13:51.117729+00:00,ME25C184,01,2,20261007100903,20261007094932,20261007100706,,ME
2026-10-07T01:13:51.117729+00:00,ME25C282,21,2,20261007101156,20261007085217,20261007093219,,ME
2026-10-07T01:13:51.117729+00:00,ME25C282,22,2,20261007101158,20261006140629,20261006144539,,ME
2026-10-07T01:13:51.117729+00:00,ME25C283,01,2,20261007101010,20261006170012,20261006173622,,ME
2026-10-07T01:13:51.117729+00:00,ME25C283,02,2,20261007100907,20261007080130,20261007083431,,ME
2026-10-07T01:13:51.117729+00:00,ME25C284,01,2,20261007101129,20260930133648,20260930141649,,ME
2026-10-07T01:13:51.117729+00:00,ME25C284,02,2,20261007100726,20261006170353,20261006173237,,ME
2026-10-07T01:13:51.117729+00:00,BE250114,01,3,20261007100618,20261007100618,20261006202439,20261007100618,BE
2026-10-07T01:13:51.117729+00:00,CI0O0028,02,5,20261007101015,20261007100926,20261007101015,,CI
2026-10-07T01:13:51.117729+00:00,CI0O002D,02,2,20261007100550,20261006211432,20261007100550,,CI
2026-10-07T01:13:51.117729+00:00,CV001630,07,2,20261007101027,20261007092815,20261007100714,,CV
2026-10-07T01:13:51.117729+00:00,CV001630,09,3,20261007100538,20261007100327,20261007100321,20261007100327,CV
2026-10-07T01:13:51.117729+00:00,GR000027,04,2,20261007100655,20261007083052,20261007100652,,GR
2026-10-07T01:13:51.117729+00:00,GR000044,05,2,20261007100733,20261006191937,20261007001937,,GR
2026-10-07T01:13:51.117729+00:00,GS000116,02,3,20261007100648,20261007100648,20261007083015,20261007100648,GS
2026-10-07T01:13:51.117729+00:00,HE230003,01,2,20261007100600,20261007091800,20261007100600,,HE
2026-10-07T01:13:51.117729+00:00,HE230094,02,3,20261007100400,20261007100400,20261006171508,20261007100400,HE
2026-10-07T01:13:51.117729+00:00,HE240340,02,3,20261007100800,20261007100800,20261007100700,20261007100800,HE
2026-10-07T01:13:51.117729+00:00,HE240475,02,3,20261007100600,20261007100600,20261007085107,20261007100600,HE
2026-10-07T01:13:51.117729+00:00,HM003000,02,2,20261007100428,20261007094631,20261007100325,,HM
2026-10-07T01:13:51.117729+00:00,HM003000,23,3,20261007101223,20260923083826,20260923125604,20261007101136,HM
2026-10-07T01:13:51.117729+00:00,HM003000,74,3,20261007101024,20261003082510,20261003141031,20261007100939,HM
2026-10-07T01:13:51.117729+00:00,JD000001,01,2,20261007100953,20261007091714,20261007095112,,JD
2026-10-07T01:13:51.117729+00:00,JD000001,03,2,20261007100622,20261007093815,20261007100409,,JD
2026-10-07T01:13:51.117729+00:00,JD000003,01,2,20261007101200,20261007100800,20261007101200,,JD
2026-10-07T01:13:51.117729+00:00,JD000016,02,2,20261007100908,20261007085232,20261007093233,,JD
2026-10-07T01:13:51.117729+00:00,JD000033,01,2,20261007101216,20261007093852,20261007100638,,JD
2026-10-07T01:13:51.117729+00:00,JD000047,02,3,20261007101104,20261007101104,20261007100611,20261007100925,JD
2026-10-07T01:13:51.117729+00:00,JD000054,01,1,20261007101307,20260820114629,20260820143748,,JD
2026-10-07T01:13:51.117729+00:00,JD100001,01,3,20261007100447,20261007100447,20261007082230,20261007100411,JD
2026-10-07T01:13:51.117729+00:00,JD100024,01,3,20261007101308,20261007101308,20261007093112,20261007101124,JD
2026-10-07T01:13:51.117729+00:00,JD100040,01,3,20261007100953,20261007100953,20261006172214,20261007100838,JD
2026-10-07T01:13:51.117729+00:00,JD110012,01,3,20261007101308,20261007101308,20261006192456,20261007101142,JD
2026-10-07T01:13:51.117729+00:00,JD110041,02,3,20261007100448,20261007100448,20261007001000,20261006232613,JD
2026-10-07T01:13:51.117729+00:00,JD110069,01,3,20261007100909,20261007100909,20261007100456,20261007100745,JD
2026-10-07T01:13:51.117729+00:00,JD110099,01,3,20261007100909,20261007100909,20261007094630,20261007100745,JD
2026-10-07T01:13:51.117729+00:00,JD110102,01,1,20261007100752,20261006210022,20261006210028,,JD
2026-10-07T01:13:51.117729+00:00,JD110105,01,2,20261007101217,20261007100708,20261007100721,,JD
2026-10-07T01:13:51.117729+00:00,JD110105,02,3,20261007101105,20261007101105,20261005181800,20261007101036,JD
2026-10-07T01:13:51.117729+00:00,JD110118,02,2,20261007100954,20261007100742,20261007100635,,JD
2026-10-07T01:13:51.117729+00:00,JD110124,01,2,20261007101308,20261007100517,20261007100935,,JD
2026-10-07T01:13:51.117729+00:00,JE010021,05,3,20261007100439,20261006092746,20261006143757,20261007100306,JE
2026-10-07T01:13:51.117729+00:00,JE010044,12,2,20261007100439,20261007085806,20261007100401,,JE
2026-10-07T01:13:51.117729+00:00,JE010186,01,2,20261007100832,20261007080252,20261007100706,,JE
2026-10-07T01:13:51.117729+00:00,JE010216,02,2,20261007100832,20261006201920,20261007100237,,JE
2026-10-07T01:13:51.117729+00:00,JE010228,03,3,20261007100439,20261007064733,20261007073851,20261007100437,JE
2026-10-07T01:13:51.117729+00:00,JE010252,04,2,20261007101034,20261007095341,20261007100834,,JE
2026-10-07T01:13:51.117729+00:00,JE010257,01,2,20261007100636,20261007084519,20261007100507,,JE
2026-10-07T01:13:51.117729+00:00,JE010267,03,2,20261007101233,20261006190951,20261007100005,,JE
2026-10-07T01:13:51.117729+00:00,JE010281,02,3,20261007100439,20261007072149,20261007073046,20261007100407,JE
2026-10-07T01:13:51.117729+00:00,JE010289,02,3,20261007100636,20261006193134,20261006202202,20261007100605,JE
2026-10-07T01:13:51.117729+00:00,JE010289,07,2,20261007100636,20261007094351,20261007100616,,JE
2026-10-07T01:13:51.117729+00:00,JE010289,08,3,20261007101233,20261007085011,20261007093114,20261007101225,JE
2026-10-07T01:13:51.117729+00:00,JE010295,06,3,20261007100439,20261006182151,20261007011918,20261007100336,JE
2026-10-07T01:13:51.117729+00:00,JE010375,01,2,20261007101034,20261007091923,20261007100940,,JE
2026-10-07T01:13:51.117729+00:00,JE020157,08,2,20261007100637,20261007094552,20261007100526,,JE
2026-10-07T01:13:51.117729+00:00,JE040105,02,2,20261007101034,20261007084044,20261007100812,,JE
2026-10-07T01:13:51.117729+00:00,JE040119,01,3,20261007101234,20261007062440,20261007071037,20261007101110,JE
2026-10-07T01:13:51.117729+00:00,JE040124,03,3,20261007100832,20261006154821,20261006201632,20261007100723,JE
2026-10-07T01:13:51.117729+00:00,JE040129,07,3,20261007101234,20261002080926,20261002120019,20261007101045,JE
2026-10-07T01:13:51.117729+00:00,JE900003,01,3,20261007100637,20261007085258,20261007092139,20261007100613,JE
2026-10-07T01:13:51.117729+00:00,JE900030,01,3,20261007100440,20261004053908,20261004074711,20261007100410,JE
2026-10-07T01:13:51.117729+00:00,JE900037,01,3,20261007101234,20261006171435,20261006182047,20261007101036,JE
2026-10-07T01:13:51.117729+00:00,JE900084,03,2,20261007100637,20261007080852,20261007095951,,JE
2026-10-07T01:13:51.117729+00:00,JE900125,01,3,20261007100638,20261007002607,20261007004451,20261007100548,JE
2026-10-07T01:13:51.117729+00:00,JE900168,01,2,20261007101234,20261007091310,20261007101152,,JE
2026-10-07T01:13:51.117729+00:00,JE900188,01,2,20261007100441,20261007080331,20261007094446,,JE
2026-10-07T01:13:51.117729+00:00,JE900207,01,3,20261007101035,20261006223414,20261006234149,20261007100939,JE
2026-10-07T01:13:51.117729+00:00,JE900242,01,3,20261007100834,20261006191009,20261006223153,20261007100818,JE
2026-10-07T01:13:51.117729+00:00,JE910136,01,3,20261007100442,20261006193031,20261007005059,20261007100412,JE
2026-10-07T01:13:51.117729+00:00,JE910142,01,3,20261007100834,20261006174203,20261006202707,20261007100734,JE
2026-10-07T01:13:51.117729+00:00,KP005802,01,3,20261007101027,20261005104531,20261005105523,20261007100024,KP
2026-10-07T01:13:51.117729+00:00,KP005806,01,3,20261007101027,20261007080825,20261007081939,20261007100855,KP
2026-10-07T01:13:51.117729+00:00,KP008136,01,2,20261007101011,20261007073503,20261007083506,,KP
2026-10-07T01:13:51.117729+00:00,LI000102,01,2,20261007101225,20261007101225,20261007101225,,LI
2026-10-07T01:13:51.117729+00:00,LU001146,03,2,20261007101121,20261006225229,20261007062658,,LU
2026-10-07T01:13:51.117729+00:00,NT100725,02,2,20261007100750,20261007082650,20261007100750,,NT
2026-10-07T01:13:51.117729+00:00,NT100725,41,3,20261007100350,20261007100350,20261006183950,20261007100350,NT
2026-10-07T01:13:51.117729+00:00,NT100927,03,2,20261007101150,20261007100850,20261007101150,,NT
2026-10-07T01:13:51.117729+00:00,NT100927,06,3,20261007101250,20261007101250,20261006162550,20261007101250,NT
2026-10-07T01:13:51.117729+00:00,PI201264,02,3,20261007100448,20261007100259,20261006182303,20261007100448,PI
2026-10-07T01:13:51.117729+00:00,PI700945,02,3,20261007100507,20261007100356,20261006235804,20261007100507,PI
2026-10-07T01:13:51.117729+00:00,PIH01067,03,2,20261007100358,20261006215703,20261007100248,,PI
2026-10-07T01:13:51.117729+00:00,PIH01167,12,3,20261007101250,20261007101150,20261006213547,20261007101250,PI
2026-10-07T01:13:51.117729+00:00,PK000306,06,3,20261007101136,20261006211413,20261006213335,20261007100600,PK
2026-10-07T01:13:51.117729+00:00,PL031497,04,3,20261007100828,20261007100828,20261007075957,20261007100828,PL
2026-10-07T01:13:51.117729+00:00,SOA11001,01,3,20261007100614,20261007100614,20261002152128,20261007100614,SO
2026-10-07T01:13:51.117729+00:00,SOA33001,01,1,20261007100614,20261007094614,20261007094814,,SO
2026-10-07T01:13:51.117729+00:00,ST500003,01,2,20261007100932,20261006201421,20261007100932,,ST
2026-10-07T01:13:51.117729+00:00,ST501131,02,2,20261007100540,20261007092034,20261007100215,,ST
2026-10-07T01:13:51.117729+00:00,ST501140,02,2,20261007100940,20261007090438,20261007100940,,ST
2026-10-07T01:13:51.117729+00:00,ST501141,04,3,20261007100940,20260928155536,20261004104759,20261007100940,ST
2026-10-07T01:13:51.117729+00:00,ST600416,11,2,20261007100802,20261007094905,20261007100802,,ST
2026-10-07T01:13:51.117729+00:00,ST600713,04,3,20261007100812,20261007011435,20261007014705,20261007100812,ST
2026-10-07T01:13:51.117729+00:00,ST601107,21,2,20261007100427,20261007075345,20261007100115,,ST
2026-10-07T01:13:51.117729+00:00,ME174046,01,2,20261007101140,20261006153737,20261006155127,,ME
2026-10-07T01:13:51.117729+00:00,ME174050,01,2,20261007100739,20261001170730,20261001170951,,ME
2026-10-07T01:13:51.117729+00:00,ME174050,02,3,20261007100937,20261006124450,20261006132550,20261007100432,ME
2026-10-07T01:13:51.117729+00:00,ME174050,03,2,20261007101014,20261006110720,20261006113026,,ME
2026-10-07T01:13:51.117729+00:00,ME174050,04,2,20261007100756,20261006150433,20261006154323,,ME
2026-10-07T01:13:51.117729+00:00,ME174050,05,2,20261007100754,20261005144243,20261005151909,,ME
2026-10-07T01:13:51.117729+00:00,ME174061,01,2,20261007101043,20261006160425,20261006162156,,ME
2026-10-07T01:13:51.117729+00:00,ME174062,01,2,20261007100802,20261005130453,20261005134029,,ME
2026-10-07T01:13:51.117729+00:00,ME183101,01,2,20261007100906,20261006164049,20261006164233,,ME
2026-10-07T01:13:51.117729+00:00,ME183101,02,2,20261007100726,20261005115439,20261005121956,,ME
2026-10-07T01:13:51.117729+00:00,ME183101,03,2,20261007101057,20261006124629,20261006131009,,ME
2026-10-07T01:13:51.117729+00:00,ME183101,04,2,20261007100731,20261007082811,20261007083717,,ME
2026-10-07T01:13:51.117729+00:00,ME183101,52,2,20261007100722,20261004145214,20261004150345,,ME
2026-10-07T01:13:51.117729+00:00,ME183101,54,2,20261007100735,20261004141031,20261004141201,,ME
2026-10-07T01:13:51.117729+00:00,ME183102,02,2,20261007101158,20261006050530,20261006054836,,ME
2026-10-07T01:13:51.117729+00:00,ME183102,52,2,20261007100710,20261006112945,20261006121250,,ME
2026-10-07T01:13:51.117729+00:00,ME184122,01,2,20261007100946,20261006210950,20261006214400,,ME
2026-10-07T01:13:51.117729+00:00,ME184124,01,2,20261007100802,20261006184026,20261006190416,,ME
2026-10-07T01:13:51.117729+00:00,ME184125,01,2,20261007101140,20261006144530,20261006150314,,ME
2026-10-07T01:13:51.117729+00:00,ME184126,02,3,20261007101125,20261006182133,20261006190217,20261007100908,ME
2026-10-07T01:13:51.117729+00:00,ME18A173,01,2,20261007101024,20261007062150,20261007062910,,ME
2026-10-07T01:13:51.117729+00:00,ME18A174,01,2,20261007100930,20261006194114,20261006202419,,ME
2026-10-07T01:13:51.117729+00:00,ME18A175,01,2,20261007101016,20261007082050,20261007085819,,ME
2026-10-07T01:13:51.117729+00:00,ME18A180,01,2,20261007101101,20261006130329,20261006133155,,ME
2026-10-07T01:13:51.117729+00:00,ME18A268,11,2,20261007100755,20261006223256,20261006223914,,ME
2026-10-07T01:13:51.117729+00:00,ME18A268,12,2,20261007101101,20261007092817,20261007101100,,ME
2026-10-07T01:13:51.117729+00:00,ME18A269,11,2,20261007100924,20261006112854,20261006115659,,ME
2026-10-07T01:13:51.117729+00:00,ME18A269,12,2,20261007100917,20261006103338,20261006111641,,ME
2026-10-07T01:13:51.117729+00:00,ME18A270,11,2,20261007100921,20261007090021,20261007092403,,ME
2026-10-07T01:13:51.117729+00:00,ME18A270,12,2,20261007100917,20261007074940,20261007081301,,ME
2026-10-07T01:13:51.117729+00:00,ME18A271,01,2,20261007100849,20261003154138,20261003161603,,ME
2026-10-07T01:13:51.117729+00:00,ME18A271,02,2,20261007101031,20261007061035,20261007065038,,ME
2026-10-07T01:13:51.117729+00:00,ME18A272,11,2,20261007101105,20261006173035,20261006180734,,ME
2026-10-07T01:13:51.117729+00:00,ME18A272,12,2,20261007101100,20261006142857,20261006151201,,ME
2026-10-07T01:13:51.117729+00:00,ME18A273,11,2,20261007100738,20261006145306,20261006152548,,ME
2026-10-07T01:13:51.117729+00:00,ME18A273,12,2,20261007100744,20261007060052,20261007061543,,ME
2026-10-07T01:13:51.117729+00:00,ME18A274,11,2,20261007100932,20261006103459,20261006105851,,ME
2026-10-07T01:13:51.117729+00:00,ME18A274,12,2,20261007100930,20261006163246,20261006171550,,ME
2026-10-07T01:13:51.117729+00:00,ME18A275,11,2,20261007101022,20261006161758,20261006164611,,ME
2026-10-07T01:13:51.117729+00:00,ME18A275,12,2,20261007101016,20261006182842,20261006183412,,ME
2026-10-07T01:13:51.117729+00:00,ME18A281,11,2,20261007100748,20260930150635,20260930151317,,ME
2026-10-07T01:13:51.117729+00:00,ME18A281,12,2,20261007100753,20261006100139,20261006103844,,ME
2026-10-07T01:13:51.117729+00:00,ME18A306,01,2,20261007100811,20261006192822,20261006193837,,ME
2026-10-07T01:13:51.117729+00:00,ME18A306,11,2,20261007100759,20261002121626,20261002130155,,ME
2026-10-07T01:13:51.117729+00:00,ME18A306,12,2,20261007100804,20261006203629,20261006210538,,ME
2026-10-07T01:13:51.117729+00:00,ME19B169,01,2,20261007101006,20261004194711,20261004200504,,ME
2026-10-07T01:13:51.117729+00:00,ME19B170,01,2,20261007100958,20261007065629,20261007073555,,ME
2026-10-07T01:13:51.117729+00:00,ME19B171,01,2,20261007100912,20261006162909,20261006170909,,ME
2026-10-07T01:13:51.117729+00:00,ME19B172,01,2,20261007100925,20261006214119,20261006220213,,ME
2026-10-07T01:13:51.117729+00:00,ME19B173,01,2,20261007101202,20261007073652,20261007080238,,ME
2026-10-07T01:13:51.117729+00:00,ME19B404,23,3,20261007101042,20261007094445,20261007100513,20261007101034,ME
2026-10-07T01:13:51.117729+00:00,ME20B1e1,01,2,20261007101112,20261006142807,20261006144240,,ME
2026-10-07T01:13:51.117729+00:00,ME20B1e2,01,2,20261007100900,20261006165432,20261006173427,,ME
2026-10-07T01:13:51.117729+00:00,ME20B1e3,01,2,20261007101120,20261006103429,20261006105255,,ME
2026-10-07T01:13:51.117729+00:00,ME20B2a0,91,2,20261007101026,20261007080724,20261007083744,,ME
2026-10-07T01:13:51.117729+00:00,ME20B2a0,92,2,20261007101023,20261005122044,20261005123945,,ME
2026-10-07T01:13:51.117729+00:00,ME20B2a1,21,2,20261007101011,20260930153947,20260930161947,,ME
2026-10-07T01:13:51.117729+00:00,ME20B2a1,22,2,20261007101011,20260923104352,20260923104521,,ME
2026-10-07T01:13:51.117729+00:00,ME20B2a2,21,2,20261007100726,20261004120141,20261004120858,,ME
2026-10-07T01:13:51.117729+00:00,ME20B2a2,22,2,20261007100726,20261002070459,20261002072043,,ME
2026-10-07T01:13:51.117729+00:00,ME20B416,21,2,20261007100917,20261004103641,20261004105011,,ME
2026-10-07T01:13:51.117729+00:00,ME20B416,22,2,20261007100917,20261006182144,20261006183046,,ME
2026-10-07T01:13:51.117729+00:00,ME20B416,23,2,20261007100920,20261006091317,20261006093008,,ME
2026-10-07T01:13:51.117729+00:00,ME20B416,24,2,20261007100920,20261007073720,20261007080431,,ME
2026-10-07T01:13:51.117729+00:00,ME20B417,41,2,20261007100757,20261001133924,20261001141346,,ME
2026-10-07T01:13:51.117729+00:00,ME20B417,42,2,20261007100823,20261006183554,20261006191133,,ME
2026-10-07T01:13:51.117729+00:00,ME20B417,43,2,20261007100829,20261007091948,20261007095948,,ME
2026-10-07T01:13:51.117729+00:00,ME20B417,44,2,20261007100824,20261006214850,20261006221727,,ME
2026-10-07T01:13:51.117729+00:00,ME21B250,02,3,20261007101031,20261006231553,20261006233816,20261007095813,ME
2026-10-07T01:13:51.117729+00:00,ME21B410,02,3,20261007101048,20261007080932,20261007083142,20261007095432,ME
2026-10-07T01:13:51.117729+00:00,ME21D058,01,3,20261007101055,20261007091429,20261007092450,20261007094830,ME
2026-10-07T01:13:51.117729+00:00,ME21D060,01,3,20261007101020,20261007090424,20261007093053,20261007095605,ME
2026-10-07T01:13:51.117729+00:00,ME21D065,01,2,20261007100939,20261007094435,20261007100944,,ME
2026-10-07T01:13:51.117729+00:00,ME21D072,01,3,20261007101147,20261007083042,20261007085323,20261007095736,ME
2026-10-07T01:13:51.117729+00:00,ME21D074,01,3,20261007101118,20261007082649,20261007085133,20261007095504,ME
2026-10-07T01:13:51.117729+00:00,ME21X008,01,2,20261007100718,20261006183615,20261006191936,,ME
2026-10-07T01:13:51.117729+00:00,ME22C285,01,3,20261007101024,20261006230519,20261006232201,20261007095005,ME
2026-10-07T01:13:51.117729+00:00,ME22D1H1,01,2,20261007100937,20261007095443,20261007100913,,ME
2026-10-07T01:13:51.117729+00:00,ME25C181,01,2,20261007100806,20261007085943,20261007093930,,ME
2026-10-07T01:13:51.117729+00:00,ME25C182,01,4,20261007100752,20261006191807,20261006194754,,ME
2026-10-07T01:13:51.117729+00:00,ME25C281,21,2,20261007101131,20261006183921,20261006185215,,ME
2026-10-07T01:13:51.117729+00:00,ME25C281,22,3,20261007101133,20261005185243,20261005193245,20261007093701,ME
2026-10-07T01:13:51.117729+00:00,ME25C318,01,2,20261007101156,20261007082744,20261007083540,,ME
2026-10-07T01:13:51.117729+00:00,ME25C318,21,4,20261007101209,20261004134710,20261004140626,,ME
2026-10-07T01:13:51.117729+00:00,ME25C318,22,2,20261007101111,20261006094806,20261006100942,,ME
2026-10-07T01:13:51.117729+00:00,ME25C431,01,2,20261007101143,20260914133046,20260914133228,,ME
2026-10-07T01:13:51.117729+00:00,ME25C431,02,2,20261007100819,20261006181910,20261006183615,,ME
2026-10-07T01:13:51.117729+00:00,ME25C431,03,3,20261007100915,20261006180113,20261006182349,20261007100412,ME
2026-10-07T01:13:51.117729+00:00,ME25C431,04,2,20261007100757,20261005202832,20261005205200,,ME
2026-10-07T01:13:51.117729+00:00,AH000059,04,2,20261007100720,20261007082213,20261007100720,,AH
2026-10-07T01:13:51.117729+00:00,EV003923,01,2,20261007101229,20261007081759,20261007100121,,EV
2026-10-07T01:13:51.117729+00:00,EV017763,03,3,20261007101229,20261006103933,20261006180450,20261007101203,EV
2026-10-07T01:13:51.117729+00:00,HE000032,01,2,20261007101200,20261007095200,20261007101200,,HE
2026-10-07T01:13:51.117729+00:00,HE000976,01,2,20261007100700,20261007100500,20261007100700,,HE
2026-10-07T01:13:51.117729+00:00,HE240435,18,3,20261007100600,20261007100600,20261006125835,20261007100600,HE
2026-10-07T01:13:51.117729+00:00,HE240435,21,2,20261007101200,20261007084300,20261007101200,,HE
2026-10-07T01:13:51.117729+00:00,JD000004,01,3,20261007101104,20261007101104,20261007093605,20261007100933,JD
2026-10-07T01:13:51.117729+00:00,JD000004,02,3,20261007101307,20261007101307,20261007091048,20261007101159,JD
2026-10-07T01:13:51.117729+00:00,JD100008,02,3,20261007100908,20261007100908,20261005200919,20261007100807,JD
2026-10-07T01:13:51.117729+00:00,JD160029,01,3,20261007101308,20261007101308,20261006162124,20261007101138,JD
2026-10-07T01:13:51.117729+00:00,JD160069,02,3,20261007100419,20261007100419,20261007092232,20261007100241,JD
2026-10-07T01:13:51.117729+00:00,JD160076,01,2,20261007100707,20261007092223,20261007100223,,JD
2026-10-07T01:13:51.117729+00:00,JD160089,03,2,20261007100449,20261007084219,20261007095944,,JD
2026-10-07T01:13:51.117729+00:00,JD160091,01,2,20261007100909,20261007092605,20261007100605,,JD
2026-10-07T01:13:51.117729+00:00,JE020105,03,3,20261007100439,20261006171800,20261006175333,20261007100437,JE
2026-10-07T01:13:51.117729+00:00,JE020108,05,3,20261007100439,20261007053911,20261007064632,20261007100409,JE
2026-10-07T01:13:51.117729+00:00,JE020127,02,2,20261007100439,20261007080608,20261007095837,,JE
2026-10-07T01:13:51.117729+00:00,JE020137,04,3,20261007100637,20261007080735,20261007085733,20261007100557,JE
2026-10-07T01:13:51.117729+00:00,JE020137,06,2,20261007101233,20261007091258,20261007100626,,JE
2026-10-07T01:13:51.117729+00:00,JE020137,12,3,20261007101034,20261007100847,20261007101134,20261007100847,JE
2026-10-07T01:13:51.117729+00:00,JE020145,01,3,20261007100439,20261004190819,20261005031202,20261007100431,JE
2026-10-07T01:13:51.117729+00:00,JE020146,01,3,20261007100439,20261006094826,20261006142655,20261007100430,JE
2026-10-07T01:13:51.117729+00:00,JE020161,02,3,20261007100832,20261007013413,20261007021552,20261007100713,JE
2026-10-07T01:13:51.117729+00:00,JE040076,01,2,20261007100440,20261006190457,20261007100006,,JE
2026-10-07T01:13:51.117729+00:00,JE043002,39,2,20261007100440,20261006195822,20261007002947,,JE
2026-10-07T01:13:51.117729+00:00,JE043005,08,2,20261007100637,20261006223335,20261006232617,,JE
2026-10-07T01:13:51.117729+00:00,JE900249,01,2,20261007101035,20261007100202,20261007100822,,JE
2026-10-07T01:13:51.117729+00:00,JE910048,01,3,20261007101235,20261007065413,20261007074101,20261007101042,JE
2026-10-07T01:13:51.117729+00:00,JE910128,01,3,20261007101235,20261006085030,20261006102708,20261007101122,JE
2026-10-07T01:13:51.117729+00:00,KP000434,02,2,20261007101016,20261007093818,20261007100608,,KP
2026-10-07T01:13:51.117729+00:00,KP008134,10,2,20261007101022,20261007085530,20261007100537,,KP
2026-10-07T01:13:51.117729+00:00,PI121942,06,2,20261007100402,20261006183251,20261007003649,,PI
2026-10-07T01:13:51.117729+00:00,PI640335,01,2,20261007100701,20261007065908,20261007093004,,PI
2026-10-07T01:13:51.117729+00:00,PI690009,12,2,20261007100442,20261007090723,20261007100251,,PI
2026-10-07T01:13:51.117729+00:00,PIH01084,09,2,20261007100358,20261007095724,20261007095809,,PI
2026-10-07T01:13:51.117729+00:00,PIH01084,27,3,20261007100358,20261007100213,20261006210947,20261007100358,PI
2026-10-07T01:13:51.117729+00:00,PIS00782,01,3,20261007100934,20261007100641,20261006191142,20261007100934,PI
2026-10-07T01:13:51.117729+00:00,PW010926,02,2,20261007101109,20261006182642,20261007013414,,PW
2026-10-07T01:13:51.117729+00:00,PW015119,06,2,20261007100555,20261007084628,20261007100200,,PW
2026-10-07T01:13:51.117729+00:00,ST501319,04,3,20261007100617,20261007100617,20261006130427,20261007100321,ST
2026-10-07T01:13:51.117729+00:00,ST501330,01,3,20261007101151,20261007081940,20261007094500,20261007101151,ST
2026-10-07T01:22:43.942767+00:00,ME174067,01,2,20261007101757,20261006103354,20261006110330,,ME
2026-10-07T01:22:43.942767+00:00,ME181538,01,2,20261007101652,20261006212218,20261006212944,,ME
2026-10-07T01:22:43.942767+00:00,ME181539,01,2,20261007101829,20261006203339,20261006211418,,ME
2026-10-07T01:22:43.942767+00:00,ME181541,01,2,20261007101921,20261005181705,20261005185708,,ME
2026-10-07T01:22:43.942767+00:00,ME184129,01,2,20261007101821,20261003153003,20261003161322,,ME
2026-10-07T01:22:43.942767+00:00,ME184130,01,2,20261007101820,20261007063634,20261007064838,,ME
2026-10-07T01:22:43.942767+00:00,ME184131,01,2,20261007101920,20261007081245,20261007085051,,ME
2026-10-07T01:22:43.942767+00:00,ME18A176,01,2,20261007101652,20261006224926,20261006230021,,ME
2026-10-07T01:22:43.942767+00:00,ME18A177,01,2,20261007101724,20261006123523,20261006130052,,ME
2026-10-07T01:22:43.942767+00:00,ME18A178,01,2,20261007101701,20261005164341,20261005170217,,ME
2026-10-07T01:22:43.942767+00:00,ME18A179,01,2,20261007101634,20261006090217,20261006091807,,ME
2026-10-07T01:22:43.942767+00:00,ME18A276,11,3,20261007102102,20260927190040,20260927190352,20261007100636,ME
2026-10-07T01:22:43.942767+00:00,ME18A276,12,2,20261007102011,20260925101706,20260925104659,,ME
2026-10-07T01:22:43.942767+00:00,ME18A277,11,2,20261007101925,20261007091125,20261007095318,,ME
2026-10-07T01:22:43.942767+00:00,ME18A277,12,2,20261007101930,20261006191856,20261006195632,,ME
2026-10-07T01:22:43.942767+00:00,ME18A278,01,2,20261007102107,20261007080600,20261007081805,,ME
2026-10-07T01:22:43.942767+00:00,ME18A278,02,2,20261007102050,20261007091906,20261007092031,,ME
2026-10-07T01:22:43.942767+00:00,ME18A279,11,3,20261007102006,20261005154501,20261005162806,20261007095313,ME
2026-10-07T01:22:43.942767+00:00,ME18A279,12,3,20261007101959,20261007070524,20261007074019,20261007095202,ME
2026-10-07T01:22:43.942767+00:00,ME18A282,11,2,20261007101707,20261007072925,20261007080119,,ME
2026-10-07T01:22:43.942767+00:00,ME18A282,12,2,20261007101722,20261006173419,20261006174154,,ME
2026-10-07T01:22:43.942767+00:00,ME18A283,11,2,20261007101842,20261007092824,20261007095721,,ME
2026-10-07T01:22:43.942767+00:00,ME18A283,12,2,20261007101834,20261004080825,20261004084258,,ME
2026-10-07T01:22:43.942767+00:00,ME18A307,01,2,20261007101619,20261006131935,20261006134620,,ME
2026-10-07T01:22:43.942767+00:00,ME18A308,01,2,20261007101843,20261007094951,20261007095932,,ME
2026-10-07T01:22:43.942767+00:00,ME18A308,11,2,20261007101800,20261005140606,20261005143350,,ME
2026-10-07T01:22:43.942767+00:00,ME18A308,12,2,20261007101804,20261006121919,20261006122945,,ME
2026-10-07T01:22:43.942767+00:00,ME18A309,01,2,20261007101614,20261007081837,20261007090142,,ME
2026-10-07T01:22:43.942767+00:00,ME18A309,11,2,20261007101805,20261006200044,20261006204242,,ME
2026-10-07T01:22:43.942767+00:00,ME18A309,12,3,20261007101808,20261007082008,20261007085858,20261007095212,ME
2026-10-07T01:22:43.942767+00:00,ME19B174,11,3,20261007101923,20261007093745,20261007100731,20261007100918,ME
2026-10-07T01:22:43.942767+00:00,ME19B174,12,2,20261007101813,20261007075917,20261007082329,,ME
2026-10-07T01:22:43.942767+00:00,ME19B245,21,2,20261007101627,20261007094217,20261007101617,,ME
2026-10-07T01:22:43.942767+00:00,ME19B246,21,3,20261007101908,20261007093900,20261007100101,20261007100401,ME
2026-10-07T01:22:43.942767+00:00,ME19B246,22,2,20261007101456,20261007055340,20261007063451,,ME
2026-10-07T01:22:43.942767+00:00,ME19D126,01,2,20261007102048,20261007092948,20261007100338,,ME
2026-10-07T01:22:43.942767+00:00,ME19D127,01,2,20261007101851,20261006075300,20261006083300,,ME
2026-10-07T01:22:43.942767+00:00,ME19D128,01,3,20261007101951,20260927183731,20260927185259,20261007094349,ME
2026-10-07T01:22:43.942767+00:00,ME19Y240,21,3,20261007102036,20261007062201,20261007070201,20261007101036,ME
2026-10-07T01:22:43.942767+00:00,ME19Y240,22,2,20261007101653,20261007071139,20261007073441,,ME
2026-10-07T01:22:43.942767+00:00,ME19Y269,01,2,20261007101653,20261006214518,20261006222518,,ME
2026-10-07T01:22:43.942767+00:00,ME19Y269,02,2,20261007101703,20261007083309,20261007090402,,ME
2026-10-07T01:22:43.942767+00:00,ME19Y270,01,2,20261007101914,20261007080122,20261007084122,,ME
2026-10-07T01:22:43.942767+00:00,ME19Y270,02,2,20261007101637,20261007064731,20261007071715,,ME
2026-10-07T01:22:43.942767+00:00,ME19Y271,01,2,20261007101715,20261007091115,20261007092241,,ME
2026-10-07T01:22:43.942767+00:00,ME19Y271,02,2,20261007102016,20261007071303,20261007075303,,ME
2026-10-07T01:22:43.942767+00:00,ME20B1e4,01,2,20261007102055,20261007071305,20261007072409,,ME
2026-10-07T01:22:43.942767+00:00,ME20B1e5,01,2,20261007101904,20261006174200,20261006181256,,ME
2026-10-07T01:22:43.942767+00:00,ME20B1e6,91,2,20261007101646,20261007080603,20261007084603,,ME
2026-10-07T01:22:43.942767+00:00,ME20B2a3,21,2,20261007101953,20261006125950,20261006130120,,ME
2026-10-07T01:22:43.942767+00:00,ME20B2a3,22,2,20261007102012,20261006130221,20261006130352,,ME
2026-10-07T01:22:43.942767+00:00,ME20B2a4,21,2,20261007102048,20261006213440,20261006220720,,ME
2026-10-07T01:22:43.942767+00:00,ME20B2a4,22,2,20261007102048,20261007090718,20261007094718,,ME
2026-10-07T01:22:43.942767+00:00,ME20B2a5,21,2,20261007101927,20261007092832,20261007094508,,ME
2026-10-07T01:22:43.942767+00:00,ME20B2a5,22,3,20261007101838,20261006210022,20261006213538,20261007101836,ME
2026-10-07T01:22:43.942767+00:00,ME20B2a6,21,2,20261007101910,20261002085825,20261002092516,,ME
2026-10-07T01:22:43.942767+00:00,ME20B2a6,22,2,20261007101910,20261006212930,20261006220930,,ME
2026-10-07T01:22:43.942767+00:00,ME20B2a7,21,2,20261007102012,20261006211831,20261006215831,,ME
2026-10-07T01:22:43.942767+00:00,ME20B2a7,22,2,20261007102012,20261007101030,20261007101851,,ME
2026-10-07T01:22:43.942767+00:00,ME20B2a8,21,2,20261007101804,20261006200926,20261006204926,,ME
2026-10-07T01:22:43.942767+00:00,ME20B2a8,22,2,20261007101805,20261007072421,20261007074703,,ME
2026-10-07T01:22:43.942767+00:00,ME20B2a9,21,2,20261007101803,20261006180949,20261006184331,,ME
2026-10-07T01:22:43.942767+00:00,ME20B2a9,22,2,20261007101803,20261007085702,20261007091626,,ME
2026-10-07T01:22:43.942767+00:00,ME20B2b0,21,5,20261007101812,20261005143505,20261005150342,,ME
2026-10-07T01:22:43.942767+00:00,ME20B2b0,22,2,20261007101812,20261005175606,20261005182530,,ME
2026-10-07T01:22:43.942767+00:00,ME20B2b1,21,2,20261007102035,20261006150609,20261006154609,,ME
2026-10-07T01:22:43.942767+00:00,ME20B2b1,22,2,20261007102035,20261006123249,20261006130718,,ME
2026-10-07T01:22:43.942767+00:00,ME20B2b2,21,2,20261007102041,20260916145246,20260916145416,,ME
2026-10-07T01:22:43.942767+00:00,ME20B2b2,22,2,20261007102041,20260925110458,20260925114155,,ME
2026-10-07T01:22:43.942767+00:00,ME20B2b3,21,2,20261007101618,20261006153025,20261006161025,,ME
2026-10-07T01:22:43.942767+00:00,ME20B2b3,22,2,20261007101618,20261007065135,20261007073135,,ME
2026-10-07T01:22:43.942767+00:00,ME20B2b4,01,2,20261007101816,20261002092503,20261002100503,,ME
2026-10-07T01:22:43.942767+00:00,ME20B2b4,02,2,20261007101946,20261001134855,20261001142855,,ME
2026-10-07T01:22:43.942767+00:00,ME20B418,41,2,20261007101928,20261006174819,20261006180320,,ME
2026-10-07T01:22:43.942767+00:00,ME20B418,42,2,20261007101953,20261007093946,20261007094923,,ME
2026-10-07T01:22:43.942767+00:00,ME20B418,43,2,20261007102008,20261006140840,20261006144840,,ME
2026-10-07T01:22:43.942767+00:00,ME20B418,44,2,20261007101946,20261006191741,20261006194638,,ME
2026-10-07T01:22:43.942767+00:00,ME21B317,02,3,20261007102028,20261006170109,20261006173414,20261007094353,ME
2026-10-07T01:22:43.942767+00:00,ME21D082,01,3,20261007102052,20261007082044,20261007084544,20261007101450,ME
2026-10-07T01:22:43.942767+00:00,ME21D092,01,3,20261007101910,20261007094230,20261007101354,20261007101701,ME
2026-10-07T01:22:43.942767+00:00,ME21D093,01,3,20261007102018,20261007094500,20261007094628,20261007095358,ME
2026-10-07T01:22:43.942767+00:00,ME21D102,01,3,20261007101939,20261007084046,20261007091455,20261007101944,ME
2026-10-07T01:22:43.942767+00:00,ME21D106,01,3,20261007101949,20261006194347,20261006202654,20261007101550,ME
2026-10-07T01:22:43.942767+00:00,ME21D109,01,2,20261007102041,20261007094041,20261007102045,,ME
2026-10-07T01:22:43.942767+00:00,ME21D113,01,2,20261007101508,20261007094121,20261007101510,,ME
2026-10-07T01:22:43.942767+00:00,ME21X010,01,2,20261007101633,20261007083908,20261007084254,,ME
2026-10-07T01:22:43.942767+00:00,ME21X014,01,2,20261007101747,20261006154959,20261006155114,,ME
2026-10-07T01:22:43.942767+00:00,ME21X015,01,3,20261007101808,20261007054716,20261007063012,20261007070244,ME
2026-10-07T01:22:43.942767+00:00,ME22C1G0,01,3,20261007102002,20261007072240,20261007075820,20261007101153,ME
2026-10-07T01:22:43.942767+00:00,ME22C1G3,01,2,20261007101524,20261007095125,20261007101523,,ME
2026-10-07T01:22:43.942767+00:00,ME22C286,01,2,20261007101843,20261006154352,20261006155414,,ME
2026-10-07T01:22:43.942767+00:00,ME22C305,01,2,20261007102009,20261007100146,20261007100410,,ME
2026-10-07T01:22:43.942767+00:00,ME22C305,02,2,20261007101955,20261007090525,20261007094529,,ME
2026-10-07T01:22:43.942767+00:00,ME22C305,03,2,20261007102054,20261007075925,20261007083930,,ME
2026-10-07T01:22:43.942767+00:00,ME22D155,01,2,20261007101927,20261007094022,20261007095832,,ME
2026-10-07T01:22:43.942767+00:00,ME22D156,01,2,20261007101735,20261006212118,20261006220118,,ME
2026-10-07T01:22:43.942767+00:00,ME22D161,01,3,20261007102016,20261007092534,20261007100534,20261007102008,ME
2026-10-07T01:22:43.942767+00:00,ME22D162,01,2,20261007101856,20261007091054,20261007094024,,ME
2026-10-07T01:22:43.942767+00:00,ME22D176,01,2,20261007102049,20261005160320,20261005164320,,ME
2026-10-07T01:22:43.942767+00:00,ME22D1H0,01,2,20261007101853,20261007085303,20261007093254,,ME
2026-10-07T01:22:43.942767+00:00,ME22D219,01,2,20261007101933,20261006200952,20261006204952,,ME
2026-10-07T01:22:43.942767+00:00,ME22D219,02,2,20261007101628,20261007092002,20261007100002,,ME
2026-10-07T01:22:43.942767+00:00,ME22D235,01,2,20261007101920,20261007081852,20261007081943,,ME
2026-10-07T01:22:43.942767+00:00,ME22D235,02,2,20261007102028,20261007082431,20261007082937,,ME
2026-10-07T01:22:43.942767+00:00,ME22D401,01,2,20261007101936,20261007092703,20261007095848,,ME
2026-10-07T01:22:43.942767+00:00,ME22D401,02,3,20261007102100,20261007093255,20261007095333,20261007101056,ME
2026-10-07T01:22:43.942767+00:00,ME22D401,03,3,20261007102055,20261007084401,20261007092409,20261007095531,ME
2026-10-07T01:22:43.942767+00:00,ME22D401,04,2,20261007101942,20261007092252,20261007093311,,ME
2026-10-07T01:22:43.942767+00:00,ME25C183,01,2,20261007102015,20261006152302,20261006152434,,ME
2026-10-07T01:22:43.942767+00:00,ME25C184,01,2,20261007101903,20261007094932,20261007100706,,ME
2026-10-07T01:22:43.942767+00:00,ME25C282,21,2,20261007102056,20261007085217,20261007093219,,ME
2026-10-07T01:22:43.942767+00:00,ME25C282,22,2,20261007102058,20261006140629,20261006144539,,ME
2026-10-07T01:22:43.942767+00:00,ME25C283,01,2,20261007102011,20261006170012,20261006173622,,ME
2026-10-07T01:22:43.942767+00:00,ME25C283,02,2,20261007101903,20261007080130,20261007083431,,ME
2026-10-07T01:22:43.942767+00:00,ME25C284,01,2,20261007101630,20260930133648,20260930141649,,ME
2026-10-07T01:22:43.942767+00:00,ME25C284,02,2,20261007101727,20261006170353,20261006173237,,ME
2026-10-07T01:22:43.942767+00:00,BE250146,02,2,20261007101329,20261007095857,20261007101329,,BE
2026-10-07T01:22:43.942767+00:00,BT000031,02,2,20261007101602,20261006183853,20261007101602,,BT
2026-10-07T01:22:43.942767+00:00,BT000077,01,3,20261007102000,20261007090141,20261007101522,20261007090141,BT
2026-10-07T01:22:43.942767+00:00,CV001155,04,3,20261007101521,20261007101219,20261007101221,20261007101521,CV
2026-10-07T01:22:43.942767+00:00,CV001188,02,2,20261007101521,20261007094200,20261007101035,,CV
2026-10-07T01:22:43.942767+00:00,CV001190,01,1,20261007102024,20261006101309,20261006103449,,CV
2026-10-07T01:22:43.942767+00:00,CV001190,02,1,20261007102024,20261001151943,20261001154735,,CV
2026-10-07T01:22:43.942767+00:00,CV001193,02,2,20261007102021,20261007092933,20261007101929,,CV
2026-10-07T01:22:43.942767+00:00,CV001630,09,2,20261007102035,20261007100327,20261007101713,,CV
2026-10-07T01:22:43.942767+00:00,CV002095,02,3,20261007101532,20261007101400,20261007101402,20261007101400,CV
2026-10-07T01:22:43.942767+00:00,EV013759,04,3,20261007101429,20261006183954,20261007021346,20261007101345,EV
2026-10-07T01:22:43.942767+00:00,GR000029,01,3,20261007101601,20261006162349,20261006192840,20261007101601,GR
2026-10-07T01:22:43.942767+00:00,GR000052,01,2,20261007101630,20261007085256,20261007101626,,GR
2026-10-07T01:22:43.942767+00:00,GS000116,02,2,20261007101851,20261007100648,20261007101851,,GS
2026-10-07T01:22:43.942767+00:00,GS000116,04,2,20261007101851,20261007094842,20261007101851,,GS
2026-10-07T01:22:43.942767+00:00,HD000018,06,3,20261007101600,20261007101531,20261007054854,20261007101531,HD
2026-10-07T01:22:43.942767+00:00,HD000028,02,3,20261007102001,20261007101535,20261007095532,20261007101535,HD
2026-10-07T01:22:43.942767+00:00,HE000019,02,2,20261007101600,20261007085500,20261007101600,,HE
2026-10-07T01:22:43.942767+00:00,HE000468,02,2,20261007101800,20261006191800,20261007101800,,HE
2026-10-07T01:22:43.942767+00:00,HE000477,01,2,20261007101501,20230407050320,20230407050320,,HE
2026-10-07T01:22:43.942767+00:00,HE000477,02,2,20261007101501,20240614195055,20240615062251,,HE
2026-10-07T01:22:43.942767+00:00,HE000490,01,2,20261007101501,20250926074940,20250926075012,,HE
2026-10-07T01:22:43.942767+00:00,HE000552,02,2,20261007101501,20260930135400,20260930135500,,HE
2026-10-07T01:22:43.942767+00:00,HE000552,03,2,20261007101501,20261002205700,20261003043100,,HE
2026-10-07T01:22:43.942767+00:00,HE000559,01,2,20261007101501,20251010115127,20251010135913,,HE
2026-10-07T01:22:43.942767+00:00,HE000559,02,2,20261007101501,20251015194601,20251015233624,,HE
2026-10-07T01:22:43.942767+00:00,HE000572,01,2,20261007101501,20251015211737,20251016080005,,HE
2026-10-07T01:22:43.942767+00:00,HE000573,01,2,20261007101501,20251004123704,20251004193429,,HE
2026-10-07T01:22:43.942767+00:00,HE000576,01,2,20261007101501,20260827160800,20260827160900,,HE
2026-10-07T01:22:43.942767+00:00,HE240103,02,3,20261007101500,20261007101500,20261007094000,20261007101500,HE
2026-10-07T01:22:43.942767+00:00,HE240157,02,3,20261007101600,20261007101600,20260922105838,20261007101600,HE
2026-10-07T01:22:43.942767+00:00,HM003000,64,2,20261007101622,20261007101319,20261007101436,,HM
2026-10-07T01:22:43.942767+00:00,HM003000,74,2,20261007101420,20261007100939,20261007101207,,HM
2026-10-07T01:22:43.942767+00:00,HM910001,07,2,20261007101632,20261007084510,20261007101337,,HM
2026-10-07T01:22:43.942767+00:00,HY000646,05,3,20261007102202,20261007102154,20261005144044,20261007102154,HY
2026-10-07T01:22:43.942767+00:00,JA500004,05,3,20261007101402,20261007101402,20261007084003,20261007101402,JA
2026-10-07T01:22:43.942767+00:00,JD000001,16,3,20261007101855,20261007101855,20261007094618,20261007101751,JD
2026-10-07T01:22:43.942767+00:00,JD000002,03,2,20261007101500,20261007093800,20261007101500,,JD
2026-10-07T01:22:43.942767+00:00,JD000003,01,2,20261007101500,20261007101400,20261007101500,,JD
2026-10-07T01:22:43.942767+00:00,JD000003,08,3,20261007101700,20261007101700,20261007101400,20261007101700,JD
2026-10-07T01:22:43.942767+00:00,JD000003,11,3,20261007102200,20261007102200,20261006211800,20261007102200,JD
2026-10-07T01:22:43.942767+00:00,JD000003,12,3,20261007101418,20261007101418,20261007072524,20261007101222,JD
2026-10-07T01:22:43.942767+00:00,JD000007,01,2,20261007101550,20261007093326,20261007101327,,JD
2026-10-07T01:22:43.942767+00:00,JD000009,01,3,20261007102200,20261007102200,20261007085200,20261007102200,JD
2026-10-07T01:22:43.942767+00:00,JD000011,01,9,20261007101810,20261003032700,20261003140400,,JD
2026-10-07T01:22:43.942767+00:00,JD000033,02,2,20261007101458,20261007094028,20261007094930,,JD
2026-10-07T01:22:43.942767+00:00,JD000054,01,3,20261007102200,20261007102200,20260820143748,20261007102200,JD
2026-10-07T01:22:43.942767+00:00,JD000057,03,2,20261007101400,20261006214700,20261007101400,,JD
2026-10-07T01:22:43.942767+00:00,JD000121,03,2,20261007101856,20261007091708,20261007095709,,JD
2026-10-07T01:22:43.942767+00:00,JD100002,01,3,20261007102053,20261007102053,20261007094139,20261007101949,JD
2026-10-07T01:22:43.942767+00:00,JD100011,06,2,20261007101418,20261007095709,20261007101238,,JD
2026-10-07T01:22:43.942767+00:00,JD110005,01,3,20261007101650,20261007101650,20261006204532,20261007101525,JD
2026-10-07T01:22:43.942767+00:00,JD110009,01,2,20261007101954,20261007093735,20261007101738,,JD
2026-10-07T01:22:43.942767+00:00,JD110070,01,2,20261007101419,20261007093455,20261007100802,,JD
2026-10-07T01:22:43.942767+00:00,JD110085,02,3,20261007101650,20261007101650,20261007015542,20261007101547,JD
2026-10-07T01:22:43.942767+00:00,JD110086,01,3,20261007101750,20261007101750,20260929124516,20261007101734,JD
2026-10-07T01:22:43.942767+00:00,JD110125,01,3,20261007101750,20261007101750,20261007092109,20261007101600,JD
2026-10-07T01:22:43.942767+00:00,JD110126,01,2,20261007101459,20261007094738,20261007101350,,JD
2026-10-07T01:22:43.942767+00:00,JD110146,01,3,20261007101856,20261007101856,20261007081416,20261007101753,JD
2026-10-07T01:22:43.942767+00:00,JE010007,04,3,20261007101632,20261007080729,20261007094246,20261007101601,JE
2026-10-07T01:22:43.942767+00:00,JE010021,06,3,20261007102032,20261006231924,20261007071937,20261007101916,JE
2026-10-07T01:22:43.942767+00:00,JE010177,04,3,20261007101829,20261006194810,20261007031118,20261007101720,JE
2026-10-07T01:22:43.942767+00:00,JE010237,02,3,20261007102032,20261006124228,20261006135747,20261007101832,JE
2026-10-07T01:22:43.942767+00:00,JE010274,02,2,20261007101829,20261007083548,20261007101339,,JE
2026-10-07T01:22:43.942767+00:00,JE010334,02,2,20261007101829,20261007095232,20261007101700,,JE
2026-10-07T01:22:43.942767+00:00,JE010375,01,3,20261007101632,20261007091923,20261007100940,20261007101455,JE
2026-10-07T01:22:43.942767+00:00,JE045005,43,2,20261007101633,20261007063648,20261007101503,,JE
2026-10-07T01:22:43.942767+00:00,JE900003,01,2,20261007102034,20261007100613,20261007102026,,JE
2026-10-07T01:22:43.942767+00:00,JE900157,03,2,20261007101431,20261006195102,20261007100005,,JE
2026-10-07T01:22:43.942767+00:00,JE900205,02,2,20261007102034,20261007093207,20261007101913,,JE
2026-10-07T01:22:43.942767+00:00,JE910047,02,2,20261007101634,20261007094630,20261007101526,,JE
2026-10-07T01:22:43.942767+00:00,JE910053,01,2,20261007101431,20261007083152,20261007094506,,JE
2026-10-07T01:22:43.942767+00:00,JE910112,03,3,20261007102035,20261007080507,20261007091008,20261007102009,JE
2026-10-07T01:22:43.942767+00:00,KP000259,01,1,20261007102007,20261006094143,20261006101127,,KP
2026-10-07T01:22:43.942767+00:00,KP000417,01,2,20261007102025,20261007081645,20261007100732,,KP
2026-10-07T01:22:43.942767+00:00,KP000417,02,3,20261007102027,20261005063929,20261005064712,20261007101118,KP
2026-10-07T01:22:43.942767+00:00,KP001155,03,2,20261007102025,20261007032558,20261007061001,,KP
2026-10-07T01:22:43.942767+00:00,KP001159,01,3,20261007102027,20261006214809,20261006234408,20261007101721,KP
2026-10-07T01:22:43.942767+00:00,KP001166,01,3,20261007102014,20261003181034,20261004015501,20261007102014,KP
2026-10-07T01:22:43.942767+00:00,KP001202,02,2,20261007102007,20261007054910,20261007100001,,KP
2026-10-07T01:22:43.942767+00:00,KP001208,01,3,20261007102027,20261007071816,20261007073427,20261007101020,KP
2026-10-07T01:22:43.942767+00:00,KP001782,01,2,20261007102027,20261006213623,20261006232416,,KP
2026-10-07T01:22:43.942767+00:00,KP002750,01,3,20261007102005,20261006165809,20261006230059,20261007100659,KP
2026-10-07T01:22:43.942767+00:00,LI000102,01,2,20261007101725,20261007101725,20261007101725,,LI
2026-10-07T01:22:43.942767+00:00,NS850084,01,3,20261007101713,20261007101713,20261006041032,20261007091032,NS
2026-10-07T01:22:43.942767+00:00,NT100725,01,2,20261007101450,20261007095550,20261007101450,,NT
2026-10-07T01:22:43.942767+00:00,NT100725,10,2,20261007102150,20261007084450,20261007102150,,NT
2026-10-07T01:22:43.942767+00:00,PC001855,03,3,20261007101802,20261007101817,20261007093056,20261007101802,PC
2026-10-07T01:22:43.942767+00:00,PI201306,03,2,20261007101333,20261007084711,20261007101200,,PI
2026-10-07T01:22:43.942767+00:00,PI306058,01,3,20261007102119,20261007101944,20261005192908,20261007102119,PI
2026-10-07T01:22:43.942767+00:00,PI306058,12,2,20261007101321,20261007084035,20261007101310,,PI
2026-10-07T01:22:43.942767+00:00,PK000305,01,2,20261007102154,20261007094721,20261007101947,,PK
2026-10-07T01:22:43.942767+00:00,PK000305,02,2,20261007102154,20261007094758,20261007101948,,PK
2026-10-07T01:22:43.942767+00:00,PK000364,01,2,20261007102048,20261007100010,20260217061023,,PK
2026-10-07T01:22:43.942767+00:00,PL031497,00,3,20261007101923,20261007101923,20261007073155,20261007101923,PL
2026-10-07T01:22:43.942767+00:00,PL031743,02,2,20261007101701,20261007073448,20261007101701,,PL
2026-10-07T01:22:43.942767+00:00,PW013006,04,3,20261007102024,20261007102024,20261002102607,20261007101639,PW
2026-10-07T01:22:43.942767+00:00,PW013006,08,3,20261007101624,20261007101624,20261002110711,20261007101253,PW
2026-10-07T01:22:43.942767+00:00,SOA33001,01,1,20261007101614,20261007094614,20261007094814,,SO
2026-10-07T01:22:43.942767+00:00,ST501102,21,3,20261007101616,20261006113854,20261006192714,20261007101616,ST
2026-10-07T01:22:43.942767+00:00,ST501114,02,2,20261007102133,20260928204456,20261001222953,,ST
2026-10-07T01:22:43.942767+00:00,ST501133,01,3,20261007101338,20261006234619,20261007005016,20261007101338,ST
2026-10-07T01:22:43.942767+00:00,TDO00090,01,1,20261007101503,20261006212849,20261007024214,,TD
2026-10-07T01:22:43.942767+00:00,ME174046,01,2,20261007101641,20261006153737,20261006155127,,ME
2026-10-07T01:22:43.942767+00:00,ME174050,01,2,20261007101741,20261001170730,20261001170951,,ME
2026-10-07T01:22:43.942767+00:00,ME174050,02,3,20261007101939,20261006124450,20261006132550,20261007100432,ME
2026-10-07T01:22:43.942767+00:00,ME174050,03,2,20261007102016,20261006110720,20261006113026,,ME
2026-10-07T01:22:43.942767+00:00,ME174050,04,2,20261007101757,20261006150433,20261006154323,,ME
2026-10-07T01:22:43.942767+00:00,ME174050,05,2,20261007101756,20261005144243,20261005151909,,ME
2026-10-07T01:22:43.942767+00:00,ME174061,01,2,20261007102045,20261006160425,20261006162156,,ME
2026-10-07T01:22:43.942767+00:00,ME174062,01,2,20261007101803,20261005130453,20261005134029,,ME
2026-10-07T01:22:43.942767+00:00,ME183101,01,2,20261007101906,20261006164049,20261006164233,,ME
2026-10-07T01:22:43.942767+00:00,ME183101,02,2,20261007101728,20261005115439,20261005121956,,ME
2026-10-07T01:22:43.942767+00:00,ME183101,03,2,20261007102100,20261006124629,20261006131009,,ME
2026-10-07T01:22:43.942767+00:00,ME183101,04,2,20261007101733,20261007082811,20261007083717,,ME
2026-10-07T01:22:43.942767+00:00,ME183101,52,2,20261007101724,20261004145214,20261004150345,,ME
2026-10-07T01:22:43.942767+00:00,ME183101,54,2,20261007101738,20261004141031,20261004141201,,ME
2026-10-07T01:22:43.942767+00:00,ME183102,02,2,20261007101700,20261006050530,20261006054836,,ME
2026-10-07T01:22:43.942767+00:00,ME183102,52,2,20261007101714,20261006112945,20261006121250,,ME
2026-10-07T01:22:43.942767+00:00,ME184122,01,2,20261007101948,20261006210950,20261006214400,,ME
2026-10-07T01:22:43.942767+00:00,ME184124,01,2,20261007101804,20261006184026,20261006190416,,ME
2026-10-07T01:22:43.942767+00:00,ME184125,01,2,20261007101641,20261006144530,20261006150314,,ME
2026-10-07T01:22:43.942767+00:00,ME184126,02,3,20261007101913,20261006182133,20261006190217,20261007100908,ME
2026-10-07T01:22:43.942767+00:00,ME18A173,01,2,20261007102026,20261007062150,20261007062910,,ME
2026-10-07T01:22:43.942767+00:00,ME18A174,01,2,20261007101932,20261006194114,20261006202419,,ME
2026-10-07T01:22:43.942767+00:00,ME18A175,01,2,20261007102018,20261007082050,20261007085819,,ME
2026-10-07T01:22:43.942767+00:00,ME18A180,01,2,20261007102102,20261006130329,20261006133155,,ME
2026-10-07T01:22:43.942767+00:00,ME18A268,11,2,20261007101757,20261006223256,20261006223914,,ME
2026-10-07T01:22:43.942767+00:00,ME18A268,12,2,20261007101753,20261007092817,20261007101100,,ME
2026-10-07T01:22:43.942767+00:00,ME18A269,11,2,20261007101926,20261006112854,20261006115659,,ME
2026-10-07T01:22:43.942767+00:00,ME18A269,12,2,20261007101920,20261006103338,20261006111641,,ME
2026-10-07T01:22:43.942767+00:00,ME18A270,11,2,20261007101923,20261007090021,20261007092403,,ME
2026-10-07T01:22:43.942767+00:00,ME18A270,12,2,20261007101919,20261007074940,20261007081301,,ME
2026-10-07T01:22:43.942767+00:00,ME18A271,01,2,20261007101850,20261003154138,20261003161603,,ME
2026-10-07T01:22:43.942767+00:00,ME18A271,02,2,20261007102032,20261007061035,20261007065038,,ME
2026-10-07T01:22:43.942767+00:00,ME18A272,11,2,20261007102106,20261006173035,20261006180734,,ME
2026-10-07T01:22:43.942767+00:00,ME18A272,12,2,20261007102102,20261006142857,20261006151201,,ME
2026-10-07T01:22:43.942767+00:00,ME18A273,11,2,20261007101740,20261006145306,20261006152548,,ME
2026-10-07T01:22:43.942767+00:00,ME18A273,12,2,20261007101746,20261007060052,20261007061543,,ME
2026-10-07T01:22:43.942767+00:00,ME18A274,11,2,20261007101936,20261006103459,20261006105851,,ME
2026-10-07T01:22:43.942767+00:00,ME18A274,12,2,20261007101932,20261006163246,20261006171550,,ME
2026-10-07T01:22:43.942767+00:00,ME18A275,11,2,20261007102023,20261006161758,20261006164611,,ME
2026-10-07T01:22:43.942767+00:00,ME18A275,12,2,20261007102020,20261006182842,20261006183412,,ME
2026-10-07T01:22:43.942767+00:00,ME18A281,11,2,20261007101750,20260930150635,20260930151317,,ME
2026-10-07T01:22:43.942767+00:00,ME18A281,12,2,20261007101755,20261006100139,20261006103844,,ME
2026-10-07T01:22:43.942767+00:00,ME18A306,01,2,20261007101813,20261006192822,20261006193837,,ME
2026-10-07T01:22:43.942767+00:00,ME18A306,11,2,20261007101800,20261002121626,20261002130155,,ME
2026-10-07T01:22:43.942767+00:00,ME18A306,12,2,20261007101805,20261006203629,20261006210538,,ME
2026-10-07T01:22:43.942767+00:00,ME18A404,03,2,20261007101640,20261006125146,20261006131714,,ME
2026-10-07T01:22:43.942767+00:00,ME18A404,04,2,20261007101507,20261006103336,20261006105130,,ME
2026-10-07T01:22:43.942767+00:00,ME19B169,01,2,20261007102006,20261004194711,20261004200504,,ME
2026-10-07T01:22:43.942767+00:00,ME19B170,01,2,20261007101958,20261007065629,20261007073555,,ME
2026-10-07T01:22:43.942767+00:00,ME19B171,01,2,20261007101912,20261006162909,20261006170909,,ME
2026-10-07T01:22:43.942767+00:00,ME19B172,01,2,20261007101925,20261006214119,20261006220213,,ME
2026-10-07T01:22:43.942767+00:00,ME19B173,01,2,20261007101703,20261007073652,20261007080238,,ME
2026-10-07T01:22:43.942767+00:00,ME19B404,23,3,20261007101900,20261007094445,20261007100513,20261007101034,ME
2026-10-07T01:22:43.942767+00:00,ME20B1e1,01,2,20261007101612,20261006142807,20261006144240,,ME
2026-10-07T01:22:43.942767+00:00,ME20B1e2,01,2,20261007101900,20261006165432,20261006173427,,ME
2026-10-07T01:22:43.942767+00:00,ME20B1e3,01,2,20261007101620,20261006103429,20261006105255,,ME
2026-10-07T01:22:43.942767+00:00,ME20B2a0,91,2,20261007102026,20261007080724,20261007083744,,ME
2026-10-07T01:22:43.942767+00:00,ME20B2a0,92,2,20261007102023,20261005122044,20261005123945,,ME
2026-10-07T01:22:43.942767+00:00,ME20B2a1,21,2,20261007102011,20260930153947,20260930161947,,ME
2026-10-07T01:22:43.942767+00:00,ME20B2a1,22,2,20261007102011,20260923104352,20260923104521,,ME
2026-10-07T01:22:43.942767+00:00,ME20B2a2,21,2,20261007101726,20261004120141,20261004120858,,ME
2026-10-07T01:22:43.942767+00:00,ME20B2a2,22,2,20261007101726,20261002070459,20261002072043,,ME
2026-10-07T01:22:43.942767+00:00,ME20B416,21,2,20261007101917,20261004103641,20261004105011,,ME
2026-10-07T01:22:43.942767+00:00,ME20B416,22,2,20261007101917,20261006182144,20261006183046,,ME
2026-10-07T01:22:43.942767+00:00,ME20B416,23,2,20261007101920,20261006091317,20261006093008,,ME
2026-10-07T01:22:43.942767+00:00,ME20B416,24,2,20261007101920,20261007073720,20261007080431,,ME
2026-10-07T01:22:43.942767+00:00,ME20B417,41,2,20261007101757,20261001133924,20261001141346,,ME
2026-10-07T01:22:43.942767+00:00,ME20B417,42,2,20261007101823,20261006183554,20261006191133,,ME
2026-10-07T01:22:43.942767+00:00,ME20B417,43,2,20261007101828,20261007091948,20261007095948,,ME
2026-10-07T01:22:43.942767+00:00,ME20B417,44,2,20261007101824,20261006214850,20261006221727,,ME
2026-10-07T01:22:43.942767+00:00,ME21B250,02,3,20261007102040,20261006231553,20261006233816,20261007095813,ME
2026-10-07T01:22:43.942767+00:00,ME21B410,02,3,20261007102059,20261007080932,20261007083142,20261007095432,ME
2026-10-07T01:22:43.942767+00:00,ME21D058,01,2,20261007102102,20261007091429,20261007092450,,ME
2026-10-07T01:22:43.942767+00:00,ME21D060,01,3,20261007102030,20261007090424,20261007093053,20261007095605,ME
2026-10-07T01:22:43.942767+00:00,ME21D066,01,2,20261007101541,20261007101336,20261007101538,,ME
2026-10-07T01:22:43.942767+00:00,ME21D072,01,3,20261007101955,20261007083042,20261007085323,20261007095736,ME
2026-10-07T01:22:43.942767+00:00,ME21D074,01,3,20261007101927,20261007082649,20261007085133,20261007095504,ME
2026-10-07T01:22:43.942767+00:00,ME21X008,01,2,20261007101721,20261006183615,20261006191936,,ME
2026-10-07T01:22:43.942767+00:00,ME22A611,32,2,20261007101401,20261007091948,20261007094411,,ME
2026-10-07T01:22:43.942767+00:00,ME22C285,01,3,20261007102034,20261006230519,20261006232201,20261007095005,ME
2026-10-07T01:22:43.942767+00:00,ME22D1H1,01,2,20261007101903,20261007095443,20261007100913,,ME
2026-10-07T01:22:43.942767+00:00,ME25C181,01,2,20261007101808,20261007085943,20261007093930,,ME
2026-10-07T01:22:43.942767+00:00,ME25C182,01,4,20261007101751,20261006191807,20261006194754,,ME
2026-10-07T01:22:43.942767+00:00,ME25C281,21,2,20261007102028,20261006183921,20261006185215,,ME
2026-10-07T01:22:43.942767+00:00,ME25C281,22,2,20261007102030,20261007093701,20261007101703,,ME
2026-10-07T01:22:43.942767+00:00,ME25C318,01,2,20261007101656,20261007082744,20261007083540,,ME
2026-10-07T01:22:43.942767+00:00,ME25C318,21,4,20261007102013,20261004134710,20261004140626,,ME
2026-10-07T01:22:43.942767+00:00,ME25C318,22,2,20261007102015,20261006094806,20261006100942,,ME
2026-10-07T01:22:43.942767+00:00,ME25C431,01,2,20261007101643,20260914133046,20260914133228,,ME
2026-10-07T01:22:43.942767+00:00,ME25C431,02,2,20261007101819,20261006181910,20261006183615,,ME
2026-10-07T01:22:43.942767+00:00,ME25C431,03,3,20261007101914,20261006180113,20261006182349,20261007100412,ME
2026-10-07T01:22:43.942767+00:00,ME25C431,04,2,20261007101759,20261005202832,20261005205200,,ME
2026-10-07T01:22:43.942767+00:00,CV000843,01,2,20261007102019,20261007093957,20261007101541,,CV
2026-10-07T01:22:43.942767+00:00,HE000031,04,3,20261007101800,20261007101800,20261006171600,20261007101800,HE
2026-10-07T01:22:43.942767+00:00,HE000032,04,2,20261007101501,20260627131100,20260627143100,,HE
2026-10-07T01:22:43.942767+00:00,HE000035,01,2,20261007101400,20261007095200,20261007101400,,HE
2026-10-07T01:22:43.942767+00:00,HE000038,01,3,20261007101800,20261007101800,20261006134100,20261007101800,HE
2026-10-07T01:22:43.942767+00:00,HE000466,01,2,20261007101501,20211112153817,20211112153837,,HE
2026-10-07T01:22:43.942767+00:00,HE000466,02,2,20261007101501,20250618223416,20250619121150,,HE
2026-10-07T01:22:43.942767+00:00,HE000474,01,2,20261007101501,20260218203725,20260218231229,,HE
2026-10-07T01:22:43.942767+00:00,HE000492,01,2,20261007101501,20250916152532,20250917101520,,HE
2026-10-07T01:22:43.942767+00:00,HE000507,01,2,20261007101501,20250702090120,20250702090200,,HE
2026-10-07T01:22:43.942767+00:00,HE000560,01,2,20261007101501,20250805155004,20250805155004,,HE
2026-10-07T01:22:43.942767+00:00,HE000574,01,2,20261007101501,20241019195732,20241019205854,,HE
2026-10-07T01:22:43.942767+00:00,HE000871,01,2,20261007101501,20250704192642,20250704192813,,HE
2026-10-07T01:22:43.942767+00:00,HE240264,02,2,20261007101501,20261006152100,20261006160000,,HE
2026-10-07T01:22:43.942767+00:00,HE240435,01,2,20261007101501,20261007101501,20261007101501,,HE
2026-10-07T01:22:43.942767+00:00,HE240435,02,2,20261007101501,20261007101501,20261007101501,,HE
2026-10-07T01:22:43.942767+00:00,HE240435,03,2,20261007101501,20261007101501,20261007101501,,HE
2026-10-07T01:22:43.942767+00:00,HE240435,04,2,20261007101501,20261007101501,20261007101501,,HE
2026-10-07T01:22:43.942767+00:00,HE240435,06,2,20261007101501,20261007101501,20261007101501,,HE
2026-10-07T01:22:43.942767+00:00,JD000004,01,2,20261007101418,20261007100933,20261007093605,,JD
2026-10-07T01:22:43.942767+00:00,JD000004,02,2,20261007101458,20261007101159,20261007091048,,JD
2026-10-07T01:22:43.942767+00:00,JD100016,01,2,20261007101749,20261007093403,20261007100200,,JD
2026-10-07T01:22:43.942767+00:00,JD160026,01,2,20261007102054,20261007095055,20261007101515,,JD
2026-10-07T01:22:43.942767+00:00,JD160029,02,3,20261007102151,20261007102151,20261006132906,20261007102105,JD
2026-10-07T01:22:43.942767+00:00,JD160031,01,2,20261007101420,20261007095216,20261007101100,,JD
2026-10-07T01:22:43.942767+00:00,JD160044,01,3,20261007102054,20261007102054,20261007081212,20261007102002,JD
2026-10-07T01:22:43.942767+00:00,JD160053,02,3,20261007102054,20261007102054,20261006161045,20261007104210,JD
2026-10-07T01:22:43.942767+00:00,JD160086,01,3,20261007101420,20261007101420,20261006232410,20261007101243,JD
2026-10-07T01:22:43.942767+00:00,JE020032,02,2,20261007101632,20261006174146,20261006181518,,JE
2026-10-07T01:22:43.942767+00:00,JE020083,04,3,20261007101829,20261007082955,20261007085402,20261007101746,JE
2026-10-07T01:22:43.942767+00:00,JE020137,12,3,20261007102033,20261007100847,20261007101134,20261007101956,JE
2026-10-07T01:22:43.942767+00:00,JE020159,01,3,20261007102033,20261007082442,20261007085018,20261007101904,JE
2026-10-07T01:22:43.942767+00:00,JE040065,06,2,20261007101829,20261007072001,20261007101257,,JE
2026-10-07T01:22:43.942767+00:00,JE040122,01,2,20261007101829,20261007094933,20261007101807,,JE
2026-10-07T01:22:43.942767+00:00,JE043001,33,3,20261007102033,20261004081820,20261004124431,20261007102025,JE
2026-10-07T01:22:43.942767+00:00,JE900169,01,2,20261007101830,20261007084105,20261007101612,,JE
2026-10-07T01:22:43.942767+00:00,JE900180,02,2,20261007101633,20261006180628,20261006230430,,JE
2026-10-07T01:22:43.942767+00:00,JE900189,02,2,20261007102034,20261007085914,20261007101846,,JE
2026-10-07T01:22:43.942767+00:00,JE900199,04,2,20261007101431,20261007094104,20261007101326,,JE
2026-10-07T01:22:43.942767+00:00,JE900199,05,2,20261007101633,20261007072847,20261007081710,,JE
2026-10-07T01:22:43.942767+00:00,JE900204,01,3,20261007101831,20261007045134,20261007051052,20261007101758,JE
2026-10-07T01:22:43.942767+00:00,JE900216,01,2,20261007101831,20261007095051,20261007101723,,JE
2026-10-07T01:22:43.942767+00:00,KE001383,02,3,20261007101659,20261007101644,20261002151932,20261007101644,KE
2026-10-07T01:22:43.942767+00:00,KP001785,01,3,20261007102004,20261006202532,20261006215326,20261007101459,KP
2026-10-07T01:22:43.942767+00:00,KP003864,02,3,20261007102028,20261007092133,20261007092222,20261007101826,KP
2026-10-07T01:22:43.942767+00:00,NT102693,05,2,20261007101650,20261007015650,20261007101650,,NT
2026-10-07T01:22:43.942767+00:00,PC000935,07,3,20261007101319,20261007091016,20261007093924,20261007101319,PC
2026-10-07T01:22:43.942767+00:00,PI640351,02,2,20261007102137,20261007070845,20260926122642,,PI
2026-10-07T01:22:43.942767+00:00,PI640359,03,2,20261007101351,20261006180419,20261007004020,,PI
2026-10-07T01:22:43.942767+00:00,PI640365,01,3,20261007101639,20261007101458,20261006120520,20261007101639,PI
2026-10-07T01:22:43.942767+00:00,PI640400,05,3,20261007102159,20261007101729,20261006211329,20261007102159,PI
2026-10-07T01:22:43.942767+00:00,PW015119,06,3,20261007101757,20261007101757,20261007100200,20261007101436,PW
2026-10-07T01:22:43.942767+00:00,PW015207,01,2,20261007101413,20261006231123,20261007070133,,PW
2026-10-07T01:22:43.942767+00:00,PW100796,02,2,20261007102107,20261006211239,20261007011258,,PW
2026-10-07T01:22:43.942767+00:00,ST501301,27,3,20261007102021,20261004202643,20261006183730,20261007102021,ST
2026-10-07T01:22:43.942767+00:00,ST501323,01,3,20261007101541,20261006152949,20261007090914,20261007101541,ST
2026-10-07T01:22:43.942767+00:00,ST501326,02,2,20261007102000,20260930104848,20261003100212,,ST
2026-10-07T02:02:40.529311+00:00,ME174067,01,2,20261007105805,20261006103354,20261006110330,,ME
2026-10-07T02:02:40.529311+00:00,ME181538,01,2,20261007105700,20261006212218,20261006212944,,ME
2026-10-07T02:02:40.529311+00:00,ME181539,01,2,20261007105836,20261006203339,20261006211418,,ME
2026-10-07T02:02:40.529311+00:00,ME181541,01,2,20261007105930,20261005181705,20261005185708,,ME
2026-10-07T02:02:40.529311+00:00,ME184129,01,2,20261007105829,20261003153003,20261003161322,,ME
2026-10-07T02:02:40.529311+00:00,ME184130,01,2,20261007105828,20261007063634,20261007064838,,ME
2026-10-07T02:02:40.529311+00:00,ME184131,01,2,20261007105929,20261007081245,20261007085051,,ME
2026-10-07T02:02:40.529311+00:00,ME18A176,01,2,20261007105700,20261006224926,20261006230021,,ME
2026-10-07T02:02:40.529311+00:00,ME18A177,01,2,20261007105733,20261006123523,20261006130052,,ME
2026-10-07T02:02:40.529311+00:00,ME18A178,01,2,20261007105712,20261005164341,20261005170217,,ME
2026-10-07T02:02:40.529311+00:00,ME18A179,01,2,20261007105650,20261006090217,20261006091807,,ME
2026-10-07T02:02:40.529311+00:00,ME18A276,11,2,20261007110032,20261007100636,20261007102606,,ME
2026-10-07T02:02:40.529311+00:00,ME18A276,12,2,20261007110019,20260925101706,20260925104659,,ME
2026-10-07T02:02:40.529311+00:00,ME18A277,11,2,20261007105935,20261007091125,20261007095318,,ME
2026-10-07T02:02:40.529311+00:00,ME18A277,12,2,20261007105938,20261006191856,20261006195632,,ME
2026-10-07T02:02:40.529311+00:00,ME18A278,01,2,20261007105614,20261007080600,20261007081805,,ME
2026-10-07T02:02:40.529311+00:00,ME18A278,02,2,20261007110058,20261007091906,20261007092031,,ME
2026-10-07T02:02:40.529311+00:00,ME18A279,11,2,20261007110013,20261005154501,20261005162806,,ME
2026-10-07T02:02:40.529311+00:00,ME18A279,12,2,20261007110007,20261007095202,20261007102446,,ME
2026-10-07T02:02:40.529311+00:00,ME18A282,11,2,20261007105715,20261007072925,20261007080119,,ME
2026-10-07T02:02:40.529311+00:00,ME18A282,12,2,20261007105729,20261006173419,20261006174154,,ME
2026-10-07T02:02:40.529311+00:00,ME18A283,11,2,20261007105850,20261007092824,20261007095721,,ME
2026-10-07T02:02:40.529311+00:00,ME18A283,12,2,20261007105841,20261004080825,20261004084258,,ME
2026-10-07T02:02:40.529311+00:00,ME18A307,01,2,20261007105626,20261006131935,20261006134620,,ME
2026-10-07T02:02:40.529311+00:00,ME18A308,01,2,20261007105851,20261007094951,20261007095932,,ME
2026-10-07T02:02:40.529311+00:00,ME18A308,11,2,20261007105809,20261005140606,20261005143350,,ME
2026-10-07T02:02:40.529311+00:00,ME18A308,12,2,20261007105813,20261006121919,20261006122945,,ME
2026-10-07T02:02:40.529311+00:00,ME18A309,01,2,20261007105623,20261007081837,20261007090142,,ME
2026-10-07T02:02:40.529311+00:00,ME18A309,11,2,20261007105811,20261006200044,20261006204242,,ME
2026-10-07T02:02:40.529311+00:00,ME18A309,12,2,20261007105818,20261007095212,20261007103612,,ME
2026-10-07T02:02:40.529311+00:00,ME19B174,11,2,20261007105819,20261007100918,20261007102900,,ME
2026-10-07T02:02:40.529311+00:00,ME19B174,12,2,20261007105820,20261007075917,20261007082329,,ME
2026-10-07T02:02:40.529311+00:00,ME19B246,21,3,20261007110029,20261007100401,20261007104410,20261007104451,ME
2026-10-07T02:02:40.529311+00:00,ME19B405,43,3,20261007110103,20261007093111,20261007101221,20261007104237,ME
2026-10-07T02:02:40.529311+00:00,ME19D126,01,2,20261007110048,20261007092948,20261007100338,,ME
2026-10-07T02:02:40.529311+00:00,ME19D127,01,2,20261007105851,20261006075300,20261006083300,,ME
2026-10-07T02:02:40.529311+00:00,ME19D128,01,2,20261007105629,20260927183731,20260927185259,,ME
2026-10-07T02:02:40.529311+00:00,ME19Y240,21,2,20261007105653,20261007101036,20261007103508,,ME
2026-10-07T02:02:40.529311+00:00,ME19Y240,22,3,20261007105624,20261007071139,20261007073441,20261007104124,ME
2026-10-07T02:02:40.529311+00:00,ME19Y269,01,2,20261007105653,20261006214518,20261006222518,,ME
2026-10-07T02:02:40.529311+00:00,ME19Y269,02,2,20261007105703,20261007083309,20261007090402,,ME
2026-10-07T02:02:40.529311+00:00,ME19Y270,01,2,20261007105914,20261007080122,20261007084122,,ME
2026-10-07T02:02:40.529311+00:00,ME19Y270,02,2,20261007105637,20261007064731,20261007071715,,ME
2026-10-07T02:02:40.529311+00:00,ME19Y271,01,2,20261007105715,20261007091115,20261007092241,,ME
2026-10-07T02:02:40.529311+00:00,ME19Y271,02,2,20261007110016,20261007071303,20261007075303,,ME
2026-10-07T02:02:40.529311+00:00,ME20B1e4,01,2,20261007110055,20261007071305,20261007072409,,ME
2026-10-07T02:02:40.529311+00:00,ME20B1e5,01,3,20261007105955,20261006174200,20261006181256,20261007105454,ME
2026-10-07T02:02:40.529311+00:00,ME20B1e6,91,2,20261007105956,20261007105624,20261007105949,,ME
2026-10-07T02:02:40.529311+00:00,ME20B2a3,21,3,20261007105716,20261006125950,20261006130120,20261007102710,ME
2026-10-07T02:02:40.529311+00:00,ME20B2a3,22,2,20261007110030,20261007102154,20261007110024,,ME
2026-10-07T02:02:40.529311+00:00,ME20B2a4,21,3,20261007110000,20261006213440,20261006220720,20261007104456,ME
2026-10-07T02:02:40.529311+00:00,ME20B2a4,22,2,20261007110048,20261007090718,20261007094718,,ME
2026-10-07T02:02:40.529311+00:00,ME20B2a5,21,2,20261007105927,20261007092832,20261007094508,,ME
2026-10-07T02:02:40.529311+00:00,ME20B2a5,22,2,20261007105927,20261007101836,20261007102805,,ME
2026-10-07T02:02:40.529311+00:00,ME20B2a6,21,2,20261007105910,20261002085825,20261002092516,,ME
2026-10-07T02:02:40.529311+00:00,ME20B2a6,22,2,20261007105910,20261006212930,20261006220930,,ME
2026-10-07T02:02:40.529311+00:00,ME20B2a7,21,2,20261007110012,20261006211831,20261006215831,,ME
2026-10-07T02:02:40.529311+00:00,ME20B2a7,22,2,20261007110012,20261007101030,20261007101851,,ME
2026-10-07T02:02:40.529311+00:00,ME20B2a8,21,2,20261007105805,20261006200926,20261006204926,,ME
2026-10-07T02:02:40.529311+00:00,ME20B2a8,22,2,20261007105805,20261007072421,20261007074703,,ME
2026-10-07T02:02:40.529311+00:00,ME20B2a9,21,2,20261007105803,20261006180949,20261006184331,,ME
2026-10-07T02:02:40.529311+00:00,ME20B2a9,22,2,20261007105803,20261007085702,20261007091626,,ME
2026-10-07T02:02:40.529311+00:00,ME20B2b0,21,5,20261007105813,20261005143505,20261005150342,,ME
2026-10-07T02:02:40.529311+00:00,ME20B2b0,22,2,20261007105813,20261005175606,20261005182530,,ME
2026-10-07T02:02:40.529311+00:00,ME20B2b1,21,2,20261007110035,20261006150609,20261006154609,,ME
2026-10-07T02:02:40.529311+00:00,ME20B2b1,22,2,20261007110035,20261006123249,20261006130718,,ME
2026-10-07T02:02:40.529311+00:00,ME20B2b2,21,2,20261007110041,20260916145246,20260916145416,,ME
2026-10-07T02:02:40.529311+00:00,ME20B2b2,22,2,20261007110041,20260925110458,20260925114155,,ME
2026-10-07T02:02:40.529311+00:00,ME20B2b3,21,2,20261007105618,20261006153025,20261006161025,,ME
2026-10-07T02:02:40.529311+00:00,ME20B2b3,22,2,20261007105618,20261007065135,20261007073135,,ME
2026-10-07T02:02:40.529311+00:00,ME20B2b4,01,2,20261007105816,20261002092503,20261002100503,,ME
2026-10-07T02:02:40.529311+00:00,ME20B2b4,02,2,20261007105946,20261001134855,20261001142855,,ME
2026-10-07T02:02:40.529311+00:00,ME20B418,41,2,20261007105928,20261006174819,20261006180320,,ME
2026-10-07T02:02:40.529311+00:00,ME20B418,42,2,20261007105953,20261007093946,20261007094923,,ME
2026-10-07T02:02:40.529311+00:00,ME20B418,43,2,20261007110008,20261006140840,20261006144840,,ME
2026-10-07T02:02:40.529311+00:00,ME20B418,44,3,20261007105705,20261006191741,20261006194638,20261007105208,ME
2026-10-07T02:02:40.529311+00:00,ME21B409,01,3,20261007105943,20261007095820,20261007101123,20261007104121,ME
2026-10-07T02:02:40.529311+00:00,ME21D081,01,3,20261007105914,20261007102453,20261007104235,20261007104906,ME
2026-10-07T02:02:40.529311+00:00,ME21D085,01,3,20261007105946,20261007102247,20261007104258,20261007104740,ME
2026-10-07T02:02:40.529311+00:00,ME21D086,01,3,20261007105940,20261006174616,20261006180621,20261007104531,ME
2026-10-07T02:02:40.529311+00:00,ME21D092,01,3,20261007110015,20261007101701,20261007103321,20261007103746,ME
2026-10-07T02:02:40.529311+00:00,ME21D097,01,2,20261007105541,20261007104055,20261007105541,,ME
2026-10-07T02:02:40.529311+00:00,ME21D102,01,2,20261007105907,20261007084046,20261007091455,,ME
2026-10-07T02:02:40.529311+00:00,ME21D106,01,2,20261007105549,20261007101550,20261007105554,,ME
2026-10-07T02:02:40.529311+00:00,ME21D108,01,3,20261007105916,20261006121342,20261006124501,20261007103853,ME
2026-10-07T02:02:40.529311+00:00,ME21X010,01,2,20261007105642,20261007083908,20261007084254,,ME
2026-10-07T02:02:40.529311+00:00,ME21X014,01,2,20261007105747,20261006154959,20261006155114,,ME
2026-10-07T02:02:40.529311+00:00,ME21X015,01,2,20261007105617,20261007070244,20261007074545,,ME
2026-10-07T02:02:40.529311+00:00,ME22C1F9,01,2,20261007105632,20261007100057,20261007100218,,ME
2026-10-07T02:02:40.529311+00:00,ME22C1G3,01,3,20261007110036,20261007095125,20261007101523,20261007105631,ME
2026-10-07T02:02:40.529311+00:00,ME22C305,02,2,20261007105529,20261007102748,20261007102927,,ME
2026-10-07T02:02:40.529311+00:00,ME22C305,03,3,20261007105956,20261007102513,20261007102648,20261007103337,ME
2026-10-07T02:02:40.529311+00:00,ME22D155,01,2,20261007105927,20261007094022,20261007095832,,ME
2026-10-07T02:02:40.529311+00:00,ME22D156,01,2,20261007105735,20261006212118,20261006220118,,ME
2026-10-07T02:02:40.529311+00:00,ME22D161,01,3,20261007105724,20261007102008,20261007103324,20261007104656,ME
2026-10-07T02:02:40.529311+00:00,ME22D162,01,3,20261007105815,20261007091054,20261007094024,20261007103756,ME
2026-10-07T02:02:40.529311+00:00,ME22D176,01,2,20261007110049,20261005160320,20261005164320,,ME
2026-10-07T02:02:40.529311+00:00,ME22D1H0,01,2,20261007105853,20261007085303,20261007093254,,ME
2026-10-07T02:02:40.529311+00:00,ME22D219,01,2,20261007105933,20261006200952,20261006204952,,ME
2026-10-07T02:02:40.529311+00:00,ME22D219,02,2,20261007105628,20261007092002,20261007100002,,ME
2026-10-07T02:02:40.529311+00:00,ME22D235,01,2,20261007105420,20261007081852,20261007081943,,ME
2026-10-07T02:02:40.529311+00:00,ME22D235,02,3,20261007110057,20261007082431,20261007082937,20261007105041,ME
2026-10-07T02:02:40.529311+00:00,ME22D401,01,3,20261007105918,20261007103814,20261007105045,20261007105349,ME
2026-10-07T02:02:40.529311+00:00,ME22D401,02,2,20261007105926,20261007101056,20261007103454,,ME
2026-10-07T02:02:40.529311+00:00,ME22D401,03,3,20261007110030,20261007095531,20261007102731,20261007104527,ME
2026-10-07T02:02:40.529311+00:00,ME22D401,04,2,20261007105944,20261007103033,20261007104141,,ME
2026-10-07T02:02:40.529311+00:00,ME25C183,01,2,20261007110014,20261006152302,20261006152434,,ME
2026-10-07T02:02:40.529311+00:00,ME25C184,01,2,20261007105904,20261007094932,20261007100706,,ME
2026-10-07T02:02:40.529311+00:00,ME25C282,21,2,20261007110056,20261007085217,20261007093219,,ME
2026-10-07T02:02:40.529311+00:00,ME25C282,22,2,20261007110059,20261006140629,20261006144539,,ME
2026-10-07T02:02:40.529311+00:00,ME25C283,01,2,20261007110015,20261006170012,20261006173622,,ME
2026-10-07T02:02:40.529311+00:00,ME25C283,02,2,20261007105908,20261007080130,20261007083431,,ME
2026-10-07T02:02:40.529311+00:00,ME25C284,01,2,20261007105630,20260930133648,20260930141649,,ME
2026-10-07T02:02:40.529311+00:00,ME25C284,02,2,20261007105726,20261006170353,20261006173237,,ME
2026-10-07T02:02:40.529311+00:00,BE241063,06,3,20261007105329,20261007105329,20261007103929,20261007105329,BE
2026-10-07T02:02:40.529311+00:00,BE250111,02,3,20261007105736,20261007105736,20261007105538,20261007105736,BE
2026-10-07T02:02:40.529311+00:00,CI0O002F,01,2,20261007105824,20261007075554,20261007105824,,CI
2026-10-07T02:02:40.529311+00:00,CV000273,01,2,20261007105516,20261007104100,20261007105341,,CV
2026-10-07T02:02:40.529311+00:00,CV001190,01,1,20261007110022,20261006101309,20261006103449,,CV
2026-10-07T02:02:40.529311+00:00,CV001190,02,1,20261007110022,20261001151943,20261001154735,,CV
2026-10-07T02:02:40.529311+00:00,CV001630,06,3,20261007110028,20261007105827,20261007105827,20261007105827,CV
2026-10-07T02:02:40.529311+00:00,CV002205,01,2,20261007110034,20261007104051,20261007105903,,CV
2026-10-07T02:02:40.529311+00:00,GR000027,01,3,20261007105430,20261007094049,20261007095303,20261007105430,GR
2026-10-07T02:02:40.529311+00:00,GR000044,01,2,20261007105859,20261006165031,20261006182627,,GR
2026-10-07T02:02:40.529311+00:00,GS000116,02,3,20261007105500,20261007105500,20261007101851,20261007105500,GS
2026-10-07T02:02:40.529311+00:00,HE000016,01,3,20261007105600,20261007105600,20261007091500,20261007105600,HE
2026-10-07T02:02:40.529311+00:00,HE240065,05,2,20261007105500,20261007095700,20261007105500,,HE
2026-10-07T02:02:40.529311+00:00,HE240157,02,2,20261007105900,20261007101600,20261007105900,,HE
2026-10-07T02:02:40.529311+00:00,HJ000004,22,2,20261007110200,20261007104207,20261007110142,,HJ
2026-10-07T02:02:40.529311+00:00,HM003000,03,1,20261007105623,20261005025739,20261005040818,,HM
2026-10-07T02:02:40.529311+00:00,HM003000,04,1,20261007105623,20261006190935,20261006193946,,HM
2026-10-07T02:02:40.529311+00:00,HM003000,17,1,20261007105623,20261005085103,20261005141222,,HM
2026-10-07T02:02:40.529311+00:00,HM003000,21,1,20261007105623,20260911114423,20260911175650,,HM
2026-10-07T02:02:40.529311+00:00,HM003000,22,1,20261007105623,20260809130143,20260809160655,,HM
2026-10-07T02:02:40.529311+00:00,HM003000,25,1,20261007105623,20261005084635,20261005135128,,HM
2026-10-07T02:02:40.529311+00:00,HM003000,29,1,20261007105623,20260924160659,20260924190359,,HM
2026-10-07T02:02:40.529311+00:00,HM003000,30,1,20261007105623,20260930102048,20260930180941,,HM
2026-10-07T02:02:40.529311+00:00,HM003000,31,1,20261007105623,20261003084248,20261003101506,,HM
2026-10-07T02:02:40.529311+00:00,HM003000,33,1,20261007105623,20261002105617,20261002161007,,HM
2026-10-07T02:02:40.529311+00:00,HM003000,38,1,20261007105623,20261005140210,20261005150710,,HM
2026-10-07T02:02:40.529311+00:00,HM003000,46,1,20261007105623,20260920122414,20260920154847,,HM
2026-10-07T02:02:40.529311+00:00,HM003000,53,1,20261007105623,20260429173421,20260429190954,,HM
2026-10-07T02:02:40.529311+00:00,HM003000,55,1,20261007105623,20260731084639,20260731111405,,HM
2026-10-07T02:02:40.529311+00:00,HM003000,57,1,20261007105623,20260821144050,20260821180031,,HM
2026-10-07T02:02:40.529311+00:00,HM003000,58,1,20261007105623,20261003093336,20261003131920,,HM
2026-10-07T02:02:40.529311+00:00,HM003000,60,1,20261007105623,20260606141942,20260606155205,,HM
2026-10-07T02:02:40.529311+00:00,HM003000,71,1,20261007105623,20261003153742,20261003170530,,HM
2026-10-07T02:02:40.529311+00:00,HM003000,74,1,20261007105623,20261007100939,20261007101207,,HM
2026-10-07T02:02:40.529311+00:00,HM003000,79,1,20261007105623,20261003130541,20261003165639,,HM
2026-10-07T02:02:40.529311+00:00,HM910001,02,1,20261007105633,20261007085235,20261007095958,,HM
2026-10-07T02:02:40.529311+00:00,HY000646,07,2,20261007110002,20261007082029,20261007105943,,HY
2026-10-07T02:02:40.529311+00:00,HY001322,01,3,20261007110108,20261007110008,20261001150208,20261007110008,HY
2026-10-07T02:02:40.529311+00:00,HY001322,02,3,20261007110204,20261007110111,20261007084353,20261007110111,HY
2026-10-07T02:02:40.529311+00:00,JA500004,02,2,20261007110004,20261007094203,20261007110004,,JA
2026-10-07T02:02:40.529311+00:00,JD000012,01,2,20261007105732,20261007104326,20261007105609,,JD
2026-10-07T02:02:40.529311+00:00,JD000013,05,3,20261007105400,20261007105400,20261006180300,20261007105400,JD
2026-10-07T02:02:40.529311+00:00,JD000047,02,2,20261007110039,20261007100925,20261007104926,,JD
2026-10-07T02:02:40.529311+00:00,JD000054,01,3,20261007110200,20261007110200,20260820143748,20261007110200,JD
2026-10-07T02:02:40.529311+00:00,JD000070,03,2,20261007105949,20261007102330,20261007105832,,JD
2026-10-07T02:02:40.529311+00:00,JD100002,01,2,20261007105732,20261007101949,20261007102531,,JD
2026-10-07T02:02:40.529311+00:00,JD100010,02,2,20261007105637,20261007102726,20261007105246,,JD
2026-10-07T02:02:40.529311+00:00,JD110067,01,3,20261007105733,20261007105733,20261007064355,20261007105634,JD
2026-10-07T02:02:40.529311+00:00,JD110080,01,3,20261007105539,20261007105539,20261007083124,20261007105604,JD
2026-10-07T02:02:40.529311+00:00,JD110081,01,2,20261007105834,20261007102409,20261007105458,,JD
2026-10-07T02:02:40.529311+00:00,JD110085,02,2,20261007105638,20261007101547,20261007105547,,JD
2026-10-07T02:02:40.529311+00:00,JD110125,01,2,20261007105733,20261007101600,20261007105600,,JD
2026-10-07T02:02:40.529311+00:00,JE010204,01,2,20261007105634,20261007054930,20261007105509,,JE
2026-10-07T02:02:40.529311+00:00,JE010237,02,2,20261007105426,20261007101832,20261007105351,,JE
2026-10-07T02:02:40.529311+00:00,JE010281,01,2,20261007105832,20261007103726,20261007104522,,JE
2026-10-07T02:02:40.529311+00:00,JE010281,03,2,20261007105634,20261007095217,20261007101857,,JE
2026-10-07T02:02:40.529311+00:00,JE010281,04,2,20261007105634,20261007095252,20261007101857,,JE
2026-10-07T02:02:40.529311+00:00,JE010289,03,2,20261007105426,20261007103910,20261007105211,,JE
2026-10-07T02:02:40.529311+00:00,JE010331,02,3,20261007105426,20261007011953,20261007073929,20261007105405,JE
2026-10-07T02:02:40.529311+00:00,JE010371,02,3,20261007105634,20261006191425,20261006205439,20261007105630,JE
2026-10-07T02:02:40.529311+00:00,JE020157,02,3,20261007105634,20261006151028,20261006160354,20261007105508,JE
2026-10-07T02:02:40.529311+00:00,JE040066,06,3,20261007105833,20261005174114,20261005205046,20261007105731,JE
2026-10-07T02:02:40.529311+00:00,JE040069,01,2,20261007105426,20261007082636,20261007103539,,JE
2026-10-07T02:02:40.529311+00:00,JE045005,47,1,20261007105634,20261006172834,20261006182241,,JE
2026-10-07T02:02:40.529311+00:00,JE045007,11,1,20261007105634,20261006125522,20261006162311,,JE
2026-10-07T02:02:40.529311+00:00,JE900192,01,2,20261007105834,20261007104521,20261007105718,,JE
2026-10-07T02:02:40.529311+00:00,JE900236,03,3,20261007105428,20261006104449,20261006133325,20261007105411,JE
2026-10-07T02:02:40.529311+00:00,JE900252,02,2,20261007105834,20261007092748,20261007100744,,JE
2026-10-07T02:02:40.529311+00:00,JE900254,01,1,20261007105635,20261006220146,20261006225235,,JE
2026-10-07T02:02:40.529311+00:00,JE910031,02,2,20261007110034,20261007090859,20261007110011,,JE
2026-10-07T02:02:40.529311+00:00,JE910131,04,3,20261007110034,20261006151339,20261006221634,20261007105910,JE
2026-10-07T02:02:40.529311+00:00,JE910151,01,1,20261007110035,20260731103315,20260731103324,,JE
2026-10-07T02:02:40.529311+00:00,JE910151,02,1,20261007105636,20261004125425,20261004131630,,JE
2026-10-07T02:02:40.529311+00:00,KP000259,01,2,20261007110007,20261006094143,20261006101127,,KP
2026-10-07T02:02:40.529311+00:00,KP000417,01,3,20261007110031,20261007081645,20261007100732,20261007105909,KP
2026-10-07T02:02:40.529311+00:00,KP001160,02,3,20261007110006,20261006212733,20261007080057,20261007104639,KP
2026-10-07T02:02:40.529311+00:00,KP002017,01,2,20261007110020,20261007095557,20261007102319,,KP
2026-10-07T02:02:40.529311+00:00,KP003362,02,3,20261007110030,20261007083303,20261007083351,20261007105712,KP
2026-10-07T02:02:40.529311+00:00,KP003368,01,2,20261007110021,20261007095303,20261007105020,,KP
2026-10-07T02:02:40.529311+00:00,KP003448,02,3,20261007110031,20261007103228,20261007103625,20261007105134,KP
2026-10-07T02:02:40.529311+00:00,KP004703,04,3,20261007110030,20261007080814,20261007082916,20261007105953,KP
2026-10-07T02:02:40.529311+00:00,LI000102,01,2,20261007105727,20261007105727,20261007105727,,LI
2026-10-07T02:02:40.529311+00:00,MO501104,02,9,20261007110004,20261007110000,20261007110004,,MO
2026-10-07T02:02:40.529311+00:00,MO501106,01,9,20261007110004,20260902190154,20260902190209,,MO
2026-10-07T02:02:40.529311+00:00,MO501129,01,2,20261007110004,20241216213918,20241216213918,,MO
2026-10-07T02:02:40.529311+00:00,MO501129,02,2,20261007110004,20241217202230,20241217202230,,MO
2026-10-07T02:02:40.529311+00:00,MO501143,01,2,20261007110004,20250706175600,20250706175615,,MO
2026-10-07T02:02:40.529311+00:00,MO501143,02,9,20261007110004,20241016172006,20241016172006,,MO
2026-10-07T02:02:40.529311+00:00,MO501150,01,2,20261007110004,20260930190539,20260930190540,,MO
2026-10-07T02:02:40.529311+00:00,NT101675,02,2,20261007110150,20261007083450,20261007110150,,NT
2026-10-07T02:02:40.529311+00:00,PC001639,07,3,20261007105938,20261007110013,20261007105921,20261007105938,PC
2026-10-07T02:02:40.529311+00:00,PC001639,08,3,20261007110100,20261006171701,20261006174617,20261007110100,PC
2026-10-07T02:02:40.529311+00:00,PI640366,02,2,20261007105634,20261007082128,20261007103632,,PI
2026-10-07T02:02:40.529311+00:00,PI645030,13,2,20261007105744,20261006201537,20261007035148,,PI
2026-10-07T02:02:40.529311+00:00,PIH01510,19,2,20261007105738,20261007080216,20261007105635,,PI
2026-10-07T02:02:40.529311+00:00,PK000349,04,3,20261007110037,20261007110037,20261007094046,20261007110037,PK
2026-10-07T02:02:40.529311+00:00,PK000426,05,2,20261007110042,20261007105037,20261007110042,,PK
2026-10-07T02:02:40.529311+00:00,PK000426,06,2,20261007110042,20261007105037,20261007110042,,PK
2026-10-07T02:02:40.529311+00:00,PW010931,02,3,20261007105911,20261007105911,20261004122211,20261007105621,PW
2026-10-07T02:02:40.529311+00:00,PW011941,02,3,20261007105513,20261007105513,20261006174129,20261007105024,PW
2026-10-07T02:02:40.529311+00:00,PW014615,01,3,20261007110133,20261007110133,20261004162341,20261007105744,PW
2026-10-07T02:02:40.529311+00:00,PW800015,06,2,20261007110209,20261006185707,20261006224808,,PW
2026-10-07T02:02:40.529311+00:00,PW801378,01,2,20261007110138,20261006222821,20261007025927,,PW
2026-10-07T02:02:40.529311+00:00,PWE02195,02,2,20261007105820,20261006192922,20261007105820,,PW
2026-10-07T02:02:40.529311+00:00,PWE06067,03,3,20261007110109,20261007110109,20261007104309,20261007110109,PW
2026-10-07T02:02:40.529311+00:00,RE000241,08,2,20261007105803,20261006112356,20261006160542,,RE
2026-10-07T02:02:40.529311+00:00,RE000354,03,1,20261007110004,20261006185505,20261006212513,,RE
2026-10-07T02:02:40.529311+00:00,SOA33001,01,1,20261007105815,20261007094614,20261007094814,,SO
2026-10-07T02:02:40.529311+00:00,ST500003,01,3,20261007105532,20261007105532,20261007100932,20261007080959,ST
2026-10-07T02:02:40.529311+00:00,ST501102,23,2,20261007105615,20261006155716,20261007105319,,ST
2026-10-07T02:02:40.529311+00:00,ST501133,01,2,20261007105935,20261006234619,20261007005016,,ST
2026-10-07T02:02:40.529311+00:00,ST501157,23,3,20261007105417,20260930183404,20261005000140,20261007105417,ST
2026-10-07T02:02:40.529311+00:00,ST600713,04,3,20261007105612,20261007011435,20261007014705,20261007105612,ST
2026-10-07T02:02:40.529311+00:00,TDO00080,02,3,20261007110008,20261007105715,20261006195912,20261007105715,TD
2026-10-07T02:02:40.529311+00:00,ME174046,01,2,20261007105649,20261006153737,20261006155127,,ME
2026-10-07T02:02:40.529311+00:00,ME174050,01,2,20261007105749,20261001170730,20261001170951,,ME
2026-10-07T02:02:40.529311+00:00,ME174050,02,2,20261007105829,20261007100432,20261007104754,,ME
2026-10-07T02:02:40.529311+00:00,ME174050,03,2,20261007110026,20261006110720,20261006113026,,ME
2026-10-07T02:02:40.529311+00:00,ME174050,04,2,20261007105805,20261006150433,20261006154323,,ME
2026-10-07T02:02:40.529311+00:00,ME174050,05,2,20261007105804,20261005144243,20261005151909,,ME
2026-10-07T02:02:40.529311+00:00,ME174061,01,2,20261007110053,20261006160425,20261006162156,,ME
2026-10-07T02:02:40.529311+00:00,ME174062,01,2,20261007105813,20261005130453,20261005134029,,ME
2026-10-07T02:02:40.529311+00:00,ME183101,01,2,20261007110106,20261006164049,20261006164233,,ME
2026-10-07T02:02:40.529311+00:00,ME183101,02,2,20261007105736,20261005115439,20261005121956,,ME
2026-10-07T02:02:40.529311+00:00,ME183101,03,2,20261007110106,20261006124629,20261006131009,,ME
2026-10-07T02:02:40.529311+00:00,ME183101,04,2,20261007105741,20261007082811,20261007083717,,ME
2026-10-07T02:02:40.529311+00:00,ME183101,52,2,20261007105733,20261004145214,20261004150345,,ME
2026-10-07T02:02:40.529311+00:00,ME183101,54,2,20261007105745,20261004141031,20261004141201,,ME
2026-10-07T02:02:40.529311+00:00,ME183102,02,2,20261007105707,20261006050530,20261006054836,,ME
2026-10-07T02:02:40.529311+00:00,ME183102,52,2,20261007105721,20261006112945,20261006121250,,ME
2026-10-07T02:02:40.529311+00:00,ME184122,01,2,20261007105956,20261006210950,20261006214400,,ME
2026-10-07T02:02:40.529311+00:00,ME184124,01,2,20261007105812,20261006184026,20261006190416,,ME
2026-10-07T02:02:40.529311+00:00,ME184125,01,2,20261007105648,20261006144530,20261006150314,,ME
2026-10-07T02:02:40.529311+00:00,ME184126,02,2,20261007105634,20261007100908,20261007102613,,ME
2026-10-07T02:02:40.529311+00:00,ME18A173,01,2,20261007110034,20261007062150,20261007062910,,ME
2026-10-07T02:02:40.529311+00:00,ME18A174,01,2,20261007105941,20261006194114,20261006202419,,ME
2026-10-07T02:02:40.529311+00:00,ME18A175,01,2,20261007110026,20261007082050,20261007085819,,ME
2026-10-07T02:02:40.529311+00:00,ME18A180,01,2,20261007105609,20261006130329,20261006133155,,ME
2026-10-07T02:02:40.529311+00:00,ME18A268,11,2,20261007105805,20261006223256,20261006223914,,ME
2026-10-07T02:02:40.529311+00:00,ME18A268,12,2,20261007105802,20261007092817,20261007101100,,ME
2026-10-07T02:02:40.529311+00:00,ME18A269,11,2,20261007105935,20261006112854,20261006115659,,ME
2026-10-07T02:02:40.529311+00:00,ME18A269,12,2,20261007105927,20261006103338,20261006111641,,ME
2026-10-07T02:02:40.529311+00:00,ME18A270,11,2,20261007105932,20261007090021,20261007092403,,ME
2026-10-07T02:02:40.529311+00:00,ME18A270,12,2,20261007105927,20261007074940,20261007081301,,ME
2026-10-07T02:02:40.529311+00:00,ME18A271,01,2,20261007105900,20261003154138,20261003161603,,ME
2026-10-07T02:02:40.529311+00:00,ME18A271,02,2,20261007110040,20261007061035,20261007065038,,ME
2026-10-07T02:02:40.529311+00:00,ME18A272,11,2,20261007105613,20261006173035,20261006180734,,ME
2026-10-07T02:02:40.529311+00:00,ME18A272,12,2,20261007105610,20261006142857,20261006151201,,ME
2026-10-07T02:02:40.529311+00:00,ME18A273,11,2,20261007105749,20261006145306,20261006152548,,ME
2026-10-07T02:02:40.529311+00:00,ME18A273,12,2,20261007105754,20261007103638,20261007105142,,ME
2026-10-07T02:02:40.529311+00:00,ME18A274,11,2,20261007105944,20261006103459,20261006105851,,ME
2026-10-07T02:02:40.529311+00:00,ME18A274,12,2,20261007105939,20261006163246,20261006171550,,ME
2026-10-07T02:02:40.529311+00:00,ME18A275,11,2,20261007110032,20261006161758,20261006164611,,ME
2026-10-07T02:02:40.529311+00:00,ME18A275,12,2,20261007110027,20261006182842,20261006183412,,ME
2026-10-07T02:02:40.529311+00:00,ME18A281,11,2,20261007105758,20260930150635,20260930151317,,ME
2026-10-07T02:02:40.529311+00:00,ME18A281,12,2,20261007105803,20261007103605,20261007105453,,ME
2026-10-07T02:02:40.529311+00:00,ME18A306,01,2,20261007105821,20261006192822,20261006193837,,ME
2026-10-07T02:02:40.529311+00:00,ME18A306,11,2,20261007105810,20261002121626,20261002130155,,ME
2026-10-07T02:02:40.529311+00:00,ME18A306,12,2,20261007105813,20261006203629,20261006210538,,ME
2026-10-07T02:02:40.529311+00:00,ME19B169,01,2,20261007110006,20261004194711,20261004200504,,ME
2026-10-07T02:02:40.529311+00:00,ME19B170,01,2,20261007105959,20261007065629,20261007073555,,ME
2026-10-07T02:02:40.529311+00:00,ME19B171,01,2,20261007105912,20261007103320,20261007105325,,ME
2026-10-07T02:02:40.529311+00:00,ME19B172,01,2,20261007105925,20261006214119,20261006220213,,ME
2026-10-07T02:02:40.529311+00:00,ME19B173,01,2,20261007105703,20261007102221,20261007103711,,ME
2026-10-07T02:02:40.529311+00:00,ME19B404,24,3,20261007110057,20261006100628,20261006104637,20261007104657,ME
2026-10-07T02:02:40.529311+00:00,ME20B1e1,01,2,20261007105612,20261006142807,20261006144240,,ME
2026-10-07T02:02:40.529311+00:00,ME20B1e2,01,2,20261007105900,20261006165432,20261006173427,,ME
2026-10-07T02:02:40.529311+00:00,ME20B1e3,01,2,20261007105620,20261006103429,20261006105255,,ME
2026-10-07T02:02:40.529311+00:00,ME20B2a0,91,3,20261007105705,20261007080724,20261007083744,20261007103656,ME
2026-10-07T02:02:40.529311+00:00,ME20B2a0,92,2,20261007110023,20261005122044,20261005123945,,ME
2026-10-07T02:02:40.529311+00:00,ME20B2a1,21,2,20261007110011,20260930153947,20260930161947,,ME
2026-10-07T02:02:40.529311+00:00,ME20B2a1,22,2,20261007110011,20260923104352,20260923104521,,ME
2026-10-07T02:02:40.529311+00:00,ME20B2a2,21,2,20261007105726,20261004120141,20261004120858,,ME
2026-10-07T02:02:40.529311+00:00,ME20B2a2,22,2,20261007105726,20261002070459,20261002072043,,ME
2026-10-07T02:02:40.529311+00:00,ME20B416,21,2,20261007105917,20261004103641,20261004105011,,ME
2026-10-07T02:02:40.529311+00:00,ME20B416,22,2,20261007105917,20261006182144,20261006183046,,ME
2026-10-07T02:02:40.529311+00:00,ME20B416,23,3,20261007105758,20261006091317,20261006093008,20261007105759,ME
2026-10-07T02:02:40.529311+00:00,ME20B416,24,2,20261007105920,20261007073720,20261007080431,,ME
2026-10-07T02:02:40.529311+00:00,ME20B417,41,2,20261007105757,20261001133924,20261001141346,,ME
2026-10-07T02:02:40.529311+00:00,ME20B417,42,2,20261007105823,20261006183554,20261006191133,,ME
2026-10-07T02:02:40.529311+00:00,ME20B417,43,2,20261007105828,20261007091948,20261007095948,,ME
2026-10-07T02:02:40.529311+00:00,ME20B417,44,2,20261007105824,20261006214850,20261006221727,,ME
2026-10-07T02:02:40.529311+00:00,ME21B1C9,01,3,20261007110042,20261006132230,20261006140535,20261007104427,ME
2026-10-07T02:02:40.529311+00:00,ME21B410,04,9,20261007105310,20261006170126,20261006174130,,ME
2026-10-07T02:02:40.529311+00:00,ME21D063,01,2,20261007105424,20261007104107,20261007105429,,ME
2026-10-07T02:02:40.529311+00:00,ME21D064,01,3,20261007110104,20261007060534,20261007064840,20261007104449,ME
2026-10-07T02:02:40.529311+00:00,ME21D065,01,3,20261007105951,20261007094435,20261007100944,20261007105551,ME
2026-10-07T02:02:40.529311+00:00,ME21D066,01,2,20261007105558,20261007101336,20261007101538,,ME
2026-10-07T02:02:40.529311+00:00,ME21D078,01,3,20261007110104,20261007061938,20261007065149,20261007110104,ME
2026-10-07T02:02:40.529311+00:00,ME21X008,01,2,20261007105730,20261006183615,20261006191936,,ME
2026-10-07T02:02:40.529311+00:00,ME22A611,32,3,20261007105940,20261007091948,20261007094411,20261007103114,ME
2026-10-07T02:02:40.529311+00:00,ME22C285,01,3,20261007105914,20261007095005,20261007102808,20261007104501,ME
2026-10-07T02:02:40.529311+00:00,ME22D1H1,01,2,20261007105903,20261007095443,20261007100913,,ME
2026-10-07T02:02:40.529311+00:00,ME25C181,01,3,20261007105812,20261007085943,20261007093930,20261007103712,ME
2026-10-07T02:02:40.529311+00:00,ME25C182,01,4,20261007105754,20261006191807,20261006194754,,ME
2026-10-07T02:02:40.529311+00:00,ME25C281,21,2,20261007110028,20261006183921,20261006185215,,ME
2026-10-07T02:02:40.529311+00:00,ME25C281,22,2,20261007110030,20261007093701,20261007101703,,ME
2026-10-07T02:02:40.529311+00:00,ME25C318,01,2,20261007105701,20261007082744,20261007083540,,ME
2026-10-07T02:02:40.529311+00:00,ME25C318,21,4,20261007110011,20261004134710,20261004140626,,ME
2026-10-07T02:02:40.529311+00:00,ME25C318,22,2,20261007110013,20261006094806,20261006100942,,ME
2026-10-07T02:02:40.529311+00:00,ME25C431,01,2,20261007105648,20260914133046,20260914133228,,ME
2026-10-07T02:02:40.529311+00:00,ME25C431,02,2,20261007105824,20261006181910,20261006183615,,ME
2026-10-07T02:02:40.529311+00:00,ME25C431,03,2,20261007105717,20261007100412,20261007102308,,ME
2026-10-07T02:02:40.529311+00:00,ME25C431,04,2,20261007105803,20261005202832,20261005205200,,ME
2026-10-07T02:02:40.529311+00:00,HE000035,01,3,20261007105700,20261007105700,20261007101400,20261007105700,HE
2026-10-07T02:02:40.529311+00:00,HE000976,01,3,20261007105600,20261007105600,20261007100700,20261007105600,HE
2026-10-07T02:02:40.529311+00:00,HE240435,21,3,20261007105400,20261007105400,20261007101138,20261007105400,HE
2026-10-07T02:02:40.529311+00:00,HM000107,01,3,20261007110004,20261006194423,20261006205028,20261006194423,HM
2026-10-07T02:02:40.529311+00:00,HM000107,06,2,20261007110004,20260920163652,20260920175435,,HM
2026-10-07T02:02:40.529311+00:00,HM000107,11,1,20261007110201,20261006144150,20261006165355,,HM
2026-10-07T02:02:40.529311+00:00,HM000107,15,1,20261007105601,20261003163544,20261003163622,,HM
2026-10-07T02:02:40.529311+00:00,HM000107,17,1,20261007110201,20260910122426,20260910122522,,HM
2026-10-07T02:02:40.529311+00:00,HM000107,18,1,20261007110201,20261006083233,20261006145848,,HM
2026-10-07T02:02:40.529311+00:00,HM900001,01,1,20261007105633,20261007000133,20261007025048,,HM
2026-10-07T02:02:40.529311+00:00,HM900001,07,1,20261007105633,20261006135119,20261006195446,,HM
2026-10-07T02:02:40.529311+00:00,HM900001,08,1,20261007105633,20261006174627,20261006214524,,HM
2026-10-07T02:02:40.529311+00:00,HM900001,14,1,20261007105633,20261006201401,20261007015753,,HM
2026-10-07T02:02:40.529311+00:00,JD000078,01,2,20261007105833,20261007105601,20261007105649,,JD
2026-10-07T02:02:40.529311+00:00,JD000094,01,2,20261007110200,20261007084900,20261007110200,,JD
2026-10-07T02:02:40.529311+00:00,JD000094,02,3,20261007110200,20261007110200,20261006184000,20261007110200,JD
2026-10-07T02:02:40.529311+00:00,JD000097,01,2,20261007110000,20261007091200,20261007110000,,JD
2026-10-07T02:02:40.529311+00:00,JD100032,02,2,20261007105950,20261006161739,20261006164957,,JD
2026-10-07T02:02:40.529311+00:00,JD100036,01,2,20261007105637,20261007101547,20261007105548,,JD
2026-10-07T02:02:40.529311+00:00,JD160026,01,2,20261007110040,20261007103236,20261007105655,,JD
2026-10-07T02:02:40.529311+00:00,JD160034,02,3,20261007105342,20261007105342,20261006144725,20261007105259,JD
2026-10-07T02:02:40.529311+00:00,JD160053,08,2,20261007110040,20261007103500,20261007105039,,JD
2026-10-07T02:02:40.529311+00:00,JD160076,01,2,20261007110154,20261007103249,20261007110029,,JD
2026-10-07T02:02:40.529311+00:00,JD160086,01,2,20261007105733,20261007101243,20261007105243,,JD
2026-10-07T02:02:40.529311+00:00,JD160090,02,2,20261007105638,20261007102525,20261007105520,,JD
2026-10-07T02:02:40.529311+00:00,JD160094,05,2,20261007110200,20261006183400,20261007110200,,JD
2026-10-07T02:02:40.529311+00:00,JE020026,04,2,20261007105832,20261007082713,20261007105827,,JE
2026-10-07T02:02:40.529311+00:00,JE020108,06,2,20261007105833,20261007104321,20261007105708,,JE
2026-10-07T02:02:40.529311+00:00,JE020137,06,3,20261007105426,20261007091258,20261007100626,20261007105227,JE
2026-10-07T02:02:40.529311+00:00,JE020159,01,2,20261007105634,20261007101904,20261007105552,,JE
2026-10-07T02:02:40.529311+00:00,JE020161,03,3,20261007105634,20261006174510,20261006204022,20261007105433,JE
2026-10-07T02:02:40.529311+00:00,JE020162,01,3,20261007105634,20261007090129,20261007104643,20261007105627,JE
2026-10-07T02:02:40.529311+00:00,JE040068,02,2,20261007110033,20261007105059,20261007105931,,JE
2026-10-07T02:02:40.529311+00:00,JE040123,22,3,20261007110033,20261006192628,20261006235142,20261007105850,JE
2026-10-07T02:02:40.529311+00:00,JE043002,35,5,20261007105427,20261006164510,20261006203412,,JE
2026-10-07T02:02:40.529311+00:00,JE043002,39,3,20261007105427,20261006195822,20261007002947,20261007105253,JE
2026-10-07T02:02:40.529311+00:00,JE043005,12,2,20261007105427,20261006201521,20261007021940,,JE
2026-10-07T02:02:40.529311+00:00,JE900033,01,2,20261007110034,20261007093535,20261007110004,,JE
2026-10-07T02:02:40.529311+00:00,JE900199,05,3,20261007105635,20261007090229,20261007101545,20261007105618,JE
2026-10-07T02:02:40.529311+00:00,JE900204,01,3,20261007110034,20261007101758,20261007105617,20261007110019,JE
2026-10-07T02:02:40.529311+00:00,JE900215,01,3,20261007110034,20261007094321,20261007105352,20261007094321,JE
2026-10-07T02:02:40.529311+00:00,JE910048,01,2,20261007105428,20261007101042,20261007105353,,JE
2026-10-07T02:02:40.529311+00:00,JE910128,03,2,20261007105834,20261006190520,20261007002517,,JE
2026-10-07T02:02:40.529311+00:00,KP003380,01,2,20261007110029,20261006150300,20261006163222,,KP
2026-10-07T02:02:40.529311+00:00,MO501311,01,2,20261007110004,20261007110000,20261007110004,,MO
2026-10-07T02:02:40.529311+00:00,MO501319,01,9,20261007110004,20260221113134,20260221113140,,MO
2026-10-07T02:02:40.529311+00:00,MO501319,02,2,20261007110004,20260114160320,20260114160326,,MO
2026-10-07T02:02:40.529311+00:00,MO501328,01,2,20261007110004,20251012210231,20251012210247,,MO
2026-10-07T02:02:40.529311+00:00,PC000935,01,3,20261007110018,20261007110043,20261006140310,20261007110018,PC
2026-10-07T02:02:40.529311+00:00,PC000935,03,3,20261007105828,20261007105850,20261007090410,20261007105828,PC
2026-10-07T02:02:40.529311+00:00,PI201397,02,2,20261007105614,20261007085201,20261007105540,,PI
2026-10-07T02:02:40.529311+00:00,PI306135,05,3,20261007105616,20261007105608,20261005105343,20261007105616,PI
2026-10-07T02:02:40.529311+00:00,PIH01084,04,2,20261007105737,20261007092824,20261007105603,,PI
2026-10-07T02:02:40.529311+00:00,PIH01497,02,3,20261007105738,20261007105707,20261007064101,20261007105738,PI
2026-10-07T02:02:40.529311+00:00,RE000243,30,2,20261007105404,20261006230424,20261007030111,,RE
2026-10-07T02:02:40.529311+00:00,TDO00015,02,2,20261007110002,20261004191638,20261005044702,,TD
2026-10-07T02:02:40.529311+00:00,UP829515,02,3,20261007110003,20261007110003,20261004134001,20261007110003,UP
2026-10-07T02:12:36.410431+00:00,ME174067,01,2,20261007110807,20261006103354,20261006110330,,ME
2026-10-07T02:12:36.410431+00:00,ME181538,01,2,20261007110701,20261006212218,20261006212944,,ME
2026-10-07T02:12:36.410431+00:00,ME181539,01,2,20261007110838,20261006203339,20261006211418,,ME
2026-10-07T02:12:36.410431+00:00,ME181541,01,2,20261007110931,20261005181705,20261005185708,,ME
2026-10-07T02:12:36.410431+00:00,ME184129,01,2,20261007110831,20261003153003,20261003161322,,ME
2026-10-07T02:12:36.410431+00:00,ME184130,01,2,20261007110830,20261007063634,20261007064838,,ME
2026-10-07T02:12:36.410431+00:00,ME184131,01,2,20261007110931,20261007081245,20261007085051,,ME
2026-10-07T02:12:36.410431+00:00,ME18A176,01,2,20261007110701,20261006224926,20261006230021,,ME
2026-10-07T02:12:36.410431+00:00,ME18A177,01,2,20261007110734,20261006123523,20261006130052,,ME
2026-10-07T02:12:36.410431+00:00,ME18A178,01,2,20261007110708,20261005164341,20261005170217,,ME
2026-10-07T02:12:36.410431+00:00,ME18A179,01,2,20261007110658,20261006090217,20261006091807,,ME
2026-10-07T02:12:36.410431+00:00,ME18A276,11,2,20261007111033,20261007100636,20261007102606,,ME
2026-10-07T02:12:36.410431+00:00,ME18A276,12,2,20261007111022,20260925101706,20260925104659,,ME
2026-10-07T02:12:36.410431+00:00,ME18A277,11,2,20261007110936,20261007091125,20261007095318,,ME
2026-10-07T02:12:36.410431+00:00,ME18A277,12,2,20261007110940,20261006191856,20261006195632,,ME
2026-10-07T02:12:36.410431+00:00,ME18A278,01,2,20261007110616,20261007080600,20261007081805,,ME
2026-10-07T02:12:36.410431+00:00,ME18A278,02,2,20261007111100,20261007091906,20261007092031,,ME
2026-10-07T02:12:36.410431+00:00,ME18A279,11,2,20261007111016,20261005154501,20261005162806,,ME
2026-10-07T02:12:36.410431+00:00,ME18A279,12,2,20261007111010,20261007095202,20261007102446,,ME
2026-10-07T02:12:36.410431+00:00,ME18A282,11,2,20261007110717,20261007072925,20261007080119,,ME
2026-10-07T02:12:36.410431+00:00,ME18A282,12,2,20261007110731,20261006173419,20261006174154,,ME
2026-10-07T02:12:36.410431+00:00,ME18A283,11,2,20261007110851,20261007092824,20261007095721,,ME
2026-10-07T02:12:36.410431+00:00,ME18A283,12,2,20261007110843,20261004080825,20261004084258,,ME
2026-10-07T02:12:36.410431+00:00,ME18A307,01,2,20261007110628,20261006131935,20261006134620,,ME
2026-10-07T02:12:36.410431+00:00,ME18A308,01,2,20261007110853,20261007094951,20261007095932,,ME
2026-10-07T02:12:36.410431+00:00,ME18A308,11,2,20261007110811,20261005140606,20261005143350,,ME
2026-10-07T02:12:36.410431+00:00,ME18A308,12,2,20261007110814,20261006121919,20261006122945,,ME
2026-10-07T02:12:36.410431+00:00,ME18A309,01,3,20261007111100,20261007081837,20261007090142,20261007110458,ME
2026-10-07T02:12:36.410431+00:00,ME18A309,11,2,20261007110813,20261006200044,20261006204242,,ME
2026-10-07T02:12:36.410431+00:00,ME18A309,12,2,20261007110819,20261007095212,20261007103612,,ME
2026-10-07T02:12:36.410431+00:00,ME19B174,11,2,20261007110821,20261007100918,20261007102900,,ME
2026-10-07T02:12:36.410431+00:00,ME19B174,12,2,20261007110823,20261007075917,20261007082329,,ME
2026-10-07T02:12:36.410431+00:00,ME19B243,21,9,20261007110310,20261007085920,20261007092818,,ME
2026-10-07T02:12:36.410431+00:00,ME19B243,22,9,20261007110310,20261006150314,20261006152235,,ME
2026-10-07T02:12:36.410431+00:00,ME19B245,21,9,20261007110310,20261007094217,20261007101617,,ME
2026-10-07T02:12:36.410431+00:00,ME19B245,22,2,20261007110242,20261007091820,20261007095829,,ME
2026-10-07T02:12:36.410431+00:00,ME19B246,21,2,20261007110331,20261007104451,20261007110326,,ME
2026-10-07T02:12:36.410431+00:00,ME19B246,22,3,20261007111053,20261007055340,20261007063451,20261007110452,ME
2026-10-07T02:12:36.410431+00:00,ME19B251,21,9,20261007110310,20261004154733,20261004160632,,ME
2026-10-07T02:12:36.410431+00:00,ME19B405,43,3,20261007110910,20261007093111,20261007101221,20261007104237,ME
2026-10-07T02:12:36.410431+00:00,ME19B406,21,9,20261007110310,20260927105805,20260927112251,,ME
2026-10-07T02:12:36.410431+00:00,ME19B406,22,9,20261007110310,20261005190336,20261005194343,,ME
2026-10-07T02:12:36.410431+00:00,ME19D126,01,2,20261007111048,20261007092948,20261007100338,,ME
2026-10-07T02:12:36.410431+00:00,ME19D127,01,2,20261007110852,20261006075300,20261006083300,,ME
2026-10-07T02:12:36.410431+00:00,ME19D128,01,2,20261007110629,20260927183731,20260927185259,,ME
2026-10-07T02:12:36.410431+00:00,ME19Y240,21,2,20261007110654,20261007101036,20261007103508,,ME
2026-10-07T02:12:36.410431+00:00,ME19Y240,22,3,20261007110626,20261007071139,20261007073441,20261007104124,ME
2026-10-07T02:12:36.410431+00:00,ME19Y269,01,2,20261007110653,20261006214518,20261006222518,,ME
2026-10-07T02:12:36.410431+00:00,ME19Y269,02,2,20261007110703,20261007083309,20261007090402,,ME
2026-10-07T02:12:36.410431+00:00,ME19Y270,01,2,20261007110914,20261007080122,20261007084122,,ME
2026-10-07T02:12:36.410431+00:00,ME19Y270,02,2,20261007110638,20261007064731,20261007071715,,ME
2026-10-07T02:12:36.410431+00:00,ME19Y271,01,2,20261007110715,20261007091115,20261007092241,,ME
2026-10-07T02:12:36.410431+00:00,ME19Y271,02,2,20261007111016,20261007071303,20261007075303,,ME
2026-10-07T02:12:36.410431+00:00,ME20B1e4,01,2,20261007111055,20261007071305,20261007072409,,ME
2026-10-07T02:12:36.410431+00:00,ME20B1e5,01,2,20261007111048,20261007105454,20261007111040,,ME
2026-10-07T02:12:36.410431+00:00,ME20B1e6,91,2,20261007110646,20261007105624,20261007105949,,ME
2026-10-07T02:12:36.410431+00:00,ME20B2a3,21,2,20261007110954,20261007102710,20261007110710,,ME
2026-10-07T02:12:36.410431+00:00,ME20B2a3,22,2,20261007110954,20261007102154,20261007110024,,ME
2026-10-07T02:12:36.410431+00:00,ME20B2a4,21,2,20261007111049,20261007104456,20261007110256,,ME
2026-10-07T02:12:36.410431+00:00,ME20B2a4,22,2,20261007111049,20261007090718,20261007094718,,ME
2026-10-07T02:12:36.410431+00:00,ME20B2a5,21,2,20261007110927,20261007092832,20261007094508,,ME
2026-10-07T02:12:36.410431+00:00,ME20B2a5,22,2,20261007110927,20261007101836,20261007102805,,ME
2026-10-07T02:12:36.410431+00:00,ME20B2a6,21,2,20261007110910,20261002085825,20261002092516,,ME
2026-10-07T02:12:36.410431+00:00,ME20B2a6,22,2,20261007110910,20261006212930,20261006220930,,ME
2026-10-07T02:12:36.410431+00:00,ME20B2a7,21,2,20261007111012,20261006211831,20261006215831,,ME
2026-10-07T02:12:36.410431+00:00,ME20B2a7,22,2,20261007111012,20261007101030,20261007101851,,ME
2026-10-07T02:12:36.410431+00:00,ME20B2a8,21,2,20261007110805,20261006200926,20261006204926,,ME
2026-10-07T02:12:36.410431+00:00,ME20B2a8,22,2,20261007110805,20261007072421,20261007074703,,ME
2026-10-07T02:12:36.410431+00:00,ME20B2a9,21,2,20261007110803,20261006180949,20261006184331,,ME
2026-10-07T02:12:36.410431+00:00,ME20B2a9,22,2,20261007110803,20261007085702,20261007091626,,ME
2026-10-07T02:12:36.410431+00:00,ME20B2b0,21,5,20261007110813,20261005143505,20261005150342,,ME
2026-10-07T02:12:36.410431+00:00,ME20B2b0,22,2,20261007110813,20261005175606,20261005182530,,ME
2026-10-07T02:12:36.410431+00:00,ME20B2b1,21,2,20261007111035,20261006150609,20261006154609,,ME
2026-10-07T02:12:36.410431+00:00,ME20B2b1,22,2,20261007111035,20261006123249,20261006130718,,ME
2026-10-07T02:12:36.410431+00:00,ME20B2b2,21,2,20261007111041,20260916145246,20260916145416,,ME
2026-10-07T02:12:36.410431+00:00,ME20B2b2,22,2,20261007111041,20260925110458,20260925114155,,ME
2026-10-07T02:12:36.410431+00:00,ME20B2b3,21,2,20261007110618,20261006153025,20261006161025,,ME
2026-10-07T02:12:36.410431+00:00,ME20B2b3,22,2,20261007110618,20261007065135,20261007073135,,ME
2026-10-07T02:12:36.410431+00:00,ME20B2b4,01,2,20261007110816,20261002092503,20261002100503,,ME
2026-10-07T02:12:36.410431+00:00,ME20B2b4,02,2,20261007110946,20261001134855,20261001142855,,ME
2026-10-07T02:12:36.410431+00:00,ME20B418,41,2,20261007110928,20261006174819,20261006180320,,ME
2026-10-07T02:12:36.410431+00:00,ME20B418,42,2,20261007110953,20261007093946,20261007094923,,ME
2026-10-07T02:12:36.410431+00:00,ME20B418,43,2,20261007111008,20261006140840,20261006144840,,ME
2026-10-07T02:12:36.410431+00:00,ME20B418,44,3,20261007110708,20261006191741,20261006194638,20261007105208,ME
2026-10-07T02:12:36.410431+00:00,ME21B256,01,3,20261007110949,20261006115503,20261006122725,20261007110745,ME
2026-10-07T02:12:36.410431+00:00,ME21B256,02,9,20261007110310,20261006154928,20261006161739,,ME
2026-10-07T02:12:36.410431+00:00,ME21B317,01,9,20261007110310,20261006164137,20261006172203,,ME
2026-10-07T02:12:36.410431+00:00,ME21B317,02,9,20261007110310,20261007094353,20261007102357,,ME
2026-10-07T02:12:36.410431+00:00,ME21B409,01,3,20261007110953,20261007095820,20261007101123,20261007104121,ME
2026-10-07T02:12:36.410431+00:00,ME21B409,02,9,20261007110310,20261007075252,20261007083259,,ME
2026-10-07T02:12:36.410431+00:00,ME21B409,03,9,20261007110310,20261007054312,20261007062621,,ME
2026-10-07T02:12:36.410431+00:00,ME21B409,04,9,20261007110310,20261006155055,20261006162730,,ME
2026-10-07T02:12:36.410431+00:00,ME21D081,01,2,20261007110310,20261007104906,20261007110311,,ME
2026-10-07T02:12:36.410431+00:00,ME21D084,01,9,20261007110310,20261007065637,20261007073230,,ME
2026-10-07T02:12:36.410431+00:00,ME21D085,01,3,20261007110956,20261007102247,20261007104258,20261007104740,ME
2026-10-07T02:12:36.410431+00:00,ME21D086,01,3,20261007110950,20261006174616,20261006180621,20261007104531,ME
2026-10-07T02:12:36.410431+00:00,ME21D093,01,9,20261007110310,20261007095358,20261007102146,,ME
2026-10-07T02:12:36.410431+00:00,ME21D099,01,9,20261007110310,20261006162026,20261006162854,,ME
2026-10-07T02:12:36.410431+00:00,ME21D103,01,2,20261007110616,20261007103502,20261007104954,,ME
2026-10-07T02:12:36.410431+00:00,ME21D107,01,3,20261007111041,20261007063241,20261007070310,20261007110236,ME
2026-10-07T02:12:36.410431+00:00,ME21D108,01,3,20261007110927,20261006121342,20261006124501,20261007103853,ME
2026-10-07T02:12:36.410431+00:00,ME21X010,01,2,20261007110644,20261007083908,20261007084254,,ME
2026-10-07T02:12:36.410431+00:00,ME21X014,01,3,20261007110621,20261006154959,20261006155114,20261007104220,ME
2026-10-07T02:12:36.410431+00:00,ME21X015,01,2,20261007110617,20261007070244,20261007074545,,ME
2026-10-07T02:12:36.410431+00:00,ME22C1G0,01,2,20261007110248,20261007101153,20261007104751,,ME
2026-10-07T02:12:36.410431+00:00,ME22C1G2,01,2,20261007110256,20261007094010,20261007094759,,ME
2026-10-07T02:12:36.410431+00:00,ME22C1G3,01,3,20261007111045,20261007095125,20261007101523,20261007105631,ME
2026-10-07T02:12:36.410431+00:00,ME22C286,02,9,20261007110310,20261006155923,20261006161353,,ME
2026-10-07T02:12:36.410431+00:00,ME22C305,03,2,20261007110423,20261007103337,20261007110428,,ME
2026-10-07T02:12:36.410431+00:00,ME22D155,01,2,20261007110927,20261007094022,20261007095832,,ME
2026-10-07T02:12:36.410431+00:00,ME22D156,01,2,20261007110735,20261006212118,20261006220118,,ME
2026-10-07T02:12:36.410431+00:00,ME22D161,01,2,20261007111052,20261007104656,20261007110534,,ME
2026-10-07T02:12:36.410431+00:00,ME22D162,01,2,20261007110856,20261007103756,20261007110730,,ME
2026-10-07T02:12:36.410431+00:00,ME22D176,01,2,20261007111050,20261005160320,20261005164320,,ME
2026-10-07T02:12:36.410431+00:00,ME22D1H0,01,2,20261007110853,20261007085303,20261007093254,,ME
2026-10-07T02:12:36.410431+00:00,ME22D219,01,2,20261007110933,20261006200952,20261006204952,,ME
2026-10-07T02:12:36.410431+00:00,ME22D219,02,2,20261007110628,20261007092002,20261007100002,,ME
2026-10-07T02:12:36.410431+00:00,ME22D235,01,2,20261007110920,20261007081852,20261007081943,,ME
2026-10-07T02:12:36.410431+00:00,ME22D235,02,3,20261007111059,20261007082431,20261007082937,20261007105041,ME
2026-10-07T02:12:36.410431+00:00,ME22D401,01,3,20261007110920,20261007103814,20261007105045,20261007105349,ME
2026-10-07T02:12:36.410431+00:00,ME22D401,02,2,20261007110926,20261007101056,20261007103454,,ME
2026-10-07T02:12:36.410431+00:00,ME22D401,03,3,20261007111031,20261007095531,20261007102731,20261007104527,ME
2026-10-07T02:12:36.410431+00:00,ME22D401,04,3,20261007110650,20261007103033,20261007104141,20261007110621,ME
2026-10-07T02:12:36.410431+00:00,ME25C183,01,2,20261007111014,20261006152302,20261006152434,,ME
2026-10-07T02:12:36.410431+00:00,ME25C184,01,2,20261007110904,20261007094932,20261007100706,,ME
2026-10-07T02:12:36.410431+00:00,ME25C282,21,2,20261007111058,20261007085217,20261007093219,,ME
2026-10-07T02:12:36.410431+00:00,ME25C282,22,2,20261007111100,20261006140629,20261006144539,,ME
2026-10-07T02:12:36.410431+00:00,ME25C283,01,2,20261007111016,20261006170012,20261006173622,,ME
2026-10-07T02:12:36.410431+00:00,ME25C283,02,2,20261007110910,20261007080130,20261007083431,,ME
2026-10-07T02:12:36.410431+00:00,ME25C284,01,2,20261007110632,20260930133648,20260930141649,,ME
2026-10-07T02:12:36.410431+00:00,ME25C284,02,2,20261007110727,20261006170353,20261006173237,,ME
2026-10-07T02:12:36.410431+00:00,BE250146,01,2,20261007110712,20261007103737,20261007110712,,BE
2026-10-07T02:12:36.410431+00:00,BT100009,02,2,20261007110414,20261007092953,20261007110414,,BT
2026-10-07T02:12:36.410431+00:00,CV001155,04,2,20261007110523,20261007101219,20261007110220,,CV
2026-10-07T02:12:36.410431+00:00,CV001190,01,2,20261007111022,20261006101309,20261006103449,,CV
2026-10-07T02:12:36.410431+00:00,CV001190,02,2,20261007111022,20261001151943,20261001154735,,CV
2026-10-07T02:12:36.410431+00:00,CV001363,01,3,20261007111025,20261007110852,20261007110857,20261007111025,CV
2026-10-07T02:12:36.410431+00:00,CV001985,20,3,20261007110531,20261007110415,20261007110416,20261007110415,CV
2026-10-07T02:12:36.410431+00:00,EV015124,01,2,20261007110906,20261007095843,20261007110732,,EV
2026-10-07T02:12:36.410431+00:00,GS000116,02,2,20261007111005,20261007105500,20261007111005,,GS
2026-10-07T02:12:36.410431+00:00,GS000116,03,3,20261007110704,20261007110704,20261006222142,20261007110704,GS
2026-10-07T02:12:36.410431+00:00,HE230008,01,2,20261007110400,20261007104600,20261007110400,,HE
2026-10-07T02:12:36.410431+00:00,HE240065,04,3,20261007110300,20261007110300,20261007070827,20261007110300,HE
2026-10-07T02:12:36.410431+00:00,HE240172,02,3,20261007110700,20261007110700,20261007095454,20261007110700,HE
2026-10-07T02:12:36.410431+00:00,HM003000,03,2,20261007110819,20261005025739,20261005040818,,HM
2026-10-07T02:12:36.410431+00:00,HM003000,04,2,20261007110819,20261006190935,20261006193946,,HM
2026-10-07T02:12:36.410431+00:00,HM003000,17,2,20261007110619,20261005085103,20261005141222,,HM
2026-10-07T02:12:36.410431+00:00,HM003000,22,2,20261007110619,20260809130143,20260809160655,,HM
2026-10-07T02:12:36.410431+00:00,HM003000,25,2,20261007110619,20261005084635,20261005135128,,HM
2026-10-07T02:12:36.410431+00:00,HM003000,30,2,20261007110619,20260930102048,20260930180941,,HM
2026-10-07T02:12:36.410431+00:00,HM003000,31,2,20261007110619,20261003084248,20261003101506,,HM
2026-10-07T02:12:36.410431+00:00,HM003000,38,2,20261007110619,20261005140210,20261005150710,,HM
2026-10-07T02:12:36.410431+00:00,HM003000,46,2,20261007110619,20260920122414,20260920154847,,HM
2026-10-07T02:12:36.410431+00:00,HM003000,53,2,20261007110619,20260429173421,20260429190954,,HM
2026-10-07T02:12:36.410431+00:00,HM003000,55,2,20261007110619,20260731084639,20260731111405,,HM
2026-10-07T02:12:36.410431+00:00,HM003000,57,2,20261007110619,20260821144050,20260821180031,,HM
2026-10-07T02:12:36.410431+00:00,HM003000,60,2,20261007110619,20260606141942,20260606155205,,HM
2026-10-07T02:12:36.410431+00:00,HM003000,71,2,20261007110619,20261003153742,20261003170530,,HM
2026-10-07T02:12:36.410431+00:00,HM910001,01,3,20261007110425,20261007080205,20261007094301,20261007080205,HM
2026-10-07T02:12:36.410431+00:00,HM910001,02,3,20261007110628,20261007085235,20261007095958,20261007085235,HM
2026-10-07T02:12:36.410431+00:00,JA500004,03,2,20261007110703,20261007104902,20261007110703,,JA
2026-10-07T02:12:36.410431+00:00,JA500004,05,2,20261007110703,20261007101402,20261007110703,,JA
2026-10-07T02:12:36.410431+00:00,JA500004,07,3,20261007110703,20261007110703,20261006192003,20261007110703,JA
2026-10-07T02:12:36.410431+00:00,JA500004,08,3,20261007110703,20261007110703,20261006200703,20261007110703,JA
2026-10-07T02:12:36.410431+00:00,JD000054,01,3,20261007111200,20261007111200,20260820143748,20261007111200,JD
2026-10-07T02:12:36.410431+00:00,JD000074,01,2,20261007110552,20261007081909,20261007110206,,JD
2026-10-07T02:12:36.410431+00:00,JD100009,02,3,20261007110902,20261007110902,20261006145454,20261007110804,JD
2026-10-07T02:12:36.410431+00:00,JD100010,03,2,20261007110952,20261007104217,20261007110758,,JD
2026-10-07T02:12:36.410431+00:00,JD100020,02,3,20261007110504,20261007110504,20261006214312,20261007110356,JD
2026-10-07T02:12:36.410431+00:00,JD100021,02,3,20261007110649,20261007110649,20261007070916,20261007110539,JD
2026-10-07T02:12:36.410431+00:00,JD100022,01,3,20261007111040,20261007111040,20261007105515,20261007110922,JD
2026-10-07T02:12:36.410431+00:00,JD100048,01,3,20261007110952,20261007110952,20261007032823,20261007110833,JD
2026-10-07T02:12:36.410431+00:00,JD110011,02,3,20261007110552,20261007110552,20261007064544,20261007110436,JD
2026-10-07T02:12:36.410431+00:00,JD110017,01,3,20261007110649,20261007110649,20261007081537,20261007110601,JD
2026-10-07T02:12:36.410431+00:00,JD110058,01,3,20261007110752,20261007110752,20261007085811,20261007110620,JD
2026-10-07T02:12:36.410431+00:00,JD110058,02,2,20261007110504,20261007103015,20261007110200,,JD
2026-10-07T02:12:36.410431+00:00,JD110088,01,2,20261007110401,20261007102156,20261007110156,,JD
2026-10-07T02:12:36.410431+00:00,JD110094,01,2,20261007110649,20261007104406,20261007110256,,JD
2026-10-07T02:12:36.410431+00:00,JD110102,01,1,20261007110752,20261006210022,20261006210028,,JD
2026-10-07T02:12:36.410431+00:00,JD110124,04,2,20261007110241,20261007103933,20261007105941,,JD
2026-10-07T02:12:36.410431+00:00,JD110146,01,2,20261007110401,20261007101753,20261007105753,,JD
2026-10-07T02:12:36.410431+00:00,JE010036,03,5,20261007110629,20261006075131,20261006163635,,JE
2026-10-07T02:12:36.410431+00:00,JE010044,12,3,20261007111033,20261007085806,20261007100401,20261007110855,JE
2026-10-07T02:12:36.410431+00:00,JE010044,14,2,20261007111033,20261006153815,20261006161829,,JE
2026-10-07T02:12:36.410431+00:00,JE010044,16,2,20261007110828,20261007104858,20261007110649,,JE
2026-10-07T02:12:36.410431+00:00,JE010044,18,2,20261007111033,20261006164151,20261006174816,,JE
2026-10-07T02:12:36.410431+00:00,JE010044,19,5,20261007110828,20261005140943,20261005154315,,JE
2026-10-07T02:12:36.410431+00:00,JE010123,02,2,20261007111033,20261006173940,20261006232801,,JE
2026-10-07T02:12:36.410431+00:00,JE010141,03,2,20261007111033,20261005172502,20261006011052,,JE
2026-10-07T02:12:36.410431+00:00,JE010318,01,2,20261007110629,20261007091849,20261007110527,,JE
2026-10-07T02:12:36.410431+00:00,JE010372,01,3,20261007111033,20261006114311,20261006133323,20261007110847,JE
2026-10-07T02:12:36.410431+00:00,JE020157,01,2,20261007110629,20261007103350,20261007110617,,JE
2026-10-07T02:12:36.410431+00:00,JE020157,10,2,20261007110828,20261007093306,20261007110705,,JE
2026-10-07T02:12:36.410431+00:00,JE040085,01,3,20261007110427,20261007090750,20261007092536,20261007110424,JE
2026-10-07T02:12:36.410431+00:00,JE040111,10,2,20261007111034,20261006132215,20261006142947,,JE
2026-10-07T02:12:36.410431+00:00,JE040111,11,2,20261007111034,20261005154257,20261005170229,,JE
2026-10-07T02:12:36.410431+00:00,JE040141,01,2,20261007110629,20261007104802,20261007110007,,JE
2026-10-07T02:12:36.410431+00:00,JE044001,01,3,20261007110629,20261006155821,20261006171532,20261007110559,JE
2026-10-07T02:12:36.410431+00:00,JE045001,11,1,20261007111034,20261005052840,20261005093338,,JE
2026-10-07T02:12:36.410431+00:00,JE045002,35,1,20261007110629,20261005201143,20261006005901,,JE
2026-10-07T02:12:36.410431+00:00,JE045003,44,1,20261007111034,20260930180108,20260930193438,,JE
2026-10-07T02:12:36.410431+00:00,JE045004,09,1,20261007110629,20260925172035,20260925185729,,JE
2026-10-07T02:12:36.410431+00:00,JE045004,11,1,20261007110629,20260917152210,20260917152246,,JE
2026-10-07T02:12:36.410431+00:00,JE045004,15,1,20261007110629,20260810140111,20260810184737,,JE
2026-10-07T02:12:36.410431+00:00,JE045006,50,1,20261007110629,20261006084027,20261006182923,,JE
2026-10-07T02:12:36.410431+00:00,JE045006,55,1,20261007111034,20250419204211,20250419213833,,JE
2026-10-07T02:12:36.410431+00:00,JE045006,57,1,20261007111034,20261001084012,20261001123705,,JE
2026-10-07T02:12:36.410431+00:00,JE900158,01,1,20261007111035,20261007100221,20261007103143,,JE
2026-10-07T02:12:36.410431+00:00,JE900164,01,2,20261007111035,20261004134424,20261004143928,,JE
2026-10-07T02:12:36.410431+00:00,JE900168,01,5,20261007110630,20261007091310,20261007101152,,JE
2026-10-07T02:12:36.410431+00:00,JE900168,02,4,20261007110829,20261006141905,20261006165215,,JE
2026-10-07T02:12:36.410431+00:00,JE900173,03,2,20261007111035,20261007083203,20261007092635,,JE
2026-10-07T02:12:36.410431+00:00,JE900175,01,2,20261007111035,20261006171332,20261006202234,,JE
2026-10-07T02:12:36.410431+00:00,JE900175,02,2,20261007111035,20261006205646,20261007083817,,JE
2026-10-07T02:12:36.410431+00:00,JE900193,01,3,20261007110829,20261007084628,20261007092458,20261007110702,JE
2026-10-07T02:12:36.410431+00:00,JE900206,01,3,20261007110630,20261007070634,20261007075716,20261007110608,JE
2026-10-07T02:12:36.410431+00:00,JE900233,01,5,20261007110630,20261004152948,20261004172259,,JE
2026-10-07T02:12:36.410431+00:00,JE900233,02,2,20261007111035,20261006181425,20261006201858,,JE
2026-10-07T02:12:36.410431+00:00,JE900240,01,5,20261007110829,20261006192104,20261007003725,,JE
2026-10-07T02:12:36.410431+00:00,JE900252,02,4,20261007110829,20261007092748,20261007100744,,JE
2026-10-07T02:12:36.410431+00:00,JE900254,01,2,20261007110429,20261006220146,20261006225235,,JE
2026-10-07T02:12:36.410431+00:00,JE910008,02,3,20261007110630,20261007095150,20261007104334,20261007110510,JE
2026-10-07T02:12:36.410431+00:00,JE910015,01,3,20261007111035,20261006102713,20261006114330,20261007110943,JE
2026-10-07T02:12:36.410431+00:00,JE910019,02,2,20261007111035,20261006192221,20261006204814,,JE
2026-10-07T02:12:36.410431+00:00,JE910052,01,5,20261007110829,20260925205536,20260925235032,,JE
2026-10-07T02:12:36.410431+00:00,JE910052,02,2,20261007111035,20261004165945,20261004174028,,JE
2026-10-07T02:12:36.410431+00:00,JE910127,02,5,20261007110631,20261005200012,20261005200022,,JE
2026-10-07T02:12:36.410431+00:00,JE910127,03,5,20261007110631,20261006083623,20261006114807,,JE
2026-10-07T02:12:36.410431+00:00,JE910127,05,5,20261007110830,20261004164525,20261005001956,,JE
2026-10-07T02:12:36.410431+00:00,JE910127,06,5,20261007110830,20261006083603,20261006111325,,JE
2026-10-07T02:12:36.410431+00:00,KP000137,03,2,20261007111022,20261006154024,20261007002501,,KP
2026-10-07T02:12:36.410431+00:00,KP000137,15,2,20261007111019,20261006155814,20261006183001,,KP
2026-10-07T02:12:36.410431+00:00,KP001155,02,2,20261007111008,20261007103954,20261007110113,,KP
2026-10-07T02:12:36.410431+00:00,KP001158,02,2,20261007111027,20261007102112,20261007110650,,KP
2026-10-07T02:12:36.410431+00:00,KP001192,02,3,20261007111025,20261007014333,20261007031501,20261007111025,KP
2026-10-07T02:12:36.410431+00:00,KP001202,02,3,20261007111006,20261007054910,20261007100001,20261007110031,KP
2026-10-07T02:12:36.410431+00:00,KP004700,03,3,20261007111028,20261007094506,20261007095410,20261007110654,KP
2026-10-07T02:12:36.410431+00:00,KP005802,01,3,20261007111027,20261007100024,20261007104456,20261007110107,KP
2026-10-07T02:12:36.410431+00:00,LI000102,01,2,20261007110728,20261007110228,20261007110728,,LI
2026-10-07T02:12:36.410431+00:00,PC001647,01,2,20261007110324,20261007102630,20261007104654,,PC
2026-10-07T02:12:36.410431+00:00,PI306058,01,9,20261007110810,20261007101944,20261005192908,20261007102119,PI
2026-10-07T02:12:36.410431+00:00,PI645245,02,3,20261007110756,20261007110736,20261006132752,20261007110756,PI
2026-10-07T02:12:36.410431+00:00,PI700967,01,3,20261007110505,20261007110139,20261007081703,20261007110505,PI
2026-10-07T02:12:36.410431+00:00,PK000306,01,3,20261007111131,20261007084952,20261007091425,20261007111022,PK
2026-10-07T02:12:36.410431+00:00,PK000306,05,9,20261007111131,20261007101850,20261007111101,,PK
2026-10-07T02:12:36.410431+00:00,PK000364,04,2,20261007111030,20261007105031,20261007111030,,PK
2026-10-07T02:12:36.410431+00:00,PL031496,02,3,20261007111207,20261007111207,20261007054630,20261007111207,PL
2026-10-07T02:12:36.410431+00:00,PL031743,07,3,20261007111020,20261007111020,20261006174520,20261007111020,PL
2026-10-07T02:12:36.410431+00:00,PW010928,01,2,20261007111112,20261007081949,20261007093506,,PW
2026-10-07T02:12:36.410431+00:00,PW013046,03,2,20261007110421,20261006181803,20261006220328,,PW
2026-10-07T02:12:36.410431+00:00,PWE06067,03,2,20261007111010,20261007110109,20261007111010,,PW
2026-10-07T02:12:36.410431+00:00,RE000240,10,2,20261007110403,20261007081011,20261007110158,,RE
2026-10-07T02:12:36.410431+00:00,RE000242,09,3,20261007110802,20261007110802,20261007110551,20261007110551,RE
2026-10-07T02:12:36.410431+00:00,RE000242,10,2,20261007110602,20261006202447,20261006224726,,RE
2026-10-07T02:12:36.410431+00:00,RE000354,03,2,20261007110803,20261006185505,20261006212513,,RE
2026-10-07T02:12:36.410431+00:00,SOA33001,01,2,20261007111015,20261007094614,20261007094814,,SO
2026-10-07T02:12:36.410431+00:00,ST501127,01,2,20261007110932,20261001103648,20261005112302,,ST
2026-10-07T02:12:36.410431+00:00,ST501147,06,3,20261007110825,20261007110825,20261007095924,20261007092319,ST
2026-10-07T02:12:36.410431+00:00,ST501157,19,3,20261007110621,20261003075152,20261005004451,20261007110621,ST
2026-10-07T02:12:36.410431+00:00,ST601107,26,2,20261007110416,20261007071608,20261007110416,,ST
2026-10-07T02:12:36.410431+00:00,WJ500017,07,2,20261007111023,20261007103023,20261007111023,,WJ
2026-10-07T02:12:36.410431+00:00,WJ500017,08,2,20261007111023,20261007103023,20261007111023,,WJ
2026-10-07T02:12:36.410431+00:00,ME174046,01,2,20261007110651,20261006153737,20261006155127,,ME
2026-10-07T02:12:36.410431+00:00,ME174050,01,2,20261007110751,20261001170730,20261001170951,,ME
2026-10-07T02:12:36.410431+00:00,ME174050,02,2,20261007110831,20261007100432,20261007104754,,ME
2026-10-07T02:12:36.410431+00:00,ME174050,03,2,20261007111026,20261006110720,20261006113026,,ME
2026-10-07T02:12:36.410431+00:00,ME174050,04,2,20261007110808,20261006150433,20261006154323,,ME
2026-10-07T02:12:36.410431+00:00,ME174050,05,2,20261007110806,20261005144243,20261005151909,,ME
2026-10-07T02:12:36.410431+00:00,ME174061,01,2,20261007111055,20261006160425,20261006162156,,ME
2026-10-07T02:12:36.410431+00:00,ME174062,01,2,20261007110815,20261005130453,20261005134029,,ME
2026-10-07T02:12:36.410431+00:00,ME183101,01,2,20261007111107,20261006164049,20261006164233,,ME
2026-10-07T02:12:36.410431+00:00,ME183101,02,2,20261007110739,20261005115439,20261005121956,,ME
2026-10-07T02:12:36.410431+00:00,ME183101,03,2,20261007111109,20261006124629,20261006131009,,ME
2026-10-07T02:12:36.410431+00:00,ME183101,04,2,20261007110743,20261007082811,20261007083717,,ME
2026-10-07T02:12:36.410431+00:00,ME183101,52,2,20261007110735,20261004145214,20261004150345,,ME
2026-10-07T02:12:36.410431+00:00,ME183101,54,2,20261007110748,20261004141031,20261004141201,,ME
2026-10-07T02:12:36.410431+00:00,ME183102,02,2,20261007110709,20261006050530,20261006054836,,ME
2026-10-07T02:12:36.410431+00:00,ME183102,52,2,20261007110724,20261006112945,20261006121250,,ME
2026-10-07T02:12:36.410431+00:00,ME184122,01,2,20261007110958,20261006210950,20261006214400,,ME
2026-10-07T02:12:36.410431+00:00,ME184124,01,2,20261007110815,20261006184026,20261006190416,,ME
2026-10-07T02:12:36.410431+00:00,ME184125,01,2,20261007110650,20261006144530,20261006150314,,ME
2026-10-07T02:12:36.410431+00:00,ME184126,02,2,20261007110637,20261007100908,20261007102613,,ME
2026-10-07T02:12:36.410431+00:00,ME18A173,01,2,20261007111038,20261007062150,20261007062910,,ME
2026-10-07T02:12:36.410431+00:00,ME18A174,01,2,20261007110943,20261006194114,20261006202419,,ME
2026-10-07T02:12:36.410431+00:00,ME18A175,01,2,20261007111029,20261007082050,20261007085819,,ME
2026-10-07T02:12:36.410431+00:00,ME18A180,01,2,20261007110611,20261006130329,20261006133155,,ME
2026-10-07T02:12:36.410431+00:00,ME18A268,11,2,20261007110807,20261006223256,20261006223914,,ME
2026-10-07T02:12:36.410431+00:00,ME18A268,12,2,20261007110803,20261007092817,20261007101100,,ME
2026-10-07T02:12:36.410431+00:00,ME18A269,11,2,20261007110936,20261006112854,20261006115659,,ME
2026-10-07T02:12:36.410431+00:00,ME18A269,12,2,20261007110930,20261006103338,20261006111641,,ME
2026-10-07T02:12:36.410431+00:00,ME18A270,11,2,20261007110933,20261007090021,20261007092403,,ME
2026-10-07T02:12:36.410431+00:00,ME18A270,12,2,20261007110929,20261007074940,20261007081301,,ME
2026-10-07T02:12:36.410431+00:00,ME18A271,01,2,20261007110901,20261003154138,20261003161603,,ME
2026-10-07T02:12:36.410431+00:00,ME18A271,02,2,20261007111043,20261007061035,20261007065038,,ME
2026-10-07T02:12:36.410431+00:00,ME18A272,11,2,20261007110615,20261006173035,20261006180734,,ME
2026-10-07T02:12:36.410431+00:00,ME18A272,12,2,20261007110611,20261006142857,20261006151201,,ME
2026-10-07T02:12:36.410431+00:00,ME18A273,11,2,20261007110751,20261006145306,20261006152548,,ME
2026-10-07T02:12:36.410431+00:00,ME18A273,12,2,20261007110755,20261007103638,20261007105142,,ME
2026-10-07T02:12:36.410431+00:00,ME18A274,11,2,20261007110945,20261006103459,20261006105851,,ME
2026-10-07T02:12:36.410431+00:00,ME18A274,12,2,20261007110940,20261006163246,20261006171550,,ME
2026-10-07T02:12:36.410431+00:00,ME18A275,11,2,20261007111033,20261006161758,20261006164611,,ME
2026-10-07T02:12:36.410431+00:00,ME18A275,12,2,20261007111028,20261006182842,20261006183412,,ME
2026-10-07T02:12:36.410431+00:00,ME18A281,11,2,20261007110800,20260930150635,20260930151317,,ME
2026-10-07T02:12:36.410431+00:00,ME18A281,12,2,20261007110805,20261007103605,20261007105453,,ME
2026-10-07T02:12:36.410431+00:00,ME18A306,01,2,20261007110823,20261006192822,20261006193837,,ME
2026-10-07T02:12:36.410431+00:00,ME18A306,11,2,20261007110810,20261002121626,20261002130155,,ME
2026-10-07T02:12:36.410431+00:00,ME18A306,12,2,20261007110816,20261006203629,20261006210538,,ME
2026-10-07T02:12:36.410431+00:00,ME18A404,03,3,20261007111057,20261006125146,20261006131714,20261007110848,ME
2026-10-07T02:12:36.410431+00:00,ME19B169,01,2,20261007111006,20261004194711,20261004200504,,ME
2026-10-07T02:12:36.410431+00:00,ME19B170,01,2,20261007110958,20261007065629,20261007073555,,ME
2026-10-07T02:12:36.410431+00:00,ME19B171,01,2,20261007110912,20261007103320,20261007105325,,ME
2026-10-07T02:12:36.410431+00:00,ME19B172,01,2,20261007110925,20261006214119,20261006220213,,ME
2026-10-07T02:12:36.410431+00:00,ME19B173,01,2,20261007110703,20261007102221,20261007103711,,ME
2026-10-07T02:12:36.410431+00:00,ME19B240,21,9,20261007110310,20261007084613,20261007092621,,ME
2026-10-07T02:12:36.410431+00:00,ME19B240,22,2,20261007110252,20261007031732,20261007035740,,ME
2026-10-07T02:12:36.410431+00:00,ME19B242,21,9,20261007110310,20261007043627,20261007051634,,ME
2026-10-07T02:12:36.410431+00:00,ME19B404,24,3,20261007110917,20261006100628,20261006104637,20261007104657,ME
2026-10-07T02:12:36.410431+00:00,ME20B1e1,01,2,20261007110612,20261006142807,20261006144240,,ME
2026-10-07T02:12:36.410431+00:00,ME20B1e2,01,2,20261007110900,20261006165432,20261006173427,,ME
2026-10-07T02:12:36.410431+00:00,ME20B1e3,01,2,20261007110620,20261006103429,20261006105255,,ME
2026-10-07T02:12:36.410431+00:00,ME20B2a0,91,3,20261007110710,20261007080724,20261007083744,20261007103656,ME
2026-10-07T02:12:36.410431+00:00,ME20B2a0,92,2,20261007111023,20261005122044,20261005123945,,ME
2026-10-07T02:12:36.410431+00:00,ME20B2a1,21,2,20261007111011,20260930153947,20260930161947,,ME
2026-10-07T02:12:36.410431+00:00,ME20B2a1,22,2,20261007111011,20260923104352,20260923104521,,ME
2026-10-07T02:12:36.410431+00:00,ME20B2a2,21,2,20261007110726,20261004120141,20261004120858,,ME
2026-10-07T02:12:36.410431+00:00,ME20B2a2,22,2,20261007110726,20261002070459,20261002072043,,ME
2026-10-07T02:12:36.410431+00:00,ME20B416,21,2,20261007110917,20261004103641,20261004105011,,ME
2026-10-07T02:12:36.410431+00:00,ME20B416,22,2,20261007110918,20261006182144,20261006183046,,ME
2026-10-07T02:12:36.410431+00:00,ME20B416,23,2,20261007110920,20261007105759,20261007110901,,ME
2026-10-07T02:12:36.410431+00:00,ME20B416,24,2,20261007110920,20261007073720,20261007080431,,ME
2026-10-07T02:12:36.410431+00:00,ME20B417,41,2,20261007110757,20261001133924,20261001141346,,ME
2026-10-07T02:12:36.410431+00:00,ME20B417,42,2,20261007110823,20261006183554,20261006191133,,ME
2026-10-07T02:12:36.410431+00:00,ME20B417,43,2,20261007110828,20261007091948,20261007095948,,ME
2026-10-07T02:12:36.410431+00:00,ME20B417,44,2,20261007110824,20261006214850,20261006221727,,ME
2026-10-07T02:12:36.410431+00:00,ME21B1C9,01,3,20261007111052,20261006132230,20261006140535,20261007104427,ME
2026-10-07T02:12:36.410431+00:00,ME21B1D0,01,9,20261007110310,20261006170403,20261006172049,,ME
2026-10-07T02:12:36.410431+00:00,ME21B1E8,01,9,20261007110310,20261006163745,20261006171325,,ME
2026-10-07T02:12:36.410431+00:00,ME21B250,02,9,20261007110310,20261007095813,20261007102403,,ME
2026-10-07T02:12:36.410431+00:00,ME21D058,01,9,20261007110310,20261007094830,20261007102402,,ME
2026-10-07T02:12:36.410431+00:00,ME21D062,01,9,20261007110310,20261006181137,20261006182615,,ME
2026-10-07T02:12:36.410431+00:00,ME21D064,01,3,20261007110912,20261007060534,20261007064840,20261007104449,ME
2026-10-07T02:12:36.410431+00:00,ME21D065,01,3,20261007111000,20261007094435,20261007100944,20261007105551,ME
2026-10-07T02:12:36.410431+00:00,ME21D069,01,9,20261007110310,20261007085832,20261007092519,,ME
2026-10-07T02:12:36.410431+00:00,ME21D077,01,9,20261007110310,20261006184457,20261006190445,,ME
2026-10-07T02:12:36.410431+00:00,ME21D078,01,3,20261007110912,20261007061938,20261007065149,20261007110104,ME
2026-10-07T02:12:36.410431+00:00,ME21X008,01,2,20261007110731,20261006183615,20261006191936,,ME
2026-10-07T02:12:36.410431+00:00,ME22A611,32,2,20261007110603,20261007103114,20261007110605,,ME
2026-10-07T02:12:36.410431+00:00,ME22C285,01,2,20261007110730,20261007104501,20261007110729,,ME
2026-10-07T02:12:36.410431+00:00,ME22D1H1,01,2,20261007110903,20261007095443,20261007100913,,ME
2026-10-07T02:12:36.410431+00:00,ME25C181,01,2,20261007110810,20261007103712,20261007110706,,ME
2026-10-07T02:12:36.410431+00:00,ME25C182,01,4,20261007110753,20261006191807,20261006194754,,ME
2026-10-07T02:12:36.410431+00:00,ME25C281,21,2,20261007111030,20261006183921,20261006185215,,ME
2026-10-07T02:12:36.410431+00:00,ME25C281,22,2,20261007111032,20261007093701,20261007101703,,ME
2026-10-07T02:12:36.410431+00:00,ME25C318,01,2,20261007110701,20261007082744,20261007083540,,ME
2026-10-07T02:12:36.410431+00:00,ME25C318,21,4,20261007111010,20261004134710,20261004140626,,ME
2026-10-07T02:12:36.410431+00:00,ME25C318,22,2,20261007111012,20261006094806,20261006100942,,ME
2026-10-07T02:12:36.410431+00:00,ME25C431,01,2,20261007110645,20260914133046,20260914133228,,ME
2026-10-07T02:12:36.410431+00:00,ME25C431,02,2,20261007110825,20261006181910,20261006183615,,ME
2026-10-07T02:12:36.410431+00:00,ME25C431,03,2,20261007110717,20261007100412,20261007102308,,ME
2026-10-07T02:12:36.410431+00:00,ME25C431,04,2,20261007110804,20261005202832,20261005205200,,ME
2026-10-07T02:12:36.410431+00:00,CI0O0040,02,2,20261007110528,20260919095422,20260919103917,,CI
2026-10-07T02:12:36.410431+00:00,CV004004,03,3,20261007110548,20261007110327,20261007110329,20261007110327,CV
2026-10-07T02:12:36.410431+00:00,EV014343,04,3,20261007110701,20261004204206,20261005044548,20261007110541,EV
2026-10-07T02:12:36.410431+00:00,GR000024,02,3,20261007110435,20261006161925,20261007090254,20261007110435,GR
2026-10-07T02:12:36.410431+00:00,HE000035,01,2,20261007110300,20261007105700,20261007110300,,HE
2026-10-07T02:12:36.410431+00:00,HE000038,01,2,20261007111100,20261007101800,20261007111100,,HE
2026-10-07T02:12:36.410431+00:00,HM000107,03,2,20261007111201,20261007110210,20261007110821,,HM
2026-10-07T02:12:36.410431+00:00,HM900001,07,2,20261007110628,20261006135119,20261006195446,,HM
2026-10-07T02:12:36.410431+00:00,HM900001,14,2,20261007110628,20261006201401,20261007015753,,HM
2026-10-07T02:12:36.410431+00:00,HY000016,02,2,20261007110802,20261007062843,20261007110658,,HY
2026-10-07T02:12:36.410431+00:00,HY001748,06,3,20261007110907,20261007110836,20261007004202,20261007110836,HY
2026-10-07T02:12:36.410431+00:00,JA500005,04,3,20261007110703,20261007110703,20261006122003,20261007110703,JA
2026-10-07T02:12:36.410431+00:00,JD160028,01,2,20261007110649,20261007103836,20261007110339,,JD
2026-10-07T02:12:36.410431+00:00,JD160046,01,2,20261007110504,20261007103123,20261007110233,,JD
2026-10-07T02:12:36.410431+00:00,JD160071,02,3,20261007110953,20261007110953,20261007103447,20261007111010,JD
2026-10-07T02:12:36.410431+00:00,JD160078,01,3,20261007110953,20261007110953,20261004105713,20261007110812,JD
2026-10-07T02:12:36.410431+00:00,JD160090,02,3,20261007111041,20261007111041,20261007105520,20261007110943,JD
2026-10-07T02:12:36.410431+00:00,JE020009,03,2,20261007111033,20261006154457,20261006170041,,JE
2026-10-07T02:12:36.410431+00:00,JE020009,04,5,20261007110629,20261006182311,20261006182438,,JE
2026-10-07T02:12:36.410431+00:00,JE020059,03,2,20261007111033,20261003191844,20261004032812,,JE
2026-10-07T02:12:36.410431+00:00,JE020083,04,2,20261007110828,20261007101746,20261007110812,,JE
2026-10-07T02:12:36.410431+00:00,JE020132,01,2,20261007110427,20261006205747,20261007110006,,JE
2026-10-07T02:12:36.410431+00:00,JE020137,02,3,20261007110828,20261007095641,20261007103824,20261007110648,JE
2026-10-07T02:12:36.410431+00:00,JE043001,35,2,20261007111034,20261006104904,20261006161106,,JE
2026-10-07T02:12:36.410431+00:00,JE043001,36,5,20261007110828,20261006090158,20261006183839,,JE
2026-10-07T02:12:36.410431+00:00,JE043001,38,5,20261007110828,20261006085106,20261006130251,,JE
2026-10-07T02:12:36.410431+00:00,JE043001,39,5,20261007110828,20261002115515,20261002134744,,JE
2026-10-07T02:12:36.410431+00:00,JE043001,40,5,20261007110828,20261006145846,20261006204320,,JE
2026-10-07T02:12:36.410431+00:00,JE043001,41,5,20261007110828,20261002222549,20261003054357,,JE
2026-10-07T02:12:36.410431+00:00,JE043002,33,2,20261007111034,20261006184825,20261007060756,,JE
2026-10-07T02:12:36.410431+00:00,JE043002,34,2,20261007111034,20261006205048,20261007001153,,JE
2026-10-07T02:12:36.410431+00:00,JE043002,35,2,20261007111034,20261006164510,20261006203412,,JE
2026-10-07T02:12:36.410431+00:00,JE043002,36,2,20261007111034,20261006115028,20261006210410,,JE
2026-10-07T02:12:36.410431+00:00,JE043002,42,5,20261007110828,20261004211828,20261004235842,,JE
2026-10-07T02:12:36.410431+00:00,JE043005,12,5,20261007110828,20261006201521,20261007021940,,JE
2026-10-07T02:12:36.410431+00:00,JE043009,02,2,20261007110828,20261007091930,20261007110756,,JE
2026-10-07T02:12:36.410431+00:00,JE900154,01,2,20261007111035,20261004161731,20261004212045,,JE
2026-10-07T02:12:36.410431+00:00,JE900172,01,4,20261007110829,20261002094213,20261002114701,,JE
2026-10-07T02:12:36.410431+00:00,JE900172,02,5,20261007110829,20261006155704,20261006184027,,JE
2026-10-07T02:12:36.410431+00:00,JE900174,01,4,20261007110829,20261004132448,20261004141143,,JE
2026-10-07T02:12:36.410431+00:00,JE900174,02,2,20261007111035,20261006191430,20261006230306,,JE
2026-10-07T02:12:36.410431+00:00,JE900178,01,2,20261007111035,20261006145446,20261006173624,,JE
2026-10-07T02:12:36.410431+00:00,JE900180,01,5,20261007110829,20261004151950,20261004183946,,JE
2026-10-07T02:12:36.410431+00:00,JE900180,02,5,20261007110829,20261006180628,20261006230430,,JE
2026-10-07T02:12:36.410431+00:00,JE900198,01,2,20261007111035,20261006165931,20261006174843,,JE
2026-10-07T02:12:36.410431+00:00,JE900198,02,2,20261007111035,20261007092722,20261007103226,,JE
2026-10-07T02:12:36.410431+00:00,JE900215,01,2,20261007110630,20261007094321,20261007105352,,JE
2026-10-07T02:12:36.410431+00:00,JE900220,01,2,20261007111035,20261007065908,20261007095748,,JE
2026-10-07T02:12:36.410431+00:00,JE900220,02,2,20261007111035,20261005154409,20261005165102,,JE
2026-10-07T02:12:36.410431+00:00,JE900223,01,5,20261007110829,20260919210634,20260920045818,,JE
2026-10-07T02:12:36.410431+00:00,JE900226,01,4,20261007110829,20261004205047,20261005035158,,JE
2026-10-07T02:12:36.410431+00:00,JE900226,02,5,20261007110829,20261004175120,20261004213141,,JE
2026-10-07T02:12:36.410431+00:00,JE900243,01,5,20261007110829,20260925141424,20260926024524,,JE
2026-10-07T02:12:36.410431+00:00,JE910003,02,5,20261007110630,20261006124215,20261006133702,,JE
2026-10-07T02:12:36.410431+00:00,JE910003,03,5,20261007110829,20261005123527,20261005143749,,JE
2026-10-07T02:12:36.410431+00:00,JE910048,03,5,20261007110630,20261006222020,20261007044018,,JE
2026-10-07T02:12:36.410431+00:00,JE910116,01,2,20261007110429,20261007075450,20261007093651,,JE
2026-10-07T02:12:36.410431+00:00,JE910128,04,2,20261007110830,20261006205651,20261007013938,,JE
2026-10-07T02:12:36.410431+00:00,KE001383,01,9,20261007110310,20261007091611,20261007102934,,KE
2026-10-07T02:12:36.410431+00:00,KP000384,01,3,20261007111023,20261006181459,20261006190710,20261007110852,KP
2026-10-07T02:12:36.410431+00:00,KP003380,01,3,20261007111028,20261006150300,20261006163222,20261007110502,KP
2026-10-07T02:12:36.410431+00:00,KP003834,02,1,20261007111005,20261007075713,20261007093318,,KP
2026-10-07T02:12:36.410431+00:00,KP003864,03,3,20261007111019,20261007102626,20261007104516,20261007102626,KP
2026-10-07T02:12:36.410431+00:00,NT102700,01,3,20261007110250,20261007110250,20261007065450,20261007110250,NT
2026-10-07T02:12:36.410431+00:00,PC000935,07,2,20261007110431,20261007101331,20261007110425,,PC
2026-10-07T02:12:36.410431+00:00,PI201397,04,2,20261007110815,20261007001851,20261007081510,,PI
2026-10-07T02:12:36.410431+00:00,PI640390,06,3,20261007110653,20261007110214,20261005115803,20261007110653,PI
2026-10-07T02:12:36.410431+00:00,PI640400,05,9,20261007110810,20261007101729,20261006211329,20261007102159,PI
2026-10-07T02:12:36.410431+00:00,PIH01105,02,2,20261007110251,20261006160505,20261007110022,,PI
2026-10-07T02:12:36.410431+00:00,PIH01497,02,2,20261007110750,20261007105707,20261007110313,,PI
2026-10-07T02:12:36.410431+00:00,PIH01497,03,3,20261007110750,20261007110657,20261007064620,20261007110750,PI
2026-10-07T02:12:36.410431+00:00,PL032061,04,2,20261007111015,20261006200406,20261007111015,,PL
2026-10-07T02:12:36.410431+00:00,PW011952,01,5,20261007111115,20260806205816,20260806212831,,PW
2026-10-07T02:12:36.410431+00:00,PW100561,03,2,20261007111010,20261006195700,20261006234218,,PW
2026-10-07T02:12:36.410431+00:00,PW100561,10,2,20261007111010,20261007073926,20261007110704,,PW
2026-10-07T02:12:36.410431+00:00,PWE02358,18,2,20261007111111,20261006232711,20261007111111,,PW
2026-10-07T02:12:36.410431+00:00,ST501301,24,3,20261007111021,20261005173549,20261006163253,20261007111021,ST
2026-10-07T02:12:36.410431+00:00,ST501331,01,2,20261007110753,20261007085551,20261007110753,,ST
2026-10-07T02:22:39.169829+00:00,ME174067,01,2,20261007111809,20261006103354,20261006110330,,ME
2026-10-07T02:22:39.169829+00:00,ME181538,01,2,20261007111704,20261006212218,20261006212944,,ME
2026-10-07T02:22:39.169829+00:00,ME181539,01,2,20261007111840,20261006203339,20261006211418,,ME
2026-10-07T02:22:39.169829+00:00,ME181541,01,2,20261007111934,20261005181705,20261005185708,,ME
2026-10-07T02:22:39.169829+00:00,ME184129,01,2,20261007111832,20261003153003,20261003161322,,ME
2026-10-07T02:22:39.169829+00:00,ME184130,01,2,20261007111832,20261007063634,20261007064838,,ME
2026-10-07T02:22:39.169829+00:00,ME184131,01,2,20261007111933,20261007081245,20261007085051,,ME
2026-10-07T02:22:39.169829+00:00,ME18A176,01,2,20261007111704,20261006224926,20261006230021,,ME
2026-10-07T02:22:39.169829+00:00,ME18A177,01,2,20261007111737,20261006123523,20261006130052,,ME
2026-10-07T02:22:39.169829+00:00,ME18A178,01,2,20261007111715,20261005164341,20261005170217,,ME
2026-10-07T02:22:39.169829+00:00,ME18A179,01,2,20261007111701,20261006090217,20261006091807,,ME
2026-10-07T02:22:39.169829+00:00,ME18A276,11,2,20261007112034,20261007100636,20261007102606,,ME
2026-10-07T02:22:39.169829+00:00,ME18A276,12,2,20261007112024,20260925101706,20260925104659,,ME
2026-10-07T02:22:39.169829+00:00,ME18A277,11,2,20261007111938,20261007091125,20261007095318,,ME
2026-10-07T02:22:39.169829+00:00,ME18A277,12,2,20261007111942,20261006191856,20261006195632,,ME
2026-10-07T02:22:39.169829+00:00,ME18A278,01,2,20261007111618,20261007080600,20261007081805,,ME
2026-10-07T02:22:39.169829+00:00,ME18A278,02,2,20261007112103,20261007091906,20261007092031,,ME
2026-10-07T02:22:39.169829+00:00,ME18A279,11,2,20261007112017,20261005154501,20261005162806,,ME
2026-10-07T02:22:39.169829+00:00,ME18A279,12,2,20261007112011,20261007095202,20261007102446,,ME
2026-10-07T02:22:39.169829+00:00,ME18A282,11,2,20261007111719,20261007072925,20261007080119,,ME
2026-10-07T02:22:39.169829+00:00,ME18A282,12,2,20261007111734,20261006173419,20261006174154,,ME
2026-10-07T02:22:39.169829+00:00,ME18A283,11,2,20261007111854,20261007092824,20261007095721,,ME
2026-10-07T02:22:39.169829+00:00,ME18A283,12,2,20261007111846,20261004080825,20261004084258,,ME
2026-10-07T02:22:39.169829+00:00,ME18A307,01,2,20261007111630,20261006131935,20261006134620,,ME
2026-10-07T02:22:39.169829+00:00,ME18A308,01,2,20261007111855,20261007094951,20261007095932,,ME
2026-10-07T02:22:39.169829+00:00,ME18A308,11,2,20261007111812,20261005140606,20261005143350,,ME
2026-10-07T02:22:39.169829+00:00,ME18A308,12,2,20261007111817,20261006121919,20261006122945,,ME
2026-10-07T02:22:39.169829+00:00,ME18A309,01,3,20261007112109,20261007081837,20261007090142,20261007110458,ME
2026-10-07T02:22:39.169829+00:00,ME18A309,11,2,20261007111815,20261006200044,20261006204242,,ME
2026-10-07T02:22:39.169829+00:00,ME18A309,12,2,20261007111822,20261007095212,20261007103612,,ME
2026-10-07T02:22:39.169829+00:00,ME19B174,11,2,20261007111824,20261007100918,20261007102900,,ME
2026-10-07T02:22:39.169829+00:00,ME19B174,12,2,20261007111825,20261007075917,20261007082329,,ME
2026-10-07T02:22:39.169829+00:00,ME19B246,21,2,20261007111456,20261007104451,20261007110326,,ME
2026-10-07T02:22:39.169829+00:00,ME19B246,22,3,20261007111849,20261007055340,20261007063451,20261007110452,ME
2026-10-07T02:22:39.169829+00:00,ME19B405,43,2,20261007111435,20261007104237,20261007111427,,ME
2026-10-07T02:22:39.169829+00:00,ME19D126,01,2,20261007112048,20261007092948,20261007100338,,ME
2026-10-07T02:22:39.169829+00:00,ME19D127,01,2,20261007111851,20261006075300,20261006083300,,ME
2026-10-07T02:22:39.169829+00:00,ME19D128,01,2,20261007111629,20260927183731,20260927185259,,ME
2026-10-07T02:22:39.169829+00:00,ME19Y240,21,2,20261007111653,20261007101036,20261007103508,,ME
2026-10-07T02:22:39.169829+00:00,ME19Y240,22,3,20261007111629,20261007071139,20261007073441,20261007104124,ME
2026-10-07T02:22:39.169829+00:00,ME19Y269,01,2,20261007111653,20261006214518,20261006222518,,ME
2026-10-07T02:22:39.169829+00:00,ME19Y269,02,2,20261007111703,20261007083309,20261007090402,,ME
2026-10-07T02:22:39.169829+00:00,ME19Y270,01,2,20261007111914,20261007080122,20261007084122,,ME
2026-10-07T02:22:39.169829+00:00,ME19Y270,02,2,20261007111637,20261007064731,20261007071715,,ME
2026-10-07T02:22:39.169829+00:00,ME19Y271,01,2,20261007111715,20261007091115,20261007092241,,ME
2026-10-07T02:22:39.169829+00:00,ME19Y271,02,2,20261007112016,20261007071303,20261007075303,,ME
2026-10-07T02:22:39.169829+00:00,ME20B1e4,01,2,20261007112055,20261007071305,20261007072409,,ME
2026-10-07T02:22:39.169829+00:00,ME20B1e5,01,2,20261007111905,20261007105454,20261007111040,,ME
2026-10-07T02:22:39.169829+00:00,ME20B1e6,91,2,20261007111646,20261007105624,20261007105949,,ME
2026-10-07T02:22:39.169829+00:00,ME20B2a3,21,2,20261007111954,20261007102710,20261007110710,,ME
2026-10-07T02:22:39.169829+00:00,ME20B2a3,22,2,20261007111954,20261007102154,20261007110024,,ME
2026-10-07T02:22:39.169829+00:00,ME20B2a4,21,2,20261007112048,20261007104456,20261007110256,,ME
2026-10-07T02:22:39.169829+00:00,ME20B2a4,22,2,20261007112048,20261007090718,20261007094718,,ME
2026-10-07T02:22:39.169829+00:00,ME20B2a5,21,2,20261007111927,20261007092832,20261007094508,,ME
2026-10-07T02:22:39.169829+00:00,ME20B2a5,22,2,20261007111927,20261007101836,20261007102805,,ME
2026-10-07T02:22:39.169829+00:00,ME20B2a6,21,2,20261007111910,20261002085825,20261002092516,,ME
2026-10-07T02:22:39.169829+00:00,ME20B2a6,22,2,20261007111910,20261006212930,20261006220930,,ME
2026-10-07T02:22:39.169829+00:00,ME20B2a7,21,2,20261007112012,20261006211831,20261006215831,,ME
2026-10-07T02:22:39.169829+00:00,ME20B2a7,22,2,20261007112012,20261007101030,20261007101851,,ME
2026-10-07T02:22:39.169829+00:00,ME20B2a8,21,2,20261007111805,20261006200926,20261006204926,,ME
2026-10-07T02:22:39.169829+00:00,ME20B2a8,22,2,20261007111805,20261007072421,20261007074703,,ME
2026-10-07T02:22:39.169829+00:00,ME20B2a9,21,5,20261007111803,20261006180949,20261006184331,,ME
2026-10-07T02:22:39.169829+00:00,ME20B2a9,22,5,20261007111803,20261007085702,20261007091626,,ME
2026-10-07T02:22:39.169829+00:00,ME20B2b0,21,5,20261007111813,20261005143505,20261005150342,,ME
2026-10-07T02:22:39.169829+00:00,ME20B2b0,22,2,20261007111813,20261005175606,20261005182530,,ME
2026-10-07T02:22:39.169829+00:00,ME20B2b1,21,2,20261007112035,20261006150609,20261006154609,,ME
2026-10-07T02:22:39.169829+00:00,ME20B2b1,22,2,20261007112035,20261006123249,20261006130718,,ME
2026-10-07T02:22:39.169829+00:00,ME20B2b2,21,2,20261007112041,20260916145246,20260916145416,,ME
2026-10-07T02:22:39.169829+00:00,ME20B2b2,22,2,20261007112041,20260925110458,20260925114155,,ME
2026-10-07T02:22:39.169829+00:00,ME20B2b3,21,2,20261007111618,20261006153025,20261006161025,,ME
2026-10-07T02:22:39.169829+00:00,ME20B2b3,22,2,20261007111618,20261007065135,20261007073135,,ME
2026-10-07T02:22:39.169829+00:00,ME20B2b4,01,2,20261007111817,20261002092503,20261002100503,,ME
2026-10-07T02:22:39.169829+00:00,ME20B2b4,02,2,20261007111946,20261001134855,20261001142855,,ME
2026-10-07T02:22:39.169829+00:00,ME20B418,41,2,20261007111928,20261006174819,20261006180320,,ME
2026-10-07T02:22:39.169829+00:00,ME20B418,42,2,20261007111953,20261007093946,20261007094923,,ME
2026-10-07T02:22:39.169829+00:00,ME20B418,43,2,20261007112008,20261006140840,20261006144840,,ME
2026-10-07T02:22:39.169829+00:00,ME20B418,44,3,20261007111711,20261006191741,20261006194638,20261007105208,ME
2026-10-07T02:22:39.169829+00:00,ME21B256,01,3,20261007111958,20261006115503,20261006122725,20261007110745,ME
2026-10-07T02:22:39.169829+00:00,ME21B409,01,3,20261007112002,20261007095820,20261007101123,20261007104121,ME
2026-10-07T02:22:39.169829+00:00,ME21D086,01,3,20261007112000,20261006174616,20261006180621,20261007104531,ME
2026-10-07T02:22:39.169829+00:00,ME21D107,01,3,20261007112051,20261007063241,20261007070310,20261007110236,ME
2026-10-07T02:22:39.169829+00:00,ME21D108,01,2,20261007111859,20261006121342,20261006124501,,ME
2026-10-07T02:22:39.169829+00:00,ME21X010,01,2,20261007111646,20261007083908,20261007084254,,ME
2026-10-07T02:22:39.169829+00:00,ME21X014,01,2,20261007112057,20261007104220,20261007110123,,ME
2026-10-07T02:22:39.169829+00:00,ME21X015,01,2,20261007111617,20261007070244,20261007074545,,ME
2026-10-07T02:22:39.169829+00:00,ME22C1G2,01,2,20261007111851,20261007111712,20261007111856,,ME
2026-10-07T02:22:39.169829+00:00,ME22C1G3,01,2,20261007111414,20261007105631,20261007111413,,ME
2026-10-07T02:22:39.169829+00:00,ME22C286,01,3,20261007112012,20261006154352,20261006155414,20261007111816,ME
2026-10-07T02:22:39.169829+00:00,ME22C305,01,2,20261007111947,20261007100146,20261007100410,,ME
2026-10-07T02:22:39.169829+00:00,ME22C305,03,3,20261007111926,20261007103337,20261007110428,20261007111922,ME
2026-10-07T02:22:39.169829+00:00,ME22D155,01,2,20261007111927,20261007094022,20261007095832,,ME
2026-10-07T02:22:39.169829+00:00,ME22D156,01,2,20261007111735,20261006212118,20261006220118,,ME
2026-10-07T02:22:39.169829+00:00,ME22D161,01,2,20261007112051,20261007111626,20261007111824,,ME
2026-10-07T02:22:39.169829+00:00,ME22D162,01,2,20261007111857,20261007103756,20261007110730,,ME
2026-10-07T02:22:39.169829+00:00,ME22D176,01,2,20261007112049,20261005160320,20261005164320,,ME
2026-10-07T02:22:39.169829+00:00,ME22D1H0,01,2,20261007111853,20261007085303,20261007093254,,ME
2026-10-07T02:22:39.169829+00:00,ME22D219,01,2,20261007111933,20261006200952,20261006204952,,ME
2026-10-07T02:22:39.169829+00:00,ME22D219,02,2,20261007111629,20261007092002,20261007100002,,ME
2026-10-07T02:22:39.169829+00:00,ME22D235,01,2,20261007111920,20261007081852,20261007081943,,ME
2026-10-07T02:22:39.169829+00:00,ME22D235,02,2,20261007112028,20261007105041,20261007111514,,ME
2026-10-07T02:22:39.169829+00:00,ME22D401,01,3,20261007111922,20261007103814,20261007105045,20261007105349,ME
2026-10-07T02:22:39.169829+00:00,ME22D401,02,2,20261007111926,20261007101056,20261007103454,,ME
2026-10-07T02:22:39.169829+00:00,ME22D401,03,3,20261007112033,20261007095531,20261007102731,20261007104527,ME
2026-10-07T02:22:39.169829+00:00,ME22D401,04,3,20261007111651,20261007103033,20261007104141,20261007110621,ME
2026-10-07T02:22:39.169829+00:00,ME25C183,01,2,20261007112019,20261006152302,20261006152434,,ME
2026-10-07T02:22:39.169829+00:00,ME25C184,01,2,20261007111905,20261007094932,20261007100706,,ME
2026-10-07T02:22:39.169829+00:00,ME25C282,21,2,20261007112054,20261007085217,20261007093219,,ME
2026-10-07T02:22:39.169829+00:00,ME25C282,22,2,20261007112056,20261006140629,20261006144539,,ME
2026-10-07T02:22:39.169829+00:00,ME25C283,01,2,20261007112017,20261006170012,20261006173622,,ME
2026-10-07T02:22:39.169829+00:00,ME25C283,02,2,20261007111911,20261007080130,20261007083431,,ME
2026-10-07T02:22:39.169829+00:00,ME25C284,01,2,20261007111633,20260930133648,20260930141649,,ME
2026-10-07T02:22:39.169829+00:00,ME25C284,02,2,20261007111728,20261006170353,20261006173237,,ME
2026-10-07T02:22:39.169829+00:00,BE250111,01,2,20261007111538,20261007105047,20261007111538,,BE
2026-10-07T02:22:39.169829+00:00,BE250116,01,3,20261007112158,20261007112158,20261006181830,20261007112158,BE
2026-10-07T02:22:39.169829+00:00,BT000077,01,9,20261007111810,20261007090141,20261007101522,,BT
2026-10-07T02:22:39.169829+00:00,BT100008,02,3,20261007111418,20261007083313,20261007073852,20261007083313,BT
2026-10-07T02:22:39.169829+00:00,CI0O0028,02,3,20261007112048,20261007112048,20261007101015,20261007112048,CI
2026-10-07T02:22:39.169829+00:00,CV000664,02,2,20261007112031,20261007082231,20261007111808,,CV
2026-10-07T02:22:39.169829+00:00,CV001190,01,1,20261007112026,20261006101309,20261006103449,,CV
2026-10-07T02:22:39.169829+00:00,CV001190,02,1,20261007112026,20261001151943,20261001154735,,CV
2026-10-07T02:22:39.169829+00:00,CV001521,04,2,20261007111526,20261007083822,20261007111217,,CV
2026-10-07T02:22:39.169829+00:00,CV001572,01,2,20261007112028,20261007083801,20261007111846,,CV
2026-10-07T02:22:39.169829+00:00,CV002095,02,2,20261007111538,20261007101400,20261007111402,,CV
2026-10-07T02:22:39.169829+00:00,CV004781,01,2,20261007112102,20261007104720,20261007111916,,CV
2026-10-07T02:22:39.169829+00:00,EC980012,12,2,20261007111802,20261007083050,20261007101259,,EC
2026-10-07T02:22:39.169829+00:00,EV018536,03,2,20261007111913,20261006200941,20261007035958,,EV
2026-10-07T02:22:39.169829+00:00,GS000117,02,2,20261007111607,20261005211509,20261005220623,,GS
2026-10-07T02:22:39.169829+00:00,GS000117,03,2,20261007112208,20261007104257,20261007112208,,GS
2026-10-07T02:22:39.169829+00:00,GS000117,04,3,20261007111907,20261007111907,20261007072957,20261007111907,GS
2026-10-07T02:22:39.169829+00:00,GS000135,02,2,20261007111607,20261007100347,20261007111607,,GS
2026-10-07T02:22:39.169829+00:00,HD000018,03,3,20261007111500,20261007111445,20261007103157,20261007111445,HD
2026-10-07T02:22:39.169829+00:00,HD000028,04,3,20261007112100,20261007112051,20261007080122,20261007112051,HD
2026-10-07T02:22:39.169829+00:00,HE000019,01,3,20261007111900,20261007111900,20261007093000,20261007111900,HE
2026-10-07T02:22:39.169829+00:00,HE001145,01,3,20261007112100,20261007112100,20261007082500,20261007112100,HE
2026-10-07T02:22:39.169829+00:00,HE001145,02,3,20261007111700,20261007111700,20261006195800,20261007111700,HE
2026-10-07T02:22:39.169829+00:00,HE230009,01,2,20261007112100,20261006155015,20261006155236,,HE
2026-10-07T02:22:39.169829+00:00,HE230009,02,3,20261007112100,20261007103100,20261006184341,20261007103100,HE
2026-10-07T02:22:39.169829+00:00,HE230094,01,9,20261007111810,20261006165403,20261006170715,,HE
2026-10-07T02:22:39.169829+00:00,HE230094,02,9,20261007111810,20261007100400,20261007103700,,HE
2026-10-07T02:22:39.169829+00:00,HE240103,01,9,20261007111310,20261007103300,20261007094000,20261007103300,HE
2026-10-07T02:22:39.169829+00:00,HE240103,02,9,20261007111310,20261007101500,20261007102600,,HE
2026-10-07T02:22:39.169829+00:00,HE240172,02,2,20261007112200,20261007110700,20261007112200,,HE
2026-10-07T02:22:39.169829+00:00,HM003000,12,2,20261007112029,20260825143054,20260825150351,,HM
2026-10-07T02:22:39.169829+00:00,HM003000,74,2,20261007111819,20261007100939,20261007101207,,HM
2026-10-07T02:22:39.169829+00:00,HM003000,79,2,20261007111622,20261003130541,20261003165639,,HM
2026-10-07T02:22:39.169829+00:00,HRA00049,01,9,20261007111810,20261007014537,20261007014537,,HR
2026-10-07T02:22:39.169829+00:00,HY000646,07,3,20261007111503,20261007111432,20261007105943,20261007111432,HY
2026-10-07T02:22:39.169829+00:00,JA500004,03,3,20261007112005,20261007112005,20261007110703,20261007112005,JA
2026-10-07T02:22:39.169829+00:00,JD000001,01,3,20261007112035,20261007112035,20261007095112,20261007091714,JD
2026-10-07T02:22:39.169829+00:00,JD000003,02,2,20261007111848,20261007102342,20261007111733,,JD
2026-10-07T02:22:39.169829+00:00,JD000003,10,2,20261007111700,20261007073900,20261007111700,,JD
2026-10-07T02:22:39.169829+00:00,JD000003,12,3,20261007111738,20261007111738,20261007111340,20261007111715,JD
2026-10-07T02:22:39.169829+00:00,JD000007,01,3,20261007111848,20261007111848,20261007101327,20261007111758,JD
2026-10-07T02:22:39.169829+00:00,JD000015,01,3,20261007112200,20261007112200,20261007085300,20261007112200,JD
2026-10-07T02:22:39.169829+00:00,JD000038,03,2,20261007111448,20261007103542,20261007110829,,JD
2026-10-07T02:22:39.169829+00:00,JD000054,01,3,20261007112200,20261007112200,20260820143748,20261007112200,JD
2026-10-07T02:22:39.169829+00:00,JD100001,01,3,20261007112035,20261007112035,20261007104411,20261007112022,JD
2026-10-07T02:22:39.169829+00:00,JD100002,01,2,20261007111937,20261007111436,20261007111857,,JD
2026-10-07T02:22:39.169829+00:00,JD110075,06,3,20261007111738,20261007111738,20261007084550,20261007111624,JD
2026-10-07T02:22:39.169829+00:00,JD110083,01,3,20261007112134,20261007112134,20261007091856,20261007112058,JD
2026-10-07T02:22:39.169829+00:00,JD110104,01,2,20261007111849,20261007104217,20261007111602,,JD
2026-10-07T02:22:39.169829+00:00,JD110124,03,2,20261007111238,20261007105031,20261007110738,,JD
2026-10-07T02:22:39.169829+00:00,JD110134,01,3,20261007111551,20261007111551,20261006165708,20261007111514,JD
2026-10-07T02:22:39.169829+00:00,JD110135,01,3,20261007111849,20261007111849,20261007032121,20261007111734,JD
2026-10-07T02:22:39.169829+00:00,JE010029,04,2,20261007112039,20261007000755,20261007043210,,JE
2026-10-07T02:22:39.169829+00:00,JE010044,12,2,20261007112039,20261007110855,20261007111942,,JE
2026-10-07T02:22:39.169829+00:00,JE010044,16,2,20261007111631,20261007104858,20261007110649,,JE
2026-10-07T02:22:39.169829+00:00,JE010130,03,2,20261007111631,20261006132454,20261006140810,,JE
2026-10-07T02:22:39.169829+00:00,JE010137,02,2,20261007111827,20261006210421,20261006235218,,JE
2026-10-07T02:22:39.169829+00:00,JE010162,03,2,20261007112039,20261006173255,20261007015722,,JE
2026-10-07T02:22:39.169829+00:00,JE010179,04,3,20261007111631,20261006181715,20261006231455,20261007111529,JE
2026-10-07T02:22:39.169829+00:00,JE010216,02,3,20261007112040,20261006201920,20261007100237,20261007111928,JE
2026-10-07T02:22:39.169829+00:00,JE010228,03,2,20261007111827,20261007100437,20261007110458,,JE
2026-10-07T02:22:39.169829+00:00,JE010238,02,3,20261007111427,20261007074322,20261007084955,20261007111347,JE
2026-10-07T02:22:39.169829+00:00,JE010281,02,3,20261007112040,20261007100407,20261007102303,20261007111844,JE
2026-10-07T02:22:39.169829+00:00,JE010281,03,3,20261007111827,20261007095217,20261007101857,20261007111733,JE
2026-10-07T02:22:39.169829+00:00,JE010281,04,3,20261007111827,20261007095252,20261007101857,20261007111707,JE
2026-10-07T02:22:39.169829+00:00,JE010289,04,3,20261007111631,20261005134020,20261005135131,20261007111557,JE
2026-10-07T02:22:39.169829+00:00,JE010289,05,2,20261007112040,20261007104341,20261007111525,,JE
2026-10-07T02:22:39.169829+00:00,JE010301,01,1,20261007112040,20260924162533,20260924180633,,JE
2026-10-07T02:22:39.169829+00:00,JE010313,01,1,20261007112040,20261006163128,20261006191332,,JE
2026-10-07T02:22:39.169829+00:00,JE010321,01,2,20261007111828,20260921162202,20260921174211,,JE
2026-10-07T02:22:39.169829+00:00,JE010327,05,2,20261007111427,20261007103605,20261007111425,,JE
2026-10-07T02:22:39.169829+00:00,JE010328,01,1,20261007112040,20260812184608,20260813045802,,JE
2026-10-07T02:22:39.169829+00:00,JE010336,01,1,20261007111632,20261002100900,20261002105717,,JE
2026-10-07T02:22:39.169829+00:00,JE010347,01,2,20261007111427,20261006090453,20261006115704,,JE
2026-10-07T02:22:39.169829+00:00,JE010363,01,2,20261007111828,20261002192958,20261002213328,,JE
2026-10-07T02:22:39.169829+00:00,JE010364,02,3,20261007111632,20261007090040,20261007093204,20261007111615,JE
2026-10-07T02:22:39.169829+00:00,JE010366,01,2,20261007111828,20261003200009,20261003202248,,JE
2026-10-07T02:22:39.169829+00:00,JE045001,11,2,20261007111632,20261005052840,20261005093338,,JE
2026-10-07T02:22:39.169829+00:00,JE045002,19,1,20261007112041,20261004220343,20261005034409,,JE
2026-10-07T02:22:39.169829+00:00,JE045002,21,1,20261007111632,20251102190103,20251102203125,,JE
2026-10-07T02:22:39.169829+00:00,JE045002,23,1,20261007111632,20220917172715,20220917195132,,JE
2026-10-07T02:22:39.169829+00:00,JE045002,25,1,20261007111632,,,,JE
2026-10-07T02:22:39.169829+00:00,JE045002,27,1,20261007111632,20250906095128,20250906103102,,JE
2026-10-07T02:22:39.169829+00:00,JE045002,29,1,20261007111632,20251126214508,20251127013209,,JE
2026-10-07T02:22:39.169829+00:00,JE045005,27,1,20261007111632,20261004063404,20261004131258,,JE
2026-10-07T02:22:39.169829+00:00,JE045005,31,1,20261007111632,20260513085023,20260513113310,,JE
2026-10-07T02:22:39.169829+00:00,JE045005,33,1,20261007111632,20260918093754,20260918125140,,JE
2026-10-07T02:22:39.169829+00:00,JE045005,35,1,20261007111632,20260722124944,20260722153949,,JE
2026-10-07T02:22:39.169829+00:00,JE045005,39,1,20261007112041,20260718181958,20260718232913,,JE
2026-10-07T02:22:39.169829+00:00,JE045005,43,1,20261007112041,20261007063648,20261007101503,,JE
2026-10-07T02:22:39.169829+00:00,JE045005,45,2,20261007111428,20261007054118,20261007111250,,JE
2026-10-07T02:22:39.169829+00:00,JE045006,52,1,20261007111632,20261004063221,20261004083914,,JE
2026-10-07T02:22:39.169829+00:00,JE045006,53,1,20261007112041,20261006124808,20261006204629,,JE
2026-10-07T02:22:39.169829+00:00,JE900019,02,1,20261007112041,20261006192602,20261006215106,,JE
2026-10-07T02:22:39.169829+00:00,JE900039,02,1,20261007112041,20261006155638,20261006183347,,JE
2026-10-07T02:22:39.169829+00:00,JE900049,01,1,20261007112041,20261006221158,20261006232228,,JE
2026-10-07T02:22:39.169829+00:00,JE900050,02,2,20261007111829,20261006122929,20261006184025,,JE
2026-10-07T02:22:39.169829+00:00,JE900060,04,3,20261007111829,20261007045512,20261007064513,20261007111740,JE
2026-10-07T02:22:39.169829+00:00,JE900071,02,2,20261007111829,20261001222805,20261002051035,,JE
2026-10-07T02:22:39.169829+00:00,JE900085,03,3,20261007111829,20261007075253,20261007085310,20261007111636,JE
2026-10-07T02:22:39.169829+00:00,JE900093,01,1,20261007111633,20261006090236,20261006110909,,JE
2026-10-07T02:22:39.169829+00:00,JE900114,04,2,20261007111829,20261002163910,20261002193935,,JE
2026-10-07T02:22:39.169829+00:00,JE900120,03,2,20261007111829,20261005131600,20261005233744,,JE
2026-10-07T02:22:39.169829+00:00,JE900124,02,1,20261007112041,20261006074510,20261006163552,,JE
2026-10-07T02:22:39.169829+00:00,JE900195,01,3,20261007111829,20261007074456,20261007081255,20261007111740,JE
2026-10-07T02:22:39.169829+00:00,JE900205,03,3,20261007111633,20261007094010,20261007100022,20261007111623,JE
2026-10-07T02:22:39.169829+00:00,JE900229,05,3,20261007112042,20261006163939,20261006225838,20261007111955,JE
2026-10-07T02:22:39.169829+00:00,JE900231,01,2,20261007111633,20261006195606,20261006225258,,JE
2026-10-07T02:22:39.169829+00:00,JE900231,02,2,20261007111829,20260930222814,20261001011943,,JE
2026-10-07T02:22:39.169829+00:00,JE900231,03,2,20261007111633,20261005235340,20261006040843,,JE
2026-10-07T02:22:39.169829+00:00,JE900231,04,2,20261007111633,20261005194530,20261006025854,,JE
2026-10-07T02:22:39.169829+00:00,JE900231,05,2,20261007111633,20261006205521,20261007032424,,JE
2026-10-07T02:22:39.169829+00:00,JE900239,01,2,20261007111633,20261004173649,20261005001237,,JE
2026-10-07T02:22:39.169829+00:00,JE900244,01,2,20261007111633,20261005085510,20261005090147,,JE
2026-10-07T02:22:39.169829+00:00,JE900245,01,2,20261007111429,20261006210429,20261006230907,,JE
2026-10-07T02:22:39.169829+00:00,JE910013,01,2,20261007111633,20261006085917,20261006164055,,JE
2026-10-07T02:22:39.169829+00:00,JE910013,02,2,20261007111829,20261005084051,20261005114131,,JE
2026-10-07T02:22:39.169829+00:00,JE910013,03,2,20261007111633,20261006075019,20261006154315,,JE
2026-10-07T02:22:39.169829+00:00,JE910019,01,2,20261007111829,20261006220356,20261007000103,,JE
2026-10-07T02:22:39.169829+00:00,JE910035,06,2,20261007111829,20261006112519,20261006150233,,JE
2026-10-07T02:22:39.169829+00:00,JE910038,01,2,20261007111633,20261007012909,20261007035918,,JE
2026-10-07T02:22:39.169829+00:00,JE910045,08,2,20261007112042,20260922090849,20260922090859,,JE
2026-10-07T02:22:39.169829+00:00,JE910114,01,2,20261007111633,20261006161348,20261006172025,,JE
2026-10-07T02:22:39.169829+00:00,JE910114,02,2,20261007111633,20261005044653,20261005111848,,JE
2026-10-07T02:22:39.169829+00:00,JE910139,01,3,20261007111633,20261006154922,20261006170144,20261007111438,JE
2026-10-07T02:22:39.169829+00:00,KL001852,07,3,20261007111901,20261007111901,20261007013127,20261007105719,KL
2026-10-07T02:22:39.169829+00:00,KP000404,03,2,20261007112016,20261007095105,20261007105114,,KP
2026-10-07T02:22:39.169829+00:00,KP000412,02,3,20261007112023,20261006183029,20261006183719,20261007111830,KP
2026-10-07T02:22:39.169829+00:00,KP001782,02,3,20261007112010,20261006201536,20261007032111,20261007111614,KP
2026-10-07T02:22:39.169829+00:00,KP002229,03,3,20261007112023,20261007111501,20261007111504,20261007111844,KP
2026-10-07T02:22:39.169829+00:00,KP002762,01,2,20261007112022,20261007104538,20261007111648,,KP
2026-10-07T02:22:39.169829+00:00,KP003448,02,2,20261007112026,20261007105134,20261007111900,,KP
2026-10-07T02:22:39.169829+00:00,KP005801,01,2,20261007112012,20261007103500,20261007111241,,KP
2026-10-07T02:22:39.169829+00:00,KP005802,01,2,20261007112028,20261007110107,20261007111302,,KP
2026-10-07T02:22:39.169829+00:00,LI000102,01,2,20261007111728,20261007111728,20261007111728,,LI
2026-10-07T02:22:39.169829+00:00,NT100505,06,3,20261007111650,20261007111650,20261007075550,20261007111650,NT
2026-10-07T02:22:39.169829+00:00,PI306058,01,3,20261007111631,20261007111535,20261007102027,20261007102119,PI
2026-10-07T02:22:39.169829+00:00,PI640315,01,9,20261007111310,20261007094115,20260923135101,20261007094133,PI
2026-10-07T02:22:39.169829+00:00,PI640337,07,2,20261007112155,20261007085342,20261007111543,,PI
2026-10-07T02:22:39.169829+00:00,PI773599,11,2,20261007111317,20261007083838,20261007111027,,PI
2026-10-07T02:22:39.169829+00:00,PK000305,02,2,20261007112143,20261007102915,20261007111459,,PK
2026-10-07T02:22:39.169829+00:00,PK000305,03,2,20261007112143,20261007103335,20261007111302,,PK
2026-10-07T02:22:39.169829+00:00,PK000305,04,2,20261007112143,20261007103411,20261007111302,,PK
2026-10-07T02:22:39.169829+00:00,PK000306,05,2,20261007112143,20261007101850,20261007111101,,PK
2026-10-07T02:22:39.169829+00:00,PL027090,06,2,20261007111348,20261007082213,20261007111348,,PL
2026-10-07T02:22:39.169829+00:00,PW015171,01,3,20261007112111,20261007112111,20261006163047,20261007111520,PW
2026-10-07T02:22:39.169829+00:00,PW015362,02,2,20261007112116,20261007031839,20261007061902,,PW
2026-10-07T02:22:39.169829+00:00,PWE06067,03,3,20261007111909,20261007111909,20261007111010,20261007111909,PW
2026-10-07T02:22:39.169829+00:00,ST501126,01,3,20261007112135,20261007112135,20261007084530,20261007080540,ST
2026-10-07T02:22:39.169829+00:00,ST600047,02,2,20261007112203,20261007104957,20261007112203,,ST
2026-10-07T02:22:39.169829+00:00,ST600312,02,2,20261007112203,20261007050206,20261007051314,,ST
2026-10-07T02:22:39.169829+00:00,ST600713,04,2,20261007111618,20261007105254,20261007111220,,ST
2026-10-07T02:22:39.169829+00:00,ST601107,24,2,20261007111619,20261005083803,20261007111619,,ST
2026-10-07T02:22:39.169829+00:00,TDO00090,01,2,20261007111503,20261006212849,20261007024214,,TD
2026-10-07T02:22:39.169829+00:00,ME174046,01,2,20261007111653,20261006153737,20261006155127,,ME
2026-10-07T02:22:39.169829+00:00,ME174050,01,2,20261007111753,20261001170730,20261001170951,,ME
2026-10-07T02:22:39.169829+00:00,ME174050,02,2,20261007111833,20261007100432,20261007104754,,ME
2026-10-07T02:22:39.169829+00:00,ME174050,03,2,20261007112028,20261006110720,20261006113026,,ME
2026-10-07T02:22:39.169829+00:00,ME174050,04,2,20261007111810,20261006150433,20261006154323,,ME
2026-10-07T02:22:39.169829+00:00,ME174050,05,2,20261007111808,20261005144243,20261005151909,,ME
2026-10-07T02:22:39.169829+00:00,ME174061,01,2,20261007112057,20261006160425,20261006162156,,ME
2026-10-07T02:22:39.169829+00:00,ME174062,01,2,20261007111818,20261005130453,20261005134029,,ME
2026-10-07T02:22:39.169829+00:00,ME183101,01,2,20261007112110,20261006164049,20261006164233,,ME
2026-10-07T02:22:39.169829+00:00,ME183101,02,2,20261007111741,20261005115439,20261005121956,,ME
2026-10-07T02:22:39.169829+00:00,ME183101,03,2,20261007111610,20261006124629,20261006131009,,ME
2026-10-07T02:22:39.169829+00:00,ME183101,04,2,20261007111745,20261007082811,20261007083717,,ME
2026-10-07T02:22:39.169829+00:00,ME183101,52,2,20261007111737,20261004145214,20261004150345,,ME
2026-10-07T02:22:39.169829+00:00,ME183101,54,2,20261007111750,20261004141031,20261004141201,,ME
2026-10-07T02:22:39.169829+00:00,ME183102,02,3,20261007112032,20261006050530,20261006054836,20261007111530,ME
2026-10-07T02:22:39.169829+00:00,ME183102,52,2,20261007111726,20261006112945,20261006121250,,ME
2026-10-07T02:22:39.169829+00:00,ME184122,01,2,20261007112000,20261006210950,20261006214400,,ME
2026-10-07T02:22:39.169829+00:00,ME184124,01,2,20261007111817,20261006184026,20261006190416,,ME
2026-10-07T02:22:39.169829+00:00,ME184125,01,2,20261007111653,20261006144530,20261006150314,,ME
2026-10-07T02:22:39.169829+00:00,ME184126,02,2,20261007111638,20261007100908,20261007102613,,ME
2026-10-07T02:22:39.169829+00:00,ME18A173,01,3,20261007112038,20261007062150,20261007062910,20261007111116,ME
2026-10-07T02:22:39.169829+00:00,ME18A174,01,2,20261007111945,20261006194114,20261006202419,,ME
2026-10-07T02:22:39.169829+00:00,ME18A175,01,2,20261007112030,20261007082050,20261007085819,,ME
2026-10-07T02:22:39.169829+00:00,ME18A180,01,2,20261007111614,20261006130329,20261006133155,,ME
2026-10-07T02:22:39.169829+00:00,ME18A268,11,2,20261007111809,20261006223256,20261006223914,,ME
2026-10-07T02:22:39.169829+00:00,ME18A268,12,2,20261007111806,20261007092817,20261007101100,,ME
2026-10-07T02:22:39.169829+00:00,ME18A269,11,2,20261007111938,20261006112854,20261006115659,,ME
2026-10-07T02:22:39.169829+00:00,ME18A269,12,2,20261007111932,20261006103338,20261006111641,,ME
2026-10-07T02:22:39.169829+00:00,ME18A270,11,2,20261007111935,20261007090021,20261007092403,,ME
2026-10-07T02:22:39.169829+00:00,ME18A270,12,2,20261007111932,20261007074940,20261007081301,,ME
2026-10-07T02:22:39.169829+00:00,ME18A271,01,2,20261007111903,20261003154138,20261003161603,,ME
2026-10-07T02:22:39.169829+00:00,ME18A271,02,2,20261007112044,20261007061035,20261007065038,,ME
2026-10-07T02:22:39.169829+00:00,ME18A272,11,2,20261007111618,20261006173035,20261006180734,,ME
2026-10-07T02:22:39.169829+00:00,ME18A272,12,2,20261007111613,20261006142857,20261006151201,,ME
2026-10-07T02:22:39.169829+00:00,ME18A273,11,2,20261007111753,20261006145306,20261006152548,,ME
2026-10-07T02:22:39.169829+00:00,ME18A273,12,2,20261007111758,20261007103638,20261007105142,,ME
2026-10-07T02:22:39.169829+00:00,ME18A274,11,2,20261007111947,20261006103459,20261006105851,,ME
2026-10-07T02:22:39.169829+00:00,ME18A274,12,2,20261007111943,20261006163246,20261006171550,,ME
2026-10-07T02:22:39.169829+00:00,ME18A275,11,3,20261007112036,20261007110120,20261007111140,20261007111237,ME
2026-10-07T02:22:39.169829+00:00,ME18A275,12,2,20261007112031,20261006182842,20261006183412,,ME
2026-10-07T02:22:39.169829+00:00,ME18A281,11,2,20261007111801,20260930150635,20260930151317,,ME
2026-10-07T02:22:39.169829+00:00,ME18A281,12,2,20261007111807,20261007103605,20261007105453,,ME
2026-10-07T02:22:39.169829+00:00,ME18A306,01,2,20261007111825,20261006192822,20261006193837,,ME
2026-10-07T02:22:39.169829+00:00,ME18A306,11,2,20261007111813,20261002121626,20261002130155,,ME
2026-10-07T02:22:39.169829+00:00,ME18A306,12,2,20261007111818,20261006203629,20261006210538,,ME
2026-10-07T02:22:39.169829+00:00,ME18A404,03,3,20261007112106,20261006125146,20261006131714,20261007110848,ME
2026-10-07T02:22:39.169829+00:00,ME18A404,04,2,20261007111604,20261006103336,20261006105130,,ME
2026-10-07T02:22:39.169829+00:00,ME19B169,01,2,20261007112007,20261004194711,20261004200504,,ME
2026-10-07T02:22:39.169829+00:00,ME19B170,01,2,20261007111958,20261007065629,20261007073555,,ME
2026-10-07T02:22:39.169829+00:00,ME19B171,01,2,20261007111913,20261007103320,20261007105325,,ME
2026-10-07T02:22:39.169829+00:00,ME19B172,01,2,20261007111925,20261006214119,20261006220213,,ME
2026-10-07T02:22:39.169829+00:00,ME19B173,01,2,20261007111704,20261007102221,20261007103711,,ME
2026-10-07T02:22:39.169829+00:00,ME19B242,22,3,20261007111904,20261007085645,20261007093653,20261007111359,ME
2026-10-07T02:22:39.169829+00:00,ME19B404,21,2,20261007111552,20261006165651,20261006173657,,ME
2026-10-07T02:22:39.169829+00:00,ME19B404,22,2,20261007111552,20261006111043,20261006114601,,ME
2026-10-07T02:22:39.169829+00:00,ME19B404,24,2,20261007111434,20261007104657,20261007111427,,ME
2026-10-07T02:22:39.169829+00:00,ME20B1e1,01,2,20261007111612,20261006142807,20261006144240,,ME
2026-10-07T02:22:39.169829+00:00,ME20B1e2,01,2,20261007111901,20261006165432,20261006173427,,ME
2026-10-07T02:22:39.169829+00:00,ME20B1e3,01,2,20261007111620,20261006103429,20261006105255,,ME
2026-10-07T02:22:39.169829+00:00,ME20B2a0,91,2,20261007112026,20261007103656,20261007111448,,ME
2026-10-07T02:22:39.169829+00:00,ME20B2a0,92,2,20261007112023,20261005122044,20261005123945,,ME
2026-10-07T02:22:39.169829+00:00,ME20B2a1,21,2,20261007112011,20260930153947,20260930161947,,ME
2026-10-07T02:22:39.169829+00:00,ME20B2a1,22,2,20261007112011,20260923104352,20260923104521,,ME
2026-10-07T02:22:39.169829+00:00,ME20B2a2,21,2,20261007111726,20261004120141,20261004120858,,ME
2026-10-07T02:22:39.169829+00:00,ME20B2a2,22,2,20261007111726,20261002070459,20261002072043,,ME
2026-10-07T02:22:39.169829+00:00,ME20B416,21,2,20261007111917,20261004103641,20261004105011,,ME
2026-10-07T02:22:39.169829+00:00,ME20B416,22,2,20261007111918,20261006182144,20261006183046,,ME
2026-10-07T02:22:39.169829+00:00,ME20B416,23,2,20261007111920,20261007105759,20261007110901,,ME
2026-10-07T02:22:39.169829+00:00,ME20B416,24,2,20261007111920,20261007073720,20261007080431,,ME
2026-10-07T02:22:39.169829+00:00,ME20B417,41,2,20261007111757,20261001133924,20261001141346,,ME
2026-10-07T02:22:39.169829+00:00,ME20B417,42,2,20261007111823,20261006183554,20261006191133,,ME
2026-10-07T02:22:39.169829+00:00,ME20B417,43,2,20261007111828,20261007091948,20261007095948,,ME
2026-10-07T02:22:39.169829+00:00,ME20B417,44,2,20261007111824,20261006214850,20261006221727,,ME
2026-10-07T02:22:39.169829+00:00,ME21B1C9,01,3,20261007112101,20261006132230,20261006140535,20261007104427,ME
2026-10-07T02:22:39.169829+00:00,ME21B1D0,01,3,20261007111959,20261006170403,20261006172049,20261007111142,ME
2026-10-07T02:22:39.169829+00:00,ME21D060,01,3,20261007111955,20261007095605,20261007102811,20261007111753,ME
2026-10-07T02:22:39.169829+00:00,ME21D061,01,3,20261007112041,20261007082513,20261007090652,20261007111439,ME
2026-10-07T02:22:39.169829+00:00,ME21D064,01,3,20261007111922,20261007060534,20261007064840,20261007104449,ME
2026-10-07T02:22:39.169829+00:00,ME21D065,01,2,20261007111911,20261007105551,20261007111916,,ME
2026-10-07T02:22:39.169829+00:00,ME21D078,01,3,20261007111921,20261007061938,20261007065149,20261007110104,ME
2026-10-07T02:22:39.169829+00:00,ME21X008,01,2,20261007111733,20261006183615,20261006191936,,ME
2026-10-07T02:22:39.169829+00:00,ME22A611,32,2,20261007111403,20261007103114,20261007110605,,ME
2026-10-07T02:22:39.169829+00:00,ME22D1H1,01,2,20261007111903,20261007095443,20261007100913,,ME
2026-10-07T02:22:39.169829+00:00,ME25C181,01,2,20261007111812,20261007103712,20261007110706,,ME
2026-10-07T02:22:39.169829+00:00,ME25C182,01,4,20261007111758,20261006191807,20261006194754,,ME
2026-10-07T02:22:39.169829+00:00,ME25C281,21,2,20261007112033,20261006183921,20261006185215,,ME
2026-10-07T02:22:39.169829+00:00,ME25C281,22,2,20261007112035,20261007093701,20261007101703,,ME
2026-10-07T02:22:39.169829+00:00,ME25C318,01,2,20261007111701,20261007082744,20261007083540,,ME
2026-10-07T02:22:39.169829+00:00,ME25C318,21,4,20261007112011,20261004134710,20261004140626,,ME
2026-10-07T02:22:39.169829+00:00,ME25C318,22,2,20261007112013,20261006094806,20261006100942,,ME
2026-10-07T02:22:39.169829+00:00,ME25C431,01,2,20261007111647,20260914133046,20260914133228,,ME
2026-10-07T02:22:39.169829+00:00,ME25C431,02,2,20261007111825,20261006181910,20261006183615,,ME
2026-10-07T02:22:39.169829+00:00,ME25C431,03,2,20261007111717,20261007100412,20261007102308,,ME
2026-10-07T02:22:39.169829+00:00,ME25C431,04,2,20261007111806,20261005202832,20261005205200,,ME
2026-10-07T02:22:39.169829+00:00,BE241041,02,3,20261007111349,20261007111349,20261007074706,20261007111349,BE
2026-10-07T02:22:39.169829+00:00,CV004004,03,2,20261007112050,20261007110327,20261007111831,,CV
2026-10-07T02:22:39.169829+00:00,CV004597,05,3,20261007111558,20261007111203,20261007111209,20261007111558,CV
2026-10-07T02:22:39.169829+00:00,EV015655,03,9,20261007112117,20261006082248,20261006112931,,EV
2026-10-07T02:22:39.169829+00:00,HE000973,02,3,20261007111600,20261007111600,20261007075800,20261007111600,HE
2026-10-07T02:22:39.169829+00:00,HE240435,07,2,20261007112200,20261007082600,20261007112200,,HE
2026-10-07T02:22:39.169829+00:00,HE240440,05,3,20261007112200,20261007112200,20260921120033,20261007112200,HE
2026-10-07T02:22:39.169829+00:00,HE240440,08,9,20261007111810,20261007083400,20261007103500,,HE
2026-10-07T02:22:39.169829+00:00,HM000107,11,2,20261007112002,20261006144150,20261006165355,,HM
2026-10-07T02:22:39.169829+00:00,HM000107,15,2,20261007112002,20261003163544,20261003163622,,HM
2026-10-07T02:22:39.169829+00:00,HM000107,17,2,20261007112002,20260910122426,20260910122522,,HM
2026-10-07T02:22:39.169829+00:00,HM900001,01,2,20261007111827,20261007000133,20261007025048,,HM
2026-10-07T02:22:39.169829+00:00,JD000085,05,3,20261007111640,20261007111640,20261007094054,20261007111525,JD
2026-10-07T02:22:39.169829+00:00,JD000106,01,2,20261007111700,20261007111500,20261007111700,,JD
2026-10-07T02:22:39.169829+00:00,JD000106,02,3,20261007111937,20261007111937,20261006142316,20261006140712,JD
2026-10-07T02:22:39.169829+00:00,JD100007,02,3,20261007111640,20261007111640,20261007085430,20261007111617,JD
2026-10-07T02:22:39.169829+00:00,JD160026,01,3,20261007111449,20261007111449,20261007105655,20261007111324,JD
2026-10-07T02:22:39.169829+00:00,JD160034,01,2,20261007112134,20261007104256,20261007111733,,JD
2026-10-07T02:22:39.169829+00:00,JD160047,02,3,20261007111739,20261007111739,20261006215109,20261007111652,JD
2026-10-07T02:22:39.169829+00:00,JD160052,01,3,20261007111345,20261007111345,20261007084505,20261007111308,JD
2026-10-07T02:22:39.169829+00:00,JD160053,07,2,20261007111739,20261007094707,20261007103054,,JD
2026-10-07T02:22:39.169829+00:00,JD160066,01,3,20261007111739,20261007111739,20261006191024,20261007111641,JD
2026-10-07T02:22:39.169829+00:00,JD160089,02,2,20261007112135,20261007091547,20261007111804,,JD
2026-10-07T02:22:39.169829+00:00,JE020025,02,2,20261007112040,20261007053957,20261007110412,,JE
2026-10-07T02:22:39.169829+00:00,JE020044,01,2,20261007111632,20261006073825,20261006092528,,JE
2026-10-07T02:22:39.169829+00:00,JE020091,03,2,20261007111632,20261004073757,20261004095528,,JE
2026-10-07T02:22:39.169829+00:00,JE020107,02,2,20261007111632,20261006182412,20261006210833,,JE
2026-10-07T02:22:39.169829+00:00,JE020113,02,3,20261007111828,20261006123429,20261006125013,20261007111652,JE
2026-10-07T02:22:39.169829+00:00,JE020142,01,1,20261007111632,20260807195851,20260807234051,,JE
2026-10-07T02:22:39.169829+00:00,JE020150,01,2,20261007111828,20261005221009,20261006002720,,JE
2026-10-07T02:22:39.169829+00:00,JE020150,02,2,20261007111828,20261006170747,20261006171047,,JE
2026-10-07T02:22:39.169829+00:00,JE040122,01,2,20261007111828,20261007094933,20261007101807,,JE
2026-10-07T02:22:39.169829+00:00,JE040135,02,3,20261007111632,20261006195934,20261007021644,20261007111516,JE
2026-10-07T02:22:39.169829+00:00,JE043001,33,2,20261007111828,20261007102025,20261007111627,,JE
2026-10-07T02:22:39.169829+00:00,JE043002,35,2,20261007111632,20261006164510,20261006203412,,JE
2026-10-07T02:22:39.169829+00:00,JE043004,23,5,20261007111632,20261007074715,20261007111318,,JE
2026-10-07T02:22:39.169829+00:00,JE900012,01,1,20261007112041,20260804200618,20260805030204,,JE
2026-10-07T02:22:39.169829+00:00,JE900059,03,2,20261007111428,20261007092623,20261007111314,,JE
2026-10-07T02:22:39.169829+00:00,JE900094,03,2,20261007111829,20261002193227,20261002211006,,JE
2026-10-07T02:22:39.169829+00:00,JE900104,02,1,20261007111633,20261002210755,20261003001404,,JE
2026-10-07T02:22:39.169829+00:00,JE900110,02,2,20261007111829,20261006140516,20261006204816,,JE
2026-10-07T02:22:39.169829+00:00,JE900135,01,2,20261007111633,20261006090542,20261006125639,,JE
2026-10-07T02:22:39.169829+00:00,JE900181,01,2,20261007111633,20261006183545,20261006231815,,JE
2026-10-07T02:22:39.169829+00:00,JE900181,02,2,20261007111633,20261006185132,20261006230358,,JE
2026-10-07T02:22:39.169829+00:00,JE900187,02,2,20261007112042,20261007103226,20261007111907,,JE
2026-10-07T02:22:39.169829+00:00,JE900219,01,2,20261007111633,20261004170001,20261004200342,,JE
2026-10-07T02:22:39.169829+00:00,JE900219,02,2,20261007111633,20261004125629,20261004143559,,JE
2026-10-07T02:22:39.169829+00:00,JE910032,01,2,20261007111633,20260913060949,20260913073506,,JE
2026-10-07T02:22:39.169829+00:00,JE910039,01,2,20261007111633,20260816205925,20260817041441,,JE
2026-10-07T02:22:39.169829+00:00,JE910128,06,2,20261007111829,20261006172817,20261006214424,,JE
2026-10-07T02:22:39.169829+00:00,KP003834,02,2,20261007112023,20261007075713,20261007093318,,KP
2026-10-07T02:22:39.169829+00:00,PC000935,05,2,20261007111239,20261007105149,20261007111215,,PC
2026-10-07T02:22:39.169829+00:00,PI306135,01,9,20261007111310,20261007102713,20261006203627,20261007103124,PI
2026-10-07T02:22:39.169829+00:00,PI640365,01,2,20261007111650,20261007101458,20261007111530,,PI
2026-10-07T02:22:39.169829+00:00,PIH01497,03,2,20261007111755,20261007110657,20261007111346,,PI
2026-10-07T02:22:39.169829+00:00,PIH01497,07,3,20261007111755,20261007111334,20261006173859,20261007111755,PI
2026-10-07T02:22:39.169829+00:00,ST501301,27,3,20261007111820,20261004202643,20261006183730,20261007111820,ST
2026-10-07T02:22:39.169829+00:00,ST501318,02,3,20261007111333,20261007111333,20261006110807,20261007111115,ST
2026-10-07T02:22:39.169829+00:00,ST501319,02,3,20261007111936,20260928062009,20261001095503,20261007111936,ST
2026-10-07T02:22:39.169829+00:00,ST501319,03,2,20261007111607,20261006055226,20261007111607,,ST
2026-10-07T02:22:39.169829+00:00,ST501323,01,2,20261007111343,20261006152949,20261007111144,,ST
2026-10-07T02:32:42.179772+00:00,ME174067,01,2,20261007112811,20261006103354,20261006110330,,ME
2026-10-07T02:32:42.179772+00:00,ME181538,01,2,20261007112705,20261006212218,20261006212944,,ME
2026-10-07T02:32:42.179772+00:00,ME181539,01,2,20261007112843,20261006203339,20261006211418,,ME
2026-10-07T02:32:42.179772+00:00,ME181541,01,2,20261007112936,20261005181705,20261005185708,,ME
2026-10-07T02:32:42.179772+00:00,ME184129,01,2,20261007112834,20261003153003,20261003161322,,ME
2026-10-07T02:32:42.179772+00:00,ME184130,01,2,20261007112833,20261007063634,20261007064838,,ME
2026-10-07T02:32:42.179772+00:00,ME184131,01,3,20261007112937,20261007081245,20261007085051,20261007112935,ME
2026-10-07T02:32:42.179772+00:00,ME18A176,01,3,20261007112855,20261006224926,20261006230021,20261007112853,ME
2026-10-07T02:32:42.179772+00:00,ME18A177,01,2,20261007112740,20261006123523,20261006130052,,ME
2026-10-07T02:32:42.179772+00:00,ME18A178,01,2,20261007112717,20261005164341,20261005170217,,ME
2026-10-07T02:32:42.179772+00:00,ME18A179,01,3,20261007112703,20261006090217,20261006091807,20261007112635,ME
2026-10-07T02:32:42.179772+00:00,ME18A276,11,2,20261007113036,20261007100636,20261007102606,,ME
2026-10-07T02:32:42.179772+00:00,ME18A276,12,2,20261007113025,20260925101706,20260925104659,,ME
2026-10-07T02:32:42.179772+00:00,ME18A277,11,2,20261007112941,20261007091125,20261007095318,,ME
2026-10-07T02:32:42.179772+00:00,ME18A277,12,2,20261007112944,20261006191856,20261006195632,,ME
2026-10-07T02:32:42.179772+00:00,ME18A278,01,2,20261007112620,20261007080600,20261007081805,,ME
2026-10-07T02:32:42.179772+00:00,ME18A278,02,2,20261007113105,20261007091906,20261007092031,,ME
2026-10-07T02:32:42.179772+00:00,ME18A279,11,2,20261007113020,20261005154501,20261005162806,,ME
2026-10-07T02:32:42.179772+00:00,ME18A279,12,2,20261007113013,20261007095202,20261007102446,,ME
2026-10-07T02:32:42.179772+00:00,ME18A282,11,2,20261007112722,20261007072925,20261007080119,,ME
2026-10-07T02:32:42.179772+00:00,ME18A282,12,2,20261007112736,20261006173419,20261006174154,,ME
2026-10-07T02:32:42.179772+00:00,ME18A283,11,2,20261007112855,20261007092824,20261007095721,,ME
2026-10-07T02:32:42.179772+00:00,ME18A283,12,2,20261007112848,20261004080825,20261004084258,,ME
2026-10-07T02:32:42.179772+00:00,ME18A307,01,2,20261007112632,20261006131935,20261006134620,,ME
2026-10-07T02:32:42.179772+00:00,ME18A308,01,2,20261007112857,20261007094951,20261007095932,,ME
2026-10-07T02:32:42.179772+00:00,ME18A308,11,2,20261007112814,20261005140606,20261005143350,,ME
2026-10-07T02:32:42.179772+00:00,ME18A308,12,2,20261007112818,20261006121919,20261006122945,,ME
2026-10-07T02:32:42.179772+00:00,ME18A309,01,3,20261007113058,20261007081837,20261007090142,20261007110458,ME
2026-10-07T02:32:42.179772+00:00,ME18A309,11,2,20261007112817,20261006200044,20261006204242,,ME
2026-10-07T02:32:42.179772+00:00,ME18A309,12,2,20261007112823,20261007095212,20261007103612,,ME
2026-10-07T02:32:42.179772+00:00,ME19B174,11,2,20261007112825,20261007100918,20261007102900,,ME
2026-10-07T02:32:42.179772+00:00,ME19B174,12,2,20261007112826,20261007075917,20261007082329,,ME
2026-10-07T02:32:42.179772+00:00,ME19B246,22,3,20261007113045,20261007055340,20261007063451,20261007110452,ME
2026-10-07T02:32:42.179772+00:00,ME19B249,21,3,20261007112943,20261006154848,20261006155030,20261007112731,ME
2026-10-07T02:32:42.179772+00:00,ME19D126,01,2,20261007113048,20261007092948,20261007100338,,ME
2026-10-07T02:32:42.179772+00:00,ME19D127,01,2,20261007112851,20261006075300,20261006083300,,ME
2026-10-07T02:32:42.179772+00:00,ME19D128,01,2,20261007112629,20260927183731,20260927185259,,ME
2026-10-07T02:32:42.179772+00:00,ME19Y240,21,2,20261007112653,20261007101036,20261007103508,,ME
2026-10-07T02:32:42.179772+00:00,ME19Y240,22,2,20261007112653,20261007104124,20261007112124,,ME
2026-10-07T02:32:42.179772+00:00,ME19Y269,01,2,20261007112653,20261006214518,20261006222518,,ME
2026-10-07T02:32:42.179772+00:00,ME19Y269,02,2,20261007112703,20261007083309,20261007090402,,ME
2026-10-07T02:32:42.179772+00:00,ME19Y270,01,2,20261007112914,20261007080122,20261007084122,,ME
2026-10-07T02:32:42.179772+00:00,ME19Y270,02,2,20261007112638,20261007064731,20261007071715,,ME
2026-10-07T02:32:42.179772+00:00,ME19Y271,01,2,20261007112715,20261007091115,20261007092241,,ME
2026-10-07T02:32:42.179772+00:00,ME19Y271,02,2,20261007113017,20261007071303,20261007075303,,ME
2026-10-07T02:32:42.179772+00:00,ME20B1e4,01,2,20261007113055,20261007071305,20261007072409,,ME
2026-10-07T02:32:42.179772+00:00,ME20B1e5,01,2,20261007112905,20261007105454,20261007111040,,ME
2026-10-07T02:32:42.179772+00:00,ME20B1e6,91,2,20261007112646,20261007105624,20261007105949,,ME
2026-10-07T02:32:42.179772+00:00,ME20B2a3,21,2,20261007112954,20261007102710,20261007110710,,ME
2026-10-07T02:32:42.179772+00:00,ME20B2a3,22,2,20261007112954,20261007102154,20261007110024,,ME
2026-10-07T02:32:42.179772+00:00,ME20B2a4,21,2,20261007113048,20261007104456,20261007110256,,ME
2026-10-07T02:32:42.179772+00:00,ME20B2a4,22,2,20261007113048,20261007090718,20261007094718,,ME
2026-10-07T02:32:42.179772+00:00,ME20B2a5,21,2,20261007112927,20261007092832,20261007094508,,ME
2026-10-07T02:32:42.179772+00:00,ME20B2a5,22,2,20261007112927,20261007101836,20261007102805,,ME
2026-10-07T02:32:42.179772+00:00,ME20B2a6,21,2,20261007112910,20261002085825,20261002092516,,ME
2026-10-07T02:32:42.179772+00:00,ME20B2a6,22,2,20261007112910,20261006212930,20261006220930,,ME
2026-10-07T02:32:42.179772+00:00,ME20B2a7,21,2,20261007113012,20261006211831,20261006215831,,ME
2026-10-07T02:32:42.179772+00:00,ME20B2a7,22,3,20261007112806,20261007101030,20261007101851,20261007112304,ME
2026-10-07T02:32:42.179772+00:00,ME20B2a8,21,2,20261007112805,20261006200926,20261006204926,,ME
2026-10-07T02:32:42.179772+00:00,ME20B2a8,22,2,20261007112805,20261007072421,20261007074703,,ME
2026-10-07T02:32:42.179772+00:00,ME20B2a9,21,5,20261007112803,20261006180949,20261006184331,,ME
2026-10-07T02:32:42.179772+00:00,ME20B2a9,22,5,20261007112803,20261007085702,20261007091626,,ME
2026-10-07T02:32:42.179772+00:00,ME20B2b0,21,5,20261007112813,20261005143505,20261005150342,,ME
2026-10-07T02:32:42.179772+00:00,ME20B2b0,22,2,20261007112813,20261005175606,20261005182530,,ME
2026-10-07T02:32:42.179772+00:00,ME20B2b1,21,2,20261007113035,20261007112741,20261007112916,,ME
2026-10-07T02:32:42.179772+00:00,ME20B2b1,22,3,20261007113029,20261006123249,20261006130718,20261007113028,ME
2026-10-07T02:32:42.179772+00:00,ME20B2b2,21,2,20261007113041,20260916145246,20260916145416,,ME
2026-10-07T02:32:42.179772+00:00,ME20B2b2,22,2,20261007113041,20260925110458,20260925114155,,ME
2026-10-07T02:32:42.179772+00:00,ME20B2b3,21,2,20261007112618,20261006153025,20261006161025,,ME
2026-10-07T02:32:42.179772+00:00,ME20B2b3,22,2,20261007112618,20261007065135,20261007073135,,ME
2026-10-07T02:32:42.179772+00:00,ME20B2b4,01,2,20261007112817,20261002092503,20261002100503,,ME
2026-10-07T02:32:42.179772+00:00,ME20B2b4,02,2,20261007112946,20261001134855,20261001142855,,ME
2026-10-07T02:32:42.179772+00:00,ME20B418,41,2,20261007112928,20261006174819,20261006180320,,ME
2026-10-07T02:32:42.179772+00:00,ME20B418,42,2,20261007112953,20261007093946,20261007094923,,ME
2026-10-07T02:32:42.179772+00:00,ME20B418,43,2,20261007113008,20261006140840,20261006144840,,ME
2026-10-07T02:32:42.179772+00:00,ME20B418,44,2,20261007113028,20261007105208,20261007113028,,ME
2026-10-07T02:32:42.179772+00:00,ME21B256,01,3,20261007113008,20261006115503,20261006122725,20261007110745,ME
2026-10-07T02:32:42.179772+00:00,ME21D086,01,2,20261007112833,20261007104531,20261007112838,,ME
2026-10-07T02:32:42.179772+00:00,ME21D102,01,2,20261007112504,20261007101944,20261007110212,,ME
2026-10-07T02:32:42.179772+00:00,ME21D107,01,3,20261007113101,20261007063241,20261007070310,20261007110236,ME
2026-10-07T02:32:42.179772+00:00,ME21D112,01,3,20261007112939,20261006211736,20261006215231,20261007112339,ME
2026-10-07T02:32:42.179772+00:00,ME21X010,01,2,20261007112648,20261007083908,20261007084254,,ME
2026-10-07T02:32:42.179772+00:00,ME21X014,01,2,20261007112747,20261007104220,20261007110123,,ME
2026-10-07T02:32:42.179772+00:00,ME21X015,01,2,20261007112617,20261007070244,20261007074545,,ME
2026-10-07T02:32:42.179772+00:00,ME22C1F9,01,2,20261007112633,20261007100057,20261007100218,,ME
2026-10-07T02:32:42.179772+00:00,ME22C1G0,01,3,20261007113020,20261007101153,20261007104751,20261007112615,ME
2026-10-07T02:32:42.179772+00:00,ME22C286,01,3,20261007113021,20261006154352,20261006155414,20261007111816,ME
2026-10-07T02:32:42.179772+00:00,ME22C305,02,2,20261007112530,20261007102748,20261007102927,,ME
2026-10-07T02:32:42.179772+00:00,ME22C305,03,3,20261007112926,20261007103337,20261007110428,20261007111922,ME
2026-10-07T02:32:42.179772+00:00,ME22D155,01,2,20261007112927,20261007094022,20261007095832,,ME
2026-10-07T02:32:42.179772+00:00,ME22D156,01,2,20261007112736,20261006212118,20261006220118,,ME
2026-10-07T02:32:42.179772+00:00,ME22D161,01,2,20261007113051,20261007111626,20261007111824,,ME
2026-10-07T02:32:42.179772+00:00,ME22D162,01,2,20261007112856,20261007103756,20261007110730,,ME
2026-10-07T02:32:42.179772+00:00,ME22D176,01,2,20261007113049,20261005160320,20261005164320,,ME
2026-10-07T02:32:42.179772+00:00,ME22D1H0,01,2,20261007112853,20261007085303,20261007093254,,ME
2026-10-07T02:32:42.179772+00:00,ME22D219,01,2,20261007112933,20261006200952,20261006204952,,ME
2026-10-07T02:32:42.179772+00:00,ME22D219,02,2,20261007112629,20261007092002,20261007100002,,ME
2026-10-07T02:32:42.179772+00:00,ME22D235,01,2,20261007112920,20261007081852,20261007081943,,ME
2026-10-07T02:32:42.179772+00:00,ME22D235,02,3,20261007112902,20261007105041,20261007111514,20261007112845,ME
2026-10-07T02:32:42.179772+00:00,ME22D401,01,3,20261007112924,20261007103814,20261007105045,20261007105349,ME
2026-10-07T02:32:42.179772+00:00,ME22D401,02,2,20261007112927,20261007101056,20261007103454,,ME
2026-10-07T02:32:42.179772+00:00,ME22D401,03,2,20261007112931,20261007104527,20261007112114,,ME
2026-10-07T02:32:42.179772+00:00,ME22D401,04,3,20261007112654,20261007103033,20261007104141,20261007110621,ME
2026-10-07T02:32:42.179772+00:00,ME25C183,01,2,20261007113018,20261006152302,20261006152434,,ME
2026-10-07T02:32:42.179772+00:00,ME25C184,01,2,20261007112910,20261007094932,20261007100706,,ME
2026-10-07T02:32:42.179772+00:00,ME25C282,21,2,20261007113055,20261007085217,20261007093219,,ME
2026-10-07T02:32:42.179772+00:00,ME25C282,22,2,20261007113057,20261006140629,20261006144539,,ME
2026-10-07T02:32:42.179772+00:00,ME25C283,01,2,20261007113013,20261006170012,20261006173622,,ME
2026-10-07T02:32:42.179772+00:00,ME25C283,02,2,20261007112912,20261007080130,20261007083431,,ME
2026-10-07T02:32:42.179772+00:00,ME25C284,01,2,20261007112634,20260930133648,20260930141649,,ME
2026-10-07T02:32:42.179772+00:00,ME25C284,02,2,20261007112730,20261006170353,20261006173237,,ME
2026-10-07T02:32:42.179772+00:00,BE250111,02,2,20261007112917,20261007105736,20261007112917,,BE
2026-10-07T02:32:42.179772+00:00,BT100008,02,9,20261007112319,20261007083313,20261007112319,,BT
2026-10-07T02:32:42.179772+00:00,CI0O0028,02,5,20261007113015,20261007112048,20261007113015,,CI
2026-10-07T02:32:42.179772+00:00,CV001630,06,2,20261007113027,20261007105827,20261007112956,,CV
2026-10-07T02:32:42.179772+00:00,CV001985,18,3,20261007112527,20261007112255,20261007112257,20261007112255,CV
2026-10-07T02:32:42.179772+00:00,CV004528,02,2,20261007113055,20261006093423,20261006095220,,CV
2026-10-07T02:32:42.179772+00:00,EV013682,02,3,20261007112518,20261006101234,20261006112429,20261007112429,EV
2026-10-07T02:32:42.179772+00:00,EV015693,05,3,20261007112719,20261006132019,20261006181900,20261007083956,EV
2026-10-07T02:32:42.179772+00:00,HD000018,06,3,20261007112700,20261007112639,20261007112304,20261007112639,HD
2026-10-07T02:32:42.179772+00:00,HE001145,02,3,20261007113000,20261007113000,20261007112300,20261007113000,HE
2026-10-07T02:32:42.179772+00:00,HE230003,01,2,20261007112500,20261007091800,20261007100600,,HE
2026-10-07T02:32:42.179772+00:00,HE230003,02,2,20261007112500,20261007104200,20261007112500,,HE
2026-10-07T02:32:42.179772+00:00,HE230009,02,2,20261007113000,20261007103100,20261007113000,,HE
2026-10-07T02:32:42.179772+00:00,HE230094,01,2,20261007112500,20261006165403,20261006170715,,HE
2026-10-07T02:32:42.179772+00:00,HE230094,02,2,20261007112500,20261007101238,20261007104236,,HE
2026-10-07T02:32:42.179772+00:00,HE240065,05,3,20261007112600,20261007112600,20261007105500,20261007112600,HE
2026-10-07T02:32:42.179772+00:00,HE240103,01,2,20261007113201,20261007103300,20261007113201,,HE
2026-10-07T02:32:42.179772+00:00,HE240103,02,3,20261007112700,20261007112700,20261007102600,20261007112700,HE
2026-10-07T02:32:42.179772+00:00,HE240340,01,2,20261007112500,20261005235249,20261006002603,,HE
2026-10-07T02:32:42.179772+00:00,HE240340,02,2,20261007112500,20261007100645,20261007103945,,HE
2026-10-07T02:32:42.179772+00:00,HM003000,21,2,20261007112620,20260911114423,20260911175650,,HM
2026-10-07T02:32:42.179772+00:00,HM003000,29,2,20261007112620,20260924160659,20260924190359,,HM
2026-10-07T02:32:42.179772+00:00,HM003000,33,2,20261007112620,20261002105617,20261002161007,,HM
2026-10-07T02:32:42.179772+00:00,HM003000,58,2,20261007112620,20261003093336,20261003131920,,HM
2026-10-07T02:32:42.179772+00:00,HM910001,03,2,20261007113030,20261007085839,20261007110354,,HM
2026-10-07T02:32:42.179772+00:00,HM910001,04,2,20261007112430,20261007074031,20261007100425,,HM
2026-10-07T02:32:42.179772+00:00,JA500004,01,3,20261007112803,20261007112803,20261006172802,20261007112803,JA
2026-10-07T02:32:42.179772+00:00,JA500004,03,2,20261007112803,20261007112005,20261007112803,,JA
2026-10-07T02:32:42.179772+00:00,JD000001,16,2,20261007113137,20261007104828,20261007105619,,JD
2026-10-07T02:32:42.179772+00:00,JD000005,01,2,20261007112300,20261007104900,20261007112300,,JD
2026-10-07T02:32:42.179772+00:00,JD000009,01,3,20261007112500,20261007112500,20261007103000,20261007112500,JD
2026-10-07T02:32:42.179772+00:00,JD000054,01,3,20261007113200,20261007113200,20260820143748,20261007113200,JD
2026-10-07T02:32:42.179772+00:00,JD000073,01,2,20261007113200,20261002160400,20261007113200,,JD
2026-10-07T02:32:42.179772+00:00,JD100005,02,2,20261007112700,20261007112400,20261007112700,,JD
2026-10-07T02:32:42.179772+00:00,JD100013,01,3,20261007112437,20261007112437,20261007101428,20261007112348,JD
2026-10-07T02:32:42.179772+00:00,JD100046,01,3,20261007112638,20261007112638,20261007111239,20261007112542,JD
2026-10-07T02:32:42.179772+00:00,JD110002,01,3,20261007112844,20261007112844,20261007081803,20261007112713,JD
2026-10-07T02:32:42.179772+00:00,JD110011,02,2,20261007113038,20261007110436,20261007112343,,JD
2026-10-07T02:32:42.179772+00:00,JD110017,01,2,20261007112942,20261007110601,20261007112802,,JD
2026-10-07T02:32:42.179772+00:00,JD110031,01,3,20261007112943,20261007112943,20261006201639,20261007112900,JD
2026-10-07T02:32:42.179772+00:00,JD110070,02,2,20261007112539,20261007111033,20261007112111,,JD
2026-10-07T02:32:42.179772+00:00,JD110098,02,3,20261007113039,20261007113039,20261005131248,20261007112908,JD
2026-10-07T02:32:42.179772+00:00,JE010002,04,2,20261007112630,20261007105050,20261007112540,,JE
2026-10-07T02:32:42.179772+00:00,JE010032,04,3,20261007112430,20261006225057,20261007001822,20261007112301,JE
2026-10-07T02:32:42.179772+00:00,JE010069,01,1,20261007112630,20261007095827,20261007102638,,JE
2026-10-07T02:32:42.179772+00:00,JE010162,03,2,20261007112631,20261006173255,20261007015722,,JE
2026-10-07T02:32:42.179772+00:00,JE010193,01,3,20261007112631,20261006183132,20261006220736,20261007112511,JE
2026-10-07T02:32:42.179772+00:00,JE010234,02,2,20261007112631,20261007095745,20261007112449,,JE
2026-10-07T02:32:42.179772+00:00,JE010301,01,2,20261007112431,20260924162533,20260924180633,,JE
2026-10-07T02:32:42.179772+00:00,JE010328,01,2,20261007112431,20260812184608,20260813045802,,JE
2026-10-07T02:32:42.179772+00:00,JE010329,02,3,20261007112631,20261007062243,20261007063453,20261007112528,JE
2026-10-07T02:32:42.179772+00:00,JE010335,01,1,20261007112631,20260929231932,20260930065056,,JE
2026-10-07T02:32:42.179772+00:00,JE040113,02,2,20261007113031,20261007112434,20261007112943,,JE
2026-10-07T02:32:42.179772+00:00,JE045002,35,2,20261007113031,20261005201143,20261006005901,,JE
2026-10-07T02:32:42.179772+00:00,JE045004,09,2,20261007113031,20260925172035,20260925185729,,JE
2026-10-07T02:32:42.179772+00:00,JE045004,11,2,20261007113031,20260917152210,20260917152246,,JE
2026-10-07T02:32:42.179772+00:00,JE045004,15,2,20261007113031,20260810140111,20260810184737,,JE
2026-10-07T02:32:42.179772+00:00,JE045005,39,2,20261007112431,20260718181958,20260718232913,,JE
2026-10-07T02:32:42.179772+00:00,JE045005,47,2,20261007112431,20261006172834,20261006182241,,JE
2026-10-07T02:32:42.179772+00:00,JE045006,50,2,20261007113031,20261006084027,20261006182923,,JE
2026-10-07T02:32:42.179772+00:00,JE045007,11,2,20261007112431,20261006125522,20261006162311,,JE
2026-10-07T02:32:42.179772+00:00,JE900084,02,2,20261007112831,20261007074710,20261007112731,,JE
2026-10-07T02:32:42.179772+00:00,JE900124,01,2,20261007112632,20261007075522,20261007112554,,JE
2026-10-07T02:32:42.179772+00:00,JE900151,01,3,20261007112832,20261006102954,20261006112428,20261007112823,JE
2026-10-07T02:32:42.179772+00:00,JE900159,03,3,20261007112432,20261006201310,20261007055454,20261007112357,JE
2026-10-07T02:32:42.179772+00:00,JE900184,01,3,20261007113032,20261006194036,20261006225454,20261007112930,JE
2026-10-07T02:32:42.179772+00:00,JE900242,01,3,20261007113032,20261007100818,20261007112359,20261007112833,JE
2026-10-07T02:32:42.179772+00:00,JE910019,01,2,20261007112633,20261006220356,20261007000103,,JE
2026-10-07T02:32:42.179772+00:00,JE910036,01,3,20261007112633,20261004232509,20261005034254,20261007112556,JE
2026-10-07T02:32:42.179772+00:00,JE910040,01,3,20261007112633,20261005181512,20261005193959,20261007112502,JE
2026-10-07T02:32:42.179772+00:00,JE910142,03,2,20261007112433,20261007094844,20261007112300,,JE
2026-10-07T02:32:42.179772+00:00,KP000199,03,3,20261007113028,20261007112306,20261007112317,20261007112639,KP
2026-10-07T02:32:42.179772+00:00,KP001192,01,2,20261007113019,20261007103146,20261007112035,,KP
2026-10-07T02:32:42.179772+00:00,KP001196,01,3,20261007113028,20261007112759,20261007112928,20261007112759,KP
2026-10-07T02:32:42.179772+00:00,KP001209,01,2,20261007113022,20261007095044,20261007112756,,KP
2026-10-07T02:32:42.179772+00:00,KP002229,06,3,20261007113028,20261007111326,20261007111327,20261007112401,KP
2026-10-07T02:32:42.179772+00:00,KP005446,01,2,20261007113011,20261007111423,20261007111537,,KP
2026-10-07T02:32:42.179772+00:00,KP005446,02,3,20261007113007,20261007080335,20261007081555,20261007112138,KP
2026-10-07T02:32:42.179772+00:00,KP005703,02,3,20261007113006,20261007081908,20261007090039,20261007112117,KP
2026-10-07T02:32:42.179772+00:00,KP005806,01,2,20261007113015,20261007105754,20261007112530,,KP
2026-10-07T02:32:42.179772+00:00,LI000102,01,2,20261007112729,20261007112729,20261007112729,,LI
2026-10-07T02:32:42.179772+00:00,LU001702,11,3,20261007112538,20261006173110,20261006234224,20261006173110,LU
2026-10-07T02:32:42.179772+00:00,LU002576,04,2,20261007112558,20261007083416,20261007112548,,LU
2026-10-07T02:32:42.179772+00:00,MO501104,02,9,20261007112809,20261007112800,20261007112809,,MO
2026-10-07T02:32:42.179772+00:00,MO501106,01,9,20261007112809,20260902190154,20260902190209,,MO
2026-10-07T02:32:42.179772+00:00,MO501129,01,2,20261007112809,20241216213918,20241216213918,,MO
2026-10-07T02:32:42.179772+00:00,MO501129,02,2,20261007112809,20241217202230,20241217202230,,MO
2026-10-07T02:32:42.179772+00:00,MO501143,01,2,20261007112809,20250706175600,20250706175615,,MO
2026-10-07T02:32:42.179772+00:00,MO501143,02,9,20261007112809,20241016172006,20241016172006,,MO
2026-10-07T02:32:42.179772+00:00,MO501150,01,2,20261007112809,20260930190539,20260930190540,,MO
2026-10-07T02:32:42.179772+00:00,NT100725,38,2,20261007113150,20261007084450,20261007113150,,NT
2026-10-07T02:32:42.179772+00:00,NT100725,39,3,20261007112950,20261007112950,20261006174850,20261007112950,NT
2026-10-07T02:32:42.179772+00:00,NT100725,40,3,20261007113150,20261007113150,20261006113650,20261007113150,NT
2026-10-07T02:32:42.179772+00:00,NT100927,08,2,20261007112350,20261007061150,20261007112350,,NT
2026-10-07T02:32:42.179772+00:00,NT102698,02,3,20261007113050,20261007113050,20261007083450,20261007113050,NT
2026-10-07T02:32:42.179772+00:00,PI640382,03,2,20261007112653,20261007093246,20261006224335,,PI
2026-10-07T02:32:42.179772+00:00,PI640391,15,3,20261007113201,20261007113155,20261006143319,20261007113201,PI
2026-10-07T02:32:42.179772+00:00,PI645491,06,2,20261007112532,20261007094811,20261007101812,,PI
2026-10-07T02:32:42.179772+00:00,PI773599,03,2,20261007112806,20261006215101,20261007013843,,PI
2026-10-07T02:32:42.179772+00:00,PI773599,04,2,20261007112324,20261006213146,20261007001425,,PI
2026-10-07T02:32:42.179772+00:00,PIH00488,12,3,20261007112748,20261007112549,20261006231730,20261007112748,PI
2026-10-07T02:32:42.179772+00:00,PK000349,10,2,20261007113008,20261007104030,20261007113008,,PK
2026-10-07T02:32:42.179772+00:00,PK000426,03,3,20261007113013,20261007113013,20261006232038,20261007113013,PK
2026-10-07T02:32:42.179772+00:00,PK000426,07,3,20261007113013,20261007113013,20261007081031,20261007113013,PK
2026-10-07T02:32:42.179772+00:00,PK000426,08,3,20261007113013,20261007113013,20261006233014,20261007113013,PK
2026-10-07T02:32:42.179772+00:00,PW010376,02,3,20261007112611,20261007112611,20261006071314,20261007112420,PW
2026-10-07T02:32:42.179772+00:00,PW013046,03,3,20261007112322,20261007112322,20261006220328,20261007112124,PW
2026-10-07T02:32:42.179772+00:00,PW100624,04,3,20261007113014,20261007113014,20261007011457,20261007112621,PW
2026-10-07T02:32:42.179772+00:00,SOA33001,01,2,20261007113015,20261007094614,20261007094814,,SO
2026-10-07T02:32:42.179772+00:00,ST500003,02,2,20261007113133,20261004090954,20261007113133,,ST
2026-10-07T02:32:42.179772+00:00,ST501147,04,3,20261007112800,20261007112800,20261007090956,20261007112330,ST
2026-10-07T02:32:42.179772+00:00,ST501152,02,2,20261007112742,20261006155309,20261007094846,,ST
2026-10-07T02:32:42.179772+00:00,ST501158,01,3,20261007112954,20261007112954,20261005094718,20261005085359,ST
2026-10-07T02:32:42.179772+00:00,ST600357,02,3,20261007113006,20261007113006,20261006173536,20261005112338,ST
2026-10-07T02:32:42.179772+00:00,ST600416,10,3,20261007112958,20261005191807,20261006113804,20261007112958,ST
2026-10-07T02:32:42.179772+00:00,ST600713,01,2,20261007112808,20261007112612,20261007112808,,ST
2026-10-07T02:32:42.179772+00:00,ST601331,02,3,20261007112611,20261007112611,20261007080439,20261007112226,ST
2026-10-07T02:32:42.179772+00:00,TDO00083,01,3,20261007113003,20261007112435,20261007010052,20261007112435,TD
2026-10-07T02:32:42.179772+00:00,TDO00114,01,3,20261007113002,20261007112046,20261007041510,20261007112046,TD
2026-10-07T02:32:42.179772+00:00,ME174046,01,2,20261007112655,20261006153737,20261006155127,,ME
2026-10-07T02:32:42.179772+00:00,ME174050,01,2,20261007112754,20261001170730,20261001170951,,ME
2026-10-07T02:32:42.179772+00:00,ME174050,02,2,20261007112834,20261007100432,20261007104754,,ME
2026-10-07T02:32:42.179772+00:00,ME174050,03,2,20261007113031,20261006110720,20261006113026,,ME
2026-10-07T02:32:42.179772+00:00,ME174050,04,2,20261007112811,20261006150433,20261006154323,,ME
2026-10-07T02:32:42.179772+00:00,ME174050,05,2,20261007112810,20261005144243,20261005151909,,ME
2026-10-07T02:32:42.179772+00:00,ME174061,01,2,20261007113059,20261006160425,20261006162156,,ME
2026-10-07T02:32:42.179772+00:00,ME174062,01,2,20261007112819,20261005130453,20261005134029,,ME
2026-10-07T02:32:42.179772+00:00,ME183101,01,2,20261007112610,20261006164049,20261006164233,,ME
2026-10-07T02:32:42.179772+00:00,ME183101,02,2,20261007112743,20261005115439,20261005121956,,ME
2026-10-07T02:32:42.179772+00:00,ME183101,03,2,20261007112612,20261006124629,20261006131009,,ME
2026-10-07T02:32:42.179772+00:00,ME183101,04,2,20261007112746,20261007082811,20261007083717,,ME
2026-10-07T02:32:42.179772+00:00,ME183101,52,2,20261007112739,20261004145214,20261004150345,,ME
2026-10-07T02:32:42.179772+00:00,ME183101,54,2,20261007112752,20261004141031,20261004141201,,ME
2026-10-07T02:32:42.179772+00:00,ME183102,02,3,20261007113034,20261006050530,20261006054836,20261007111530,ME
2026-10-07T02:32:42.179772+00:00,ME183102,52,2,20261007112728,20261006112945,20261006121250,,ME
2026-10-07T02:32:42.179772+00:00,ME184122,01,2,20261007113002,20261006210950,20261006214400,,ME
2026-10-07T02:32:42.179772+00:00,ME184124,01,2,20261007112819,20261006184026,20261006190416,,ME
2026-10-07T02:32:42.179772+00:00,ME184125,01,2,20261007112655,20261006144530,20261006150314,,ME
2026-10-07T02:32:42.179772+00:00,ME184126,02,2,20261007112640,20261007100908,20261007102613,,ME
2026-10-07T02:32:42.179772+00:00,ME18A173,01,3,20261007113040,20261007062150,20261007062910,20261007111116,ME
2026-10-07T02:32:42.179772+00:00,ME18A174,01,2,20261007112949,20261006194114,20261006202419,,ME
2026-10-07T02:32:42.179772+00:00,ME18A175,01,2,20261007113032,20261007082050,20261007085819,,ME
2026-10-07T02:32:42.179772+00:00,ME18A180,01,2,20261007112616,20261006130329,20261006133155,,ME
2026-10-07T02:32:42.179772+00:00,ME18A268,11,2,20261007112810,20261006223256,20261006223914,,ME
2026-10-07T02:32:42.179772+00:00,ME18A268,12,2,20261007112808,20261007092817,20261007101100,,ME
2026-10-07T02:32:42.179772+00:00,ME18A269,11,2,20261007112940,20261006112854,20261006115659,,ME
2026-10-07T02:32:42.179772+00:00,ME18A269,12,2,20261007112933,20261006103338,20261006111641,,ME
2026-10-07T02:32:42.179772+00:00,ME18A270,11,2,20261007112938,20261007090021,20261007092403,,ME
2026-10-07T02:32:42.179772+00:00,ME18A270,12,2,20261007112934,20261007074940,20261007081301,,ME
2026-10-07T02:32:42.179772+00:00,ME18A271,01,2,20261007112905,20261003154138,20261003161603,,ME
2026-10-07T02:32:42.179772+00:00,ME18A271,02,2,20261007113046,20261007061035,20261007065038,,ME
2026-10-07T02:32:42.179772+00:00,ME18A272,11,2,20261007112620,20261006173035,20261006180734,,ME
2026-10-07T02:32:42.179772+00:00,ME18A272,12,2,20261007112615,20261006142857,20261006151201,,ME
2026-10-07T02:32:42.179772+00:00,ME18A273,11,2,20261007112754,20261006145306,20261006152548,,ME
2026-10-07T02:32:42.179772+00:00,ME18A273,12,2,20261007112801,20261007103638,20261007105142,,ME
2026-10-07T02:32:42.179772+00:00,ME18A274,11,2,20261007112950,20261006103459,20261006105851,,ME
2026-10-07T02:32:42.179772+00:00,ME18A274,12,2,20261007112945,20261006163246,20261006171550,,ME
2026-10-07T02:32:42.179772+00:00,ME18A275,11,2,20261007113038,20261007111237,20261007112152,,ME
2026-10-07T02:32:42.179772+00:00,ME18A275,12,2,20261007113033,20261006182842,20261006183412,,ME
2026-10-07T02:32:42.179772+00:00,ME18A281,11,2,20261007112804,20260930150635,20260930151317,,ME
2026-10-07T02:32:42.179772+00:00,ME18A281,12,2,20261007112808,20261007103605,20261007105453,,ME
2026-10-07T02:32:42.179772+00:00,ME18A306,01,2,20261007112827,20261006192822,20261006193837,,ME
2026-10-07T02:32:42.179772+00:00,ME18A306,11,2,20261007112815,20261002121626,20261002130155,,ME
2026-10-07T02:32:42.179772+00:00,ME18A306,12,2,20261007112820,20261006203629,20261006210538,,ME
2026-10-07T02:32:42.179772+00:00,ME18A404,03,2,20261007112854,20261007110848,20261007112848,,ME
2026-10-07T02:32:42.179772+00:00,ME19B169,01,2,20261007113006,20261004194711,20261004200504,,ME
2026-10-07T02:32:42.179772+00:00,ME19B170,01,2,20261007112958,20261007065629,20261007073555,,ME
2026-10-07T02:32:42.179772+00:00,ME19B171,01,2,20261007112913,20261007103320,20261007105325,,ME
2026-10-07T02:32:42.179772+00:00,ME19B172,01,2,20261007112925,20261006214119,20261006220213,,ME
2026-10-07T02:32:42.179772+00:00,ME19B173,01,2,20261007112704,20261007102221,20261007103711,,ME
2026-10-07T02:32:42.179772+00:00,ME19B242,22,3,20261007112912,20261007085645,20261007093653,20261007111359,ME
2026-10-07T02:32:42.179772+00:00,ME20B1e1,01,2,20261007112612,20261006142807,20261006144240,,ME
2026-10-07T02:32:42.179772+00:00,ME20B1e2,01,2,20261007112901,20261006165432,20261006173427,,ME
2026-10-07T02:32:42.179772+00:00,ME20B1e3,01,2,20261007112620,20261006103429,20261006105255,,ME
2026-10-07T02:32:42.179772+00:00,ME20B2a0,91,2,20261007113026,20261007103656,20261007111448,,ME
2026-10-07T02:32:42.179772+00:00,ME20B2a0,92,2,20261007113023,20261005122044,20261005123945,,ME
2026-10-07T02:32:42.179772+00:00,ME20B2a1,21,2,20261007113011,20260930153947,20260930161947,,ME
2026-10-07T02:32:42.179772+00:00,ME20B2a1,22,2,20261007113011,20260923104352,20260923104521,,ME
2026-10-07T02:32:42.179772+00:00,ME20B2a2,21,2,20261007112726,20261004120141,20261004120858,,ME
2026-10-07T02:32:42.179772+00:00,ME20B2a2,22,2,20261007112726,20261002070459,20261002072043,,ME
2026-10-07T02:32:42.179772+00:00,ME20B416,21,2,20261007112917,20261004103641,20261004105011,,ME
2026-10-07T02:32:42.179772+00:00,ME20B416,22,2,20261007112918,20261006182144,20261006183046,,ME
2026-10-07T02:32:42.179772+00:00,ME20B416,23,2,20261007112920,20261007105759,20261007110901,,ME
2026-10-07T02:32:42.179772+00:00,ME20B416,24,2,20261007112920,20261007073720,20261007080431,,ME
2026-10-07T02:32:42.179772+00:00,ME20B417,41,2,20261007112757,20261001133924,20261001141346,,ME
2026-10-07T02:32:42.179772+00:00,ME20B417,42,2,20261007112823,20261006183554,20261006191133,,ME
2026-10-07T02:32:42.179772+00:00,ME20B417,43,2,20261007112828,20261007091948,20261007095948,,ME
2026-10-07T02:32:42.179772+00:00,ME20B417,44,2,20261007112824,20261006214850,20261006221727,,ME
2026-10-07T02:32:42.179772+00:00,ME21B1C9,01,2,20261007112434,20261007104427,20261007112434,,ME
2026-10-07T02:32:42.179772+00:00,ME21B1D0,01,3,20261007113009,20261006170403,20261006172049,20261007111142,ME
2026-10-07T02:32:42.179772+00:00,ME21B252,01,3,20261007113042,20261006150814,20261006154716,20261007113033,ME
2026-10-07T02:32:42.179772+00:00,ME21B410,04,2,20261007112243,20261006170126,20261006174130,,ME
2026-10-07T02:32:42.179772+00:00,ME21D059,01,3,20261007113015,20261007062019,20261007070022,20261007112614,ME
2026-10-07T02:32:42.179772+00:00,ME21D060,01,3,20261007113005,20261007095605,20261007102811,20261007111753,ME
2026-10-07T02:32:42.179772+00:00,ME21D061,01,3,20261007113051,20261007082513,20261007090652,20261007111439,ME
2026-10-07T02:32:42.179772+00:00,ME21D064,01,2,20261007112454,20261007104449,20261007112455,,ME
2026-10-07T02:32:42.179772+00:00,ME21D066,01,2,20261007112559,20261007101336,20261007101538,,ME
2026-10-07T02:32:42.179772+00:00,ME21D071,01,3,20261007113055,20261007091525,20261007095451,20261007112654,ME
2026-10-07T02:32:42.179772+00:00,ME21D078,01,3,20261007112931,20261007061938,20261007065149,20261007110104,ME
2026-10-07T02:32:42.179772+00:00,ME21D079,01,3,20261007113011,20261006132511,20261006140243,20261007112811,ME
2026-10-07T02:32:42.179772+00:00,ME21X008,01,2,20261007112736,20261006183615,20261006191936,,ME
2026-10-07T02:32:42.179772+00:00,ME22D1H1,01,2,20261007112903,20261007095443,20261007100913,,ME
2026-10-07T02:32:42.179772+00:00,ME25C181,01,2,20261007112814,20261007103712,20261007110706,,ME
2026-10-07T02:32:42.179772+00:00,ME25C182,01,4,20261007112757,20261006191807,20261006194754,,ME
2026-10-07T02:32:42.179772+00:00,ME25C281,21,2,20261007113032,20261006183921,20261006185215,,ME
2026-10-07T02:32:42.179772+00:00,ME25C281,22,2,20261007113034,20261007093701,20261007101703,,ME
2026-10-07T02:32:42.179772+00:00,ME25C318,01,2,20261007112700,20261007082744,20261007083540,,ME
2026-10-07T02:32:42.179772+00:00,ME25C318,21,4,20261007113011,20261004134710,20261004140626,,ME
2026-10-07T02:32:42.179772+00:00,ME25C318,22,2,20261007113014,20261006094806,20261006100942,,ME
2026-10-07T02:32:42.179772+00:00,ME25C431,01,2,20261007112648,20260914133046,20260914133228,,ME
2026-10-07T02:32:42.179772+00:00,ME25C431,02,2,20261007112825,20261006181910,20261006183615,,ME
2026-10-07T02:32:42.179772+00:00,ME25C431,03,2,20261007112722,20261007100412,20261007102308,,ME
2026-10-07T02:32:42.179772+00:00,ME25C431,04,2,20261007112807,20261005202832,20261005205200,,ME
2026-10-07T02:32:42.179772+00:00,CI0O0040,02,1,20261007113152,20260919095422,20260919103917,,CI
2026-10-07T02:32:42.179772+00:00,EV015655,03,3,20261007112317,20261006082248,20261006112931,20261007081609,EV
2026-10-07T02:32:42.179772+00:00,GR000045,05,3,20261007113101,20261006160814,20261006190736,20261007113101,GR
2026-10-07T02:32:42.179772+00:00,HD000079,02,2,20261007112701,20261007105025,20261007112610,,HD
2026-10-07T02:32:42.179772+00:00,HE000031,05,3,20261007112500,20261007112500,20261006202800,20261007112500,HE
2026-10-07T02:32:42.179772+00:00,HE000036,01,3,20261007113000,20261007113000,20261006171701,20261007113000,HE
2026-10-07T02:32:42.179772+00:00,HE000044,02,3,20261007112400,20261007112400,20261006160300,20261007112400,HE
2026-10-07T02:32:42.179772+00:00,HE000057,05,3,20261007113201,20261007113201,20261006182200,20261007113201,HE
2026-10-07T02:32:42.179772+00:00,HE000976,02,3,20261007112700,20261007112700,20261006132300,20261007112700,HE
2026-10-07T02:32:42.179772+00:00,HE230005,03,3,20261007113201,20261007113201,20261007085119,20261007113201,HE
2026-10-07T02:32:42.179772+00:00,HE240036,02,3,20261007112900,20261007112900,20261007095327,20261007112900,HE
2026-10-07T02:32:42.179772+00:00,HE240435,03,2,20261007112500,20260930234447,20261001044337,,HE
2026-10-07T02:32:42.179772+00:00,HE240435,09,3,20261007112600,20261007112600,20261006121604,20261007112600,HE
2026-10-07T02:32:42.179772+00:00,HE240440,08,2,20261007112500,20261007083320,20261007103422,,HE
2026-10-07T02:32:42.179772+00:00,HM900001,08,2,20261007112830,20261006174627,20261006214524,,HM
2026-10-07T02:32:42.179772+00:00,JD000106,02,3,20261007112437,20261007112437,20261006142316,20261007112413,JD
2026-10-07T02:32:42.179772+00:00,JD000123,02,3,20261007112736,20261007112736,20261006200236,20261007112700,JD
2026-10-07T02:32:42.179772+00:00,JD100007,01,2,20261007112736,20261007102746,20261007112642,,JD
2026-10-07T02:32:42.179772+00:00,JD160055,01,2,20261007113039,20261007104817,20261007112817,,JD
2026-10-07T02:32:42.179772+00:00,JD160062,02,2,20261007112335,20261007104352,20261007112139,,JD
2026-10-07T02:32:42.179772+00:00,JD160071,02,2,20261007112737,20261007111010,20261007112507,,JD
2026-10-07T02:32:42.179772+00:00,JD160091,04,3,20261007112539,20261007112539,20261006154425,20261007112452,JD
2026-10-07T02:32:42.179772+00:00,JE020025,02,2,20261007112631,20261007053957,20261007110412,,JE
2026-10-07T02:32:42.179772+00:00,JE020127,01,2,20261007112631,20261007081744,20261007112054,,JE
2026-10-07T02:32:42.179772+00:00,JE040118,01,2,20261007112831,20261007070826,20261007112733,,JE
2026-10-07T02:32:42.179772+00:00,JE043001,33,2,20261007112631,20261007102025,20261007111627,,JE
2026-10-07T02:32:42.179772+00:00,JE900012,01,2,20261007112432,20260804200618,20260805030204,,JE
2026-10-07T02:32:42.179772+00:00,JE900107,01,2,20261007112432,20261007095718,20261007112322,,JE
2026-10-07T02:32:42.179772+00:00,JE900115,01,2,20261007112632,20261007075647,20261007112536,,JE
2026-10-07T02:32:42.179772+00:00,JE900187,01,3,20261007112832,20261007093802,20261007102056,20261007112801,JE
2026-10-07T02:32:42.179772+00:00,JE900199,04,3,20261007112432,20261007094104,20261007101326,20261007112319,JE
2026-10-07T02:32:42.179772+00:00,JE910043,01,3,20261007112432,20261007084401,20261007094954,20261007112424,JE
2026-10-07T02:32:42.179772+00:00,JE910048,02,2,20261007113032,20261007022525,20261007052344,,JE
2026-10-07T02:32:42.179772+00:00,KL002054,03,2,20261007113102,20261007091115,20261007112631,,KL
2026-10-07T02:32:42.179772+00:00,KP003864,04,3,20261007113026,20261006141441,20261006141557,20261007112913,KP
2026-10-07T02:32:42.179772+00:00,MO501311,01,2,20261007113022,20261007113020,20261007113022,,MO
2026-10-07T02:32:42.179772+00:00,MO501319,01,9,20261007112809,20260221113134,20260221113140,,MO
2026-10-07T02:32:42.179772+00:00,MO501319,02,2,20261007112809,20260114160320,20260114160326,,MO
2026-10-07T02:32:42.179772+00:00,MO501328,01,2,20261007112809,20251012210231,20251012210247,,MO
2026-10-07T02:32:42.179772+00:00,NH500001,03,3,20261007112800,20261007112800,20261001101000,20261007112800,NH
2026-10-07T02:32:42.179772+00:00,PC000935,06,3,20261007113129,20261006105337,20261006122657,20261007113129,PC
2026-10-07T02:32:42.179772+00:00,PI201400,02,2,20261007112839,20261007094952,20261007112638,,PI
2026-10-07T02:32:42.179772+00:00,PI306061,04,2,20261007112507,20261005182135,20261005200801,,PI
2026-10-07T02:32:42.179772+00:00,PI640318,06,3,20261007112655,20261007112534,20261004204743,20261007112655,PI
2026-10-07T02:32:42.179772+00:00,PI640390,05,3,20261007113201,20261007112747,20261006152256,20261007113201,PI
2026-10-07T02:32:42.179772+00:00,PI640390,06,2,20261007112657,20261007110214,20261007112542,,PI
2026-10-07T02:32:42.179772+00:00,PI640400,05,2,20261007112706,20261007101729,20261007102033,,PI
2026-10-07T02:32:42.179772+00:00,PI700499,03,3,20261007112620,20261007112616,20261007060317,20261007112620,PI
2026-10-07T02:32:42.179772+00:00,PIH01497,04,3,20261007112748,20261007112510,20261006160919,20261007112748,PI
2026-10-07T02:32:42.179772+00:00,PL032061,11,3,20261007112858,20261007112858,20261006172912,20261007112858,PL
2026-10-07T02:32:42.179772+00:00,PL033579,00,3,20261007112336,20261007112336,20261007112330,20261007112336,PL
2026-10-07T02:32:42.179772+00:00,PW011952,01,1,20261007112615,20260806205816,20260806212831,,PW
2026-10-07T02:32:42.179772+00:00,ST501301,27,2,20261007113014,20261004202643,20261006183730,,ST
2026-10-07T02:32:42.179772+00:00,ST501301,29,2,20261007112616,20261007104257,20261007112232,,ST
2026-10-07T02:32:42.179772+00:00,ST501323,02,3,20261007112340,20261006203641,20261006210758,20261007112340,ST
