fetched_at,statId,chgerId,stat,statUpdDt,lastTsdt,lastTedt,nowTsdt,busiId
2026-10-02T00:15:29.586697+00:00,ME174067,01,2,20261002091337,20261002082430,20261002090050,,ME
2026-10-02T00:15:29.586697+00:00,ME181538,01,2,20261002091219,20261001112620,20261001112816,,ME
2026-10-02T00:15:29.586697+00:00,ME181539,01,2,20261002091359,20261001180700,20261001182455,,ME
2026-10-02T00:15:29.586697+00:00,ME181541,01,2,20261002091238,20261001104110,20261001112114,,ME
2026-10-02T00:15:29.586697+00:00,ME184129,01,2,20261002091353,20260930110036,20260930111706,,ME
2026-10-02T00:15:29.586697+00:00,ME184130,01,2,20261002091359,20261001112141,20261001114148,,ME
2026-10-02T00:15:29.586697+00:00,ME184131,01,2,20261002090953,20261002081320,20261002085446,,ME
2026-10-02T00:15:29.586697+00:00,ME18A176,01,2,20261002091222,20261001183148,20261001185313,,ME
2026-10-02T00:15:29.586697+00:00,ME18A177,01,2,20261002091050,20261001084358,20261001092704,,ME
2026-10-02T00:15:29.586697+00:00,ME18A178,01,2,20261002091220,20261001091223,20261001092823,,ME
2026-10-02T00:15:29.586697+00:00,ME18A276,11,2,20261002091102,20260927190040,20260927190352,,ME
2026-10-02T00:15:29.586697+00:00,ME18A276,12,2,20261002091048,20260925101706,20260925104659,,ME
2026-10-02T00:15:29.586697+00:00,ME18A277,11,2,20261002091318,20261002080137,20261002082438,,ME
2026-10-02T00:15:29.586697+00:00,ME18A277,12,2,20261002091305,20261001194118,20261001202421,,ME
2026-10-02T00:15:29.586697+00:00,ME18A278,01,2,20261002091214,20261001214739,20261001222023,,ME
2026-10-02T00:15:29.586697+00:00,ME18A278,02,2,20261002091120,20261002083646,20261002084851,,ME
2026-10-02T00:15:29.586697+00:00,ME18A279,11,2,20261002091050,20261002071100,20261002072537,,ME
2026-10-02T00:15:29.586697+00:00,ME18A279,12,2,20261002091041,20261002082611,20261002090304,,ME
2026-10-02T00:15:29.586697+00:00,ME18A280,11,2,20261002091111,20261001225421,20261001232127,,ME
2026-10-02T00:15:29.586697+00:00,ME18A280,12,2,20261002091104,20261001210413,20261001212123,,ME
2026-10-02T00:15:29.586697+00:00,ME18A282,11,2,20261002091247,20261002064358,20261002072512,,ME
2026-10-02T00:15:29.586697+00:00,ME18A282,12,3,20261002091258,20261001164121,20261001170822,20261002091003,ME
2026-10-02T00:15:29.586697+00:00,ME18A283,11,2,20261002090921,20261002070412,20261002074636,,ME
2026-10-02T00:15:29.586697+00:00,ME18A283,12,2,20261002090924,20260930154445,20260930155807,,ME
2026-10-02T00:15:29.586697+00:00,ME18A307,01,2,20261002091034,20260927173056,20260927174551,,ME
2026-10-02T00:15:29.586697+00:00,ME18A308,01,2,20261002090917,20261001170747,20261001171122,,ME
2026-10-02T00:15:29.586697+00:00,ME18A308,11,2,20261002091340,20261001170716,20261001171059,,ME
2026-10-02T00:15:29.586697+00:00,ME18A308,12,2,20261002091342,20261001171142,20261001171536,,ME
2026-10-02T00:15:29.586697+00:00,ME18A309,01,3,20261002091147,20261001201732,20261001204202,20261002085617,ME
2026-10-02T00:15:29.586697+00:00,ME18A309,11,2,20261002091335,20261002000600,20261002004904,,ME
2026-10-02T00:15:29.586697+00:00,ME18A309,12,2,20261002091338,20261002075440,20261002083616,,ME
2026-10-02T00:15:29.586697+00:00,ME19B174,11,2,20261002091215,20261002063945,20261002071024,,ME
2026-10-02T00:15:29.586697+00:00,ME19B174,12,2,20261002091219,20261001154903,20261001163302,,ME
2026-10-02T00:15:29.586697+00:00,ME19B245,22,3,20261002091259,20261002071821,20261002073329,20261002090209,ME
2026-10-02T00:15:29.586697+00:00,ME19B249,21,3,20261002091336,20261001121100,20261001124435,20261002083652,ME
2026-10-02T00:15:29.586697+00:00,ME19B405,44,3,20261002091227,20261001141121,20261001143409,20261002090411,ME
2026-10-02T00:15:29.586697+00:00,ME19D126,01,2,20261002091221,20261002075439,20261002083005,,ME
2026-10-02T00:15:29.586697+00:00,ME19D127,01,2,20261002091352,20261001123630,20261001123800,,ME
2026-10-02T00:15:29.586697+00:00,ME19D128,01,2,20261002091127,20260927183731,20260927185259,,ME
2026-10-02T00:15:29.586697+00:00,ME19Y240,21,3,20261002091215,20261002085318,20261002090806,20261002085318,ME
2026-10-02T00:15:29.586697+00:00,ME19Y240,22,2,20261002091215,20261001171859,20261001172034,,ME
2026-10-02T00:15:29.586697+00:00,ME19Y269,01,2,20261002091014,20261001175314,20261001180128,,ME
2026-10-02T00:15:29.586697+00:00,ME19Y269,02,2,20261002091340,20261002074319,20261002082324,,ME
2026-10-02T00:15:29.586697+00:00,ME19Y270,01,2,20261002091343,20261002073556,20261002080343,,ME
2026-10-02T00:15:29.586697+00:00,ME19Y270,02,2,20261002091111,20261002064814,20261002072109,,ME
2026-10-02T00:15:29.586697+00:00,ME19Y271,01,2,20261002091138,20261002075728,20261002081838,,ME
2026-10-02T00:15:29.586697+00:00,ME19Y271,02,2,20261002090944,20261002074502,20261002081841,,ME
2026-10-02T00:15:29.586697+00:00,ME20B1e4,01,2,20261002091004,20261001121317,20261001125317,,ME
2026-10-02T00:15:29.586697+00:00,ME20B1e5,01,2,20261002091032,20261001193107,20261001195120,,ME
2026-10-02T00:15:29.586697+00:00,ME20B1e6,91,2,20261002091130,20261002014540,20261002022540,,ME
2026-10-02T00:15:29.586697+00:00,ME20B2a3,21,2,20261002091027,20261001160055,20261001161844,,ME
2026-10-02T00:15:29.586697+00:00,ME20B2a3,22,2,20261002091027,20261001153641,20261001155831,,ME
2026-10-02T00:15:29.586697+00:00,ME20B2a4,21,2,20261002091032,20261001043123,20261001051123,,ME
2026-10-02T00:15:29.586697+00:00,ME20B2a4,22,2,20261002091032,20261001202656,20261001210608,,ME
2026-10-02T00:15:29.586697+00:00,ME20B2a5,21,2,20261002091124,20261001175750,20261001183750,,ME
2026-10-02T00:15:29.586697+00:00,ME20B2a5,22,2,20261002091124,20261001184859,20261001192859,,ME
2026-10-02T00:15:29.586697+00:00,ME20B2a6,21,3,20261002091325,20260927222234,20260927230234,20261002085825,ME
2026-10-02T00:15:29.586697+00:00,ME20B2a6,22,2,20261002091243,20261001141103,20261001142840,,ME
2026-10-02T00:15:29.586697+00:00,ME20B2a7,21,2,20261002091245,20261001225430,20261001231850,,ME
2026-10-02T00:15:29.586697+00:00,ME20B2a7,22,3,20261002091324,20261002080408,20261002082910,20261002090820,ME
2026-10-02T00:15:29.586697+00:00,ME20B2a8,21,2,20261002091138,20261002082500,20261002090500,,ME
2026-10-02T00:15:29.586697+00:00,ME20B2a8,22,3,20261002091401,20261002082756,20261002084627,20261002090306,ME
2026-10-02T00:15:29.586697+00:00,ME20B2a9,21,2,20261002091317,20261001152305,20261001153756,,ME
2026-10-02T00:15:29.586697+00:00,ME20B2a9,22,2,20261002091317,20261001175640,20261001182613,,ME
2026-10-02T00:15:29.586697+00:00,ME20B2b0,21,2,20261002091207,20260930104830,20260930105554,,ME
2026-10-02T00:15:29.586697+00:00,ME20B2b0,22,2,20261002091207,20261001154016,20261001160216,,ME
2026-10-02T00:15:29.586697+00:00,ME20B2b1,21,2,20261002091135,20261001141302,20261001144814,,ME
2026-10-02T00:15:29.586697+00:00,ME20B2b1,22,2,20261002091135,20261001164651,20261001172651,,ME
2026-10-02T00:15:29.586697+00:00,ME20B2b2,21,2,20261002091027,20260916145246,20260916145416,,ME
2026-10-02T00:15:29.586697+00:00,ME20B2b2,22,2,20261002091027,20260925110458,20260925114155,,ME
2026-10-02T00:15:29.586697+00:00,ME20B2b3,21,2,20261002091308,20261001181409,20261001183943,,ME
2026-10-02T00:15:29.586697+00:00,ME20B2b3,22,2,20261002091308,20261001152316,20261001155512,,ME
2026-10-02T00:15:29.586697+00:00,ME20B2b4,01,2,20261002091301,20260922161952,20260922162155,,ME
2026-10-02T00:15:29.586697+00:00,ME20B2b4,02,2,20261002091305,20261001134855,20261001142855,,ME
2026-10-02T00:15:29.586697+00:00,ME20B418,41,5,20261002090949,20260923123537,20260923131537,,ME
2026-10-02T00:15:29.586697+00:00,ME20B418,42,3,20261002091405,20261002081313,20261002084734,20261002085403,ME
2026-10-02T00:15:29.586697+00:00,ME20B418,43,2,20261002091302,20261001234052,20261001235439,,ME
2026-10-02T00:15:29.586697+00:00,ME20B418,44,2,20261002091310,20261002082352,20261002090352,,ME
2026-10-02T00:15:29.586697+00:00,ME21B256,02,3,20261002091323,20261001155550,20261001155734,20261002091322,ME
2026-10-02T00:15:29.586697+00:00,ME21B317,01,2,20261002090842,20261002084431,20261002090834,,ME
2026-10-02T00:15:29.586697+00:00,ME21D082,01,2,20261002090733,20261002084224,20261002090740,,ME
2026-10-02T00:15:29.586697+00:00,ME21D093,01,2,20261002091037,20261002084047,20261002091038,,ME
2026-10-02T00:15:29.586697+00:00,ME21D096,01,3,20261002091208,20261002075121,20261002080719,20261002085559,ME
2026-10-02T00:15:29.586697+00:00,ME21D098,01,2,20261002090641,20261002083612,20261002090641,,ME
2026-10-02T00:15:29.586697+00:00,ME21D102,01,3,20261002091225,20261001184938,20261001192944,20261002075111,ME
2026-10-02T00:15:29.586697+00:00,ME21D103,01,3,20261002091229,20261001162659,20261001164044,20261002083952,ME
2026-10-02T00:15:29.586697+00:00,ME21D109,01,3,20261002091326,20261002082826,20261002090832,20261002091333,ME
2026-10-02T00:15:29.586697+00:00,ME21X010,01,2,20261002091212,20260929205347,20260929213713,,ME
2026-10-02T00:15:29.586697+00:00,ME21X014,01,2,20261002091251,20261001063125,20261001071416,,ME
2026-10-02T00:15:29.586697+00:00,ME21X015,01,3,20261002091329,20261001132113,20261001134836,20261002081751,ME
2026-10-02T00:15:29.586697+00:00,ME22C1F9,01,3,20261002091335,20261002064727,20261002072332,20261002090131,ME
2026-10-02T00:15:29.586697+00:00,ME22C1G0,01,3,20261002091351,20261002055351,20261002063224,20261002084728,ME
2026-10-02T00:15:29.586697+00:00,ME22C1G2,01,3,20261002091352,20261002071228,20261002073717,20261002091355,ME
2026-10-02T00:15:29.586697+00:00,ME22C1G3,01,2,20261002091152,20261002090725,20261002091156,,ME
2026-10-02T00:15:29.586697+00:00,ME22C286,02,2,20261002091049,20261002071608,20261002073716,,ME
2026-10-02T00:15:29.586697+00:00,ME22C305,03,2,20261002091317,20261002083708,20261002091323,,ME
2026-10-02T00:15:29.586697+00:00,ME22D155,01,3,20261002090952,20261002085639,20261002085747,20261002085943,ME
2026-10-02T00:15:29.586697+00:00,ME22D156,01,2,20261002091147,20261002070929,20261002074425,,ME
2026-10-02T00:15:29.586697+00:00,ME22D161,01,3,20261002091235,20261001190454,20261001194454,20261002091218,ME
2026-10-02T00:15:29.586697+00:00,ME22D162,01,2,20261002091036,20261001174532,20261001182008,,ME
2026-10-02T00:15:29.586697+00:00,ME22D1H0,01,2,20261002091237,20261001210319,20261001213958,,ME
2026-10-02T00:15:29.586697+00:00,ME22D219,01,2,20261002091342,20261002063324,20261002071324,,ME
2026-10-02T00:15:29.586697+00:00,ME22D219,02,2,20261002091041,20261001212009,20261001214254,,ME
2026-10-02T00:15:29.586697+00:00,ME22D235,01,2,20261002091237,20261002082839,20261002090848,,ME
2026-10-02T00:15:29.586697+00:00,ME22D235,02,2,20261002091051,20261002082911,20261002090921,,ME
2026-10-02T00:15:29.586697+00:00,ME22D401,01,3,20261002091101,20261001223423,20261001230439,20261002090538,ME
2026-10-02T00:15:29.586697+00:00,ME22D401,02,2,20261002091336,20261002073608,20261002080134,,ME
2026-10-02T00:15:29.586697+00:00,ME22D401,03,2,20261002091344,20261002081812,20261002085812,,ME
2026-10-02T00:15:29.586697+00:00,ME22D401,04,2,20261002091351,20261002085357,20261002090908,,ME
2026-10-02T00:15:29.586697+00:00,ME25C183,01,2,20261002091234,20261001045802,20261001051029,,ME
2026-10-02T00:15:29.586697+00:00,ME25C184,01,2,20261002090935,20261001184826,20261001185810,,ME
2026-10-02T00:15:29.586697+00:00,ME25C282,21,2,20261002091347,20260928171847,20260928173231,,ME
2026-10-02T00:15:29.586697+00:00,ME25C282,22,2,20261002091349,20261001172401,20261001180032,,ME
2026-10-02T00:15:29.586697+00:00,ME25C283,01,2,20261002091009,20261001172229,20261001173846,,ME
2026-10-02T00:15:29.586697+00:00,ME25C283,02,2,20261002091134,20261001170552,20261001173849,,ME
2026-10-02T00:15:29.586697+00:00,ME25C284,01,2,20261002091244,20260930133648,20260930141649,,ME
2026-10-02T00:15:29.586697+00:00,ME25C284,02,2,20261002091238,20260930125501,20260930133343,,ME
2026-10-02T00:15:29.586697+00:00,BT100008,01,9,20261002091310,20261002083958,20261002011008,20261002083958,BT
2026-10-02T00:15:29.586697+00:00,CU640003,05,2,20261002090955,20260418145533,20260418153942,,CU
2026-10-02T00:15:29.586697+00:00,CU640003,06,2,20261002090955,20260816153820,20260816171457,,CU
2026-10-02T00:15:29.586697+00:00,CV002095,02,2,20261002091036,20261002084129,20261002090810,,CV
2026-10-02T00:15:29.586697+00:00,EV015691,02,3,20261002090602,20261001164259,20261002014929,20261002090456,EV
2026-10-02T00:15:29.586697+00:00,GR000009,03,3,20261002090654,20261002074750,20261002090448,20261002090654,GR
2026-10-02T00:15:29.586697+00:00,GR000010,01,3,20261002090954,20261002073924,20261002090734,20261002090954,GR
2026-10-02T00:15:29.586697+00:00,GS000117,04,2,20261002091502,20261002082650,20261002091502,,GS
2026-10-02T00:15:29.586697+00:00,HD000028,04,3,20261002091001,20261002090922,20261002080419,20261002090922,HD
2026-10-02T00:15:29.586697+00:00,HE000019,02,3,20261002090900,20261002090900,20261002082600,20261002090900,HE
2026-10-02T00:15:29.586697+00:00,HE001145,02,2,20261002090800,20261002082800,20261002090800,,HE
2026-10-02T00:15:29.586697+00:00,HE230002,02,2,20261002090800,20261002085200,20261002090800,,HE
2026-10-02T00:15:29.586697+00:00,HE240489,01,3,20261002091000,20261002091000,20261001125316,20261002091000,HE
2026-10-02T00:15:29.586697+00:00,HE240537,01,9,20261002091310,20261002083300,20261002003603,20261002083300,HE
2026-10-02T00:15:29.586697+00:00,HM003000,11,3,20261002091420,20251025134154,20251025150958,20261002091420,HM
2026-10-02T00:15:29.586697+00:00,HM003000,78,3,20261002090623,20260927212356,20260928050607,20261002090518,HM
2026-10-02T00:15:29.586697+00:00,HY001110,05,2,20261002090806,20261002072640,20261002090706,,HY
2026-10-02T00:15:29.586697+00:00,HY001110,15,2,20261002091206,20261002083211,20261002091141,,HY
2026-10-02T00:15:29.586697+00:00,HY001110,17,2,20261002090604,20261001153428,20261002090553,,HY
2026-10-02T00:15:29.586697+00:00,JD000001,16,3,20261002091232,20261002091232,20261001163632,20261002091126,JD
2026-10-02T00:15:29.586697+00:00,JD000002,04,2,20261002090857,20261002085312,20261002090355,,JD
2026-10-02T00:15:29.586697+00:00,JD000005,01,2,20261002091200,20261002080200,20261002091200,,JD
2026-10-02T00:15:29.586697+00:00,JD000007,01,5,20261002090720,20261002090023,20261002090558,,JD
2026-10-02T00:15:29.586697+00:00,JD000012,02,3,20261002091128,20261002091128,20261001172157,20261002091009,JD
2026-10-02T00:15:29.586697+00:00,JD000013,06,3,20261002090857,20261002090857,20261002081346,20261002090736,JD
2026-10-02T00:15:29.586697+00:00,JD000054,01,3,20261002091500,20261002091500,20260820143748,20261002091500,JD
2026-10-02T00:15:29.586697+00:00,JD100024,01,3,20261002091129,20261002091129,20261001185022,20261002091003,JD
2026-10-02T00:15:29.586697+00:00,JD100027,01,3,20261002091129,20261002091129,20261001171822,20261002091000,JD
2026-10-02T00:15:29.586697+00:00,JD110010,02,2,20261002090634,20261002083559,20261002090122,,JD
2026-10-02T00:15:29.586697+00:00,JD110058,02,2,20261002091024,20261002084603,20261002090752,,JD
2026-10-02T00:15:29.586697+00:00,JD110070,02,3,20261002091331,20261002091331,20261002090129,20261002091155,JD
2026-10-02T00:15:29.586697+00:00,JD110080,01,2,20261002091129,20261002084223,20261002090754,,JD
2026-10-02T00:15:29.586697+00:00,JD110087,01,3,20261002091024,20261002091024,20261001162632,20261002090917,JD
2026-10-02T00:15:29.586697+00:00,JD110100,01,3,20261002091443,20261002091443,20261002084212,20261002091310,JD
2026-10-02T00:15:29.586697+00:00,JD110146,01,3,20261002091129,20261002091129,20261002024513,20261002091052,JD
2026-10-02T00:15:29.586697+00:00,JE010001,01,3,20261002090634,20261001171259,20261001223325,20261002090434,JE
2026-10-02T00:15:29.586697+00:00,JE010007,03,3,20261002091431,20261002091055,20261002091224,20261002091337,JE
2026-10-02T00:15:29.586697+00:00,JE010007,04,2,20261002091036,20261002083554,20261002091011,,JE
2026-10-02T00:15:29.586697+00:00,JE010021,04,3,20261002091431,20261001163313,20261001170419,20261002091317,JE
2026-10-02T00:15:29.586697+00:00,JE010021,06,2,20261002091431,20261001180251,20261001233458,,JE
2026-10-02T00:15:29.586697+00:00,JE010044,20,3,20261002091431,20261001153647,20261001161905,20261002091412,JE
2026-10-02T00:15:29.586697+00:00,JE010275,01,2,20261002091432,20261001190017,20261002091327,,JE
2026-10-02T00:15:29.586697+00:00,JE010281,03,2,20261002090634,20261002081625,20261002082312,,JE
2026-10-02T00:15:29.586697+00:00,JE010281,06,2,20261002090634,20261002085743,20261002090215,,JE
2026-10-02T00:15:29.586697+00:00,JE010289,04,3,20261002091432,20261002075232,20261002080510,20261002091237,JE
2026-10-02T00:15:29.586697+00:00,JE010289,06,3,20261002091233,20261001153432,20261001160104,20261002091216,JE
2026-10-02T00:15:29.586697+00:00,JE010327,08,3,20261002091036,20261001164446,20261001173034,20261002090949,JE
2026-10-02T00:15:29.586697+00:00,JE010375,01,2,20261002090831,20261002085419,20261002090734,,JE
2026-10-02T00:15:29.586697+00:00,JE040038,14,2,20261002091432,20261002083825,20261002091201,,JE
2026-10-02T00:15:29.586697+00:00,JE040103,02,2,20261002091234,20261001171900,20261002091139,,JE
2026-10-02T00:15:29.586697+00:00,JE900190,01,5,20261002090833,20261002040727,20261002051038,,JE
2026-10-02T00:15:29.586697+00:00,JE900205,02,3,20261002090636,20261002000336,20261002011823,20261002090549,JE
2026-10-02T00:15:29.586697+00:00,JE910131,01,2,20261002090833,20261001162731,20261001232643,,JE
2026-10-02T00:15:29.586697+00:00,KL001853,01,3,20261002091402,20261002091402,20261002010818,20261002085253,KL
2026-10-02T00:15:29.586697+00:00,KP000258,01,2,20261002091026,20261002071859,20261002080458,,KP
2026-10-02T00:15:29.586697+00:00,KP001192,02,2,20261002091009,20261002011016,20261002090501,,KP
2026-10-02T00:15:29.586697+00:00,KP001192,04,2,20261002091009,20261001233650,20261002090457,,KP
2026-10-02T00:15:29.586697+00:00,KP004700,01,2,20261002091012,20261002082110,20261002090154,,KP
2026-10-02T00:15:29.586697+00:00,LI000102,01,3,20261002091209,20261002091209,20261002091209,20261002091209,LI
2026-10-02T00:15:29.586697+00:00,LU002576,01,3,20261002090718,20261002090740,20261001190214,20261001121650,LU
2026-10-02T00:15:29.586697+00:00,PI000727,02,3,20261002090556,20261002090143,20260930102641,20261002090556,PI
2026-10-02T00:15:29.586697+00:00,PI640332,03,2,20261002090641,20261002070816,20261002080249,,PI
2026-10-02T00:15:29.586697+00:00,PI640337,05,3,20261002091142,20261002090733,20261001114303,20261002091142,PI
2026-10-02T00:15:29.586697+00:00,PI645491,09,2,20261002090920,20261002070101,20261002080318,,PI
2026-10-02T00:15:29.586697+00:00,PI766548,01,3,20261002090606,20261002090322,20261001154823,20261002090606,PI
2026-10-02T00:15:29.586697+00:00,PI773599,03,2,20261002091310,20261001173503,20261001213533,,PI
2026-10-02T00:15:29.586697+00:00,PI773599,20,2,20261002091310,20261002073632,20261002091118,,PI
2026-10-02T00:15:29.586697+00:00,PIH00488,14,2,20261002091253,20261001190310,20261002023316,,PI
2026-10-02T00:15:29.586697+00:00,PIH01122,03,2,20261002091238,20261001215235,20261002005303,,PI
2026-10-02T00:15:29.586697+00:00,PK000306,01,3,20261002091133,20261001203842,20261001213115,20261002090358,PK
2026-10-02T00:15:29.586697+00:00,PK000349,03,3,20261002091024,20261002091024,20261002085032,20261002091024,PK
2026-10-02T00:15:29.586697+00:00,PK000349,04,3,20261002091024,20261002091024,20261002085032,20261002091024,PK
2026-10-02T00:15:29.586697+00:00,PK000364,03,3,20261002091024,20261002091024,20260821090205,20261002091024,PK
2026-10-02T00:15:29.586697+00:00,PK000364,04,3,20261002091024,20261002091024,20261001193009,20261002091024,PK
2026-10-02T00:15:29.586697+00:00,PL027090,10,3,20261002091410,20261002091410,20260928070850,20261002091410,PL
2026-10-02T00:15:29.586697+00:00,PL027210,10,3,20261002090913,20261002090913,20261002072805,20261002090913,PL
2026-10-02T00:15:29.586697+00:00,PL031494,05,2,20261002090548,20261001205149,20261002090548,,PL
2026-10-02T00:15:29.586697+00:00,PW012703,05,2,20261002090817,20260428144716,20260428144822,,PW
2026-10-02T00:15:29.586697+00:00,PW013006,15,3,20261002090836,20261002090836,20261001150734,20261002090617,PW
2026-10-02T00:15:29.586697+00:00,PW013893,01,2,20261002091341,20261001195221,20261002000748,,PW
2026-10-02T00:15:29.586697+00:00,RE000356,16,1,20261002090803,20260930122249,20260930203620,,RE
2026-10-02T00:15:29.586697+00:00,SOA33001,01,1,20261002090726,20261002065725,20261002065925,,SO
2026-10-02T00:15:29.586697+00:00,ST501150,01,3,20261002091342,20261002091342,20260930172122,20261002091342,ST
2026-10-02T00:15:29.586697+00:00,ST501156,09,2,20261002091348,20261002084149,20261002091348,,ST
2026-10-02T00:15:29.586697+00:00,ST600047,02,3,20261002091157,20261002091157,20261002043232,20261002090840,ST
2026-10-02T00:15:29.586697+00:00,ST601107,06,3,20261002091018,20261002091018,20261001203522,20261002090745,ST
2026-10-02T00:15:29.586697+00:00,ST601107,22,3,20261002091217,20261002091217,20261002063604,20261002090940,ST
2026-10-02T00:15:29.586697+00:00,ST602220,08,2,20261002091227,20261001084914,20261002000539,,ST
2026-10-02T00:15:29.586697+00:00,TDO00007,02,2,20261002091500,20261001182515,20260924182157,,TD
2026-10-02T00:15:29.586697+00:00,TDO00068,01,2,20261002091503,20261001174117,20261002015013,,TD
2026-10-02T00:15:29.586697+00:00,TDO00100,01,3,20261002091502,20261002090029,20261001165753,20261002090029,TD
2026-10-02T00:15:29.586697+00:00,ME174046,01,2,20261002091210,20261002060817,20261002064852,,ME
2026-10-02T00:15:29.586697+00:00,ME174050,01,2,20261002091320,20261001170730,20261001170951,,ME
2026-10-02T00:15:29.586697+00:00,ME174050,02,2,20261002091349,20261001174226,20261001182853,,ME
2026-10-02T00:15:29.586697+00:00,ME174050,03,2,20261002091052,20261002062825,20261002063945,,ME
2026-10-02T00:15:29.586697+00:00,ME174050,04,2,20261002091331,20260930105634,20260930112000,,ME
2026-10-02T00:15:29.586697+00:00,ME174050,05,2,20261002091339,20260926150242,20260926154603,,ME
2026-10-02T00:15:29.586697+00:00,ME174061,01,2,20261002091126,20261001113723,20261001121938,,ME
2026-10-02T00:15:29.586697+00:00,ME174062,01,2,20261002091335,20261001151914,20261001153740,,ME
2026-10-02T00:15:29.586697+00:00,ME183101,01,2,20261002091101,20260930075227,20260930082713,,ME
2026-10-02T00:15:29.586697+00:00,ME183101,02,2,20261002091237,20261001092917,20261001101252,,ME
2026-10-02T00:15:29.586697+00:00,ME183101,03,2,20261002091052,20260929154106,20260929162412,,ME
2026-10-02T00:15:29.586697+00:00,ME183101,04,2,20261002091019,20260930142932,20260930150721,,ME
2026-10-02T00:15:29.586697+00:00,ME183101,52,2,20261002091239,20260927125611,20260927133914,,ME
2026-10-02T00:15:29.586697+00:00,ME183101,54,2,20261002091012,20260927151630,20260927155059,,ME
2026-10-02T00:15:29.586697+00:00,ME183102,02,3,20261002091250,20261001090049,20261001090526,20261002083359,ME
2026-10-02T00:15:29.586697+00:00,ME183102,52,2,20261002091253,20261002054830,20261002083559,,ME
2026-10-02T00:15:29.586697+00:00,ME184122,01,2,20261002091018,20261001164001,20261001172322,,ME
2026-10-02T00:15:29.586697+00:00,ME184124,01,2,20261002091348,20261002083739,20261002085925,,ME
2026-10-02T00:15:29.586697+00:00,ME184125,01,2,20261002091217,20261001133809,20261001141849,,ME
2026-10-02T00:15:29.586697+00:00,ME184126,02,2,20261002091204,20261002074103,20261002082143,,ME
2026-10-02T00:15:29.586697+00:00,ME18A173,01,3,20261002091341,20261001161248,20261001164815,20261002091337,ME
2026-10-02T00:15:29.586697+00:00,ME18A174,01,3,20261002091118,20260921214911,20260921220711,20261002090113,ME
2026-10-02T00:15:29.586697+00:00,ME18A175,01,3,20261002091359,20261001164221,20261001172302,20261002084328,ME
2026-10-02T00:15:29.586697+00:00,ME18A268,11,2,20261002091316,20261002074235,20261002080246,,ME
2026-10-02T00:15:29.586697+00:00,ME18A268,12,2,20261002091324,20261001153426,20261001161729,,ME
2026-10-02T00:15:29.586697+00:00,ME18A269,11,2,20261002090958,20261001151245,20261001154341,,ME
2026-10-02T00:15:29.586697+00:00,ME18A269,12,2,20261002090953,20261001152631,20261001160516,,ME
2026-10-02T00:15:29.586697+00:00,ME18A270,11,2,20261002091014,20261002081142,20261002083239,,ME
2026-10-02T00:15:29.586697+00:00,ME18A270,12,2,20261002091004,20261001134739,20261001143043,,ME
2026-10-02T00:15:29.586697+00:00,ME18A271,01,2,20261002090921,20260929162754,20260929170453,,ME
2026-10-02T00:15:29.586697+00:00,ME18A271,02,2,20261002091106,20261001163502,20261001170516,,ME
2026-10-02T00:15:29.586697+00:00,ME18A272,11,2,20261002091149,20261002060240,20261002064542,,ME
2026-10-02T00:15:29.586697+00:00,ME18A272,12,2,20261002091147,20261001160557,20261001164900,,ME
2026-10-02T00:15:29.586697+00:00,ME18A273,11,2,20261002091314,20261002081613,20261002082840,,ME
2026-10-02T00:15:29.586697+00:00,ME18A273,12,2,20261002091320,20261001174913,20261001181458,,ME
2026-10-02T00:15:29.586697+00:00,ME18A274,11,2,20261002091006,20261001134951,20261001143233,,ME
2026-10-02T00:15:29.586697+00:00,ME18A274,12,2,20261002091008,20261001192806,20261001201112,,ME
2026-10-02T00:15:29.586697+00:00,ME18A275,11,2,20261002091039,20261001182313,20261001190620,,ME
2026-10-02T00:15:29.586697+00:00,ME18A275,12,2,20261002091044,20261001230620,20261001233413,,ME
2026-10-02T00:15:29.586697+00:00,ME18A281,11,2,20261002091342,20260930150635,20260930151317,,ME
2026-10-02T00:15:29.586697+00:00,ME18A281,12,2,20261002091344,20261002080828,20261002085133,,ME
2026-10-02T00:15:29.586697+00:00,ME18A306,01,2,20261002091111,20260930080057,20260930083747,,ME
2026-10-02T00:15:29.586697+00:00,ME18A306,11,2,20261002091021,20260930143956,20260930144224,,ME
2026-10-02T00:15:29.586697+00:00,ME18A306,12,2,20261002091017,20260928095330,20260928095457,,ME
2026-10-02T00:15:29.586697+00:00,ME19B169,01,2,20261002091321,20261001120400,20261001124405,,ME
2026-10-02T00:15:29.586697+00:00,ME19B170,01,2,20261002090924,20261001192032,20261001195626,,ME
2026-10-02T00:15:29.586697+00:00,ME19B171,01,2,20261002091236,20260930214046,20260930221733,,ME
2026-10-02T00:15:29.586697+00:00,ME19B172,01,2,20261002091108,20261001202832,20261001210832,,ME
2026-10-02T00:15:29.586697+00:00,ME19B173,01,2,20261002091148,20261001163019,20261001171019,,ME
2026-10-02T00:15:29.586697+00:00,ME19B240,22,3,20261002091147,20261002042446,20261002050041,20261002084311,ME
2026-10-02T00:15:29.586697+00:00,ME19B242,21,3,20261002091317,20261001235853,20261002002014,20261002091039,ME
2026-10-02T00:15:29.586697+00:00,ME20B1e1,01,2,20261002090920,20260923131203,20260923131340,,ME
2026-10-02T00:15:29.586697+00:00,ME20B1e2,01,2,20261002091259,20261001190450,20261001193613,,ME
2026-10-02T00:15:29.586697+00:00,ME20B1e3,01,2,20261002091108,20260926130825,20260926133530,,ME
2026-10-02T00:15:29.586697+00:00,ME20B2a0,91,2,20261002091320,20260929171522,20260929173732,,ME
2026-10-02T00:15:29.586697+00:00,ME20B2a0,92,2,20261002090947,20260929181304,20260929182818,,ME
2026-10-02T00:15:29.586697+00:00,ME20B2a1,21,2,20261002090950,20260930153947,20260930161947,,ME
2026-10-02T00:15:29.586697+00:00,ME20B2a1,22,2,20261002090951,20260923104352,20260923104521,,ME
2026-10-02T00:15:29.586697+00:00,ME20B2a2,21,2,20261002091303,20261001165128,20261001165303,,ME
2026-10-02T00:15:29.586697+00:00,ME20B2a2,22,2,20261002091303,20261002070459,20261002072043,,ME
2026-10-02T00:15:29.586697+00:00,ME20B416,21,2,20261002091405,20260927130008,20260927130357,,ME
2026-10-02T00:15:29.586697+00:00,ME20B416,22,2,20261002091405,20261001084258,20261001090300,,ME
2026-10-02T00:15:29.586697+00:00,ME20B416,23,2,20261002091207,20261001153213,20261001154816,,ME
2026-10-02T00:15:29.586697+00:00,ME20B416,24,2,20261002091207,20261001135939,20261001140923,,ME
2026-10-02T00:15:29.586697+00:00,ME20B417,41,2,20261002091322,20261001133924,20261001141346,,ME
2026-10-02T00:15:29.586697+00:00,ME20B417,42,2,20261002091311,20260929145223,20260929150552,,ME
2026-10-02T00:15:29.586697+00:00,ME20B417,43,2,20261002091310,20261001074823,20261001081546,,ME
2026-10-02T00:15:29.586697+00:00,ME20B417,44,2,20261002091256,20261001141617,20261001144515,,ME
2026-10-02T00:15:29.586697+00:00,ME21B410,04,2,20261002091330,20261002011637,20261002014125,,ME
2026-10-02T00:15:29.586697+00:00,ME21D066,01,3,20261002091256,20261001182110,20261001190201,20261002080950,ME
2026-10-02T00:15:29.586697+00:00,ME21D069,01,3,20261002091232,20261001175839,20261001181836,20261002084803,ME
2026-10-02T00:15:29.586697+00:00,ME21D071,01,3,20261002091409,20261002065528,20261002073534,20261002083943,ME
2026-10-02T00:15:29.586697+00:00,ME21D072,01,3,20261002091226,20261001170358,20261001174404,20261002085013,ME
2026-10-02T00:15:29.586697+00:00,ME21D074,01,3,20261002091208,20261002064546,20261002072552,20261002090611,ME
2026-10-02T00:15:29.586697+00:00,ME21X008,01,2,20261002091232,20260929175738,20260929181032,,ME
2026-10-02T00:15:29.586697+00:00,ME22D1H1,01,2,20261002091014,20261001103812,20261001111812,,ME
2026-10-02T00:15:29.586697+00:00,ME25C181,01,2,20261002090959,20260930205223,20260930211741,,ME
2026-10-02T00:15:29.586697+00:00,ME25C182,01,4,20261002091158,20261002082752,20261002090756,,ME
2026-10-02T00:15:29.586697+00:00,ME25C281,21,2,20261002091409,20261001173545,20261001174757,,ME
2026-10-02T00:15:29.586697+00:00,ME25C281,22,2,20261002091313,20261002074902,20261002082904,,ME
2026-10-02T00:15:29.586697+00:00,ME25C318,01,2,20261002091315,20260929192647,20260929193755,,ME
2026-10-02T00:15:29.586697+00:00,ME25C318,21,4,20261002091310,20260926115518,20260926122747,,ME
2026-10-02T00:15:29.586697+00:00,ME25C318,22,2,20261002091313,20260919182628,20260919184105,,ME
2026-10-02T00:15:29.586697+00:00,ME25C431,01,2,20261002091000,20260914133046,20260914133228,,ME
2026-10-02T00:15:29.586697+00:00,ME25C431,02,2,20261002091337,20260929180949,20260929184722,,ME
2026-10-02T00:15:29.586697+00:00,ME25C431,03,2,20261002091017,20261001230801,20261001232738,,ME
2026-10-02T00:15:29.586697+00:00,ME25C431,04,2,20261002090920,20261001160245,20261001164247,,ME
2026-10-02T00:15:29.586697+00:00,BE250125,01,3,20261002091135,20261002091135,20261001200428,20261002091135,BE
2026-10-02T00:15:29.586697+00:00,CV004597,04,3,20261002091056,20261002090807,20261002090812,20261002091056,CV
2026-10-02T00:15:29.586697+00:00,EC500001,04,2,20261002090802,20261001192341,20261001223318,,EC
2026-10-02T00:15:29.586697+00:00,HE240435,11,3,20261002091400,20261002091400,20260930233805,20261002091400,HE
2026-10-02T00:15:29.586697+00:00,HE240435,16,3,20261002091200,20261002091200,20260930205217,20261002091200,HE
2026-10-02T00:15:29.586697+00:00,HE240440,08,3,20261002091100,20261002091100,20261001150302,20261002091100,HE
2026-10-02T00:15:29.586697+00:00,HM900001,09,2,20261002090633,20261002044728,20261002090444,,HM
2026-10-02T00:15:29.586697+00:00,HY000856,01,3,20261002090705,20261002090613,20260929134709,20261002090613,HY
2026-10-02T00:15:29.586697+00:00,JA500005,13,2,20261002090703,20261001212004,20261002090703,,JA
2026-10-02T00:15:29.586697+00:00,JD000076,05,3,20261002091331,20261002091331,20261001105207,20261002091222,JD
2026-10-02T00:15:29.586697+00:00,JD000089,01,3,20261002091500,20261002091500,20260929142803,20261002091500,JD
2026-10-02T00:15:29.586697+00:00,JD000091,01,2,20261002091200,20261002090900,20261002091200,,JD
2026-10-02T00:15:29.586697+00:00,JD000100,01,2,20261002090700,20261002072300,20261002090700,,JD
2026-10-02T00:15:29.586697+00:00,JD000117,01,3,20261002091300,20261002091300,20261001221300,20261002091300,JD
2026-10-02T00:15:29.586697+00:00,JD100019,03,3,20261002090930,20261002090930,20261001095357,20261002090822,JD
2026-10-02T00:15:29.586697+00:00,JD160001,01,2,20261002090931,20261002084946,20261002090500,,JD
2026-10-02T00:15:29.586697+00:00,JD160076,01,2,20261002091129,20261002084712,20261002091051,,JD
2026-10-02T00:15:29.586697+00:00,JD160084,02,3,20261002091025,20261002091025,20261002071342,20261002090912,JD
2026-10-02T00:15:29.586697+00:00,JD160087,01,2,20261002091332,20261002082724,20261002090724,,JD
2026-10-02T00:15:29.586697+00:00,JD160089,01,2,20261002091332,20261002085401,20261002091118,,JD
2026-10-02T00:15:29.586697+00:00,JE010259,01,3,20261002091036,20261002005539,20261002071521,20261002090959,JE
2026-10-02T00:15:29.586697+00:00,JE020006,01,3,20261002091036,20261001184137,20261001190225,20261002091026,JE
2026-10-02T00:15:29.586697+00:00,JE020006,02,3,20261002091233,20261001185723,20261001191936,20261002091147,JE
2026-10-02T00:15:29.586697+00:00,JE020104,04,3,20261002091233,20261002083334,20261002085241,20261002091057,JE
2026-10-02T00:15:29.586697+00:00,JE020137,06,3,20261002090831,20261001205448,20261001214410,20261002090727,JE
2026-10-02T00:15:29.586697+00:00,JE040076,03,2,20261002091432,20261001183118,20261002090005,,JE
2026-10-02T00:15:29.586697+00:00,JE040123,13,3,20261002091432,20261002073229,20261002085405,20261002091309,JE
2026-10-02T00:15:29.586697+00:00,JE040131,01,2,20261002091037,20261002062352,20261002091031,,JE
2026-10-02T00:15:29.586697+00:00,JE043002,32,2,20261002091432,20261001184724,20261001235747,,JE
2026-10-02T00:15:29.586697+00:00,JE043005,08,3,20261002091433,20261002003903,20261002005513,20261002091307,JE
2026-10-02T00:15:29.586697+00:00,JE900059,02,3,20261002090635,20261001210929,20261001221639,20261002090508,JE
2026-10-02T00:15:29.586697+00:00,JE900212,01,3,20261002091235,20261002080420,20261002085010,20261002091203,JE
2026-10-02T00:15:29.586697+00:00,JE900216,01,3,20261002091235,20261002070133,20261002081721,20261002070133,JE
2026-10-02T00:15:29.586697+00:00,JE900221,03,2,20261002090636,20261001205619,20261002010848,,JE
2026-10-02T00:15:29.586697+00:00,JE900228,01,3,20261002090636,20261001190710,20261002062538,20261002090500,JE
2026-10-02T00:15:29.586697+00:00,JE900250,01,3,20261002090636,20261002002200,20261002063257,20261002090453,JE
2026-10-02T00:15:29.586697+00:00,JE910147,01,3,20261002090833,20261001175729,20261002054303,20261002090706,JE
2026-10-02T00:15:29.586697+00:00,JE910152,02,2,20261002091434,20261002085832,20261002091138,,JE
2026-10-02T00:15:29.586697+00:00,KP000133,07,2,20261002091016,20261002082117,20261002085936,,KP
2026-10-02T00:15:29.586697+00:00,NH500001,04,2,20261002090700,20261002083500,20261002090700,,NH
2026-10-02T00:15:29.586697+00:00,PIH01105,17,3,20261002091252,20261002091028,20261001150815,20261002091252,PI
2026-10-02T00:15:29.586697+00:00,PL031292,02,3,20261002090707,20261002090707,20261001154234,20261002090707,PL
2026-10-02T00:15:29.586697+00:00,PL032061,08,2,20261002090659,20261001231352,20261002090659,,PL
2026-10-02T00:15:29.586697+00:00,PW012555,02,3,20261002091220,20261002091220,20260930223024,20261002091149,PW
2026-10-02T00:15:29.586697+00:00,PW015119,05,3,20261002091046,20261002091046,20261002090246,20261002090759,PW
2026-10-02T00:15:29.586697+00:00,RE000145,03,2,20261002091403,20261002081112,20261002090306,,RE
2026-10-02T00:15:29.586697+00:00,ST600693,01,3,20261002091206,20261002091206,20260930094947,20261002090926,ST
2026-10-02T00:30:35.423301+00:00,ME174067,01,2,20261002092841,20261002082430,20261002090050,,ME
2026-10-02T00:30:35.423301+00:00,ME181538,01,2,20261002092722,20261001112620,20261001112816,,ME
2026-10-02T00:30:35.423301+00:00,ME181539,01,2,20261002092902,20261001180700,20261001182455,,ME
2026-10-02T00:30:35.423301+00:00,ME181541,01,2,20261002092742,20261001104110,20261001112114,,ME
2026-10-02T00:30:35.423301+00:00,ME184129,01,2,20261002092855,20260930110036,20260930111706,,ME
2026-10-02T00:30:35.423301+00:00,ME184130,01,2,20261002092902,20261001112141,20261001114148,,ME
2026-10-02T00:30:35.423301+00:00,ME184131,01,2,20261002092456,20261002081320,20261002085446,,ME
2026-10-02T00:30:35.423301+00:00,ME18A176,01,2,20261002092725,20261001183148,20261001185313,,ME
2026-10-02T00:30:35.423301+00:00,ME18A177,01,2,20261002092554,20261001084358,20261001092704,,ME
2026-10-02T00:30:35.423301+00:00,ME18A178,01,2,20261002092722,20261001091223,20261001092823,,ME
2026-10-02T00:30:35.423301+00:00,ME18A276,11,2,20261002092605,20260927190040,20260927190352,,ME
2026-10-02T00:30:35.423301+00:00,ME18A276,12,2,20261002092551,20260925101706,20260925104659,,ME
2026-10-02T00:30:35.423301+00:00,ME18A277,11,2,20261002092822,20261002080137,20261002082438,,ME
2026-10-02T00:30:35.423301+00:00,ME18A277,12,2,20261002092808,20261001194118,20261001202421,,ME
2026-10-02T00:30:35.423301+00:00,ME18A278,01,2,20261002092718,20261001214739,20261001222023,,ME
2026-10-02T00:30:35.423301+00:00,ME18A278,02,2,20261002092623,20261002083646,20261002084851,,ME
2026-10-02T00:30:35.423301+00:00,ME18A279,11,2,20261002092553,20261002071100,20261002072537,,ME
2026-10-02T00:30:35.423301+00:00,ME18A279,12,2,20261002092545,20261002082611,20261002090304,,ME
2026-10-02T00:30:35.423301+00:00,ME18A280,11,3,20261002092613,20261001225421,20261001232127,20261002092516,ME
2026-10-02T00:30:35.423301+00:00,ME18A280,12,2,20261002092607,20261001210413,20261001212123,,ME
2026-10-02T00:30:35.423301+00:00,ME18A282,11,2,20261002092750,20261002064358,20261002072512,,ME
2026-10-02T00:30:35.423301+00:00,ME18A282,12,3,20261002092801,20261001164121,20261001170822,20261002091003,ME
2026-10-02T00:30:35.423301+00:00,ME18A283,11,2,20261002092424,20261002070412,20261002074636,,ME
2026-10-02T00:30:35.423301+00:00,ME18A283,12,2,20261002092427,20260930154445,20260930155807,,ME
2026-10-02T00:30:35.423301+00:00,ME18A307,01,2,20261002092537,20260927173056,20260927174551,,ME
2026-10-02T00:30:35.423301+00:00,ME18A308,01,2,20261002092420,20261001170747,20261001171122,,ME
2026-10-02T00:30:35.423301+00:00,ME18A308,11,2,20261002092843,20261001170716,20261001171059,,ME
2026-10-02T00:30:35.423301+00:00,ME18A308,12,2,20261002092845,20261001171142,20261001171536,,ME
2026-10-02T00:30:35.423301+00:00,ME18A309,01,3,20261002092649,20261001201732,20261001204202,20261002085617,ME
2026-10-02T00:30:35.423301+00:00,ME18A309,11,3,20261002092838,20261002000600,20261002004904,20261002092603,ME
2026-10-02T00:30:35.423301+00:00,ME18A309,12,2,20261002092842,20261002075440,20261002083616,,ME
2026-10-02T00:30:35.423301+00:00,ME19B174,11,2,20261002092718,20261002063945,20261002071024,,ME
2026-10-02T00:30:35.423301+00:00,ME19B174,12,3,20261002092846,20261001154903,20261001163302,20261002091842,ME
2026-10-02T00:30:35.423301+00:00,ME19B245,22,3,20261002092730,20261002071821,20261002073329,20261002090209,ME
2026-10-02T00:30:35.423301+00:00,ME19B246,22,3,20261002092645,20261002032647,20261002034726,20261002091957,ME
2026-10-02T00:30:35.423301+00:00,ME19B405,44,3,20261002092842,20261001141121,20261001143409,20261002090411,ME
2026-10-02T00:30:35.423301+00:00,ME19D126,01,2,20261002092721,20261002075439,20261002083005,,ME
2026-10-02T00:30:35.423301+00:00,ME19D127,01,2,20261002092352,20261001123630,20261001123800,,ME
2026-10-02T00:30:35.423301+00:00,ME19D128,01,2,20261002092627,20260927183731,20260927185259,,ME
2026-10-02T00:30:35.423301+00:00,ME19Y240,21,3,20261002092625,20261002085318,20261002090806,20261002091625,ME
2026-10-02T00:30:35.423301+00:00,ME19Y240,22,2,20261002092655,20261001171859,20261001172034,,ME
2026-10-02T00:30:35.423301+00:00,ME19Y269,01,2,20261002092514,20261001175314,20261001180128,,ME
2026-10-02T00:30:35.423301+00:00,ME19Y269,02,2,20261002092841,20261002074319,20261002082324,,ME
2026-10-02T00:30:35.423301+00:00,ME19Y270,01,2,20261002092843,20261002073556,20261002080343,,ME
2026-10-02T00:30:35.423301+00:00,ME19Y270,02,2,20261002092611,20261002064814,20261002072109,,ME
2026-10-02T00:30:35.423301+00:00,ME19Y271,01,2,20261002092638,20261002075728,20261002081838,,ME
2026-10-02T00:30:35.423301+00:00,ME19Y271,02,2,20261002092444,20261002074502,20261002081841,,ME
2026-10-02T00:30:35.423301+00:00,ME20B1e4,01,2,20261002092504,20261001121317,20261001125317,,ME
2026-10-02T00:30:35.423301+00:00,ME20B1e5,01,2,20261002092532,20261001193107,20261001195120,,ME
2026-10-02T00:30:35.423301+00:00,ME20B1e6,91,2,20261002092630,20261002014540,20261002022540,,ME
2026-10-02T00:30:35.423301+00:00,ME20B2a3,21,2,20261002092527,20261001160055,20261001161844,,ME
2026-10-02T00:30:35.423301+00:00,ME20B2a3,22,2,20261002092527,20261001153641,20261001155831,,ME
2026-10-02T00:30:35.423301+00:00,ME20B2a4,21,2,20261002092532,20261001043123,20261001051123,,ME
2026-10-02T00:30:35.423301+00:00,ME20B2a4,22,2,20261002092532,20261001202656,20261001210608,,ME
2026-10-02T00:30:35.423301+00:00,ME20B2a5,21,2,20261002092624,20261001175750,20261001183750,,ME
2026-10-02T00:30:35.423301+00:00,ME20B2a5,22,2,20261002092624,20261001184859,20261001192859,,ME
2026-10-02T00:30:35.423301+00:00,ME20B2a6,21,2,20261002092743,20261002085825,20261002092516,,ME
2026-10-02T00:30:35.423301+00:00,ME20B2a6,22,2,20261002092743,20261001141103,20261001142840,,ME
2026-10-02T00:30:35.423301+00:00,ME20B2a7,21,2,20261002092745,20261001225430,20261001231850,,ME
2026-10-02T00:30:35.423301+00:00,ME20B2a7,22,2,20261002092745,20261002090820,20261002092033,,ME
2026-10-02T00:30:35.423301+00:00,ME20B2a8,21,2,20261002092639,20261002082500,20261002090500,,ME
2026-10-02T00:30:35.423301+00:00,ME20B2a8,22,2,20261002092639,20261002090306,20261002091620,,ME
2026-10-02T00:30:35.423301+00:00,ME20B2a9,21,3,20261002092715,20261001152305,20261001153756,20261002092214,ME
2026-10-02T00:30:35.423301+00:00,ME20B2a9,22,2,20261002092817,20261001175640,20261001182613,,ME
2026-10-02T00:30:35.423301+00:00,ME20B2b0,21,2,20261002092707,20260930104830,20260930105554,,ME
2026-10-02T00:30:35.423301+00:00,ME20B2b0,22,2,20261002092707,20261001154016,20261001160216,,ME
2026-10-02T00:30:35.423301+00:00,ME20B2b1,21,2,20261002092635,20261001141302,20261001144814,,ME
2026-10-02T00:30:35.423301+00:00,ME20B2b1,22,2,20261002092635,20261001164651,20261001172651,,ME
2026-10-02T00:30:35.423301+00:00,ME20B2b2,21,2,20261002092527,20260916145246,20260916145416,,ME
2026-10-02T00:30:35.423301+00:00,ME20B2b2,22,2,20261002092527,20260925110458,20260925114155,,ME
2026-10-02T00:30:35.423301+00:00,ME20B2b3,21,2,20261002092808,20261001181409,20261001183943,,ME
2026-10-02T00:30:35.423301+00:00,ME20B2b3,22,2,20261002092808,20261001152316,20261001155512,,ME
2026-10-02T00:30:35.423301+00:00,ME20B2b4,01,3,20261002092504,20260922161952,20260922162155,20261002092503,ME
2026-10-02T00:30:35.423301+00:00,ME20B2b4,02,2,20261002092805,20261001134855,20261001142855,,ME
2026-10-02T00:30:35.423301+00:00,ME20B418,41,5,20261002092449,20260923123537,20260923131537,,ME
2026-10-02T00:30:35.423301+00:00,ME20B418,42,2,20261002092814,20261002085403,20261002092517,,ME
2026-10-02T00:30:35.423301+00:00,ME20B418,43,2,20261002092802,20261001234052,20261001235439,,ME
2026-10-02T00:30:35.423301+00:00,ME20B418,44,2,20261002092810,20261002082352,20261002090352,,ME
2026-10-02T00:30:35.423301+00:00,ME21B256,01,2,20261002092323,20261002085737,20261002090023,,ME
2026-10-02T00:30:35.423301+00:00,ME21B317,02,2,20261002092136,20261002052502,20261002060202,,ME
2026-10-02T00:30:35.423301+00:00,ME21D080,01,3,20261002092732,20261002062523,20261002064918,20261002092334,ME
2026-10-02T00:30:35.423301+00:00,ME21D096,01,3,20261002092824,20261002075121,20261002080719,20261002085559,ME
2026-10-02T00:30:35.423301+00:00,ME21D101,01,3,20261002092717,20261001205114,20261001211837,20261002092505,ME
2026-10-02T00:30:35.423301+00:00,ME21D102,01,3,20261002092841,20261001184938,20261001192944,20261002075111,ME
2026-10-02T00:30:35.423301+00:00,ME21D103,01,3,20261002092850,20261002083952,20261002091718,20261002092600,ME
2026-10-02T00:30:35.423301+00:00,ME21D105,01,2,20261002092510,20261002091844,20261002092513,,ME
2026-10-02T00:30:35.423301+00:00,ME21D106,01,3,20261002092904,20261002031240,20261002034719,20261002092905,ME
2026-10-02T00:30:35.423301+00:00,ME21D108,01,2,20261002092152,20261002091500,20261002092152,,ME
2026-10-02T00:30:35.423301+00:00,ME21X010,01,2,20261002092715,20260929205347,20260929213713,,ME
2026-10-02T00:30:35.423301+00:00,ME21X014,01,2,20261002092751,20261001063125,20261001071416,,ME
2026-10-02T00:30:35.423301+00:00,ME21X015,01,3,20261002092416,20261002081751,20261002085538,20261002085746,ME
2026-10-02T00:30:35.423301+00:00,ME22C1F9,01,3,20261002092748,20261002064727,20261002072332,20261002090131,ME
2026-10-02T00:30:35.423301+00:00,ME22C1G0,01,2,20261002092839,20261002084728,20261002092841,,ME
2026-10-02T00:30:35.423301+00:00,ME22C1G2,01,3,20261002092805,20261002071228,20261002073717,20261002091355,ME
2026-10-02T00:30:35.423301+00:00,ME22C305,02,3,20261002092759,20261001163309,20261001165406,20261002092158,ME
2026-10-02T00:30:35.423301+00:00,ME22C305,03,3,20261002092849,20261002083708,20261002091323,20261002092048,ME
2026-10-02T00:30:35.423301+00:00,ME22D155,01,3,20261002092455,20261002085639,20261002085747,20261002085943,ME
2026-10-02T00:30:35.423301+00:00,ME22D156,01,2,20261002092647,20261002070929,20261002074425,,ME
2026-10-02T00:30:35.423301+00:00,ME22D161,01,2,20261002092539,20261002091218,20261002092220,,ME
2026-10-02T00:30:35.423301+00:00,ME22D162,01,2,20261002092536,20261001174532,20261001182008,,ME
2026-10-02T00:30:35.423301+00:00,ME22D1H0,01,2,20261002092737,20261001210319,20261001213958,,ME
2026-10-02T00:30:35.423301+00:00,ME22D219,01,2,20261002092842,20261002063324,20261002071324,,ME
2026-10-02T00:30:35.423301+00:00,ME22D219,02,2,20261002092541,20261001212009,20261001214254,,ME
2026-10-02T00:30:35.423301+00:00,ME22D235,01,2,20261002092738,20261002082839,20261002090848,,ME
2026-10-02T00:30:35.423301+00:00,ME22D235,02,2,20261002092533,20261002082911,20261002090921,,ME
2026-10-02T00:30:35.423301+00:00,ME22D401,01,3,20261002092603,20261001223423,20261001230439,20261002090538,ME
2026-10-02T00:30:35.423301+00:00,ME22D401,02,2,20261002092336,20261002073608,20261002080134,,ME
2026-10-02T00:30:35.423301+00:00,ME22D401,03,2,20261002092845,20261002081812,20261002085812,,ME
2026-10-02T00:30:35.423301+00:00,ME22D401,04,3,20261002092755,20261002085357,20261002090908,20261002091739,ME
2026-10-02T00:30:35.423301+00:00,ME25C183,01,2,20261002092736,20261001045802,20261001051029,,ME
2026-10-02T00:30:35.423301+00:00,ME25C184,01,2,20261002092435,20261001184826,20261001185810,,ME
2026-10-02T00:30:35.423301+00:00,ME25C282,21,2,20261002092846,20260928171847,20260928173231,,ME
2026-10-02T00:30:35.423301+00:00,ME25C282,22,2,20261002092848,20261001172401,20261001180032,,ME
2026-10-02T00:30:35.423301+00:00,ME25C283,01,2,20261002092511,20261001172229,20261001173846,,ME
2026-10-02T00:30:35.423301+00:00,ME25C283,02,3,20261002092908,20261001170552,20261001173849,20261002091803,ME
2026-10-02T00:30:35.423301+00:00,ME25C284,01,2,20261002092746,20260930133648,20260930141649,,ME
2026-10-02T00:30:35.423301+00:00,ME25C284,02,2,20261002092739,20260930125501,20260930133343,,ME
2026-10-02T00:30:35.423301+00:00,BT000068,01,2,20261002093000,20261002083231,20261002092720,,BT
2026-10-02T00:30:35.423301+00:00,CV001193,03,2,20261002092520,20261002082701,20261002092305,,CV
2026-10-02T00:30:35.423301+00:00,CV001348,02,3,20261002092522,20261002092159,20261002092207,20261002092159,CV
2026-10-02T00:30:35.423301+00:00,CV001479,02,3,20261002092522,20261002092316,20261002092310,20261002092316,CV
2026-10-02T00:30:35.423301+00:00,CV001630,09,3,20261002092531,20261001191421,20261001193234,,CV
2026-10-02T00:30:35.423301+00:00,GR000032,01,3,20261002092525,20261001192418,20261001222746,20261002092525,GR
2026-10-02T00:30:35.423301+00:00,HD000018,01,3,20261002092800,20261002092739,20261001212638,20261002092739,HD
2026-10-02T00:30:35.423301+00:00,HD000018,02,3,20261002092300,20261002092226,20261002061326,20261002092226,HD
2026-10-02T00:30:35.423301+00:00,HD000018,04,3,20261002092600,20261002092547,20261001180719,20261002092547,HD
2026-10-02T00:30:35.423301+00:00,HD000018,06,2,20261002092800,20261002083111,20261002092709,,HD
2026-10-02T00:30:35.423301+00:00,HD000029,02,2,20261002092800,20261002090441,20261002092718,,HD
2026-10-02T00:30:35.423301+00:00,HE000012,04,3,20261002092200,20261002092200,20261001104300,20261002092200,HE
2026-10-02T00:30:35.423301+00:00,HE230009,02,2,20261002092600,20261002083400,20261002092600,,HE
2026-10-02T00:30:35.423301+00:00,HE230094,02,2,20261002092900,20261002092000,20261002092900,,HE
2026-10-02T00:30:35.423301+00:00,HE240279,01,3,20261002092500,20261002083600,20261001224101,20261002083600,HE
2026-10-02T00:30:35.423301+00:00,HE240537,01,3,20261002092500,20261002083300,20261002003603,20261002083300,HE
2026-10-02T00:30:35.423301+00:00,HM910001,03,3,20261002092430,20261001170806,20261001215428,20261002092325,HM
2026-10-02T00:30:35.423301+00:00,JD000013,05,2,20261002093000,20261002091800,20261002093000,,JD
2026-10-02T00:30:35.423301+00:00,JD000015,01,2,20261002092900,20261002085200,20261002092900,,JD
2026-10-02T00:30:35.423301+00:00,JD000017,01,3,20261002092842,20261002092842,20261002092118,20261002092818,JD
2026-10-02T00:30:35.423301+00:00,JD000018,01,5,20261002092918,20261002021309,20261002022359,,JD
2026-10-02T00:30:35.423301+00:00,JD000033,02,3,20261002092520,20261002092520,20261002083937,20261002092424,JD
2026-10-02T00:30:35.423301+00:00,JD000054,01,3,20261002093000,20261002093000,20260820143748,20261002093000,JD
2026-10-02T00:30:35.423301+00:00,JD000070,02,2,20261002092053,20261002090446,20261002091616,,JD
2026-10-02T00:30:35.423301+00:00,JD000118,03,2,20261002092400,20261001152900,20261002092400,,JD
2026-10-02T00:30:35.423301+00:00,JD000127,01,3,20261002092217,20261002092217,20261001200347,20261002092132,JD
2026-10-02T00:30:35.423301+00:00,JD100001,02,3,20261002092625,20261002092625,20261002080330,20261002092536,JD
2026-10-02T00:30:35.423301+00:00,JD110004,01,2,20261002092324,20261002083936,20261002091939,,JD
2026-10-02T00:30:35.423301+00:00,JD110049,01,2,20261002092626,20261002084354,20261002092400,,JD
2026-10-02T00:30:35.423301+00:00,JD110063,01,2,20261002092139,20261002083632,20261002091636,,JD
2026-10-02T00:30:35.423301+00:00,JD110070,01,2,20261002092325,20261002083738,20261002091743,,JD
2026-10-02T00:30:35.423301+00:00,JD110113,01,3,20261002092054,20261002092054,20261002081338,20261002091851,JD
2026-10-02T00:30:35.423301+00:00,JE010001,09,2,20261002092831,20261002071449,20261002092605,,JE
2026-10-02T00:30:35.423301+00:00,JE010037,03,3,20261002092430,20261001094719,20261001210508,20261002092249,JE
2026-10-02T00:30:35.423301+00:00,JE010107,02,3,20261002092229,20261001161635,20261001212742,20261002092153,JE
2026-10-02T00:30:35.423301+00:00,JE010247,04,3,20261002092229,20261001095650,20261001103801,20261002092115,JE
2026-10-02T00:30:35.423301+00:00,JE010250,01,2,20261002092627,20261002084035,20261002092617,,JE
2026-10-02T00:30:35.423301+00:00,JE010280,04,3,20261002092628,20260929111628,20260929114552,20261002092438,JE
2026-10-02T00:30:35.423301+00:00,JE010281,01,3,20261002092038,20261002075157,20261002082141,20261002091940,JE
2026-10-02T00:30:35.423301+00:00,JE010289,01,2,20261002092831,20261002091625,20261002092218,,JE
2026-10-02T00:30:35.423301+00:00,JE010289,10,2,20261002092038,20261002081334,20261002091932,,JE
2026-10-02T00:30:35.423301+00:00,JE010334,02,3,20261002092431,20261002064735,20261002072054,20261002092256,JE
2026-10-02T00:30:35.423301+00:00,JE010375,02,2,20261002092039,20261002091524,20261002091833,,JE
2026-10-02T00:30:35.423301+00:00,JE040066,03,3,20261002092628,20261001185431,20261002072655,20261002092622,JE
2026-10-02T00:30:35.423301+00:00,JE040108,05,2,20261002092230,20261002085126,20261002091930,,JE
2026-10-02T00:30:35.423301+00:00,JE900047,01,2,20261002092629,20261002083911,20261002092540,,JE
2026-10-02T00:30:35.423301+00:00,JE900128,06,3,20261002092040,20261001195217,20261002054812,20261002092000,JE
2026-10-02T00:30:35.423301+00:00,JE900136,01,2,20261002092040,20261002085128,20261002091851,,JE
2026-10-02T00:30:35.423301+00:00,JE900136,02,2,20261002092432,20261002075523,20261002092301,,JE
2026-10-02T00:30:35.423301+00:00,JE900158,01,2,20261002092629,20261002084639,20261002092549,,JE
2026-10-02T00:30:35.423301+00:00,JE900190,01,2,20261002092432,20261002082329,20261002090659,,JE
2026-10-02T00:30:35.423301+00:00,JE900195,01,2,20261002092040,20261002085010,20261002091928,,JE
2026-10-02T00:30:35.423301+00:00,JE900205,02,2,20261002092230,20261002090549,20261002092016,,JE
2026-10-02T00:30:35.423301+00:00,JE910008,02,2,20261002092041,20261001234114,20261002022825,,JE
2026-10-02T00:30:35.423301+00:00,JE910136,01,2,20261002092833,20261001145049,20261001164531,,JE
2026-10-02T00:30:35.423301+00:00,KP003366,01,2,20261002093007,20261001205948,20261001215032,,KP
2026-10-02T00:30:35.423301+00:00,KP004703,01,2,20261002093008,20261002060404,20261002065519,,KP
2026-10-02T00:30:35.423301+00:00,KP004703,04,2,20261002093010,20261002083530,20261002091954,,KP
2026-10-02T00:30:35.423301+00:00,LI000102,01,3,20261002092710,20261002092710,20261002092709,20261002092710,LI
2026-10-02T00:30:35.423301+00:00,LU001702,11,2,20261002092618,20261002092447,20261002092618,,LU
2026-10-02T00:30:35.423301+00:00,MO501104,01,2,20261002092810,20261002092801,20261002092810,,MO
2026-10-02T00:30:35.423301+00:00,MO501104,02,9,20261002092810,20261002092801,20261002092810,,MO
2026-10-02T00:30:35.423301+00:00,MO501106,01,9,20261002092810,20260902190154,20260902190209,,MO
2026-10-02T00:30:35.423301+00:00,MO501126,01,2,20261002092810,20261002092801,20261002092810,,MO
2026-10-02T00:30:35.423301+00:00,MO501126,02,2,20261002092810,20261002092801,20261002092810,,MO
2026-10-02T00:30:35.423301+00:00,MO501129,01,2,20261002092810,20241216213918,20241216213918,,MO
2026-10-02T00:30:35.423301+00:00,MO501129,02,2,20261002092810,20241217202230,20241217202230,,MO
2026-10-02T00:30:35.423301+00:00,MO501143,01,2,20261002092810,20250706175600,20250706175615,,MO
2026-10-02T00:30:35.423301+00:00,MO501143,02,9,20261002092810,20241016172006,20241016172006,,MO
2026-10-02T00:30:35.423301+00:00,MO501150,01,2,20261002092810,20260930190539,20260930190540,,MO
2026-10-02T00:30:35.423301+00:00,NT100725,04,2,20261002092950,20261002082150,20261002092950,,NT
2026-10-02T00:30:35.423301+00:00,NT100725,48,3,20261002092450,20261002092450,20261001154550,20261002092450,NT
2026-10-02T00:30:35.423301+00:00,NT101953,02,3,20261002092150,20261002092150,20261001090950,20261002092150,NT
2026-10-02T00:30:35.423301+00:00,NT102698,03,2,20261002092450,20261002023750,20261002092450,,NT
2026-10-02T00:30:35.423301+00:00,PI640381,01,3,20261002092157,20261002091930,20261001101113,20261002092157,PI
2026-10-02T00:30:35.423301+00:00,PI722949,03,3,20261002092842,20261002092746,20261002063349,20261002092842,PI
2026-10-02T00:30:35.423301+00:00,PL027210,05,2,20261002092456,20261001153734,20261002092456,,PL
2026-10-02T00:30:35.423301+00:00,PL027210,17,3,20261002092809,20261002092809,20261002064934,20261002092809,PL
2026-10-02T00:30:35.423301+00:00,PL031494,04,2,20261002092115,20261001150414,20261002092115,,PL
2026-10-02T00:30:35.423301+00:00,PW011957,02,2,20261002092912,20261001182307,20261002083035,,PW
2026-10-02T00:30:35.423301+00:00,RE000172,01,3,20261002092803,20261002092803,20260930224615,20261002092645,RE
2026-10-02T00:30:35.423301+00:00,RE000240,03,3,20261002092803,20261002092803,20261002053330,20261002092645,RE
2026-10-02T00:30:35.423301+00:00,RE000240,04,3,20261002093003,20261002093003,20261002092747,20261002092747,RE
2026-10-02T00:30:35.423301+00:00,SOA33001,01,1,20261002092126,20261002065725,20261002065925,,SO
2026-10-02T00:30:35.423301+00:00,ST500003,02,3,20261002092135,20261002092135,20261002020200,20261001211934,ST
2026-10-02T00:30:35.423301+00:00,ST501133,01,3,20261002092336,20261002092336,20261002091534,20260930205250,ST
2026-10-02T00:30:35.423301+00:00,ST501147,05,2,20261002092817,20261002052858,20261002092410,,ST
2026-10-02T00:30:35.423301+00:00,ST501150,02,2,20261002092149,20261002082337,20261002092149,,ST
2026-10-02T00:30:35.423301+00:00,ST600611,01,3,20261002092407,20261001055719,20261001073605,20261002092407,ST
2026-10-02T00:30:35.423301+00:00,ST601107,01,3,20261002092807,20261002092807,20261001114806,20261002092339,ST
2026-10-02T00:30:35.423301+00:00,TDO00044,01,2,20261002093001,20260601110737,20260601111242,,TD
2026-10-02T00:30:35.423301+00:00,TDO00059,01,2,20261002093004,20261001221354,20261002055956,,TD
2026-10-02T00:30:35.423301+00:00,ME174046,01,2,20261002092713,20261002060817,20261002064852,,ME
2026-10-02T00:30:35.423301+00:00,ME174050,01,2,20261002092823,20261001170730,20261001170951,,ME
2026-10-02T00:30:35.423301+00:00,ME174050,02,2,20261002092852,20261001174226,20261001182853,,ME
2026-10-02T00:30:35.423301+00:00,ME174050,03,2,20261002092555,20261002062825,20261002063945,,ME
2026-10-02T00:30:35.423301+00:00,ME174050,04,2,20261002092834,20260930105634,20260930112000,,ME
2026-10-02T00:30:35.423301+00:00,ME174050,05,2,20261002092842,20260926150242,20260926154603,,ME
2026-10-02T00:30:35.423301+00:00,ME174061,01,2,20261002092629,20261001113723,20261001121938,,ME
2026-10-02T00:30:35.423301+00:00,ME174062,01,2,20261002092838,20261001151914,20261001153740,,ME
2026-10-02T00:30:35.423301+00:00,ME183101,01,2,20261002092605,20260930075227,20260930082713,,ME
2026-10-02T00:30:35.423301+00:00,ME183101,02,2,20261002092740,20261001092917,20261001101252,,ME
2026-10-02T00:30:35.423301+00:00,ME183101,03,2,20261002092554,20260929154106,20260929162412,,ME
2026-10-02T00:30:35.423301+00:00,ME183101,04,2,20261002092522,20260930142932,20260930150721,,ME
2026-10-02T00:30:35.423301+00:00,ME183101,52,2,20261002092741,20260927125611,20260927133914,,ME
2026-10-02T00:30:35.423301+00:00,ME183101,54,2,20261002092514,20260927151630,20260927155059,,ME
2026-10-02T00:30:35.423301+00:00,ME183102,02,2,20261002092754,20261002083359,20261002091704,,ME
2026-10-02T00:30:35.423301+00:00,ME183102,52,2,20261002092757,20261002054830,20261002083559,,ME
2026-10-02T00:30:35.423301+00:00,ME184122,01,2,20261002092521,20261001164001,20261001172322,,ME
2026-10-02T00:30:35.423301+00:00,ME184124,01,2,20261002092851,20261002083739,20261002085925,,ME
2026-10-02T00:30:35.423301+00:00,ME184125,01,2,20261002092719,20261001133809,20261001141849,,ME
2026-10-02T00:30:35.423301+00:00,ME184126,02,2,20261002092706,20261002074103,20261002082143,,ME
2026-10-02T00:30:35.423301+00:00,ME18A173,01,3,20261002092843,20261001161248,20261001164815,20261002091337,ME
2026-10-02T00:30:35.423301+00:00,ME18A174,01,3,20261002092621,20260921214911,20260921220711,20261002090113,ME
2026-10-02T00:30:35.423301+00:00,ME18A175,01,2,20261002092551,20261002084328,20261002092332,,ME
2026-10-02T00:30:35.423301+00:00,ME18A268,11,2,20261002092819,20261002074235,20261002080246,,ME
2026-10-02T00:30:35.423301+00:00,ME18A268,12,3,20261002092828,20261001153426,20261001161729,20261002092511,ME
2026-10-02T00:30:35.423301+00:00,ME18A269,11,2,20261002092501,20261001151245,20261001154341,,ME
2026-10-02T00:30:35.423301+00:00,ME18A269,12,2,20261002092456,20261001152631,20261001160516,,ME
2026-10-02T00:30:35.423301+00:00,ME18A270,11,2,20261002092518,20261002081142,20261002083239,,ME
2026-10-02T00:30:35.423301+00:00,ME18A270,12,3,20261002092649,20261001134739,20261001143043,20261002092648,ME
2026-10-02T00:30:35.423301+00:00,ME18A271,01,2,20261002092425,20260929162754,20260929170453,,ME
2026-10-02T00:30:35.423301+00:00,ME18A271,02,2,20261002092609,20261001163502,20261001170516,,ME
2026-10-02T00:30:35.423301+00:00,ME18A272,11,2,20261002092653,20261002060240,20261002064542,,ME
2026-10-02T00:30:35.423301+00:00,ME18A272,12,2,20261002092650,20261001160557,20261001164900,,ME
2026-10-02T00:30:35.423301+00:00,ME18A273,11,2,20261002092817,20261002081613,20261002082840,,ME
2026-10-02T00:30:35.423301+00:00,ME18A273,12,2,20261002092822,20261001174913,20261001181458,,ME
2026-10-02T00:30:35.423301+00:00,ME18A274,11,2,20261002092509,20261001134951,20261001143233,,ME
2026-10-02T00:30:35.423301+00:00,ME18A274,12,2,20261002092510,20261001192806,20261001201112,,ME
2026-10-02T00:30:35.423301+00:00,ME18A275,11,2,20261002092543,20261001182313,20261001190620,,ME
2026-10-02T00:30:35.423301+00:00,ME18A275,12,2,20261002092548,20261001230620,20261001233413,,ME
2026-10-02T00:30:35.423301+00:00,ME18A281,11,2,20261002092846,20260930150635,20260930151317,,ME
2026-10-02T00:30:35.423301+00:00,ME18A281,12,2,20261002092848,20261002080828,20261002085133,,ME
2026-10-02T00:30:35.423301+00:00,ME18A306,01,2,20261002092614,20260930080057,20260930083747,,ME
2026-10-02T00:30:35.423301+00:00,ME18A306,11,2,20261002092524,20260930143956,20260930144224,,ME
2026-10-02T00:30:35.423301+00:00,ME18A306,12,2,20261002092520,20260928095330,20260928095457,,ME
2026-10-02T00:30:35.423301+00:00,ME19B169,01,2,20261002092321,20261001120400,20261001124405,,ME
2026-10-02T00:30:35.423301+00:00,ME19B170,01,2,20261002092425,20261001192032,20261001195626,,ME
2026-10-02T00:30:35.423301+00:00,ME19B171,01,2,20261002092737,20260930214046,20260930221733,,ME
2026-10-02T00:30:35.423301+00:00,ME19B172,01,2,20261002092609,20261001202832,20261001210832,,ME
2026-10-02T00:30:35.423301+00:00,ME19B173,01,2,20261002092648,20261001163019,20261001171019,,ME
2026-10-02T00:30:35.423301+00:00,ME19B240,22,2,20261002092430,20261002084311,20261002092421,,ME
2026-10-02T00:30:35.423301+00:00,ME19B241,21,2,20261002092321,20261001200811,20261001202013,,ME
2026-10-02T00:30:35.423301+00:00,ME19B241,22,2,20261002092322,20261001082459,20261001090506,,ME
2026-10-02T00:30:35.423301+00:00,ME19B242,21,3,20261002092826,20261001235853,20261002002014,20261002091039,ME
2026-10-02T00:30:35.423301+00:00,ME20B1e1,01,2,20261002092420,20260923131203,20260923131340,,ME
2026-10-02T00:30:35.423301+00:00,ME20B1e2,01,2,20261002092800,20261001190450,20261001193613,,ME
2026-10-02T00:30:35.423301+00:00,ME20B1e3,01,2,20261002092608,20260926130825,20260926133530,,ME
2026-10-02T00:30:35.423301+00:00,ME20B2a0,91,2,20261002092820,20260929171522,20260929173732,,ME
2026-10-02T00:30:35.423301+00:00,ME20B2a0,92,2,20261002092447,20260929181304,20260929182818,,ME
2026-10-02T00:30:35.423301+00:00,ME20B2a1,21,2,20261002092451,20260930153947,20260930161947,,ME
2026-10-02T00:30:35.423301+00:00,ME20B2a1,22,2,20261002092451,20260923104352,20260923104521,,ME
2026-10-02T00:30:35.423301+00:00,ME20B2a2,21,2,20261002092803,20261001165128,20261001165303,,ME
2026-10-02T00:30:35.423301+00:00,ME20B2a2,22,2,20261002092803,20261002070459,20261002072043,,ME
2026-10-02T00:30:35.423301+00:00,ME20B416,21,2,20261002092905,20260927130008,20260927130357,,ME
2026-10-02T00:30:35.423301+00:00,ME20B416,22,2,20261002092905,20261001084258,20261001090300,,ME
2026-10-02T00:30:35.423301+00:00,ME20B416,23,2,20261002092707,20261001153213,20261001154816,,ME
2026-10-02T00:30:35.423301+00:00,ME20B416,24,2,20261002092707,20261001135939,20261001140923,,ME
2026-10-02T00:30:35.423301+00:00,ME20B417,41,2,20261002092822,20261001133924,20261001141346,,ME
2026-10-02T00:30:35.423301+00:00,ME20B417,42,2,20261002092811,20260929145223,20260929150552,,ME
2026-10-02T00:30:35.423301+00:00,ME20B417,43,2,20261002092810,20261001074823,20261001081546,,ME
2026-10-02T00:30:35.423301+00:00,ME20B417,44,2,20261002092757,20261001141617,20261001144515,,ME
2026-10-02T00:30:35.423301+00:00,ME21B250,01,3,20261002092851,20261001193819,20261001202127,20261002091840,ME
2026-10-02T00:30:35.423301+00:00,ME21D058,01,2,20261002092333,20261002091436,20261002092326,,ME
2026-10-02T00:30:35.423301+00:00,ME21D061,01,3,20261002092750,20261002081730,20261002084040,20261002091942,ME
2026-10-02T00:30:35.423301+00:00,ME21D062,01,2,20261002092428,20261002041603,20261002045730,,ME
2026-10-02T00:30:35.423301+00:00,ME21D063,01,2,20261002092809,20261002074336,20261002081115,,ME
2026-10-02T00:30:35.423301+00:00,ME21D066,01,3,20261002092710,20261001182110,20261001190201,20261002080950,ME
2026-10-02T00:30:35.423301+00:00,ME21D068,01,3,20261002092829,20261001210501,20261001214155,20261002092225,ME
2026-10-02T00:30:35.423301+00:00,ME21D072,01,3,20261002092842,20261001170358,20261001174404,20261002085013,ME
2026-10-02T00:30:35.423301+00:00,ME21D074,01,3,20261002092825,20261002064546,20261002072552,20261002090611,ME
2026-10-02T00:30:35.423301+00:00,ME21X008,01,2,20261002092734,20260929175738,20260929181032,,ME
2026-10-02T00:30:35.423301+00:00,ME22A611,31,2,20261002092629,20261002075856,20261002083903,,ME
2026-10-02T00:30:35.423301+00:00,ME22A611,32,3,20261002092840,20261001200043,20261001202126,20261002092845,ME
2026-10-02T00:30:35.423301+00:00,ME22D1H1,01,2,20261002092514,20261001103812,20261001111812,,ME
2026-10-02T00:30:35.423301+00:00,ME25C181,01,2,20261002092502,20260930205223,20260930211741,,ME
2026-10-02T00:30:35.423301+00:00,ME25C182,01,4,20261002092658,20261002082752,20261002090756,,ME
2026-10-02T00:30:35.423301+00:00,ME25C281,21,2,20261002092810,20261001173545,20261001174757,,ME
2026-10-02T00:30:35.423301+00:00,ME25C281,22,3,20261002092812,20261002074902,20261002082904,20261002092206,ME
2026-10-02T00:30:35.423301+00:00,ME25C318,01,2,20261002092817,20260929192647,20260929193755,,ME
2026-10-02T00:30:35.423301+00:00,ME25C318,21,4,20261002092811,20260926115518,20260926122747,,ME
2026-10-02T00:30:35.423301+00:00,ME25C318,22,2,20261002092813,20260919182628,20260919184105,,ME
2026-10-02T00:30:35.423301+00:00,ME25C431,01,2,20261002092500,20260914133046,20260914133228,,ME
2026-10-02T00:30:35.423301+00:00,ME25C431,02,2,20261002092839,20260929180949,20260929184722,,ME
2026-10-02T00:30:35.423301+00:00,ME25C431,03,2,20261002092519,20261001230801,20261001232738,,ME
2026-10-02T00:30:35.423301+00:00,ME25C431,04,2,20261002092417,20261001160245,20261001164247,,ME
2026-10-02T00:30:35.423301+00:00,CV000344,03,2,20261002092517,20261002092154,20261002092335,,CV
2026-10-02T00:30:35.423301+00:00,EV015653,03,2,20261002092306,20261002073543,20261002092042,,EV
2026-10-02T00:30:35.423301+00:00,HE240264,01,3,20261002092500,20261002084201,20261001232041,20261002084201,HE
2026-10-02T00:30:35.423301+00:00,JD160003,01,3,20261002092843,20261002092843,20261001204945,20261002092732,JD
2026-10-02T00:30:35.423301+00:00,JD160020,02,2,20261002092919,20261002090406,20261002092800,,JD
2026-10-02T00:30:35.423301+00:00,JD160029,01,2,20261002092442,20261002085023,20261002091811,,JD
2026-10-02T00:30:35.423301+00:00,JD160054,01,2,20261002092140,20261002083731,20261002091731,,JD
2026-10-02T00:30:35.423301+00:00,JD160067,01,2,20261002092843,20261002084447,20261002092447,,JD
2026-10-02T00:30:35.423301+00:00,JD160075,03,2,20261002092325,20261002091425,20261002092240,,JD
2026-10-02T00:30:35.423301+00:00,JD160079,01,3,20261002092442,20261002092442,20260930074422,20261002092352,JD
2026-10-02T00:30:35.423301+00:00,JD160086,01,3,20261002092920,20261002092920,20261001132711,20261002092815,JD
2026-10-02T00:30:35.423301+00:00,JD160094,03,2,20261002092400,20261001153901,20261002092400,,JD
2026-10-02T00:30:35.423301+00:00,JE020026,04,2,20261002092831,20261002083707,20261002092631,,JE
2026-10-02T00:30:35.423301+00:00,JE020137,02,2,20261002092628,20261002085541,20261002092547,,JE
2026-10-02T00:30:35.423301+00:00,JE020137,10,2,20261002092628,20261002081551,20261002090448,,JE
2026-10-02T00:30:35.423301+00:00,JE040123,15,2,20261002092230,20261001225212,20261002001639,,JE
2026-10-02T00:30:35.423301+00:00,JE043001,21,2,20261002092831,20261002080529,20261002092714,,JE
2026-10-02T00:30:35.423301+00:00,JE900022,02,3,20261002092832,20260930174114,20261001044440,20261002092725,JE
2026-10-02T00:30:35.423301+00:00,JE900204,01,2,20261002092040,20261002065446,20261002074029,,JE
2026-10-02T00:30:35.423301+00:00,JE900216,01,3,20261002092832,20261002070133,20261002081721,20261002070133,JE
2026-10-02T00:30:35.423301+00:00,JE910116,01,2,20261002092231,20261002075630,20261002092026,,JE
2026-10-02T00:30:35.423301+00:00,KE001383,01,2,20261002092759,20261002083548,20261002092727,,KE
2026-10-02T00:30:35.423301+00:00,KP004706,02,3,20261002093008,20261001123514,20261001131714,20261002092533,KP
2026-10-02T00:30:35.423301+00:00,MO501311,01,2,20261002092810,20261002092801,20261002092810,,MO
2026-10-02T00:30:35.423301+00:00,MO501319,01,9,20261002092810,20260221113134,20260221113140,,MO
2026-10-02T00:30:35.423301+00:00,MO501319,02,2,20261002092810,20260114160320,20260114160326,,MO
2026-10-02T00:30:35.423301+00:00,MO501328,01,2,20261002092810,20251012210231,20251012210247,,MO
2026-10-02T00:30:35.423301+00:00,PI645187,03,3,20261002092310,20261002091926,20261001134117,20261002092310,PI
2026-10-02T00:30:35.423301+00:00,PI700456,01,1,20261002093003,20260927133241,20260927133516,,PI
2026-10-02T00:30:35.423301+00:00,PI700894,02,2,20261002092507,20261001214412,20261002091600,,PI
2026-10-02T00:30:35.423301+00:00,PIH01495,01,3,20261002092731,20261002092308,20260930044516,20261002092731,PI
2026-10-02T00:30:35.423301+00:00,PIS00777,01,1,20261002092425,20261002091501,20261001112722,,PI
2026-10-02T00:30:35.423301+00:00,PL031460,03,2,20261002092835,20261001180229,20261002092835,,PL
2026-10-02T00:30:35.423301+00:00,PW011952,01,1,20261002092117,20260806205816,20260806212831,,PW
2026-10-02T00:30:35.423301+00:00,PW100561,05,2,20261002092508,20261001141017,20261001171035,,PW
2026-10-02T00:30:35.423301+00:00,RE000243,40,3,20261002092403,20261002092403,20261001232830,20261002092323,RE
2026-10-02T00:30:35.423301+00:00,RE000243,50,2,20261002092602,20261001211152,20261001231525,,RE
2026-10-02T00:30:35.423301+00:00,ST501331,01,2,20261002092555,20260930203906,20261002092342,,ST
2026-10-02T01:00:44.504693+00:00,ME174067,01,2,20261002095846,20261002082430,20261002090050,,ME
2026-10-02T01:00:44.504693+00:00,ME181538,01,2,20261002095727,20261001112620,20261001112816,,ME
2026-10-02T01:00:44.504693+00:00,ME181539,01,2,20261002095907,20261001180700,20261001182455,,ME
2026-10-02T01:00:44.504693+00:00,ME181541,01,2,20261002095748,20261001104110,20261001112114,,ME
2026-10-02T01:00:44.504693+00:00,ME184129,01,2,20261002095902,20260930110036,20260930111706,,ME
2026-10-02T01:00:44.504693+00:00,ME184130,01,2,20261002095908,20261001112141,20261001114148,,ME
2026-10-02T01:00:44.504693+00:00,ME184131,01,2,20261002095501,20261002081320,20261002085446,,ME
2026-10-02T01:00:44.504693+00:00,ME18A176,01,2,20261002095731,20261001183148,20261001185313,,ME
2026-10-02T01:00:44.504693+00:00,ME18A177,01,2,20261002095559,20261001084358,20261001092704,,ME
2026-10-02T01:00:44.504693+00:00,ME18A178,01,3,20261002095805,20261001091223,20261001092823,20261002093259,ME
2026-10-02T01:00:44.504693+00:00,ME18A276,11,2,20261002095612,20260927190040,20260927190352,,ME
2026-10-02T01:00:44.504693+00:00,ME18A276,12,2,20261002095558,20260925101706,20260925104659,,ME
2026-10-02T01:00:44.504693+00:00,ME18A277,11,2,20261002095828,20261002093829,20261002095533,,ME
2026-10-02T01:00:44.504693+00:00,ME18A277,12,3,20261002095817,20261001194118,20261001202421,20261002094310,ME
2026-10-02T01:00:44.504693+00:00,ME18A278,01,2,20261002095724,20261001214739,20261001222023,,ME
2026-10-02T01:00:44.504693+00:00,ME18A278,02,2,20261002095630,20261002083646,20261002084851,,ME
2026-10-02T01:00:44.504693+00:00,ME18A279,11,2,20261002095558,20261002071100,20261002072537,,ME
2026-10-02T01:00:44.504693+00:00,ME18A279,12,2,20261002095550,20261002082611,20261002090304,,ME
2026-10-02T01:00:44.504693+00:00,ME18A280,11,2,20261002095619,20261002092516,20261002093224,,ME
2026-10-02T01:00:44.504693+00:00,ME18A280,12,2,20261002095614,20261001210413,20261001212123,,ME
2026-10-02T01:00:44.504693+00:00,ME18A282,11,2,20261002095756,20261002064358,20261002072512,,ME
2026-10-02T01:00:44.504693+00:00,ME18A282,12,2,20261002095806,20261002091003,20261002094235,,ME
2026-10-02T01:00:44.504693+00:00,ME18A283,11,2,20261002095429,20261002070412,20261002074636,,ME
2026-10-02T01:00:44.504693+00:00,ME18A283,12,2,20261002095433,20260930154445,20260930155807,,ME
2026-10-02T01:00:44.504693+00:00,ME18A307,01,2,20261002095543,20260927173056,20260927174551,,ME
2026-10-02T01:00:44.504693+00:00,ME18A308,01,2,20261002095426,20261001170747,20261001171122,,ME
2026-10-02T01:00:44.504693+00:00,ME18A308,11,2,20261002095849,20261001170716,20261001171059,,ME
2026-10-02T01:00:44.504693+00:00,ME18A308,12,2,20261002095851,20261001171142,20261001171536,,ME
2026-10-02T01:00:44.504693+00:00,ME18A309,01,2,20261002095656,20261002085617,20261002093643,,ME
2026-10-02T01:00:44.504693+00:00,ME18A309,11,2,20261002095844,20261002092603,20261002095147,,ME
2026-10-02T01:00:44.504693+00:00,ME18A309,12,2,20261002095847,20261002075440,20261002083616,,ME
2026-10-02T01:00:44.504693+00:00,ME19B174,11,3,20261002095724,20261002063945,20261002071024,20261002093626,ME
2026-10-02T01:00:44.504693+00:00,ME19B174,12,3,20261002095852,20261001154903,20261001163302,20261002091842,ME
2026-10-02T01:00:44.504693+00:00,ME19B244,21,3,20261002095734,20261002071714,20261002075722,20261002095727,ME
2026-10-02T01:00:44.504693+00:00,ME19B246,22,3,20261002095650,20261002091957,20261002094258,20261002095637,ME
2026-10-02T01:00:44.504693+00:00,ME19B250,22,2,20261002095724,20261002093821,20261002095717,,ME
2026-10-02T01:00:44.504693+00:00,ME19D126,01,2,20261002095721,20261002075439,20261002083005,,ME
2026-10-02T01:00:44.504693+00:00,ME19D127,01,2,20261002095851,20261001123630,20261001123800,,ME
2026-10-02T01:00:44.504693+00:00,ME19D128,01,2,20261002095627,20260927183731,20260927185259,,ME
2026-10-02T01:00:44.504693+00:00,ME19Y240,21,2,20261002095655,20261002091625,20261002095625,,ME
2026-10-02T01:00:44.504693+00:00,ME19Y240,22,3,20261002095716,20261001171859,20261001172034,20261002093211,ME
2026-10-02T01:00:44.504693+00:00,ME19Y269,01,2,20261002095514,20261001175314,20261001180128,,ME
2026-10-02T01:00:44.504693+00:00,ME19Y269,02,2,20261002095840,20261002074319,20261002082324,,ME
2026-10-02T01:00:44.504693+00:00,ME19Y270,01,2,20261002095843,20261002073556,20261002080343,,ME
2026-10-02T01:00:44.504693+00:00,ME19Y270,02,2,20261002095612,20261002064814,20261002072109,,ME
2026-10-02T01:00:44.504693+00:00,ME19Y271,01,2,20261002095638,20261002075728,20261002081838,,ME
2026-10-02T01:00:44.504693+00:00,ME19Y271,02,2,20261002095444,20261002074502,20261002081841,,ME
2026-10-02T01:00:44.504693+00:00,ME20B1e4,01,2,20261002095505,20261001121317,20261001125317,,ME
2026-10-02T01:00:44.504693+00:00,ME20B1e5,01,2,20261002095532,20261001193107,20261001195120,,ME
2026-10-02T01:00:44.504693+00:00,ME20B1e6,91,2,20261002095630,20261002014540,20261002022540,,ME
2026-10-02T01:00:44.504693+00:00,ME20B2a3,21,2,20261002095527,20261001160055,20261001161844,,ME
2026-10-02T01:00:44.504693+00:00,ME20B2a3,22,2,20261002095527,20261001153641,20261001155831,,ME
2026-10-02T01:00:44.504693+00:00,ME20B2a4,21,2,20261002095532,20261001043123,20261001051123,,ME
2026-10-02T01:00:44.504693+00:00,ME20B2a4,22,2,20261002095532,20261001202656,20261001210608,,ME
2026-10-02T01:00:44.504693+00:00,ME20B2a5,21,2,20261002095624,20261002093801,20261002094847,,ME
2026-10-02T01:00:44.504693+00:00,ME20B2a5,22,3,20261002095845,20261001184859,20261001192859,20261002095844,ME
2026-10-02T01:00:44.504693+00:00,ME20B2a6,21,2,20261002095743,20261002085825,20261002092516,,ME
2026-10-02T01:00:44.504693+00:00,ME20B2a6,22,2,20261002095743,20261001141103,20261001142840,,ME
2026-10-02T01:00:44.504693+00:00,ME20B2a7,21,2,20261002095745,20261001225430,20261001231850,,ME
2026-10-02T01:00:44.504693+00:00,ME20B2a7,22,2,20261002095745,20261002090820,20261002092033,,ME
2026-10-02T01:00:44.504693+00:00,ME20B2a8,21,2,20261002095639,20261002082500,20261002090500,,ME
2026-10-02T01:00:44.504693+00:00,ME20B2a8,22,2,20261002095639,20261002093045,20261002094630,,ME
2026-10-02T01:00:44.504693+00:00,ME20B2a9,21,2,20261002095817,20261002092214,20261002093044,,ME
2026-10-02T01:00:44.504693+00:00,ME20B2a9,22,3,20261002095714,20261001175640,20261001182613,20261002095714,ME
2026-10-02T01:00:44.504693+00:00,ME20B2b0,21,2,20261002095707,20260930104830,20260930105554,,ME
2026-10-02T01:00:44.504693+00:00,ME20B2b0,22,2,20261002095707,20261001154016,20261001160216,,ME
2026-10-02T01:00:44.504693+00:00,ME20B2b1,21,2,20261002095635,20261001141302,20261001144814,,ME
2026-10-02T01:00:44.504693+00:00,ME20B2b1,22,2,20261002095635,20261001164651,20261001172651,,ME
2026-10-02T01:00:44.504693+00:00,ME20B2b2,21,2,20261002095527,20260916145246,20260916145416,,ME
2026-10-02T01:00:44.504693+00:00,ME20B2b2,22,2,20261002095527,20260925110458,20260925114155,,ME
2026-10-02T01:00:44.504693+00:00,ME20B2b3,21,2,20261002095808,20261001181409,20261001183943,,ME
2026-10-02T01:00:44.504693+00:00,ME20B2b3,22,2,20261002095808,20261001152316,20261001155512,,ME
2026-10-02T01:00:44.504693+00:00,ME20B2b4,01,3,20261002095516,20260922161952,20260922162155,20261002092503,ME
2026-10-02T01:00:44.504693+00:00,ME20B2b4,02,2,20261002095805,20261001134855,20261001142855,,ME
2026-10-02T01:00:44.504693+00:00,ME20B418,41,2,20261002095428,20260923123537,20260923131537,,ME
2026-10-02T01:00:44.504693+00:00,ME20B418,42,2,20261002095448,20261002085403,20261002092517,,ME
2026-10-02T01:00:44.504693+00:00,ME20B418,43,2,20261002095506,20261001234052,20261001235439,,ME
2026-10-02T01:00:44.504693+00:00,ME20B418,44,2,20261002095443,20261002082352,20261002090352,,ME
2026-10-02T01:00:44.504693+00:00,ME21B256,01,2,20261002095323,20261002085737,20261002090023,,ME
2026-10-02T01:00:44.504693+00:00,ME21B317,02,2,20261002095136,20261002052502,20261002060202,,ME
2026-10-02T01:00:44.504693+00:00,ME21D082,01,3,20261002095738,20261002084224,20261002090740,20261002095341,ME
2026-10-02T01:00:44.504693+00:00,ME21D092,01,2,20261002095646,20261002093229,20261002095641,,ME
2026-10-02T01:00:44.504693+00:00,ME21D093,01,3,20261002095736,20261002084047,20261002091038,20261002094324,ME
2026-10-02T01:00:44.504693+00:00,ME21D097,01,3,20261002095723,20261002082858,20261002085243,20261002095721,ME
2026-10-02T01:00:44.504693+00:00,ME21D101,01,2,20261002095133,20261002092505,20261002095123,,ME
2026-10-02T01:00:44.504693+00:00,ME21D102,01,3,20261002095710,20261001184938,20261001192944,20261002075111,ME
2026-10-02T01:00:44.504693+00:00,ME21D103,01,3,20261002095858,20261002083952,20261002091718,20261002092600,ME
2026-10-02T01:00:44.504693+00:00,ME21D106,01,3,20261002095731,20261002031240,20261002034719,20261002092905,ME
2026-10-02T01:00:44.504693+00:00,ME21D112,01,3,20261002095828,20261002070848,20261002072841,20261002093607,ME
2026-10-02T01:00:44.504693+00:00,ME21X010,01,2,20261002095720,20260929205347,20260929213713,,ME
2026-10-02T01:00:44.504693+00:00,ME21X014,01,3,20261002095851,20261001063125,20261001071416,20261002054246,ME
2026-10-02T01:00:44.504693+00:00,ME21X015,01,3,20261002095421,20261002081751,20261002085538,20261002085746,ME
2026-10-02T01:00:44.504693+00:00,ME22C305,02,3,20261002095828,20261001163309,20261001165406,20261002092158,ME
2026-10-02T01:00:44.504693+00:00,ME22C305,03,3,20261002095715,20261002083708,20261002091323,20261002092048,ME
2026-10-02T01:00:44.504693+00:00,ME22D155,01,2,20261002095441,20261002085943,20261002093153,,ME
2026-10-02T01:00:44.504693+00:00,ME22D156,01,2,20261002095648,20261002070929,20261002074425,,ME
2026-10-02T01:00:44.504693+00:00,ME22D161,01,3,20261002095910,20261002091218,20261002092220,20261002095459,ME
2026-10-02T01:00:44.504693+00:00,ME22D162,01,3,20261002095536,20261001174532,20261001182008,20261002093523,ME
2026-10-02T01:00:44.504693+00:00,ME22D176,01,5,20261002095626,20261002095258,20261002095405,,ME
2026-10-02T01:00:44.504693+00:00,ME22D1H0,01,2,20261002095659,20261001210319,20261001213958,,ME
2026-10-02T01:00:44.504693+00:00,ME22D219,01,3,20261002095900,20261002063324,20261002071324,20261002093830,ME
2026-10-02T01:00:44.504693+00:00,ME22D219,02,2,20261002095542,20261001212009,20261001214254,,ME
2026-10-02T01:00:44.504693+00:00,ME22D235,01,2,20261002095738,20261002093119,20261002095108,,ME
2026-10-02T01:00:44.504693+00:00,ME22D235,02,2,20261002095533,20261002082911,20261002090921,,ME
2026-10-02T01:00:44.504693+00:00,ME22D401,01,2,20261002095848,20261002090538,20261002094538,,ME
2026-10-02T01:00:44.504693+00:00,ME22D401,02,3,20261002095632,20261002073608,20261002080134,20261002095620,ME
2026-10-02T01:00:44.504693+00:00,ME22D401,03,3,20261002095506,20261002081812,20261002085812,20261002095005,ME
2026-10-02T01:00:44.504693+00:00,ME22D401,04,2,20261002095851,20261002091739,20261002094615,,ME
2026-10-02T01:00:44.504693+00:00,ME25C183,01,2,20261002095740,20261001045802,20261001051029,,ME
2026-10-02T01:00:44.504693+00:00,ME25C184,01,2,20261002095437,20261001184826,20261001185810,,ME
2026-10-02T01:00:44.504693+00:00,ME25C282,21,2,20261002095844,20260928171847,20260928173231,,ME
2026-10-02T01:00:44.504693+00:00,ME25C282,22,2,20261002095846,20261001172401,20261001180032,,ME
2026-10-02T01:00:44.504693+00:00,ME25C283,01,2,20261002095642,20261001172229,20261001173846,,ME
2026-10-02T01:00:44.504693+00:00,ME25C283,02,2,20261002095852,20261002091803,20261002095805,,ME
2026-10-02T01:00:44.504693+00:00,ME25C284,01,2,20261002095745,20260930133648,20260930141649,,ME
2026-10-02T01:00:44.504693+00:00,ME25C284,02,2,20261002095742,20260930125501,20260930133343,,ME
2026-10-02T01:00:44.504693+00:00,BE250124,01,2,20261002095604,20261002083014,20261002095604,,BE
2026-10-02T01:00:44.504693+00:00,BE250158,01,2,20261002095224,20261002083815,20261002095224,,BE
2026-10-02T01:00:44.504693+00:00,BE250159,01,3,20261002095513,20261002095513,20261002095505,20261002095513,BE
2026-10-02T01:00:44.504693+00:00,BT100008,03,3,20261002095614,20261002095614,20261001091348,20261002095614,BT
2026-10-02T01:00:44.504693+00:00,BT100009,02,2,20261002095344,20261002072500,20261002095344,,BT
2026-10-02T01:00:44.504693+00:00,CV001985,20,2,20261002095530,20261002085317,20261002095320,,CV
2026-10-02T01:00:44.504693+00:00,GR000010,01,2,20261002095526,20261002073924,20261002090734,,GR
2026-10-02T01:00:44.504693+00:00,GR000044,02,2,20261002095334,20261001211606,20261002022522,,GR
2026-10-02T01:00:44.504693+00:00,HD000028,01,3,20261002095200,20261002095126,20261002085436,20261002095126,HD
2026-10-02T01:00:44.504693+00:00,HD000028,04,2,20261002095100,20261002090922,20261002095044,,HD
2026-10-02T01:00:44.504693+00:00,HE230002,01,2,20261002095500,20261002085600,20261002095500,,HE
2026-10-02T01:00:44.504693+00:00,HE240065,03,2,20261002100000,20261002095700,20261002100000,,HE
2026-10-02T01:00:44.504693+00:00,HE240279,01,2,20261002095400,20261002083600,20261002095400,,HE
2026-10-02T01:00:44.504693+00:00,HM003000,80,3,20261002095424,20260918114539,20260918130952,20261002095244,HM
2026-10-02T01:00:44.504693+00:00,JD000001,01,3,20261002095531,20261002095531,20261001222644,20261002095417,JD
2026-10-02T01:00:44.504693+00:00,JD000002,01,2,20261002095836,20260926142156,20260926142400,,JD
2026-10-02T01:00:44.504693+00:00,JD000002,02,3,20261002095800,20261002095800,20261001230202,20261002095800,JD
2026-10-02T01:00:44.504693+00:00,JD000003,09,3,20261002100001,20261002100001,20261002093400,20261002100001,JD
2026-10-02T01:00:44.504693+00:00,JD000007,01,3,20261002095343,20261002095343,20261002090558,20261002090023,JD
2026-10-02T01:00:44.504693+00:00,JD000013,03,2,20261002095900,20261002091700,20261002095900,,JD
2026-10-02T01:00:44.504693+00:00,JD000014,01,2,20261002100001,20261002095000,20261002100001,,JD
2026-10-02T01:00:44.504693+00:00,JD000038,02,2,20261002095124,20261002071458,20261002094800,,JD
2026-10-02T01:00:44.504693+00:00,JD000054,01,3,20261002100000,20261002100000,20260820143748,20261002100000,JD
2026-10-02T01:00:44.504693+00:00,JD000064,05,3,20261002095641,20261002095641,20261001163355,20261002095550,JD
2026-10-02T01:00:44.504693+00:00,JD000118,03,3,20261002095700,20261002095700,20261002092400,20261002095700,JD
2026-10-02T01:00:44.504693+00:00,JD000121,03,3,20261002095417,20261002095417,20260930115157,20260930114103,JD
2026-10-02T01:00:44.504693+00:00,JD100010,02,3,20261002095836,20261002095836,20261002084533,20261002095708,JD
2026-10-02T01:00:44.504693+00:00,JD100024,01,2,20261002095532,20261002091003,20261002095004,,JD
2026-10-02T01:00:44.504693+00:00,JD100027,01,2,20261002095837,20261002091000,20261002094958,,JD
2026-10-02T01:00:44.504693+00:00,JD100028,01,2,20261002095532,20260929185821,20260929193822,,JD
2026-10-02T01:00:44.504693+00:00,JD110035,01,2,20261002095837,20261002091703,20261002095706,,JD
2026-10-02T01:00:44.504693+00:00,JD110114,01,2,20261002095921,20261002093502,20261002095601,,JD
2026-10-02T01:00:44.504693+00:00,JD110119,03,3,20261002095344,20261002095344,20261002071024,20261002095315,JD
2026-10-02T01:00:44.504693+00:00,JD110120,01,2,20261002095921,20261002091749,20261002095749,,JD
2026-10-02T01:00:44.504693+00:00,JD110146,01,2,20261002095344,20261002091052,20261002095052,,JD
2026-10-02T01:00:44.504693+00:00,JD110148,02,3,20261002095642,20261002095642,20261001152004,20261002095422,JD
2026-10-02T01:00:44.504693+00:00,JE010001,11,2,20261002095832,20261002082758,20261002095729,,JE
2026-10-02T01:00:44.504693+00:00,JE010007,03,3,20261002095832,20261002091337,20261002094329,20261002095820,JE
2026-10-02T01:00:44.504693+00:00,JE010082,04,2,20261002095629,20261002081825,20261002095548,,JE
2026-10-02T01:00:44.504693+00:00,JE010094,03,1,20261002095629,20261001182743,20261002014350,,JE
2026-10-02T01:00:44.504693+00:00,JE010167,01,3,20261002095230,20260929201551,20260929232646,20261002095223,JE
2026-10-02T01:00:44.504693+00:00,JE010186,01,2,20261002095434,20261002075003,20261002095251,,JE
2026-10-02T01:00:44.504693+00:00,JE010275,02,2,20261002095230,20261001192151,20261002094735,,JE
2026-10-02T01:00:44.504693+00:00,JE010281,03,3,20261002095630,20261002081625,20261002082312,20261002095544,JE
2026-10-02T01:00:44.504693+00:00,JE010289,06,3,20261002095832,20261002091216,20261002092601,20261002095746,JE
2026-10-02T01:00:44.504693+00:00,JE010289,10,3,20261002095832,20261002081334,20261002091932,20261002095718,JE
2026-10-02T01:00:44.504693+00:00,JE010327,04,2,20261002095630,20261002084524,20261002095603,,JE
2026-10-02T01:00:44.504693+00:00,JE010329,01,3,20261002095630,20261001180356,20261001192859,20261002095614,JE
2026-10-02T01:00:44.504693+00:00,JE010364,02,2,20261002095630,20261002084606,20261002095442,,JE
2026-10-02T01:00:44.504693+00:00,JE020157,03,2,20261002095630,20261002084015,20261002095547,,JE
2026-10-02T01:00:44.504693+00:00,JE040108,07,3,20261002095833,20261001194845,20261001195829,20261002095753,JE
2026-10-02T01:00:44.504693+00:00,JE043013,01,3,20261002095231,20261002080212,20261002093751,20261002095135,JE
2026-10-02T01:00:44.504693+00:00,JE900191,01,2,20261002095834,20261002094711,20261002095738,,JE
2026-10-02T01:00:44.504693+00:00,JE900208,01,2,20261002095834,20261002083811,20261002095639,,JE
2026-10-02T01:00:44.504693+00:00,JE900257,01,3,20261002095232,20261002090025,20261002093146,20261002095143,JE
2026-10-02T01:00:44.504693+00:00,KP005640,02,3,20261002100009,20261001172055,20261001175810,20261002095229,KP
2026-10-02T01:00:44.504693+00:00,LI000102,01,3,20261002095711,20261002095711,20261002095711,20261002095711,LI
2026-10-02T01:00:44.504693+00:00,MO501104,01,2,20261002100004,20261002100000,20261002100004,,MO
2026-10-02T01:00:44.504693+00:00,MO501104,02,9,20261002100004,20261002094217,20261002094217,,MO
2026-10-02T01:00:44.504693+00:00,MO501106,01,9,20261002100004,20260902190154,20260902190209,,MO
2026-10-02T01:00:44.504693+00:00,MO501126,01,2,20261002100004,20261002100000,20261002100004,,MO
2026-10-02T01:00:44.504693+00:00,MO501126,02,2,20261002100004,20261002100000,20261002100004,,MO
2026-10-02T01:00:44.504693+00:00,MO501129,01,2,20261002100004,20241216213918,20241216213918,,MO
2026-10-02T01:00:44.504693+00:00,MO501129,02,2,20261002100004,20241217202230,20241217202230,,MO
2026-10-02T01:00:44.504693+00:00,MO501143,01,2,20261002100004,20250706175600,20250706175615,,MO
2026-10-02T01:00:44.504693+00:00,MO501143,02,9,20261002100004,20241016172006,20241016172006,,MO
2026-10-02T01:00:44.504693+00:00,MO501150,01,2,20261002100004,20260930190539,20260930190540,,MO
2026-10-02T01:00:44.504693+00:00,NT100505,06,3,20261002095750,20261002095750,20261002094250,20261002095750,NT
2026-10-02T01:00:44.504693+00:00,NT100725,21,3,20261002095750,20261002095750,20261002084850,20261002095750,NT
2026-10-02T01:00:44.504693+00:00,NT101675,01,3,20261002095350,20261002095350,20261002095150,20261002095350,NT
2026-10-02T01:00:44.504693+00:00,PC001636,05,3,20261002095102,20261001201258,20261001203731,20261002095102,PC
2026-10-02T01:00:44.504693+00:00,PI640389,01,2,20261002095658,20261002062231,20261002093152,,PI
2026-10-02T01:00:44.504693+00:00,PIS00781,08,3,20261002095921,20261002095904,20261002071040,20261002095921,PI
2026-10-02T01:00:44.504693+00:00,PL000791,11,2,20261002095533,20261001191707,20261002095533,,PL
2026-10-02T01:00:44.504693+00:00,PWE00739,03,2,20261002095310,20261001172109,20261002095310,,PW
2026-10-02T01:00:44.504693+00:00,PWE00799,09,2,20261002095310,20261002085907,20261002095310,,PW
2026-10-02T01:00:44.504693+00:00,SOA33001,01,1,20261002095126,20261002065725,20261002065925,,SO
2026-10-02T01:00:44.504693+00:00,ST600312,01,2,20261002095201,20261002003144,20261002010708,,ST
2026-10-02T01:00:44.504693+00:00,ST600611,02,3,20261002095210,20261001225723,20261001234453,20261002095210,ST
2026-10-02T01:00:44.504693+00:00,ST601107,20,3,20261002095418,20260927090139,20260929101614,20261002095418,ST
2026-10-02T01:00:44.504693+00:00,ST601107,21,2,20261002095217,20261002072408,20261002095217,,ST
2026-10-02T01:00:44.504693+00:00,ST602220,10,3,20261002095227,20260930083058,20261002005340,20261002095227,ST
2026-10-02T01:00:44.504693+00:00,TDO00047,01,2,20261002100004,20260925194933,20260925210218,,TD
2026-10-02T01:00:44.504693+00:00,TDO00063,01,2,20261002100005,20261002083606,20261002095736,,TD
2026-10-02T01:00:44.504693+00:00,TDO00089,01,1,20261002100006,20261001220732,20261002042151,,TD
2026-10-02T01:00:44.504693+00:00,TDO00090,01,3,20261002100005,20261002060422,20261001032438,20261002060422,TD
2026-10-02T01:00:44.504693+00:00,WJSY0001,02,1,20261002100010,20261001212309,20261002053010,,WJ
2026-10-02T01:00:44.504693+00:00,WJSY0001,04,1,20261002100010,20261002055340,20261002061425,,WJ
2026-10-02T01:00:44.504693+00:00,WJSY0001,06,1,20261002100010,20261002070355,20261002080140,,WJ
2026-10-02T01:00:44.504693+00:00,WJSY0001,08,1,20261002100010,20261002053255,20261002060055,,WJ
2026-10-02T01:00:44.504693+00:00,WJSY0001,10,2,20261002095510,20261001230154,20261002055855,,WJ
2026-10-02T01:00:44.504693+00:00,WJSY0001,12,2,20261002095510,20260929231242,20260930054443,,WJ
2026-10-02T01:00:44.504693+00:00,ME174046,01,2,20261002095719,20261002060817,20261002064852,,ME
2026-10-02T01:00:44.504693+00:00,ME174050,01,2,20261002095829,20261001170730,20261001170951,,ME
2026-10-02T01:00:44.504693+00:00,ME174050,02,2,20261002095858,20261001174226,20261001182853,,ME
2026-10-02T01:00:44.504693+00:00,ME174050,03,2,20261002095601,20261002062825,20261002063945,,ME
2026-10-02T01:00:44.504693+00:00,ME174050,04,2,20261002095840,20260930105634,20260930112000,,ME
2026-10-02T01:00:44.504693+00:00,ME174050,05,2,20261002095847,20260926150242,20260926154603,,ME
2026-10-02T01:00:44.504693+00:00,ME174061,01,2,20261002095636,20261001113723,20261001121938,,ME
2026-10-02T01:00:44.504693+00:00,ME174062,01,2,20261002095843,20261001151914,20261001153740,,ME
2026-10-02T01:00:44.504693+00:00,ME183101,01,2,20261002095611,20260930075227,20260930082713,,ME
2026-10-02T01:00:44.504693+00:00,ME183101,02,2,20261002095746,20261001092917,20261001101252,,ME
2026-10-02T01:00:44.504693+00:00,ME183101,03,2,20261002095601,20260929154106,20260929162412,,ME
2026-10-02T01:00:44.504693+00:00,ME183101,04,2,20261002095527,20260930142932,20260930150721,,ME
2026-10-02T01:00:44.504693+00:00,ME183101,52,2,20261002095748,20260927125611,20260927133914,,ME
2026-10-02T01:00:44.504693+00:00,ME183101,54,2,20261002095521,20260927151630,20260927155059,,ME
2026-10-02T01:00:44.504693+00:00,ME183102,02,2,20261002095759,20261002083359,20261002091704,,ME
2026-10-02T01:00:44.504693+00:00,ME183102,52,2,20261002095802,20261002054830,20261002083559,,ME
2026-10-02T01:00:44.504693+00:00,ME184122,01,2,20261002095527,20261001164001,20261001172322,,ME
2026-10-02T01:00:44.504693+00:00,ME184124,01,2,20261002095858,20261002083739,20261002085925,,ME
2026-10-02T01:00:44.504693+00:00,ME184125,01,2,20261002095726,20261001133809,20261001141849,,ME
2026-10-02T01:00:44.504693+00:00,ME184126,02,2,20261002095713,20261002074103,20261002082143,,ME
2026-10-02T01:00:44.504693+00:00,ME18A173,01,2,20261002095606,20261002091337,20261002094728,,ME
2026-10-02T01:00:44.504693+00:00,ME18A174,01,2,20261002095516,20261002093628,20261002095404,,ME
2026-10-02T01:00:44.504693+00:00,ME18A175,01,2,20261002095558,20261002084328,20261002092332,,ME
2026-10-02T01:00:44.504693+00:00,ME18A268,11,2,20261002095825,20261002074235,20261002080246,,ME
2026-10-02T01:00:44.504693+00:00,ME18A268,12,3,20261002095833,20261001153426,20261001161729,20261002092511,ME
2026-10-02T01:00:44.504693+00:00,ME18A269,11,2,20261002095508,20261001151245,20261001154341,,ME
2026-10-02T01:00:44.504693+00:00,ME18A269,12,2,20261002095501,20261001152631,20261001160516,,ME
2026-10-02T01:00:44.504693+00:00,ME18A270,11,2,20261002095524,20261002081142,20261002083239,,ME
2026-10-02T01:00:44.504693+00:00,ME18A270,12,2,20261002095513,20261002092648,20261002094617,,ME
2026-10-02T01:00:44.504693+00:00,ME18A271,01,2,20261002095431,20260929162754,20260929170453,,ME
2026-10-02T01:00:44.504693+00:00,ME18A271,02,2,20261002095616,20261001163502,20261001170516,,ME
2026-10-02T01:00:44.504693+00:00,ME18A272,11,2,20261002095658,20261002060240,20261002064542,,ME
2026-10-02T01:00:44.504693+00:00,ME18A272,12,2,20261002095656,20261001160557,20261001164900,,ME
2026-10-02T01:00:44.504693+00:00,ME18A273,11,2,20261002095823,20261002081613,20261002082840,,ME
2026-10-02T01:00:44.504693+00:00,ME18A273,12,2,20261002095829,20261001174913,20261001181458,,ME
2026-10-02T01:00:44.504693+00:00,ME18A274,11,2,20261002095518,20261001134951,20261001143233,,ME
2026-10-02T01:00:44.504693+00:00,ME18A274,12,2,20261002095516,20261001192806,20261001201112,,ME
2026-10-02T01:00:44.504693+00:00,ME18A275,11,2,20261002095547,20261001182313,20261001190620,,ME
2026-10-02T01:00:44.504693+00:00,ME18A275,12,2,20261002095554,20261001230620,20261001233413,,ME
2026-10-02T01:00:44.504693+00:00,ME18A281,11,2,20261002095851,20260930150635,20260930151317,,ME
2026-10-02T01:00:44.504693+00:00,ME18A281,12,2,20261002095855,20261002080828,20261002085133,,ME
2026-10-02T01:00:44.504693+00:00,ME18A306,01,2,20261002095621,20260930080057,20260930083747,,ME
2026-10-02T01:00:44.504693+00:00,ME18A306,11,2,20261002095530,20260930143956,20260930144224,,ME
2026-10-02T01:00:44.504693+00:00,ME18A306,12,2,20261002095526,20260928095330,20260928095457,,ME
2026-10-02T01:00:44.504693+00:00,ME19B169,01,2,20261002095821,20261001120400,20261001124405,,ME
2026-10-02T01:00:44.504693+00:00,ME19B170,01,2,20261002095424,20261001192032,20261001195626,,ME
2026-10-02T01:00:44.504693+00:00,ME19B171,01,2,20261002095737,20260930214046,20260930221733,,ME
2026-10-02T01:00:44.504693+00:00,ME19B172,01,2,20261002095609,20261001202832,20261001210832,,ME
2026-10-02T01:00:44.504693+00:00,ME19B173,01,2,20261002095648,20261001163019,20261001171019,,ME
2026-10-02T01:00:44.504693+00:00,ME19B241,21,2,20261002095257,20261001200811,20261001202013,,ME
2026-10-02T01:00:44.504693+00:00,ME19B241,22,2,20261002095257,20261001082459,20261001090506,,ME
2026-10-02T01:00:44.504693+00:00,ME19B242,21,2,20261002095155,20261002091039,20261002095150,,ME
2026-10-02T01:00:44.504693+00:00,ME20B1e1,01,2,20261002095420,20260923131203,20260923131340,,ME
2026-10-02T01:00:44.504693+00:00,ME20B1e2,01,2,20261002095800,20261001190450,20261001193613,,ME
2026-10-02T01:00:44.504693+00:00,ME20B1e3,01,2,20261002095608,20260926130825,20260926133530,,ME
2026-10-02T01:00:44.504693+00:00,ME20B2a0,91,2,20261002095820,20260929171522,20260929173732,,ME
2026-10-02T01:00:44.504693+00:00,ME20B2a0,92,2,20261002095447,20260929181304,20260929182818,,ME
2026-10-02T01:00:44.504693+00:00,ME20B2a1,21,2,20261002095451,20260930153947,20260930161947,,ME
2026-10-02T01:00:44.504693+00:00,ME20B2a1,22,2,20261002095451,20260923104352,20260923104521,,ME
2026-10-02T01:00:44.504693+00:00,ME20B2a2,21,2,20261002095803,20261001165128,20261001165303,,ME
2026-10-02T01:00:44.504693+00:00,ME20B2a2,22,2,20261002095803,20261002070459,20261002072043,,ME
2026-10-02T01:00:44.504693+00:00,ME20B416,21,2,20261002095905,20261002093311,20261002094122,,ME
2026-10-02T01:00:44.504693+00:00,ME20B416,22,2,20261002095905,20261001084258,20261001090300,,ME
2026-10-02T01:00:44.504693+00:00,ME20B416,23,2,20261002095718,20261001153213,20261001154816,,ME
2026-10-02T01:00:44.504693+00:00,ME20B416,24,2,20261002095718,20261002093241,20261002095548,,ME
2026-10-02T01:00:44.504693+00:00,ME20B417,41,2,20261002095822,20261001133924,20261001141346,,ME
2026-10-02T01:00:44.504693+00:00,ME20B417,42,2,20261002095811,20260929145223,20260929150552,,ME
2026-10-02T01:00:44.504693+00:00,ME20B417,43,2,20261002095810,20261001074823,20261001081546,,ME
2026-10-02T01:00:44.504693+00:00,ME20B417,44,2,20261002095756,20261001141617,20261001144515,,ME
2026-10-02T01:00:44.504693+00:00,ME21B410,01,2,20261002095350,20261002094554,20261002095351,,ME
2026-10-02T01:00:44.504693+00:00,ME21D061,01,2,20261002095701,20261002091942,20261002095701,,ME
2026-10-02T01:00:44.504693+00:00,ME21D062,01,2,20261002095405,20261002041603,20261002045730,,ME
2026-10-02T01:00:44.504693+00:00,ME21D063,01,3,20261002095810,20261002074336,20261002081115,20261002093255,ME
2026-10-02T01:00:44.504693+00:00,ME21D064,01,3,20261002095845,20260929134732,20260929142737,20261002094835,ME
2026-10-02T01:00:44.504693+00:00,ME21D066,01,3,20261002095740,20261001182110,20261001190201,20261002080950,ME
2026-10-02T01:00:44.504693+00:00,ME21D069,01,3,20261002095826,20261002084803,20261002091714,20261002094608,ME
2026-10-02T01:00:44.504693+00:00,ME21D078,01,2,20261002095800,20261002094927,20261002095805,,ME
2026-10-02T01:00:44.504693+00:00,ME21X008,01,2,20261002095741,20260929175738,20260929181032,,ME
2026-10-02T01:00:44.504693+00:00,ME22A611,32,3,20261002095907,20261001200043,20261001202126,20261002092845,ME
2026-10-02T01:00:44.504693+00:00,ME22A611,33,3,20261002095815,20261001195616,20261001203704,20261002094807,ME
2026-10-02T01:00:44.504693+00:00,ME22D1H1,01,2,20261002095807,20261001103812,20261001111812,,ME
2026-10-02T01:00:44.504693+00:00,ME25C181,01,2,20261002095502,20260930205223,20260930211741,,ME
2026-10-02T01:00:44.504693+00:00,ME25C182,01,4,20261002095702,20261002082752,20261002090756,,ME
2026-10-02T01:00:44.504693+00:00,ME25C281,21,2,20261002095909,20261001173545,20261001174757,,ME
2026-10-02T01:00:44.504693+00:00,ME25C281,22,3,20261002095811,20261002074902,20261002082904,20261002092206,ME
2026-10-02T01:00:44.504693+00:00,ME25C318,01,2,20261002095822,20260929192647,20260929193755,,ME
2026-10-02T01:00:44.504693+00:00,ME25C318,21,4,20261002095810,20260926115518,20260926122747,,ME
2026-10-02T01:00:44.504693+00:00,ME25C318,22,2,20261002095812,20260919182628,20260919184105,,ME
2026-10-02T01:00:44.504693+00:00,ME25C431,01,2,20261002095505,20260914133046,20260914133228,,ME
2026-10-02T01:00:44.504693+00:00,ME25C431,02,2,20261002095842,20260929180949,20260929184722,,ME
2026-10-02T01:00:44.504693+00:00,ME25C431,03,2,20261002095522,20261001230801,20261001232738,,ME
2026-10-02T01:00:44.504693+00:00,ME25C431,04,2,20261002095421,20261001160245,20261001164247,,ME
2026-10-02T01:00:44.504693+00:00,CV000935,02,2,20261002095520,20261002094607,20261002095123,,CV
2026-10-02T01:00:44.504693+00:00,CV001147,02,3,20261002095522,20261002095307,20261002095312,20261002095522,CV
2026-10-02T01:00:44.504693+00:00,HE000057,07,3,20261002095400,20261002095400,20261002095300,20261002095400,HE
2026-10-02T01:00:44.504693+00:00,HE230005,01,2,20261002095200,20261002085300,20261002095200,,HE
2026-10-02T01:00:44.504693+00:00,HY000856,01,2,20261002095304,20261002090613,20261002095233,,HY
2026-10-02T01:00:44.504693+00:00,JD000004,01,2,20261002095343,20261002095058,20261001195707,,JD
2026-10-02T01:00:44.504693+00:00,JD000004,02,2,20261002095531,20261002095052,20261002052917,,JD
2026-10-02T01:00:44.504693+00:00,JD100016,02,2,20261002095125,20261002085832,20261002093833,,JD
2026-10-02T01:00:44.504693+00:00,JD100016,03,3,20261002095417,20261002095417,20261001195547,20261002095308,JD
2026-10-02T01:00:44.504693+00:00,JD160018,01,3,20261002095921,20261002095921,20261002092317,20261002095803,JD
2026-10-02T01:00:44.504693+00:00,JD160029,02,2,20261002095921,20261002091517,20261002095521,,JD
2026-10-02T01:00:44.504693+00:00,JD160046,01,2,20261002095921,20261002091715,20261002095716,,JD
2026-10-02T01:00:44.504693+00:00,JD160075,02,2,20261002095837,20261002091642,20261002095642,,JD
2026-10-02T01:00:44.504693+00:00,JD160084,01,3,20261002095642,20261002095642,20261002002708,20261002095550,JD
2026-10-02T01:00:44.504693+00:00,JD160084,02,2,20261002095126,20261002090912,20261002094912,,JD
2026-10-02T01:00:44.504693+00:00,JD160089,04,2,20261002095345,20261002080249,20261002094839,,JD
2026-10-02T01:00:44.504693+00:00,JD160095,01,2,20261002095723,20261002081718,20261002095556,,JD
2026-10-02T01:00:44.504693+00:00,JE020137,10,3,20261002095833,20261002081551,20261002090448,20261002095631,JE
2026-10-02T01:00:44.504693+00:00,JE040123,20,2,20261002095833,20261001163321,20261001223734,,JE
2026-10-02T01:00:44.504693+00:00,JE043002,33,2,20261002095630,20261001201327,20261001223105,,JE
2026-10-02T01:00:44.504693+00:00,JE043005,12,2,20261002095630,20261002081658,20261002095534,,JE
2026-10-02T01:00:44.504693+00:00,JE900112,13,3,20261002095231,20260930164233,20260930170645,20261002095043,JE
2026-10-02T01:00:44.504693+00:00,JE900180,02,2,20261002095231,20261001194911,20261001234618,,JE
2026-10-02T01:00:44.504693+00:00,JE900213,01,3,20261002095232,20261002084445,20261002092601,20261002084445,JE
2026-10-02T01:00:44.504693+00:00,JE900216,01,3,20261002095834,20261002070133,20261002081721,20261002070133,JE
2026-10-02T01:00:44.504693+00:00,KE001383,01,9,20261002095810,20261002083548,20261002092727,,KE
2026-10-02T01:00:44.504693+00:00,MO501319,01,9,20261002100004,20260221113134,20260221113140,,MO
2026-10-02T01:00:44.504693+00:00,MO501319,02,2,20261002100004,20260114160320,20260114160326,,MO
2026-10-02T01:00:44.504693+00:00,MO501328,01,2,20261002100004,20251012210231,20251012210247,,MO
2026-10-02T01:00:44.504693+00:00,PI201400,02,2,20261002095851,20261001192522,20261002001403,,PI
2026-10-02T01:00:44.504693+00:00,PI700937,01,9,20261002095810,20260910202239,20260911101634,,PI
2026-10-02T01:00:44.504693+00:00,PIH01105,06,3,20261002095258,20261002095146,20260929062207,20261002095258,PI
2026-10-02T01:00:44.504693+00:00,PIH01497,11,2,20261002095258,20261001180815,20261002054018,,PI
2026-10-02T01:00:44.504693+00:00,PIS00777,01,2,20261002095921,20261002091501,20261001112722,,PI
2026-10-02T01:00:44.504693+00:00,PL032061,09,3,20261002095536,20261002095536,20260930133809,20261002095536,PL
2026-10-02T01:00:44.504693+00:00,PW100561,06,2,20261002100008,20261002071537,20261002095801,,PW
2026-10-02T01:00:44.504693+00:00,ST501326,01,3,20261002095600,20260930214017,20260930221034,20261002095600,ST
2026-10-02T01:15:29.728623+00:00,ME174067,01,2,20261002101349,20261002082430,20261002090050,,ME
2026-10-02T01:15:29.728623+00:00,ME181538,01,2,20261002101230,20261001112620,20261001112816,,ME
2026-10-02T01:15:29.728623+00:00,ME181539,01,2,20261002100910,20261001180700,20261001182455,,ME
2026-10-02T01:15:29.728623+00:00,ME181541,01,2,20261002101251,20261001104110,20261001112114,,ME
2026-10-02T01:15:29.728623+00:00,ME184129,01,2,20261002101405,20260930110036,20260930111706,,ME
2026-10-02T01:15:29.728623+00:00,ME184130,01,2,20261002100910,20261001112141,20261001114148,,ME
2026-10-02T01:15:29.728623+00:00,ME184131,01,2,20261002101005,20261002081320,20261002085446,,ME
2026-10-02T01:15:29.728623+00:00,ME18A176,01,2,20261002101235,20261001183148,20261001185313,,ME
2026-10-02T01:15:29.728623+00:00,ME18A177,01,2,20261002101101,20261001084358,20261001092704,,ME
2026-10-02T01:15:29.728623+00:00,ME18A178,01,2,20261002101234,20261001091223,20261001092823,,ME
2026-10-02T01:15:29.728623+00:00,ME18A276,11,2,20261002101114,20260927190040,20260927190352,,ME
2026-10-02T01:15:29.728623+00:00,ME18A276,12,2,20261002101101,20260925101706,20260925104659,,ME
2026-10-02T01:15:29.728623+00:00,ME18A277,11,2,20261002101330,20261002093829,20261002095533,,ME
2026-10-02T01:15:29.728623+00:00,ME18A277,12,2,20261002101318,20261002094310,20261002101310,,ME
2026-10-02T01:15:29.728623+00:00,ME18A278,01,2,20261002101226,20261001214739,20261001222023,,ME
2026-10-02T01:15:29.728623+00:00,ME18A278,02,2,20261002101133,20261002083646,20261002084851,,ME
2026-10-02T01:15:29.728623+00:00,ME18A279,11,2,20261002101101,20261002071100,20261002072537,,ME
2026-10-02T01:15:29.728623+00:00,ME18A279,12,2,20261002101053,20261002082611,20261002090304,,ME
2026-10-02T01:15:29.728623+00:00,ME18A280,11,2,20261002101122,20261002092516,20261002093224,,ME
2026-10-02T01:15:29.728623+00:00,ME18A280,12,2,20261002101116,20261001210413,20261001212123,,ME
2026-10-02T01:15:29.728623+00:00,ME18A282,11,2,20261002101259,20261002064358,20261002072512,,ME
2026-10-02T01:15:29.728623+00:00,ME18A282,12,2,20261002101310,20261002091003,20261002094235,,ME
2026-10-02T01:15:29.728623+00:00,ME18A283,11,2,20261002100932,20261002070412,20261002074636,,ME
2026-10-02T01:15:29.728623+00:00,ME18A283,12,2,20261002100935,20260930154445,20260930155807,,ME
2026-10-02T01:15:29.728623+00:00,ME18A307,01,2,20261002101046,20260927173056,20260927174551,,ME
2026-10-02T01:15:29.728623+00:00,ME18A308,01,2,20261002100929,20261001170747,20261001171122,,ME
2026-10-02T01:15:29.728623+00:00,ME18A308,11,2,20261002101354,20261001170716,20261001171059,,ME
2026-10-02T01:15:29.728623+00:00,ME18A308,12,2,20261002101351,20261001171142,20261001171536,,ME
2026-10-02T01:15:29.728623+00:00,ME18A309,01,2,20261002101158,20261002085617,20261002093643,,ME
2026-10-02T01:15:29.728623+00:00,ME18A309,11,2,20261002101347,20261002092603,20261002095147,,ME
2026-10-02T01:15:29.728623+00:00,ME18A309,12,2,20261002101351,20261002075440,20261002083616,,ME
2026-10-02T01:15:29.728623+00:00,ME19B174,11,3,20261002101227,20261002063945,20261002071024,20261002093626,ME
2026-10-02T01:15:29.728623+00:00,ME19B174,12,2,20261002101231,20261002091842,20261002100148,,ME
2026-10-02T01:15:29.728623+00:00,ME19B244,21,3,20261002101227,20261002071714,20261002075722,20261002095727,ME
2026-10-02T01:15:29.728623+00:00,ME19B246,21,3,20261002101231,20261002064237,20261002070538,20261002100005,ME
2026-10-02T01:15:29.728623+00:00,ME19D126,01,2,20261002101221,20261002075439,20261002083005,,ME
2026-10-02T01:15:29.728623+00:00,ME19D127,01,2,20261002101351,20261001123630,20261001123800,,ME
2026-10-02T01:15:29.728623+00:00,ME19D128,01,2,20261002101127,20260927183731,20260927185259,,ME
2026-10-02T01:15:29.728623+00:00,ME19Y240,21,2,20261002101155,20261002091625,20261002095625,,ME
2026-10-02T01:15:29.728623+00:00,ME19Y240,22,2,20261002101407,20261002093211,20261002100131,,ME
2026-10-02T01:15:29.728623+00:00,ME19Y269,01,2,20261002101014,20261001175314,20261001180128,,ME
2026-10-02T01:15:29.728623+00:00,ME19Y269,02,2,20261002101340,20261002074319,20261002082324,,ME
2026-10-02T01:15:29.728623+00:00,ME19Y270,01,2,20261002101343,20261002073556,20261002080343,,ME
2026-10-02T01:15:29.728623+00:00,ME19Y270,02,3,20261002101336,20261002064814,20261002072109,20261002101331,ME
2026-10-02T01:15:29.728623+00:00,ME19Y271,01,2,20261002101138,20261002075728,20261002081838,,ME
2026-10-02T01:15:29.728623+00:00,ME19Y271,02,2,20261002100945,20261002074502,20261002081841,,ME
2026-10-02T01:15:29.728623+00:00,ME20B1e4,01,2,20261002101005,20261001121317,20261001125317,,ME
2026-10-02T01:15:29.728623+00:00,ME20B1e5,01,2,20261002101032,20261001193107,20261001195120,,ME
2026-10-02T01:15:29.728623+00:00,ME20B1e6,91,2,20261002101130,20261002014540,20261002022540,,ME
2026-10-02T01:15:29.728623+00:00,ME20B2a3,21,2,20261002101027,20261001160055,20261001161844,,ME
2026-10-02T01:15:29.728623+00:00,ME20B2a3,22,2,20261002101027,20261001153641,20261001155831,,ME
2026-10-02T01:15:29.728623+00:00,ME20B2a4,21,2,20261002101350,20261001043123,20261001051123,,ME
2026-10-02T01:15:29.728623+00:00,ME20B2a4,22,2,20261002101032,20261001202656,20261001210608,,ME
2026-10-02T01:15:29.728623+00:00,ME20B2a5,21,2,20261002101124,20261002093801,20261002094847,,ME
2026-10-02T01:15:29.728623+00:00,ME20B2a5,22,3,20261002101348,20261001184859,20261001192859,20261002095844,ME
2026-10-02T01:15:29.728623+00:00,ME20B2a6,21,2,20261002101243,20261002085825,20261002092516,,ME
2026-10-02T01:15:29.728623+00:00,ME20B2a6,22,2,20261002101243,20261001141103,20261001142840,,ME
2026-10-02T01:15:29.728623+00:00,ME20B2a7,21,2,20261002101245,20261001225430,20261001231850,,ME
2026-10-02T01:15:29.728623+00:00,ME20B2a7,22,2,20261002101245,20261002090820,20261002092033,,ME
2026-10-02T01:15:29.728623+00:00,ME20B2a8,21,2,20261002101139,20261002082500,20261002090500,,ME
2026-10-02T01:15:29.728623+00:00,ME20B2a8,22,2,20261002101139,20261002093045,20261002094630,,ME
2026-10-02T01:15:29.728623+00:00,ME20B2a9,21,2,20261002101317,20261002092214,20261002093044,,ME
2026-10-02T01:15:29.728623+00:00,ME20B2a9,22,3,20261002101218,20261001175640,20261001182613,20261002095714,ME
2026-10-02T01:15:29.728623+00:00,ME20B2b0,21,2,20261002101207,20260930104830,20260930105554,,ME
2026-10-02T01:15:29.728623+00:00,ME20B2b0,22,2,20261002101208,20261001154016,20261001160216,,ME
2026-10-02T01:15:29.728623+00:00,ME20B2b1,21,2,20261002101135,20261001141302,20261001144814,,ME
2026-10-02T01:15:29.728623+00:00,ME20B2b1,22,2,20261002101135,20261001164651,20261001172651,,ME
2026-10-02T01:15:29.728623+00:00,ME20B2b2,21,2,20261002101027,20260916145246,20260916145416,,ME
2026-10-02T01:15:29.728623+00:00,ME20B2b2,22,2,20261002101027,20260925110458,20260925114155,,ME
2026-10-02T01:15:29.728623+00:00,ME20B2b3,21,2,20261002101308,20261001181409,20261001183943,,ME
2026-10-02T01:15:29.728623+00:00,ME20B2b3,22,2,20261002101308,20261001152316,20261001155512,,ME
2026-10-02T01:15:29.728623+00:00,ME20B2b4,01,2,20261002101301,20261002092503,20261002100503,,ME
2026-10-02T01:15:29.728623+00:00,ME20B2b4,02,2,20261002101305,20261001134855,20261001142855,,ME
2026-10-02T01:15:29.728623+00:00,ME20B418,41,2,20261002100928,20260923123537,20260923131537,,ME
2026-10-02T01:15:29.728623+00:00,ME20B418,42,2,20261002100948,20261002085403,20261002092517,,ME
2026-10-02T01:15:29.728623+00:00,ME20B418,43,2,20261002101006,20261001234052,20261001235439,,ME
2026-10-02T01:15:29.728623+00:00,ME20B418,44,2,20261002100943,20261002082352,20261002090352,,ME
2026-10-02T01:15:29.728623+00:00,ME21D081,01,3,20261002101240,20261001231705,20261001234204,20261002101231,ME
2026-10-02T01:15:29.728623+00:00,ME21D082,01,3,20261002101354,20261002084224,20261002090740,20261002095341,ME
2026-10-02T01:15:29.728623+00:00,ME21D092,01,2,20261002100843,20261002100020,20261002100838,,ME
2026-10-02T01:15:29.728623+00:00,ME21D093,01,3,20261002101353,20261002084047,20261002091038,20261002094324,ME
2026-10-02T01:15:29.728623+00:00,ME21D095,01,3,20261002101221,20261002084119,20261002090201,20261002100012,ME
2026-10-02T01:15:29.728623+00:00,ME21D096,01,3,20261002101331,20261002085559,20261002093905,20261002101337,ME
2026-10-02T01:15:29.728623+00:00,ME21D097,01,3,20261002101338,20261002082858,20261002085243,20261002095721,ME
2026-10-02T01:15:29.728623+00:00,ME21D098,01,3,20261002101234,20261002083612,20261002090641,20261002100830,ME
2026-10-02T01:15:29.728623+00:00,ME21D102,01,3,20261002101326,20261001184938,20261001192944,20261002075111,ME
2026-10-02T01:15:29.728623+00:00,ME21D103,01,2,20261002100611,20261002092600,20261002100603,,ME
2026-10-02T01:15:29.728623+00:00,ME21D106,01,2,20261002100628,20261002092905,20261002100630,,ME
2026-10-02T01:15:29.728623+00:00,ME21D112,01,3,20261002101242,20261002070848,20261002072841,20261002093607,ME
2026-10-02T01:15:29.728623+00:00,ME21X010,01,2,20261002101224,20260929205347,20260929213713,,ME
2026-10-02T01:15:29.728623+00:00,ME21X014,01,3,20261002101354,20261001063125,20261001071416,20261002054246,ME
2026-10-02T01:15:29.728623+00:00,ME21X015,01,2,20261002101033,20261002085746,20261002093619,,ME
2026-10-02T01:15:29.728623+00:00,ME22C286,02,2,20261002101050,20261002071608,20261002073716,,ME
2026-10-02T01:15:29.728623+00:00,ME22C305,03,3,20261002101224,20261002092048,20261002100055,20261002100625,ME
2026-10-02T01:15:29.728623+00:00,ME22D155,01,2,20261002100941,20261002085943,20261002093153,,ME
2026-10-02T01:15:29.728623+00:00,ME22D156,01,2,20261002101149,20261002070929,20261002074425,,ME
2026-10-02T01:15:29.728623+00:00,ME22D161,01,3,20261002101352,20261002091218,20261002092220,20261002095459,ME
2026-10-02T01:15:29.728623+00:00,ME22D162,01,3,20261002101038,20261001174532,20261001182008,20261002093523,ME
2026-10-02T01:15:29.728623+00:00,ME22D176,01,2,20261002101120,20261002100229,20261002100419,,ME
2026-10-02T01:15:29.728623+00:00,ME22D1H0,01,2,20261002101159,20261001210319,20261001213958,,ME
2026-10-02T01:15:29.728623+00:00,ME22D219,01,3,20261002101342,20261002093830,20261002101053,20261002093830,ME
2026-10-02T01:15:29.728623+00:00,ME22D219,02,2,20261002101041,20261001212009,20261001214254,,ME
2026-10-02T01:15:29.728623+00:00,ME22D235,01,2,20261002101238,20261002093119,20261002095108,,ME
2026-10-02T01:15:29.728623+00:00,ME22D235,02,2,20261002101033,20261002082911,20261002090921,,ME
2026-10-02T01:15:29.728623+00:00,ME22D401,01,3,20261002101234,20261002090538,20261002094538,20261002100224,ME
2026-10-02T01:15:29.728623+00:00,ME22D401,02,3,20261002101350,20261002095620,20261002100808,20261002101349,ME
2026-10-02T01:15:29.728623+00:00,ME22D401,03,3,20261002101010,20261002081812,20261002085812,20261002095005,ME
2026-10-02T01:15:29.728623+00:00,ME22D401,04,2,20261002101351,20261002091739,20261002094615,,ME
2026-10-02T01:15:29.728623+00:00,ME25C183,01,2,20261002101237,20261001045802,20261001051029,,ME
2026-10-02T01:15:29.728623+00:00,ME25C184,01,2,20261002100941,20261001184826,20261001185810,,ME
2026-10-02T01:15:29.728623+00:00,ME25C282,21,2,20261002101344,20260928171847,20260928173231,,ME
2026-10-02T01:15:29.728623+00:00,ME25C282,22,2,20261002101346,20261001172401,20261001180032,,ME
2026-10-02T01:15:29.728623+00:00,ME25C283,01,3,20261002101009,20261001172229,20261001173846,20261002100430,ME
2026-10-02T01:15:29.728623+00:00,ME25C283,02,2,20261002101154,20261002091803,20261002095805,,ME
2026-10-02T01:15:29.728623+00:00,ME25C284,01,2,20261002101246,20260930133648,20260930141649,,ME
2026-10-02T01:15:29.728623+00:00,ME25C284,02,2,20261002101244,20260930125501,20260930133343,,ME
2026-10-02T01:15:29.728623+00:00,BE241057,02,3,20261002101325,20261002101325,20261001195514,20261002101325,BE
2026-10-02T01:15:29.728623+00:00,CU640004,01,2,20261002101332,20261002084843,20261002100249,,CU
2026-10-02T01:15:29.728623+00:00,ER000229,02,2,20261002100645,20261002025600,20261001174055,,ER
2026-10-02T01:15:29.728623+00:00,GR000050,03,3,20261002101256,20261002080441,20261002080838,20261002101256,GR
2026-10-02T01:15:29.728623+00:00,HD000018,01,2,20261002100901,20261002092739,20261002100827,,HD
2026-10-02T01:15:29.728623+00:00,HE000019,01,3,20261002100600,20261002100600,20261002081100,20261002100600,HE
2026-10-02T01:15:29.728623+00:00,HE000477,01,2,20261002101500,20230407050320,20230407050320,,HE
2026-10-02T01:15:29.728623+00:00,HE000477,02,2,20261002101500,20240614195055,20240615062251,,HE
2026-10-02T01:15:29.728623+00:00,HE000490,01,2,20261002101500,20250926074940,20250926075012,,HE
2026-10-02T01:15:29.728623+00:00,HE000559,01,2,20261002101500,20251010115127,20251010135913,,HE
2026-10-02T01:15:29.728623+00:00,HE000559,02,2,20261002101500,20251015194601,20251015233624,,HE
2026-10-02T01:15:29.728623+00:00,HE000572,01,2,20261002101500,20251015211737,20251016080005,,HE
2026-10-02T01:15:29.728623+00:00,HE000573,01,2,20261002101500,20251004123704,20251004193429,,HE
2026-10-02T01:15:29.728623+00:00,HE240172,04,2,20261002101300,20261002091900,20261002101300,,HE
2026-10-02T01:15:29.728623+00:00,HE240437,04,2,20261002101000,20261001200100,20261002101000,,HE
2026-10-02T01:15:29.728623+00:00,HM003000,02,2,20261002100626,20261002094600,20261002100500,,HM
2026-10-02T01:15:29.728623+00:00,HM003000,04,3,20261002100626,20261001131303,20261001141243,20261002100516,HM
2026-10-02T01:15:29.728623+00:00,HM910001,08,2,20261002100636,20261002072857,20261002091248,,HM
2026-10-02T01:15:29.728623+00:00,HY001110,03,2,20261002101505,20261001173447,20261002101451,,HY
2026-10-02T01:15:29.728623+00:00,JD000002,02,3,20261002100901,20261002100901,20261002100700,20261002100901,JD
2026-10-02T01:15:29.728623+00:00,JD000003,01,3,20261002101400,20261002101400,20261002100500,20261002101400,JD
2026-10-02T01:15:29.728623+00:00,JD000003,02,3,20261002100835,20261002100835,20261002094338,20261002100751,JD
2026-10-02T01:15:29.728623+00:00,JD000003,10,2,20261002101400,20261001153300,20261002101400,,JD
2026-10-02T01:15:29.728623+00:00,JD000003,12,3,20261002100835,20261002100835,20261002092444,20261002100747,JD
2026-10-02T01:15:29.728623+00:00,JD000013,04,3,20261002101200,20261002101200,20261002093700,20261002101200,JD
2026-10-02T01:15:29.728623+00:00,JD000014,01,2,20261002100700,20261002100200,20261002100700,,JD
2026-10-02T01:15:29.728623+00:00,JD000054,01,3,20261002101500,20261002101500,20260820143748,20261002101500,JD
2026-10-02T01:15:29.728623+00:00,JD000069,01,2,20261002101149,20261002083002,20261002094701,,JD
2026-10-02T01:15:29.728623+00:00,JD000069,03,3,20261002100929,20261002100929,20261001134801,20261002100641,JD
2026-10-02T01:15:29.728623+00:00,JD100002,01,3,20261002101149,20261002101149,20261002092950,20261002084949,JD
2026-10-02T01:15:29.728623+00:00,JD100005,02,2,20261002101500,20261002100901,20261002101500,,JD
2026-10-02T01:15:29.728623+00:00,JD100024,01,3,20261002100623,20261002100623,20261002095004,20261002100532,JD
2026-10-02T01:15:29.728623+00:00,JD110058,01,3,20261002101024,20261002101024,20261002094932,20261002100915,JD
2026-10-02T01:15:29.728623+00:00,JD110061,01,3,20261002101228,20261002101228,20261001123559,20261002101136,JD
2026-10-02T01:15:29.728623+00:00,JD110075,01,3,20261002100752,20261002100752,20261001225209,20261002100633,JD
2026-10-02T01:15:29.728623+00:00,JD110081,01,3,20261002100623,20261002100623,20261001191128,20261002100555,JD
2026-10-02T01:15:29.728623+00:00,JD110100,01,3,20261002101228,20261002101228,20261002091340,20261002101120,JD
2026-10-02T01:15:29.728623+00:00,JD110102,01,2,20261002100836,20260918110024,20260918114024,,JD
2026-10-02T01:15:29.728623+00:00,JD110103,01,3,20261002101339,20261002101339,20261001202339,20261002101109,JD
2026-10-02T01:15:29.728623+00:00,JD110113,01,2,20261002100752,20261002100059,20261002100129,,JD
2026-10-02T01:15:29.728623+00:00,JE010044,20,2,20261002101038,20261002091412,20261002100947,,JE
2026-10-02T01:15:29.728623+00:00,JE010053,02,2,20261002100831,20261002073820,20261002100650,,JE
2026-10-02T01:15:29.728623+00:00,JE010093,01,2,20261002101428,20261002071043,20261002101238,,JE
2026-10-02T01:15:29.728623+00:00,JE010121,03,3,20261002100831,20261001135110,20261001143348,20261002100713,JE
2026-10-02T01:15:29.728623+00:00,JE010234,02,2,20261002100831,20261002094522,20261002100814,,JE
2026-10-02T01:15:29.728623+00:00,JE010250,01,3,20261002101038,20261002084035,20261002092617,20261002100958,JE
2026-10-02T01:15:29.728623+00:00,JE010281,03,2,20261002101229,20261002095544,20261002101138,,JE
2026-10-02T01:15:29.728623+00:00,JE010287,01,3,20261002100831,20261001141239,20261001151510,20261002100804,JE
2026-10-02T01:15:29.728623+00:00,JE010289,02,3,20261002100831,20261002091649,20261002094024,20261002100710,JE
2026-10-02T01:15:29.728623+00:00,JE010289,04,2,20261002100831,20261002091237,20261002100238,,JE
2026-10-02T01:15:29.728623+00:00,JE010336,01,3,20261002101038,20260925113940,20260925144539,20261002100900,JE
2026-10-02T01:15:29.728623+00:00,JE010348,01,3,20261002101038,20261001202520,20261001233757,20261002100836,JE
2026-10-02T01:15:29.728623+00:00,JE040108,02,2,20261002100832,20261002085739,20261002095118,,JE
2026-10-02T01:15:29.728623+00:00,JE900049,01,2,20261002101230,20261002082201,20261002101108,,JE
2026-10-02T01:15:29.728623+00:00,JE900128,03,2,20261002101430,20261001174742,20261001223554,,JE
2026-10-02T01:15:29.728623+00:00,JE900224,03,3,20261002100833,20261001185319,20261002015727,20261002100645,JE
2026-10-02T01:15:29.728623+00:00,JE900229,01,2,20261002100833,20261002082755,20261002100639,,JE
2026-10-02T01:15:29.728623+00:00,JE910031,02,2,20261002101040,20261002083328,20261002100854,,JE
2026-10-02T01:15:29.728623+00:00,JE910047,01,3,20261002100833,20261002083033,20261002094824,20261002100806,JE
2026-10-02T01:15:29.728623+00:00,JE910112,03,3,20261002100639,20261002080120,20261002085852,20261002100617,JE
2026-10-02T01:15:29.728623+00:00,JE910139,03,3,20261002101040,20261001234410,20261002085054,20261002101012,JE
2026-10-02T01:15:29.728623+00:00,KP000258,02,2,20261002101019,20261002093032,20261002100324,,KP
2026-10-02T01:15:29.728623+00:00,LI000102,01,3,20261002101212,20261002101212,20261002101211,20261002101212,LI
2026-10-02T01:15:29.728623+00:00,NT100505,03,2,20261002100750,20261001145450,20261002100750,,NT
2026-10-02T01:15:29.728623+00:00,PI645030,16,2,20261002101311,20261001203308,20261001234828,,PI
2026-10-02T01:15:29.728623+00:00,PI645030,18,3,20261002101311,20261002101006,20260928204941,20261002101311,PI
2026-10-02T01:15:29.728623+00:00,PI645119,16,2,20261002100720,20261001171354,20261001183934,,PI
2026-10-02T01:15:29.728623+00:00,PI766548,02,3,20261002100609,20261002100535,20260930170429,20261002100609,PI
2026-10-02T01:15:29.728623+00:00,PIH01122,01,3,20261002101252,20261002101229,20261002093513,20261002101252,PI
2026-10-02T01:15:29.728623+00:00,PL031494,07,3,20261002101006,20261002101006,20261002064838,20261002101006,PL
2026-10-02T01:15:29.728623+00:00,PW011941,01,2,20261002101020,20261002081201,20261002100954,,PW
2026-10-02T01:15:29.728623+00:00,PW013006,12,3,20261002100639,20261002100639,20260921174703,20261002100136,PW
2026-10-02T01:15:29.728623+00:00,PWE00799,09,2,20261002101108,20261002100210,20261002101108,,PW
2026-10-02T01:15:29.728623+00:00,RE000239,02,3,20261002101202,20261002101202,20261001193133,20261002101003,RE
2026-10-02T01:15:29.728623+00:00,RE000239,14,3,20261002101402,20261002084238,20261002101338,,RE
2026-10-02T01:15:29.728623+00:00,RE000242,11,2,20261002101402,20261001140525,20261001190040,,RE
2026-10-02T01:15:29.728623+00:00,RE000354,11,2,20261002101002,20260928183213,20260928212308,,RE
2026-10-02T01:15:29.728623+00:00,ST501142,01,3,20261002100734,20261002035208,20261002042314,20261002100734,ST
2026-10-02T01:15:29.728623+00:00,ST501147,01,2,20261002100738,20261001025004,20261001035004,,ST
2026-10-02T01:15:29.728623+00:00,ST501150,01,2,20261002101347,20261002091342,20261002101347,,ST
2026-10-02T01:15:29.728623+00:00,ST501152,01,3,20261002100741,20261002100741,20261002084540,20261002075219,ST
2026-10-02T01:15:29.728623+00:00,ST600610,01,3,20261002101015,20261002101015,20261001173204,20261001160527,ST
2026-10-02T01:15:29.728623+00:00,ST600610,02,2,20261002100608,20261002094010,20261002100608,,ST
2026-10-02T01:15:29.728623+00:00,ST600611,01,2,20261002101411,20261001055719,20261002101411,,ST
2026-10-02T01:15:29.728623+00:00,ST600611,04,3,20261002101411,20261001235058,20261002000940,20261002101411,ST
2026-10-02T01:15:29.728623+00:00,TDO00059,02,3,20261002101504,20261002101453,20261001231126,20261002101453,TD
2026-10-02T01:15:29.728623+00:00,TDO00089,01,2,20261002101503,20261001220732,20261002042151,,TD
2026-10-02T01:15:29.728623+00:00,ME174046,01,2,20261002101222,20261002060817,20261002064852,,ME
2026-10-02T01:15:29.728623+00:00,ME174050,01,2,20261002101332,20261001170730,20261001170951,,ME
2026-10-02T01:15:29.728623+00:00,ME174050,02,2,20261002101402,20261001174226,20261001182853,,ME
2026-10-02T01:15:29.728623+00:00,ME174050,03,2,20261002101104,20261002062825,20261002063945,,ME
2026-10-02T01:15:29.728623+00:00,ME174050,04,2,20261002101342,20260930105634,20260930112000,,ME
2026-10-02T01:15:29.728623+00:00,ME174050,05,2,20261002101351,20260926150242,20260926154603,,ME
2026-10-02T01:15:29.728623+00:00,ME174061,01,2,20261002101139,20261001113723,20261001121938,,ME
2026-10-02T01:15:29.728623+00:00,ME174062,01,2,20261002101346,20261001151914,20261001153740,,ME
2026-10-02T01:15:29.728623+00:00,ME183101,01,2,20261002101114,20260930075227,20260930082713,,ME
2026-10-02T01:15:29.728623+00:00,ME183101,02,2,20261002101253,20261001092917,20261001101252,,ME
2026-10-02T01:15:29.728623+00:00,ME183101,03,3,20261002101314,20260929154106,20260929162412,20261002101230,ME
2026-10-02T01:15:29.728623+00:00,ME183101,04,2,20261002101031,20260930142932,20260930150721,,ME
2026-10-02T01:15:29.728623+00:00,ME183101,52,2,20261002101250,20260927125611,20260927133914,,ME
2026-10-02T01:15:29.728623+00:00,ME183101,54,2,20261002101024,20260927151630,20260927155059,,ME
2026-10-02T01:15:29.728623+00:00,ME183102,02,2,20261002101302,20261002083359,20261002091704,,ME
2026-10-02T01:15:29.728623+00:00,ME183102,52,2,20261002101305,20261002054830,20261002083559,,ME
2026-10-02T01:15:29.728623+00:00,ME184122,01,2,20261002101030,20261001164001,20261001172322,,ME
2026-10-02T01:15:29.728623+00:00,ME184124,01,2,20261002101402,20261002083739,20261002085925,,ME
2026-10-02T01:15:29.728623+00:00,ME184125,01,2,20261002101229,20261001133809,20261001141849,,ME
2026-10-02T01:15:29.728623+00:00,ME184126,02,3,20261002101215,20261002074103,20261002082143,20261002101103,ME
2026-10-02T01:15:29.728623+00:00,ME18A173,01,2,20261002101109,20261002091337,20261002094728,,ME
2026-10-02T01:15:29.728623+00:00,ME18A174,01,2,20261002101018,20261002093628,20261002095404,,ME
2026-10-02T01:15:29.728623+00:00,ME18A175,01,2,20261002101101,20261002084328,20261002092332,,ME
2026-10-02T01:15:29.728623+00:00,ME18A268,11,2,20261002101328,20261002074235,20261002080246,,ME
2026-10-02T01:15:29.728623+00:00,ME18A268,12,2,20261002101338,20261002092511,20261002100619,,ME
2026-10-02T01:15:29.728623+00:00,ME18A269,11,2,20261002101010,20261001151245,20261001154341,,ME
2026-10-02T01:15:29.728623+00:00,ME18A269,12,2,20261002101005,20261001152631,20261001160516,,ME
2026-10-02T01:15:29.728623+00:00,ME18A270,11,2,20261002101026,20261002081142,20261002083239,,ME
2026-10-02T01:15:29.728623+00:00,ME18A270,12,2,20261002101017,20261002092648,20261002094617,,ME
2026-10-02T01:15:29.728623+00:00,ME18A271,01,2,20261002100934,20260929162754,20260929170453,,ME
2026-10-02T01:15:29.728623+00:00,ME18A271,02,2,20261002101118,20261001163502,20261001170516,,ME
2026-10-02T01:15:29.728623+00:00,ME18A272,11,2,20261002101200,20261002060240,20261002064542,,ME
2026-10-02T01:15:29.728623+00:00,ME18A272,12,2,20261002101159,20261001160557,20261001164900,,ME
2026-10-02T01:15:29.728623+00:00,ME18A273,11,2,20261002101325,20261002081613,20261002082840,,ME
2026-10-02T01:15:29.728623+00:00,ME18A273,12,2,20261002101332,20261001174913,20261001181458,,ME
2026-10-02T01:15:29.728623+00:00,ME18A274,11,2,20261002101019,20261001134951,20261001143233,,ME
2026-10-02T01:15:29.728623+00:00,ME18A274,12,3,20261002101031,20261001192806,20261001201112,20261002101031,ME
2026-10-02T01:15:29.728623+00:00,ME18A275,11,2,20261002101050,20261001182313,20261001190620,,ME
2026-10-02T01:15:29.728623+00:00,ME18A275,12,2,20261002101056,20261001230620,20261001233413,,ME
2026-10-02T01:15:29.728623+00:00,ME18A281,11,2,20261002101355,20260930150635,20260930151317,,ME
2026-10-02T01:15:29.728623+00:00,ME18A281,12,2,20261002101357,20261002080828,20261002085133,,ME
2026-10-02T01:15:29.728623+00:00,ME18A306,01,2,20261002101123,20260930080057,20260930083747,,ME
2026-10-02T01:15:29.728623+00:00,ME18A306,11,2,20261002101032,20260930143956,20260930144224,,ME
2026-10-02T01:15:29.728623+00:00,ME18A306,12,2,20261002101029,20260928095330,20260928095457,,ME
2026-10-02T01:15:29.728623+00:00,ME19B169,01,2,20261002101321,20261001120400,20261001124405,,ME
2026-10-02T01:15:29.728623+00:00,ME19B170,01,2,20261002100924,20261001192032,20261001195626,,ME
2026-10-02T01:15:29.728623+00:00,ME19B171,01,2,20261002101236,20260930214046,20260930221733,,ME
2026-10-02T01:15:29.728623+00:00,ME19B172,01,2,20261002101109,20261001202832,20261001210832,,ME
2026-10-02T01:15:29.728623+00:00,ME19B173,01,2,20261002101148,20261001163019,20261001171019,,ME
2026-10-02T01:15:29.728623+00:00,ME20B1e1,01,2,20261002100921,20260923131203,20260923131340,,ME
2026-10-02T01:15:29.728623+00:00,ME20B1e2,01,2,20261002101300,20261001190450,20261001193613,,ME
2026-10-02T01:15:29.728623+00:00,ME20B1e3,01,2,20261002101108,20260926130825,20260926133530,,ME
2026-10-02T01:15:29.728623+00:00,ME20B2a0,91,2,20261002101320,20260929171522,20260929173732,,ME
2026-10-02T01:15:29.728623+00:00,ME20B2a0,92,2,20261002100947,20260929181304,20260929182818,,ME
2026-10-02T01:15:29.728623+00:00,ME20B2a1,21,2,20261002100951,20260930153947,20260930161947,,ME
2026-10-02T01:15:29.728623+00:00,ME20B2a1,22,2,20261002100951,20260923104352,20260923104521,,ME
2026-10-02T01:15:29.728623+00:00,ME20B2a2,21,2,20261002101303,20261001165128,20261001165303,,ME
2026-10-02T01:15:29.728623+00:00,ME20B2a2,22,2,20261002101303,20261002070459,20261002072043,,ME
2026-10-02T01:15:29.728623+00:00,ME20B416,21,2,20261002101405,20261002093311,20261002094122,,ME
2026-10-02T01:15:29.728623+00:00,ME20B416,22,2,20261002101405,20261001084258,20261001090300,,ME
2026-10-02T01:15:29.728623+00:00,ME20B416,23,2,20261002101207,20261001153213,20261001154816,,ME
2026-10-02T01:15:29.728623+00:00,ME20B416,24,2,20261002101207,20261002093241,20261002095548,,ME
2026-10-02T01:15:29.728623+00:00,ME20B417,41,2,20261002101322,20261001133924,20261001141346,,ME
2026-10-02T01:15:29.728623+00:00,ME20B417,42,2,20261002101311,20260929145223,20260929150552,,ME
2026-10-02T01:15:29.728623+00:00,ME20B417,43,2,20261002101310,20261001074823,20261001081546,,ME
2026-10-02T01:15:29.728623+00:00,ME20B417,44,2,20261002101256,20261001141617,20261001144515,,ME
2026-10-02T01:15:29.728623+00:00,ME21B1C9,01,3,20261002101316,20261002080835,20261002084841,20261002101313,ME
2026-10-02T01:15:29.728623+00:00,ME21B410,04,2,20261002101331,20261002011637,20261002014125,,ME
2026-10-02T01:15:29.728623+00:00,ME21D060,01,2,20261002101054,20261002100426,20261002100603,,ME
2026-10-02T01:15:29.728623+00:00,ME21D064,01,3,20261002101258,20260929134732,20260929142737,20261002094835,ME
2026-10-02T01:15:29.728623+00:00,ME21D066,01,3,20261002101356,20261001182110,20261001190201,20261002080950,ME
2026-10-02T01:15:29.728623+00:00,ME21D069,01,3,20261002101239,20261002084803,20261002091714,20261002094608,ME
2026-10-02T01:15:29.728623+00:00,ME21D074,01,3,20261002101222,20261002090611,20261002094614,20261002101229,ME
2026-10-02T01:15:29.728623+00:00,ME21X008,01,2,20261002101244,20260929175738,20260929181032,,ME
2026-10-02T01:15:29.728623+00:00,ME22A611,32,2,20261002101044,20261002092845,20261002101050,,ME
2026-10-02T01:15:29.728623+00:00,ME22A611,33,3,20261002101228,20261001195616,20261001203704,20261002094807,ME
2026-10-02T01:15:29.728623+00:00,ME22B336,81,3,20261002101228,20261001180610,20261001182723,20261002101229,ME
2026-10-02T01:15:29.728623+00:00,ME22C285,02,3,20261002101400,20261002081100,20261002082112,20261002101402,ME
2026-10-02T01:15:29.728623+00:00,ME22D1H1,01,2,20261002101307,20261001103812,20261001111812,,ME
2026-10-02T01:15:29.728623+00:00,ME25C181,01,2,20261002101004,20260930205223,20260930211741,,ME
2026-10-02T01:15:29.728623+00:00,ME25C182,01,4,20261002101201,20261002082752,20261002090756,,ME
2026-10-02T01:15:29.728623+00:00,ME25C281,21,2,20261002101407,20261001173545,20261001174757,,ME
2026-10-02T01:15:29.728623+00:00,ME25C281,22,2,20261002101409,20261002092206,20261002100208,,ME
2026-10-02T01:15:29.728623+00:00,ME25C318,01,2,20261002101319,20260929192647,20260929193755,,ME
2026-10-02T01:15:29.728623+00:00,ME25C318,21,4,20261002101410,20260926115518,20260926122747,,ME
2026-10-02T01:15:29.728623+00:00,ME25C318,22,2,20261002101312,20260919182628,20260919184105,,ME
2026-10-02T01:15:29.728623+00:00,ME25C431,01,2,20261002101004,20260914133046,20260914133228,,ME
2026-10-02T01:15:29.728623+00:00,ME25C431,02,2,20261002101344,20260929180949,20260929184722,,ME
2026-10-02T01:15:29.728623+00:00,ME25C431,03,2,20261002101024,20261001230801,20261001232738,,ME
2026-10-02T01:15:29.728623+00:00,ME25C431,04,3,20261002100926,20261001160245,20261001164247,20261002095914,ME
2026-10-02T01:15:29.728623+00:00,AH000059,03,3,20261002101329,20261002101329,20261002094327,20261002101329,AH
2026-10-02T01:15:29.728623+00:00,BE250125,03,2,20261002100752,20261001230948,20261002100752,,BE
2026-10-02T01:15:29.728623+00:00,CI0O0012,01,2,20261002101226,20261001193350,20261002101226,,CI
2026-10-02T01:15:29.728623+00:00,CV000304,02,3,20261002101021,20261002100817,20261002100826,20261002101021,CV
2026-10-02T01:15:29.728623+00:00,CV004004,09,2,20261002100549,20261002094849,20261002100513,,CV
2026-10-02T01:15:29.728623+00:00,CV004597,04,2,20261002100556,20261002090807,20261002100424,,CV
2026-10-02T01:15:29.728623+00:00,EV014054,05,2,20261002100735,20261002001143,20261002100551,,EV
2026-10-02T01:15:29.728623+00:00,EV014776,01,3,20261002101140,20260930174336,20261001031803,20261002101110,EV
2026-10-02T01:15:29.728623+00:00,EV017763,04,3,20261002100910,20261001085203,20261001112938,20261002100910,EV
2026-10-02T01:15:29.728623+00:00,EV017763,08,3,20261002101140,20261001080835,20261001130108,20261002101110,EV
2026-10-02T01:15:29.728623+00:00,HE000032,04,2,20261002101500,20260627131100,20260627143100,,HE
2026-10-02T01:15:29.728623+00:00,HE000038,01,2,20261002100600,20261002100400,20261002100600,,HE
2026-10-02T01:15:29.728623+00:00,HE000057,07,2,20261002100800,20261002095400,20261002100800,,HE
2026-10-02T01:15:29.728623+00:00,HE000466,01,2,20261002101500,20211112153817,20211112153837,,HE
2026-10-02T01:15:29.728623+00:00,HE000466,02,2,20261002101500,20250618223416,20250619121150,,HE
2026-10-02T01:15:29.728623+00:00,HE000474,01,2,20261002101500,20260218203725,20260218231229,,HE
2026-10-02T01:15:29.728623+00:00,HE000492,01,2,20261002101500,20250916152532,20250917101520,,HE
2026-10-02T01:15:29.728623+00:00,HE000503,01,2,20261002101500,20260825143800,20260825144200,,HE
2026-10-02T01:15:29.728623+00:00,HE000507,01,2,20261002101500,20250702090120,20250702090200,,HE
2026-10-02T01:15:29.728623+00:00,HE000560,01,2,20261002101500,20250805155004,20250805155004,,HE
2026-10-02T01:15:29.728623+00:00,HE000574,01,2,20261002101500,20241019195732,20241019205854,,HE
2026-10-02T01:15:29.728623+00:00,HE000871,01,2,20261002101500,20250704192642,20250704192813,,HE
2026-10-02T01:15:29.728623+00:00,HE240264,02,2,20261002101500,20261001190500,20261002030900,,HE
2026-10-02T01:15:29.728623+00:00,HE240435,01,2,20261002101500,20261002101500,20261002101500,,HE
2026-10-02T01:15:29.728623+00:00,HE240435,02,2,20261002101500,20261002101500,20261002101500,,HE
2026-10-02T01:15:29.728623+00:00,HE240435,03,2,20261002101500,20261002101500,20261002101500,,HE
2026-10-02T01:15:29.728623+00:00,HE240435,04,2,20261002101500,20261002101500,20261002101500,,HE
2026-10-02T01:15:29.728623+00:00,HE240435,05,2,20261002101500,20261002101500,20261002101500,,HE
2026-10-02T01:15:29.728623+00:00,HE240435,06,2,20261002101500,20261002101500,20261002101500,,HE
2026-10-02T01:15:29.728623+00:00,JA500001,02,3,20261002100702,20261002100702,20260927140004,20261002100702,JA
2026-10-02T01:15:29.728623+00:00,JD160007,01,3,20261002101228,20261002101228,20261001175930,20261002101121,JD
2026-10-02T01:15:29.728623+00:00,JD160031,01,2,20261002101428,20261002093015,20261002101019,,JD
2026-10-02T01:15:29.728623+00:00,JD160047,02,3,20261002100537,20261002100537,20261001201942,20261002100418,JD
2026-10-02T01:15:29.728623+00:00,JD160066,02,3,20261002100752,20261002100752,20261001214357,20261002100715,JD
2026-10-02T01:15:29.728623+00:00,JD160075,02,3,20261002101228,20261002101228,20261002095642,20261002101117,JD
2026-10-02T01:15:29.728623+00:00,JD160084,01,2,20261002101150,20261002095550,20261002100607,,JD
2026-10-02T01:15:29.728623+00:00,JD160086,01,2,20261002101228,20261002092815,20261002100815,,JD
2026-10-02T01:15:29.728623+00:00,JD160087,01,3,20261002100624,20261002100624,20261002090724,20261002100456,JD
2026-10-02T01:15:29.728623+00:00,JD160089,01,2,20261002101339,20261002092942,20261002100942,,JD
2026-10-02T01:15:29.728623+00:00,JD160091,02,2,20261002101150,20261002082308,20261002100734,,JD
2026-10-02T01:15:29.728623+00:00,JE020107,02,3,20261002100637,20261001153140,20261001175751,20261002100432,JE
2026-10-02T01:15:29.728623+00:00,JE020137,02,2,20261002101229,20261002093935,20261002095419,,JE
2026-10-02T01:15:29.728623+00:00,JE020146,01,3,20261002101038,20260930100641,20260930111513,20261002100941,JE
2026-10-02T01:15:29.728623+00:00,JE040120,03,2,20261002101429,20261001220149,20261002004149,,JE
2026-10-02T01:15:29.728623+00:00,JE040123,18,2,20261002100637,20261002080755,20261002100443,,JE
2026-10-02T01:15:29.728623+00:00,JE040123,19,2,20261002101039,20261001211831,20261002021543,,JE
2026-10-02T01:15:29.728623+00:00,JE043002,38,2,20261002100637,20261002080112,20261002100506,,JE
2026-10-02T01:15:29.728623+00:00,JE043005,12,3,20261002100637,20261002081658,20261002095534,20261002100438,JE
2026-10-02T01:15:29.728623+00:00,JE900057,01,3,20261002101039,20261002062114,20261002100403,20261002101030,JE
2026-10-02T01:15:29.728623+00:00,JE900112,13,2,20261002100638,20261002095043,20261002100434,,JE
2026-10-02T01:15:29.728623+00:00,JE900213,01,2,20261002100833,20261002084445,20261002092601,,JE
2026-10-02T01:15:29.728623+00:00,JE900216,01,3,20261002101230,20261002070133,20261002081721,20261002070133,JE
2026-10-02T01:15:29.728623+00:00,JE900247,01,2,20261002101230,20261002093004,20261002101034,,JE
2026-10-02T01:15:29.728623+00:00,JE910113,01,3,20261002101230,20260930132342,20260930214047,20261002101225,JE
2026-10-02T01:15:29.728623+00:00,KP000431,01,2,20261002101026,20261001171049,20261001171310,,KP
2026-10-02T01:15:29.728623+00:00,KP000434,02,2,20261002101028,20261002093614,20261002100133,,KP
2026-10-02T01:15:29.728623+00:00,KP008134,10,3,20261002101030,20261002083002,20261002091732,20261002100327,KP
2026-10-02T01:15:29.728623+00:00,PI700478,01,2,20261002101006,20261002000424,20261002100746,,PI
2026-10-02T01:15:29.728623+00:00,PIA00321,08,2,20261002100908,20261001180004,20261001235107,,PI
2026-10-02T01:15:29.728623+00:00,PIH01084,20,2,20261002100757,20261002085725,20261002100541,,PI
2026-10-02T01:15:29.728623+00:00,PIH01497,03,2,20261002101305,20261002092923,20261002100911,,PI
2026-10-02T01:15:29.728623+00:00,ST501301,23,3,20261002100616,20260930115624,20261001151319,20261002100616,ST
2026-10-02T01:15:29.728623+00:00,ST501319,03,3,20261002100604,20261002100604,20261001110959,20261001052605,ST
2026-10-02T01:15:29.728623+00:00,ST600693,01,2,20261002101408,20261002091206,20261002101408,,ST
2026-10-02T01:15:29.728623+00:00,TDO00015,02,1,20261002101500,20261001194920,20261002033837,,TD
2026-10-02T01:30:38.820832+00:00,ME174067,01,2,20261002102852,20261002082430,20261002090050,,ME
2026-10-02T01:30:38.820832+00:00,ME181538,01,2,20261002102733,20261001112620,20261001112816,,ME
2026-10-02T01:30:38.820832+00:00,ME181539,01,2,20261002102413,20261001180700,20261001182455,,ME
2026-10-02T01:30:38.820832+00:00,ME181541,01,2,20261002102753,20261001104110,20261001112114,,ME
2026-10-02T01:30:38.820832+00:00,ME184129,01,2,20261002102907,20260930110036,20260930111706,,ME
2026-10-02T01:30:38.820832+00:00,ME184130,01,2,20261002102413,20261001112141,20261001114148,,ME
2026-10-02T01:30:38.820832+00:00,ME184131,01,2,20261002102507,20261002081320,20261002085446,,ME
2026-10-02T01:30:38.820832+00:00,ME18A176,01,2,20261002102737,20261001183148,20261001185313,,ME
2026-10-02T01:30:38.820832+00:00,ME18A177,01,2,20261002102604,20261001084358,20261001092704,,ME
2026-10-02T01:30:38.820832+00:00,ME18A178,01,2,20261002102737,20261002093259,20261002101635,,ME
2026-10-02T01:30:38.820832+00:00,ME18A276,11,2,20261002102617,20260927190040,20260927190352,,ME
2026-10-02T01:30:38.820832+00:00,ME18A276,12,2,20261002102605,20260925101706,20260925104659,,ME
2026-10-02T01:30:38.820832+00:00,ME18A277,11,2,20261002102833,20261002093829,20261002095533,,ME
2026-10-02T01:30:38.820832+00:00,ME18A277,12,2,20261002102820,20261002094310,20261002101310,,ME
2026-10-02T01:30:38.820832+00:00,ME18A278,01,2,20261002102731,20261001214739,20261001222023,,ME
2026-10-02T01:30:38.820832+00:00,ME18A278,02,2,20261002102635,20261002083646,20261002084851,,ME
2026-10-02T01:30:38.820832+00:00,ME18A279,11,2,20261002102605,20261002071100,20261002072537,,ME
2026-10-02T01:30:38.820832+00:00,ME18A279,12,2,20261002102556,20261002082611,20261002090304,,ME
2026-10-02T01:30:38.820832+00:00,ME18A280,11,2,20261002102625,20261002092516,20261002093224,,ME
2026-10-02T01:30:38.820832+00:00,ME18A280,12,2,20261002102619,20261001210413,20261001212123,,ME
2026-10-02T01:30:38.820832+00:00,ME18A282,11,2,20261002102803,20261002064358,20261002072512,,ME
2026-10-02T01:30:38.820832+00:00,ME18A282,12,2,20261002102812,20261002091003,20261002094235,,ME
2026-10-02T01:30:38.820832+00:00,ME18A283,11,2,20261002102435,20261002070412,20261002074636,,ME
2026-10-02T01:30:38.820832+00:00,ME18A283,12,2,20261002102439,20260930154445,20260930155807,,ME
2026-10-02T01:30:38.820832+00:00,ME18A307,01,2,20261002102548,20260927173056,20260927174551,,ME
2026-10-02T01:30:38.820832+00:00,ME18A308,01,2,20261002102432,20261001170747,20261001171122,,ME
2026-10-02T01:30:38.820832+00:00,ME18A308,11,2,20261002102855,20261001170716,20261001171059,,ME
2026-10-02T01:30:38.820832+00:00,ME18A308,12,2,20261002102857,20261001171142,20261001171536,,ME
2026-10-02T01:30:38.820832+00:00,ME18A309,01,2,20261002102702,20261002085617,20261002093643,,ME
2026-10-02T01:30:38.820832+00:00,ME18A309,11,3,20261002102850,20261002092603,20261002095147,20261002102803,ME
2026-10-02T01:30:38.820832+00:00,ME18A309,12,2,20261002102854,20261002075440,20261002083616,,ME
2026-10-02T01:30:38.820832+00:00,ME19B174,11,2,20261002102734,20261002093626,20261002101753,,ME
2026-10-02T01:30:38.820832+00:00,ME19B174,12,2,20261002102735,20261002091842,20261002100148,,ME
2026-10-02T01:30:38.820832+00:00,ME19B244,21,3,20261002102732,20261002071714,20261002075722,20261002095727,ME
2026-10-02T01:30:38.820832+00:00,ME19B246,21,2,20261002102115,20261002100005,20261002102105,,ME
2026-10-02T01:30:38.820832+00:00,ME19D126,01,2,20261002102721,20261002075439,20261002083005,,ME
2026-10-02T01:30:38.820832+00:00,ME19D127,01,3,20261002102856,20261001123630,20261001123800,20261002102355,ME
2026-10-02T01:30:38.820832+00:00,ME19D128,01,2,20261002102127,20260927183731,20260927185259,,ME
2026-10-02T01:30:38.820832+00:00,ME19Y240,21,3,20261002102633,20261002091625,20261002095625,20261002102634,ME
2026-10-02T01:30:38.820832+00:00,ME19Y240,22,3,20261002102612,20261002093211,20261002100131,20261002101611,ME
2026-10-02T01:30:38.820832+00:00,ME19Y269,01,2,20261002102514,20261001175314,20261001180128,,ME
2026-10-02T01:30:38.820832+00:00,ME19Y269,02,2,20261002102840,20261002074319,20261002082324,,ME
2026-10-02T01:30:38.820832+00:00,ME19Y270,01,2,20261002102843,20261002073556,20261002080343,,ME
2026-10-02T01:30:38.820832+00:00,ME19Y270,02,2,20261002102634,20261002101331,20261002102611,,ME
2026-10-02T01:30:38.820832+00:00,ME19Y271,01,2,20261002102638,20261002075728,20261002081838,,ME
2026-10-02T01:30:38.820832+00:00,ME19Y271,02,2,20261002102444,20261002074502,20261002081841,,ME
2026-10-02T01:30:38.820832+00:00,ME20B1e4,01,2,20261002102505,20261001121317,20261001125317,,ME
2026-10-02T01:30:38.820832+00:00,ME20B1e5,01,2,20261002102532,20261001193107,20261001195120,,ME
2026-10-02T01:30:38.820832+00:00,ME20B1e6,91,2,20261002102630,20261002014540,20261002022540,,ME
2026-10-02T01:30:38.820832+00:00,ME20B2a3,21,2,20261002102527,20261001160055,20261001161844,,ME
2026-10-02T01:30:38.820832+00:00,ME20B2a3,22,2,20261002102528,20261001153641,20261001155831,,ME
2026-10-02T01:30:38.820832+00:00,ME20B2a4,21,2,20261002102532,20261001043123,20261001051123,,ME
2026-10-02T01:30:38.820832+00:00,ME20B2a4,22,2,20261002102532,20261001202656,20261001210608,,ME
2026-10-02T01:30:38.820832+00:00,ME20B2a5,21,2,20261002102624,20261002093801,20261002094847,,ME
2026-10-02T01:30:38.820832+00:00,ME20B2a5,22,3,20261002102853,20261001184859,20261001192859,20261002095844,ME
2026-10-02T01:30:38.820832+00:00,ME20B2a6,21,2,20261002102743,20261002085825,20261002092516,,ME
2026-10-02T01:30:38.820832+00:00,ME20B2a6,22,2,20261002102743,20261001141103,20261001142840,,ME
2026-10-02T01:30:38.820832+00:00,ME20B2a7,21,2,20261002102745,20261001225430,20261001231850,,ME
2026-10-02T01:30:38.820832+00:00,ME20B2a7,22,2,20261002102745,20261002090820,20261002092033,,ME
2026-10-02T01:30:38.820832+00:00,ME20B2a8,21,2,20261002102639,20261002082500,20261002090500,,ME
2026-10-02T01:30:38.820832+00:00,ME20B2a8,22,2,20261002102639,20261002093045,20261002094630,,ME
2026-10-02T01:30:38.820832+00:00,ME20B2a9,21,2,20261002102817,20261002092214,20261002093044,,ME
2026-10-02T01:30:38.820832+00:00,ME20B2a9,22,2,20261002102848,20261002095714,20261002102844,,ME
2026-10-02T01:30:38.820832+00:00,ME20B2b0,21,2,20261002102708,20260930104830,20260930105554,,ME
2026-10-02T01:30:38.820832+00:00,ME20B2b0,22,2,20261002102708,20261001154016,20261001160216,,ME
2026-10-02T01:30:38.820832+00:00,ME20B2b1,21,2,20261002102635,20261001141302,20261001144814,,ME
2026-10-02T01:30:38.820832+00:00,ME20B2b1,22,2,20261002102635,20261001164651,20261001172651,,ME
2026-10-02T01:30:38.820832+00:00,ME20B2b2,21,2,20261002102527,20260916145246,20260916145416,,ME
2026-10-02T01:30:38.820832+00:00,ME20B2b2,22,2,20261002102527,20260925110458,20260925114155,,ME
2026-10-02T01:30:38.820832+00:00,ME20B2b3,21,2,20261002102808,20261001181409,20261001183943,,ME
2026-10-02T01:30:38.820832+00:00,ME20B2b3,22,2,20261002102808,20261001152316,20261001155512,,ME
2026-10-02T01:30:38.820832+00:00,ME20B2b4,01,2,20261002102801,20261002092503,20261002100503,,ME
2026-10-02T01:30:38.820832+00:00,ME20B2b4,02,2,20261002102805,20261001134855,20261001142855,,ME
2026-10-02T01:30:38.820832+00:00,ME20B418,41,2,20261002102428,20260923123537,20260923131537,,ME
2026-10-02T01:30:38.820832+00:00,ME20B418,42,2,20261002102448,20261002085403,20261002092517,,ME
2026-10-02T01:30:38.820832+00:00,ME20B418,43,2,20261002102506,20261001234052,20261001235439,,ME
2026-10-02T01:30:38.820832+00:00,ME20B418,44,2,20261002102443,20261002082352,20261002090352,,ME
2026-10-02T01:30:38.820832+00:00,ME21B256,01,2,20261002102324,20261002085737,20261002090023,,ME
2026-10-02T01:30:38.820832+00:00,ME21B317,02,2,20261002102137,20261002052502,20261002060202,,ME
2026-10-02T01:30:38.820832+00:00,ME21D081,01,2,20261002102335,20261002101231,20261002102328,,ME
2026-10-02T01:30:38.820832+00:00,ME21D092,01,3,20261002102848,20261002100020,20261002100838,20261002101429,ME
2026-10-02T01:30:38.820832+00:00,ME21D095,01,3,20261002102838,20261002084119,20261002090201,20261002100012,ME
2026-10-02T01:30:38.820832+00:00,ME21D096,01,3,20261002102745,20261002085559,20261002093905,20261002101337,ME
2026-10-02T01:30:38.820832+00:00,ME21D097,01,3,20261002102751,20261002082858,20261002085243,20261002095721,ME
2026-10-02T01:30:38.820832+00:00,ME21D098,01,3,20261002102849,20261002083612,20261002090641,20261002100830,ME
2026-10-02T01:30:38.820832+00:00,ME21D101,01,2,20261002102519,20261002101410,20261002102509,,ME
2026-10-02T01:30:38.820832+00:00,ME21D102,01,3,20261002102740,20261001184938,20261001192944,20261002075111,ME
2026-10-02T01:30:38.820832+00:00,ME21D104,01,2,20261002102836,20261002083350,20261002090217,,ME
2026-10-02T01:30:38.820832+00:00,ME21D105,01,3,20261002102721,20261002091844,20261002092513,20261002102320,ME
2026-10-02T01:30:38.820832+00:00,ME21D112,01,3,20261002102754,20261002093607,20261002101611,20261002102149,ME
2026-10-02T01:30:38.820832+00:00,ME21X010,01,2,20261002102727,20260929205347,20260929213713,,ME
2026-10-02T01:30:38.820832+00:00,ME21X014,01,3,20261002102857,20261001063125,20261001071416,20261002054246,ME
2026-10-02T01:30:38.820832+00:00,ME21X015,01,3,20261002102626,20261002085746,20261002093619,20261002095337,ME
2026-10-02T01:30:38.820832+00:00,ME22C1G0,01,3,20261002102743,20261002084728,20261002092841,20261002101736,ME
2026-10-02T01:30:38.820832+00:00,ME22C305,03,3,20261002102839,20261002092048,20261002100055,20261002100625,ME
2026-10-02T01:30:38.820832+00:00,ME22D155,01,2,20261002102441,20261002085943,20261002093153,,ME
2026-10-02T01:30:38.820832+00:00,ME22D156,01,3,20261002102635,20261002070929,20261002074425,20261002102558,ME
2026-10-02T01:30:38.820832+00:00,ME22D161,01,3,20261002102855,20261002091218,20261002092220,20261002095459,ME
2026-10-02T01:30:38.820832+00:00,ME22D162,01,2,20261002102536,20261002093523,20261002101532,,ME
2026-10-02T01:30:38.820832+00:00,ME22D176,01,2,20261002102621,20261002100229,20261002100419,,ME
2026-10-02T01:30:38.820832+00:00,ME22D1H0,01,2,20261002102659,20261001210319,20261001213958,,ME
2026-10-02T01:30:38.820832+00:00,ME22D219,01,2,20261002102842,20261002093830,20261002101053,,ME
2026-10-02T01:30:38.820832+00:00,ME22D219,02,2,20261002102541,20261001212009,20261001214254,,ME
2026-10-02T01:30:38.820832+00:00,ME22D235,01,2,20261002102738,20261002093119,20261002095108,,ME
2026-10-02T01:30:38.820832+00:00,ME22D235,02,2,20261002102533,20261002082911,20261002090921,,ME
2026-10-02T01:30:38.820832+00:00,ME22D401,01,3,20261002102737,20261002090538,20261002094538,20261002100224,ME
2026-10-02T01:30:38.820832+00:00,ME22D401,02,3,20261002102852,20261002095620,20261002100808,20261002101349,ME
2026-10-02T01:30:38.820832+00:00,ME22D401,03,3,20261002102513,20261002081812,20261002085812,20261002095005,ME
2026-10-02T01:30:38.820832+00:00,ME22D401,04,2,20261002102851,20261002091739,20261002094615,,ME
2026-10-02T01:30:38.820832+00:00,ME25C183,01,2,20261002102739,20261001045802,20261001051029,,ME
2026-10-02T01:30:38.820832+00:00,ME25C184,01,2,20261002102445,20261001184826,20261001185810,,ME
2026-10-02T01:30:38.820832+00:00,ME25C282,21,2,20261002102848,20260928171847,20260928173231,,ME
2026-10-02T01:30:38.820832+00:00,ME25C282,22,2,20261002102850,20261001172401,20261001180032,,ME
2026-10-02T01:30:38.820832+00:00,ME25C283,01,3,20261002102512,20261001172229,20261001173846,20261002100430,ME
2026-10-02T01:30:38.820832+00:00,ME25C283,02,2,20261002102654,20261002091803,20261002095805,,ME
2026-10-02T01:30:38.820832+00:00,ME25C284,01,2,20261002102748,20260930133648,20260930141649,,ME
2026-10-02T01:30:38.820832+00:00,ME25C284,02,2,20261002102746,20260930125501,20260930133343,,ME
2026-10-02T01:30:38.820832+00:00,BE250114,02,3,20261002102813,20261002102813,20261001205846,20261002102813,BE
2026-10-02T01:30:38.820832+00:00,BE250159,01,2,20261002102944,20261002095513,20261002102944,,BE
2026-10-02T01:30:38.820832+00:00,CI0O001B,03,2,20261002102346,20261001214619,20261002102346,,CI
2026-10-02T01:30:38.820832+00:00,CV001071,01,1,20261002102521,20260916152433,20260916152611,,CV
2026-10-02T01:30:38.820832+00:00,CV001348,02,2,20261002102523,20261002092159,20261002102020,,CV
2026-10-02T01:30:38.820832+00:00,EV016188,01,2,20261002102348,20261001220613,20261002042609,,EV
2026-10-02T01:30:38.820832+00:00,GS000117,04,3,20261002102121,20261002102121,20261002091502,20261002102121,GS
2026-10-02T01:30:38.820832+00:00,HM003000,10,3,20261002102620,20261002100332,20261002101855,20261002102530,HM
2026-10-02T01:30:38.820832+00:00,JA500004,06,3,20261002102802,20261002102802,20261001172803,20261002102802,JA
2026-10-02T01:30:38.820832+00:00,JA500007,01,3,20261002102808,20261002102808,20260929200706,20261002102808,JA
2026-10-02T01:30:38.820832+00:00,JD000007,01,2,20261002102726,20261002095315,20261002102609,,JD
2026-10-02T01:30:38.820832+00:00,JD000016,01,3,20261002102424,20261002102424,20261001103126,20261002102351,JD
2026-10-02T01:30:38.820832+00:00,JD000051,01,3,20261002102726,20261002102726,20261001224738,20261002102634,JD
2026-10-02T01:30:38.820832+00:00,JD000054,01,3,20261002103000,20261002103000,20260820143748,20261002103000,JD
2026-10-02T01:30:38.820832+00:00,JD000121,04,3,20261002102624,20261002102624,20261001122216,20261002102531,JD
2026-10-02T01:30:38.820832+00:00,JD100001,01,2,20261002102325,20261002094319,20261002102319,,JD
2026-10-02T01:30:38.820832+00:00,JD100010,02,2,20261002102624,20261002095708,20261002102218,,JD
2026-10-02T01:30:38.820832+00:00,JD100024,01,3,20261002102424,20261002102424,20261002101805,20261002102303,JD
2026-10-02T01:30:38.820832+00:00,JD110058,02,3,20261002102920,20261002102920,20261002090752,20261002102837,JD
2026-10-02T01:30:38.820832+00:00,JD110075,01,2,20261002102123,20261002100633,20261002102015,,JD
2026-10-02T01:30:38.820832+00:00,JD110119,03,2,20261002102920,20261002095315,20261002102921,,JD
2026-10-02T01:30:38.820832+00:00,JD110122,01,2,20261002102123,20261002093714,20261002101714,,JD
2026-10-02T01:30:38.820832+00:00,JE010029,02,3,20261002102628,20261001182515,20261001210007,20261002102608,JE
2026-10-02T01:30:38.820832+00:00,JE010223,03,2,20261002102833,20261002085714,20261002102757,,JE
2026-10-02T01:30:38.820832+00:00,JE010241,03,3,20261002102628,20261001175917,20261001182035,20261002102526,JE
2026-10-02T01:30:38.820832+00:00,JE010250,01,2,20261002102231,20261002100958,20261002102134,,JE
2026-10-02T01:30:38.820832+00:00,JE010281,06,3,20261002102428,20261002085743,20261002090215,20261002102309,JE
2026-10-02T01:30:38.820832+00:00,JE010289,02,2,20261002102428,20261002100710,20261002101946,,JE
2026-10-02T01:30:38.820832+00:00,JE010327,02,2,20261002102428,20261002094739,20261002102358,,JE
2026-10-02T01:30:38.820832+00:00,JE010327,08,2,20261002102428,20261002090949,20261002102406,,JE
2026-10-02T01:30:38.820832+00:00,JE020157,02,3,20261002102833,20261001180002,20261001191732,20261002102713,JE
2026-10-02T01:30:38.820832+00:00,JE020157,06,3,20261002102429,20261001111225,20261001120213,20261002102308,JE
2026-10-02T01:30:38.820832+00:00,JE040124,03,2,20261002102232,20261002083503,20261002102149,,JE
2026-10-02T01:30:38.820832+00:00,JE900076,01,3,20261002102233,20260930124509,20260930131817,20261002102056,JE
2026-10-02T01:30:38.820832+00:00,JE900190,01,3,20261002102834,20261002082329,20261002090659,20261002102730,JE
2026-10-02T01:30:38.820832+00:00,JE900194,01,3,20261002102630,20261002085310,20261002101851,20261002102456,JE
2026-10-02T01:30:38.820832+00:00,JE900206,01,3,20261002102630,20261002095916,20261002101522,20261002102503,JE
2026-10-02T01:30:38.820832+00:00,JE910021,02,2,20261002102835,20261002073556,20261002102727,,JE
2026-10-02T01:30:38.820832+00:00,KL001853,01,2,20261002102401,20261002085253,20261002102312,,KL
2026-10-02T01:30:38.820832+00:00,KP003467,02,5,20261002103006,20260925083828,20260925111823,,KP
2026-10-02T01:30:38.820832+00:00,KP003842,01,2,20261002103007,20261002091942,20261002101947,,KP
2026-10-02T01:30:38.820832+00:00,LI000102,01,3,20261002102713,20261002102713,20261002102712,20261002102713,LI
2026-10-02T01:30:38.820832+00:00,MO501104,01,2,20261002102809,20261002102801,20261002102809,,MO
2026-10-02T01:30:38.820832+00:00,MO501104,02,9,20261002102809,20261002094217,20261002094217,,MO
2026-10-02T01:30:38.820832+00:00,MO501106,01,9,20261002102809,20260902190154,20260902190209,,MO
2026-10-02T01:30:38.820832+00:00,MO501126,01,2,20261002102809,20261002102801,20261002102809,,MO
2026-10-02T01:30:38.820832+00:00,MO501126,02,2,20261002102809,20261002102801,20261002102809,,MO
2026-10-02T01:30:38.820832+00:00,MO501129,01,2,20261002102809,20241216213918,20241216213918,,MO
2026-10-02T01:30:38.820832+00:00,MO501129,02,2,20261002102809,20241217202230,20241217202230,,MO
2026-10-02T01:30:38.820832+00:00,MO501143,01,2,20261002102809,20250706175600,20250706175615,,MO
2026-10-02T01:30:38.820832+00:00,MO501143,02,9,20261002102809,20241016172006,20241016172006,,MO
2026-10-02T01:30:38.820832+00:00,MO501150,01,2,20261002102809,20260930190539,20260930190540,,MO
2026-10-02T01:30:38.820832+00:00,PC001634,01,2,20261002102819,20260926214623,20260926221922,,PC
2026-10-02T01:30:38.820832+00:00,PC001637,01,2,20261002102503,20261002084503,20261002094505,,PC
2026-10-02T01:30:38.820832+00:00,PI201322,04,2,20261002102324,20261001184534,20261002084538,,PI
2026-10-02T01:30:38.820832+00:00,PIH01509,02,2,20261002102744,20261001203334,20261002102319,,PI
2026-10-02T01:30:38.820832+00:00,PIH01772,02,3,20261002102745,20261002102344,20261002022940,20261002102745,PI
2026-10-02T01:30:38.820832+00:00,PL000236,04,2,20261002102523,20261001192713,20261002102523,,PL
2026-10-02T01:30:38.820832+00:00,PL000791,01,2,20261002102315,20261002064928,20261002102315,,PL
2026-10-02T01:30:38.820832+00:00,PW013006,04,2,20261002102629,20261002095846,20261002102607,,PW
2026-10-02T01:30:38.820832+00:00,PWE00799,09,3,20261002102908,20261002102908,20261002101108,20261002102908,PW
2026-10-02T01:30:38.820832+00:00,RE000284,01,2,20261002102602,20261002005421,20261002101935,,RE
2026-10-02T01:30:38.820832+00:00,SOA33001,01,1,20261002102926,20261002065725,20261002065925,,SO
2026-10-02T01:30:38.820832+00:00,ST501114,01,2,20261002102136,20261001214710,20261002001512,,ST
2026-10-02T01:30:38.820832+00:00,ST501152,01,2,20261002102941,20261002100741,20261002102941,,ST
2026-10-02T01:30:38.820832+00:00,ST600611,01,3,20261002102605,20261002092056,20261002101012,20261002102605,ST
2026-10-02T01:30:38.820832+00:00,ST600611,02,2,20261002102212,20261001225723,20261001234453,,ST
2026-10-02T01:30:38.820832+00:00,ST601107,20,2,20261002102412,20260927090139,20260929101614,,ST
2026-10-02T01:30:38.820832+00:00,ME174046,01,2,20261002102725,20261002060817,20261002064852,,ME
2026-10-02T01:30:38.820832+00:00,ME174050,01,2,20261002102834,20261001170730,20261001170951,,ME
2026-10-02T01:30:38.820832+00:00,ME174050,02,2,20261002102905,20261001174226,20261001182853,,ME
2026-10-02T01:30:38.820832+00:00,ME174050,03,2,20261002102607,20261002062825,20261002063945,,ME
2026-10-02T01:30:38.820832+00:00,ME174050,04,2,20261002102845,20260930105634,20260930112000,,ME
2026-10-02T01:30:38.820832+00:00,ME174050,05,2,20261002102854,20260926150242,20260926154603,,ME
2026-10-02T01:30:38.820832+00:00,ME174061,01,2,20261002102642,20261001113723,20261001121938,,ME
2026-10-02T01:30:38.820832+00:00,ME174062,01,2,20261002102850,20261001151914,20261001153740,,ME
2026-10-02T01:30:38.820832+00:00,ME183101,01,2,20261002102617,20260930075227,20260930082713,,ME
2026-10-02T01:30:38.820832+00:00,ME183101,02,2,20261002102753,20261001092917,20261001101252,,ME
2026-10-02T01:30:38.820832+00:00,ME183101,03,2,20261002102607,20260929154106,20260929162412,,ME
2026-10-02T01:30:38.820832+00:00,ME183101,04,2,20261002102534,20260930142932,20260930150721,,ME
2026-10-02T01:30:38.820832+00:00,ME183101,52,2,20261002102754,20260927125611,20260927133914,,ME
2026-10-02T01:30:38.820832+00:00,ME183101,54,2,20261002102527,20260927151630,20260927155059,,ME
2026-10-02T01:30:38.820832+00:00,ME183102,02,3,20261002102805,20261002083359,20261002091704,20261002102556,ME
2026-10-02T01:30:38.820832+00:00,ME183102,52,2,20261002102810,20261002054830,20261002083559,,ME
2026-10-02T01:30:38.820832+00:00,ME184122,01,2,20261002102533,20261001164001,20261001172322,,ME
2026-10-02T01:30:38.820832+00:00,ME184124,01,2,20261002102904,20261002083739,20261002085925,,ME
2026-10-02T01:30:38.820832+00:00,ME184125,01,2,20261002102732,20261001133809,20261001141849,,ME
2026-10-02T01:30:38.820832+00:00,ME184126,02,3,20261002102719,20261002074103,20261002082143,20261002101103,ME
2026-10-02T01:30:38.820832+00:00,ME18A173,01,2,20261002102612,20261002091337,20261002094728,,ME
2026-10-02T01:30:38.820832+00:00,ME18A174,01,2,20261002102522,20261002093628,20261002095404,,ME
2026-10-02T01:30:38.820832+00:00,ME18A175,01,2,20261002102604,20261002084328,20261002092332,,ME
2026-10-02T01:30:38.820832+00:00,ME18A268,11,2,20261002102832,20261002074235,20261002080246,,ME
2026-10-02T01:30:38.820832+00:00,ME18A268,12,2,20261002102841,20261002092511,20261002100619,,ME
2026-10-02T01:30:38.820832+00:00,ME18A269,11,2,20261002102514,20261001151245,20261001154341,,ME
2026-10-02T01:30:38.820832+00:00,ME18A269,12,2,20261002102508,20261001152631,20261001160516,,ME
2026-10-02T01:30:38.820832+00:00,ME18A270,11,2,20261002102530,20261002081142,20261002083239,,ME
2026-10-02T01:30:38.820832+00:00,ME18A270,12,2,20261002102520,20261002092648,20261002094617,,ME
2026-10-02T01:30:38.820832+00:00,ME18A271,01,2,20261002102436,20260929162754,20260929170453,,ME
2026-10-02T01:30:38.820832+00:00,ME18A271,02,2,20261002102621,20261001163502,20261001170516,,ME
2026-10-02T01:30:38.820832+00:00,ME18A272,11,2,20261002102703,20261002060240,20261002064542,,ME
2026-10-02T01:30:38.820832+00:00,ME18A272,12,2,20261002102702,20261001160557,20261001164900,,ME
2026-10-02T01:30:38.820832+00:00,ME18A273,11,2,20261002102829,20261002081613,20261002082840,,ME
2026-10-02T01:30:38.820832+00:00,ME18A273,12,2,20261002102835,20261001174913,20261001181458,,ME
2026-10-02T01:30:38.820832+00:00,ME18A274,11,2,20261002102523,20261001134951,20261001143233,,ME
2026-10-02T01:30:38.820832+00:00,ME18A274,12,3,20261002102535,20261001192806,20261001201112,20261002101031,ME
2026-10-02T01:30:38.820832+00:00,ME18A275,11,2,20261002102554,20261001182313,20261001190620,,ME
2026-10-02T01:30:38.820832+00:00,ME18A275,12,2,20261002102559,20261001230620,20261001233413,,ME
2026-10-02T01:30:38.820832+00:00,ME18A281,11,2,20261002102857,20260930150635,20260930151317,,ME
2026-10-02T01:30:38.820832+00:00,ME18A281,12,2,20261002102901,20261002080828,20261002085133,,ME
2026-10-02T01:30:38.820832+00:00,ME18A306,01,2,20261002102626,20260930080057,20260930083747,,ME
2026-10-02T01:30:38.820832+00:00,ME18A306,11,2,20261002102536,20260930143956,20260930144224,,ME
2026-10-02T01:30:38.820832+00:00,ME18A306,12,2,20261002102532,20260928095330,20260928095457,,ME
2026-10-02T01:30:38.820832+00:00,ME19B169,01,2,20261002102821,20261001120400,20261001124405,,ME
2026-10-02T01:30:38.820832+00:00,ME19B170,01,2,20261002102425,20261001192032,20261001195626,,ME
2026-10-02T01:30:38.820832+00:00,ME19B171,01,2,20261002102737,20260930214046,20260930221733,,ME
2026-10-02T01:30:38.820832+00:00,ME19B172,01,2,20261002102609,20261001202832,20261001210832,,ME
2026-10-02T01:30:38.820832+00:00,ME19B173,01,2,20261002102648,20261001163019,20261001171019,,ME
2026-10-02T01:30:38.820832+00:00,ME19B241,21,9,20261002102310,20261001200811,20261001202013,,ME
2026-10-02T01:30:38.820832+00:00,ME19B241,22,9,20261002102310,20261001082459,20261001090506,,ME
2026-10-02T01:30:38.820832+00:00,ME20B1e1,01,2,20261002102421,20260923131203,20260923131340,,ME
2026-10-02T01:30:38.820832+00:00,ME20B1e2,01,2,20261002102800,20261001190450,20261001193613,,ME
2026-10-02T01:30:38.820832+00:00,ME20B1e3,01,2,20261002102608,20260926130825,20260926133530,,ME
2026-10-02T01:30:38.820832+00:00,ME20B2a0,91,2,20261002102820,20260929171522,20260929173732,,ME
2026-10-02T01:30:38.820832+00:00,ME20B2a0,92,2,20261002102447,20260929181304,20260929182818,,ME
2026-10-02T01:30:38.820832+00:00,ME20B2a1,21,2,20261002102451,20260930153947,20260930161947,,ME
2026-10-02T01:30:38.820832+00:00,ME20B2a1,22,2,20261002102451,20260923104352,20260923104521,,ME
2026-10-02T01:30:38.820832+00:00,ME20B2a2,21,2,20261002102803,20261001165128,20261001165303,,ME
2026-10-02T01:30:38.820832+00:00,ME20B2a2,22,2,20261002102803,20261002070459,20261002072043,,ME
2026-10-02T01:30:38.820832+00:00,ME20B416,21,2,20261002102905,20261002093311,20261002094122,,ME
2026-10-02T01:30:38.820832+00:00,ME20B416,22,2,20261002102905,20261001084258,20261001090300,,ME
2026-10-02T01:30:38.820832+00:00,ME20B416,23,2,20261002102707,20261001153213,20261001154816,,ME
2026-10-02T01:30:38.820832+00:00,ME20B416,24,2,20261002102707,20261002093241,20261002095548,,ME
2026-10-02T01:30:38.820832+00:00,ME20B417,41,2,20261002102822,20261001133924,20261001141346,,ME
2026-10-02T01:30:38.820832+00:00,ME20B417,42,2,20261002102811,20260929145223,20260929150552,,ME
2026-10-02T01:30:38.820832+00:00,ME20B417,43,2,20261002102810,20261001074823,20261001081546,,ME
2026-10-02T01:30:38.820832+00:00,ME20B417,44,2,20261002102756,20261001141617,20261001144515,,ME
2026-10-02T01:30:38.820832+00:00,ME21B1C9,01,2,20261002102257,20261002101313,20261002102254,,ME
2026-10-02T01:30:38.820832+00:00,ME21D062,01,2,20261002102406,20261002041603,20261002045730,,ME
2026-10-02T01:30:38.820832+00:00,ME21D063,01,2,20261002102810,20261002093255,20261002095952,,ME
2026-10-02T01:30:38.820832+00:00,ME21D064,01,2,20261002102841,20260929134732,20260929142737,,ME
2026-10-02T01:30:38.820832+00:00,ME21D066,01,3,20261002102810,20261001182110,20261001190201,20261002080950,ME
2026-10-02T01:30:38.820832+00:00,ME21D069,01,2,20261002102618,20261002094608,20261002102612,,ME
2026-10-02T01:30:38.820832+00:00,ME21D074,01,3,20261002102837,20261002090611,20261002094614,20261002101229,ME
2026-10-02T01:30:38.820832+00:00,ME21D077,01,3,20261002102718,20261001193159,20261001194512,20261002102109,ME
2026-10-02T01:30:38.820832+00:00,ME21X008,01,2,20261002102748,20260929175738,20260929181032,,ME
2026-10-02T01:30:38.820832+00:00,ME22A611,32,3,20261002102850,20261002101937,20261002102148,20261002102250,ME
2026-10-02T01:30:38.820832+00:00,ME22A611,33,2,20261002102811,20261001195616,20261001203704,,ME
2026-10-02T01:30:38.820832+00:00,ME22B336,81,3,20261002102843,20261001180610,20261001182723,20261002101229,ME
2026-10-02T01:30:38.820832+00:00,ME22C285,02,3,20261002102812,20261002081100,20261002082112,20261002101402,ME
2026-10-02T01:30:38.820832+00:00,ME22D1H1,01,3,20261002102739,20261001103812,20261001111812,20261002102726,ME
2026-10-02T01:30:38.820832+00:00,ME25C181,01,2,20261002102507,20260930205223,20260930211741,,ME
2026-10-02T01:30:38.820832+00:00,ME25C182,01,4,20261002102701,20261002082752,20261002090756,,ME
2026-10-02T01:30:38.820832+00:00,ME25C281,21,2,20261002102908,20261001173545,20261001174757,,ME
2026-10-02T01:30:38.820832+00:00,ME25C281,22,2,20261002102809,20261002092206,20261002100208,,ME
2026-10-02T01:30:38.820832+00:00,ME25C318,01,2,20261002102821,20260929192647,20260929193755,,ME
2026-10-02T01:30:38.820832+00:00,ME25C318,21,4,20261002102909,20260926115518,20260926122747,,ME
2026-10-02T01:30:38.820832+00:00,ME25C318,22,2,20261002102811,20260919182628,20260919184105,,ME
2026-10-02T01:30:38.820832+00:00,ME25C431,01,2,20261002102504,20260914133046,20260914133228,,ME
2026-10-02T01:30:38.820832+00:00,ME25C431,02,2,20261002102846,20260929180949,20260929184722,,ME
2026-10-02T01:30:38.820832+00:00,ME25C431,03,2,20261002102526,20261001230801,20261001232738,,ME
2026-10-02T01:30:38.820832+00:00,ME25C431,04,3,20261002102424,20261001160245,20261001164247,20261002095914,ME
2026-10-02T01:30:38.820832+00:00,AH000059,02,2,20261002102830,20261002085824,20261002102830,,AH
2026-10-02T01:30:38.820832+00:00,AH000059,04,3,20261002102830,20261002102830,20261002065815,20261002102830,AH
2026-10-02T01:30:38.820832+00:00,EV015655,01,3,20261002102348,20261001163637,20261001180254,20261002102324,EV
2026-10-02T01:30:38.820832+00:00,EV017417,01,2,20261002102952,20261001211702,20261002001833,,EV
2026-10-02T01:30:38.820832+00:00,GR000045,05,2,20261002102106,20261001153655,20261001180531,,GR
2026-10-02T01:30:38.820832+00:00,HE000031,04,3,20261002102300,20261002102300,20261001163500,20261002102300,HE
2026-10-02T01:30:38.820832+00:00,HE000035,01,2,20261002102900,20261001203301,20261002102900,,HE
2026-10-02T01:30:38.820832+00:00,HE240435,19,2,20261002102900,20261002102600,20261002102900,,HE
2026-10-02T01:30:38.820832+00:00,JD000004,13,2,20261002102200,20261002084400,20261002102200,,JD
2026-10-02T01:30:38.820832+00:00,JD000010,01,3,20261002102726,20261002102726,20261001195122,20261002102652,JD
2026-10-02T01:30:38.820832+00:00,JD100033,01,2,20261002102920,20261002101414,20261002102639,,JD
2026-10-02T01:30:38.820832+00:00,JD160037,01,2,20261002102727,20261002100037,20261002102330,,JD
2026-10-02T01:30:38.820832+00:00,JD160047,01,2,20261002102123,20261002095950,20261002101819,,JD
2026-10-02T01:30:38.820832+00:00,JD160049,01,3,20261002102326,20261002102326,20260930194023,20261002092143,JD
2026-10-02T01:30:38.820832+00:00,JD160052,01,2,20261002102727,20261002101710,20261002102350,,JD
2026-10-02T01:30:38.820832+00:00,JE020108,04,3,20261002102429,20261002080111,20261002082312,20261002102338,JE
2026-10-02T01:30:38.820832+00:00,JE020125,01,2,20261002102429,20261001210009,20261002101905,,JE
2026-10-02T01:30:38.820832+00:00,JE020137,01,2,20261002102833,20261002094019,20261002102816,,JE
2026-10-02T01:30:38.820832+00:00,JE020161,02,3,20261002102629,20261001192950,20261001194920,20261002102438,JE
2026-10-02T01:30:38.820832+00:00,JE043002,29,3,20261002102429,20261001190215,20261001193121,20261002102237,JE
2026-10-02T01:30:38.820832+00:00,JE043002,32,5,20261002102429,20261001184724,20261001235747,,JE
2026-10-02T01:30:38.820832+00:00,JE900189,02,2,20261002102430,20261002093841,20261002102406,,JE
2026-10-02T01:30:38.820832+00:00,JE900216,01,3,20261002102834,20261002070133,20261002081721,20261002070133,JE
2026-10-02T01:30:38.820832+00:00,KP003836,02,2,20261002103009,20261002095322,20261002102106,,KP
2026-10-02T01:30:38.820832+00:00,MO501319,01,9,20261002102809,20260221113134,20260221113140,,MO
2026-10-02T01:30:38.820832+00:00,MO501319,02,2,20261002102809,20260114160320,20260114160326,,MO
2026-10-02T01:30:38.820832+00:00,MO501328,01,2,20261002102809,20251012210231,20251012210247,,MO
2026-10-02T01:30:38.820832+00:00,NT100520,03,3,20261002102650,20261002102650,20260930161650,20261002102650,NT
2026-10-02T01:30:38.820832+00:00,PI640361,02,2,20261002102639,20261002054108,20261002091953,,PI
2026-10-02T01:30:38.820832+00:00,PWE02358,32,2,20261002102511,20261001210212,20261002102511,,PW
2026-10-02T01:30:38.820832+00:00,RE000243,20,2,20261002102203,20261001144314,20261001161500,,RE
2026-10-02T01:30:38.820832+00:00,ST501326,01,2,20261002102203,20260930214017,20260930221034,,ST
2026-10-02T01:30:38.820832+00:00,TDO00015,02,2,20261002103001,20261001194920,20261002033837,,TD
2026-10-02T01:45:28.456816+00:00,ME174067,01,2,20261002104356,20261002082430,20261002090050,,ME
2026-10-02T01:45:28.456816+00:00,ME181538,01,2,20261002104236,20261001112620,20261001112816,,ME
2026-10-02T01:45:28.456816+00:00,ME181539,01,2,20261002103916,20261001180700,20261001182455,,ME
2026-10-02T01:45:28.456816+00:00,ME181541,01,3,20261002104357,20261001104110,20261001112114,20261002103201,ME
2026-10-02T01:45:28.456816+00:00,ME184129,01,2,20261002103910,20260930110036,20260930111706,,ME
2026-10-02T01:45:28.456816+00:00,ME184130,01,2,20261002103915,20261001112141,20261001114148,,ME
2026-10-02T01:45:28.456816+00:00,ME184131,01,2,20261002104011,20261002081320,20261002085446,,ME
2026-10-02T01:45:28.456816+00:00,ME18A176,01,2,20261002104240,20261001183148,20261001185313,,ME
2026-10-02T01:45:28.456816+00:00,ME18A177,01,2,20261002104108,20261001084358,20261001092704,,ME
2026-10-02T01:45:28.456816+00:00,ME18A178,01,2,20261002104240,20261002093259,20261002101635,,ME
2026-10-02T01:45:28.456816+00:00,ME18A276,11,2,20261002104120,20260927190040,20260927190352,,ME
2026-10-02T01:45:28.456816+00:00,ME18A276,12,2,20261002104107,20260925101706,20260925104659,,ME
2026-10-02T01:45:28.456816+00:00,ME18A277,11,2,20261002104337,20261002093829,20261002095533,,ME
2026-10-02T01:45:28.456816+00:00,ME18A277,12,2,20261002104323,20261002094310,20261002101310,,ME
2026-10-02T01:45:28.456816+00:00,ME18A278,01,2,20261002104232,20261001214739,20261001222023,,ME
2026-10-02T01:45:28.456816+00:00,ME18A278,02,2,20261002104139,20261002083646,20261002084851,,ME
2026-10-02T01:45:28.456816+00:00,ME18A279,11,2,20261002104107,20261002071100,20261002072537,,ME
2026-10-02T01:45:28.456816+00:00,ME18A279,12,2,20261002104100,20261002082611,20261002090304,,ME
2026-10-02T01:45:28.456816+00:00,ME18A280,11,2,20261002104129,20261002092516,20261002093224,,ME
2026-10-02T01:45:28.456816+00:00,ME18A280,12,2,20261002104123,20261001210413,20261001212123,,ME
2026-10-02T01:45:28.456816+00:00,ME18A282,11,2,20261002104306,20261002064358,20261002072512,,ME
2026-10-02T01:45:28.456816+00:00,ME18A282,12,3,20261002104315,20261002091003,20261002094235,20261002102938,ME
2026-10-02T01:45:28.456816+00:00,ME18A283,11,2,20261002103938,20261002070412,20261002074636,,ME
2026-10-02T01:45:28.456816+00:00,ME18A283,12,2,20261002103943,20260930154445,20260930155807,,ME
2026-10-02T01:45:28.456816+00:00,ME18A307,01,2,20261002104052,20260927173056,20260927174551,,ME
2026-10-02T01:45:28.456816+00:00,ME18A308,01,2,20261002103936,20261001170747,20261001171122,,ME
2026-10-02T01:45:28.456816+00:00,ME18A308,11,2,20261002104358,20261001170716,20261001171059,,ME
2026-10-02T01:45:28.456816+00:00,ME18A308,12,2,20261002104400,20261001171142,20261001171536,,ME
2026-10-02T01:45:28.456816+00:00,ME18A309,01,2,20261002104204,20261002085617,20261002093643,,ME
2026-10-02T01:45:28.456816+00:00,ME18A309,11,2,20261002104353,20261002102803,20261002104141,,ME
2026-10-02T01:45:28.456816+00:00,ME18A309,12,2,20261002104358,20261002075440,20261002083616,,ME
2026-10-02T01:45:28.456816+00:00,ME19B174,11,2,20261002104237,20261002093626,20261002101753,,ME
2026-10-02T01:45:28.456816+00:00,ME19B174,12,3,20261002104238,20261002091842,20261002100148,20261002103955,ME
2026-10-02T01:45:28.456816+00:00,ME19B244,21,3,20261002104359,20261002095727,20261002103736,20261002104351,ME
2026-10-02T01:45:28.456816+00:00,ME19D126,01,2,20261002104221,20261002075439,20261002083005,,ME
2026-10-02T01:45:28.456816+00:00,ME19D127,01,3,20261002104400,20261001123630,20261001123800,20261002102355,ME
2026-10-02T01:45:28.456816+00:00,ME19D128,01,2,20261002104127,20260927183731,20260927185259,,ME
2026-10-02T01:45:28.456816+00:00,ME19Y240,21,3,20261002104136,20261002091625,20261002095625,20261002102634,ME
2026-10-02T01:45:28.456816+00:00,ME19Y240,22,3,20261002104116,20261002093211,20261002100131,20261002101611,ME
2026-10-02T01:45:28.456816+00:00,ME19Y269,01,2,20261002104014,20261001175314,20261001180128,,ME
2026-10-02T01:45:28.456816+00:00,ME19Y269,02,2,20261002104340,20261002074319,20261002082324,,ME
2026-10-02T01:45:28.456816+00:00,ME19Y270,01,2,20261002104343,20261002073556,20261002080343,,ME
2026-10-02T01:45:28.456816+00:00,ME19Y270,02,2,20261002104112,20261002101331,20261002102611,,ME
2026-10-02T01:45:28.456816+00:00,ME19Y271,01,2,20261002104138,20261002075728,20261002081838,,ME
2026-10-02T01:45:28.456816+00:00,ME19Y271,02,2,20261002103945,20261002074502,20261002081841,,ME
2026-10-02T01:45:28.456816+00:00,ME20B1e4,01,2,20261002104005,20261001121317,20261001125317,,ME
2026-10-02T01:45:28.456816+00:00,ME20B1e5,01,3,20261002104138,20261001193107,20261001195120,20261002103136,ME
2026-10-02T01:45:28.456816+00:00,ME20B1e6,91,5,20261002104130,20261002014540,20261002022540,,ME
2026-10-02T01:45:28.456816+00:00,ME20B2a3,21,2,20261002104028,20261001160055,20261001161844,,ME
2026-10-02T01:45:28.456816+00:00,ME20B2a3,22,2,20261002104028,20261001153641,20261001155831,,ME
2026-10-02T01:45:28.456816+00:00,ME20B2a4,21,2,20261002104032,20261001043123,20261001051123,,ME
2026-10-02T01:45:28.456816+00:00,ME20B2a4,22,2,20261002104032,20261001202656,20261001210608,,ME
2026-10-02T01:45:28.456816+00:00,ME20B2a5,21,2,20261002104124,20261002093801,20261002094847,,ME
2026-10-02T01:45:28.456816+00:00,ME20B2a5,22,3,20261002104104,20261002095844,20261002103844,20261002104103,ME
2026-10-02T01:45:28.456816+00:00,ME20B2a6,21,2,20261002104243,20261002085825,20261002092516,,ME
2026-10-02T01:45:28.456816+00:00,ME20B2a6,22,2,20261002104243,20261001141103,20261001142840,,ME
2026-10-02T01:45:28.456816+00:00,ME20B2a7,21,2,20261002104245,20261001225430,20261001231850,,ME
2026-10-02T01:45:28.456816+00:00,ME20B2a7,22,2,20261002104245,20261002090820,20261002092033,,ME
2026-10-02T01:45:28.456816+00:00,ME20B2a8,21,2,20261002104139,20261002082500,20261002090500,,ME
2026-10-02T01:45:28.456816+00:00,ME20B2a8,22,2,20261002104139,20261002093045,20261002094630,,ME
2026-10-02T01:45:28.456816+00:00,ME20B2a9,21,2,20261002104317,20261002092214,20261002093044,,ME
2026-10-02T01:45:28.456816+00:00,ME20B2a9,22,2,20261002104317,20261002095714,20261002102844,,ME
2026-10-02T01:45:28.456816+00:00,ME20B2b0,21,2,20261002104208,20260930104830,20260930105554,,ME
2026-10-02T01:45:28.456816+00:00,ME20B2b0,22,3,20261002104251,20261001154016,20261001160216,20261002103744,ME
2026-10-02T01:45:28.456816+00:00,ME20B2b1,21,2,20261002104135,20261001141302,20261001144814,,ME
2026-10-02T01:45:28.456816+00:00,ME20B2b1,22,2,20261002104135,20261001164651,20261001172651,,ME
2026-10-02T01:45:28.456816+00:00,ME20B2b2,21,2,20261002104027,20260916145246,20260916145416,,ME
2026-10-02T01:45:28.456816+00:00,ME20B2b2,22,2,20261002104027,20260925110458,20260925114155,,ME
2026-10-02T01:45:28.456816+00:00,ME20B2b3,21,2,20261002104308,20261001181409,20261001183943,,ME
2026-10-02T01:45:28.456816+00:00,ME20B2b3,22,2,20261002104308,20261001152316,20261001155512,,ME
2026-10-02T01:45:28.456816+00:00,ME20B2b4,01,2,20261002104301,20261002092503,20261002100503,,ME
2026-10-02T01:45:28.456816+00:00,ME20B2b4,02,2,20261002104305,20261001134855,20261001142855,,ME
2026-10-02T01:45:28.456816+00:00,ME20B418,41,2,20261002103928,20260923123537,20260923131537,,ME
2026-10-02T01:45:28.456816+00:00,ME20B418,42,2,20261002103948,20261002085403,20261002092517,,ME
2026-10-02T01:45:28.456816+00:00,ME20B418,43,2,20261002104006,20261001234052,20261001235439,,ME
2026-10-02T01:45:28.456816+00:00,ME20B418,44,2,20261002103943,20261002082352,20261002090352,,ME
2026-10-02T01:45:28.456816+00:00,ME21D092,01,3,20261002104303,20261002100020,20261002100838,20261002101429,ME
2026-10-02T01:45:28.456816+00:00,ME21D095,01,2,20261002104318,20261002100012,20261002104321,,ME
2026-10-02T01:45:28.456816+00:00,ME21D096,01,3,20261002104401,20261002085559,20261002093905,20261002101337,ME
2026-10-02T01:45:28.456816+00:00,ME21D098,01,3,20261002104302,20261002083612,20261002090641,20261002100830,ME
2026-10-02T01:45:28.456816+00:00,ME21D102,01,3,20261002104356,20261001184938,20261001192944,20261002075111,ME
2026-10-02T01:45:28.456816+00:00,ME21D104,01,2,20261002103914,20261002102917,20261002103918,,ME
2026-10-02T01:45:28.456816+00:00,ME21D105,01,3,20261002104338,20261002091844,20261002092513,20261002102320,ME
2026-10-02T01:45:28.456816+00:00,ME21D112,01,3,20261002104208,20261002093607,20261002101611,20261002102149,ME
2026-10-02T01:45:28.456816+00:00,ME21X010,01,2,20261002104230,20260929205347,20260929213713,,ME
2026-10-02T01:45:28.456816+00:00,ME21X014,01,2,20261002104251,20261002054246,20261002062528,,ME
2026-10-02T01:45:28.456816+00:00,ME21X015,01,3,20261002104129,20261002085746,20261002093619,20261002095337,ME
2026-10-02T01:45:28.456816+00:00,ME22C1F9,01,3,20261002104210,20261002090131,20261002093405,20261002103409,ME
2026-10-02T01:45:28.456816+00:00,ME22C1G0,01,3,20261002104358,20261002084728,20261002092841,20261002101736,ME
2026-10-02T01:45:28.456816+00:00,ME22C286,02,2,20261002104051,20261002071608,20261002073716,,ME
2026-10-02T01:45:28.456816+00:00,ME22C305,03,3,20261002104252,20261002092048,20261002100055,20261002100625,ME
2026-10-02T01:45:28.456816+00:00,ME22D155,01,2,20261002103942,20261002085943,20261002093153,,ME
2026-10-02T01:45:28.456816+00:00,ME22D156,01,3,20261002104137,20261002070929,20261002074425,20261002102558,ME
2026-10-02T01:45:28.456816+00:00,ME22D161,01,3,20261002104039,20261002095459,20261002103459,20261002095459,ME
2026-10-02T01:45:28.456816+00:00,ME22D162,01,2,20261002104036,20261002093523,20261002101532,,ME
2026-10-02T01:45:28.456816+00:00,ME22D176,01,2,20261002104122,20261002100229,20261002100419,,ME
2026-10-02T01:45:28.456816+00:00,ME22D1H0,01,2,20261002104200,20261001210319,20261001213958,,ME
2026-10-02T01:45:28.456816+00:00,ME22D219,01,2,20261002104342,20261002093830,20261002101053,,ME
2026-10-02T01:45:28.456816+00:00,ME22D219,02,2,20261002104042,20261001212009,20261001214254,,ME
2026-10-02T01:45:28.456816+00:00,ME22D235,01,2,20261002104238,20261002093119,20261002095108,,ME
2026-10-02T01:45:28.456816+00:00,ME22D235,02,2,20261002104033,20261002082911,20261002090921,,ME
2026-10-02T01:45:28.456816+00:00,ME22D401,01,2,20261002104348,20261002100224,20261002103326,,ME
2026-10-02T01:45:28.456816+00:00,ME22D401,02,3,20261002104355,20261002095620,20261002100808,20261002101349,ME
2026-10-02T01:45:28.456816+00:00,ME22D401,03,2,20261002104344,20261002095005,20261002103005,,ME
2026-10-02T01:45:28.456816+00:00,ME22D401,04,2,20261002104351,20261002091739,20261002094615,,ME
2026-10-02T01:45:28.456816+00:00,ME25C183,01,2,20261002104241,20261001045802,20261001051029,,ME
2026-10-02T01:45:28.456816+00:00,ME25C184,01,2,20261002103943,20261001184826,20261001185810,,ME
2026-10-02T01:45:28.456816+00:00,ME25C282,21,2,20261002104350,20260928171847,20260928173231,,ME
2026-10-02T01:45:28.456816+00:00,ME25C282,22,2,20261002104352,20261001172401,20261001180032,,ME
2026-10-02T01:45:28.456816+00:00,ME25C283,01,3,20261002104015,20261001172229,20261001173846,20261002100430,ME
2026-10-02T01:45:28.456816+00:00,ME25C283,02,2,20261002104154,20261002091803,20261002095805,,ME
2026-10-02T01:45:28.456816+00:00,ME25C284,01,2,20261002104250,20260930133648,20260930141649,,ME
2026-10-02T01:45:28.456816+00:00,ME25C284,02,2,20261002104242,20260930125501,20260930133343,,ME
2026-10-02T01:45:28.456816+00:00,BT100006,01,3,20261002103628,20261002103628,20260929124004,20261002103628,BT
2026-10-02T01:45:28.456816+00:00,BT100008,03,9,20261002103804,20261002095614,20261002103804,,BT
2026-10-02T01:45:28.456816+00:00,CV001630,05,3,20261002103527,20261002103419,20261002103426,20261002103527,CV
2026-10-02T01:45:28.456816+00:00,CV001630,08,3,20261002104030,20261002103847,20261002103851,20261002103847,CV
2026-10-02T01:45:28.456816+00:00,EV016352,03,3,20261002103958,20260930214554,20261001005430,20261002035414,EV
2026-10-02T01:45:28.456816+00:00,EV021520,01,2,20261002103714,20261001151319,20261001155612,,EV
2026-10-02T01:45:28.456816+00:00,GR000022,01,3,20261002103826,20261002062230,20261002091725,20261002103826,GR
2026-10-02T01:45:28.456816+00:00,HE000552,01,3,20261002104400,20261002104400,20261002075001,20261002104400,HE
2026-10-02T01:45:28.456816+00:00,HE230001,01,2,20261002104300,20261002094800,20261002104300,,HE
2026-10-02T01:45:28.456816+00:00,HE240291,01,3,20261002104300,20261002104300,20261002104200,20261002104300,HE
2026-10-02T01:45:28.456816+00:00,HE240475,02,2,20261002104200,20261002094600,20261002104200,,HE
2026-10-02T01:45:28.456816+00:00,HM003000,01,3,20261002104026,20261001191209,20261001193536,20261002103938,HM
2026-10-02T01:45:28.456816+00:00,HM910001,06,2,20261002104230,20261002084938,20261002103956,,HM
2026-10-02T01:45:28.456816+00:00,HRA00075,01,9,20261002104310,20261002011029,20261002011029,,HR
2026-10-02T01:45:28.456816+00:00,HRA00075,02,9,20261002104310,20261002011032,20261002011032,,HR
2026-10-02T01:45:28.456816+00:00,HY001110,02,3,20261002103606,20261002103520,20261002074154,20261002103520,HY
2026-10-02T01:45:28.456816+00:00,HY001110,24,2,20261002104106,20260930124830,20261002104010,,HY
2026-10-02T01:45:28.456816+00:00,HY001389,02,3,20261002104005,20261002103953,20261002062058,20261002103953,HY
2026-10-02T01:45:28.456816+00:00,JA500011,01,2,20261002104217,20261002083513,20261002104217,,JA
2026-10-02T01:45:28.456816+00:00,JD000003,01,2,20261002104500,20261002101400,20261002104300,,JD
2026-10-02T01:45:28.456816+00:00,JD000009,01,3,20261002104300,20261002104300,20261001212700,20261002104300,JD
2026-10-02T01:45:28.456816+00:00,JD000013,04,2,20261002104300,20261002101200,20261002104300,,JD
2026-10-02T01:45:28.456816+00:00,JD000054,01,1,20261002104510,20260820114629,20260820143748,,JD
2026-10-02T01:45:28.456816+00:00,JD000069,04,1,20261002103837,20261001114852,20260929141415,,JD
2026-10-02T01:45:28.456816+00:00,JD000072,03,2,20261002103700,20261001183200,20261002103700,,JD
2026-10-02T01:45:28.456816+00:00,JD000121,03,2,20261002103625,20261002095502,20261002103503,,JD
2026-10-02T01:45:28.456816+00:00,JD100009,02,2,20261002103625,20261002103023,20261002103523,,JD
2026-10-02T01:45:28.456816+00:00,JD100039,01,3,20261002104020,20261002104020,20261002002648,20261002103912,JD
2026-10-02T01:45:28.456816+00:00,JD110001,01,3,20261002103838,20261002103838,20261002084906,20261002103742,JD
2026-10-02T01:45:28.456816+00:00,JD110002,01,2,20261002104020,20261002101934,20261002103646,,JD
2026-10-02T01:45:28.456816+00:00,JD110031,01,3,20261002103838,20261002103838,20261002084826,20261002103715,JD
2026-10-02T01:45:28.456816+00:00,JD110082,01,3,20261002104020,20261002104020,20261001191929,20261002103835,JD
2026-10-02T01:45:28.456816+00:00,JD110099,01,3,20261002103838,20261002103838,20261002103259,20261002103757,JD
2026-10-02T01:45:28.456816+00:00,JD110102,01,1,20261002103838,20260918110024,20260918114024,,JD
2026-10-02T01:45:28.456816+00:00,JD110120,01,2,20261002103926,20261002102036,20261002103423,,JD
2026-10-02T01:45:28.456816+00:00,JD110148,02,2,20261002104020,20261002095422,20261002103422,,JD
2026-10-02T01:45:28.456816+00:00,JE010002,03,2,20261002104230,20261002075339,20261002104221,,JE
2026-10-02T01:45:28.456816+00:00,JE010007,03,2,20261002103828,20261002095820,20261002103646,,JE
2026-10-02T01:45:28.456816+00:00,JE010059,02,3,20261002103828,20261001184401,20261001225408,20261002103736,JE
2026-10-02T01:45:28.456816+00:00,JE010214,02,3,20261002104435,20261001211316,20261002081237,20261002104428,JE
2026-10-02T01:45:28.456816+00:00,JE010223,04,3,20261002103829,20261001165649,20261002064252,20261002103752,JE
2026-10-02T01:45:28.456816+00:00,JE010241,03,2,20261002104036,20261002102526,20261002104005,,JE
2026-10-02T01:45:28.456816+00:00,JE010280,04,2,20261002103635,20261002092438,20261002101314,,JE
2026-10-02T01:45:28.456816+00:00,JE010281,02,2,20261002103635,20261002101539,20261002102334,,JE
2026-10-02T01:45:28.456816+00:00,JE010281,03,3,20261002104230,20261002095544,20261002101138,20261002104047,JE
2026-10-02T01:45:28.456816+00:00,JE010281,06,2,20261002104435,20261002102309,20261002103828,,JE
2026-10-02T01:45:28.456816+00:00,JE010284,01,2,20261002104036,20261002084546,20261002103457,,JE
2026-10-02T01:45:28.456816+00:00,JE010289,01,3,20261002104036,20261002091625,20261002092218,20261002103932,JE
2026-10-02T01:45:28.456816+00:00,JE010289,03,2,20261002104230,20261002100054,20261002102441,,JE
2026-10-02T01:45:28.456816+00:00,JE010289,06,2,20261002103635,20261002095746,20261002103128,,JE
2026-10-02T01:45:28.456816+00:00,JE010293,02,3,20261002103829,20261002081250,20261002085400,20261002103710,JE
2026-10-02T01:45:28.456816+00:00,JE010293,05,2,20261002104231,20261002094518,20261002104152,,JE
2026-10-02T01:45:28.456816+00:00,JE010295,02,2,20261002104036,20261001221643,20261002103853,,JE
2026-10-02T01:45:28.456816+00:00,JE010330,01,2,20261002103635,20261002094212,20261002103512,,JE
2026-10-02T01:45:28.456816+00:00,JE010372,01,3,20261002104231,20260925101803,20260925105315,20261002104119,JE
2026-10-02T01:45:28.456816+00:00,JE020157,08,3,20261002104036,20260929171326,20260929180411,20261002103918,JE
2026-10-02T01:45:28.456816+00:00,JE020157,10,2,20261002104436,20261002091659,20261002104422,,JE
2026-10-02T01:45:28.456816+00:00,JE040106,02,3,20261002103636,20261001124406,20261001132259,20261002103449,JE
2026-10-02T01:45:28.456816+00:00,JE900136,03,3,20261002103830,20261001160555,20261001185654,20261002103819,JE
2026-10-02T01:45:28.456816+00:00,JE900157,01,2,20261002104037,20261001200345,20261001203945,,JE
2026-10-02T01:45:28.456816+00:00,JE900182,02,3,20261002104037,20261001083747,20261001124433,20261002103911,JE
2026-10-02T01:45:28.456816+00:00,JE900191,01,3,20261002104232,20261002094711,20261002095738,20261002104149,JE
2026-10-02T01:45:28.456816+00:00,JE900193,01,2,20261002104232,20261002101718,20261002102726,,JE
2026-10-02T01:45:28.456816+00:00,JE900197,01,3,20261002104232,20261002080127,20261002085104,20261002104214,JE
2026-10-02T01:45:28.456816+00:00,JE900200,01,3,20261002104232,20261001205817,20261001215958,20261002104107,JE
2026-10-02T01:45:28.456816+00:00,JE910047,01,2,20261002104232,20261002100806,20261002104135,,JE
2026-10-02T01:45:28.456816+00:00,JE910053,01,3,20261002104038,20261001173149,20261002023625,20261002103933,JE
2026-10-02T01:45:28.456816+00:00,KP000386,02,2,20261002104023,20261002093133,20261002102951,,KP
2026-10-02T01:45:28.456816+00:00,KP000409,01,2,20261002104020,20261002095817,20261002102701,,KP
2026-10-02T01:45:28.456816+00:00,KP001157,03,3,20261002104005,20261001182847,20261001214501,20261002103413,KP
2026-10-02T01:45:28.456816+00:00,KP002018,01,3,20261002104029,20261001215010,20261001221416,20261002103058,KP
2026-10-02T01:45:28.456816+00:00,KP004695,02,3,20261002104028,20261001121801,20261001213025,20261002103744,KP
2026-10-02T01:45:28.456816+00:00,KP004700,04,2,20261002104024,20261002102636,20261002103826,,KP
2026-10-02T01:45:28.456816+00:00,LI000102,01,3,20261002104214,20261002104214,20261002104213,20261002104214,LI
2026-10-02T01:45:28.456816+00:00,NT100505,09,2,20261002104250,20261002084650,20261002104250,,NT
2026-10-02T01:45:28.456816+00:00,PC001633,01,2,20261002103835,20261001223519,20261001224205,,PC
2026-10-02T01:45:28.456816+00:00,PC001636,05,2,20261002104459,20261002095200,20261002104419,,PC
2026-10-02T01:45:28.456816+00:00,PI201686,03,3,20261002104336,20261002103913,20260922223049,20261002104336,PI
2026-10-02T01:45:28.456816+00:00,PI640337,06,2,20261002104148,20261002081302,20261002103747,,PI
2026-10-02T01:45:28.456816+00:00,PI766548,03,3,20261002104106,20261002103926,20261001200220,20261002104106,PI
2026-10-02T01:45:28.456816+00:00,PK000305,03,3,20261002104211,20261001224812,20261002004011,20261002103145,PK
2026-10-02T01:45:28.456816+00:00,PK000305,04,3,20261002104211,20261001152320,20261001155445,20261002103220,PK
2026-10-02T01:45:28.456816+00:00,PK000306,03,3,20261002104211,20261002092452,20261002095646,20261002103842,PK
2026-10-02T01:45:28.456816+00:00,PK000349,04,3,20261002104056,20261002104056,20261002100040,20261002104056,PK
2026-10-02T01:45:28.456816+00:00,PL000791,01,3,20261002103546,20261002103546,20261002102315,20261002103546,PL
2026-10-02T01:45:28.456816+00:00,PL027090,10,2,20261002104110,20261002091410,20261002104110,,PL
2026-10-02T01:45:28.456816+00:00,PL027210,10,2,20261002104140,20261002090913,20261002104140,,PL
2026-10-02T01:45:28.456816+00:00,PW014170,02,2,20261002104150,20261002072432,20261002102500,,PW
2026-10-02T01:45:28.456816+00:00,RE000357,34,2,20261002103603,20261002085653,20261002103231,,RE
2026-10-02T01:45:28.456816+00:00,SOA33001,01,1,20261002104326,20261002065725,20261002065925,,SO
2026-10-02T01:45:28.456816+00:00,ST501101,31,2,20261002103814,20261001173131,20261002025142,,ST
2026-10-02T01:45:28.456816+00:00,ST501102,21,3,20261002104218,20261001152115,20261001193418,20261002104218,ST
2026-10-02T01:45:28.456816+00:00,ST501161,02,2,20261002103751,20260930192948,20260930215210,,ST
2026-10-02T01:45:28.456816+00:00,ST600312,01,3,20261002103756,20261002003144,20261002010708,20261002103756,ST
2026-10-02T01:45:28.456816+00:00,ST600611,03,3,20261002104209,20260930134058,20261002071424,20261002104209,ST
2026-10-02T01:45:28.456816+00:00,ST601107,01,3,20261002103617,20261002103617,20261002094412,20261002092339,ST
2026-10-02T01:45:28.456816+00:00,TDO00118,02,2,20261002104501,20261001220606,20261002103842,,TD
2026-10-02T01:45:28.456816+00:00,ME174046,01,2,20261002104229,20261002060817,20261002064852,,ME
2026-10-02T01:45:28.456816+00:00,ME174050,01,2,20261002104337,20261001170730,20261001170951,,ME
2026-10-02T01:45:28.456816+00:00,ME174050,02,2,20261002104407,20261001174226,20261001182853,,ME
2026-10-02T01:45:28.456816+00:00,ME174050,03,3,20261002104110,20261002062825,20261002063945,20261002103024,ME
2026-10-02T01:45:28.456816+00:00,ME174050,04,2,20261002104348,20260930105634,20260930112000,,ME
2026-10-02T01:45:28.456816+00:00,ME174050,05,2,20261002104357,20260926150242,20260926154603,,ME
2026-10-02T01:45:28.456816+00:00,ME174061,01,2,20261002104145,20261001113723,20261001121938,,ME
2026-10-02T01:45:28.456816+00:00,ME174062,01,2,20261002104353,20261001151914,20261001153740,,ME
2026-10-02T01:45:28.456816+00:00,ME183101,01,2,20261002104120,20260930075227,20260930082713,,ME
2026-10-02T01:45:28.456816+00:00,ME183101,02,2,20261002104255,20261001092917,20261001101252,,ME
2026-10-02T01:45:28.456816+00:00,ME183101,03,2,20261002104109,20260929154106,20260929162412,,ME
2026-10-02T01:45:28.456816+00:00,ME183101,04,2,20261002104038,20260930142932,20260930150721,,ME
2026-10-02T01:45:28.456816+00:00,ME183101,52,2,20261002104256,20260927125611,20260927133914,,ME
2026-10-02T01:45:28.456816+00:00,ME183101,54,2,20261002104030,20260927151630,20260927155059,,ME
2026-10-02T01:45:28.456816+00:00,ME183102,02,3,20261002104307,20261002083359,20261002091704,20261002102556,ME
2026-10-02T01:45:28.456816+00:00,ME183102,52,2,20261002104312,20261002054830,20261002083559,,ME
2026-10-02T01:45:28.456816+00:00,ME184122,01,2,20261002104037,20261001164001,20261001172322,,ME
2026-10-02T01:45:28.456816+00:00,ME184124,01,2,20261002104407,20261002083739,20261002085925,,ME
2026-10-02T01:45:28.456816+00:00,ME184125,01,2,20261002104234,20261001133809,20261001141849,,ME
2026-10-02T01:45:28.456816+00:00,ME184126,02,3,20261002104221,20261002074103,20261002082143,20261002101103,ME
2026-10-02T01:45:28.456816+00:00,ME18A173,01,2,20261002104115,20261002091337,20261002094728,,ME
2026-10-02T01:45:28.456816+00:00,ME18A174,01,2,20261002104025,20261002093628,20261002095404,,ME
2026-10-02T01:45:28.456816+00:00,ME18A175,01,2,20261002104108,20261002084328,20261002092332,,ME
2026-10-02T01:45:28.456816+00:00,ME18A268,11,2,20261002104336,20261002074235,20261002080246,,ME
2026-10-02T01:45:28.456816+00:00,ME18A268,12,2,20261002104344,20261002092511,20261002100619,,ME
2026-10-02T01:45:28.456816+00:00,ME18A269,11,2,20261002104017,20261001151245,20261001154341,,ME
2026-10-02T01:45:28.456816+00:00,ME18A269,12,2,20261002104011,20261001152631,20261001160516,,ME
2026-10-02T01:45:28.456816+00:00,ME18A270,11,2,20261002104032,20261002081142,20261002083239,,ME
2026-10-02T01:45:28.456816+00:00,ME18A270,12,2,20261002104023,20261002092648,20261002094617,,ME
2026-10-02T01:45:28.456816+00:00,ME18A271,01,2,20261002103939,20260929162754,20260929170453,,ME
2026-10-02T01:45:28.456816+00:00,ME18A271,02,2,20261002104124,20261001163502,20261001170516,,ME
2026-10-02T01:45:28.456816+00:00,ME18A272,11,2,20261002104207,20261002060240,20261002064542,,ME
2026-10-02T01:45:28.456816+00:00,ME18A272,12,2,20261002104205,20261001160557,20261001164900,,ME
2026-10-02T01:45:28.456816+00:00,ME18A273,11,2,20261002104332,20261002081613,20261002082840,,ME
2026-10-02T01:45:28.456816+00:00,ME18A273,12,2,20261002104339,20261001174913,20261001181458,,ME
2026-10-02T01:45:28.456816+00:00,ME18A274,11,2,20261002104026,20261001134951,20261001143233,,ME
2026-10-02T01:45:28.456816+00:00,ME18A274,12,3,20261002104036,20261001192806,20261001201112,20261002101031,ME
2026-10-02T01:45:28.456816+00:00,ME18A275,11,2,20261002104058,20261001182313,20261001190620,,ME
2026-10-02T01:45:28.456816+00:00,ME18A275,12,2,20261002104103,20261001230620,20261001233413,,ME
2026-10-02T01:45:28.456816+00:00,ME18A281,11,2,20261002104400,20260930150635,20260930151317,,ME
2026-10-02T01:45:28.456816+00:00,ME18A281,12,2,20261002104404,20261002080828,20261002085133,,ME
2026-10-02T01:45:28.456816+00:00,ME18A306,01,2,20261002104129,20260930080057,20260930083747,,ME
2026-10-02T01:45:28.456816+00:00,ME18A306,11,2,20261002104039,20260930143956,20260930144224,,ME
2026-10-02T01:45:28.456816+00:00,ME18A306,12,2,20261002104034,20260928095330,20260928095457,,ME
2026-10-02T01:45:28.456816+00:00,ME19B169,01,2,20261002104322,20261001120400,20261001124405,,ME
2026-10-02T01:45:28.456816+00:00,ME19B170,01,2,20261002103925,20261001192032,20261001195626,,ME
2026-10-02T01:45:28.456816+00:00,ME19B171,01,2,20261002104237,20260930214046,20260930221733,,ME
2026-10-02T01:45:28.456816+00:00,ME19B172,01,2,20261002104109,20261001202832,20261001210832,,ME
2026-10-02T01:45:28.456816+00:00,ME19B173,01,2,20261002104148,20261001163019,20261001171019,,ME
2026-10-02T01:45:28.456816+00:00,ME20B1e1,01,2,20261002103921,20260923131203,20260923131340,,ME
2026-10-02T01:45:28.456816+00:00,ME20B1e2,01,2,20261002104300,20261001190450,20261001193613,,ME
2026-10-02T01:45:28.456816+00:00,ME20B1e3,01,2,20261002104108,20260926130825,20260926133530,,ME
2026-10-02T01:45:28.456816+00:00,ME20B2a0,91,2,20261002104320,20260929171522,20260929173732,,ME
2026-10-02T01:45:28.456816+00:00,ME20B2a0,92,2,20261002103947,20260929181304,20260929182818,,ME
2026-10-02T01:45:28.456816+00:00,ME20B2a1,21,2,20261002103951,20260930153947,20260930161947,,ME
2026-10-02T01:45:28.456816+00:00,ME20B2a1,22,2,20261002103951,20260923104352,20260923104521,,ME
2026-10-02T01:45:28.456816+00:00,ME20B2a2,21,2,20261002104303,20261001165128,20261001165303,,ME
2026-10-02T01:45:28.456816+00:00,ME20B2a2,22,2,20261002104303,20261002070459,20261002072043,,ME
2026-10-02T01:45:28.456816+00:00,ME20B416,21,2,20261002104405,20261002093311,20261002094122,,ME
2026-10-02T01:45:28.456816+00:00,ME20B416,22,2,20261002104406,20261001084258,20261001090300,,ME
2026-10-02T01:45:28.456816+00:00,ME20B416,23,2,20261002104207,20261001153213,20261001154816,,ME
2026-10-02T01:45:28.456816+00:00,ME20B416,24,2,20261002104207,20261002093241,20261002095548,,ME
2026-10-02T01:45:28.456816+00:00,ME20B417,41,2,20261002104322,20261001133924,20261001141346,,ME
2026-10-02T01:45:28.456816+00:00,ME20B417,42,2,20261002104311,20260929145223,20260929150552,,ME
2026-10-02T01:45:28.456816+00:00,ME20B417,43,2,20261002104310,20261001074823,20261001081546,,ME
2026-10-02T01:45:28.456816+00:00,ME20B417,44,2,20261002104257,20261001141617,20261001144515,,ME
2026-10-02T01:45:28.456816+00:00,ME21B250,02,3,20261002104316,20261001225711,20261001232000,20261002103055,ME
2026-10-02T01:45:28.456816+00:00,ME21B251,02,3,20261002104333,20261002001653,20261002003520,20261002104130,ME
2026-10-02T01:45:28.456816+00:00,ME21B410,04,2,20261002104332,20261002011637,20261002014125,,ME
2026-10-02T01:45:28.456816+00:00,ME21D057,01,3,20261002104400,20261001181643,20261001185950,20261002102949,ME
2026-10-02T01:45:28.456816+00:00,ME21D060,01,2,20261002103922,20261002100426,20261002100603,,ME
2026-10-02T01:45:28.456816+00:00,ME21D062,01,3,20261002104315,20261002041603,20261002045730,20261002103702,ME
2026-10-02T01:45:28.456816+00:00,ME21D064,01,2,20261002103959,20261002094835,20261002103144,,ME
2026-10-02T01:45:28.456816+00:00,ME21D066,01,2,20261002104406,20261002080950,20261002104403,,ME
2026-10-02T01:45:28.456816+00:00,ME21D071,01,2,20261002104317,20261002103640,20261002103823,,ME
2026-10-02T01:45:28.456816+00:00,ME21D074,01,3,20261002104251,20261002090611,20261002094614,20261002101229,ME
2026-10-02T01:45:28.456816+00:00,ME21D077,01,3,20261002104333,20261001193159,20261001194512,20261002102109,ME
2026-10-02T01:45:28.456816+00:00,ME21X008,01,2,20261002104250,20260929175738,20260929181032,,ME
2026-10-02T01:45:28.456816+00:00,ME22A611,32,2,20261002103915,20261002102250,20261002103921,,ME
2026-10-02T01:45:28.456816+00:00,ME22B336,81,2,20261002104225,20261002101229,20261002104226,,ME
2026-10-02T01:45:28.456816+00:00,ME22C1F7,01,3,20261002104406,20260930164305,20260930171433,20261002103203,ME
2026-10-02T01:45:28.456816+00:00,ME22C285,02,3,20261002104225,20261002081100,20261002082112,20261002101402,ME
2026-10-02T01:45:28.456816+00:00,ME22D1H1,01,3,20261002104242,20261001103812,20261001111812,20261002102726,ME
2026-10-02T01:45:28.456816+00:00,ME25C181,01,2,20261002104009,20260930205223,20260930211741,,ME
2026-10-02T01:45:28.456816+00:00,ME25C182,01,4,20261002104201,20261002082752,20261002090756,,ME
2026-10-02T01:45:28.456816+00:00,ME25C281,21,2,20261002104306,20261001173545,20261001174757,,ME
2026-10-02T01:45:28.456816+00:00,ME25C281,22,2,20261002104309,20261002092206,20261002100208,,ME
2026-10-02T01:45:28.456816+00:00,ME25C318,01,2,20261002104323,20260929192647,20260929193755,,ME
2026-10-02T01:45:28.456816+00:00,ME25C318,21,4,20261002104409,20260926115518,20260926122747,,ME
2026-10-02T01:45:28.456816+00:00,ME25C318,22,2,20261002104316,20260919182628,20260919184105,,ME
2026-10-02T01:45:28.456816+00:00,ME25C431,01,2,20261002104009,20260914133046,20260914133228,,ME
2026-10-02T01:45:28.456816+00:00,ME25C431,02,2,20261002104348,20260929180949,20260929184722,,ME
2026-10-02T01:45:28.456816+00:00,ME25C431,03,2,20261002104023,20261001230801,20261001232738,,ME
2026-10-02T01:45:28.456816+00:00,ME25C431,04,2,20261002103930,20261002095914,20261002103915,,ME
2026-10-02T01:45:28.456816+00:00,CV000304,02,2,20261002104017,20261002100817,20261002104002,,CV
2026-10-02T01:45:28.456816+00:00,CV002589,03,3,20261002103536,20261002103054,20261002103049,20261002103054,CV
2026-10-02T01:45:28.456816+00:00,CV004004,06,2,20261002104050,20261002093118,20261002103544,,CV
2026-10-02T01:45:28.456816+00:00,EV014053,04,3,20261002104201,20261001212919,20261002034830,20261002104114,EV
2026-10-02T01:45:28.456816+00:00,EV015655,03,3,20261002103557,20261002081720,20261002083458,20261002103444,EV
2026-10-02T01:45:28.456816+00:00,EV017417,02,2,20261002103714,20261001231906,20261002041141,,EV
2026-10-02T01:45:28.456816+00:00,HM900001,16,3,20261002104230,20260928150906,20260928202310,20261002104230,HM
2026-10-02T01:45:28.456816+00:00,HRA00068,01,9,20261002104310,20261002011208,20261002011208,,HR
2026-10-02T01:45:28.456816+00:00,HRA00068,02,9,20261002104310,20261002011210,20261002011210,,HR
2026-10-02T01:45:28.456816+00:00,HY000016,05,3,20261002104102,20261002104016,20261001154206,20261002104016,HY
2026-10-02T01:45:28.456816+00:00,JA500002,01,2,20261002104004,20261002103503,20261002104004,,JA
2026-10-02T01:45:28.456816+00:00,JA500018,02,3,20261002104222,20261002104222,20260930205618,20261002104222,JA
2026-10-02T01:45:28.456816+00:00,JD000078,02,3,20261002103625,20261002103625,20261001042911,20261002102819,JD
2026-10-02T01:45:28.456816+00:00,JD000094,01,2,20261002103800,20260918125700,20261002103800,,JD
2026-10-02T01:45:28.456816+00:00,JD100030,01,2,20261002104020,20261002103227,20261002103900,,JD
2026-10-02T01:45:28.456816+00:00,JD160091,01,2,20261002104312,20261002100219,20261002104219,,JD
2026-10-02T01:45:28.456816+00:00,JD160091,03,2,20261002103926,20261002085230,20261002103620,,JD
2026-10-02T01:45:28.456816+00:00,JE020028,01,2,20261002104036,20261002101524,20261002104009,,JE
2026-10-02T01:45:28.456816+00:00,JE020038,01,2,20261002104436,20261002082239,20261002104154,,JE
2026-10-02T01:45:28.456816+00:00,JE040123,13,2,20261002104436,20261002091309,20261002104334,,JE
2026-10-02T01:45:28.456816+00:00,JE040158,03,2,20261002103829,20261002100142,20261002103809,,JE
2026-10-02T01:45:28.456816+00:00,JE043005,08,2,20261002104436,20261002091307,20261002104329,,JE
2026-10-02T01:45:28.456816+00:00,JE900160,04,2,20261002104438,20261002080433,20261002104326,,JE
2026-10-02T01:45:28.456816+00:00,JE900178,01,2,20261002104037,20261002072100,20261002103905,,JE
2026-10-02T01:45:28.456816+00:00,JE900189,01,2,20261002103637,20261002094636,20261002103548,,JE
2026-10-02T01:45:28.456816+00:00,JE900213,01,3,20261002104438,20261002084445,20261002092601,20261002104245,JE
2026-10-02T01:45:28.456816+00:00,JE900216,01,3,20261002104232,20261002070133,20261002081721,20261002070133,JE
2026-10-02T01:45:28.456816+00:00,JE900253,01,3,20261002103830,20261001192558,20261001231205,20261002103709,JE
2026-10-02T01:45:28.456816+00:00,JE910044,02,3,20261002104232,20261001165611,20261001212624,20261002104208,JE
2026-10-02T01:45:28.456816+00:00,JE910113,01,2,20261002103637,20261002101225,20261002103431,,JE
2026-10-02T01:45:28.456816+00:00,JE910118,01,3,20261002104038,20261001205339,20261002000825,20261002103935,JE
2026-10-02T01:45:28.456816+00:00,KL002054,08,2,20261002104401,20261002083901,20261002103914,,KL
2026-10-02T01:45:28.456816+00:00,KP000133,07,3,20261002104020,20261002082117,20261002085936,20261002103712,KP
2026-10-02T01:45:28.456816+00:00,KP004755,02,3,20261002104016,20261001184612,20261001192813,20261002103200,KP
2026-10-02T01:45:28.456816+00:00,KP008134,01,3,20261002104005,20261002062722,20261002072223,20261002103330,KP
2026-10-02T01:45:28.456816+00:00,MO501311,01,2,20261002103810,20261002103741,20261002103810,,MO
2026-10-02T01:45:28.456816+00:00,PC000935,01,2,20261002104425,20261001205551,20261002104420,,PC
2026-10-02T01:45:28.456816+00:00,PC001640,01,3,20261002104218,20261001101043,20261001134137,20261002104218,PC
2026-10-02T01:45:28.456816+00:00,PI640358,02,3,20261002104148,20261002103917,20260930175743,20261002104148,PI
2026-10-02T01:45:28.456816+00:00,PIH01877,01,3,20261002103733,20261002103259,20260922153754,20261002103733,PI
2026-10-02T01:45:28.456816+00:00,PIS00777,01,3,20261002103908,20261002091501,20261001112722,20261002103908,PI
2026-10-02T01:45:28.456816+00:00,PL031292,05,3,20261002104448,20261002104448,20261001171406,20261002104448,PL
2026-10-02T01:45:28.456816+00:00,RE000243,04,3,20261002104202,20261002104202,20261002104001,20261002104001,RE
2026-10-02T02:00:44.426463+00:00,ME174067,01,2,20261002105859,20261002082430,20261002090050,,ME
2026-10-02T02:00:44.426463+00:00,ME181538,01,2,20261002105740,20261001112620,20261001112816,,ME
2026-10-02T02:00:44.426463+00:00,ME181539,01,2,20261002105418,20261001180700,20261001182455,,ME
2026-10-02T02:00:44.426463+00:00,ME181541,01,2,20261002105800,20261001104110,20261001112114,,ME
2026-10-02T02:00:44.426463+00:00,ME184129,01,2,20261002105413,20260930110036,20260930111706,,ME
2026-10-02T02:00:44.426463+00:00,ME184130,01,2,20261002105420,20261001112141,20261001114148,,ME
2026-10-02T02:00:44.426463+00:00,ME184131,01,2,20261002105514,20261002081320,20261002085446,,ME
2026-10-02T02:00:44.426463+00:00,ME18A176,01,2,20261002105743,20261001183148,20261001185313,,ME
2026-10-02T02:00:44.426463+00:00,ME18A177,01,2,20261002105611,20261001084358,20261001092704,,ME
2026-10-02T02:00:44.426463+00:00,ME18A178,01,2,20261002105744,20261002093259,20261002101635,,ME
2026-10-02T02:00:44.426463+00:00,ME18A276,11,2,20261002105624,20260927190040,20260927190352,,ME
2026-10-02T02:00:44.426463+00:00,ME18A276,12,2,20261002105610,20260925101706,20260925104659,,ME
2026-10-02T02:00:44.426463+00:00,ME18A277,11,2,20261002105839,20261002093829,20261002095533,,ME
2026-10-02T02:00:44.426463+00:00,ME18A277,12,2,20261002105827,20261002094310,20261002101310,,ME
2026-10-02T02:00:44.426463+00:00,ME18A278,01,2,20261002105735,20261001214739,20261001222023,,ME
2026-10-02T02:00:44.426463+00:00,ME18A278,02,2,20261002105641,20261002083646,20261002084851,,ME
2026-10-02T02:00:44.426463+00:00,ME18A279,11,2,20261002105611,20261002071100,20261002072537,,ME
2026-10-02T02:00:44.426463+00:00,ME18A279,12,2,20261002105602,20261002082611,20261002090304,,ME
2026-10-02T02:00:44.426463+00:00,ME18A280,11,2,20261002105632,20261002092516,20261002093224,,ME
2026-10-02T02:00:44.426463+00:00,ME18A280,12,2,20261002105627,20261001210413,20261001212123,,ME
2026-10-02T02:00:44.426463+00:00,ME18A282,11,2,20261002105809,20261002064358,20261002072512,,ME
2026-10-02T02:00:44.426463+00:00,ME18A282,12,3,20261002105818,20261002091003,20261002094235,20261002102938,ME
2026-10-02T02:00:44.426463+00:00,ME18A283,11,2,20261002105441,20261002070412,20261002074636,,ME
2026-10-02T02:00:44.426463+00:00,ME18A283,12,2,20261002105445,20260930154445,20260930155807,,ME
2026-10-02T02:00:44.426463+00:00,ME18A307,01,2,20261002105555,20260927173056,20260927174551,,ME
2026-10-02T02:00:44.426463+00:00,ME18A308,01,2,20261002105438,20261001170747,20261001171122,,ME
2026-10-02T02:00:44.426463+00:00,ME18A308,11,2,20261002105903,20261001170716,20261001171059,,ME
2026-10-02T02:00:44.426463+00:00,ME18A308,12,2,20261002105901,20261001171142,20261001171536,,ME
2026-10-02T02:00:44.426463+00:00,ME18A309,01,2,20261002105707,20261002085617,20261002093643,,ME
2026-10-02T02:00:44.426463+00:00,ME18A309,11,2,20261002105855,20261002102803,20261002104141,,ME
2026-10-02T02:00:44.426463+00:00,ME18A309,12,2,20261002105900,20261002075440,20261002083616,,ME
2026-10-02T02:00:44.426463+00:00,ME19B174,11,2,20261002105739,20261002093626,20261002101753,,ME
2026-10-02T02:00:44.426463+00:00,ME19B174,12,2,20261002105741,20261002103954,20261002105341,,ME
2026-10-02T02:00:44.426463+00:00,ME19B244,21,3,20261002105533,20261002095727,20261002103736,20261002104351,ME
2026-10-02T02:00:44.426463+00:00,ME19D126,01,2,20261002105721,20261002075439,20261002083005,,ME
2026-10-02T02:00:44.426463+00:00,ME19D127,01,3,20261002105905,20261001123630,20261001123800,20261002102355,ME
2026-10-02T02:00:44.426463+00:00,ME19D128,01,2,20261002105627,20260927183731,20260927185259,,ME
2026-10-02T02:00:44.426463+00:00,ME19Y240,21,3,20261002105641,20261002091625,20261002095625,20261002102634,ME
2026-10-02T02:00:44.426463+00:00,ME19Y240,22,2,20261002105655,20261002101611,20261002105611,,ME
2026-10-02T02:00:44.426463+00:00,ME19Y269,01,2,20261002105514,20261001175314,20261001180128,,ME
2026-10-02T02:00:44.426463+00:00,ME19Y269,02,2,20261002105840,20261002074319,20261002082324,,ME
2026-10-02T02:00:44.426463+00:00,ME19Y270,01,2,20261002105843,20261002073556,20261002080343,,ME
2026-10-02T02:00:44.426463+00:00,ME19Y270,02,2,20261002105613,20261002101331,20261002102611,,ME
2026-10-02T02:00:44.426463+00:00,ME19Y271,01,2,20261002105638,20261002075728,20261002081838,,ME
2026-10-02T02:00:44.426463+00:00,ME19Y271,02,3,20261002105623,20261002074502,20261002081841,20261002104559,ME
2026-10-02T02:00:44.426463+00:00,ME20B1e4,01,2,20261002105505,20261001121317,20261001125317,,ME
2026-10-02T02:00:44.426463+00:00,ME20B1e5,01,3,20261002105641,20261001193107,20261001195120,20261002103136,ME
2026-10-02T02:00:44.426463+00:00,ME20B1e6,91,5,20261002105630,20261002014540,20261002022540,,ME
2026-10-02T02:00:44.426463+00:00,ME20B2a3,21,2,20261002105713,20261001160055,20261001161844,,ME
2026-10-02T02:00:44.426463+00:00,ME20B2a3,22,2,20261002105730,20261001153641,20261001155831,,ME
2026-10-02T02:00:44.426463+00:00,ME20B2a4,21,2,20261002105532,20261001043123,20261001051123,,ME
2026-10-02T02:00:44.426463+00:00,ME20B2a4,22,3,20261002105809,20261001202656,20261001210608,20261002104806,ME
2026-10-02T02:00:44.426463+00:00,ME20B2a5,21,2,20261002105624,20261002093801,20261002094847,,ME
2026-10-02T02:00:44.426463+00:00,ME20B2a5,22,2,20261002105626,20261002104103,20261002105623,,ME
2026-10-02T02:00:44.426463+00:00,ME20B2a6,21,2,20261002105743,20261002085825,20261002092516,,ME
2026-10-02T02:00:44.426463+00:00,ME20B2a6,22,2,20261002105743,20261001141103,20261001142840,,ME
2026-10-02T02:00:44.426463+00:00,ME20B2a7,21,2,20261002105745,20261001225430,20261001231850,,ME
2026-10-02T02:00:44.426463+00:00,ME20B2a7,22,2,20261002105745,20261002090820,20261002092033,,ME
2026-10-02T02:00:44.426463+00:00,ME20B2a8,21,2,20261002105639,20261002082500,20261002090500,,ME
2026-10-02T02:00:44.426463+00:00,ME20B2a8,22,2,20261002105639,20261002093045,20261002094630,,ME
2026-10-02T02:00:44.426463+00:00,ME20B2a9,21,2,20261002105817,20261002092214,20261002093044,,ME
2026-10-02T02:00:44.426463+00:00,ME20B2a9,22,2,20261002105817,20261002095714,20261002102844,,ME
2026-10-02T02:00:44.426463+00:00,ME20B2b0,21,2,20261002105708,20260930104830,20260930105554,,ME
2026-10-02T02:00:44.426463+00:00,ME20B2b0,22,3,20261002105754,20261001154016,20261001160216,20261002103744,ME
2026-10-02T02:00:44.426463+00:00,ME20B2b1,21,2,20261002105635,20261001141302,20261001144814,,ME
2026-10-02T02:00:44.426463+00:00,ME20B2b1,22,2,20261002105635,20261001164651,20261001172651,,ME
2026-10-02T02:00:44.426463+00:00,ME20B2b2,21,2,20261002105527,20260916145246,20260916145416,,ME
2026-10-02T02:00:44.426463+00:00,ME20B2b2,22,2,20261002105527,20260925110458,20260925114155,,ME
2026-10-02T02:00:44.426463+00:00,ME20B2b3,21,2,20261002105808,20261001181409,20261001183943,,ME
2026-10-02T02:00:44.426463+00:00,ME20B2b3,22,2,20261002105808,20261001152316,20261001155512,,ME
2026-10-02T02:00:44.426463+00:00,ME20B2b4,01,2,20261002105801,20261002092503,20261002100503,,ME
2026-10-02T02:00:44.426463+00:00,ME20B2b4,02,2,20261002105805,20261001134855,20261001142855,,ME
2026-10-02T02:00:44.426463+00:00,ME20B418,41,3,20261002105639,20260923123537,20260923131537,20261002104636,ME
2026-10-02T02:00:44.426463+00:00,ME20B418,42,2,20261002105448,20261002085403,20261002092517,,ME
2026-10-02T02:00:44.426463+00:00,ME20B418,43,2,20261002105506,20261001234052,20261001235439,,ME
2026-10-02T02:00:44.426463+00:00,ME20B418,44,2,20261002105443,20261002082352,20261002090352,,ME
2026-10-02T02:00:44.426463+00:00,ME21B256,01,2,20261002105324,20261002085737,20261002090023,,ME
2026-10-02T02:00:44.426463+00:00,ME21B317,02,2,20261002105136,20261002052502,20261002060202,,ME
2026-10-02T02:00:44.426463+00:00,ME21D092,01,2,20261002105626,20261002101429,20261002105621,,ME
2026-10-02T02:00:44.426463+00:00,ME21D096,01,2,20261002105637,20261002101337,20261002105643,,ME
2026-10-02T02:00:44.426463+00:00,ME21D102,01,3,20261002105810,20261001184938,20261001192944,20261002075111,ME
2026-10-02T02:00:44.426463+00:00,ME21D105,01,2,20261002105813,20261002091844,20261002092513,,ME
2026-10-02T02:00:44.426463+00:00,ME21D109,01,3,20261002105826,20261002082826,20261002090832,20261002105023,ME
2026-10-02T02:00:44.426463+00:00,ME21D112,01,3,20261002105824,20261002093607,20261002101611,20261002102149,ME
2026-10-02T02:00:44.426463+00:00,ME21X010,01,2,20261002105734,20260929205347,20260929213713,,ME
2026-10-02T02:00:44.426463+00:00,ME21X014,01,2,20261002105751,20261002054246,20261002062528,,ME
2026-10-02T02:00:44.426463+00:00,ME21X015,01,3,20261002105632,20261002085746,20261002093619,20261002095337,ME
2026-10-02T02:00:44.426463+00:00,ME22C1F9,01,3,20261002105825,20261002090131,20261002093405,20261002103409,ME
2026-10-02T02:00:44.426463+00:00,ME22D155,01,2,20261002105442,20261002085943,20261002093153,,ME
2026-10-02T02:00:44.426463+00:00,ME22D156,01,3,20261002105640,20261002070929,20261002074425,20261002102558,ME
2026-10-02T02:00:44.426463+00:00,ME22D161,01,2,20261002105538,20261002095459,20261002103459,,ME
2026-10-02T02:00:44.426463+00:00,ME22D162,01,2,20261002105538,20261002093523,20261002101532,,ME
2026-10-02T02:00:44.426463+00:00,ME22D176,01,2,20261002105622,20261002100229,20261002100419,,ME
2026-10-02T02:00:44.426463+00:00,ME22D1H0,01,2,20261002105700,20261001210319,20261001213958,,ME
2026-10-02T02:00:44.426463+00:00,ME22D219,01,2,20261002105842,20261002093830,20261002101053,,ME
2026-10-02T02:00:44.426463+00:00,ME22D219,02,2,20261002105542,20261001212009,20261001214254,,ME
2026-10-02T02:00:44.426463+00:00,ME22D235,01,2,20261002105738,20261002093119,20261002095108,,ME
2026-10-02T02:00:44.426463+00:00,ME22D235,02,2,20261002105533,20261002082911,20261002090921,,ME
2026-10-02T02:00:44.426463+00:00,ME22D401,01,2,20261002105848,20261002100224,20261002103326,,ME
2026-10-02T02:00:44.426463+00:00,ME22D401,02,2,20261002105837,20261002101349,20261002104528,,ME
2026-10-02T02:00:44.426463+00:00,ME22D401,03,3,20261002105858,20261002095005,20261002103005,20261002105845,ME
2026-10-02T02:00:44.426463+00:00,ME22D401,04,3,20261002105453,20261002091739,20261002094615,20261002104443,ME
2026-10-02T02:00:44.426463+00:00,ME25C183,01,2,20261002105742,20261001045802,20261001051029,,ME
2026-10-02T02:00:44.426463+00:00,ME25C184,01,2,20261002105446,20261001184826,20261001185810,,ME
2026-10-02T02:00:44.426463+00:00,ME25C282,21,2,20261002105848,20260928171847,20260928173231,,ME
2026-10-02T02:00:44.426463+00:00,ME25C282,22,2,20261002105851,20261001172401,20261001180032,,ME
2026-10-02T02:00:44.426463+00:00,ME25C283,01,2,20261002105516,20261002100430,20261002104432,,ME
2026-10-02T02:00:44.426463+00:00,ME25C283,02,2,20261002105654,20261002091803,20261002095805,,ME
2026-10-02T02:00:44.426463+00:00,ME25C284,01,2,20261002105747,20260930133648,20260930141649,,ME
2026-10-02T02:00:44.426463+00:00,ME25C284,02,2,20261002105744,20260930125501,20260930133343,,ME
2026-10-02T02:00:44.426463+00:00,AH000068,04,3,20261002105832,20261002105832,20260929145305,20261002105832,AH
2026-10-02T02:00:44.426463+00:00,BE241046,02,3,20261002105917,20261002105917,20261002093400,20261002105917,BE
2026-10-02T02:00:44.426463+00:00,BE241056,01,3,20261002105702,20261002105702,20261002045917,20261002105702,BE
2026-10-02T02:00:44.426463+00:00,BE241057,02,2,20261002105102,20261002101325,20261002105102,,BE
2026-10-02T02:00:44.426463+00:00,BT100008,03,2,20261002105754,20261002095614,20261002103804,,BT
2026-10-02T02:00:44.426463+00:00,CV000969,02,3,20261002105522,20261002105402,20261002105400,20261002105522,CV
2026-10-02T02:00:44.426463+00:00,EABYDJJ0,03,2,20261002110000,20261002090000,20261002110000,,EA
2026-10-02T02:00:44.426463+00:00,GR000010,03,3,20261002105238,20261001184247,20261002014127,20261002105238,GR
2026-10-02T02:00:44.426463+00:00,GR000044,06,3,20261002105544,20261001182305,20261001215832,20261002105544,GR
2026-10-02T02:00:44.426463+00:00,GR000050,03,2,20261002105136,20261002101256,20261002105133,,GR
2026-10-02T02:00:44.426463+00:00,HE000019,02,3,20261002105600,20261002105600,20261002095000,20261002105600,HE
2026-10-02T02:00:44.426463+00:00,HE230094,02,3,20261002110000,20261002110000,20261002093711,20261002110000,HE
2026-10-02T02:00:44.426463+00:00,HM003000,33,3,20261002105821,20260920153528,20260920163033,20261002105617,HM
2026-10-02T02:00:44.426463+00:00,JA500004,06,2,20261002105602,20261002102802,20261002105602,,JA
2026-10-02T02:00:44.426463+00:00,JD000003,01,3,20261002105300,20261002105300,20261002104300,20261002105300,JD
2026-10-02T02:00:44.426463+00:00,JD000013,01,3,20261002105912,20261002105912,20261002094046,20261002105818,JD
2026-10-02T02:00:44.426463+00:00,JD000054,01,3,20261002110000,20261002110000,20260820143748,20261002110000,JD
2026-10-02T02:00:44.426463+00:00,JD000060,01,3,20261002105509,20261002105509,20261001220646,20261002105428,JD
2026-10-02T02:00:44.426463+00:00,JD100021,01,3,20261002105510,20261002105510,20261001005833,20261002105422,JD
2026-10-02T02:00:44.426463+00:00,JD100021,02,3,20261002105315,20261002105315,20261002104828,20261002105210,JD
2026-10-02T02:00:44.426463+00:00,JD110035,01,3,20261002105609,20261002105609,20261002095706,20261002105527,JD
2026-10-02T02:00:44.426463+00:00,JD110058,01,3,20261002105510,20261002105510,20261002104743,20261002105409,JD
2026-10-02T02:00:44.426463+00:00,JD110061,01,2,20261002105315,20261002101136,20261002105140,,JD
2026-10-02T02:00:44.426463+00:00,JD110062,01,2,20261002105315,20261002103216,20261002105218,,JD
2026-10-02T02:00:44.426463+00:00,JD110070,01,2,20261002105810,20261002101348,20261002105352,,JD
2026-10-02T02:00:44.426463+00:00,JD110082,01,2,20261002105609,20261002103835,20261002105057,,JD
2026-10-02T02:00:44.426463+00:00,JD110103,01,2,20261002105210,20261002101109,20261002105109,,JD
2026-10-02T02:00:44.426463+00:00,JD110107,02,3,20261002105609,20261002105609,20261001133409,20261002105607,JD
2026-10-02T02:00:44.426463+00:00,JD110133,01,3,20261002105125,20261002105125,20261001194901,20261002105004,JD
2026-10-02T02:00:44.426463+00:00,JD110146,03,3,20261002105709,20261002105709,20261002091445,20261002105659,JD
2026-10-02T02:00:44.426463+00:00,JE010002,02,2,20261002105630,20261002083326,20261002105458,,JE
2026-10-02T02:00:44.426463+00:00,JE010107,02,2,20261002105630,20261002092153,20261002105616,,JE
2026-10-02T02:00:44.426463+00:00,JE010281,06,3,20261002105429,20261002102309,20261002103828,20261002105423,JE
2026-10-02T02:00:44.426463+00:00,JE010287,01,2,20261002105829,20261002100804,20261002103653,,JE
2026-10-02T02:00:44.426463+00:00,JE010289,01,2,20261002105630,20261002103932,20261002104838,,JE
2026-10-02T02:00:44.426463+00:00,JE010336,01,2,20261002105830,20261002100900,20261002105717,,JE
2026-10-02T02:00:44.426463+00:00,JE010371,01,3,20261002105830,20260929123312,20260929141002,20261002105726,JE
2026-10-02T02:00:44.426463+00:00,JE010374,01,3,20261002105234,20261002061827,20261002073444,20261002105047,JE
2026-10-02T02:00:44.426463+00:00,JE010375,02,2,20261002105630,20261002104828,20261002105531,,JE
2026-10-02T02:00:44.426463+00:00,JE020157,06,2,20261002105235,20261002102308,20261002105230,,JE
2026-10-02T02:00:44.426463+00:00,JE040083,02,2,20261002105430,20261002102942,20261002105328,,JE
2026-10-02T02:00:44.426463+00:00,JE040161,02,3,20261002105830,20261001191426,20261001215048,20261002105702,JE
2026-10-02T02:00:44.426463+00:00,JE045004,06,2,20261002105830,20261002093815,20261002105817,,JE
2026-10-02T02:00:44.426463+00:00,JE900011,01,2,20261002105830,20261002082124,20261002105652,,JE
2026-10-02T02:00:44.426463+00:00,JE900080,01,2,20261002105237,20261002065116,20261002105036,,JE
2026-10-02T02:00:44.426463+00:00,JE900136,01,3,20261002105631,20261002085128,20261002091851,20261002105430,JE
2026-10-02T02:00:44.426463+00:00,JE900151,02,3,20261002105237,20261001145603,20261001155133,20261002105227,JE
2026-10-02T02:00:44.426463+00:00,JE900229,04,3,20261002105237,20261002075952,20261002091143,20261002105113,JE
2026-10-02T02:00:44.426463+00:00,JE910037,03,2,20261002105831,20261002084744,20261002105646,,JE
2026-10-02T02:00:44.426463+00:00,JE910040,01,3,20261002105632,20261001203308,20261001224915,20261002105529,JE
2026-10-02T02:00:44.426463+00:00,JE910139,10,3,20261002105238,20261001172729,20261002014315,20261002105218,JE
2026-10-02T02:00:44.426463+00:00,KP001158,02,3,20261002110007,20261001175430,20261001235019,20261002104802,KP
2026-10-02T02:00:44.426463+00:00,LI000102,01,3,20261002105714,20261002105714,20261002105714,20261002105714,LI
2026-10-02T02:00:44.426463+00:00,MO501104,01,2,20261002110005,20261002110001,20261002110005,,MO
2026-10-02T02:00:44.426463+00:00,MO501104,02,9,20261002110005,20261002094217,20261002094217,,MO
2026-10-02T02:00:44.426463+00:00,MO501106,01,9,20261002110005,20260902190154,20260902190209,,MO
2026-10-02T02:00:44.426463+00:00,MO501126,01,2,20261002110005,20261002110001,20261002110005,,MO
2026-10-02T02:00:44.426463+00:00,MO501126,02,2,20261002110005,20261002110001,20261002110005,,MO
2026-10-02T02:00:44.426463+00:00,MO501129,01,2,20261002110005,20241216213918,20241216213918,,MO
2026-10-02T02:00:44.426463+00:00,MO501129,02,2,20261002110005,20241217202230,20241217202230,,MO
2026-10-02T02:00:44.426463+00:00,MO501143,01,2,20261002110005,20250706175600,20250706175615,,MO
2026-10-02T02:00:44.426463+00:00,MO501143,02,9,20261002110005,20241016172006,20241016172006,,MO
2026-10-02T02:00:44.426463+00:00,MO501150,01,2,20261002110005,20260930190539,20260930190540,,MO
2026-10-02T02:00:44.426463+00:00,NT100725,38,3,20261002105450,20261002105450,20261002105350,20261002105450,NT
2026-10-02T02:00:44.426463+00:00,PC001636,03,3,20261002105634,20261001152903,20261001164411,20261002105634,PC
2026-10-02T02:00:44.426463+00:00,PI640325,07,2,20261002105624,20261002104814,20260921085906,,PI
2026-10-02T02:00:44.426463+00:00,PI640391,09,3,20261002105156,20261002105132,20261001145031,20261002105156,PI
2026-10-02T02:00:44.426463+00:00,PI645030,04,2,20261002105746,20261001190856,20261001194224,,PI
2026-10-02T02:00:44.426463+00:00,PI808030,01,3,20261002105835,20261002105649,20260927222013,20261002105835,PI
2026-10-02T02:00:44.426463+00:00,PL000236,23,2,20261002105901,20261001182958,20261002105901,,PL
2026-10-02T02:00:44.426463+00:00,PL000236,31,2,20261002105323,20261001160214,20261002105323,,PL
2026-10-02T02:00:44.426463+00:00,PL031135,01,3,20261002105319,20261002105319,20260929083313,20261002105319,PL
2026-10-02T02:00:44.426463+00:00,PW011137,01,2,20261002105416,20261002091855,20261002103413,,PW
2026-10-02T02:00:44.426463+00:00,PW012704,01,2,20261002105517,20261001132025,20261001140541,,PW
2026-10-02T02:00:44.426463+00:00,PW100624,05,3,20261002105512,20261002105512,20261002060006,20261002105103,PW
2026-10-02T02:00:44.426463+00:00,RE000240,03,2,20261002105203,20261002092645,20261002105134,,RE
2026-10-02T02:00:44.426463+00:00,SOA33001,01,1,20261002105726,20261002065725,20261002065925,,SO
2026-10-02T02:00:44.426463+00:00,ST501101,21,3,20261002105613,20261002105613,20261001074506,20261002105355,ST
2026-10-02T02:00:44.426463+00:00,ST501101,28,2,20261002105812,20260925154424,20261002105812,,ST
2026-10-02T02:00:44.426463+00:00,ST501133,01,2,20261002105533,20261002092044,20261002104850,,ST
2026-10-02T02:00:44.426463+00:00,ST501147,05,3,20261002105224,20261002052858,20261002101542,20261002105224,ST
2026-10-02T02:00:44.426463+00:00,ST501152,02,2,20261002105742,20261002104546,20261002105742,,ST
2026-10-02T02:00:44.426463+00:00,ST600610,04,2,20261002110004,20261001121645,20261001161154,,ST
2026-10-02T02:00:44.426463+00:00,ST600611,04,2,20261002105404,20261002101138,20261002105032,,ST
2026-10-02T02:00:44.426463+00:00,ST601107,01,2,20261002105807,20261002103617,20261002105807,,ST
2026-10-02T02:00:44.426463+00:00,ST601107,19,3,20261002105810,20261002105810,20261001113817,20260930083146,ST
2026-10-02T02:00:44.426463+00:00,ST601107,24,3,20261002105217,20261002105217,20261001205211,20261001201445,ST
2026-10-02T02:00:44.426463+00:00,TDO00060,05,2,20261002110004,20261002035911,20261002091642,,TD
2026-10-02T02:00:44.426463+00:00,TDO00106,01,3,20261002110003,20261002105851,20261001181457,20261002105851,TD
2026-10-02T02:00:44.426463+00:00,TDO00113,03,2,20261002110002,20261002025542,20261002082946,,TD
2026-10-02T02:00:44.426463+00:00,ME174046,01,2,20261002105732,20261002060817,20261002064852,,ME
2026-10-02T02:00:44.426463+00:00,ME174050,01,2,20261002105840,20261001170730,20261001170951,,ME
2026-10-02T02:00:44.426463+00:00,ME174050,02,2,20261002105909,20261001174226,20261001182853,,ME
2026-10-02T02:00:44.426463+00:00,ME174050,03,3,20261002105613,20261002062825,20261002063945,20261002103024,ME
2026-10-02T02:00:44.426463+00:00,ME174050,04,2,20261002105851,20260930105634,20260930112000,,ME
2026-10-02T02:00:44.426463+00:00,ME174050,05,2,20261002105901,20260926150242,20260926154603,,ME
2026-10-02T02:00:44.426463+00:00,ME174061,01,2,20261002105647,20261001113723,20261001121938,,ME
2026-10-02T02:00:44.426463+00:00,ME174062,01,2,20261002105856,20261001151914,20261001153740,,ME
2026-10-02T02:00:44.426463+00:00,ME183101,01,2,20261002105622,20260930075227,20260930082713,,ME
2026-10-02T02:00:44.426463+00:00,ME183101,02,2,20261002105759,20261001092917,20261001101252,,ME
2026-10-02T02:00:44.426463+00:00,ME183101,03,2,20261002105613,20260929154106,20260929162412,,ME
2026-10-02T02:00:44.426463+00:00,ME183101,04,2,20261002105540,20260930142932,20260930150721,,ME
2026-10-02T02:00:44.426463+00:00,ME183101,52,2,20261002105801,20260927125611,20260927133914,,ME
2026-10-02T02:00:44.426463+00:00,ME183101,54,2,20261002105533,20260927151630,20260927155059,,ME
2026-10-02T02:00:44.426463+00:00,ME183102,02,3,20261002105810,20261002083359,20261002091704,20261002102556,ME
2026-10-02T02:00:44.426463+00:00,ME183102,52,2,20261002105815,20261002054830,20261002083559,,ME
2026-10-02T02:00:44.426463+00:00,ME184122,01,2,20261002105539,20261001164001,20261001172322,,ME
2026-10-02T02:00:44.426463+00:00,ME184124,01,2,20261002105910,20261002083739,20261002085925,,ME
2026-10-02T02:00:44.426463+00:00,ME184125,01,2,20261002105737,20261001133809,20261001141849,,ME
2026-10-02T02:00:44.426463+00:00,ME184126,02,2,20261002105724,20261002101103,20261002105424,,ME
2026-10-02T02:00:44.426463+00:00,ME18A173,01,2,20261002105618,20261002091337,20261002094728,,ME
2026-10-02T02:00:44.426463+00:00,ME18A174,01,2,20261002105528,20261002093628,20261002095404,,ME
2026-10-02T02:00:44.426463+00:00,ME18A175,01,2,20261002105610,20261002084328,20261002092332,,ME
2026-10-02T02:00:44.426463+00:00,ME18A268,11,2,20261002105838,20261002074235,20261002080246,,ME
2026-10-02T02:00:44.426463+00:00,ME18A268,12,2,20261002105846,20261002092511,20261002100619,,ME
2026-10-02T02:00:44.426463+00:00,ME18A269,11,3,20261002105819,20261001151245,20261001154341,20261002104815,ME
2026-10-02T02:00:44.426463+00:00,ME18A269,12,2,20261002105514,20261001152631,20261001160516,,ME
2026-10-02T02:00:44.426463+00:00,ME18A270,11,2,20261002105535,20261002081142,20261002083239,,ME
2026-10-02T02:00:44.426463+00:00,ME18A270,12,2,20261002105526,20261002092648,20261002094617,,ME
2026-10-02T02:00:44.426463+00:00,ME18A271,01,2,20261002105443,20260929162754,20260929170453,,ME
2026-10-02T02:00:44.426463+00:00,ME18A271,02,2,20261002105628,20261001163502,20261001170516,,ME
2026-10-02T02:00:44.426463+00:00,ME18A272,11,2,20261002105710,20261002060240,20261002064542,,ME
2026-10-02T02:00:44.426463+00:00,ME18A272,12,2,20261002105708,20261001160557,20261001164900,,ME
2026-10-02T02:00:44.426463+00:00,ME18A273,11,2,20261002105835,20261002081613,20261002082840,,ME
2026-10-02T02:00:44.426463+00:00,ME18A273,12,2,20261002105841,20261001174913,20261001181458,,ME
2026-10-02T02:00:44.426463+00:00,ME18A274,11,2,20261002105528,20261001134951,20261001143233,,ME
2026-10-02T02:00:44.426463+00:00,ME18A274,12,2,20261002105530,20261002101031,20261002105336,,ME
2026-10-02T02:00:44.426463+00:00,ME18A275,11,2,20261002105600,20261001182313,20261001190620,,ME
2026-10-02T02:00:44.426463+00:00,ME18A275,12,2,20261002105605,20261001230620,20261001233413,,ME
2026-10-02T02:00:44.426463+00:00,ME18A281,11,2,20261002105903,20260930150635,20260930151317,,ME
2026-10-02T02:00:44.426463+00:00,ME18A281,12,2,20261002105907,20261002080828,20261002085133,,ME
2026-10-02T02:00:44.426463+00:00,ME18A306,01,2,20261002105632,20260930080057,20260930083747,,ME
2026-10-02T02:00:44.426463+00:00,ME18A306,11,2,20261002105542,20260930143956,20260930144224,,ME
2026-10-02T02:00:44.426463+00:00,ME18A306,12,2,20261002105537,20260928095330,20260928095457,,ME
2026-10-02T02:00:44.426463+00:00,ME19B169,01,2,20261002105821,20261001120400,20261001124405,,ME
2026-10-02T02:00:44.426463+00:00,ME19B170,01,2,20261002105756,20261002104509,20261002105734,,ME
2026-10-02T02:00:44.426463+00:00,ME19B171,01,2,20261002105737,20260930214046,20260930221733,,ME
2026-10-02T02:00:44.426463+00:00,ME19B172,01,2,20261002105609,20261001202832,20261001210832,,ME
2026-10-02T02:00:44.426463+00:00,ME19B173,01,2,20261002105648,20261001163019,20261001171019,,ME
2026-10-02T02:00:44.426463+00:00,ME19B241,21,2,20261002105257,20261001200811,20261001202013,,ME
2026-10-02T02:00:44.426463+00:00,ME19B241,22,2,20261002105258,20261001082459,20261001090506,,ME
2026-10-02T02:00:44.426463+00:00,ME19B404,21,3,20261002105737,20261001154110,20261001161742,20261002104725,ME
2026-10-02T02:00:44.426463+00:00,ME20B1e1,01,2,20261002105421,20260923131203,20260923131340,,ME
2026-10-02T02:00:44.426463+00:00,ME20B1e2,01,2,20261002105800,20261001190450,20261001193613,,ME
2026-10-02T02:00:44.426463+00:00,ME20B1e3,01,2,20261002105608,20260926130825,20260926133530,,ME
2026-10-02T02:00:44.426463+00:00,ME20B2a0,91,2,20261002105820,20260929171522,20260929173732,,ME
2026-10-02T02:00:44.426463+00:00,ME20B2a0,92,2,20261002105447,20260929181304,20260929182818,,ME
2026-10-02T02:00:44.426463+00:00,ME20B2a1,21,2,20261002105451,20260930153947,20260930161947,,ME
2026-10-02T02:00:44.426463+00:00,ME20B2a1,22,2,20261002105451,20260923104352,20260923104521,,ME
2026-10-02T02:00:44.426463+00:00,ME20B2a2,21,2,20261002105742,20261001165128,20261001165303,,ME
2026-10-02T02:00:44.426463+00:00,ME20B2a2,22,2,20261002105743,20261002070459,20261002072043,,ME
2026-10-02T02:00:44.426463+00:00,ME20B416,21,2,20261002105905,20261002093311,20261002094122,,ME
2026-10-02T02:00:44.426463+00:00,ME20B416,22,2,20261002105906,20261001084258,20261001090300,,ME
2026-10-02T02:00:44.426463+00:00,ME20B416,23,2,20261002105707,20261001153213,20261001154816,,ME
2026-10-02T02:00:44.426463+00:00,ME20B416,24,2,20261002105707,20261002093241,20261002095548,,ME
2026-10-02T02:00:44.426463+00:00,ME20B417,41,2,20261002105758,20261001133924,20261001141346,,ME
2026-10-02T02:00:44.426463+00:00,ME20B417,42,2,20261002105823,20260929145223,20260929150552,,ME
2026-10-02T02:00:44.426463+00:00,ME20B417,43,2,20261002105830,20261001074823,20261001081546,,ME
2026-10-02T02:00:44.426463+00:00,ME20B417,44,3,20261002105538,20261001141617,20261001144515,20261002105033,ME
2026-10-02T02:00:44.426463+00:00,ME21B1C9,01,3,20261002105739,20261002101313,20261002102254,20261002104929,ME
2026-10-02T02:00:44.426463+00:00,ME21B250,02,3,20261002105729,20261001225711,20261001232000,20261002103055,ME
2026-10-02T02:00:44.426463+00:00,ME21B251,02,3,20261002105746,20261002001653,20261002003520,20261002104130,ME
2026-10-02T02:00:44.426463+00:00,ME21D062,01,2,20261002105407,20261002103702,20261002105322,,ME
2026-10-02T02:00:44.426463+00:00,ME21D063,01,2,20261002105810,20261002093255,20261002095952,,ME
2026-10-02T02:00:44.426463+00:00,ME21D066,01,3,20261002105712,20261002080950,20261002104403,20261002104456,ME
2026-10-02T02:00:44.426463+00:00,ME21D068,01,3,20261002105843,20261002092225,20261002094413,20261002105643,ME
2026-10-02T02:00:44.426463+00:00,ME21D074,01,2,20261002105225,20261002101229,20261002105233,,ME
2026-10-02T02:00:44.426463+00:00,ME21D077,01,3,20261002105746,20261001193159,20261001194512,20261002102109,ME
2026-10-02T02:00:44.426463+00:00,ME21D078,01,3,20261002105724,20261002094927,20261002095805,20261002104518,ME
2026-10-02T02:00:44.426463+00:00,ME21X008,01,2,20261002105752,20260929175738,20260929181032,,ME
2026-10-02T02:00:44.426463+00:00,ME22C1F7,01,2,20261002105742,20261002103203,20261002105750,,ME
2026-10-02T02:00:44.426463+00:00,ME22C285,02,2,20261002105512,20261002101402,20261002105515,,ME
2026-10-02T02:00:44.426463+00:00,ME22D1H1,01,3,20261002105745,20261001103812,20261001111812,20261002102726,ME
2026-10-02T02:00:44.426463+00:00,ME25C181,01,2,20261002105506,20260930205223,20260930211741,,ME
2026-10-02T02:00:44.426463+00:00,ME25C182,01,4,20261002105705,20261002082752,20261002090756,,ME
2026-10-02T02:00:44.426463+00:00,ME25C281,21,2,20261002105909,20261001173545,20261001174757,,ME
2026-10-02T02:00:44.426463+00:00,ME25C281,22,2,20261002105811,20261002092206,20261002100208,,ME
2026-10-02T02:00:44.426463+00:00,ME25C318,01,2,20261002105825,20260929192647,20260929193755,,ME
2026-10-02T02:00:44.426463+00:00,ME25C318,21,4,20261002105811,20260926115518,20260926122747,,ME
2026-10-02T02:00:44.426463+00:00,ME25C318,22,2,20261002105813,20260919182628,20260919184105,,ME
2026-10-02T02:00:44.426463+00:00,ME25C431,01,2,20261002105508,20260914133046,20260914133228,,ME
2026-10-02T02:00:44.426463+00:00,ME25C431,02,2,20261002105845,20260929180949,20260929184722,,ME
2026-10-02T02:00:44.426463+00:00,ME25C431,03,2,20261002105524,20261001230801,20261001232738,,ME
2026-10-02T02:00:44.426463+00:00,ME25C431,04,2,20261002105427,20261002095914,20261002103915,,ME
2026-10-02T02:00:44.426463+00:00,EC500001,02,2,20261002110002,20261001191837,20261002000737,,EC
2026-10-02T02:00:44.426463+00:00,GR000012,01,3,20261002105524,20260928084306,20260928155232,20261002105524,GR
2026-10-02T02:00:44.426463+00:00,HE000031,04,2,20261002105300,20261002102300,20261002105300,,HE
2026-10-02T02:00:44.426463+00:00,HE000034,02,9,20261002105810,20260903193900,20260904031600,,HE
2026-10-02T02:00:44.426463+00:00,HE230093,01,2,20261002105400,20261002063200,20261002105400,,HE
2026-10-02T02:00:44.426463+00:00,HE240264,01,2,20261002105900,20261002084201,20261002105900,,HE
2026-10-02T02:00:44.426463+00:00,HM000107,21,2,20261002105601,20261002081823,20261002105503,,HM
2026-10-02T02:00:44.426463+00:00,JA500005,14,2,20261002110007,20261001192006,20261002110007,,JA
2026-10-02T02:00:44.426463+00:00,JD100032,02,3,20261002105709,20261002105709,20261001182209,20261002105626,JD
2026-10-02T02:00:44.426463+00:00,JD160030,01,3,20261002105510,20261002105510,20261002081455,20261002105441,JD
2026-10-02T02:00:44.426463+00:00,JD160047,02,3,20261002105609,20261002105609,20261002104422,20261002105514,JD
2026-10-02T02:00:44.426463+00:00,JD160071,02,2,20261002105710,20261002101135,20261002105135,,JD
2026-10-02T02:00:44.426463+00:00,JD160075,02,2,20261002105315,20261002101117,20261002105118,,JD
2026-10-02T02:00:44.426463+00:00,JD160075,03,2,20261002105914,20261002105503,20261002092240,,JD
2026-10-02T02:00:44.426463+00:00,JD160079,02,3,20261002105315,20261002105315,20261001023818,20261002105158,JD
2026-10-02T02:00:44.426463+00:00,JE010251,01,3,20261002105829,20261002074320,20261002082509,20261002105800,JE
2026-10-02T02:00:44.426463+00:00,JE010259,01,2,20261002105829,20261002090959,20261002105317,,JE
2026-10-02T02:00:44.426463+00:00,JE020108,04,2,20261002105235,20261002102338,20261002105232,,JE
2026-10-02T02:00:44.426463+00:00,JE020135,01,2,20261002105235,20261002061910,20261002104711,,JE
2026-10-02T02:00:44.426463+00:00,JE020137,12,2,20261002105830,20261002094653,20261002105359,,JE
2026-10-02T02:00:44.426463+00:00,JE020161,06,3,20261002105830,20260930172758,20260930182457,20261002105646,JE
2026-10-02T02:00:44.426463+00:00,JE020161,09,3,20261002105630,20261001132720,20261001134421,20261002105548,JE
2026-10-02T02:00:44.426463+00:00,JE040123,11,2,20261002105430,20261001150717,20261001195748,,JE
2026-10-02T02:00:44.426463+00:00,JE040136,01,2,20261002105630,20261002080742,20261002105450,,JE
2026-10-02T02:00:44.426463+00:00,JE900115,01,2,20261002105831,20261002085138,20261002105657,,JE
2026-10-02T02:00:44.426463+00:00,JE900189,02,3,20261002105831,20261002093841,20261002102406,20261002105818,JE
2026-10-02T02:00:44.426463+00:00,JE900212,01,3,20261002105831,20261002091203,20261002104705,20261002091203,JE
2026-10-02T02:00:44.426463+00:00,JE900216,01,3,20261002105831,20261002070133,20261002081721,20261002070133,JE
2026-10-02T02:00:44.426463+00:00,JE910044,08,3,20261002105431,20260930193942,20261001035925,20261002105240,JE
2026-10-02T02:00:44.426463+00:00,JE910048,02,3,20261002105431,20261001143120,20261001153350,20261002105306,JE
2026-10-02T02:00:44.426463+00:00,KP001785,02,3,20261002110007,20261001175806,20261001183748,20261002105123,KP
2026-10-02T02:00:44.426463+00:00,MO501311,01,2,20261002110005,20261002110001,20261002110005,,MO
2026-10-02T02:00:44.426463+00:00,MO501319,01,9,20261002110005,20260221113134,20260221113140,,MO
2026-10-02T02:00:44.426463+00:00,MO501319,02,2,20261002110005,20260114160320,20260114160326,,MO
2026-10-02T02:00:44.426463+00:00,MO501328,01,2,20261002110005,20251012210231,20251012210247,,MO
2026-10-02T02:00:44.426463+00:00,PI700933,01,2,20261002110006,20261001184547,20261002105528,,PI
2026-10-02T02:00:44.426463+00:00,PIH01105,07,2,20261002105740,20261002101614,20261002105518,,PI
2026-10-02T02:00:44.426463+00:00,PIH01497,17,3,20261002105252,20261002104955,20261002050920,20261002105252,PI
2026-10-02T02:00:44.426463+00:00,PIS00777,01,2,20261002105408,20261002104337,20261002105026,,PI
2026-10-02T02:00:44.426463+00:00,PL031460,00,3,20261002105743,20261002105743,20261002091651,20261002105743,PL
2026-10-02T02:00:44.426463+00:00,PW801237,01,2,20261002105053,20261001191509,20261002071223,,PW
2026-10-02T02:00:44.426463+00:00,RE000243,40,3,20261002110002,20261002110002,20261002105501,20261002092323,RE
