fetched_at,statId,chgerId,stat,statUpdDt,lastTsdt,lastTedt,nowTsdt,busiId
2026-10-03T00:00:49.339923+00:00,ME174067,01,2,20261003085822,20261002082430,20261002090050,,ME
2026-10-03T00:00:49.339923+00:00,ME181538,01,2,20261003085708,20261001112620,20261001112816,,ME
2026-10-03T00:00:49.339923+00:00,ME181539,01,2,20261003085846,20261003073706,20261003080852,,ME
2026-10-03T00:00:49.339923+00:00,ME181541,01,2,20261003085714,20261001104110,20261001112114,,ME
2026-10-03T00:00:49.339923+00:00,ME184129,01,2,20261003085840,20260930110036,20260930111706,,ME
2026-10-03T00:00:49.339923+00:00,ME184130,01,2,20261003085844,20261003020940,20261003024601,,ME
2026-10-03T00:00:49.339923+00:00,ME184131,01,2,20261003085444,20261003071227,20261003075548,,ME
2026-10-03T00:00:49.339923+00:00,ME18A176,01,2,20261003085712,20261003011408,20261003015611,,ME
2026-10-03T00:00:49.339923+00:00,ME18A177,01,2,20261003085539,20261002191745,20261002192825,,ME
2026-10-03T00:00:49.339923+00:00,ME18A178,01,2,20261003085708,20261003070711,20261003075322,,ME
2026-10-03T00:00:49.339923+00:00,ME18A179,01,2,20261003085348,20261003080718,20261003081009,,ME
2026-10-03T00:00:49.339923+00:00,ME18A276,11,2,20261003085549,20260927190040,20260927190352,,ME
2026-10-03T00:00:49.339923+00:00,ME18A276,12,2,20261003085537,20260925101706,20260925104659,,ME
2026-10-03T00:00:49.339923+00:00,ME18A277,11,2,20261003085451,20261002173447,20261002182015,,ME
2026-10-03T00:00:49.339923+00:00,ME18A277,12,2,20261003085457,20261002200527,20261002202148,,ME
2026-10-03T00:00:49.339923+00:00,ME18A278,01,2,20261003085706,20261002201458,20261002210104,,ME
2026-10-03T00:00:49.339923+00:00,ME18A278,02,3,20261003085606,20261003045052,20261003052353,20261003084440,ME
2026-10-03T00:00:49.339923+00:00,ME18A279,11,2,20261003085533,20261002153932,20261002162237,,ME
2026-10-03T00:00:49.339923+00:00,ME18A279,12,2,20261003085526,20261003082006,20261003084225,,ME
2026-10-03T00:00:49.339923+00:00,ME18A280,11,2,20261003085601,20261002224817,20261002225831,,ME
2026-10-03T00:00:49.339923+00:00,ME18A280,12,2,20261003085551,20261003081023,20261003084440,,ME
2026-10-03T00:00:49.339923+00:00,ME18A282,11,2,20261003085735,20261002220306,20261002222057,,ME
2026-10-03T00:00:49.339923+00:00,ME18A282,12,2,20261003085746,20261002163011,20261002170307,,ME
2026-10-03T00:00:49.339923+00:00,ME18A283,11,2,20261003085411,20261002163239,20261002170837,,ME
2026-10-03T00:00:49.339923+00:00,ME18A283,12,2,20261003085409,20261002180452,20261002184756,,ME
2026-10-03T00:00:49.339923+00:00,ME18A307,01,2,20261003085519,20261003083823,20261003085143,,ME
2026-10-03T00:00:49.339923+00:00,ME18A308,01,2,20261003085904,20261002125933,20261002133600,,ME
2026-10-03T00:00:49.339923+00:00,ME18A308,11,2,20261003085828,20261001170716,20261001171059,,ME
2026-10-03T00:00:49.339923+00:00,ME18A308,12,2,20261003085827,20261002131713,20261002140015,,ME
2026-10-03T00:00:49.339923+00:00,ME18A309,01,2,20261003085626,20261002211926,20261002220232,,ME
2026-10-03T00:00:49.339923+00:00,ME18A309,11,2,20261003085821,20261002195301,20261002203053,,ME
2026-10-03T00:00:49.339923+00:00,ME18A309,12,2,20261003085826,20261003050033,20261003053407,,ME
2026-10-03T00:00:49.339923+00:00,ME19B174,11,2,20261003085837,20261003022600,20261003025459,,ME
2026-10-03T00:00:49.339923+00:00,ME19B174,12,2,20261003085834,20261003074423,20261003081924,,ME
2026-10-03T00:00:49.339923+00:00,ME19D126,01,2,20261003085721,20261003072713,20261003080713,,ME
2026-10-03T00:00:49.339923+00:00,ME19D127,01,3,20261003085504,20261002123415,20261002130838,20261003085505,ME
2026-10-03T00:00:49.339923+00:00,ME19D128,01,2,20261003085628,20260927183731,20260927185259,,ME
2026-10-03T00:00:49.339923+00:00,ME19Y240,21,2,20261003085726,20261002215358,20261002222655,,ME
2026-10-03T00:00:49.339923+00:00,ME19Y240,22,2,20261003085655,20261003055231,20261003062053,,ME
2026-10-03T00:00:49.339923+00:00,ME19Y269,01,2,20261003085519,20261003081301,20261003082210,,ME
2026-10-03T00:00:49.339923+00:00,ME19Y269,02,3,20261003085843,20261003082522,20261003084031,20261003084251,ME
2026-10-03T00:00:49.339923+00:00,ME19Y270,01,2,20261003085847,20261002212244,20261002215839,,ME
2026-10-03T00:00:49.339923+00:00,ME19Y270,02,2,20261003085615,20261003065621,20261003071828,,ME
2026-10-03T00:00:49.339923+00:00,ME19Y271,01,2,20261003085655,20261002075728,20261002081838,,ME
2026-10-03T00:00:49.339923+00:00,ME19Y271,02,2,20261003085451,20261002170346,20261002171626,,ME
2026-10-03T00:00:49.339923+00:00,ME20B1e4,01,2,20261003085514,20261002151441,20261002155441,,ME
2026-10-03T00:00:49.339923+00:00,ME20B1e5,01,2,20261003085855,20261002194050,20261002195657,,ME
2026-10-03T00:00:49.339923+00:00,ME20B1e6,91,2,20261003085633,20261003020927,20261003023813,,ME
2026-10-03T00:00:49.339923+00:00,ME20B2a3,21,2,20261003085834,20261002111422,20261002114253,,ME
2026-10-03T00:00:49.339923+00:00,ME20B2a3,22,2,20261003085834,20261002110643,20261002114025,,ME
2026-10-03T00:00:49.339923+00:00,ME20B2a4,21,2,20261003085535,20261003061519,20261003063434,,ME
2026-10-03T00:00:49.339923+00:00,ME20B2a4,22,2,20261003085833,20261003083033,20261003085829,,ME
2026-10-03T00:00:49.339923+00:00,ME20B2a5,21,2,20261003085416,20261002181447,20261002185447,,ME
2026-10-03T00:00:49.339923+00:00,ME20B2a5,22,3,20261003085650,20261002191403,20261002195403,20261003084646,ME
2026-10-03T00:00:49.339923+00:00,ME20B2a6,21,2,20261003085855,20261002085825,20261002092516,,ME
2026-10-03T00:00:49.339923+00:00,ME20B2a6,22,2,20261003085855,20261003075220,20261003082923,,ME
2026-10-03T00:00:49.339923+00:00,ME20B2a7,21,2,20261003085747,20261003065456,20261003071206,,ME
2026-10-03T00:00:49.339923+00:00,ME20B2a7,22,2,20261003085748,20261003064549,20261003072549,,ME
2026-10-03T00:00:49.339923+00:00,ME20B2a8,21,2,20261003085715,20261003075942,20261003082050,,ME
2026-10-03T00:00:49.339923+00:00,ME20B2a8,22,2,20261003085715,20261003081323,20261003085147,,ME
2026-10-03T00:00:49.339923+00:00,ME20B2a9,21,2,20261003085907,20261003060046,20261003060717,,ME
2026-10-03T00:00:49.339923+00:00,ME20B2a9,22,3,20261003085618,20261003082238,20261003084645,20261003085116,ME
2026-10-03T00:00:49.339923+00:00,ME20B2b0,21,2,20261003085720,20261003072718,20261003080510,,ME
2026-10-03T00:00:49.339923+00:00,ME20B2b0,22,2,20261003085720,20261002151921,20261002152131,,ME
2026-10-03T00:00:49.339923+00:00,ME20B2b1,21,2,20261003085638,20261002153642,20261002160158,,ME
2026-10-03T00:00:49.339923+00:00,ME20B2b1,22,2,20261003085638,20261002121807,20261002124510,,ME
2026-10-03T00:00:49.339923+00:00,ME20B2b2,21,2,20261003085529,20260916145246,20260916145416,,ME
2026-10-03T00:00:49.339923+00:00,ME20B2b2,22,2,20261003085529,20260925110458,20260925114155,,ME
2026-10-03T00:00:49.339923+00:00,ME20B2b3,21,2,20261003085606,20261002164222,20261002171007,,ME
2026-10-03T00:00:49.339923+00:00,ME20B2b3,22,2,20261003085606,20261003060025,20261003064025,,ME
2026-10-03T00:00:49.339923+00:00,ME20B2b4,01,2,20261003085804,20261002092503,20261002100503,,ME
2026-10-03T00:00:49.339923+00:00,ME20B2b4,02,2,20261003085808,20261001134855,20261001142855,,ME
2026-10-03T00:00:49.339923+00:00,ME20B418,41,2,20261003085428,20261003045356,20261003053356,,ME
2026-10-03T00:00:49.339923+00:00,ME20B418,42,2,20261003085448,20261002151728,20261002155728,,ME
2026-10-03T00:00:49.339923+00:00,ME20B418,43,2,20261003085508,20261002181721,20261002185721,,ME
2026-10-03T00:00:49.339923+00:00,ME20B418,44,2,20261003085751,20261003081749,20261003085749,,ME
2026-10-03T00:00:49.339923+00:00,ME21D081,01,3,20261003085729,20261003023001,20261003031005,20261003084913,ME
2026-10-03T00:00:49.339923+00:00,ME21D103,01,3,20261003085852,20261002092600,20261002100603,20261002181307,ME
2026-10-03T00:00:49.339923+00:00,ME21D104,01,3,20261003085726,20261003065732,20261003073735,20261003085732,ME
2026-10-03T00:00:49.339923+00:00,ME21D113,01,3,20261003085834,20261003060309,20261003062404,20261003083823,ME
2026-10-03T00:00:49.339923+00:00,ME21X010,01,2,20261003085657,20261002143701,20261002144931,,ME
2026-10-03T00:00:49.339923+00:00,ME21X014,01,2,20261003085759,20261002134920,20261002143007,,ME
2026-10-03T00:00:49.339923+00:00,ME21X015,01,2,20261003085539,20261002191129,20261002195419,,ME
2026-10-03T00:00:49.339923+00:00,ME22C305,03,3,20261003085807,20261003080440,20261003084444,20261003085000,ME
2026-10-03T00:00:49.339923+00:00,ME22D155,01,2,20261003085837,20261002223029,20261002231029,,ME
2026-10-03T00:00:49.339923+00:00,ME22D156,01,2,20261003085659,20261003075808,20261003083801,,ME
2026-10-03T00:00:49.339923+00:00,ME22D161,01,2,20261003085542,20261002233138,20261003001138,,ME
2026-10-03T00:00:49.339923+00:00,ME22D162,01,2,20261003085816,20261002204937,20261002212731,,ME
2026-10-03T00:00:49.339923+00:00,ME22D176,01,2,20261003085853,20261002124709,20261002124849,,ME
2026-10-03T00:00:49.339923+00:00,ME22D1H0,01,2,20261003085817,20261003073550,20261003081550,,ME
2026-10-03T00:00:49.339923+00:00,ME22D219,01,5,20261003085850,20261003061803,20261003063836,,ME
2026-10-03T00:00:49.339923+00:00,ME22D219,02,2,20261003085550,20261003065915,20261003073915,,ME
2026-10-03T00:00:49.339923+00:00,ME22D235,01,2,20261003085747,20261003080606,20261003083025,,ME
2026-10-03T00:00:49.339923+00:00,ME22D235,02,2,20261003085547,20261003054900,20261003060740,,ME
2026-10-03T00:00:49.339923+00:00,ME22D401,01,3,20261003085715,20261002203910,20261002211606,20261003085202,ME
2026-10-03T00:00:49.339923+00:00,ME22D401,02,3,20261003085832,20261003050824,20261003054613,20261003084257,ME
2026-10-03T00:00:49.339923+00:00,ME22D401,03,2,20261003085852,20261003065534,20261003073534,,ME
2026-10-03T00:00:49.339923+00:00,ME22D401,04,3,20261003085707,20261003060835,20261003062605,20261003084655,ME
2026-10-03T00:00:49.339923+00:00,ME25C183,01,2,20261003085848,20261001045802,20261001051029,,ME
2026-10-03T00:00:49.339923+00:00,ME25C184,01,2,20261003085639,20261003050002,20261003053503,,ME
2026-10-03T00:00:49.339923+00:00,ME25C282,21,2,20261003085901,20261002125916,20261002133918,,ME
2026-10-03T00:00:49.339923+00:00,ME25C282,22,2,20261003085903,20261002185937,20261002192137,,ME
2026-10-03T00:00:49.339923+00:00,ME25C283,01,2,20261003085740,20261002135941,20261002143943,,ME
2026-10-03T00:00:49.339923+00:00,ME25C283,02,2,20261003085414,20261003080649,20261003082745,,ME
2026-10-03T00:00:49.339923+00:00,ME25C284,01,2,20261003085845,20260930133648,20260930141649,,ME
2026-10-03T00:00:49.339923+00:00,ME25C284,02,2,20261003085445,20261003080508,20261003084512,,ME
2026-10-03T00:00:49.339923+00:00,BE250111,02,2,20261003085617,20261003082928,20261003085617,,BE
2026-10-03T00:00:49.339923+00:00,EV013682,03,3,20261003085900,20261002185942,20261003040215,20261003085900,EV
2026-10-03T00:00:49.339923+00:00,GR000008,05,3,20261003085409,20260930124755,20260930170802,20261003085409,GR
2026-10-03T00:00:49.339923+00:00,GR000044,06,2,20261003085532,20261002173358,20261002200949,,GR
2026-10-03T00:00:49.339923+00:00,GR000044,09,2,20261003085351,20261002171637,20261002231239,,GR
2026-10-03T00:00:49.339923+00:00,GR000044,10,2,20261003085159,20261002151038,20261002221140,,GR
2026-10-03T00:00:49.339923+00:00,GR000050,03,2,20261003085202,20261003074248,20261003085159,,GR
2026-10-03T00:00:49.339923+00:00,HD000018,01,2,20261003085500,20261003083855,20261003085415,,HD
2026-10-03T00:00:49.339923+00:00,HD000028,01,2,20261003085700,20261003083752,20261003085624,,HD
2026-10-03T00:00:49.339923+00:00,HE001145,02,3,20261003085900,20261003085900,20261002170800,20261003085900,HE
2026-10-03T00:00:49.339923+00:00,HM003000,39,3,20261003085221,20260918112016,20260918115207,20261003085151,HM
2026-10-03T00:00:49.339923+00:00,HY001389,01,2,20261003085705,20261002184438,20261003085650,,HY
2026-10-03T00:00:49.339923+00:00,JD000001,16,3,20261003085129,20261003085129,20261003062322,20261003085026,JD
2026-10-03T00:00:49.339923+00:00,JD000003,01,3,20261003085700,20261003085700,20261002231200,20261003085700,JD
2026-10-03T00:00:49.339923+00:00,JD000003,06,3,20261003085200,20261003085200,20261002224700,20261003085200,JD
2026-10-03T00:00:49.339923+00:00,JD000003,11,2,20261003085800,20261003084900,20261003085800,,JD
2026-10-03T00:00:49.339923+00:00,JD000007,01,3,20261003085949,20261003085949,20261003030512,20261003085832,JD
2026-10-03T00:00:49.339923+00:00,JD000054,01,2,20261003090000,20260820114629,20260820143748,,JD
2026-10-03T00:00:49.339923+00:00,JD100002,01,3,20261003085728,20261003085728,20261003072917,20261003085655,JD
2026-10-03T00:00:49.339923+00:00,JD100004,01,3,20261003085643,20261003085643,20261003012619,20261003085547,JD
2026-10-03T00:00:49.339923+00:00,JD100010,01,3,20261003085949,20261003085949,20261002212749,20261003085845,JD
2026-10-03T00:00:49.339923+00:00,JD100010,02,3,20261003085553,20261003085553,20261002221139,20261003085426,JD
2026-10-03T00:00:49.339923+00:00,JD110007,01,2,20261003085949,20260924182853,20260924190355,,JD
2026-10-03T00:00:49.339923+00:00,JD110010,02,2,20261003085643,20261003081337,20261003085340,,JD
2026-10-03T00:00:49.339923+00:00,JD110114,02,3,20261003085854,20261003085854,20261002135850,20261003085706,JD
2026-10-03T00:00:49.339923+00:00,JD110124,02,2,20261003085228,20261003083518,20261003085100,,JD
2026-10-03T00:00:49.339923+00:00,JD110134,02,2,20261003085130,20261003082820,20261003085000,,JD
2026-10-03T00:00:49.339923+00:00,JD110138,02,2,20261003085854,20261003081553,20261003085553,,JD
2026-10-03T00:00:49.339923+00:00,JD110143,01,3,20261003085644,20261003085644,20261002183736,20261003085504,JD
2026-10-03T00:00:49.339923+00:00,JE010069,01,3,20261003085229,20261003064814,20261003070402,20261003085114,JE
2026-10-03T00:00:49.339923+00:00,JE010174,06,2,20261003085229,20261002220239,20261003002904,,JE
2026-10-03T00:00:49.339923+00:00,JE010179,05,2,20261003085824,20261002193420,20261003015345,,JE
2026-10-03T00:00:49.339923+00:00,JE010233,02,3,20261003085229,20261002151730,20261002153027,20261003085056,JE
2026-10-03T00:00:49.339923+00:00,JE010250,01,3,20261003085623,20261003055411,20261003062709,20261003085615,JE
2026-10-03T00:00:49.339923+00:00,JE010330,01,3,20261003085824,20261002223347,20261002234817,20261003085651,JE
2026-10-03T00:00:49.339923+00:00,JE020157,04,3,20261003085824,20260930213433,20260930221646,20261003085658,JE
2026-10-03T00:00:49.339923+00:00,JE900190,01,2,20261003085825,20261003073936,20261003081113,,JE
2026-10-03T00:00:49.339923+00:00,JE900192,01,3,20261003085624,20261002190814,20261002201340,20261003085523,JE
2026-10-03T00:00:49.339923+00:00,JE900224,04,3,20261003085426,20261002205047,20261003040421,20261003085309,JE
2026-10-03T00:00:49.339923+00:00,JE910126,02,3,20261003085625,20261003081403,20261003083312,20261003085539,JE
2026-10-03T00:00:49.339923+00:00,JE910139,04,2,20261003085426,20261002224037,20261003045252,,JE
2026-10-03T00:00:49.339923+00:00,KE001381,01,2,20261003085359,20261002053715,20261002070719,,KE
2026-10-03T00:00:49.339923+00:00,KP001782,03,3,20261003090008,20261002171750,20261003051600,20261003085539,KP
2026-10-03T00:00:49.339923+00:00,KP003165,02,3,20261003090007,20261002174431,20261003014538,20261003084947,KP
2026-10-03T00:00:49.339923+00:00,KP004656,01,3,20261003090009,20261002153215,20261002161041,20261003085508,KP
2026-10-03T00:00:49.339923+00:00,LI000484,01,3,20261003085105,20261003085105,20261002170302,20261003085105,LI
2026-10-03T00:00:49.339923+00:00,LU001702,11,2,20261003085450,20261002195951,20261003010750,,LU
2026-10-03T00:00:49.339923+00:00,MO501104,01,2,20261003090004,20261003090001,20261003090004,,MO
2026-10-03T00:00:49.339923+00:00,MO501104,02,9,20261003090004,20261003090001,20261003090004,,MO
2026-10-03T00:00:49.339923+00:00,MO501106,01,9,20261003090004,20260902190154,20260902190209,,MO
2026-10-03T00:00:49.339923+00:00,MO501126,01,2,20261003090004,20261003090001,20261003090004,,MO
2026-10-03T00:00:49.339923+00:00,MO501129,01,2,20261003090004,20241216213918,20241216213918,,MO
2026-10-03T00:00:49.339923+00:00,MO501129,02,2,20261003090004,20241217202230,20241217202230,,MO
2026-10-03T00:00:49.339923+00:00,MO501143,01,2,20261003090004,20250706175600,20250706175615,,MO
2026-10-03T00:00:49.339923+00:00,MO501143,02,9,20261003090004,20241016172006,20241016172006,,MO
2026-10-03T00:00:49.339923+00:00,MO501150,01,2,20261003090004,20260930190539,20260930190540,,MO
2026-10-03T00:00:49.339923+00:00,NT100927,06,3,20261003085850,20261003085850,20260928134250,20261003085850,NT
2026-10-03T00:00:49.339923+00:00,PC001642,02,2,20261003085605,20261003075130,20261003085131,,PC
2026-10-03T00:00:49.339923+00:00,PC002000,01,3,20261003085657,20261003084002,20261003085616,20261003085657,PC
2026-10-03T00:00:49.339923+00:00,PI640372,01,3,20261003085129,20261003084957,20261002015326,20261003085129,PI
2026-10-03T00:00:49.339923+00:00,PI773599,17,2,20261003085247,20261002181728,20261003041958,,PI
2026-10-03T00:00:49.339923+00:00,PI793091,02,2,20261003085257,20261002191043,20261003012655,,PI
2026-10-03T00:00:49.339923+00:00,PIH01122,02,2,20261003085220,20261003004534,20261003082008,,PI
2026-10-03T00:00:49.339923+00:00,PIH01167,03,2,20261003085232,20261002191636,20261001235412,,PI
2026-10-03T00:00:49.339923+00:00,PIH02116,02,2,20261003085233,20261002233516,20261003061450,,PI
2026-10-03T00:00:49.339923+00:00,PK000306,05,3,20261003085154,20261002213326,20261002215256,20261003084533,PK
2026-10-03T00:00:49.339923+00:00,PK000306,06,3,20261003085154,20261002211836,20261002214441,20261003084612,PK
2026-10-03T00:00:49.339923+00:00,PL000236,41,3,20261003085814,20261003085814,20261003080921,20261003085814,PL
2026-10-03T00:00:49.339923+00:00,PL027210,04,2,20261003085645,20261002155653,20261003085645,,PL
2026-10-03T00:00:49.339923+00:00,PL027210,08,3,20261003085058,20261003085058,20261003052435,20261003085058,PL
2026-10-03T00:00:49.339923+00:00,PL027210,19,2,20261003085854,20261003080340,20261003085854,,PL
2026-10-03T00:00:49.339923+00:00,PW011965,01,3,20261003085812,20261003085812,20261001214416,20261003085715,PW
2026-10-03T00:00:49.339923+00:00,PW015171,01,2,20261003085310,20261002170215,20261003004753,,PW
2026-10-03T00:00:49.339923+00:00,RE000240,03,2,20261003085203,20261003071732,20261003084933,,RE
2026-10-03T00:00:49.339923+00:00,RE000240,08,3,20261003085203,20261003085203,20261002214036,20261003085108,RE
2026-10-03T00:00:49.339923+00:00,RE000356,24,3,20261003085203,20261003085203,20261003084905,20261003084905,RE
2026-10-03T00:00:49.339923+00:00,SOA33001,01,1,20261003085934,20261003070734,20261003070934,,SO
2026-10-03T00:00:49.339923+00:00,ST501140,03,3,20261003085304,20261003085304,20261003081710,20261003085304,ST
2026-10-03T00:00:49.339923+00:00,ST501152,02,3,20261003085258,20261003085258,20261003075256,20261003071047,ST
2026-10-03T00:00:49.339923+00:00,ST600040,02,2,20261003085436,20261002145449,20261003043958,,ST
2026-10-03T00:00:49.339923+00:00,ME174046,01,2,20261003085701,20261002060817,20261002064852,,ME
2026-10-03T00:00:49.339923+00:00,ME174050,01,2,20261003085806,20261001170730,20261001170951,,ME
2026-10-03T00:00:49.339923+00:00,ME174050,02,2,20261003085836,20261003022325,20261003030646,,ME
2026-10-03T00:00:49.339923+00:00,ME174050,03,2,20261003085539,20261003052247,20261003060313,,ME
2026-10-03T00:00:49.339923+00:00,ME174050,04,2,20261003085818,20260930105634,20260930112000,,ME
2026-10-03T00:00:49.339923+00:00,ME174050,05,2,20261003085825,20261002113641,20261002121236,,ME
2026-10-03T00:00:49.339923+00:00,ME174061,01,3,20261003085831,20261002140948,20261002145309,20261003083825,ME
2026-10-03T00:00:49.339923+00:00,ME174062,01,2,20261003085816,20261001151914,20261001153740,,ME
2026-10-03T00:00:49.339923+00:00,ME183101,01,2,20261003085753,20261002151207,20261002151432,,ME
2026-10-03T00:00:49.339923+00:00,ME183101,02,2,20261003085749,20261002153053,20261002160300,,ME
2026-10-03T00:00:49.339923+00:00,ME183101,03,2,20261003085626,20261002191454,20261002192333,,ME
2026-10-03T00:00:49.339923+00:00,ME183101,04,2,20261003085758,20261002153240,20261002153551,,ME
2026-10-03T00:00:49.339923+00:00,ME183101,52,2,20261003085744,20261002115343,20261002115600,,ME
2026-10-03T00:00:49.339923+00:00,ME183101,54,2,20261003085802,20261002120136,20261002120334,,ME
2026-10-03T00:00:49.339923+00:00,ME183102,02,2,20261003085730,20261002125719,20261002132630,,ME
2026-10-03T00:00:49.339923+00:00,ME183102,52,2,20261003085740,20261002054830,20261002083559,,ME
2026-10-03T00:00:49.339923+00:00,ME184122,01,2,20261003085509,20261001164001,20261001172322,,ME
2026-10-03T00:00:49.339923+00:00,ME184124,01,2,20261003085835,20261002181516,20261002182536,,ME
2026-10-03T00:00:49.339923+00:00,ME184125,01,2,20261003085704,20261001133809,20261001141849,,ME
2026-10-03T00:00:49.339923+00:00,ME184126,02,2,20261003085649,20261002165033,20261002171334,,ME
2026-10-03T00:00:49.339923+00:00,ME18A173,01,2,20261003085547,20261002161043,20261002163234,,ME
2026-10-03T00:00:49.339923+00:00,ME18A174,01,2,20261003085452,20261003080409,20261003081525,,ME
2026-10-03T00:00:49.339923+00:00,ME18A175,01,2,20261003085534,20261002172804,20261002174344,,ME
2026-10-03T00:00:49.339923+00:00,ME18A180,01,2,20261003085615,20261002223135,20261002230540,,ME
2026-10-03T00:00:49.339923+00:00,ME18A268,11,2,20261003085420,20261003064814,20261003065753,,ME
2026-10-03T00:00:49.339923+00:00,ME18A268,12,3,20261003085433,20261002163119,20261002170319,20261003083427,ME
2026-10-03T00:00:49.339923+00:00,ME18A269,11,3,20261003085806,20261002173543,20261002175146,20261003085804,ME
2026-10-03T00:00:49.339923+00:00,ME18A269,12,2,20261003085444,20261002175313,20261002181141,,ME
2026-10-03T00:00:49.339923+00:00,ME18A270,11,2,20261003085440,20261002081142,20261002083239,,ME
2026-10-03T00:00:49.339923+00:00,ME18A270,12,2,20261003085445,20261002092648,20261002094617,,ME
2026-10-03T00:00:49.339923+00:00,ME18A271,01,2,20261003085410,20260929162754,20260929170453,,ME
2026-10-03T00:00:49.339923+00:00,ME18A271,02,2,20261003085553,20261001163502,20261001170516,,ME
2026-10-03T00:00:49.339923+00:00,ME18A272,11,2,20261003085634,20261003072119,20261003080422,,ME
2026-10-03T00:00:49.339923+00:00,ME18A272,12,2,20261003085633,20261001160557,20261001164900,,ME
2026-10-03T00:00:49.339923+00:00,ME18A273,11,2,20261003085802,20261002171511,20261002173052,,ME
2026-10-03T00:00:49.339923+00:00,ME18A273,12,3,20261003085808,20261003081704,20261003084820,20261003084912,ME
2026-10-03T00:00:49.339923+00:00,ME18A274,11,2,20261003085455,20261001134951,20261001143233,,ME
2026-10-03T00:00:49.339923+00:00,ME18A274,12,2,20261003085453,20261002205228,20261002213757,,ME
2026-10-03T00:00:49.339923+00:00,ME18A275,11,2,20261003085526,20261003082614,20261003084525,,ME
2026-10-03T00:00:49.339923+00:00,ME18A275,12,2,20261003085533,20261003025941,20261003034129,,ME
2026-10-03T00:00:49.339923+00:00,ME18A281,11,2,20261003085824,20260930150635,20260930151317,,ME
2026-10-03T00:00:49.339923+00:00,ME18A281,12,2,20261003085828,20261002080828,20261002085133,,ME
2026-10-03T00:00:49.339923+00:00,ME18A306,01,2,20261003085836,20260930080057,20260930083747,,ME
2026-10-03T00:00:49.339923+00:00,ME18A306,11,2,20261003085832,20261002121626,20261002130155,,ME
2026-10-03T00:00:49.339923+00:00,ME18A306,12,2,20261003085837,20260928095330,20260928095457,,ME
2026-10-03T00:00:49.339923+00:00,ME18A404,03,9,20261003085310,20260928180613,20260928184617,,ME
2026-10-03T00:00:49.339923+00:00,ME18A404,04,2,20261003085123,20260930110303,20260930111942,,ME
2026-10-03T00:00:49.339923+00:00,ME19B169,01,2,20261003085419,20261001120400,20261001124405,,ME
2026-10-03T00:00:49.339923+00:00,ME19B170,01,2,20261003085433,20261003060250,20261003061808,,ME
2026-10-03T00:00:49.339923+00:00,ME19B171,01,2,20261003085838,20261002160937,20261002164937,,ME
2026-10-03T00:00:49.339923+00:00,ME19B172,01,2,20261003085854,20261002205622,20261002211300,,ME
2026-10-03T00:00:49.339923+00:00,ME19B173,01,2,20261003085626,20261002155125,20261002155305,,ME
2026-10-03T00:00:49.339923+00:00,ME20B1e1,01,2,20261003085423,20260923131203,20260923131340,,ME
2026-10-03T00:00:49.339923+00:00,ME20B1e2,01,2,20261003085811,20261003070959,20261003074547,,ME
2026-10-03T00:00:49.339923+00:00,ME20B1e3,01,2,20261003085633,20261003081617,20261003085617,,ME
2026-10-03T00:00:49.339923+00:00,ME20B2a0,91,2,20261003085514,20261003080238,20261003083627,,ME
2026-10-03T00:00:49.339923+00:00,ME20B2a0,92,2,20261003085506,20261002111633,20261002111803,,ME
2026-10-03T00:00:49.339923+00:00,ME20B2a1,21,2,20261003085454,20260930153947,20260930161947,,ME
2026-10-03T00:00:49.339923+00:00,ME20B2a1,22,2,20261003085455,20260923104352,20260923104521,,ME
2026-10-03T00:00:49.339923+00:00,ME20B2a2,21,2,20261003085714,20261001165128,20261001165303,,ME
2026-10-03T00:00:49.339923+00:00,ME20B2a2,22,2,20261003085715,20261002070459,20261002072043,,ME
2026-10-03T00:00:49.339923+00:00,ME20B416,21,2,20261003085906,20261002093311,20261002094122,,ME
2026-10-03T00:00:49.339923+00:00,ME20B416,22,2,20261003085906,20261002170739,20261002171439,,ME
2026-10-03T00:00:49.339923+00:00,ME20B416,23,2,20261003085909,20261001153213,20261001154816,,ME
2026-10-03T00:00:49.339923+00:00,ME20B416,24,2,20261003085910,20261002165341,20261002172241,,ME
2026-10-03T00:00:49.339923+00:00,ME20B417,41,2,20261003085757,20261001133924,20261001141346,,ME
2026-10-03T00:00:49.339923+00:00,ME20B417,42,2,20261003085823,20261002165845,20261002173845,,ME
2026-10-03T00:00:49.339923+00:00,ME20B417,43,2,20261003085829,20261002182656,20261002190656,,ME
2026-10-03T00:00:49.339923+00:00,ME20B417,44,2,20261003085824,20261002192540,20261002200134,,ME
2026-10-03T00:00:49.339923+00:00,ME21B251,02,3,20261003085741,20261002190542,20261002194545,20261003085335,ME
2026-10-03T00:00:49.339923+00:00,ME21D057,01,3,20261003085750,20261002160502,20261002161052,20261003081916,ME
2026-10-03T00:00:49.339923+00:00,ME21D060,01,3,20261003085752,20261003033508,20261003041514,20261003083931,ME
2026-10-03T00:00:49.339923+00:00,ME21D061,01,2,20261003085813,20261003065610,20261003073614,,ME
2026-10-03T00:00:49.339923+00:00,ME21D063,01,3,20261003085816,20261002183343,20261002191346,20261003082549,ME
2026-10-03T00:00:49.339923+00:00,ME21D064,01,3,20261003085757,20261003005635,20261003010604,20261003084748,ME
2026-10-03T00:00:49.339923+00:00,ME21D077,01,3,20261003085805,20261002191639,20261002193659,20261003082934,ME
2026-10-03T00:00:49.339923+00:00,ME21D078,01,3,20261003085821,20261003075103,20261003083109,20261003083604,ME
2026-10-03T00:00:49.339923+00:00,ME21X008,01,3,20261003085516,20261002154244,20261002162150,20261003085515,ME
2026-10-03T00:00:49.339923+00:00,ME22A611,31,3,20261003085746,20261003072311,20261003080317,20261003083730,ME
2026-10-03T00:00:49.339923+00:00,ME22A611,34,3,20261003085741,20261003075742,20261003082848,20261003085747,ME
2026-10-03T00:00:49.339923+00:00,ME22B336,81,2,20261003085406,20261003081403,20261003085409,,ME
2026-10-03T00:00:49.339923+00:00,ME22D1H1,01,2,20261003085816,20261003021250,20261003025250,,ME
2026-10-03T00:00:49.339923+00:00,ME25C181,01,2,20261003085633,20261003071001,20261003071834,,ME
2026-10-03T00:00:49.339923+00:00,ME25C182,01,4,20261003085709,20261002202426,20261002205244,,ME
2026-10-03T00:00:49.339923+00:00,ME25C281,21,3,20261003085824,20261002135858,20261002143201,20261003084609,ME
2026-10-03T00:00:49.339923+00:00,ME25C281,22,2,20261003085826,20261002190950,20261002192858,,ME
2026-10-03T00:00:49.339923+00:00,ME25C318,01,2,20261003085833,20261003064934,20261003072813,,ME
2026-10-03T00:00:49.339923+00:00,ME25C318,21,4,20261003085909,20260926115518,20260926122747,,ME
2026-10-03T00:00:49.339923+00:00,ME25C318,22,2,20261003085831,20260919182628,20260919184105,,ME
2026-10-03T00:00:49.339923+00:00,ME25C431,01,2,20261003085905,20260914133046,20260914133228,,ME
2026-10-03T00:00:49.339923+00:00,ME25C431,02,2,20261003085540,20260929180949,20260929184722,,ME
2026-10-03T00:00:49.339923+00:00,ME25C431,03,2,20261003085436,20261001230801,20261001232738,,ME
2026-10-03T00:00:49.339923+00:00,ME25C431,04,2,20261003085444,20261002211435,20261002213203,,ME
2026-10-03T00:00:49.339923+00:00,CV004597,14,2,20261003085545,20261003081507,20261003085205,,CV
2026-10-03T00:00:49.339923+00:00,GR000024,02,3,20261003085856,20261002135841,20261002171652,20261003085856,GR
2026-10-03T00:00:49.339923+00:00,HE240036,01,2,20261003085800,20261003082400,20261003085800,,HE
2026-10-03T00:00:49.339923+00:00,HE240435,09,2,20261003085900,20261003054400,20261003085900,,HE
2026-10-03T00:00:49.339923+00:00,JA500005,13,2,20261003090004,20261002150703,20261003090004,,JA
2026-10-03T00:00:49.339923+00:00,JD000010,04,2,20261003085450,20261003082249,20261003085314,,JD
2026-10-03T00:00:49.339923+00:00,JD000077,01,2,20261003085643,20261002125237,20261002151622,,JD
2026-10-03T00:00:49.339923+00:00,JD000085,05,3,20261003085728,20261003085728,20261003032158,20261003085621,JD
2026-10-03T00:00:49.339923+00:00,JD160028,01,3,20261003085644,20261003085644,20261002195450,20261003085520,JD
2026-10-03T00:00:49.339923+00:00,JD160051,02,2,20261003085451,20261003082249,20261003085303,,JD
2026-10-03T00:00:49.339923+00:00,JD160053,08,3,20261003085553,20261003085553,20261002205944,20261002204100,JD
2026-10-03T00:00:49.339923+00:00,JD160069,01,2,20261003085950,20261003081432,20261003085432,,JD
2026-10-03T00:00:49.339923+00:00,JD160080,03,2,20261003085331,20261002233856,20261003024257,,JD
2026-10-03T00:00:49.339923+00:00,JD160084,01,3,20261003085228,20261003085228,20261003050227,20261003085146,JD
2026-10-03T00:00:49.339923+00:00,JD160094,01,3,20261003085228,20261003085228,20261002210430,20261003085134,JD
2026-10-03T00:00:49.339923+00:00,JE020002,13,2,20261003085229,20261003074126,20261003084107,,JE
2026-10-03T00:00:49.339923+00:00,JE020101,01,2,20261003085824,20261002221252,20261003085822,,JE
2026-10-03T00:00:49.339923+00:00,JE020116,02,3,20261003085425,20260928120935,20260928133831,20261003085249,JE
2026-10-03T00:00:49.339923+00:00,JE020137,04,2,20261003085824,20261003081343,20261003085332,,JE
2026-10-03T00:00:49.339923+00:00,JE020137,06,3,20261003085229,20261002214008,20261002222654,20261003085154,JE
2026-10-03T00:00:49.339923+00:00,JE043009,03,3,20261003085229,20261001065213,20261001112029,20261003085032,JE
2026-10-03T00:00:49.339923+00:00,JE900198,02,3,20261003085426,20261002195246,20261002213339,20261003085402,JE
2026-10-03T00:00:49.339923+00:00,JE900249,01,2,20261003085825,20261003082103,20261003085713,,JE
2026-10-03T00:00:49.339923+00:00,JE910011,01,2,20261003085825,20261002183142,20261003004342,,JE
2026-10-03T00:00:49.339923+00:00,JE910118,01,2,20261003085625,20261002210744,20261003035243,,JE
2026-10-03T00:00:49.339923+00:00,JE910129,02,2,20261003085426,20261002203329,20261002231949,,JE
2026-10-03T00:00:49.339923+00:00,JE910133,01,2,20261003085230,20261003082150,20261003085228,,JE
2026-10-03T00:00:49.339923+00:00,KP000433,02,3,20261003090007,20261002192210,20261002200248,20261003085517,KP
2026-10-03T00:00:49.339923+00:00,KP000434,02,2,20261003090009,20261003081642,20261003085245,,KP
2026-10-03T00:00:49.339923+00:00,LU003940,28,2,20261003085538,20261002221116,20261003023211,,LU
2026-10-03T00:00:49.339923+00:00,MO501311,01,2,20261003090004,20261003090001,20261003090004,,MO
2026-10-03T00:00:49.339923+00:00,MO501319,01,9,20261003090004,20260221113134,20260221113140,,MO
2026-10-03T00:00:49.339923+00:00,MO501319,02,2,20261003090004,20260114160320,20260114160326,,MO
2026-10-03T00:00:49.339923+00:00,MO501321,01,2,20261003090004,20261003090001,20261003090004,,MO
2026-10-03T00:00:49.339923+00:00,MO501328,01,2,20261003090004,20251012210231,20251012210247,,MO
2026-10-03T00:00:49.339923+00:00,PC000935,04,2,20261003085253,20261002140623,20261002143953,,PC
2026-10-03T00:00:49.339923+00:00,PI700499,03,2,20261003085104,20261002183945,20261003014728,,PI
2026-10-03T00:00:49.339923+00:00,PI718354,01,2,20261003085053,20261002171016,20261002220931,,PI
2026-10-03T00:00:49.339923+00:00,PIH01105,20,2,20261003085726,20261002141225,20261003085227,,PI
2026-10-03T00:00:49.339923+00:00,PIS00777,03,3,20261003085838,20261003085647,20261002162328,20261003085838,PI
2026-10-03T00:00:49.339923+00:00,PIS00778,08,2,20261003085344,20261002172837,20261002202746,,PI
2026-10-03T00:00:49.339923+00:00,PL032061,10,2,20261003085550,20261002220036,20261003085550,,PL
2026-10-03T00:00:49.339923+00:00,PL033565,02,2,20261003085506,20261002215624,20261003085506,,PL
2026-10-03T00:00:49.339923+00:00,PL033565,03,3,20261003085939,20261003085939,20261002054337,20261003085939,PL
2026-10-03T00:00:49.339923+00:00,PL033579,01,3,20261003085219,20261003085219,20261003064828,20261003085219,PL
2026-10-03T00:00:49.339923+00:00,PW010390,01,2,20261003085408,20261002222606,20261003084938,,PW
2026-10-03T00:00:49.339923+00:00,PW012555,02,2,20261003085109,20261002190020,20261002201537,,PW
2026-10-03T00:00:49.339923+00:00,PW012555,03,2,20261003085509,20261002211536,20261003053038,,PW
2026-10-03T00:00:49.339923+00:00,PW012800,01,2,20261003085512,20261002201618,20261003085156,,PW
2026-10-03T00:00:49.339923+00:00,PW012800,02,2,20261003085912,20261002121951,20261003014529,,PW
2026-10-03T00:00:49.339923+00:00,PW015119,06,2,20261003085635,20261002181215,20261002194233,,PW
2026-10-03T00:00:49.339923+00:00,PW015216,01,2,20261003085708,20261002211757,20261003083200,,PW
2026-10-03T00:00:49.339923+00:00,PW100561,09,2,20261003085508,20261002204042,20261003034110,,PW
2026-10-03T00:00:49.339923+00:00,PW100561,11,2,20261003090009,20261003005425,20261003010934,,PW
2026-10-03T00:00:49.339923+00:00,PW801237,02,2,20261003085827,20261001191336,20261001233811,,PW
2026-10-03T00:00:49.339923+00:00,PW801237,03,3,20261003085333,20261003085333,20261003032522,20261003085139,PW
2026-10-03T00:00:49.339923+00:00,ST501323,02,3,20261003085509,20260930135345,20261002170457,20261003085509,ST
2026-10-03T00:00:49.339923+00:00,ST601117,02,3,20261003085058,20261002025644,20261002034023,20261003085058,ST
2026-10-03T00:00:49.339923+00:00,UP348857,01,1,20261003090005,20260921164001,20260921190001,,UP
2026-10-03T00:15:33.637978+00:00,ME174067,01,2,20261003091326,20261002082430,20261002090050,,ME
2026-10-03T00:15:33.637978+00:00,ME181538,01,2,20261003091212,20261001112620,20261001112816,,ME
2026-10-03T00:15:33.637978+00:00,ME181539,01,2,20261003091349,20261003073706,20261003080852,,ME
2026-10-03T00:15:33.637978+00:00,ME181541,01,2,20261003091216,20261001104110,20261001112114,,ME
2026-10-03T00:15:33.637978+00:00,ME184129,01,2,20261003091344,20260930110036,20260930111706,,ME
2026-10-03T00:15:33.637978+00:00,ME184130,01,2,20261003091347,20261003020940,20261003024601,,ME
2026-10-03T00:15:33.637978+00:00,ME184131,01,2,20261003090948,20261003071227,20261003075548,,ME
2026-10-03T00:15:33.637978+00:00,ME18A176,01,2,20261003091214,20261003011408,20261003015611,,ME
2026-10-03T00:15:33.637978+00:00,ME18A177,01,2,20261003091042,20261002191745,20261002192825,,ME
2026-10-03T00:15:33.637978+00:00,ME18A178,01,2,20261003091212,20261003070711,20261003075322,,ME
2026-10-03T00:15:33.637978+00:00,ME18A179,01,2,20261003091359,20261003080718,20261003081009,,ME
2026-10-03T00:15:33.637978+00:00,ME18A276,11,2,20261003091051,20260927190040,20260927190352,,ME
2026-10-03T00:15:33.637978+00:00,ME18A276,12,2,20261003091040,20260925101706,20260925104659,,ME
2026-10-03T00:15:33.637978+00:00,ME18A277,11,2,20261003090955,20261002173447,20261002182015,,ME
2026-10-03T00:15:33.637978+00:00,ME18A277,12,2,20261003091000,20261002200527,20261002202148,,ME
2026-10-03T00:15:33.637978+00:00,ME18A278,01,2,20261003091209,20261002201458,20261002210104,,ME
2026-10-03T00:15:33.637978+00:00,ME18A278,02,3,20261003091109,20261003045052,20261003052353,20261003084440,ME
2026-10-03T00:15:33.637978+00:00,ME18A279,11,2,20261003091036,20261002153932,20261002162237,,ME
2026-10-03T00:15:33.637978+00:00,ME18A279,12,2,20261003091028,20261003082006,20261003084225,,ME
2026-10-03T00:15:33.637978+00:00,ME18A280,11,2,20261003091103,20261002224817,20261002225831,,ME
2026-10-03T00:15:33.637978+00:00,ME18A280,12,2,20261003091054,20261003081023,20261003084440,,ME
2026-10-03T00:15:33.637978+00:00,ME18A282,11,2,20261003091237,20261002220306,20261002222057,,ME
2026-10-03T00:15:33.637978+00:00,ME18A282,12,2,20261003091248,20261002163011,20261002170307,,ME
2026-10-03T00:15:33.637978+00:00,ME18A283,11,2,20261003090913,20261002163239,20261002170837,,ME
2026-10-03T00:15:33.637978+00:00,ME18A283,12,2,20261003090912,20261002180452,20261002184756,,ME
2026-10-03T00:15:33.637978+00:00,ME18A307,01,2,20261003091022,20261003083823,20261003085143,,ME
2026-10-03T00:15:33.637978+00:00,ME18A308,01,2,20261003091407,20261002125933,20261002133600,,ME
2026-10-03T00:15:33.637978+00:00,ME18A308,11,2,20261003091330,20261001170716,20261001171059,,ME
2026-10-03T00:15:33.637978+00:00,ME18A308,12,2,20261003091332,20261002131713,20261002140015,,ME
2026-10-03T00:15:33.637978+00:00,ME18A309,01,2,20261003091129,20261002211926,20261002220232,,ME
2026-10-03T00:15:33.637978+00:00,ME18A309,11,2,20261003091324,20261002195301,20261002203053,,ME
2026-10-03T00:15:33.637978+00:00,ME18A309,12,2,20261003091328,20261003050033,20261003053407,,ME
2026-10-03T00:15:33.637978+00:00,ME19B174,11,2,20261003091341,20261003022600,20261003025459,,ME
2026-10-03T00:15:33.637978+00:00,ME19B174,12,2,20261003091337,20261003074423,20261003081924,,ME
2026-10-03T00:15:33.637978+00:00,ME19B253,21,3,20261003091258,20261002172608,20261002172755,20261003091053,ME
2026-10-03T00:15:33.637978+00:00,ME19D126,01,2,20261003091221,20261003072713,20261003080713,,ME
2026-10-03T00:15:33.637978+00:00,ME19D127,01,3,20261003091007,20261002123415,20261002130838,20261003085505,ME
2026-10-03T00:15:33.637978+00:00,ME19D128,01,2,20261003091128,20260927183731,20260927185259,,ME
2026-10-03T00:15:33.637978+00:00,ME19Y240,21,2,20261003091155,20261002215358,20261002222655,,ME
2026-10-03T00:15:33.637978+00:00,ME19Y240,22,2,20261003091155,20261003055231,20261003062053,,ME
2026-10-03T00:15:33.637978+00:00,ME19Y269,01,2,20261003091020,20261003081301,20261003082210,,ME
2026-10-03T00:15:33.637978+00:00,ME19Y269,02,2,20261003091346,20261003084251,20261003090412,,ME
2026-10-03T00:15:33.637978+00:00,ME19Y270,01,2,20261003091346,20261002212244,20261002215839,,ME
2026-10-03T00:15:33.637978+00:00,ME19Y270,02,2,20261003091114,20261003065621,20261003071828,,ME
2026-10-03T00:15:33.637978+00:00,ME19Y271,01,2,20261003091155,20261002075728,20261002081838,,ME
2026-10-03T00:15:33.637978+00:00,ME19Y271,02,2,20261003090951,20261002170346,20261002171626,,ME
2026-10-03T00:15:33.637978+00:00,ME20B1e4,01,2,20261003091014,20261002151441,20261002155441,,ME
2026-10-03T00:15:33.637978+00:00,ME20B1e5,01,2,20261003091355,20261002194050,20261002195657,,ME
2026-10-03T00:15:33.637978+00:00,ME20B1e6,91,2,20261003091133,20261003020927,20261003023813,,ME
2026-10-03T00:15:33.637978+00:00,ME20B2a3,21,2,20261003091334,20261002111422,20261002114253,,ME
2026-10-03T00:15:33.637978+00:00,ME20B2a3,22,2,20261003091334,20261002110643,20261002114025,,ME
2026-10-03T00:15:33.637978+00:00,ME20B2a4,21,2,20261003091035,20261003061519,20261003063434,,ME
2026-10-03T00:15:33.637978+00:00,ME20B2a4,22,2,20261003091035,20261003083033,20261003085829,,ME
2026-10-03T00:15:33.637978+00:00,ME20B2a5,21,2,20261003090916,20261002181447,20261002185447,,ME
2026-10-03T00:15:33.637978+00:00,ME20B2a5,22,3,20261003091154,20261002191403,20261002195403,20261003084646,ME
2026-10-03T00:15:33.637978+00:00,ME20B2a6,21,2,20261003091355,20261002085825,20261002092516,,ME
2026-10-03T00:15:33.637978+00:00,ME20B2a6,22,2,20261003091355,20261003075220,20261003082923,,ME
2026-10-03T00:15:33.637978+00:00,ME20B2a7,21,2,20261003091247,20261003065456,20261003071206,,ME
2026-10-03T00:15:33.637978+00:00,ME20B2a7,22,2,20261003091248,20261003064549,20261003072549,,ME
2026-10-03T00:15:33.637978+00:00,ME20B2a8,21,2,20261003091215,20261003075942,20261003082050,,ME
2026-10-03T00:15:33.637978+00:00,ME20B2a8,22,2,20261003091215,20261003081323,20261003085147,,ME
2026-10-03T00:15:33.637978+00:00,ME20B2a9,21,2,20261003091407,20261003060046,20261003060717,,ME
2026-10-03T00:15:33.637978+00:00,ME20B2a9,22,3,20261003091122,20261003082238,20261003084645,20261003085116,ME
2026-10-03T00:15:33.637978+00:00,ME20B2b0,21,2,20261003091220,20261003072718,20261003080510,,ME
2026-10-03T00:15:33.637978+00:00,ME20B2b0,22,2,20261003091220,20261002151921,20261002152131,,ME
2026-10-03T00:15:33.637978+00:00,ME20B2b1,21,2,20261003091138,20261002153642,20261002160158,,ME
2026-10-03T00:15:33.637978+00:00,ME20B2b1,22,2,20261003091138,20261002121807,20261002124510,,ME
2026-10-03T00:15:33.637978+00:00,ME20B2b2,21,2,20261003091029,20260916145246,20260916145416,,ME
2026-10-03T00:15:33.637978+00:00,ME20B2b2,22,2,20261003091029,20260925110458,20260925114155,,ME
2026-10-03T00:15:33.637978+00:00,ME20B2b3,21,2,20261003091106,20261002164222,20261002171007,,ME
2026-10-03T00:15:33.637978+00:00,ME20B2b3,22,2,20261003091106,20261003060025,20261003064025,,ME
2026-10-03T00:15:33.637978+00:00,ME20B2b4,01,2,20261003091304,20261002092503,20261002100503,,ME
2026-10-03T00:15:33.637978+00:00,ME20B2b4,02,2,20261003091308,20261001134855,20261001142855,,ME
2026-10-03T00:15:33.637978+00:00,ME20B418,41,2,20261003090928,20261003045356,20261003053356,,ME
2026-10-03T00:15:33.637978+00:00,ME20B418,42,2,20261003090948,20261002151728,20261002155728,,ME
2026-10-03T00:15:33.637978+00:00,ME20B418,43,2,20261003091008,20261002181721,20261002185721,,ME
2026-10-03T00:15:33.637978+00:00,ME20B418,44,3,20261003091127,20261003081749,20261003085749,20261003090128,ME
2026-10-03T00:15:33.637978+00:00,ME21B409,04,3,20261003091332,20261002203420,20261002205034,20261003090322,ME
2026-10-03T00:15:33.637978+00:00,ME21D080,01,3,20261003091257,20261003060300,20261003063622,20261003091054,ME
2026-10-03T00:15:33.637978+00:00,ME21D081,01,2,20261003090709,20261003084913,20261003090700,,ME
2026-10-03T00:15:33.637978+00:00,ME21D084,01,3,20261003091303,20261003003444,20261003010615,20261003091301,ME
2026-10-03T00:15:33.637978+00:00,ME21D086,01,3,20261003091239,20261003053231,20261003060006,20261003090835,ME
2026-10-03T00:15:33.637978+00:00,ME21D095,01,3,20261003091230,20261002232444,20261002234237,20261003091033,ME
2026-10-03T00:15:33.637978+00:00,ME21D098,01,3,20261003091319,20261002181259,20261002182337,20261003090914,ME
2026-10-03T00:15:33.637978+00:00,ME21D101,01,3,20261003091235,20261002214459,20261002215813,20261003090023,ME
2026-10-03T00:15:33.637978+00:00,ME21D103,01,3,20261003091305,20261002092600,20261002100603,20261002181307,ME
2026-10-03T00:15:33.637978+00:00,ME21D104,01,3,20261003091341,20261003065732,20261003073735,20261003085732,ME
2026-10-03T00:15:33.637978+00:00,ME21D113,01,3,20261003091247,20261003060309,20261003062404,20261003083823,ME
2026-10-03T00:15:33.637978+00:00,ME21X010,01,2,20261003091200,20261002143701,20261002144931,,ME
2026-10-03T00:15:33.637978+00:00,ME21X014,01,2,20261003091259,20261002134920,20261002143007,,ME
2026-10-03T00:15:33.637978+00:00,ME21X015,01,2,20261003091039,20261002191129,20261002195419,,ME
2026-10-03T00:15:33.637978+00:00,ME22C305,03,3,20261003091220,20261003080440,20261003084444,20261003085000,ME
2026-10-03T00:15:33.637978+00:00,ME22D155,01,2,20261003091338,20261002223029,20261002231029,,ME
2026-10-03T00:15:33.637978+00:00,ME22D156,01,2,20261003091159,20261003075808,20261003083801,,ME
2026-10-03T00:15:33.637978+00:00,ME22D161,01,2,20261003091042,20261002233138,20261003001138,,ME
2026-10-03T00:15:33.637978+00:00,ME22D162,01,2,20261003091316,20261002204937,20261002212731,,ME
2026-10-03T00:15:33.637978+00:00,ME22D176,01,2,20261003091353,20261002124709,20261002124849,,ME
2026-10-03T00:15:33.637978+00:00,ME22D1H0,01,2,20261003091316,20261003073550,20261003081550,,ME
2026-10-03T00:15:33.637978+00:00,ME22D219,01,5,20261003091350,20261003061803,20261003063836,,ME
2026-10-03T00:15:33.637978+00:00,ME22D219,02,2,20261003091050,20261003065915,20261003073915,,ME
2026-10-03T00:15:33.637978+00:00,ME22D235,01,2,20261003091248,20261003080606,20261003083025,,ME
2026-10-03T00:15:33.637978+00:00,ME22D235,02,2,20261003091047,20261003054900,20261003060740,,ME
2026-10-03T00:15:33.637978+00:00,ME22D401,01,3,20261003091219,20261002203910,20261002211606,20261003085202,ME
2026-10-03T00:15:33.637978+00:00,ME22D401,02,2,20261003091347,20261003084257,20261003090248,,ME
2026-10-03T00:15:33.637978+00:00,ME22D401,03,2,20261003091352,20261003065534,20261003073534,,ME
2026-10-03T00:15:33.637978+00:00,ME22D401,04,2,20261003091401,20261003084655,20261003091216,,ME
2026-10-03T00:15:33.637978+00:00,ME25C183,01,2,20261003091350,20261001045802,20261001051029,,ME
2026-10-03T00:15:33.637978+00:00,ME25C184,01,2,20261003091137,20261003050002,20261003053503,,ME
2026-10-03T00:15:33.637978+00:00,ME25C282,21,2,20261003091403,20261002125916,20261002133918,,ME
2026-10-03T00:15:33.637978+00:00,ME25C282,22,2,20261003091405,20261002185937,20261002192137,,ME
2026-10-03T00:15:33.637978+00:00,ME25C283,01,2,20261003091241,20261002135941,20261002143943,,ME
2026-10-03T00:15:33.637978+00:00,ME25C283,02,2,20261003090915,20261003080649,20261003082745,,ME
2026-10-03T00:15:33.637978+00:00,ME25C284,01,2,20261003091346,20260930133648,20260930141649,,ME
2026-10-03T00:15:33.637978+00:00,ME25C284,02,2,20261003090946,20261003080508,20261003084512,,ME
2026-10-03T00:15:33.637978+00:00,BE241057,02,3,20261003091150,20261003091150,20261002190605,20261003091150,BE
2026-10-03T00:15:33.637978+00:00,BE241063,02,3,20261003091207,20261003091207,20261003062921,20261003091207,BE
2026-10-03T00:15:33.637978+00:00,BT000077,01,3,20261003091000,20261003074647,20261003075459,20261003082340,BT
2026-10-03T00:15:33.637978+00:00,BT100011,01,2,20261003091350,20261003091257,20261003091350,,BT
2026-10-03T00:15:33.637978+00:00,CV000158,01,2,20261003091016,20261003073654,20261003090938,,CV
2026-10-03T00:15:33.637978+00:00,CV001630,02,3,20261003091022,20261003090818,20261003090817,20261003090818,CV
2026-10-03T00:15:33.637978+00:00,CV001630,07,3,20261003091026,20261003090854,20261003090858,20261003090854,CV
2026-10-03T00:15:33.637978+00:00,EO000015,01,3,20261003091001,20261003081804,20261003082917,20261003090732,EO
2026-10-03T00:15:33.637978+00:00,EV021520,03,2,20261003091255,20261002180913,20261003090616,,EV
2026-10-03T00:15:33.637978+00:00,GS000116,02,5,20261003091222,20261002124259,20261002125803,,GS
2026-10-03T00:15:33.637978+00:00,HE240172,02,3,20261003091400,20261003091400,20261002155031,20261003091400,HE
2026-10-03T00:15:33.637978+00:00,HE240172,04,2,20261003091500,20261003090400,20261003091500,,HE
2026-10-03T00:15:33.637978+00:00,HE240279,01,9,20261003091310,20261003083200,20261003004538,20261003083200,HE
2026-10-03T00:15:33.637978+00:00,HRA00075,01,2,20261003091308,20261003001309,20261003001309,,HR
2026-10-03T00:15:33.637978+00:00,JD000003,11,3,20261003090900,20261003090900,20261003085800,20261003090900,JD
2026-10-03T00:15:33.637978+00:00,JD000007,01,2,20261003091247,20261003085832,20261003091041,,JD
2026-10-03T00:15:33.637978+00:00,JD000013,01,2,20261003091120,20261003083144,20261003091001,,JD
2026-10-03T00:15:33.637978+00:00,JD000054,01,2,20261003091500,20260820114629,20260820143748,,JD
2026-10-03T00:15:33.637978+00:00,JD000070,02,3,20261003090652,20261003090652,20261002171353,20261003090522,JD
2026-10-03T00:15:33.637978+00:00,JD100005,01,2,20261003091500,20261003091400,20261003091500,,JD
2026-10-03T00:15:33.637978+00:00,JD100005,02,2,20261003091400,20261003091200,20261003091400,,JD
2026-10-03T00:15:33.637978+00:00,JD110001,01,3,20261003090834,20261003090834,20261002165545,20261003090602,JD
2026-10-03T00:15:33.637978+00:00,JD110022,02,2,20261003091247,20261003075648,20261003080935,,JD
2026-10-03T00:15:33.637978+00:00,JD110081,01,2,20261003090957,20261003082508,20261003090508,,JD
2026-10-03T00:15:33.637978+00:00,JD110100,01,2,20261003091247,20261003090949,20261003091011,,JD
2026-10-03T00:15:33.637978+00:00,JD110138,01,2,20261003091453,20261003083335,20261003091335,,JD
2026-10-03T00:15:33.637978+00:00,JE010006,03,3,20261003090826,20261002143042,20261002171055,20261003090629,JE
2026-10-03T00:15:33.637978+00:00,JE010069,01,3,20261003091028,20261003085114,20261003085713,20261003091011,JE
2026-10-03T00:15:33.637978+00:00,JE010214,02,3,20261003091426,20261002104428,20261002222336,20261003091239,JE
2026-10-03T00:15:33.637978+00:00,JE010236,01,2,20261003090826,20261003083040,20261003090819,,JE
2026-10-03T00:15:33.637978+00:00,JE010237,02,2,20261003090826,20261003075348,20261003090722,,JE
2026-10-03T00:15:33.637978+00:00,JE010253,01,2,20261003091426,20261002181718,20261003090006,,JE
2026-10-03T00:15:33.637978+00:00,JE010272,01,2,20261003090626,20261002224322,20261003090140,,JE
2026-10-03T00:15:33.637978+00:00,JE010278,03,2,20261003091224,20261002202146,20261003091109,,JE
2026-10-03T00:15:33.637978+00:00,JE010281,05,3,20261003091224,20261003074658,20261003080636,20261003091052,JE
2026-10-03T00:15:33.637978+00:00,JE010289,09,3,20261003091426,20261002125701,20261002140917,20261003091315,JE
2026-10-03T00:15:33.637978+00:00,JE020157,04,2,20261003091426,20261003085658,20261003091305,,JE
2026-10-03T00:15:33.637978+00:00,JE040090,02,3,20261003091426,20261002181017,20261003073456,20261003091346,JE
2026-10-03T00:15:33.637978+00:00,JE900002,01,2,20261003090627,20261003074226,20261003090518,,JE
2026-10-03T00:15:33.637978+00:00,JE900058,02,3,20261003091029,20261002191713,20261002210450,20261003090942,JE
2026-10-03T00:15:33.637978+00:00,JE900128,02,3,20261003090827,20261002211649,20261002230519,20261003090726,JE
2026-10-03T00:15:33.637978+00:00,JE900128,04,2,20261003091225,20261002160451,20261003002617,,JE
2026-10-03T00:15:33.637978+00:00,JE900191,01,3,20261003090828,20261003074700,20261003081824,20261003090701,JE
2026-10-03T00:15:33.637978+00:00,JE900192,01,2,20261003090828,20261003085523,20261003090618,,JE
2026-10-03T00:15:33.637978+00:00,JE900231,06,2,20261003090627,20261003015310,20261003090407,,JE
2026-10-03T00:15:33.637978+00:00,JE900260,01,3,20261003091427,20261003071116,20261003080214,20261003091358,JE
2026-10-03T00:15:33.637978+00:00,JE910019,02,2,20261003091226,20261003060259,20261003091022,,JE
2026-10-03T00:15:33.637978+00:00,JE910037,01,3,20261003091428,20261002233131,20261003080456,20261003091400,JE
2026-10-03T00:15:33.637978+00:00,JE910047,01,3,20261003091428,20261003040625,20261003052013,20261003091353,JE
2026-10-03T00:15:33.637978+00:00,JE910112,01,2,20261003090628,20261002201447,20261003060746,,JE
2026-10-03T00:15:33.637978+00:00,JE910112,04,2,20261003091030,20261002200640,20261003010645,,JE
2026-10-03T00:15:33.637978+00:00,JE910112,05,2,20261003090628,20261002195928,20261003035729,,JE
2026-10-03T00:15:33.637978+00:00,KL002627,57,3,20261003091502,20261003091502,20260926194219,20261003091413,KL
2026-10-03T00:15:33.637978+00:00,KP001178,01,2,20261003091020,20261003075607,20261003090136,,KP
2026-10-03T00:15:33.637978+00:00,KP001198,02,2,20261003091022,20261002164037,20261002222001,,KP
2026-10-03T00:15:33.637978+00:00,KP001206,01,2,20261003091008,20261003082154,20261003090248,,KP
2026-10-03T00:15:33.637978+00:00,KP002762,01,2,20261003091016,20261001173650,20261001184832,,KP
2026-10-03T00:15:33.637978+00:00,KP004655,01,2,20261003091010,20261003065353,20261003074244,,KP
2026-10-03T00:15:33.637978+00:00,KP004700,04,2,20261003091016,20261003081209,20261003090509,,KP
2026-10-03T00:15:33.637978+00:00,KP004701,02,2,20261003091010,20261003080826,20261003090225,,KP
2026-10-03T00:15:33.637978+00:00,PI640404,02,3,20261003091150,20261003091001,20261003010550,20261003091150,PI
2026-10-03T00:15:33.637978+00:00,PI640404,03,2,20261003091150,20261002182800,20261003082806,,PI
2026-10-03T00:15:33.637978+00:00,PI645030,10,2,20261003090747,20261002190019,20261003023718,,PI
2026-10-03T00:15:33.637978+00:00,PI645119,01,1,20261003091157,20261002052846,20261002110614,,PI
2026-10-03T00:15:33.637978+00:00,PI645284,03,3,20261003090749,20261003090328,20261003090709,20261003090749,PI
2026-10-03T00:15:33.637978+00:00,PI700491,04,2,20261003091156,20261002202736,20261002224006,,PI
2026-10-03T00:15:33.637978+00:00,PIH00488,14,2,20261003090742,20261002211430,20261003011348,,PI
2026-10-03T00:15:33.637978+00:00,PIH01121,02,2,20261003091215,20261002215227,20261003034931,,PI
2026-10-03T00:15:33.637978+00:00,PK000306,03,2,20261003091211,20261003085212,20261003090925,,PK
2026-10-03T00:15:33.637978+00:00,PW010665,02,2,20261003091408,20261002180837,20261003022416,,PW
2026-10-03T00:15:33.637978+00:00,PW011954,02,2,20261003090613,20261002192616,20261002224139,,PW
2026-10-03T00:15:33.637978+00:00,PWE00792,02,2,20261003091010,20261003090107,20261003091010,,PW
2026-10-03T00:15:33.637978+00:00,RE000242,01,3,20261003091203,20261003091203,20261002160411,20261003091032,RE
2026-10-03T00:15:33.637978+00:00,SOA33001,01,1,20261003091335,20261003070734,20261003070934,,SO
2026-10-03T00:15:33.637978+00:00,ST500003,02,2,20261003091301,20261003074703,20261003091301,,ST
2026-10-03T00:15:33.637978+00:00,ST501101,28,3,20261003090856,20261003090856,20261002122214,20261002102607,ST
2026-10-03T00:15:33.637978+00:00,ST600312,01,2,20261003091048,20261003075450,20261003091048,,ST
2026-10-03T00:15:33.637978+00:00,ST600416,01,3,20261003091455,20261003002058,20261003005912,20261003091455,ST
2026-10-03T00:15:33.637978+00:00,TDO00064,01,2,20261003091501,20261002202035,20261003035008,,TD
2026-10-03T00:15:33.637978+00:00,TDO00074,03,2,20261003091503,20261002200951,20261003021409,,TD
2026-10-03T00:15:33.637978+00:00,TDO00084,01,3,20261003091504,20261003090724,20261002095809,20261003090724,TD
2026-10-03T00:15:33.637978+00:00,TDO00094,01,3,20261003091501,20261003090533,20261003004305,20261003090533,TD
2026-10-03T00:15:33.637978+00:00,TDO10002,01,2,20261003091501,20261003072722,20261003080403,,TD
2026-10-03T00:15:33.637978+00:00,ME174046,01,2,20261003091203,20261002060817,20261002064852,,ME
2026-10-03T00:15:33.637978+00:00,ME174050,01,2,20261003091309,20261001170730,20261001170951,,ME
2026-10-03T00:15:33.637978+00:00,ME174050,02,2,20261003091339,20261003022325,20261003030646,,ME
2026-10-03T00:15:33.637978+00:00,ME174050,03,2,20261003091041,20261003052247,20261003060313,,ME
2026-10-03T00:15:33.637978+00:00,ME174050,04,2,20261003091321,20260930105634,20260930112000,,ME
2026-10-03T00:15:33.637978+00:00,ME174050,05,2,20261003091328,20261002113641,20261002121236,,ME
2026-10-03T00:15:33.637978+00:00,ME174061,01,3,20261003091334,20261002140948,20261002145309,20261003083825,ME
2026-10-03T00:15:33.637978+00:00,ME174062,01,2,20261003091319,20261001151914,20261001153740,,ME
2026-10-03T00:15:33.637978+00:00,ME183101,01,2,20261003091255,20261002151207,20261002151432,,ME
2026-10-03T00:15:33.637978+00:00,ME183101,02,2,20261003091253,20261002153053,20261002160300,,ME
2026-10-03T00:15:33.637978+00:00,ME183101,03,2,20261003091129,20261002191454,20261002192333,,ME
2026-10-03T00:15:33.637978+00:00,ME183101,04,2,20261003091301,20261002153240,20261002153551,,ME
2026-10-03T00:15:33.637978+00:00,ME183101,52,2,20261003091248,20261002115343,20261002115600,,ME
2026-10-03T00:15:33.637978+00:00,ME183101,54,2,20261003091305,20261002120136,20261002120334,,ME
2026-10-03T00:15:33.637978+00:00,ME183102,02,2,20261003091233,20261002125719,20261002132630,,ME
2026-10-03T00:15:33.637978+00:00,ME183102,52,2,20261003091244,20261002054830,20261002083559,,ME
2026-10-03T00:15:33.637978+00:00,ME184122,01,2,20261003091013,20261001164001,20261001172322,,ME
2026-10-03T00:15:33.637978+00:00,ME184124,01,2,20261003091337,20261002181516,20261002182536,,ME
2026-10-03T00:15:33.637978+00:00,ME184125,01,2,20261003091207,20261001133809,20261001141849,,ME
2026-10-03T00:15:33.637978+00:00,ME184126,02,2,20261003091153,20261002165033,20261002171334,,ME
2026-10-03T00:15:33.637978+00:00,ME18A173,01,2,20261003091050,20261002161043,20261002163234,,ME
2026-10-03T00:15:33.637978+00:00,ME18A174,01,2,20261003090956,20261003080409,20261003081525,,ME
2026-10-03T00:15:33.637978+00:00,ME18A175,01,2,20261003091038,20261002172804,20261002174344,,ME
2026-10-03T00:15:33.637978+00:00,ME18A180,01,2,20261003091118,20261002223135,20261002230540,,ME
2026-10-03T00:15:33.637978+00:00,ME18A268,11,2,20261003090923,20261003064814,20261003065753,,ME
2026-10-03T00:15:33.637978+00:00,ME18A268,12,3,20261003090936,20261002163119,20261002170319,20261003083427,ME
2026-10-03T00:15:33.637978+00:00,ME18A269,11,3,20261003091310,20261002173543,20261002175146,20261003085804,ME
2026-10-03T00:15:33.637978+00:00,ME18A269,12,2,20261003090946,20261003090125,20261003090636,,ME
2026-10-03T00:15:33.637978+00:00,ME18A270,11,2,20261003090943,20261002081142,20261002083239,,ME
2026-10-03T00:15:33.637978+00:00,ME18A270,12,2,20261003090947,20261002092648,20261002094617,,ME
2026-10-03T00:15:33.637978+00:00,ME18A271,01,2,20261003090914,20260929162754,20260929170453,,ME
2026-10-03T00:15:33.637978+00:00,ME18A271,02,2,20261003091056,20261001163502,20261001170516,,ME
2026-10-03T00:15:33.637978+00:00,ME18A272,11,2,20261003091138,20261003072119,20261003080422,,ME
2026-10-03T00:15:33.637978+00:00,ME18A272,12,2,20261003091134,20261001160557,20261001164900,,ME
2026-10-03T00:15:33.637978+00:00,ME18A273,11,2,20261003091305,20261002171511,20261002173052,,ME
2026-10-03T00:15:33.637978+00:00,ME18A273,12,3,20261003091311,20261003081704,20261003084820,20261003084912,ME
2026-10-03T00:15:33.637978+00:00,ME18A274,11,2,20261003090958,20261001134951,20261001143233,,ME
2026-10-03T00:15:33.637978+00:00,ME18A274,12,2,20261003090956,20261002205228,20261002213757,,ME
2026-10-03T00:15:33.637978+00:00,ME18A275,11,2,20261003091029,20261003082614,20261003084525,,ME
2026-10-03T00:15:33.637978+00:00,ME18A275,12,2,20261003091037,20261003025941,20261003034129,,ME
2026-10-03T00:15:33.637978+00:00,ME18A281,11,2,20261003091328,20260930150635,20260930151317,,ME
2026-10-03T00:15:33.637978+00:00,ME18A281,12,2,20261003091331,20261002080828,20261002085133,,ME
2026-10-03T00:15:33.637978+00:00,ME18A306,01,2,20261003091339,20260930080057,20260930083747,,ME
2026-10-03T00:15:33.637978+00:00,ME18A306,11,2,20261003091336,20261002121626,20261002130155,,ME
2026-10-03T00:15:33.637978+00:00,ME18A306,12,2,20261003091340,20260928095330,20260928095457,,ME
2026-10-03T00:15:33.637978+00:00,ME19B169,01,2,20261003090919,20261001120400,20261001124405,,ME
2026-10-03T00:15:33.637978+00:00,ME19B170,01,2,20261003090933,20261003060250,20261003061808,,ME
2026-10-03T00:15:33.637978+00:00,ME19B171,01,2,20261003091338,20261002160937,20261002164937,,ME
2026-10-03T00:15:33.637978+00:00,ME19B172,01,2,20261003091355,20261002205622,20261002211300,,ME
2026-10-03T00:15:33.637978+00:00,ME19B173,01,2,20261003091126,20261002155125,20261002155305,,ME
2026-10-03T00:15:33.637978+00:00,ME19B404,23,3,20261003091137,20261002221602,20261002223426,20261003090032,ME
2026-10-03T00:15:33.637978+00:00,ME20B1e1,01,2,20261003090923,20260923131203,20260923131340,,ME
2026-10-03T00:15:33.637978+00:00,ME20B1e2,01,2,20261003091311,20261003070959,20261003074547,,ME
2026-10-03T00:15:33.637978+00:00,ME20B1e3,01,2,20261003091111,20261003081617,20261003085617,,ME
2026-10-03T00:15:33.637978+00:00,ME20B2a0,91,2,20261003091014,20261003080238,20261003083627,,ME
2026-10-03T00:15:33.637978+00:00,ME20B2a0,92,2,20261003091007,20261002111633,20261002111803,,ME
2026-10-03T00:15:33.637978+00:00,ME20B2a1,21,2,20261003090954,20260930153947,20260930161947,,ME
2026-10-03T00:15:33.637978+00:00,ME20B2a1,22,2,20261003090955,20260923104352,20260923104521,,ME
2026-10-03T00:15:33.637978+00:00,ME20B2a2,21,2,20261003091214,20261001165128,20261001165303,,ME
2026-10-03T00:15:33.637978+00:00,ME20B2a2,22,2,20261003091215,20261002070459,20261002072043,,ME
2026-10-03T00:15:33.637978+00:00,ME20B416,21,2,20261003091406,20261002093311,20261002094122,,ME
2026-10-03T00:15:33.637978+00:00,ME20B416,22,2,20261003091406,20261002170739,20261002171439,,ME
2026-10-03T00:15:33.637978+00:00,ME20B416,23,2,20261003091409,20261001153213,20261001154816,,ME
2026-10-03T00:15:33.637978+00:00,ME20B416,24,2,20261003091410,20261002165341,20261002172241,,ME
2026-10-03T00:15:33.637978+00:00,ME20B417,41,2,20261003091257,20261001133924,20261001141346,,ME
2026-10-03T00:15:33.637978+00:00,ME20B417,42,2,20261003091323,20261002165845,20261002173845,,ME
2026-10-03T00:15:33.637978+00:00,ME20B417,43,2,20261003091329,20261002182656,20261002190656,,ME
2026-10-03T00:15:33.637978+00:00,ME20B417,44,2,20261003091325,20261002192540,20261002200134,,ME
2026-10-03T00:15:33.637978+00:00,ME21B1C9,01,3,20261003091229,20261003075149,20261003080053,20261003090215,ME
2026-10-03T00:15:33.637978+00:00,ME21D059,01,3,20261003091348,20261002165224,20261002173230,20261003090547,ME
2026-10-03T00:15:33.637978+00:00,ME21D060,01,3,20261003091408,20261003033508,20261003041514,20261003083931,ME
2026-10-03T00:15:33.637978+00:00,ME21D063,01,2,20261003090550,20261003082549,20261003090553,,ME
2026-10-03T00:15:33.637978+00:00,ME21D064,01,3,20261003091211,20261003005635,20261003010604,20261003084748,ME
2026-10-03T00:15:33.637978+00:00,ME21D078,01,2,20261003091005,20261003083604,20261003091010,,ME
2026-10-03T00:15:33.637978+00:00,ME21X008,01,3,20261003091018,20261002154244,20261002162150,20261003085515,ME
2026-10-03T00:15:33.637978+00:00,ME22A611,31,2,20261003090726,20261003083730,20261003090728,,ME
2026-10-03T00:15:33.637978+00:00,ME22A611,34,3,20261003091356,20261003075742,20261003082848,20261003085747,ME
2026-10-03T00:15:33.637978+00:00,ME22D1H1,01,2,20261003091316,20261003021250,20261003025250,,ME
2026-10-03T00:15:33.637978+00:00,ME25C181,01,2,20261003091131,20261003071001,20261003071834,,ME
2026-10-03T00:15:33.637978+00:00,ME25C182,01,4,20261003091208,20261002202426,20261002205244,,ME
2026-10-03T00:15:33.637978+00:00,ME25C281,21,3,20261003091322,20261002135858,20261002143201,20261003084609,ME
2026-10-03T00:15:33.637978+00:00,ME25C281,22,2,20261003091324,20261002190950,20261002192858,,ME
2026-10-03T00:15:33.637978+00:00,ME25C318,01,2,20261003091335,20261003064934,20261003072813,,ME
2026-10-03T00:15:33.637978+00:00,ME25C318,21,4,20261003091409,20260926115518,20260926122747,,ME
2026-10-03T00:15:33.637978+00:00,ME25C318,22,2,20261003091336,20260919182628,20260919184105,,ME
2026-10-03T00:15:33.637978+00:00,ME25C431,01,2,20261003091402,20260914133046,20260914133228,,ME
2026-10-03T00:15:33.637978+00:00,ME25C431,02,2,20261003091040,20260929180949,20260929184722,,ME
2026-10-03T00:15:33.637978+00:00,ME25C431,03,2,20261003090936,20261001230801,20261001232738,,ME
2026-10-03T00:15:33.637978+00:00,ME25C431,04,2,20261003090945,20261002211435,20261002213203,,ME
2026-10-03T00:15:33.637978+00:00,EV012730,03,2,20261003091454,20261003002856,20261003091233,,EV
2026-10-03T00:15:33.637978+00:00,EV015655,01,3,20261003091255,20261002102324,20261002163519,20261003091157,EV
2026-10-03T00:15:33.637978+00:00,EV019831,03,3,20261003090606,20260924173844,20260924220900,20261003090606,EV
2026-10-03T00:15:33.637978+00:00,GR000047,01,3,20261003091133,20261001131728,20261001191801,20261003091133,GR
2026-10-03T00:15:33.637978+00:00,HE000057,06,3,20261003091500,20261003091500,20261002155600,20261003091500,HE
2026-10-03T00:15:33.637978+00:00,HE240435,21,9,20261003091310,20261003081400,20261002210654,20261003081400,HE
2026-10-03T00:15:33.637978+00:00,HE240506,04,9,20261003091310,20261002181900,20261003083100,,HE
2026-10-03T00:15:33.637978+00:00,JA500002,03,3,20261003090703,20261003090703,20261002182802,20261003090703,JA
2026-10-03T00:15:33.637978+00:00,JD000004,10,2,20261003091000,20261002183400,20261003091000,,JD
2026-10-03T00:15:33.637978+00:00,JD000010,01,2,20261003091452,20261003065213,20261003073244,,JD
2026-10-03T00:15:33.637978+00:00,JD000129,02,3,20261003091120,20261003091120,20261003071829,20261003091053,JD
2026-10-03T00:15:33.637978+00:00,JD100019,03,2,20261003090956,20261003082345,20261003090349,,JD
2026-10-03T00:15:33.637978+00:00,JD160028,01,2,20261003090653,20261003085520,20261003090302,,JD
2026-10-03T00:15:33.637978+00:00,JD160031,01,2,20261003091348,20261003083131,20261003091135,,JD
2026-10-03T00:15:33.637978+00:00,JD160087,01,2,20261003091349,20261003082850,20261003090850,,JD
2026-10-03T00:15:33.637978+00:00,JD160089,01,3,20261003090957,20261003090957,20261003063327,20261003090810,JD
2026-10-03T00:15:33.637978+00:00,JD160092,01,2,20261003091248,20261003084553,20261003090943,,JD
2026-10-03T00:15:33.637978+00:00,JE020006,01,3,20261003090626,20261002151823,20261002162506,20261003090610,JE
2026-10-03T00:15:33.637978+00:00,JE020032,02,1,20261003091225,20261002194429,20261002203823,,JE
2026-10-03T00:15:33.637978+00:00,JE020108,04,3,20261003091426,20261002182133,20261002193508,20261003091419,JE
2026-10-03T00:15:33.637978+00:00,JE020108,05,3,20261003091028,20261002194427,20261002201515,20261003091019,JE
2026-10-03T00:15:33.637978+00:00,JE020129,01,3,20261003091028,20261002155715,20261002232351,20261003090945,JE
2026-10-03T00:15:33.637978+00:00,JE020161,04,3,20261003091225,20261002142643,20261002151721,20261003091106,JE
2026-10-03T00:15:33.637978+00:00,JE040162,01,2,20261003091028,20261002195110,20261003090939,,JE
2026-10-03T00:15:33.637978+00:00,JE900199,02,3,20261003091029,20261002201530,20261002202742,20261003090943,JE
2026-10-03T00:15:33.637978+00:00,KE001385,02,2,20261003091359,20261003081031,20261003091336,,KE
2026-10-03T00:15:33.637978+00:00,KP003864,02,2,20261003091005,20261003075304,20261003085920,,KP
2026-10-03T00:15:33.637978+00:00,PI640361,02,3,20261003091129,20261003091123,20261002203030,20261003091129,PI
2026-10-03T00:15:33.637978+00:00,PIH01084,14,3,20261003091227,20261003090802,20261001211738,20261003091227,PI
2026-10-03T00:15:33.637978+00:00,PIH01084,15,3,20261003091227,20261003091107,20261003081754,20261003091227,PI
2026-10-03T00:15:33.637978+00:00,PIS00777,03,2,20261003091340,20261003085647,20261002162328,,PI
2026-10-03T00:15:33.637978+00:00,PIS00778,02,2,20261003091339,20261002192050,20261002225010,,PI
2026-10-03T00:15:33.637978+00:00,PL032061,05,3,20261003091456,20261003091456,20261003082404,20261003091456,PL
2026-10-03T00:15:33.637978+00:00,PL032061,12,2,20261003090603,20261002204635,20261003090603,,PL
2026-10-03T00:15:33.637978+00:00,PW011435,01,2,20261003091410,20261002232723,20261003063046,,PW
2026-10-03T00:15:33.637978+00:00,PW012555,01,2,20261003091110,20261002181407,20261002214432,,PW
2026-10-03T00:15:33.637978+00:00,PW014605,01,2,20261003090832,20261002221322,20261003064402,,PW
2026-10-03T00:15:33.637978+00:00,PWE02358,07,2,20261003091025,20261002223023,20261003091025,,PW
2026-10-03T00:15:33.637978+00:00,PWE02358,18,2,20261003091409,20261002231912,20261003091409,,PW
2026-10-03T00:15:33.637978+00:00,RE000243,38,2,20261003091003,20260930165758,20260930213915,,RE
2026-10-03T00:15:33.637978+00:00,ST501308,03,2,20261003091447,20261003005048,20261003091447,,ST
2026-10-03T00:30:38.815929+00:00,ME174067,01,2,20261003092828,20261002082430,20261002090050,,ME
2026-10-03T00:30:38.815929+00:00,ME181538,01,2,20261003092715,20261001112620,20261001112816,,ME
2026-10-03T00:30:38.815929+00:00,ME181539,01,2,20261003092852,20261003073706,20261003080852,,ME
2026-10-03T00:30:38.815929+00:00,ME181541,01,2,20261003092720,20261001104110,20261001112114,,ME
2026-10-03T00:30:38.815929+00:00,ME184129,01,2,20261003092847,20260930110036,20260930111706,,ME
2026-10-03T00:30:38.815929+00:00,ME184130,01,2,20261003092850,20261003020940,20261003024601,,ME
2026-10-03T00:30:38.815929+00:00,ME184131,01,2,20261003092451,20261003071227,20261003075548,,ME
2026-10-03T00:30:38.815929+00:00,ME18A176,01,2,20261003092718,20261003011408,20261003015611,,ME
2026-10-03T00:30:38.815929+00:00,ME18A177,01,2,20261003092546,20261002191745,20261002192825,,ME
2026-10-03T00:30:38.815929+00:00,ME18A178,01,2,20261003092715,20261003070711,20261003075322,,ME
2026-10-03T00:30:38.815929+00:00,ME18A179,01,3,20261003092515,20261003080718,20261003081009,20261003090516,ME
2026-10-03T00:30:38.815929+00:00,ME18A276,11,2,20261003092555,20260927190040,20260927190352,,ME
2026-10-03T00:30:38.815929+00:00,ME18A276,12,2,20261003092543,20260925101706,20260925104659,,ME
2026-10-03T00:30:38.815929+00:00,ME18A277,11,2,20261003092457,20261002173447,20261002182015,,ME
2026-10-03T00:30:38.815929+00:00,ME18A277,12,2,20261003092503,20261002200527,20261002202148,,ME
2026-10-03T00:30:38.815929+00:00,ME18A278,01,2,20261003092712,20261002201458,20261002210104,,ME
2026-10-03T00:30:38.815929+00:00,ME18A278,02,2,20261003092613,20261003084440,20261003092515,,ME
2026-10-03T00:30:38.815929+00:00,ME18A279,11,2,20261003092540,20261002153932,20261002162237,,ME
2026-10-03T00:30:38.815929+00:00,ME18A279,12,2,20261003092532,20261003082006,20261003084225,,ME
2026-10-03T00:30:38.815929+00:00,ME18A280,11,2,20261003092607,20261002224817,20261002225831,,ME
2026-10-03T00:30:38.815929+00:00,ME18A280,12,2,20261003092557,20261003081023,20261003084440,,ME
2026-10-03T00:30:38.815929+00:00,ME18A282,11,2,20261003092740,20261002220306,20261002222057,,ME
2026-10-03T00:30:38.815929+00:00,ME18A282,12,2,20261003092752,20261002163011,20261002170307,,ME
2026-10-03T00:30:38.815929+00:00,ME18A283,11,2,20261003092416,20261002163239,20261002170837,,ME
2026-10-03T00:30:38.815929+00:00,ME18A283,12,2,20261003092415,20261002180452,20261002184756,,ME
2026-10-03T00:30:38.815929+00:00,ME18A307,01,2,20261003092525,20261003083823,20261003085143,,ME
2026-10-03T00:30:38.815929+00:00,ME18A308,01,2,20261003092909,20261002125933,20261002133600,,ME
2026-10-03T00:30:38.815929+00:00,ME18A308,11,2,20261003092835,20261001170716,20261001171059,,ME
2026-10-03T00:30:38.815929+00:00,ME18A308,12,2,20261003092833,20261002131713,20261002140015,,ME
2026-10-03T00:30:38.815929+00:00,ME18A309,01,2,20261003092633,20261002211926,20261002220232,,ME
2026-10-03T00:30:38.815929+00:00,ME18A309,11,2,20261003092828,20261002195301,20261002203053,,ME
2026-10-03T00:30:38.815929+00:00,ME18A309,12,2,20261003092833,20261003050033,20261003053407,,ME
2026-10-03T00:30:38.815929+00:00,ME19B174,11,2,20261003092844,20261003022600,20261003025459,,ME
2026-10-03T00:30:38.815929+00:00,ME19B174,12,2,20261003092840,20261003074423,20261003081924,,ME
2026-10-03T00:30:38.815929+00:00,ME19B253,21,2,20261003092801,20261003091053,20261003092757,,ME
2026-10-03T00:30:38.815929+00:00,ME19D126,01,2,20261003092722,20261003072713,20261003080713,,ME
2026-10-03T00:30:38.815929+00:00,ME19D127,01,3,20261003092511,20261002123415,20261002130838,20261003085505,ME
2026-10-03T00:30:38.815929+00:00,ME19D128,01,2,20261003092628,20260927183731,20260927185259,,ME
2026-10-03T00:30:38.815929+00:00,ME19Y240,21,2,20261003092655,20261003091722,20261003092521,,ME
2026-10-03T00:30:38.815929+00:00,ME19Y240,22,2,20261003092655,20261003055231,20261003062053,,ME
2026-10-03T00:30:38.815929+00:00,ME19Y269,01,2,20261003092520,20261003081301,20261003082210,,ME
2026-10-03T00:30:38.815929+00:00,ME19Y269,02,2,20261003092846,20261003084251,20261003090412,,ME
2026-10-03T00:30:38.815929+00:00,ME19Y270,01,2,20261003092847,20261002212244,20261002215839,,ME
2026-10-03T00:30:38.815929+00:00,ME19Y270,02,2,20261003092614,20261003065621,20261003071828,,ME
2026-10-03T00:30:38.815929+00:00,ME19Y271,01,2,20261003092656,20261002075728,20261002081838,,ME
2026-10-03T00:30:38.815929+00:00,ME19Y271,02,2,20261003092452,20261002170346,20261002171626,,ME
2026-10-03T00:30:38.815929+00:00,ME20B1e4,01,2,20261003092514,20261002151441,20261002155441,,ME
2026-10-03T00:30:38.815929+00:00,ME20B1e5,01,2,20261003092855,20261002194050,20261002195657,,ME
2026-10-03T00:30:38.815929+00:00,ME20B1e6,91,2,20261003092633,20261003020927,20261003023813,,ME
2026-10-03T00:30:38.815929+00:00,ME20B2a3,21,2,20261003092834,20261002111422,20261002114253,,ME
2026-10-03T00:30:38.815929+00:00,ME20B2a3,22,2,20261003092834,20261002110643,20261002114025,,ME
2026-10-03T00:30:38.815929+00:00,ME20B2a4,21,2,20261003092535,20261003061519,20261003063434,,ME
2026-10-03T00:30:38.815929+00:00,ME20B2a4,22,3,20261003092905,20261003083033,20261003085829,20261003091902,ME
2026-10-03T00:30:38.815929+00:00,ME20B2a5,21,2,20261003092416,20261002181447,20261002185447,,ME
2026-10-03T00:30:38.815929+00:00,ME20B2a5,22,2,20261003092651,20261003084646,20261003092646,,ME
2026-10-03T00:30:38.815929+00:00,ME20B2a6,21,2,20261003092855,20261002085825,20261002092516,,ME
2026-10-03T00:30:38.815929+00:00,ME20B2a6,22,2,20261003092855,20261003075220,20261003082923,,ME
2026-10-03T00:30:38.815929+00:00,ME20B2a7,21,2,20261003092748,20261003065456,20261003071206,,ME
2026-10-03T00:30:38.815929+00:00,ME20B2a7,22,2,20261003092748,20261003064549,20261003072549,,ME
2026-10-03T00:30:38.815929+00:00,ME20B2a8,21,2,20261003092715,20261003075942,20261003082050,,ME
2026-10-03T00:30:38.815929+00:00,ME20B2a8,22,2,20261003092715,20261003081323,20261003085147,,ME
2026-10-03T00:30:38.815929+00:00,ME20B2a9,21,2,20261003092907,20261003060046,20261003060717,,ME
2026-10-03T00:30:38.815929+00:00,ME20B2a9,22,2,20261003092907,20261003085116,20261003092604,,ME
2026-10-03T00:30:38.815929+00:00,ME20B2b0,21,2,20261003092720,20261003072718,20261003080510,,ME
2026-10-03T00:30:38.815929+00:00,ME20B2b0,22,2,20261003092720,20261002151921,20261002152131,,ME
2026-10-03T00:30:38.815929+00:00,ME20B2b1,21,2,20261003092638,20261002153642,20261002160158,,ME
2026-10-03T00:30:38.815929+00:00,ME20B2b1,22,2,20261003092638,20261002121807,20261002124510,,ME
2026-10-03T00:30:38.815929+00:00,ME20B2b2,21,2,20261003092529,20260916145246,20260916145416,,ME
2026-10-03T00:30:38.815929+00:00,ME20B2b2,22,2,20261003092529,20260925110458,20260925114155,,ME
2026-10-03T00:30:38.815929+00:00,ME20B2b3,21,2,20261003092606,20261002164222,20261002171007,,ME
2026-10-03T00:30:38.815929+00:00,ME20B2b3,22,2,20261003092606,20261003060025,20261003064025,,ME
2026-10-03T00:30:38.815929+00:00,ME20B2b4,01,2,20261003092804,20261002092503,20261002100503,,ME
2026-10-03T00:30:38.815929+00:00,ME20B2b4,02,2,20261003092808,20261001134855,20261001142855,,ME
2026-10-03T00:30:38.815929+00:00,ME20B418,41,2,20261003092428,20261003045356,20261003053356,,ME
2026-10-03T00:30:38.815929+00:00,ME20B418,42,2,20261003092448,20261002151728,20261002155728,,ME
2026-10-03T00:30:38.815929+00:00,ME20B418,43,2,20261003092508,20261002181721,20261002185721,,ME
2026-10-03T00:30:38.815929+00:00,ME20B418,44,3,20261003092631,20261003081749,20261003085749,20261003090128,ME
2026-10-03T00:30:38.815929+00:00,ME21B409,04,3,20261003092745,20261002203420,20261002205034,20261003090322,ME
2026-10-03T00:30:38.815929+00:00,ME21D080,01,3,20261003092711,20261003060300,20261003063622,20261003091054,ME
2026-10-03T00:30:38.815929+00:00,ME21D082,01,3,20261003092839,20261003060845,20261003064843,20261003091433,ME
2026-10-03T00:30:38.815929+00:00,ME21D086,01,3,20261003092855,20261003053231,20261003060006,20261003090835,ME
2026-10-03T00:30:38.815929+00:00,ME21D095,01,3,20261003092846,20261002232444,20261002234237,20261003091033,ME
2026-10-03T00:30:38.815929+00:00,ME21D098,01,3,20261003092732,20261002181259,20261002182337,20261003090914,ME
2026-10-03T00:30:38.815929+00:00,ME21D101,01,3,20261003092851,20261002214459,20261002215813,20261003090023,ME
2026-10-03T00:30:38.815929+00:00,ME21D103,01,3,20261003092718,20261002092600,20261002100603,20261002181307,ME
2026-10-03T00:30:38.815929+00:00,ME21X010,01,2,20261003092703,20261002143701,20261002144931,,ME
2026-10-03T00:30:38.815929+00:00,ME21X014,01,2,20261003092759,20261002134920,20261002143007,,ME
2026-10-03T00:30:38.815929+00:00,ME21X015,01,2,20261003092539,20261002191129,20261002195419,,ME
2026-10-03T00:30:38.815929+00:00,ME22C305,03,2,20261003092042,20261003085000,20261003092043,,ME
2026-10-03T00:30:38.815929+00:00,ME22D155,01,3,20261003092631,20261002223029,20261002231029,20261003091613,ME
2026-10-03T00:30:38.815929+00:00,ME22D156,01,2,20261003092659,20261003075808,20261003083801,,ME
2026-10-03T00:30:38.815929+00:00,ME22D161,01,2,20261003092542,20261002233138,20261003001138,,ME
2026-10-03T00:30:38.815929+00:00,ME22D162,01,2,20261003092816,20261002204937,20261002212731,,ME
2026-10-03T00:30:38.815929+00:00,ME22D176,01,2,20261003092853,20261002124709,20261002124849,,ME
2026-10-03T00:30:38.815929+00:00,ME22D1H0,01,2,20261003092816,20261003073550,20261003081550,,ME
2026-10-03T00:30:38.815929+00:00,ME22D219,01,5,20261003092850,20261003061803,20261003063836,,ME
2026-10-03T00:30:38.815929+00:00,ME22D219,02,2,20261003092550,20261003065915,20261003073915,,ME
2026-10-03T00:30:38.815929+00:00,ME22D235,01,2,20261003092747,20261003080606,20261003083025,,ME
2026-10-03T00:30:38.815929+00:00,ME22D235,02,2,20261003092547,20261003054900,20261003060740,,ME
2026-10-03T00:30:38.815929+00:00,ME22D401,01,3,20261003092721,20261002203910,20261002211606,20261003085202,ME
2026-10-03T00:30:38.815929+00:00,ME22D401,02,2,20261003092847,20261003084257,20261003090248,,ME
2026-10-03T00:30:38.815929+00:00,ME22D401,03,3,20261003092751,20261003065534,20261003073534,20261003092725,ME
2026-10-03T00:30:38.815929+00:00,ME22D401,04,3,20261003092854,20261003084655,20261003091216,20261003091844,ME
2026-10-03T00:30:38.815929+00:00,ME25C183,01,2,20261003092852,20261001045802,20261001051029,,ME
2026-10-03T00:30:38.815929+00:00,ME25C184,01,2,20261003092640,20261003050002,20261003053503,,ME
2026-10-03T00:30:38.815929+00:00,ME25C282,21,2,20261003092905,20261002125916,20261002133918,,ME
2026-10-03T00:30:38.815929+00:00,ME25C282,22,2,20261003092908,20261002185937,20261002192137,,ME
2026-10-03T00:30:38.815929+00:00,ME25C283,01,2,20261003092744,20261002135941,20261002143943,,ME
2026-10-03T00:30:38.815929+00:00,ME25C283,02,2,20261003092417,20261003080649,20261003082745,,ME
2026-10-03T00:30:38.815929+00:00,ME25C284,01,2,20261003092848,20260930133648,20260930141649,,ME
2026-10-03T00:30:38.815929+00:00,ME25C284,02,2,20261003092448,20261003080508,20261003084512,,ME
2026-10-03T00:30:38.815929+00:00,CI0O0032,01,3,20261003092328,20261003092328,20261003084418,20261003092328,CI
2026-10-03T00:30:38.815929+00:00,EC980012,11,2,20261003093002,20261003073518,20261003090044,,EC
2026-10-03T00:30:38.815929+00:00,EO000015,01,2,20261003093001,20261003090732,20261003092852,,EO
2026-10-03T00:30:38.815929+00:00,EV015692,01,2,20261003092904,20261002222746,20261003010711,,EV
2026-10-03T00:30:38.815929+00:00,GR000022,02,3,20261003092909,20261002224518,20261003075616,20261003092909,GR
2026-10-03T00:30:38.815929+00:00,GR000029,01,3,20261003092826,20261002202016,20261003023830,20261003092826,GR
2026-10-03T00:30:38.815929+00:00,GR000050,02,2,20261003092615,20261002212611,20261003065129,,GR
2026-10-03T00:30:38.815929+00:00,GR000050,03,3,20261003092149,20261003074248,20261003085159,20261003092149,GR
2026-10-03T00:30:38.815929+00:00,GS000116,02,2,20261003092725,20261002124259,20261002125803,,GS
2026-10-03T00:30:38.815929+00:00,HD000029,06,3,20261003092700,20261003092639,20261002135750,20261003092639,HD
2026-10-03T00:30:38.815929+00:00,HE001145,02,2,20261003092600,20261003085900,20261003092600,,HE
2026-10-03T00:30:38.815929+00:00,HE230094,02,2,20261003092900,20261003084700,20261003092900,,HE
2026-10-03T00:30:38.815929+00:00,HE240172,02,2,20261003092400,20261003091400,20261003092400,,HE
2026-10-03T00:30:38.815929+00:00,HE240172,03,3,20261003092400,20261003092400,20261003010129,20261003092400,HE
2026-10-03T00:30:38.815929+00:00,HE240279,01,2,20261003092500,20261003083200,20261003092500,,HE
2026-10-03T00:30:38.815929+00:00,HE240489,01,3,20261003092400,20261003092400,20261002231533,20261003092400,HE
2026-10-03T00:30:38.815929+00:00,HY001110,11,2,20261003092404,20261002182655,20261003092328,,HY
2026-10-03T00:30:38.815929+00:00,JA500011,02,2,20261003092811,20261002200714,20261003092811,,JA
2026-10-03T00:30:38.815929+00:00,JD000002,05,3,20261003092335,20261003092335,20261003031740,20261003092235,JD
2026-10-03T00:30:38.815929+00:00,JD000003,02,3,20261003092630,20261003092630,20261003091556,20261003092555,JD
2026-10-03T00:30:38.815929+00:00,JD000003,07,3,20261003093000,20261003093000,20261003064300,20261003093000,JD
2026-10-03T00:30:38.815929+00:00,JD000012,01,3,20261003092125,20261003092125,20261002131807,20261003092018,JD
2026-10-03T00:30:38.815929+00:00,JD000054,01,2,20261003093000,20260820114629,20260820143748,,JD
2026-10-03T00:30:38.815929+00:00,JD000064,04,3,20261003092248,20261003092248,20261002155015,20261003092147,JD
2026-10-03T00:30:38.815929+00:00,JD000067,01,2,20261003092902,20261003083731,20261003092751,,JD
2026-10-03T00:30:38.815929+00:00,JD100002,01,2,20261003092902,20261003085655,20261003092713,,JD
2026-10-03T00:30:38.815929+00:00,JD110007,01,1,20261003092052,20260924182853,20260924190355,,JD
2026-10-03T00:30:38.815929+00:00,JD110058,01,3,20261003092727,20261003092727,20261003092200,20261003092606,JD
2026-10-03T00:30:38.815929+00:00,JD110075,01,2,20261003092630,20261003084216,20261003092216,,JD
2026-10-03T00:30:38.815929+00:00,JD110075,02,2,20261003092931,20261003092341,20261003092730,,JD
2026-10-03T00:30:38.815929+00:00,JD110109,02,2,20261003092903,20261003084353,20261003092400,,JD
2026-10-03T00:30:38.815929+00:00,JE010047,02,3,20261003092425,20261002193200,20261002194643,20261003092358,JE
2026-10-03T00:30:38.815929+00:00,JE010060,01,3,20261003092425,20260929163903,20260930025304,20261003092314,JE
2026-10-03T00:30:38.815929+00:00,JE010252,04,3,20261003092623,20261002174736,20261002181121,20261003092432,JE
2026-10-03T00:30:38.815929+00:00,JE010276,02,2,20261003092824,20261002181139,20261003090005,,JE
2026-10-03T00:30:38.815929+00:00,JE010281,05,2,20261003092425,20261003091052,20261003092254,,JE
2026-10-03T00:30:38.815929+00:00,JE010370,01,3,20261003092425,20261002125202,20261002150903,20261003092329,JE
2026-10-03T00:30:38.815929+00:00,JE020157,16,2,20261003092226,20261002181316,20261003090005,,JE
2026-10-03T00:30:38.815929+00:00,JE900093,01,3,20261003092825,20261002101602,20261002152135,20261003092731,JE
2026-10-03T00:30:38.815929+00:00,JE900128,03,3,20261003092825,20261002171331,20261002234539,20261003092801,JE
2026-10-03T00:30:38.815929+00:00,JE900128,05,2,20261003092426,20261002175515,20261003004812,,JE
2026-10-03T00:30:38.815929+00:00,JE900202,01,3,20261003092226,20261002185329,20261002190817,20261003092145,JE
2026-10-03T00:30:38.815929+00:00,JE900208,01,2,20261003092625,20261003083633,20261003092601,,JE
2026-10-03T00:30:38.815929+00:00,JE900242,02,3,20261003092226,20261002191000,20261003012114,20261003092157,JE
2026-10-03T00:30:38.815929+00:00,JE910019,02,3,20261003092426,20261003060259,20261003091022,20261003092359,JE
2026-10-03T00:30:38.815929+00:00,JE910144,02,2,20261003092227,20261002193939,20261003053227,,JE
2026-10-03T00:30:38.815929+00:00,KE001381,01,9,20261003092810,20261002053715,20261002070719,,KE
2026-10-03T00:30:38.815929+00:00,KP001172,03,3,20261003093008,20261002231846,20261003060001,20261003093008,KP
2026-10-03T00:30:38.815929+00:00,LI000484,01,3,20261003092956,20261003092956,20261003090407,20261003092956,LI
2026-10-03T00:30:38.815929+00:00,MO501104,01,2,20261003092810,20261003092800,20261003092810,,MO
2026-10-03T00:30:38.815929+00:00,MO501104,02,9,20261003092810,20261003092800,20261003092810,,MO
2026-10-03T00:30:38.815929+00:00,MO501106,01,9,20261003092810,20260902190154,20260902190209,,MO
2026-10-03T00:30:38.815929+00:00,MO501126,01,2,20261003092810,20261003092800,20261003092810,,MO
2026-10-03T00:30:38.815929+00:00,MO501129,01,2,20261003092810,20241216213918,20241216213918,,MO
2026-10-03T00:30:38.815929+00:00,MO501129,02,2,20261003092810,20241217202230,20241217202230,,MO
2026-10-03T00:30:38.815929+00:00,MO501143,01,2,20261003092810,20250706175600,20250706175615,,MO
2026-10-03T00:30:38.815929+00:00,MO501143,02,9,20261003092810,20241016172006,20241016172006,,MO
2026-10-03T00:30:38.815929+00:00,MO501150,01,2,20261003092810,20260930190539,20260930190540,,MO
2026-10-03T00:30:38.815929+00:00,PC001642,02,2,20261003092745,20261003090508,20261003092639,,PC
2026-10-03T00:30:38.815929+00:00,PI201243,04,2,20261003092243,20261002202646,20261003021818,,PI
2026-10-03T00:30:38.815929+00:00,PI201271,02,9,20261003092310,20260310103711,20260310104409,,PI
2026-10-03T00:30:38.815929+00:00,PI306058,12,3,20261003092747,20261003092720,20261001112001,20261003092747,PI
2026-10-03T00:30:38.815929+00:00,PI645030,29,2,20261003092727,20261002214929,20261003000707,,PI
2026-10-03T00:30:38.815929+00:00,PI645279,01,2,20261003092729,20261003081320,20261001200828,,PI
2026-10-03T00:30:38.815929+00:00,PI645491,06,3,20261003092335,20261003092126,20261001121620,20261003092335,PI
2026-10-03T00:30:38.815929+00:00,PI718846,02,3,20261003092600,20261003092251,20261002213612,20261003092600,PI
2026-10-03T00:30:38.815929+00:00,PIH01772,05,9,20261003092810,20261002201413,20261003082005,,PI
2026-10-03T00:30:38.815929+00:00,PK000306,01,3,20261003092145,20261003075916,20261003081551,20261003091452,PK
2026-10-03T00:30:38.815929+00:00,PK000306,02,2,20261003092145,20261003083934,20261003091356,,PK
2026-10-03T00:30:38.815929+00:00,PK000349,10,2,20261003092039,20261003085040,20261003092039,,PK
2026-10-03T00:30:38.815929+00:00,PK000426,07,2,20261003092046,20261003090048,20261003092046,,PK
2026-10-03T00:30:38.815929+00:00,PL027210,06,2,20261003092052,20261002181601,20261003092052,,PL
2026-10-03T00:30:38.815929+00:00,PL027210,18,2,20261003092143,20261002162048,20261003092143,,PL
2026-10-03T00:30:38.815929+00:00,PL031494,03,2,20261003092926,20261002165222,20261003092926,,PL
2026-10-03T00:30:38.815929+00:00,PL031497,00,3,20261003092822,20261003092822,20261002133546,20261003092822,PL
2026-10-03T00:30:38.815929+00:00,PW013104,03,2,20261003092722,20261002220200,20261003031735,,PW
2026-10-03T00:30:38.815929+00:00,PWE06067,20,2,20261003092209,20261002215711,20261003092209,,PW
2026-10-03T00:30:38.815929+00:00,RE000239,03,3,20261003092403,20261003092403,20261002200128,20261003092221,RE
2026-10-03T00:30:38.815929+00:00,SF003743,10,3,20261003092657,20261003092657,20261003010947,20261003085729,SF
2026-10-03T00:30:38.815929+00:00,SOA33001,01,1,20261003092935,20261003070734,20261003070934,,SO
2026-10-03T00:30:38.815929+00:00,ST501101,28,2,20261003092453,20261002102607,20261003092234,,ST
2026-10-03T00:30:38.815929+00:00,ST501147,04,3,20261003092517,20261003040302,20261003045712,20261003092517,ST
2026-10-03T00:30:38.815929+00:00,ST501147,05,3,20261003092058,20261003092058,20261003060653,20261003052726,ST
2026-10-03T00:30:38.815929+00:00,TDO00063,01,2,20261003093003,20261002231159,20261003074029,,TD
2026-10-03T00:30:38.815929+00:00,TDO00100,01,2,20261003093003,20261002220528,20261003071019,,TD
2026-10-03T00:30:38.815929+00:00,TDO10002,01,3,20261003093001,20261003091511,20261003080403,20261003091511,TD
2026-10-03T00:30:38.815929+00:00,ME174046,01,2,20261003092706,20261002060817,20261002064852,,ME
2026-10-03T00:30:38.815929+00:00,ME174050,01,2,20261003092813,20261001170730,20261001170951,,ME
2026-10-03T00:30:38.815929+00:00,ME174050,02,2,20261003092842,20261003022325,20261003030646,,ME
2026-10-03T00:30:38.815929+00:00,ME174050,03,2,20261003092545,20261003052247,20261003060313,,ME
2026-10-03T00:30:38.815929+00:00,ME174050,04,2,20261003092824,20260930105634,20260930112000,,ME
2026-10-03T00:30:38.815929+00:00,ME174050,05,2,20261003092832,20261002113641,20261002121236,,ME
2026-10-03T00:30:38.815929+00:00,ME174061,01,2,20261003092617,20261003083825,20261003092450,,ME
2026-10-03T00:30:38.815929+00:00,ME174062,01,2,20261003092824,20261001151914,20261001153740,,ME
2026-10-03T00:30:38.815929+00:00,ME183101,01,2,20261003092856,20261002151207,20261002151432,,ME
2026-10-03T00:30:38.815929+00:00,ME183101,02,2,20261003092754,20261002153053,20261002160300,,ME
2026-10-03T00:30:38.815929+00:00,ME183101,03,2,20261003092631,20261002191454,20261002192333,,ME
2026-10-03T00:30:38.815929+00:00,ME183101,04,2,20261003092805,20261002153240,20261002153551,,ME
2026-10-03T00:30:38.815929+00:00,ME183101,52,2,20261003092751,20261002115343,20261002115600,,ME
2026-10-03T00:30:38.815929+00:00,ME183101,54,2,20261003092809,20261002120136,20261002120334,,ME
2026-10-03T00:30:38.815929+00:00,ME183102,02,2,20261003092738,20261002125719,20261002132630,,ME
2026-10-03T00:30:38.815929+00:00,ME183102,52,2,20261003092746,20261002054830,20261002083559,,ME
2026-10-03T00:30:38.815929+00:00,ME184122,01,2,20261003092515,20261001164001,20261001172322,,ME
2026-10-03T00:30:38.815929+00:00,ME184124,01,2,20261003092842,20261002181516,20261002182536,,ME
2026-10-03T00:30:38.815929+00:00,ME184125,01,2,20261003092709,20261001133809,20261001141849,,ME
2026-10-03T00:30:38.815929+00:00,ME184126,02,2,20261003092656,20261002165033,20261002171334,,ME
2026-10-03T00:30:38.815929+00:00,ME18A173,01,2,20261003092553,20261002161043,20261002163234,,ME
2026-10-03T00:30:38.815929+00:00,ME18A174,01,2,20261003092500,20261003080409,20261003081525,,ME
2026-10-03T00:30:38.815929+00:00,ME18A175,01,2,20261003092541,20261002172804,20261002174344,,ME
2026-10-03T00:30:38.815929+00:00,ME18A180,01,2,20261003092621,20261002223135,20261002230540,,ME
2026-10-03T00:30:38.815929+00:00,ME18A268,11,2,20261003092424,20261003064814,20261003065753,,ME
2026-10-03T00:30:38.815929+00:00,ME18A268,12,2,20261003092425,20261003083427,20261003091534,,ME
2026-10-03T00:30:38.815929+00:00,ME18A269,11,2,20261003092453,20261003085804,20261003091957,,ME
2026-10-03T00:30:38.815929+00:00,ME18A269,12,2,20261003092449,20261003090125,20261003090636,,ME
2026-10-03T00:30:38.815929+00:00,ME18A270,11,2,20261003092446,20261002081142,20261002083239,,ME
2026-10-03T00:30:38.815929+00:00,ME18A270,12,2,20261003092450,20261002092648,20261002094617,,ME
2026-10-03T00:30:38.815929+00:00,ME18A271,01,2,20261003092416,20260929162754,20260929170453,,ME
2026-10-03T00:30:38.815929+00:00,ME18A271,02,2,20261003092559,20261001163502,20261001170516,,ME
2026-10-03T00:30:38.815929+00:00,ME18A272,11,3,20261003092640,20261003072119,20261003080422,20261003092419,ME
2026-10-03T00:30:38.815929+00:00,ME18A272,12,2,20261003092638,20261001160557,20261001164900,,ME
2026-10-03T00:30:38.815929+00:00,ME18A273,11,2,20261003092808,20261002171511,20261002173052,,ME
2026-10-03T00:30:38.815929+00:00,ME18A273,12,2,20261003092814,20261003084912,20261003092028,,ME
2026-10-03T00:30:38.815929+00:00,ME18A274,11,2,20261003092502,20261001134951,20261001143233,,ME
2026-10-03T00:30:38.815929+00:00,ME18A274,12,2,20261003092500,20261002205228,20261002213757,,ME
2026-10-03T00:30:38.815929+00:00,ME18A275,11,2,20261003092532,20261003082614,20261003084525,,ME
2026-10-03T00:30:38.815929+00:00,ME18A275,12,2,20261003092539,20261003025941,20261003034129,,ME
2026-10-03T00:30:38.815929+00:00,ME18A281,11,2,20261003092831,20260930150635,20260930151317,,ME
2026-10-03T00:30:38.815929+00:00,ME18A281,12,2,20261003092834,20261002080828,20261002085133,,ME
2026-10-03T00:30:38.815929+00:00,ME18A306,01,2,20261003092843,20260930080057,20260930083747,,ME
2026-10-03T00:30:38.815929+00:00,ME18A306,11,2,20261003092839,20261002121626,20261002130155,,ME
2026-10-03T00:30:38.815929+00:00,ME18A306,12,2,20261003092842,20260928095330,20260928095457,,ME
2026-10-03T00:30:38.815929+00:00,ME18A404,03,2,20261003092202,20260928180613,20260928184617,,ME
2026-10-03T00:30:38.815929+00:00,ME18A404,04,2,20261003092120,20260930110303,20260930111942,,ME
2026-10-03T00:30:38.815929+00:00,ME19B169,01,2,20261003092419,20261001120400,20261001124405,,ME
2026-10-03T00:30:38.815929+00:00,ME19B170,01,2,20261003092433,20261003060250,20261003061808,,ME
2026-10-03T00:30:38.815929+00:00,ME19B171,01,2,20261003092838,20261002160937,20261002164937,,ME
2026-10-03T00:30:38.815929+00:00,ME19B172,01,2,20261003092855,20261002205622,20261002211300,,ME
2026-10-03T00:30:38.815929+00:00,ME19B173,01,2,20261003092626,20261002155125,20261002155305,,ME
2026-10-03T00:30:38.815929+00:00,ME20B1e1,01,2,20261003092423,20260923131203,20260923131340,,ME
2026-10-03T00:30:38.815929+00:00,ME20B1e2,01,2,20261003092811,20261003070959,20261003074547,,ME
2026-10-03T00:30:38.815929+00:00,ME20B1e3,01,2,20261003092611,20261003081617,20261003085617,,ME
2026-10-03T00:30:38.815929+00:00,ME20B2a0,91,2,20261003092514,20261003080238,20261003083627,,ME
2026-10-03T00:30:38.815929+00:00,ME20B2a0,92,2,20261003092507,20261002111633,20261002111803,,ME
2026-10-03T00:30:38.815929+00:00,ME20B2a1,21,2,20261003092455,20260930153947,20260930161947,,ME
2026-10-03T00:30:38.815929+00:00,ME20B2a1,22,2,20261003092455,20260923104352,20260923104521,,ME
2026-10-03T00:30:38.815929+00:00,ME20B2a2,21,2,20261003092714,20261001165128,20261001165303,,ME
2026-10-03T00:30:38.815929+00:00,ME20B2a2,22,2,20261003092715,20261002070459,20261002072043,,ME
2026-10-03T00:30:38.815929+00:00,ME20B416,21,2,20261003092906,20261002093311,20261002094122,,ME
2026-10-03T00:30:38.815929+00:00,ME20B416,22,2,20261003092906,20261002170739,20261002171439,,ME
2026-10-03T00:30:38.815929+00:00,ME20B416,23,2,20261003092909,20261001153213,20261001154816,,ME
2026-10-03T00:30:38.815929+00:00,ME20B416,24,2,20261003092910,20261002165341,20261002172241,,ME
2026-10-03T00:30:38.815929+00:00,ME20B417,41,2,20261003092757,20261001133924,20261001141346,,ME
2026-10-03T00:30:38.815929+00:00,ME20B417,42,2,20261003092823,20261002165845,20261002173845,,ME
2026-10-03T00:30:38.815929+00:00,ME20B417,43,2,20261003092829,20261002182656,20261002190656,,ME
2026-10-03T00:30:38.815929+00:00,ME20B417,44,2,20261003092825,20261002192540,20261002200134,,ME
2026-10-03T00:30:38.815929+00:00,ME21B1C9,01,3,20261003092844,20261003075149,20261003080053,20261003090215,ME
2026-10-03T00:30:38.815929+00:00,ME21D059,01,3,20261003092802,20261002165224,20261002173230,20261003090547,ME
2026-10-03T00:30:38.815929+00:00,ME21D064,01,2,20261003092753,20261003084748,20261003092754,,ME
2026-10-03T00:30:38.815929+00:00,ME21X008,01,3,20261003092522,20261002154244,20261002162150,20261003085515,ME
2026-10-03T00:30:38.815929+00:00,ME22A611,34,3,20261003092810,20261003075742,20261003082848,20261003085747,ME
2026-10-03T00:30:38.815929+00:00,ME22D1H1,01,2,20261003092816,20261003021250,20261003025250,,ME
2026-10-03T00:30:38.815929+00:00,ME25C181,01,2,20261003092633,20261003071001,20261003071834,,ME
2026-10-03T00:30:38.815929+00:00,ME25C182,01,4,20261003092707,20261002202426,20261002205244,,ME
2026-10-03T00:30:38.815929+00:00,ME25C281,21,2,20261003092821,20261003084609,20261003092611,,ME
2026-10-03T00:30:38.815929+00:00,ME25C281,22,3,20261003092829,20261002190950,20261002192858,20261003092519,ME
2026-10-03T00:30:38.815929+00:00,ME25C318,01,2,20261003092837,20261003064934,20261003072813,,ME
2026-10-03T00:30:38.815929+00:00,ME25C318,21,4,20261003092908,20260926115518,20260926122747,,ME
2026-10-03T00:30:38.815929+00:00,ME25C318,22,2,20261003092840,20260919182628,20260919184105,,ME
2026-10-03T00:30:38.815929+00:00,ME25C431,01,2,20261003092904,20260914133046,20260914133228,,ME
2026-10-03T00:30:38.815929+00:00,ME25C431,02,2,20261003092541,20260929180949,20260929184722,,ME
2026-10-03T00:30:38.815929+00:00,ME25C431,03,2,20261003092436,20261001230801,20261001232738,,ME
2026-10-03T00:30:38.815929+00:00,ME25C431,04,2,20261003092447,20261002211435,20261002213203,,ME
2026-10-03T00:30:38.815929+00:00,EV012730,04,2,20261003092302,20261002222716,20261003003111,,EV
2026-10-03T00:30:38.815929+00:00,EV019831,03,2,20261003092703,20261003091448,20261003092518,,EV
2026-10-03T00:30:38.815929+00:00,HE000057,06,3,20261003092500,20261003092500,20261003092200,20261003092500,HE
2026-10-03T00:30:38.815929+00:00,HE240435,18,3,20261003092500,20261003084300,20261002123547,20261003084300,HE
2026-10-03T00:30:38.815929+00:00,HE240435,19,2,20261003092500,20261003083949,20261003084019,,HE
2026-10-03T00:30:38.815929+00:00,HE240440,08,2,20261003092300,20261003090300,20261003092300,,HE
2026-10-03T00:30:38.815929+00:00,HE240455,01,2,20261003092500,20261002150738,20261002185518,,HE
2026-10-03T00:30:38.815929+00:00,HE240506,04,2,20261003092500,20261002181848,20261003001436,,HE
2026-10-03T00:30:38.815929+00:00,HE240516,02,3,20261003092300,20261003092300,20261002175359,20261003092300,HE
2026-10-03T00:30:38.815929+00:00,HM900001,07,3,20261003092623,20261002161355,20261003004616,20261003092539,HM
2026-10-03T00:30:38.815929+00:00,JD000085,05,5,20261003092727,20261003085621,20261003092612,,JD
2026-10-03T00:30:38.815929+00:00,JD000090,01,3,20261003092400,20261003092400,20261002204500,20261003092400,JD
2026-10-03T00:30:38.815929+00:00,JD100014,03,2,20261003092630,20261003084114,20261003092121,,JD
2026-10-03T00:30:38.815929+00:00,JD100019,03,3,20261003092125,20261003092125,20261003090349,20261003092001,JD
2026-10-03T00:30:38.815929+00:00,JD160004,01,2,20261003092052,20261003083750,20261003091751,,JD
2026-10-03T00:30:38.815929+00:00,JD160026,01,2,20261003092528,20261003084250,20261003092257,,JD
2026-10-03T00:30:38.815929+00:00,JD160034,01,2,20261003092631,20261003084937,20261003092429,,JD
2026-10-03T00:30:38.815929+00:00,JD160047,02,3,20261003092249,20261003092249,20261002113402,20261003092142,JD
2026-10-03T00:30:38.815929+00:00,JD160050,01,2,20261003092727,20261003084227,20261003092231,,JD
2026-10-03T00:30:38.815929+00:00,JD160091,03,3,20261003092903,20261003092903,20261002103620,20261003092745,JD
2026-10-03T00:30:38.815929+00:00,JE010368,04,3,20261003092425,20261002154034,20261002221228,20261003092306,JE
2026-10-03T00:30:38.815929+00:00,JE020028,05,2,20261003092624,20261003000716,20261003092109,,JE
2026-10-03T00:30:38.815929+00:00,JE020104,03,2,20261003092825,20261003072737,20261003084054,,JE
2026-10-03T00:30:38.815929+00:00,JE020108,05,2,20261003092825,20261003091019,20261003092749,,JE
2026-10-03T00:30:38.815929+00:00,JE020127,02,3,20261003092226,20261002163937,20261002200501,20261003092201,JE
2026-10-03T00:30:38.815929+00:00,JE020137,09,3,20261003092825,20261003074550,20261003080524,20261003092701,JE
2026-10-03T00:30:38.815929+00:00,JE020137,10,3,20261003092624,20261003074511,20261003085929,20261003092621,JE
2026-10-03T00:30:38.815929+00:00,JE040123,14,2,20261003092226,20261002211857,20261002232310,,JE
2026-10-03T00:30:38.815929+00:00,JE043005,12,3,20261003092426,20261002181151,20261003063648,20261003092257,JE
2026-10-03T00:30:38.815929+00:00,JE900199,01,3,20261003092226,20261003081412,20261003084106,20261003092102,JE
2026-10-03T00:30:38.815929+00:00,JE900199,04,3,20261003092825,20261003083551,20261003092321,20261003083551,JE
2026-10-03T00:30:38.815929+00:00,JE900199,05,2,20261003092825,20261003082737,20261003092011,,JE
2026-10-03T00:30:38.815929+00:00,MO501311,01,2,20261003092810,20261003092800,20261003092810,,MO
2026-10-03T00:30:38.815929+00:00,MO501319,01,9,20261003092810,20260221113134,20260221113140,,MO
2026-10-03T00:30:38.815929+00:00,MO501319,02,2,20261003092810,20260114160320,20260114160326,,MO
2026-10-03T00:30:38.815929+00:00,MO501321,01,2,20261003092810,20261003092800,20261003092810,,MO
2026-10-03T00:30:38.815929+00:00,MO501328,01,2,20261003092810,20251012210231,20251012210247,,MO
2026-10-03T00:30:38.815929+00:00,NT102693,04,9,20261003092950,20261003051750,20261003092950,,NT
2026-10-03T00:30:38.815929+00:00,PI640317,05,2,20261003092114,20261003000908,20261003091108,,PI
2026-10-03T00:30:38.815929+00:00,PI640359,03,2,20261003092315,20261002235752,20261003075116,,PI
2026-10-03T00:30:38.815929+00:00,PI640359,04,2,20261003092315,20261003000221,20261003073443,,PI
2026-10-03T00:30:38.815929+00:00,PIS00485,01,2,20261003092331,20261002170239,20261002231630,,PI
2026-10-03T00:30:38.815929+00:00,PL031292,05,3,20261003092107,20261003092107,20261002132158,20261003092107,PL
2026-10-03T00:30:38.815929+00:00,PL031896,06,3,20261003092809,20261003092809,20261002113951,20261003092809,PL
2026-10-03T00:30:38.815929+00:00,PW014807,03,2,20261003092046,20261002183358,20261003034637,,PW
2026-10-03T00:30:38.815929+00:00,PW100561,12,3,20261003092508,20261003092508,20261002130936,20261003092358,PW
2026-10-03T00:30:38.815929+00:00,PW801237,01,2,20261003092330,20261002220123,20261003021109,,PW
2026-10-03T00:45:35.050846+00:00,ME174067,01,2,20261003094331,20261002082430,20261002090050,,ME
2026-10-03T00:45:35.050846+00:00,ME181538,01,2,20261003094217,20261001112620,20261001112816,,ME
2026-10-03T00:45:35.050846+00:00,ME181539,01,2,20261003094354,20261003073706,20261003080852,,ME
2026-10-03T00:45:35.050846+00:00,ME181541,01,2,20261003094223,20261001104110,20261001112114,,ME
2026-10-03T00:45:35.050846+00:00,ME184129,01,2,20261003094351,20260930110036,20260930111706,,ME
2026-10-03T00:45:35.050846+00:00,ME184130,01,2,20261003094353,20261003020940,20261003024601,,ME
2026-10-03T00:45:35.050846+00:00,ME184131,01,2,20261003093956,20261003071227,20261003075548,,ME
2026-10-03T00:45:35.050846+00:00,ME18A176,01,2,20261003094220,20261003011408,20261003015611,,ME
2026-10-03T00:45:35.050846+00:00,ME18A177,01,2,20261003094048,20261002191745,20261002192825,,ME
2026-10-03T00:45:35.050846+00:00,ME18A178,01,2,20261003094219,20261003070711,20261003075322,,ME
2026-10-03T00:45:35.050846+00:00,ME18A179,01,2,20261003094410,20261003080718,20261003081009,,ME
2026-10-03T00:45:35.050846+00:00,ME18A276,11,2,20261003094058,20260927190040,20260927190352,,ME
2026-10-03T00:45:35.050846+00:00,ME18A276,12,2,20261003094045,20260925101706,20260925104659,,ME
2026-10-03T00:45:35.050846+00:00,ME18A277,11,2,20261003094000,20261002173447,20261002182015,,ME
2026-10-03T00:45:35.050846+00:00,ME18A277,12,2,20261003094006,20261002200527,20261002202148,,ME
2026-10-03T00:45:35.050846+00:00,ME18A278,01,2,20261003094215,20261002201458,20261002210104,,ME
2026-10-03T00:45:35.050846+00:00,ME18A278,02,2,20261003094116,20261003084440,20261003092515,,ME
2026-10-03T00:45:35.050846+00:00,ME18A279,11,2,20261003094042,20261002153932,20261002162237,,ME
2026-10-03T00:45:35.050846+00:00,ME18A279,12,2,20261003094035,20261003082006,20261003084225,,ME
2026-10-03T00:45:35.050846+00:00,ME18A280,11,2,20261003094110,20261002224817,20261002225831,,ME
2026-10-03T00:45:35.050846+00:00,ME18A280,12,2,20261003094100,20261003081023,20261003084440,,ME
2026-10-03T00:45:35.050846+00:00,ME18A282,11,2,20261003094242,20261002220306,20261002222057,,ME
2026-10-03T00:45:35.050846+00:00,ME18A282,12,2,20261003094255,20261002163011,20261002170307,,ME
2026-10-03T00:45:35.050846+00:00,ME18A283,11,2,20261003093919,20261002163239,20261002170837,,ME
2026-10-03T00:45:35.050846+00:00,ME18A283,12,2,20261003093917,20261002180452,20261002184756,,ME
2026-10-03T00:45:35.050846+00:00,ME18A307,01,2,20261003094028,20261003083823,20261003085143,,ME
2026-10-03T00:45:35.050846+00:00,ME18A308,01,2,20261003093911,20261002125933,20261002133600,,ME
2026-10-03T00:45:35.050846+00:00,ME18A308,11,2,20261003094338,20261001170716,20261001171059,,ME
2026-10-03T00:45:35.050846+00:00,ME18A308,12,2,20261003094336,20261002131713,20261002140015,,ME
2026-10-03T00:45:35.050846+00:00,ME18A309,01,2,20261003094135,20261002211926,20261002220232,,ME
2026-10-03T00:45:35.050846+00:00,ME18A309,11,2,20261003094331,20261002195301,20261002203053,,ME
2026-10-03T00:45:35.050846+00:00,ME18A309,12,2,20261003094336,20261003050033,20261003053407,,ME
2026-10-03T00:45:35.050846+00:00,ME19B174,11,3,20261003094407,20261003022600,20261003025459,20261003094405,ME
2026-10-03T00:45:35.050846+00:00,ME19B174,12,2,20261003094344,20261003074423,20261003081924,,ME
2026-10-03T00:45:35.050846+00:00,ME19D126,01,2,20261003094221,20261003072713,20261003080713,,ME
2026-10-03T00:45:35.050846+00:00,ME19D127,01,2,20261003094352,20261003085505,20261003093505,,ME
2026-10-03T00:45:35.050846+00:00,ME19D128,01,2,20261003094128,20260927183731,20260927185259,,ME
2026-10-03T00:45:35.050846+00:00,ME19Y240,21,2,20261003094155,20261003091722,20261003092521,,ME
2026-10-03T00:45:35.050846+00:00,ME19Y240,22,2,20261003094155,20261003055231,20261003062053,,ME
2026-10-03T00:45:35.050846+00:00,ME19Y269,01,2,20261003094020,20261003081301,20261003082210,,ME
2026-10-03T00:45:35.050846+00:00,ME19Y269,02,2,20261003094346,20261003084251,20261003090412,,ME
2026-10-03T00:45:35.050846+00:00,ME19Y270,01,2,20261003094347,20261002212244,20261002215839,,ME
2026-10-03T00:45:35.050846+00:00,ME19Y270,02,2,20261003094114,20261003065621,20261003071828,,ME
2026-10-03T00:45:35.050846+00:00,ME19Y271,01,2,20261003094155,20261002075728,20261002081838,,ME
2026-10-03T00:45:35.050846+00:00,ME19Y271,02,2,20261003093952,20261002170346,20261002171626,,ME
2026-10-03T00:45:35.050846+00:00,ME20B1e4,01,2,20261003094014,20261002151441,20261002155441,,ME
2026-10-03T00:45:35.050846+00:00,ME20B1e5,01,2,20261003094355,20261002194050,20261002195657,,ME
2026-10-03T00:45:35.050846+00:00,ME20B1e6,91,2,20261003094133,20261003020927,20261003023813,,ME
2026-10-03T00:45:35.050846+00:00,ME20B2a3,21,2,20261003094334,20261002111422,20261002114253,,ME
2026-10-03T00:45:35.050846+00:00,ME20B2a3,22,2,20261003094334,20261002110643,20261002114025,,ME
2026-10-03T00:45:35.050846+00:00,ME20B2a4,21,2,20261003094035,20261003061519,20261003063434,,ME
2026-10-03T00:45:35.050846+00:00,ME20B2a4,22,3,20261003094409,20261003083033,20261003085829,20261003091902,ME
2026-10-03T00:45:35.050846+00:00,ME20B2a5,21,2,20261003093916,20261002181447,20261002185447,,ME
2026-10-03T00:45:35.050846+00:00,ME20B2a5,22,2,20261003093916,20261003084646,20261003092646,,ME
2026-10-03T00:45:35.050846+00:00,ME20B2a6,21,2,20261003094355,20261002085825,20261002092516,,ME
2026-10-03T00:45:35.050846+00:00,ME20B2a6,22,2,20261003094355,20261003075220,20261003082923,,ME
2026-10-03T00:45:35.050846+00:00,ME20B2a7,21,2,20261003094248,20261003065456,20261003071206,,ME
2026-10-03T00:45:35.050846+00:00,ME20B2a7,22,2,20261003094248,20261003064549,20261003072549,,ME
2026-10-03T00:45:35.050846+00:00,ME20B2a8,21,2,20261003094215,20261003075942,20261003082050,,ME
2026-10-03T00:45:35.050846+00:00,ME20B2a8,22,2,20261003094215,20261003081323,20261003085147,,ME
2026-10-03T00:45:35.050846+00:00,ME20B2a9,21,2,20261003094407,20261003060046,20261003060717,,ME
2026-10-03T00:45:35.050846+00:00,ME20B2a9,22,2,20261003094407,20261003085116,20261003092604,,ME
2026-10-03T00:45:35.050846+00:00,ME20B2b0,21,2,20261003094220,20261003072718,20261003080510,,ME
2026-10-03T00:45:35.050846+00:00,ME20B2b0,22,2,20261003094220,20261002151921,20261002152131,,ME
2026-10-03T00:45:35.050846+00:00,ME20B2b1,21,2,20261003094138,20261002153642,20261002160158,,ME
2026-10-03T00:45:35.050846+00:00,ME20B2b1,22,2,20261003094138,20261002121807,20261002124510,,ME
2026-10-03T00:45:35.050846+00:00,ME20B2b2,21,2,20261003094029,20260916145246,20260916145416,,ME
2026-10-03T00:45:35.050846+00:00,ME20B2b2,22,2,20261003094029,20260925110458,20260925114155,,ME
2026-10-03T00:45:35.050846+00:00,ME20B2b3,21,2,20261003094106,20261002164222,20261002171007,,ME
2026-10-03T00:45:35.050846+00:00,ME20B2b3,22,2,20261003094106,20261003060025,20261003064025,,ME
2026-10-03T00:45:35.050846+00:00,ME20B2b4,01,2,20261003094304,20261002092503,20261002100503,,ME
2026-10-03T00:45:35.050846+00:00,ME20B2b4,02,2,20261003094308,20261001134855,20261001142855,,ME
2026-10-03T00:45:35.050846+00:00,ME20B418,41,2,20261003093928,20261003045356,20261003053356,,ME
2026-10-03T00:45:35.050846+00:00,ME20B418,42,2,20261003093948,20261002151728,20261002155728,,ME
2026-10-03T00:45:35.050846+00:00,ME20B418,43,2,20261003094008,20261002181721,20261002185721,,ME
2026-10-03T00:45:35.050846+00:00,ME20B418,44,2,20261003094129,20261003090128,20261003094128,,ME
2026-10-03T00:45:35.050846+00:00,ME21B317,03,3,20261003094335,20261003062056,20261003064923,20261003092922,ME
2026-10-03T00:45:35.050846+00:00,ME21B409,04,2,20261003094135,20261002203420,20261002205034,,ME
2026-10-03T00:45:35.050846+00:00,ME21D080,01,2,20261003094038,20261003091054,20261003094038,,ME
2026-10-03T00:45:35.050846+00:00,ME21D081,01,3,20261003094339,20261003084913,20261003090700,20261003093927,ME
2026-10-03T00:45:35.050846+00:00,ME21D082,01,3,20261003094253,20261003060845,20261003064843,20261003091433,ME
2026-10-03T00:45:35.050846+00:00,ME21D083,01,3,20261003094306,20261002151947,20261002152122,20261003094056,ME
2026-10-03T00:45:35.050846+00:00,ME21D084,01,3,20261003094406,20261003091301,20261003092017,20261003093800,ME
2026-10-03T00:45:35.050846+00:00,ME21D086,01,3,20261003094309,20261003053231,20261003060006,20261003090835,ME
2026-10-03T00:45:35.050846+00:00,ME21D088,01,3,20261003094352,20261002170655,20261002171604,20261003093201,ME
2026-10-03T00:45:35.050846+00:00,ME21D093,01,3,20261003094343,20261003071942,20261003075948,20261003093134,ME
2026-10-03T00:45:35.050846+00:00,ME21D095,01,3,20261003094315,20261003091033,20261003093424,20261003093916,ME
2026-10-03T00:45:35.050846+00:00,ME21D098,01,2,20261003094119,20261003090914,20261003094118,,ME
2026-10-03T00:45:35.050846+00:00,ME21D101,01,2,20261003094026,20261003090023,20261003094026,,ME
2026-10-03T00:45:35.050846+00:00,ME21D103,01,3,20261003094333,20261002092600,20261002100603,20261002181307,ME
2026-10-03T00:45:35.050846+00:00,ME21X010,01,2,20261003094206,20261002143701,20261002144931,,ME
2026-10-03T00:45:35.050846+00:00,ME21X014,01,2,20261003094259,20261002134920,20261002143007,,ME
2026-10-03T00:45:35.050846+00:00,ME21X015,01,2,20261003094040,20261002191129,20261002195419,,ME
2026-10-03T00:45:35.050846+00:00,ME22C1G3,01,3,20261003094358,20261003011000,20261003012844,20261003092953,ME
2026-10-03T00:45:35.050846+00:00,ME22D155,01,3,20261003094134,20261002223029,20261002231029,20261003091613,ME
2026-10-03T00:45:35.050846+00:00,ME22D156,01,2,20261003094159,20261003075808,20261003083801,,ME
2026-10-03T00:45:35.050846+00:00,ME22D161,01,2,20261003094042,20261002233138,20261003001138,,ME
2026-10-03T00:45:35.050846+00:00,ME22D162,01,2,20261003094316,20261002204937,20261002212731,,ME
2026-10-03T00:45:35.050846+00:00,ME22D176,01,3,20261003094400,20261002124709,20261002124849,20261003093455,ME
2026-10-03T00:45:35.050846+00:00,ME22D1H0,01,2,20261003094317,20261003073550,20261003081550,,ME
2026-10-03T00:45:35.050846+00:00,ME22D219,01,5,20261003094350,20261003061803,20261003063836,,ME
2026-10-03T00:45:35.050846+00:00,ME22D219,02,2,20261003094050,20261003065915,20261003073915,,ME
2026-10-03T00:45:35.050846+00:00,ME22D235,01,2,20261003094248,20261003080606,20261003083025,,ME
2026-10-03T00:45:35.050846+00:00,ME22D235,02,2,20261003094047,20261003054900,20261003060740,,ME
2026-10-03T00:45:35.050846+00:00,ME22D401,01,2,20261003094359,20261003085202,20261003093211,,ME
2026-10-03T00:45:35.050846+00:00,ME22D401,02,3,20261003094035,20261003084257,20261003090248,20261003093504,ME
2026-10-03T00:45:35.050846+00:00,ME22D401,03,2,20261003094352,20261003092725,20261003094225,,ME
2026-10-03T00:45:35.050846+00:00,ME22D401,04,3,20261003094358,20261003084655,20261003091216,20261003091844,ME
2026-10-03T00:45:35.050846+00:00,ME25C183,01,2,20261003094354,20261001045802,20261001051029,,ME
2026-10-03T00:45:35.050846+00:00,ME25C184,01,2,20261003094143,20261003050002,20261003053503,,ME
2026-10-03T00:45:35.050846+00:00,ME25C282,21,2,20261003094403,20261002125916,20261002133918,,ME
2026-10-03T00:45:35.050846+00:00,ME25C282,22,2,20261003094405,20261002185937,20261002192137,,ME
2026-10-03T00:45:35.050846+00:00,ME25C283,01,2,20261003094246,20261002135941,20261002143943,,ME
2026-10-03T00:45:35.050846+00:00,ME25C283,02,2,20261003093914,20261003080649,20261003082745,,ME
2026-10-03T00:45:35.050846+00:00,ME25C284,01,2,20261003094350,20260930133648,20260930141649,,ME
2026-10-03T00:45:35.050846+00:00,ME25C284,02,2,20261003093949,20261003080508,20261003084512,,ME
2026-10-03T00:45:35.050846+00:00,BE241046,01,3,20261003093841,20261003093841,20261003093841,20261003093841,BE
2026-10-03T00:45:35.050846+00:00,BE241046,02,2,20261003093817,20261003091939,20261003093817,,BE
2026-10-03T00:45:35.050846+00:00,BE241063,02,2,20261003094330,20261003091207,20261003094330,,BE
2026-10-03T00:45:35.050846+00:00,BT000077,01,9,20261003094310,20261003074647,20261003075459,20261003082340,BT
2026-10-03T00:45:35.050846+00:00,BT100009,02,3,20261003094433,20261003094433,20261003094151,20261003094433,BT
2026-10-03T00:45:35.050846+00:00,CV001193,03,3,20261003094020,20261003093735,20261003093734,20261003094020,CV
2026-10-03T00:45:35.050846+00:00,CV001263,01,2,20261003094022,20261003085748,20261003093913,,CV
2026-10-03T00:45:35.050846+00:00,CV004019,01,3,20261003094041,20261003093758,20261003093754,20261003093758,CV
2026-10-03T00:45:35.050846+00:00,EV015924,01,2,20261003093710,20261002185118,20261003022949,,EV
2026-10-03T00:45:35.050846+00:00,GS000089,01,2,20261003093628,20260930070125,20260930072230,,GS
2026-10-03T00:45:35.050846+00:00,GS000089,02,5,20261003094229,20260930111738,20260930120550,,GS
2026-10-03T00:45:35.050846+00:00,HD000018,01,3,20261003094100,20261003094048,20261003085415,20261003094048,HD
2026-10-03T00:45:35.050846+00:00,HD000029,06,2,20261003093800,20261003092639,20261003093729,,HD
2026-10-03T00:45:35.050846+00:00,HM001063,02,3,20261003094412,20261003082056,20261003084937,20261003094308,HM
2026-10-03T00:45:35.050846+00:00,HM003000,04,3,20261003093818,20261002144013,20261002151841,20261003093711,HM
2026-10-03T00:45:35.050846+00:00,HM003000,72,3,20261003093619,20260920083434,20260920161904,20261003093502,HM
2026-10-03T00:45:35.050846+00:00,HM910001,08,2,20261003094027,20261002191632,20261003014134,,HM
2026-10-03T00:45:35.050846+00:00,HY001110,16,2,20261003094004,20261003070130,20261003093956,,HY
2026-10-03T00:45:35.050846+00:00,JA500004,05,3,20261003094003,20261003094003,20261002223004,20261003094003,JA
2026-10-03T00:45:35.050846+00:00,JD000003,01,2,20261003093700,20261003085700,20261003093700,,JD
2026-10-03T00:45:35.050846+00:00,JD000003,12,3,20261003093847,20261003093847,20261003033317,20261003093713,JD
2026-10-03T00:45:35.050846+00:00,JD000033,02,3,20261003094355,20261003094355,20261003053007,20261003094216,JD
2026-10-03T00:45:35.050846+00:00,JD000054,01,2,20261003094500,20260820114629,20260820143748,,JD
2026-10-03T00:45:35.050846+00:00,JD100009,02,3,20261003093847,20261003093847,20261002145900,20261003093712,JD
2026-10-03T00:45:35.050846+00:00,JD100010,02,2,20261003093630,20261003085426,20261003093426,,JD
2026-10-03T00:45:35.050846+00:00,JD110007,01,1,20261003094028,20260924182853,20260924190355,,JD
2026-10-03T00:45:35.050846+00:00,JD110075,01,3,20261003093730,20261003093730,20261003092216,20261003093659,JD
2026-10-03T00:45:35.050846+00:00,JD110075,03,2,20261003094231,20261003093734,20261003093744,,JD
2026-10-03T00:45:35.050846+00:00,JD110075,04,2,20261003093935,20261003093022,20261003093621,,JD
2026-10-03T00:45:35.050846+00:00,JD110075,05,3,20261003094028,20261003094028,20261003063649,20261003093950,JD
2026-10-03T00:45:35.050846+00:00,JD110082,01,3,20261003093730,20261003093730,20261002202227,20261003093622,JD
2026-10-03T00:45:35.050846+00:00,JD110114,02,2,20261003093848,20261003085706,20261003093706,,JD
2026-10-03T00:45:35.050846+00:00,JD110124,01,2,20261003094231,20261003091429,20261003093807,,JD
2026-10-03T00:45:35.050846+00:00,JD110143,01,2,20261003094028,20261003085504,20261003093504,,JD
2026-10-03T00:45:35.050846+00:00,JE010007,04,2,20261003093826,20261003085943,20261003093746,,JE
2026-10-03T00:45:35.050846+00:00,JE010029,04,3,20261003093626,20261002194951,20261003011133,20261003093613,JE
2026-10-03T00:45:35.050846+00:00,JE010214,01,2,20261003093826,20261002182832,20261003051816,,JE
2026-10-03T00:45:35.050846+00:00,JE010223,03,2,20261003094027,20261003001626,20261003093426,,JE
2026-10-03T00:45:35.050846+00:00,JE010234,01,3,20261003094230,20261002153859,20261002161805,20261003094128,JE
2026-10-03T00:45:35.050846+00:00,JE010235,02,2,20261003094230,20261003083959,20261003094137,,JE
2026-10-03T00:45:35.050846+00:00,JE010247,04,3,20261003094426,20261003053046,20261003055243,20261003094336,JE
2026-10-03T00:45:35.050846+00:00,JE010289,03,3,20261003094230,20261003021258,20261003024736,20261003094131,JE
2026-10-03T00:45:35.050846+00:00,JE010289,07,3,20261003093826,20261002124501,20261002130315,20261003093820,JE
2026-10-03T00:45:35.050846+00:00,JE010297,07,2,20261003094426,20261003072738,20261003094242,,JE
2026-10-03T00:45:35.050846+00:00,JE040083,02,3,20261003093826,20261003045155,20261003053047,20261003093733,JE
2026-10-03T00:45:35.050846+00:00,JE040090,04,2,20261003094426,20261002200335,20261003093851,,JE
2026-10-03T00:45:35.050846+00:00,JE900088,02,3,20261003094427,20261001201017,20261002001345,20261003094353,JE
2026-10-03T00:45:35.050846+00:00,JE900205,01,2,20261003094029,20261003091854,20261003093913,,JE
2026-10-03T00:45:35.050846+00:00,JE900211,01,3,20261003094029,20261002192046,20261003010238,20261003094006,JE
2026-10-03T00:45:35.050846+00:00,JE900252,01,2,20261003093827,20261002201344,20261003034737,,JE
2026-10-03T00:45:35.050846+00:00,JE910046,01,2,20261003094231,20261002211009,20261003033830,,JE
2026-10-03T00:45:35.050846+00:00,JE910053,02,3,20261003093628,20261002174842,20261002210433,20261003093526,JE
2026-10-03T00:45:35.050846+00:00,JE910053,04,3,20261003094428,20261002161751,20261003003501,20261003094404,JE
2026-10-03T00:45:35.050846+00:00,KL001376,02,3,20261003094501,20261003094501,20261002142940,20261003094409,KL
2026-10-03T00:45:35.050846+00:00,KL002627,57,2,20261003094201,20261003091413,20261003094108,,KL
2026-10-03T00:45:35.050846+00:00,KP000199,01,2,20261003094007,20261003084518,20261003093014,,KP
2026-10-03T00:45:35.050846+00:00,KP001191,03,2,20261003094019,20261003065743,20261003093011,,KP
2026-10-03T00:45:35.050846+00:00,KP002229,04,3,20261003094022,20261002174152,20261002182851,20261003093713,KP
2026-10-03T00:45:35.050846+00:00,KP002232,02,2,20261003094012,20261003075632,20261003093409,,KP
2026-10-03T00:45:35.050846+00:00,KP003366,01,2,20261003094017,20261003084146,20261003093820,,KP
2026-10-03T00:45:35.050846+00:00,KP005806,01,3,20261003094020,20261003070613,20261003073845,20261003093403,KP
2026-10-03T00:45:35.050846+00:00,NT100725,42,3,20261003093550,20261003093550,20261002230550,20261003093550,NT
2026-10-03T00:45:35.050846+00:00,PIH01122,03,2,20261003094218,20261002200311,20261002212817,,PI
2026-10-03T00:45:35.050846+00:00,PIH01167,14,2,20261003093729,20261002185653,20261003093235,,PI
2026-10-03T00:45:35.050846+00:00,PK000349,10,3,20261003094042,20261003094042,20261003092039,20261003094042,PK
2026-10-03T00:45:35.050846+00:00,PK000364,04,2,20261003094042,20261003090042,20261003094042,,PK
2026-10-03T00:45:35.050846+00:00,PL000236,02,2,20261003094436,20261002215132,20261003094436,,PL
2026-10-03T00:45:35.050846+00:00,PL000236,24,2,20261003094503,20261002212841,20261003094503,,PL
2026-10-03T00:45:35.050846+00:00,PL000791,01,2,20261003093553,20261002171650,20261003093553,,PL
2026-10-03T00:45:35.050846+00:00,PW013104,05,2,20261003093623,20261003000957,20261003074031,,PW
2026-10-03T00:45:35.050846+00:00,PW013104,06,2,20261003093623,20261002192242,20261002233809,,PW
2026-10-03T00:45:35.050846+00:00,RE000241,01,3,20261003093802,20261003093802,20260930214817,20261003093644,RE
2026-10-03T00:45:35.050846+00:00,SO000077,02,2,20261003093745,20261003021319,20261003093244,,SO
2026-10-03T00:45:35.050846+00:00,SOA33001,01,1,20261003094335,20261003070734,20261003070934,,SO
2026-10-03T00:45:35.050846+00:00,ST501102,30,3,20261003094241,20261003094241,20261002230055,20261002221458,ST
2026-10-03T00:45:35.050846+00:00,ST501142,01,3,20261003093913,20261003021118,20261003025535,20261003093913,ST
2026-10-03T00:45:35.050846+00:00,ST600713,04,3,20261003094053,20261003032815,20261003041032,20261003094053,ST
2026-10-03T00:45:35.050846+00:00,ST601107,27,2,20261003094247,20261003075246,20261003094247,,ST
2026-10-03T00:45:35.050846+00:00,ST601115,02,2,20261003094230,20261003065036,20261003094230,,ST
2026-10-03T00:45:35.050846+00:00,ST602220,02,3,20261003093649,20260930205604,20261002174711,20261003093649,ST
2026-10-03T00:45:35.050846+00:00,ST602220,04,3,20261003094231,20260925234213,20261003010108,20261003094231,ST
2026-10-03T00:45:35.050846+00:00,TDO00004,01,2,20261003094504,20261003010035,20261001225150,,TD
2026-10-03T00:45:35.050846+00:00,TDO00017,01,2,20261003094500,20261002160853,20261002232310,,TD
2026-10-03T00:45:35.050846+00:00,TDO00030,01,2,20261003094500,20261003002132,20261003032504,,TD
2026-10-03T00:45:35.050846+00:00,TDO00060,04,3,20261003094504,20261003093322,20261002221356,20261003093322,TD
2026-10-03T00:45:35.050846+00:00,TDO00079,01,2,20261003094503,20261002180621,20261003000712,,TD
2026-10-03T00:45:35.050846+00:00,UP711024,02,2,20261003094001,20261002192001,20261003094001,,UP
2026-10-03T00:45:35.050846+00:00,ME174046,01,2,20261003094209,20261002060817,20261002064852,,ME
2026-10-03T00:45:35.050846+00:00,ME174050,01,2,20261003094315,20261001170730,20261001170951,,ME
2026-10-03T00:45:35.050846+00:00,ME174050,02,2,20261003094345,20261003022325,20261003030646,,ME
2026-10-03T00:45:35.050846+00:00,ME174050,03,2,20261003094047,20261003052247,20261003060313,,ME
2026-10-03T00:45:35.050846+00:00,ME174050,04,2,20261003094328,20260930105634,20260930112000,,ME
2026-10-03T00:45:35.050846+00:00,ME174050,05,2,20261003094335,20261002113641,20261002121236,,ME
2026-10-03T00:45:35.050846+00:00,ME174061,01,2,20261003094121,20261003083825,20261003092450,,ME
2026-10-03T00:45:35.050846+00:00,ME174062,01,2,20261003094326,20261003092934,20261003094119,,ME
2026-10-03T00:45:35.050846+00:00,ME183101,01,2,20261003094358,20261002151207,20261002151432,,ME
2026-10-03T00:45:35.050846+00:00,ME183101,02,2,20261003094259,20261002153053,20261002160300,,ME
2026-10-03T00:45:35.050846+00:00,ME183101,03,2,20261003094135,20261002191454,20261002192333,,ME
2026-10-03T00:45:35.050846+00:00,ME183101,04,2,20261003094308,20261002153240,20261002153551,,ME
2026-10-03T00:45:35.050846+00:00,ME183101,52,2,20261003094254,20261002115343,20261002115600,,ME
2026-10-03T00:45:35.050846+00:00,ME183101,54,2,20261003094311,20261002120136,20261002120334,,ME
2026-10-03T00:45:35.050846+00:00,ME183102,02,2,20261003094240,20261002125719,20261002132630,,ME
2026-10-03T00:45:35.050846+00:00,ME183102,52,2,20261003094249,20261002054830,20261002083559,,ME
2026-10-03T00:45:35.050846+00:00,ME184122,01,3,20261003094117,20261001164001,20261001172322,20261003093114,ME
2026-10-03T00:45:35.050846+00:00,ME184124,01,2,20261003094344,20261002181516,20261002182536,,ME
2026-10-03T00:45:35.050846+00:00,ME184125,01,2,20261003094212,20261001133809,20261001141849,,ME
2026-10-03T00:45:35.050846+00:00,ME184126,02,2,20261003094159,20261002165033,20261002171334,,ME
2026-10-03T00:45:35.050846+00:00,ME18A173,01,2,20261003094056,20261002161043,20261002163234,,ME
2026-10-03T00:45:35.050846+00:00,ME18A174,01,2,20261003094002,20261003080409,20261003081525,,ME
2026-10-03T00:45:35.050846+00:00,ME18A175,01,2,20261003094044,20261002172804,20261002174344,,ME
2026-10-03T00:45:35.050846+00:00,ME18A180,01,2,20261003094125,20261002223135,20261002230540,,ME
2026-10-03T00:45:35.050846+00:00,ME18A268,11,2,20261003093928,20261003064814,20261003065753,,ME
2026-10-03T00:45:35.050846+00:00,ME18A268,12,2,20261003093930,20261003083427,20261003091534,,ME
2026-10-03T00:45:35.050846+00:00,ME18A269,11,2,20261003093956,20261003085804,20261003091957,,ME
2026-10-03T00:45:35.050846+00:00,ME18A269,12,2,20261003093952,20261003090125,20261003090636,,ME
2026-10-03T00:45:35.050846+00:00,ME18A270,11,2,20261003093949,20261002081142,20261002083239,,ME
2026-10-03T00:45:35.050846+00:00,ME18A270,12,2,20261003093954,20261002092648,20261002094617,,ME
2026-10-03T00:45:35.050846+00:00,ME18A271,01,2,20261003093920,20260929162754,20260929170453,,ME
2026-10-03T00:45:35.050846+00:00,ME18A271,02,2,20261003094103,20261001163502,20261001170516,,ME
2026-10-03T00:45:35.050846+00:00,ME18A272,11,3,20261003094144,20261003072119,20261003080422,20261003092419,ME
2026-10-03T00:45:35.050846+00:00,ME18A272,12,2,20261003094141,20261001160557,20261001164900,,ME
2026-10-03T00:45:35.050846+00:00,ME18A273,11,2,20261003094311,20261002171511,20261002173052,,ME
2026-10-03T00:45:35.050846+00:00,ME18A273,12,2,20261003094317,20261003084912,20261003092028,,ME
2026-10-03T00:45:35.050846+00:00,ME18A274,11,2,20261003094004,20261001134951,20261001143233,,ME
2026-10-03T00:45:35.050846+00:00,ME18A274,12,2,20261003094002,20261002205228,20261002213757,,ME
2026-10-03T00:45:35.050846+00:00,ME18A275,11,2,20261003094035,20261003082614,20261003084525,,ME
2026-10-03T00:45:35.050846+00:00,ME18A275,12,2,20261003094043,20261003025941,20261003034129,,ME
2026-10-03T00:45:35.050846+00:00,ME18A281,11,2,20261003094335,20260930150635,20260930151317,,ME
2026-10-03T00:45:35.050846+00:00,ME18A281,12,2,20261003094336,20261002080828,20261002085133,,ME
2026-10-03T00:45:35.050846+00:00,ME18A306,01,2,20261003094345,20260930080057,20260930083747,,ME
2026-10-03T00:45:35.050846+00:00,ME18A306,11,2,20261003094342,20261002121626,20261002130155,,ME
2026-10-03T00:45:35.050846+00:00,ME18A306,12,2,20261003094346,20260928095330,20260928095457,,ME
2026-10-03T00:45:35.050846+00:00,ME19B169,01,2,20261003093919,20261001120400,20261001124405,,ME
2026-10-03T00:45:35.050846+00:00,ME19B170,01,2,20261003093933,20261003060250,20261003061808,,ME
2026-10-03T00:45:35.050846+00:00,ME19B171,01,2,20261003094338,20261002160937,20261002164937,,ME
2026-10-03T00:45:35.050846+00:00,ME19B172,01,2,20261003094355,20261002205622,20261002211300,,ME
2026-10-03T00:45:35.050846+00:00,ME19B173,01,2,20261003094126,20261002155125,20261002155305,,ME
2026-10-03T00:45:35.050846+00:00,ME19B241,21,3,20261003094223,20261003080835,20261003084435,20261003093614,ME
2026-10-03T00:45:35.050846+00:00,ME20B1e1,01,2,20261003093923,20260923131203,20260923131340,,ME
2026-10-03T00:45:35.050846+00:00,ME20B1e2,01,2,20261003094311,20261003070959,20261003074547,,ME
2026-10-03T00:45:35.050846+00:00,ME20B1e3,01,2,20261003094112,20261003081617,20261003085617,,ME
2026-10-03T00:45:35.050846+00:00,ME20B2a0,91,2,20261003094014,20261003080238,20261003083627,,ME
2026-10-03T00:45:35.050846+00:00,ME20B2a0,92,2,20261003094006,20261002111633,20261002111803,,ME
2026-10-03T00:45:35.050846+00:00,ME20B2a1,21,2,20261003093955,20260930153947,20260930161947,,ME
2026-10-03T00:45:35.050846+00:00,ME20B2a1,22,2,20261003093955,20260923104352,20260923104521,,ME
2026-10-03T00:45:35.050846+00:00,ME20B2a2,21,2,20261003094214,20261001165128,20261001165303,,ME
2026-10-03T00:45:35.050846+00:00,ME20B2a2,22,2,20261003094215,20261002070459,20261002072043,,ME
2026-10-03T00:45:35.050846+00:00,ME20B416,21,2,20261003094406,20261002093311,20261002094122,,ME
2026-10-03T00:45:35.050846+00:00,ME20B416,22,2,20261003094406,20261002170739,20261002171439,,ME
2026-10-03T00:45:35.050846+00:00,ME20B416,23,2,20261003094409,20261001153213,20261001154816,,ME
2026-10-03T00:45:35.050846+00:00,ME20B416,24,2,20261003094410,20261002165341,20261002172241,,ME
2026-10-03T00:45:35.050846+00:00,ME20B417,41,2,20261003094257,20261001133924,20261001141346,,ME
2026-10-03T00:45:35.050846+00:00,ME20B417,42,2,20261003094323,20261002165845,20261002173845,,ME
2026-10-03T00:45:35.050846+00:00,ME20B417,43,2,20261003094329,20261002182656,20261002190656,,ME
2026-10-03T00:45:35.050846+00:00,ME20B417,44,2,20261003094324,20261002192540,20261002200134,,ME
2026-10-03T00:45:35.050846+00:00,ME21X008,01,2,20261003094004,20261003085515,20261003093835,,ME
2026-10-03T00:45:35.050846+00:00,ME22B336,81,3,20261003094352,20261003081403,20261003085409,20261003093952,ME
2026-10-03T00:45:35.050846+00:00,ME22D1H1,01,2,20261003094316,20261003021250,20261003025250,,ME
2026-10-03T00:45:35.050846+00:00,ME25C181,01,2,20261003094135,20261003071001,20261003071834,,ME
2026-10-03T00:45:35.050846+00:00,ME25C182,01,4,20261003094212,20261002202426,20261002205244,,ME
2026-10-03T00:45:35.050846+00:00,ME25C281,21,2,20261003094327,20261003084609,20261003092611,,ME
2026-10-03T00:45:35.050846+00:00,ME25C281,22,3,20261003094329,20261002190950,20261002192858,20261003092519,ME
2026-10-03T00:45:35.050846+00:00,ME25C318,01,2,20261003094339,20261003064934,20261003072813,,ME
2026-10-03T00:45:35.050846+00:00,ME25C318,21,4,20261003094407,20260926115518,20260926122747,,ME
2026-10-03T00:45:35.050846+00:00,ME25C318,22,2,20261003094410,20260919182628,20260919184105,,ME
2026-10-03T00:45:35.050846+00:00,ME25C431,01,2,20261003094405,20260914133046,20260914133228,,ME
2026-10-03T00:45:35.050846+00:00,ME25C431,02,2,20261003094046,20260929180949,20260929184722,,ME
2026-10-03T00:45:35.050846+00:00,ME25C431,03,2,20261003093941,20261001230801,20261001232738,,ME
2026-10-03T00:45:35.050846+00:00,ME25C431,04,2,20261003093943,20261002211435,20261002213203,,ME
2026-10-03T00:45:35.050846+00:00,BT000013,01,2,20261003093939,20260930072730,20260930130755,,BT
2026-10-03T00:45:35.050846+00:00,CV002589,01,3,20261003094034,20261003093617,20261003093620,20261003093617,CV
2026-10-03T00:45:35.050846+00:00,CV002589,03,2,20261003094034,20261003093043,20261003093809,,CV
2026-10-03T00:45:35.050846+00:00,CV004004,09,3,20261003094040,20261003093533,20261003093536,20261003093533,CV
2026-10-03T00:45:35.050846+00:00,EV014053,02,2,20261003093710,20261002202517,20261003052131,,EV
2026-10-03T00:45:35.050846+00:00,GR000026,01,2,20261003094324,20261002233839,20261003094322,,GR
2026-10-03T00:45:35.050846+00:00,HE000057,07,2,20261003094400,20261003094200,20261003094400,,HE
2026-10-03T00:45:35.050846+00:00,HE240036,01,9,20261003093810,20261003082400,20261003085800,,HE
2026-10-03T00:45:35.050846+00:00,HE240036,02,9,20261003093810,20261002223702,20261002225413,,HE
2026-10-03T00:45:35.050846+00:00,HE240435,09,9,20261003094310,20261003054400,20261003085900,,HE
2026-10-03T00:45:35.050846+00:00,JD000004,01,2,20261003093847,20261003093353,20261002222030,,JD
2026-10-03T00:45:35.050846+00:00,JD000004,02,3,20261003094355,20261003094355,20261003081004,20261003094242,JD
2026-10-03T00:45:35.050846+00:00,JD100016,03,2,20261003093630,20261003073812,20261003093139,,JD
2026-10-03T00:45:35.050846+00:00,JD100016,07,2,20261003093935,20261002215902,20261003093559,,JD
2026-10-03T00:45:35.050846+00:00,JD160051,02,3,20261003094130,20261003094130,20261003085303,20261003094050,JD
2026-10-03T00:45:35.050846+00:00,JD160069,02,3,20261003093848,20261003093848,20261003081130,20261003093748,JD
2026-10-03T00:45:35.050846+00:00,JD160094,01,2,20261003093631,20261003085134,20261003093134,,JD
2026-10-03T00:45:35.050846+00:00,JE010251,01,2,20261003094426,20261003082650,20261003094340,,JE
2026-10-03T00:45:35.050846+00:00,JE020032,02,2,20261003093826,20261002194429,20261002203823,,JE
2026-10-03T00:45:35.050846+00:00,JE020108,04,2,20261003093627,20261003091419,20261003093509,,JE
2026-10-03T00:45:35.050846+00:00,JE020146,01,3,20261003094028,20261002100941,20261002113832,20261003093833,JE
2026-10-03T00:45:35.050846+00:00,JE020153,03,2,20261003093627,20261002195933,20261002232519,,JE
2026-10-03T00:45:35.050846+00:00,JE043002,30,3,20261003094427,20261002200841,20261002204458,20261003094336,JE
2026-10-03T00:45:35.050846+00:00,JE900112,09,3,20261003094028,20261003075948,20261003084603,20261003093851,JE
2026-10-03T00:45:35.050846+00:00,JE900199,02,2,20261003093627,20261003090943,20261003093548,,JE
2026-10-03T00:45:35.050846+00:00,JE900199,03,3,20261003093627,20261003083351,20261003092949,20261003093604,JE
2026-10-03T00:45:35.050846+00:00,JE900199,04,2,20261003094029,20261003083551,20261003092321,,JE
2026-10-03T00:45:35.050846+00:00,JE900199,05,2,20261003094428,20261003082737,20261003092011,,JE
2026-10-03T00:45:35.050846+00:00,JE900213,01,2,20261003094029,20261003085836,20261003093115,,JE
2026-10-03T00:45:35.050846+00:00,JE910020,01,3,20261003093628,20260827135445,20260827135657,20261003093458,JE
2026-10-03T00:45:35.050846+00:00,JE910128,02,3,20261003093827,20261002121913,20261002123434,20261003093750,JE
2026-10-03T00:45:35.050846+00:00,KE001385,01,9,20261003093810,20261001162436,20261001182440,,KE
2026-10-03T00:45:35.050846+00:00,KP000433,02,2,20261003094020,20261003085517,20261003093915,,KP
2026-10-03T00:45:35.050846+00:00,KP003450,02,3,20261003094022,20261002121944,20261002122030,20261003093825,KP
2026-10-03T00:45:35.050846+00:00,NT102693,04,3,20261003094450,20261003094450,20261003092950,20261003094450,NT
2026-10-03T00:45:35.050846+00:00,NT102700,03,2,20261003093850,20261003032050,20261003093850,,NT
2026-10-03T00:45:35.050846+00:00,PI201400,02,2,20261003093814,20261002170558,20261002195849,,PI
2026-10-03T00:45:35.050846+00:00,PI203052,04,2,20261003094327,20261002185655,20261002214648,,PI
2026-10-03T00:45:35.050846+00:00,PI306135,01,2,20261003094111,20261003082428,20260930084347,,PI
2026-10-03T00:45:35.050846+00:00,PI640313,05,3,20261003094116,20261003093947,20261002183254,20261003094116,PI
2026-10-03T00:45:35.050846+00:00,PIH01084,30,3,20261003093729,20261003093702,20261003084017,20261003093729,PI
2026-10-03T00:45:35.050846+00:00,PIH01497,14,3,20261003094233,20261003094108,20261003033205,20261003094233,PI
2026-10-03T00:45:35.050846+00:00,PL033566,03,2,20261003094140,20261002193519,20261003094140,,PL
2026-10-03T00:45:35.050846+00:00,PW015119,01,3,20261003093809,20261003093809,20261003013137,20261003093712,PW
2026-10-03T00:45:35.050846+00:00,PW015119,02,2,20261003093809,20261003070141,20261003093408,,PW
2026-10-03T00:45:35.050846+00:00,PWE00983,14,2,20261003093722,20261002182726,20261003093722,,PW
2026-10-03T00:45:35.050846+00:00,ST501330,01,3,20261003094309,20260930173620,20260930202731,20261003094309,ST
2026-10-03T00:45:35.050846+00:00,TDO00011,05,2,20261003094502,20261002183558,20261003014310,,TD
2026-10-03T01:00:44.030302+00:00,ME174067,01,2,20261003095834,20261002082430,20261002090050,,ME
2026-10-03T01:00:44.030302+00:00,ME181538,01,2,20261003095721,20261001112620,20261001112816,,ME
2026-10-03T01:00:44.030302+00:00,ME181539,01,2,20261003095858,20261003073706,20261003080852,,ME
2026-10-03T01:00:44.030302+00:00,ME181541,01,2,20261003095726,20261001104110,20261001112114,,ME
2026-10-03T01:00:44.030302+00:00,ME184129,01,2,20261003095853,20260930110036,20260930111706,,ME
2026-10-03T01:00:44.030302+00:00,ME184130,01,2,20261003095855,20261003020940,20261003024601,,ME
2026-10-03T01:00:44.030302+00:00,ME184131,01,2,20261003095457,20261003071227,20261003075548,,ME
2026-10-03T01:00:44.030302+00:00,ME18A176,01,2,20261003095724,20261003011408,20261003015611,,ME
2026-10-03T01:00:44.030302+00:00,ME18A177,01,2,20261003095552,20261002191745,20261002192825,,ME
2026-10-03T01:00:44.030302+00:00,ME18A178,01,2,20261003095720,20261003070711,20261003075322,,ME
2026-10-03T01:00:44.030302+00:00,ME18A179,01,2,20261003095411,20261003080718,20261003081009,,ME
2026-10-03T01:00:44.030302+00:00,ME18A276,11,2,20261003095601,20260927190040,20260927190352,,ME
2026-10-03T01:00:44.030302+00:00,ME18A276,12,2,20261003095549,20260925101706,20260925104659,,ME
2026-10-03T01:00:44.030302+00:00,ME18A277,11,2,20261003095503,20261002173447,20261002182015,,ME
2026-10-03T01:00:44.030302+00:00,ME18A277,12,2,20261003095509,20261002200527,20261002202148,,ME
2026-10-03T01:00:44.030302+00:00,ME18A278,01,2,20261003095717,20261002201458,20261002210104,,ME
2026-10-03T01:00:44.030302+00:00,ME18A278,02,2,20261003095619,20261003084440,20261003092515,,ME
2026-10-03T01:00:44.030302+00:00,ME18A279,11,2,20261003095546,20261002153932,20261002162237,,ME
2026-10-03T01:00:44.030302+00:00,ME18A279,12,2,20261003095538,20261003082006,20261003084225,,ME
2026-10-03T01:00:44.030302+00:00,ME18A280,11,2,20261003095614,20261002224817,20261002225831,,ME
2026-10-03T01:00:44.030302+00:00,ME18A280,12,2,20261003095603,20261003081023,20261003084440,,ME
2026-10-03T01:00:44.030302+00:00,ME18A282,11,2,20261003095745,20261002220306,20261002222057,,ME
2026-10-03T01:00:44.030302+00:00,ME18A282,12,2,20261003095758,20261002163011,20261002170307,,ME
2026-10-03T01:00:44.030302+00:00,ME18A283,11,2,20261003095422,20261002163239,20261002170837,,ME
2026-10-03T01:00:44.030302+00:00,ME18A283,12,2,20261003095421,20261002180452,20261002184756,,ME
2026-10-03T01:00:44.030302+00:00,ME18A307,01,2,20261003095531,20261003083823,20261003085143,,ME
2026-10-03T01:00:44.030302+00:00,ME18A308,01,2,20261003095414,20261002125933,20261002133600,,ME
2026-10-03T01:00:44.030302+00:00,ME18A308,11,2,20261003095841,20261001170716,20261001171059,,ME
2026-10-03T01:00:44.030302+00:00,ME18A308,12,2,20261003095839,20261002131713,20261002140015,,ME
2026-10-03T01:00:44.030302+00:00,ME18A309,01,2,20261003095639,20261002211926,20261002220232,,ME
2026-10-03T01:00:44.030302+00:00,ME18A309,11,2,20261003095833,20261002195301,20261002203053,,ME
2026-10-03T01:00:44.030302+00:00,ME18A309,12,2,20261003095839,20261003050033,20261003053407,,ME
2026-10-03T01:00:44.030302+00:00,ME19B174,11,3,20261003095851,20261003022600,20261003025459,20261003094405,ME
2026-10-03T01:00:44.030302+00:00,ME19B174,12,2,20261003095847,20261003074423,20261003081924,,ME
2026-10-03T01:00:44.030302+00:00,ME19D126,01,2,20261003095721,20261003072713,20261003080713,,ME
2026-10-03T01:00:44.030302+00:00,ME19D127,01,2,20261003095852,20261003085505,20261003093505,,ME
2026-10-03T01:00:44.030302+00:00,ME19D128,01,3,20261003095751,20260927183731,20260927185259,20261003093645,ME
2026-10-03T01:00:44.030302+00:00,ME19Y240,21,2,20261003095655,20261003091722,20261003092521,,ME
2026-10-03T01:00:44.030302+00:00,ME19Y240,22,2,20261003095655,20261003055231,20261003062053,,ME
2026-10-03T01:00:44.030302+00:00,ME19Y269,01,2,20261003095520,20261003081301,20261003082210,,ME
2026-10-03T01:00:44.030302+00:00,ME19Y269,02,2,20261003095846,20261003084251,20261003090412,,ME
2026-10-03T01:00:44.030302+00:00,ME19Y270,01,2,20261003095847,20261002212244,20261002215839,,ME
2026-10-03T01:00:44.030302+00:00,ME19Y270,02,2,20261003095615,20261003065621,20261003071828,,ME
2026-10-03T01:00:44.030302+00:00,ME19Y271,01,2,20261003095656,20261002075728,20261002081838,,ME
2026-10-03T01:00:44.030302+00:00,ME19Y271,02,2,20261003095452,20261002170346,20261002171626,,ME
2026-10-03T01:00:44.030302+00:00,ME20B1e4,01,2,20261003095514,20261002151441,20261002155441,,ME
2026-10-03T01:00:44.030302+00:00,ME20B1e5,01,2,20261003095855,20261002194050,20261002195657,,ME
2026-10-03T01:00:44.030302+00:00,ME20B1e6,91,2,20261003095633,20261003020927,20261003023813,,ME
2026-10-03T01:00:44.030302+00:00,ME20B2a3,21,2,20261003095834,20261002111422,20261002114253,,ME
2026-10-03T01:00:44.030302+00:00,ME20B2a3,22,2,20261003095834,20261002110643,20261002114025,,ME
2026-10-03T01:00:44.030302+00:00,ME20B2a4,21,2,20261003095535,20261003061519,20261003063434,,ME
2026-10-03T01:00:44.030302+00:00,ME20B2a4,22,2,20261003095906,20261003091902,20261003095902,,ME
2026-10-03T01:00:44.030302+00:00,ME20B2a5,21,2,20261003095416,20261002181447,20261002185447,,ME
2026-10-03T01:00:44.030302+00:00,ME20B2a5,22,2,20261003095416,20261003084646,20261003092646,,ME
2026-10-03T01:00:44.030302+00:00,ME20B2a6,21,2,20261003095855,20261002085825,20261002092516,,ME
2026-10-03T01:00:44.030302+00:00,ME20B2a6,22,2,20261003095855,20261003075220,20261003082923,,ME
2026-10-03T01:00:44.030302+00:00,ME20B2a7,21,2,20261003095748,20261003065456,20261003071206,,ME
2026-10-03T01:00:44.030302+00:00,ME20B2a7,22,2,20261003095748,20261003064549,20261003072549,,ME
2026-10-03T01:00:44.030302+00:00,ME20B2a8,21,2,20261003095715,20261003075942,20261003082050,,ME
2026-10-03T01:00:44.030302+00:00,ME20B2a8,22,2,20261003095716,20261003081323,20261003085147,,ME
2026-10-03T01:00:44.030302+00:00,ME20B2a9,21,2,20261003095907,20261003060046,20261003060717,,ME
2026-10-03T01:00:44.030302+00:00,ME20B2a9,22,2,20261003095907,20261003085116,20261003092604,,ME
2026-10-03T01:00:44.030302+00:00,ME20B2b0,21,2,20261003095720,20261003072718,20261003080510,,ME
2026-10-03T01:00:44.030302+00:00,ME20B2b0,22,2,20261003095720,20261002151921,20261002152131,,ME
2026-10-03T01:00:44.030302+00:00,ME20B2b1,21,2,20261003095638,20261002153642,20261002160158,,ME
2026-10-03T01:00:44.030302+00:00,ME20B2b1,22,2,20261003095638,20261002121807,20261002124510,,ME
2026-10-03T01:00:44.030302+00:00,ME20B2b2,21,2,20261003095529,20260916145246,20260916145416,,ME
2026-10-03T01:00:44.030302+00:00,ME20B2b2,22,2,20261003095529,20260925110458,20260925114155,,ME
2026-10-03T01:00:44.030302+00:00,ME20B2b3,21,2,20261003095606,20261002164222,20261002171007,,ME
2026-10-03T01:00:44.030302+00:00,ME20B2b3,22,2,20261003095606,20261003060025,20261003064025,,ME
2026-10-03T01:00:44.030302+00:00,ME20B2b4,01,2,20261003095804,20261002092503,20261002100503,,ME
2026-10-03T01:00:44.030302+00:00,ME20B2b4,02,2,20261003095808,20261001134855,20261001142855,,ME
2026-10-03T01:00:44.030302+00:00,ME20B418,41,2,20261003095428,20261003045356,20261003053356,,ME
2026-10-03T01:00:44.030302+00:00,ME20B418,42,2,20261003095448,20261002151728,20261002155728,,ME
2026-10-03T01:00:44.030302+00:00,ME20B418,43,2,20261003095508,20261002181721,20261002185721,,ME
2026-10-03T01:00:44.030302+00:00,ME20B418,44,2,20261003095444,20261003090128,20261003094128,,ME
2026-10-03T01:00:44.030302+00:00,ME21B317,03,3,20261003095748,20261003062056,20261003064923,20261003092922,ME
2026-10-03T01:00:44.030302+00:00,ME21D081,01,2,20261003095529,20261003093927,20261003095520,,ME
2026-10-03T01:00:44.030302+00:00,ME21D082,01,2,20261003095431,20261003091433,20261003095439,,ME
2026-10-03T01:00:44.030302+00:00,ME21D083,01,3,20261003095719,20261002151947,20261002152122,20261003094056,ME
2026-10-03T01:00:44.030302+00:00,ME21D084,01,3,20261003095819,20261003091301,20261003092017,20261003093800,ME
2026-10-03T01:00:44.030302+00:00,ME21D086,01,3,20261003095843,20261003090835,20261003094838,20261003095035,ME
2026-10-03T01:00:44.030302+00:00,ME21D088,01,3,20261003095907,20261002170655,20261002171604,20261003093201,ME
2026-10-03T01:00:44.030302+00:00,ME21D092,01,2,20261003095310,20261003094829,20261003095305,,ME
2026-10-03T01:00:44.030302+00:00,ME21D093,01,2,20261003095702,20261003093134,20261003095705,,ME
2026-10-03T01:00:44.030302+00:00,ME21D095,01,3,20261003095729,20261003091033,20261003093424,20261003093916,ME
2026-10-03T01:00:44.030302+00:00,ME21D101,01,3,20261003095743,20261003090023,20261003094026,20261003095742,ME
2026-10-03T01:00:44.030302+00:00,ME21D103,01,3,20261003095746,20261002092600,20261002100603,20261002181307,ME
2026-10-03T01:00:44.030302+00:00,ME21X010,01,2,20261003095709,20261002143701,20261002144931,,ME
2026-10-03T01:00:44.030302+00:00,ME21X014,01,3,20261003095643,20261002134920,20261002143007,20261003050922,ME
2026-10-03T01:00:44.030302+00:00,ME21X015,01,2,20261003095540,20261002191129,20261002195419,,ME
2026-10-03T01:00:44.030302+00:00,ME22C1G3,01,2,20261003095216,20261003092953,20261003095224,,ME
2026-10-03T01:00:44.030302+00:00,ME22D155,01,2,20261003095838,20261003091613,20261003095613,,ME
2026-10-03T01:00:44.030302+00:00,ME22D156,01,2,20261003095159,20261003075808,20261003083801,,ME
2026-10-03T01:00:44.030302+00:00,ME22D161,01,2,20261003095542,20261002233138,20261003001138,,ME
2026-10-03T01:00:44.030302+00:00,ME22D162,01,2,20261003095816,20261002204937,20261002212731,,ME
2026-10-03T01:00:44.030302+00:00,ME22D176,01,2,20261003095853,20261003093455,20261003095511,,ME
2026-10-03T01:00:44.030302+00:00,ME22D1H0,01,2,20261003095817,20261003073550,20261003081550,,ME
2026-10-03T01:00:44.030302+00:00,ME22D219,01,5,20261003095850,20261003061803,20261003063836,,ME
2026-10-03T01:00:44.030302+00:00,ME22D219,02,2,20261003095550,20261003065915,20261003073915,,ME
2026-10-03T01:00:44.030302+00:00,ME22D235,01,2,20261003095748,20261003080606,20261003083025,,ME
2026-10-03T01:00:44.030302+00:00,ME22D235,02,2,20261003095548,20261003054900,20261003060740,,ME
2026-10-03T01:00:44.030302+00:00,ME22D401,02,3,20261003095537,20261003084257,20261003090248,20261003093504,ME
2026-10-03T01:00:44.030302+00:00,ME22D401,03,2,20261003095852,20261003094558,20261003094732,,ME
2026-10-03T01:00:44.030302+00:00,ME22D401,04,3,20261003095900,20261003084655,20261003091216,20261003091844,ME
2026-10-03T01:00:44.030302+00:00,ME25C183,01,2,20261003095856,20261001045802,20261001051029,,ME
2026-10-03T01:00:44.030302+00:00,ME25C184,01,3,20261003095645,20261003050002,20261003053503,20261003094452,ME
2026-10-03T01:00:44.030302+00:00,ME25C282,21,2,20261003095905,20261002125916,20261002133918,,ME
2026-10-03T01:00:44.030302+00:00,ME25C282,22,2,20261003095907,20261002185937,20261002192137,,ME
2026-10-03T01:00:44.030302+00:00,ME25C283,01,3,20261003095749,20261002135941,20261002143943,20261003095628,ME
2026-10-03T01:00:44.030302+00:00,ME25C283,02,2,20261003095415,20261003080649,20261003082745,,ME
2026-10-03T01:00:44.030302+00:00,ME25C284,01,2,20261003095847,20260930133648,20260930141649,,ME
2026-10-03T01:00:44.030302+00:00,ME25C284,02,2,20261003095451,20261003080508,20261003084512,,ME
2026-10-03T01:00:44.030302+00:00,CI0O0032,01,2,20261003095931,20261003092328,20261003095931,,CI
2026-10-03T01:00:44.030302+00:00,ER000227,03,2,20261003095744,20261002203435,20261002180345,,ER
2026-10-03T01:00:44.030302+00:00,EV021520,02,3,20261003095726,20261002170806,20261003052855,20261003095609,EV
2026-10-03T01:00:44.030302+00:00,HD000018,05,3,20261003095802,20261003095701,20261002135251,20261003095701,HD
2026-10-03T01:00:44.030302+00:00,HE240172,04,3,20261003095500,20261003095500,20261003091500,20261003095500,HE
2026-10-03T01:00:44.030302+00:00,HM003000,07,3,20261003095218,20261002182735,20261002193111,20261003095101,HM
2026-10-03T01:00:44.030302+00:00,HM003000,73,3,20261003095817,20261001064010,20261001073416,20261003095702,HM
2026-10-03T01:00:44.030302+00:00,HM003000,75,3,20261003095817,20261002090239,20261002165141,20261003095645,HM
2026-10-03T01:00:44.030302+00:00,HM910001,05,3,20261003095226,20261002211254,20261003054157,20261003095142,HM
2026-10-03T01:00:44.030302+00:00,HY001163,02,2,20261003095305,20261002145810,20261003095203,,HY
2026-10-03T01:00:44.030302+00:00,JD000002,01,2,20261003095817,20261003074805,20261003074930,,JD
2026-10-03T01:00:44.030302+00:00,JD000005,01,2,20261003095800,20261003055500,20261003095800,,JD
2026-10-03T01:00:44.030302+00:00,JD000038,02,2,20261003095530,20261003072045,20261003095355,,JD
2026-10-03T01:00:44.030302+00:00,JD000047,02,3,20261003095714,20261003095714,20261002162959,20261002155529,JD
2026-10-03T01:00:44.030302+00:00,JD000054,01,2,20261003100000,20260820114629,20260820143748,,JD
2026-10-03T01:00:44.030302+00:00,JD000070,02,2,20261003095530,20261003090522,20261003095226,,JD
2026-10-03T01:00:44.030302+00:00,JD100009,02,2,20261003095930,20261003093712,20261003095806,,JD
2026-10-03T01:00:44.030302+00:00,JD100020,01,3,20261003095817,20261003095817,20261002164950,20261003095733,JD
2026-10-03T01:00:44.030302+00:00,JD110007,01,1,20261003095530,20260924182853,20260924190355,,JD
2026-10-03T01:00:44.030302+00:00,JD110019,02,3,20261003095714,20261003095714,20261001145410,20261003095655,JD
2026-10-03T01:00:44.030302+00:00,JD110025,01,3,20261003095328,20261003095328,20261002182942,20261003095255,JD
2026-10-03T01:00:44.030302+00:00,JD110058,02,3,20261003095631,20261003095631,20261003082849,20261003095513,JD
2026-10-03T01:00:44.030302+00:00,JD110103,01,3,20261003095715,20261003095715,20261002223148,20261003095500,JD
2026-10-03T01:00:44.030302+00:00,JD110111,02,3,20261003095931,20261003095931,20261002232431,20261003095852,JD
2026-10-03T01:00:44.030302+00:00,JD110122,02,3,20261003095530,20261003095530,20261002120237,20261003095358,JD
2026-10-03T01:00:44.030302+00:00,JD110133,01,3,20261003095228,20261003095228,20261003075959,20261003095123,JD
2026-10-03T01:00:44.030302+00:00,JD110138,01,2,20261003095931,20261003091410,20261003095410,,JD
2026-10-03T01:00:44.030302+00:00,JE010159,03,2,20261003095424,20261003070740,20261003095406,,JE
2026-10-03T01:00:44.030302+00:00,JE010190,01,2,20261003095424,20261002225652,20261003075746,,JE
2026-10-03T01:00:44.030302+00:00,JE010193,01,2,20261003095424,20261003071012,20261003095402,,JE
2026-10-03T01:00:44.030302+00:00,JE010214,03,2,20261003095625,20261002210334,20261002225630,,JE
2026-10-03T01:00:44.030302+00:00,JE010250,01,2,20261003095824,20261003085615,20261003095659,,JE
2026-10-03T01:00:44.030302+00:00,JE010289,01,3,20261003095825,20261002192434,20261002202347,20261003095650,JE
2026-10-03T01:00:44.030302+00:00,JE020157,09,2,20261003095626,20261003091504,20261003095452,,JE
2026-10-03T01:00:44.030302+00:00,JE040066,04,2,20261003095425,20261002181444,20261003095216,,JE
2026-10-03T01:00:44.030302+00:00,JE040083,02,2,20261003095825,20261003093733,20261003095810,,JE
2026-10-03T01:00:44.030302+00:00,JE040111,13,3,20261003095226,20261001132818,20261001151231,20261003095123,JE
2026-10-03T01:00:44.030302+00:00,JE040119,01,2,20261003095226,20261003082939,20261003095202,,JE
2026-10-03T01:00:44.030302+00:00,JE900201,01,3,20261003095227,20261002200758,20261002204116,20261003095142,JE
2026-10-03T01:00:44.030302+00:00,JE900205,01,3,20261003095826,20261003091854,20261003093913,20261003095731,JE
2026-10-03T01:00:44.030302+00:00,JE900224,06,2,20261003095627,20261002195042,20261003025012,,JE
2026-10-03T01:00:44.030302+00:00,JE900224,07,2,20261003095426,20261002214833,20261002224523,,JE
2026-10-03T01:00:44.030302+00:00,JE900260,02,2,20261003095426,20261002195420,20261003031345,,JE
2026-10-03T01:00:44.030302+00:00,JE910019,01,2,20261003095627,20261002172125,20261003002236,,JE
2026-10-03T01:00:44.030302+00:00,KE001381,01,3,20261003095559,20261003095511,20261002070719,20261003095511,KE
2026-10-03T01:00:44.030302+00:00,KP001155,04,3,20261003100010,20261002174818,20261003040501,20261003100010,KP
2026-10-03T01:00:44.030302+00:00,KP001209,01,3,20261003100007,20261002231551,20261003033715,20261003095300,KP
2026-10-03T01:00:44.030302+00:00,MO501104,01,2,20261003100005,20261003100000,20261003100005,,MO
2026-10-03T01:00:44.030302+00:00,MO501104,02,9,20261003100005,20261003100000,20261003100005,,MO
2026-10-03T01:00:44.030302+00:00,MO501106,01,9,20261003100005,20260902190154,20260902190209,,MO
2026-10-03T01:00:44.030302+00:00,MO501126,01,2,20261003100005,20261003100000,20261003100005,,MO
2026-10-03T01:00:44.030302+00:00,MO501129,01,2,20261003100005,20241216213918,20241216213918,,MO
2026-10-03T01:00:44.030302+00:00,MO501129,02,2,20261003100005,20241217202230,20241217202230,,MO
2026-10-03T01:00:44.030302+00:00,MO501143,01,2,20261003100005,20250706175600,20250706175615,,MO
2026-10-03T01:00:44.030302+00:00,MO501143,02,9,20261003100005,20241016172006,20241016172006,,MO
2026-10-03T01:00:44.030302+00:00,MO501150,01,2,20261003100005,20260930190539,20260930190540,,MO
2026-10-03T01:00:44.030302+00:00,NT102694,01,3,20261003095250,20261003095250,20261003082550,20261003095250,NT
2026-10-03T01:00:44.030302+00:00,NT102698,01,3,20261003095850,20261003095850,20261002074150,20261003095850,NT
2026-10-03T01:00:44.030302+00:00,NT102698,03,3,20261003095250,20261003095250,20261002092450,20261003095250,NT
2026-10-03T01:00:44.030302+00:00,NT102698,05,3,20261003095550,20261003095550,20261003042650,20261003095550,NT
2026-10-03T01:00:44.030302+00:00,PI306058,13,3,20261003095236,20261003095127,20261002185520,20261003095236,PI
2026-10-03T01:00:44.030302+00:00,PI640369,01,2,20261003095630,20261003074454,20261003085200,,PI
2026-10-03T01:00:44.030302+00:00,PI645491,12,2,20261003095839,20261003051516,20261003084825,,PI
2026-10-03T01:00:44.030302+00:00,PI700945,02,2,20261003100005,20261003053825,20261003095805,,PI
2026-10-03T01:00:44.030302+00:00,PIH00488,04,2,20261003095728,20261002222228,20261003095423,,PI
2026-10-03T01:00:44.030302+00:00,PIH00605,01,2,20261003095715,20261002185854,20261003083816,,PI
2026-10-03T01:00:44.030302+00:00,PIH01167,03,9,20261003095310,20261002191636,20261001235412,,PI
2026-10-03T01:00:44.030302+00:00,PK000306,01,2,20261003095200,20261003091452,20261003094502,,PK
2026-10-03T01:00:44.030302+00:00,PK000306,05,3,20261003095200,20261003084533,20261003092356,20261003095041,PK
2026-10-03T01:00:44.030302+00:00,PL027210,07,3,20261003095804,20261003095804,20261003055943,20261003095804,PL
2026-10-03T01:00:44.030302+00:00,PL031494,03,3,20261003095549,20261003095549,20261003092926,20261003095549,PL
2026-10-03T01:00:44.030302+00:00,PW800113,05,2,20261003095510,20261002163426,20261002195849,,PW
2026-10-03T01:00:44.030302+00:00,SF003743,10,2,20261003095513,20261003085729,20261003094324,,SF
2026-10-03T01:00:44.030302+00:00,SOA33001,01,1,20261003095935,20261003070734,20261003070934,,SO
2026-10-03T01:00:44.030302+00:00,ST500003,02,3,20261003095904,20261003095904,20261003091301,20261001211934,ST
2026-10-03T01:00:44.030302+00:00,ST501102,23,3,20261003095922,20261003095922,20261002115216,20261001160640,ST
2026-10-03T01:00:44.030302+00:00,ST501140,03,2,20261003095304,20261003085304,20261003095304,,ST
2026-10-03T01:00:44.030302+00:00,ST501147,05,2,20261003095058,20261003092058,20261003095058,,ST
2026-10-03T01:00:44.030302+00:00,ST501152,02,2,20261003095258,20261003085258,20261003095258,,ST
2026-10-03T01:00:44.030302+00:00,ST600610,04,3,20261003095429,20261003095429,20261003081028,20261002183644,ST
2026-10-03T01:00:44.030302+00:00,TDO00093,01,2,20261003100004,20261002203201,20261002230544,,TD
2026-10-03T01:00:44.030302+00:00,ME174046,01,2,20261003095712,20261002060817,20261002064852,,ME
2026-10-03T01:00:44.030302+00:00,ME174050,01,2,20261003095818,20261001170730,20261001170951,,ME
2026-10-03T01:00:44.030302+00:00,ME174050,02,2,20261003095848,20261003022325,20261003030646,,ME
2026-10-03T01:00:44.030302+00:00,ME174050,03,2,20261003095551,20261003052247,20261003060313,,ME
2026-10-03T01:00:44.030302+00:00,ME174050,04,2,20261003095830,20260930105634,20260930112000,,ME
2026-10-03T01:00:44.030302+00:00,ME174050,05,2,20261003095838,20261002113641,20261002121236,,ME
2026-10-03T01:00:44.030302+00:00,ME174061,01,2,20261003095624,20261003083825,20261003092450,,ME
2026-10-03T01:00:44.030302+00:00,ME174062,01,2,20261003095828,20261003092934,20261003094119,,ME
2026-10-03T01:00:44.030302+00:00,ME183101,01,2,20261003095500,20261002151207,20261002151432,,ME
2026-10-03T01:00:44.030302+00:00,ME183101,02,2,20261003095802,20261002153053,20261002160300,,ME
2026-10-03T01:00:44.030302+00:00,ME183101,03,2,20261003095638,20261002191454,20261002192333,,ME
2026-10-03T01:00:44.030302+00:00,ME183101,04,2,20261003095810,20261002153240,20261002153551,,ME
2026-10-03T01:00:44.030302+00:00,ME183101,52,2,20261003095756,20261002115343,20261002115600,,ME
2026-10-03T01:00:44.030302+00:00,ME183101,54,2,20261003095814,20261002120136,20261002120334,,ME
2026-10-03T01:00:44.030302+00:00,ME183102,02,2,20261003095743,20261002125719,20261002132630,,ME
2026-10-03T01:00:44.030302+00:00,ME183102,52,2,20261003095753,20261002054830,20261002083559,,ME
2026-10-03T01:00:44.030302+00:00,ME184122,01,2,20261003095521,20261003093114,20261003094710,,ME
2026-10-03T01:00:44.030302+00:00,ME184124,01,2,20261003095847,20261002181516,20261002182536,,ME
2026-10-03T01:00:44.030302+00:00,ME184125,01,2,20261003095716,20261001133809,20261001141849,,ME
2026-10-03T01:00:44.030302+00:00,ME184126,02,2,20261003095701,20261002165033,20261002171334,,ME
2026-10-03T01:00:44.030302+00:00,ME18A173,01,2,20261003095559,20261002161043,20261002163234,,ME
2026-10-03T01:00:44.030302+00:00,ME18A174,01,2,20261003095505,20261003080409,20261003081525,,ME
2026-10-03T01:00:44.030302+00:00,ME18A175,01,2,20261003095547,20261002172804,20261002174344,,ME
2026-10-03T01:00:44.030302+00:00,ME18A180,01,2,20261003095628,20261002223135,20261002230540,,ME
2026-10-03T01:00:44.030302+00:00,ME18A268,11,2,20261003095433,20261003064814,20261003065753,,ME
2026-10-03T01:00:44.030302+00:00,ME18A268,12,2,20261003095429,20261003083427,20261003091534,,ME
2026-10-03T01:00:44.030302+00:00,ME18A269,11,2,20261003095500,20261003085804,20261003091957,,ME
2026-10-03T01:00:44.030302+00:00,ME18A269,12,2,20261003095456,20261003090125,20261003090636,,ME
2026-10-03T01:00:44.030302+00:00,ME18A270,11,2,20261003095452,20261002081142,20261002083239,,ME
2026-10-03T01:00:44.030302+00:00,ME18A270,12,2,20261003095457,20261002092648,20261002094617,,ME
2026-10-03T01:00:44.030302+00:00,ME18A271,01,2,20261003095424,20260929162754,20260929170453,,ME
2026-10-03T01:00:44.030302+00:00,ME18A271,02,2,20261003095605,20261001163502,20261001170516,,ME
2026-10-03T01:00:44.030302+00:00,ME18A272,11,3,20261003095648,20261003072119,20261003080422,20261003092419,ME
2026-10-03T01:00:44.030302+00:00,ME18A272,12,2,20261003095644,20261001160557,20261001164900,,ME
2026-10-03T01:00:44.030302+00:00,ME18A273,11,2,20261003095814,20261002171511,20261002173052,,ME
2026-10-03T01:00:44.030302+00:00,ME18A273,12,2,20261003095820,20261003084912,20261003092028,,ME
2026-10-03T01:00:44.030302+00:00,ME18A274,11,2,20261003095508,20261001134951,20261001143233,,ME
2026-10-03T01:00:44.030302+00:00,ME18A274,12,2,20261003095506,20261002205228,20261002213757,,ME
2026-10-03T01:00:44.030302+00:00,ME18A275,11,2,20261003095538,20261003082614,20261003084525,,ME
2026-10-03T01:00:44.030302+00:00,ME18A275,12,2,20261003095545,20261003025941,20261003034129,,ME
2026-10-03T01:00:44.030302+00:00,ME18A281,11,2,20261003095837,20260930150635,20260930151317,,ME
2026-10-03T01:00:44.030302+00:00,ME18A281,12,2,20261003095841,20261002080828,20261002085133,,ME
2026-10-03T01:00:44.030302+00:00,ME18A306,01,2,20261003095849,20260930080057,20260930083747,,ME
2026-10-03T01:00:44.030302+00:00,ME18A306,11,2,20261003095845,20261002121626,20261002130155,,ME
2026-10-03T01:00:44.030302+00:00,ME18A306,12,2,20261003095849,20260928095330,20260928095457,,ME
2026-10-03T01:00:44.030302+00:00,ME18A404,03,9,20261003095310,20260928180613,20260928184617,,ME
2026-10-03T01:00:44.030302+00:00,ME18A404,04,2,20261003095148,20260930110303,20260930111942,,ME
2026-10-03T01:00:44.030302+00:00,ME19B169,01,2,20261003095419,20261001120400,20261001124405,,ME
2026-10-03T01:00:44.030302+00:00,ME19B170,01,2,20261003095433,20261003060250,20261003061808,,ME
2026-10-03T01:00:44.030302+00:00,ME19B171,01,2,20261003095838,20261002160937,20261002164937,,ME
2026-10-03T01:00:44.030302+00:00,ME19B172,01,2,20261003095855,20261002205622,20261002211300,,ME
2026-10-03T01:00:44.030302+00:00,ME19B173,01,2,20261003095626,20261002155125,20261002155305,,ME
2026-10-03T01:00:44.030302+00:00,ME19B241,21,3,20261003095838,20261003080835,20261003084435,20261003093614,ME
2026-10-03T01:00:44.030302+00:00,ME19B404,23,3,20261003095902,20261003090032,20261003091638,20261003094515,ME
2026-10-03T01:00:44.030302+00:00,ME20B1e1,01,2,20261003095424,20260923131203,20260923131340,,ME
2026-10-03T01:00:44.030302+00:00,ME20B1e2,01,2,20261003095812,20261003070959,20261003074547,,ME
2026-10-03T01:00:44.030302+00:00,ME20B1e3,01,2,20261003095612,20261003081617,20261003085617,,ME
2026-10-03T01:00:44.030302+00:00,ME20B2a0,91,2,20261003095514,20261003080238,20261003083627,,ME
2026-10-03T01:00:44.030302+00:00,ME20B2a0,92,2,20261003095507,20261002111633,20261002111803,,ME
2026-10-03T01:00:44.030302+00:00,ME20B2a1,21,2,20261003095455,20260930153947,20260930161947,,ME
2026-10-03T01:00:44.030302+00:00,ME20B2a1,22,2,20261003095455,20260923104352,20260923104521,,ME
2026-10-03T01:00:44.030302+00:00,ME20B2a2,21,2,20261003095715,20261001165128,20261001165303,,ME
2026-10-03T01:00:44.030302+00:00,ME20B2a2,22,2,20261003095715,20261002070459,20261002072043,,ME
2026-10-03T01:00:44.030302+00:00,ME20B416,21,2,20261003095906,20261002093311,20261002094122,,ME
2026-10-03T01:00:44.030302+00:00,ME20B416,22,2,20261003095906,20261002170739,20261002171439,,ME
2026-10-03T01:00:44.030302+00:00,ME20B416,23,2,20261003095909,20261001153213,20261001154816,,ME
2026-10-03T01:00:44.030302+00:00,ME20B416,24,2,20261003095910,20261002165341,20261002172241,,ME
2026-10-03T01:00:44.030302+00:00,ME20B417,41,2,20261003095757,20261001133924,20261001141346,,ME
2026-10-03T01:00:44.030302+00:00,ME20B417,42,2,20261003095823,20261002165845,20261002173845,,ME
2026-10-03T01:00:44.030302+00:00,ME20B417,43,2,20261003095829,20261002182656,20261002190656,,ME
2026-10-03T01:00:44.030302+00:00,ME20B417,44,2,20261003095824,20261002192540,20261002200134,,ME
2026-10-03T01:00:44.030302+00:00,ME21D057,01,3,20261003095738,20261003081916,20261003085920,20261003094733,ME
2026-10-03T01:00:44.030302+00:00,ME21D064,01,3,20261003095905,20261003084748,20261003092754,20261003094856,ME
2026-10-03T01:00:44.030302+00:00,ME21D074,01,3,20261003095755,20261003072504,20261003074143,20261003095802,ME
2026-10-03T01:00:44.030302+00:00,ME21D076,01,3,20261003095712,20261002220957,20261002225000,20261003094905,ME
2026-10-03T01:00:44.030302+00:00,ME21X008,01,2,20261003095508,20261003085515,20261003093835,,ME
2026-10-03T01:00:44.030302+00:00,ME22B336,81,3,20261003095805,20261003081403,20261003085409,20261003093952,ME
2026-10-03T01:00:44.030302+00:00,ME22D1H1,01,3,20261003095418,20261003021250,20261003025250,20261003094908,ME
2026-10-03T01:00:44.030302+00:00,ME25C181,01,2,20261003095638,20261003071001,20261003071834,,ME
2026-10-03T01:00:44.030302+00:00,ME25C182,01,4,20261003095711,20261002202426,20261002205244,,ME
2026-10-03T01:00:44.030302+00:00,ME25C281,21,2,20261003095833,20261003084609,20261003092611,,ME
2026-10-03T01:00:44.030302+00:00,ME25C281,22,3,20261003095835,20261002190950,20261002192858,20261003092519,ME
2026-10-03T01:00:44.030302+00:00,ME25C318,01,2,20261003095841,20261003064934,20261003072813,,ME
2026-10-03T01:00:44.030302+00:00,ME25C318,21,4,20261003095907,20260926115518,20260926122747,,ME
2026-10-03T01:00:44.030302+00:00,ME25C318,22,2,20261003095909,20260919182628,20260919184105,,ME
2026-10-03T01:00:44.030302+00:00,ME25C431,01,2,20261003095907,20260914133046,20260914133228,,ME
2026-10-03T01:00:44.030302+00:00,ME25C431,02,2,20261003095546,20260929180949,20260929184722,,ME
2026-10-03T01:00:44.030302+00:00,ME25C431,03,2,20261003095441,20261001230801,20261001232738,,ME
2026-10-03T01:00:44.030302+00:00,ME25C431,04,2,20261003095445,20261002211435,20261002213203,,ME
2026-10-03T01:00:44.030302+00:00,BT000013,01,2,20261003095529,20260930072730,20260930130755,,BT
2026-10-03T01:00:44.030302+00:00,CV004597,14,3,20261003095547,20261003095059,20261003095105,20261003095547,CV
2026-10-03T01:00:44.030302+00:00,HE000035,01,3,20261003095900,20261003095900,20261003072200,20261003095900,HE
2026-10-03T01:00:44.030302+00:00,HE000035,02,3,20261003095100,20261003095100,20261003082000,20261003095100,HE
2026-10-03T01:00:44.030302+00:00,HE000044,03,3,20261003095900,20261003095900,20261002190500,20261003095900,HE
2026-10-03T01:00:44.030302+00:00,HE000976,02,3,20261003100000,20261003100000,20261003090100,20261003100000,HE
2026-10-03T01:00:44.030302+00:00,HE230005,02,3,20261003100000,20261003100000,20261003082556,20261003100000,HE
2026-10-03T01:00:44.030302+00:00,HE230005,03,3,20261003095500,20261003095500,20261002203303,20261003095500,HE
2026-10-03T01:00:44.030302+00:00,JD000095,01,3,20261003095800,20261003095800,20261003022700,20261003095800,JD
2026-10-03T01:00:44.030302+00:00,JD000129,02,2,20261003095442,20261003091053,20261003095059,,JD
2026-10-03T01:00:44.030302+00:00,JD100019,03,2,20261003095442,20261003092001,20261003095125,,JD
2026-10-03T01:00:44.030302+00:00,JD160034,02,3,20261003095715,20261003095715,20261003080140,20261003095648,JD
2026-10-03T01:00:44.030302+00:00,JD160045,01,2,20261003095817,20261003092114,20261003095550,,JD
2026-10-03T01:00:44.030302+00:00,JD160062,01,3,20261003095931,20261003095931,20261001233329,20261003095820,JD
2026-10-03T01:00:44.030302+00:00,JD160073,01,2,20261003095443,20261003091312,20261003094917,,JD
2026-10-03T01:00:44.030302+00:00,JD160089,01,2,20261003095328,20261003090810,20261003094810,,JD
2026-10-03T01:00:44.030302+00:00,JE010368,06,3,20261003095825,20261002201517,20261002222732,20261003095728,JE
2026-10-03T01:00:44.030302+00:00,JE020002,11,2,20261003095226,20261002191149,20261002235928,,JE
2026-10-03T01:00:44.030302+00:00,JE020006,01,2,20261003095825,20261003090610,20261003095717,,JE
2026-10-03T01:00:44.030302+00:00,JE020037,01,2,20261003095825,20261003083124,20261003095810,,JE
2026-10-03T01:00:44.030302+00:00,JE020065,02,2,20261003095226,20261003094705,20261003095209,,JE
2026-10-03T01:00:44.030302+00:00,JE020104,03,3,20261003095425,20261003072737,20261003084054,20261003095339,JE
2026-10-03T01:00:44.030302+00:00,JE020137,06,2,20261003095425,20261003085154,20261003095036,,JE
2026-10-03T01:00:44.030302+00:00,JE020137,14,2,20261003095825,20261002200012,20261003095627,,JE
2026-10-03T01:00:44.030302+00:00,JE043009,02,2,20261003095425,20261002221703,20261003095335,,JE
2026-10-03T01:00:44.030302+00:00,JE900112,07,2,20261003095426,20261003083605,20261003095417,,JE
2026-10-03T01:00:44.030302+00:00,JE900112,09,2,20261003095626,20261003093851,20261003095536,,JE
2026-10-03T01:00:44.030302+00:00,JE900112,15,2,20261003095227,20261003093419,20261003095205,,JE
2026-10-03T01:00:44.030302+00:00,JE900135,01,3,20261003095826,20261001094717,20261001131600,20261003095702,JE
2026-10-03T01:00:44.030302+00:00,JE900189,02,3,20261003095627,20261003073926,20261003080857,20261003095554,JE
2026-10-03T01:00:44.030302+00:00,JE900198,02,2,20261003095826,20261003085402,20261003095653,,JE
2026-10-03T01:00:44.030302+00:00,JE900199,04,3,20261003095826,20261003083551,20261003092321,20261003083551,JE
2026-10-03T01:00:44.030302+00:00,JE900247,01,2,20261003095426,20261002210559,20261003005050,,JE
2026-10-03T01:00:44.030302+00:00,KP000385,02,3,20261003100007,20261002082903,20261002092747,20261003095421,KP
2026-10-03T01:00:44.030302+00:00,MO501311,01,2,20261003100005,20261003100000,20261003100005,,MO
2026-10-03T01:00:44.030302+00:00,MO501319,01,9,20261003100005,20260221113134,20260221113140,,MO
2026-10-03T01:00:44.030302+00:00,MO501319,02,2,20261003100005,20260114160320,20260114160326,,MO
2026-10-03T01:00:44.030302+00:00,MO501321,01,2,20261003100005,20261003100000,20261003100005,,MO
2026-10-03T01:00:44.030302+00:00,MO501328,01,2,20261003100005,20251012210231,20251012210247,,MO
2026-10-03T01:00:44.030302+00:00,PI640318,09,3,20261003095839,20261003095445,20261003012900,20261003095839,PI
2026-10-03T01:00:44.030302+00:00,PIH01084,15,2,20261003095233,20261003091107,20261003095110,,PI
2026-10-03T01:00:44.030302+00:00,PIH01105,12,3,20261003095727,20261003095637,20260930172600,20261003095727,PI
2026-10-03T01:00:44.030302+00:00,PIH02034,01,2,20261003095220,20261002203957,20261003041046,,PI
2026-10-03T01:00:44.030302+00:00,PIS00485,03,2,20261003095835,20261002203917,20261003055934,,PI
2026-10-03T01:00:44.030302+00:00,PIS00485,06,2,20261003095835,20261002194323,20261003053833,,PI
2026-10-03T01:00:44.030302+00:00,PL032061,02,2,20261003095455,20261003085047,20261003095455,,PL
2026-10-03T01:00:44.030302+00:00,PW015119,05,3,20261003095811,20261003095811,20261002214617,20261003095432,PW
2026-10-03T01:00:44.030302+00:00,PW100561,09,3,20261003095508,20261003095508,20261003034110,20261003095453,PW
2026-10-03T01:00:44.030302+00:00,RE000243,48,3,20261003100004,20261003100004,20261003094731,20261002205714,RE
2026-10-03T01:00:44.030302+00:00,ST501323,02,2,20261003095510,20260930135345,20261002170457,,ST
2026-10-03T01:15:33.870140+00:00,ME174067,01,2,20261003101338,20261002082430,20261002090050,,ME
2026-10-03T01:15:33.870140+00:00,ME181538,01,2,20261003101224,20261001112620,20261001112816,,ME
2026-10-03T01:15:33.870140+00:00,ME181539,01,2,20261003101401,20261003073706,20261003080852,,ME
2026-10-03T01:15:33.870140+00:00,ME181541,01,3,20261003101229,20261001104110,20261001112114,,ME
2026-10-03T01:15:33.870140+00:00,ME184129,01,2,20261003101356,20260930110036,20260930111706,,ME
2026-10-03T01:15:33.870140+00:00,ME184130,01,2,20261003101359,20261003020940,20261003024601,,ME
2026-10-03T01:15:33.870140+00:00,ME184131,01,2,20261003101001,20261003071227,20261003075548,,ME
2026-10-03T01:15:33.870140+00:00,ME18A176,01,2,20261003101227,20261003011408,20261003015611,,ME
2026-10-03T01:15:33.870140+00:00,ME18A177,01,2,20261003101321,20261003100202,20261003101317,,ME
2026-10-03T01:15:33.870140+00:00,ME18A178,01,2,20261003101224,20261003070711,20261003075322,,ME
2026-10-03T01:15:33.870140+00:00,ME18A179,01,2,20261003100917,20261003080718,20261003081009,,ME
2026-10-03T01:15:33.870140+00:00,ME18A276,11,2,20261003101103,20260927190040,20260927190352,,ME
2026-10-03T01:15:33.870140+00:00,ME18A276,12,2,20261003101051,20260925101706,20260925104659,,ME
2026-10-03T01:15:33.870140+00:00,ME18A277,11,2,20261003101006,20261002173447,20261002182015,,ME
2026-10-03T01:15:33.870140+00:00,ME18A277,12,2,20261003101012,20261002200527,20261002202148,,ME
2026-10-03T01:15:33.870140+00:00,ME18A278,01,2,20261003101220,20261002201458,20261002210104,,ME
2026-10-03T01:15:33.870140+00:00,ME18A278,02,2,20261003101121,20261003084440,20261003092515,,ME
2026-10-03T01:15:33.870140+00:00,ME18A279,11,2,20261003101049,20261002153932,20261002162237,,ME
2026-10-03T01:15:33.870140+00:00,ME18A279,12,2,20261003101041,20261003082006,20261003084225,,ME
2026-10-03T01:15:33.870140+00:00,ME18A280,11,2,20261003101116,20261002224817,20261002225831,,ME
2026-10-03T01:15:33.870140+00:00,ME18A280,12,2,20261003101106,20261003081023,20261003084440,,ME
2026-10-03T01:15:33.870140+00:00,ME18A282,11,2,20261003101249,20261002220306,20261002222057,,ME
2026-10-03T01:15:33.870140+00:00,ME18A282,12,2,20261003101301,20261002163011,20261002170307,,ME
2026-10-03T01:15:33.870140+00:00,ME18A283,11,2,20261003100926,20261002163239,20261002170837,,ME
2026-10-03T01:15:33.870140+00:00,ME18A283,12,2,20261003100925,20261002180452,20261002184756,,ME
2026-10-03T01:15:33.870140+00:00,ME18A307,01,2,20261003101034,20261003083823,20261003085143,,ME
2026-10-03T01:15:33.870140+00:00,ME18A308,01,2,20261003100917,20261002125933,20261002133600,,ME
2026-10-03T01:15:33.870140+00:00,ME18A308,11,2,20261003101344,20261001170716,20261001171059,,ME
2026-10-03T01:15:33.870140+00:00,ME18A308,12,2,20261003101342,20261002131713,20261002140015,,ME
2026-10-03T01:15:33.870140+00:00,ME18A309,01,2,20261003101141,20261002211926,20261002220232,,ME
2026-10-03T01:15:33.870140+00:00,ME18A309,11,2,20261003101337,20261002195301,20261002203053,,ME
2026-10-03T01:15:33.870140+00:00,ME18A309,12,3,20261003101343,20261003050033,20261003053407,20261003100431,ME
2026-10-03T01:15:33.870140+00:00,ME19B174,11,2,20261003101352,20261003094405,20261003100427,,ME
2026-10-03T01:15:33.870140+00:00,ME19B174,12,2,20261003101350,20261003074423,20261003081924,,ME
2026-10-03T01:15:33.870140+00:00,ME19B246,21,3,20261003101150,20261003015928,20261003023936,20261003100033,ME
2026-10-03T01:15:33.870140+00:00,ME19D126,01,2,20261003101221,20261003072713,20261003080713,,ME
2026-10-03T01:15:33.870140+00:00,ME19D127,01,2,20261003101352,20261003085505,20261003093505,,ME
2026-10-03T01:15:33.870140+00:00,ME19D128,01,3,20261003100754,20260927183731,20260927185259,20261003093645,ME
2026-10-03T01:15:33.870140+00:00,ME19Y240,21,2,20261003101154,20261003091722,20261003092521,,ME
2026-10-03T01:15:33.870140+00:00,ME19Y240,22,3,20261003101257,20261003055231,20261003062053,20261003101257,ME
2026-10-03T01:15:33.870140+00:00,ME19Y269,01,2,20261003101020,20261003081301,20261003082210,,ME
2026-10-03T01:15:33.870140+00:00,ME19Y269,02,2,20261003101347,20261003084251,20261003090412,,ME
2026-10-03T01:15:33.870140+00:00,ME19Y270,01,2,20261003101347,20261002212244,20261002215839,,ME
2026-10-03T01:15:33.870140+00:00,ME19Y270,02,2,20261003101115,20261003065621,20261003071828,,ME
2026-10-03T01:15:33.870140+00:00,ME19Y271,01,2,20261003101156,20261002075728,20261002081838,,ME
2026-10-03T01:15:33.870140+00:00,ME19Y271,02,3,20261003101115,20261002170346,20261002171626,20261003100058,ME
2026-10-03T01:15:33.870140+00:00,ME20B1e4,01,2,20261003101015,20261002151441,20261002155441,,ME
2026-10-03T01:15:33.870140+00:00,ME20B1e5,01,2,20261003101355,20261002194050,20261002195657,,ME
2026-10-03T01:15:33.870140+00:00,ME20B1e6,91,2,20261003101133,20261003020927,20261003023813,,ME
2026-10-03T01:15:33.870140+00:00,ME20B2a3,21,2,20261003101334,20261002111422,20261002114253,,ME
2026-10-03T01:15:33.870140+00:00,ME20B2a3,22,2,20261003101334,20261002110643,20261002114025,,ME
2026-10-03T01:15:33.870140+00:00,ME20B2a4,21,2,20261003101035,20261003061519,20261003063434,,ME
2026-10-03T01:15:33.870140+00:00,ME20B2a4,22,2,20261003101035,20261003091902,20261003095902,,ME
2026-10-03T01:15:33.870140+00:00,ME20B2a5,21,2,20261003100916,20261002181447,20261002185447,,ME
2026-10-03T01:15:33.870140+00:00,ME20B2a5,22,2,20261003100916,20261003084646,20261003092646,,ME
2026-10-03T01:15:33.870140+00:00,ME20B2a6,21,2,20261003101355,20261002085825,20261002092516,,ME
2026-10-03T01:15:33.870140+00:00,ME20B2a6,22,2,20261003101355,20261003075220,20261003082923,,ME
2026-10-03T01:15:33.870140+00:00,ME20B2a7,21,2,20261003101248,20261003065456,20261003071206,,ME
2026-10-03T01:15:33.870140+00:00,ME20B2a7,22,2,20261003101248,20261003064549,20261003072549,,ME
2026-10-03T01:15:33.870140+00:00,ME20B2a8,21,2,20261003101216,20261003075942,20261003082050,,ME
2026-10-03T01:15:33.870140+00:00,ME20B2a8,22,2,20261003101216,20261003081323,20261003085147,,ME
2026-10-03T01:15:33.870140+00:00,ME20B2a9,21,2,20261003101407,20261003060046,20261003060717,,ME
2026-10-03T01:15:33.870140+00:00,ME20B2a9,22,2,20261003101407,20261003085116,20261003092604,,ME
2026-10-03T01:15:33.870140+00:00,ME20B2b0,21,2,20261003101220,20261003072718,20261003080510,,ME
2026-10-03T01:15:33.870140+00:00,ME20B2b0,22,2,20261003101220,20261002151921,20261002152131,,ME
2026-10-03T01:15:33.870140+00:00,ME20B2b1,21,2,20261003101138,20261002153642,20261002160158,,ME
2026-10-03T01:15:33.870140+00:00,ME20B2b1,22,2,20261003101138,20261002121807,20261002124510,,ME
2026-10-03T01:15:33.870140+00:00,ME20B2b2,21,2,20261003101029,20260916145246,20260916145416,,ME
2026-10-03T01:15:33.870140+00:00,ME20B2b2,22,2,20261003101029,20260925110458,20260925114155,,ME
2026-10-03T01:15:33.870140+00:00,ME20B2b3,21,2,20261003101106,20261002164222,20261002171007,,ME
2026-10-03T01:15:33.870140+00:00,ME20B2b3,22,2,20261003101106,20261003060025,20261003064025,,ME
2026-10-03T01:15:33.870140+00:00,ME20B2b4,01,2,20261003101304,20261002092503,20261002100503,,ME
2026-10-03T01:15:33.870140+00:00,ME20B2b4,02,2,20261003101308,20261001134855,20261001142855,,ME
2026-10-03T01:15:33.870140+00:00,ME20B418,41,2,20261003100928,20261003045356,20261003053356,,ME
2026-10-03T01:15:33.870140+00:00,ME20B418,42,2,20261003100948,20261002151728,20261002155728,,ME
2026-10-03T01:15:33.870140+00:00,ME20B418,43,2,20261003101008,20261002181721,20261002185721,,ME
2026-10-03T01:15:33.870140+00:00,ME20B418,44,2,20261003100944,20261003090128,20261003094128,,ME
2026-10-03T01:15:33.870140+00:00,ME21B317,03,2,20261003100753,20261003092922,20261003100753,,ME
2026-10-03T01:15:33.870140+00:00,ME21D083,01,3,20261003101334,20261002151947,20261002152122,20261003094056,ME
2026-10-03T01:15:33.870140+00:00,ME21D084,01,3,20261003101233,20261003091301,20261003092017,20261003093800,ME
2026-10-03T01:15:33.870140+00:00,ME21D086,01,2,20261003101056,20261003095035,20261003101056,,ME
2026-10-03T01:15:33.870140+00:00,ME21D088,01,2,20261003101207,20261003093201,20261003101207,,ME
2026-10-03T01:15:33.870140+00:00,ME21D095,01,3,20261003101346,20261003091033,20261003093424,20261003093916,ME
2026-10-03T01:15:33.870140+00:00,ME21D101,01,3,20261003101359,20261003090023,20261003094026,20261003095742,ME
2026-10-03T01:15:33.870140+00:00,ME21D103,01,3,20261003101401,20261002092600,20261002100603,20261002181307,ME
2026-10-03T01:15:33.870140+00:00,ME21X010,01,2,20261003101212,20261002143701,20261002144931,,ME
2026-10-03T01:15:33.870140+00:00,ME21X014,01,2,20261003101259,20261003050922,20261003052708,,ME
2026-10-03T01:15:33.870140+00:00,ME21X015,01,2,20261003101041,20261002191129,20261002195419,,ME
2026-10-03T01:15:33.870140+00:00,ME22C1F9,01,3,20261003101402,20261002230617,20261002234621,20261003100958,ME
2026-10-03T01:15:33.870140+00:00,ME22D155,01,2,20261003101338,20261003091613,20261003095613,,ME
2026-10-03T01:15:33.870140+00:00,ME22D156,01,2,20261003101159,20261003075808,20261003083801,,ME
2026-10-03T01:15:33.870140+00:00,ME22D161,01,2,20261003101042,20261002233138,20261003001138,,ME
2026-10-03T01:15:33.870140+00:00,ME22D162,01,2,20261003101317,20261002204937,20261002212731,,ME
2026-10-03T01:15:33.870140+00:00,ME22D176,01,5,20261003101354,20261003093455,20261003095511,,ME
2026-10-03T01:15:33.870140+00:00,ME22D1H0,01,2,20261003101317,20261003073550,20261003081550,,ME
2026-10-03T01:15:33.870140+00:00,ME22D219,01,5,20261003101350,20261003061803,20261003063836,,ME
2026-10-03T01:15:33.870140+00:00,ME22D219,02,2,20261003101050,20261003065915,20261003073915,,ME
2026-10-03T01:15:33.870140+00:00,ME22D235,01,2,20261003101247,20261003080606,20261003083025,,ME
2026-10-03T01:15:33.870140+00:00,ME22D235,02,2,20261003101048,20261003054900,20261003060740,,ME
2026-10-03T01:15:33.870140+00:00,ME22D401,01,3,20261003101008,20261003085202,20261003093211,20261003094938,ME
2026-10-03T01:15:33.870140+00:00,ME22D401,02,2,20261003101347,20261003093504,20261003101115,,ME
2026-10-03T01:15:33.870140+00:00,ME22D401,03,3,20261003101047,20261003094558,20261003094732,20261003100535,ME
2026-10-03T01:15:33.870140+00:00,ME22D401,04,2,20261003101401,20261003091844,20261003095844,,ME
2026-10-03T01:15:33.870140+00:00,ME25C183,01,2,20261003101353,20261001045802,20261001051029,,ME
2026-10-03T01:15:33.870140+00:00,ME25C184,01,3,20261003101144,20261003050002,20261003053503,20261003094452,ME
2026-10-03T01:15:33.870140+00:00,ME25C282,21,2,20261003101402,20261002125916,20261002133918,,ME
2026-10-03T01:15:33.870140+00:00,ME25C282,22,2,20261003101404,20261002185937,20261002192137,,ME
2026-10-03T01:15:33.870140+00:00,ME25C283,01,3,20261003101247,20261002135941,20261002143943,20261003095628,ME
2026-10-03T01:15:33.870140+00:00,ME25C283,02,2,20261003100917,20261003080649,20261003082745,,ME
2026-10-03T01:15:33.870140+00:00,ME25C284,01,2,20261003101349,20260930133648,20260930141649,,ME
2026-10-03T01:15:33.870140+00:00,ME25C284,02,2,20261003100952,20261003080508,20261003084512,,ME
2026-10-03T01:15:33.870140+00:00,BE250115,01,3,20261003101338,20261003101338,20261001152651,20261003101338,BE
2026-10-03T01:15:33.870140+00:00,BE250118,04,3,20261003101508,20261003101508,20261002132027,20261003101508,BE
2026-10-03T01:15:33.870140+00:00,BT000054,10,3,20261003101500,20261002224329,20261003055743,20261003100728,BT
2026-10-03T01:15:33.870140+00:00,CV000999,02,2,20261003101020,20261003091539,20261003100917,,CV
2026-10-03T01:15:33.870140+00:00,CV001630,02,2,20261003101022,20261003090818,20261003100820,,CV
2026-10-03T01:15:33.870140+00:00,ER000227,04,2,20261003100826,20261002211516,20261002174040,,ER
2026-10-03T01:15:33.870140+00:00,EV015691,01,3,20261003101341,20261002171949,20261003042547,20261003101230,EV
2026-10-03T01:15:33.870140+00:00,EV015693,02,3,20261003100733,20261002134016,20261002203008,20261003100640,EV
2026-10-03T01:15:33.870140+00:00,GR000005,03,2,20261003101215,20261003020528,20261003020603,,GR
2026-10-03T01:15:33.870140+00:00,GR000008,04,2,20261003100624,20261003070044,20261003100620,,GR
2026-10-03T01:15:33.870140+00:00,HD000018,01,3,20261003100800,20261003100654,20261003100031,20261003100654,HD
2026-10-03T01:15:33.870140+00:00,HD000018,03,2,20261003101000,20261003095952,20261003100940,,HD
2026-10-03T01:15:33.870140+00:00,HD000018,05,2,20261003101000,20261003095701,20261003100940,,HD
2026-10-03T01:15:33.870140+00:00,HD000028,03,2,20261003101100,20261003100410,20261003101050,,HD
2026-10-03T01:15:33.870140+00:00,HE000477,01,2,20261003101500,20230407050320,20230407050320,,HE
2026-10-03T01:15:33.870140+00:00,HE000477,02,2,20261003101500,20240614195055,20240615062251,,HE
2026-10-03T01:15:33.870140+00:00,HE000490,01,2,20261003101500,20250926074940,20250926075012,,HE
2026-10-03T01:15:33.870140+00:00,HE000552,03,2,20261003101500,20261002205700,20261003043100,,HE
2026-10-03T01:15:33.870140+00:00,HE000559,01,2,20261003101500,20251010115127,20251010135913,,HE
2026-10-03T01:15:33.870140+00:00,HE000559,02,2,20261003101500,20251015194601,20251015233624,,HE
2026-10-03T01:15:33.870140+00:00,HE000572,01,2,20261003101500,20251015211737,20251016080005,,HE
2026-10-03T01:15:33.870140+00:00,HE000573,01,2,20261003101500,20251004123704,20251004193429,,HE
2026-10-03T01:15:33.870140+00:00,HE240172,01,3,20261003100800,20261003100800,20261002181344,20261003100800,HE
2026-10-03T01:15:33.870140+00:00,HE240537,01,3,20261003101200,20261003101200,20261002224351,20261003101200,HE
2026-10-03T01:15:33.870140+00:00,HM003000,69,3,20261003100618,20260923140417,20260923160929,20261003100618,HM
2026-10-03T01:15:33.870140+00:00,JA500004,02,2,20261003100702,20261003092004,20261003100702,,JA
2026-10-03T01:15:33.870140+00:00,JD000014,01,3,20261003101300,20261003101300,20261002145000,20261003101300,JD
2026-10-03T01:15:33.870140+00:00,JD000015,01,2,20261003101300,20261003101200,20261003101300,,JD
2026-10-03T01:15:33.870140+00:00,JD000032,03,2,20261003100800,20261002224000,20261003100800,,JD
2026-10-03T01:15:33.870140+00:00,JD000054,01,2,20261003101500,20260820114629,20260820143748,,JD
2026-10-03T01:15:33.870140+00:00,JD110044,01,3,20261003101257,20261003101257,20261002203509,20261003101114,JD
2026-10-03T01:15:33.870140+00:00,JD110102,02,3,20261003100909,20261003100909,20261002191448,20261003100752,JD
2026-10-03T01:15:33.870140+00:00,JD110125,01,3,20261003100834,20261003100834,20261003052113,20261003100548,JD
2026-10-03T01:15:33.870140+00:00,JD110146,01,3,20261003101147,20261003101147,20261003091233,20261003101016,JD
2026-10-03T01:15:33.870140+00:00,JE010021,05,2,20261003100626,20261002134208,20261002195612,,JE
2026-10-03T01:15:33.870140+00:00,JE010111,01,3,20261003100824,20261002175238,20261002224534,20261003100754,JE
2026-10-03T01:15:33.870140+00:00,JE010233,01,2,20261003101028,20261002193308,20261003100005,,JE
2026-10-03T01:15:33.870140+00:00,JE010234,01,2,20261003100824,20261003094128,20261003100749,,JE
2026-10-03T01:15:33.870140+00:00,JE010252,04,2,20261003100626,20261003092432,20261003094128,,JE
2026-10-03T01:15:33.870140+00:00,JE010264,01,2,20261003101424,20261002195117,20261003100005,,JE
2026-10-03T01:15:33.870140+00:00,JE010289,03,2,20261003100626,20261003094131,20261003100526,,JE
2026-10-03T01:15:33.870140+00:00,JE010289,05,3,20261003100824,20261002172717,20261002180532,20261003100726,JE
2026-10-03T01:15:33.870140+00:00,JE010290,01,3,20261003100626,20261003002036,20261003014731,20261003100552,JE
2026-10-03T01:15:33.870140+00:00,JE010295,07,2,20261003101229,20261002194803,20261003100005,,JE
2026-10-03T01:15:33.870140+00:00,JE010297,03,3,20261003101028,20261002072808,20261002122556,20261003100928,JE
2026-10-03T01:15:33.870140+00:00,JE010330,01,2,20261003100824,20261003085651,20261003100632,,JE
2026-10-03T01:15:33.870140+00:00,JE010334,02,3,20261003100824,20261002195130,20261002201341,20261003100704,JE
2026-10-03T01:15:33.870140+00:00,JE010364,02,2,20261003101425,20261003094825,20261003101317,,JE
2026-10-03T01:15:33.870140+00:00,JE020157,05,3,20261003101229,20261002164201,20261002180510,20261003101051,JE
2026-10-03T01:15:33.870140+00:00,JE040095,07,3,20261003101229,20260930205853,20261001083609,20261003101140,JE
2026-10-03T01:15:33.870140+00:00,JE040103,01,2,20261003100627,20261002194308,20261003100006,,JE
2026-10-03T01:15:33.870140+00:00,JE040115,04,3,20261003100824,20261001080419,20261001141741,20261003100720,JE
2026-10-03T01:15:33.870140+00:00,JE040119,01,3,20261003100824,20261003082939,20261003095202,20261003100804,JE
2026-10-03T01:15:33.870140+00:00,JE040141,01,3,20261003100824,20261003081705,20261003082921,20261003100640,JE
2026-10-03T01:15:33.870140+00:00,JE045005,47,2,20261003101029,20261003064212,20261003100936,,JE
2026-10-03T01:15:33.870140+00:00,JE900003,01,3,20261003100824,20261003050951,20261003062407,20261003100645,JE
2026-10-03T01:15:33.870140+00:00,JE900081,01,2,20261003101029,20261003023415,20261003100954,,JE
2026-10-03T01:15:33.870140+00:00,JE900086,02,2,20261003101029,20261003072634,20261003100837,,JE
2026-10-03T01:15:33.870140+00:00,JE900086,03,3,20261003101029,20261002204738,20261003083334,20261003100828,JE
2026-10-03T01:15:33.870140+00:00,JE900088,16,2,20261003100628,20261002175811,20261002224303,,JE
2026-10-03T01:15:33.870140+00:00,JE900191,01,2,20261003101426,20261003090701,20261003101212,,JE
2026-10-03T01:15:33.870140+00:00,JE900202,01,2,20261003101426,20261003092145,20261003101133,,JE
2026-10-03T01:15:33.870140+00:00,JE900205,01,2,20261003101230,20261003095731,20261003101131,,JE
2026-10-03T01:15:33.870140+00:00,JE900229,03,2,20261003101029,20261002165600,20261003011208,,JE
2026-10-03T01:15:33.870140+00:00,JE900229,04,3,20261003100628,20261002175011,20261003015513,20261003100538,JE
2026-10-03T01:15:33.870140+00:00,JE900231,01,2,20261003101029,20261002194109,20261003013523,,JE
2026-10-03T01:15:33.870140+00:00,JE910126,02,2,20261003100825,20261003085539,20261003100632,,JE
2026-10-03T01:15:33.870140+00:00,KP000259,01,2,20261003101019,20260930121541,20260930124722,,KP
2026-10-03T01:15:33.870140+00:00,KP000405,02,2,20261003101010,20261003092829,20261003095632,,KP
2026-10-03T01:15:33.870140+00:00,KP001782,04,3,20261003101006,20261003003658,20261003063331,20261003100413,KP
2026-10-03T01:15:33.870140+00:00,KP002229,04,2,20261003101022,20261003093713,20261003100908,,KP
2026-10-03T01:15:33.870140+00:00,KP004655,01,2,20261003101011,20261003094245,20261003100015,,KP
2026-10-03T01:15:33.870140+00:00,KP004656,01,2,20261003101009,20261003085508,20261003094530,,KP
2026-10-03T01:15:33.870140+00:00,KP005806,01,2,20261003101014,20261003093403,20261003100652,,KP
2026-10-03T01:15:33.870140+00:00,LU001146,03,3,20261003100600,20261003100610,20261003003819,20261002183309,LU
2026-10-03T01:15:33.870140+00:00,MO501126,02,2,20261003100909,20261003100831,20261003100909,,MO
2026-10-03T01:15:33.870140+00:00,NT100505,07,3,20261003101050,20261003101050,20261003084450,20261003101050,NT
2026-10-03T01:15:33.870140+00:00,NT100725,01,3,20261003101150,20261003101150,20261003093050,20261003101150,NT
2026-10-03T01:15:33.870140+00:00,PI201322,04,2,20261003100748,20261002200635,20261003013456,,PI
2026-10-03T01:15:33.870140+00:00,PI306058,12,9,20261003101310,20261003092720,20261001112001,20261003092747,PI
2026-10-03T01:15:33.870140+00:00,PI645119,03,3,20261003101205,20261003100745,20261002131020,20261003101205,PI
2026-10-03T01:15:33.870140+00:00,PI714512,08,3,20261003100601,20261003100537,20260928092143,20261003100601,PI
2026-10-03T01:15:33.870140+00:00,PI753570,04,2,20261003101240,20261002165900,20261003000332,,PI
2026-10-03T01:15:33.870140+00:00,PI773599,03,2,20261003101251,20261002173347,20261002190127,,PI
2026-10-03T01:15:33.870140+00:00,PI793205,12,2,20261003101303,20261002184922,20261002205704,,PI
2026-10-03T01:15:33.870140+00:00,PIH01122,04,3,20261003100719,20261003100712,20261003064710,20261003100719,PI
2026-10-03T01:15:33.870140+00:00,PIH01167,03,2,20261003100730,20261002191636,20261001235412,,PI
2026-10-03T01:15:33.870140+00:00,PK000306,05,2,20261003101147,20261003095041,20261003101021,,PK
2026-10-03T01:15:33.870140+00:00,PK000349,03,3,20261003101033,20261003101033,20261003100035,20261003101033,PK
2026-10-03T01:15:33.870140+00:00,PK000349,04,3,20261003101033,20261003101033,20261003100035,20261003101033,PK
2026-10-03T01:15:33.870140+00:00,PL000236,22,2,20261003101018,20261002190855,20261003101018,,PL
2026-10-03T01:15:33.870140+00:00,PL031494,00,2,20261003101421,20261002154033,20261003101421,,PL
2026-10-03T01:15:33.870140+00:00,PW010868,02,3,20261003100810,20261003100810,20261003020900,20261003100745,PW
2026-10-03T01:15:33.870140+00:00,PW012704,01,3,20261003101309,20261003101309,20261002215207,20261003101226,PW
2026-10-03T01:15:33.870140+00:00,PWE00792,02,2,20261003101309,20261003091908,20261003101309,,PW
2026-10-03T01:15:33.870140+00:00,RE000238,07,3,20261003101402,20261003101402,20261003101118,20261003101118,RE
2026-10-03T01:15:33.870140+00:00,RE000240,08,2,20261003101402,20261003085108,20261003101249,,RE
2026-10-03T01:15:33.870140+00:00,RE000242,11,3,20261003101003,20261003101003,20261002202504,20261003100917,RE
2026-10-03T01:15:33.870140+00:00,RE000356,01,2,20261003100603,20261003084619,20261003100510,,RE
2026-10-03T01:15:33.870140+00:00,SF000138,48,3,20261003101455,20261003101455,20261003072030,20261003101040,SF
2026-10-03T01:15:33.870140+00:00,SO000046,01,9,20261003100810,20261002185258,20261002213222,,SO
2026-10-03T01:15:33.870140+00:00,SOA33001,01,1,20261003101335,20261003070734,20261003070934,,SO
2026-10-03T01:15:33.870140+00:00,ST501102,27,3,20261003101312,20261003101312,20261002211518,20261001132815,ST
2026-10-03T01:15:33.870140+00:00,ST501102,30,2,20261003101309,20261003094241,20261003101309,,ST
2026-10-03T01:15:33.870140+00:00,ST501126,01,1,20261003100658,20261001125719,20261002175637,,ST
2026-10-03T01:15:33.870140+00:00,ST501163,01,3,20261003100848,20261003100848,20261002231847,20261003100621,ST
2026-10-03T01:15:33.870140+00:00,ST600416,01,2,20261003100855,20261003002058,20261003100526,,ST
2026-10-03T01:15:33.870140+00:00,ST600416,03,3,20261003100636,20261003100636,20261002173100,20261002170420,ST
2026-10-03T01:15:33.870140+00:00,ST600610,02,3,20261003100901,20261003100901,20261003064314,20261003100446,ST
2026-10-03T01:15:33.870140+00:00,ST600611,03,3,20261003101302,20261003050452,20261003055809,20261003101302,ST
2026-10-03T01:15:33.870140+00:00,TDO00060,05,3,20261003101503,20261003100128,20261003020729,20261003100128,TD
2026-10-03T01:15:33.870140+00:00,TDO00060,06,2,20261003101502,20261003011719,20261003060000,,TD
2026-10-03T01:15:33.870140+00:00,TDO00068,02,2,20261003101503,20261002212344,20261003022653,,TD
2026-10-03T01:15:33.870140+00:00,TDO00083,01,3,20261003101502,20261003101244,20261002154244,20261003101244,TD
2026-10-03T01:15:33.870140+00:00,TDO00108,02,2,20261003101502,20261002234646,20261003100329,,TD
2026-10-03T01:15:33.870140+00:00,TDO00113,03,3,20261003101502,20261003100706,20261003060350,20261003100706,TD
2026-10-03T01:15:33.870140+00:00,ME174046,01,2,20261003101215,20261002060817,20261002064852,,ME
2026-10-03T01:15:33.870140+00:00,ME174050,01,2,20261003101321,20261001170730,20261001170951,,ME
2026-10-03T01:15:33.870140+00:00,ME174050,02,2,20261003101352,20261003022325,20261003030646,,ME
2026-10-03T01:15:33.870140+00:00,ME174050,03,2,20261003101053,20261003052247,20261003060313,,ME
2026-10-03T01:15:33.870140+00:00,ME174050,04,2,20261003101334,20260930105634,20260930112000,,ME
2026-10-03T01:15:33.870140+00:00,ME174050,05,2,20261003101341,20261002113641,20261002121236,,ME
2026-10-03T01:15:33.870140+00:00,ME174061,01,2,20261003101127,20261003083825,20261003092450,,ME
2026-10-03T01:15:33.870140+00:00,ME174062,01,2,20261003101331,20261003092934,20261003094119,,ME
2026-10-03T01:15:33.870140+00:00,ME183101,01,2,20261003101002,20261002151207,20261002151432,,ME
2026-10-03T01:15:33.870140+00:00,ME183101,02,2,20261003101305,20261002153053,20261002160300,,ME
2026-10-03T01:15:33.870140+00:00,ME183101,03,2,20261003101141,20261002191454,20261002192333,,ME
2026-10-03T01:15:33.870140+00:00,ME183101,04,2,20261003101313,20261002153240,20261002153551,,ME
2026-10-03T01:15:33.870140+00:00,ME183101,52,2,20261003101301,20261002115343,20261002115600,,ME
2026-10-03T01:15:33.870140+00:00,ME183101,54,2,20261003101316,20261002120136,20261002120334,,ME
2026-10-03T01:15:33.870140+00:00,ME183102,02,2,20261003101246,20261002125719,20261002132630,,ME
2026-10-03T01:15:33.870140+00:00,ME183102,52,2,20261003101256,20261002054830,20261002083559,,ME
2026-10-03T01:15:33.870140+00:00,ME184122,01,2,20261003101024,20261003093114,20261003094710,,ME
2026-10-03T01:15:33.870140+00:00,ME184124,01,2,20261003101350,20261002181516,20261002182536,,ME
2026-10-03T01:15:33.870140+00:00,ME184125,01,2,20261003101219,20261001133809,20261001141849,,ME
2026-10-03T01:15:33.870140+00:00,ME184126,02,2,20261003101205,20261002165033,20261002171334,,ME
2026-10-03T01:15:33.870140+00:00,ME18A173,01,2,20261003101103,20261002161043,20261002163234,,ME
2026-10-03T01:15:33.870140+00:00,ME18A174,01,2,20261003101008,20261003080409,20261003081525,,ME
2026-10-03T01:15:33.870140+00:00,ME18A175,01,2,20261003101050,20261002172804,20261002174344,,ME
2026-10-03T01:15:33.870140+00:00,ME18A180,01,2,20261003101131,20261002223135,20261002230540,,ME
2026-10-03T01:15:33.870140+00:00,ME18A268,11,2,20261003100936,20261003064814,20261003065753,,ME
2026-10-03T01:15:33.870140+00:00,ME18A268,12,2,20261003100934,20261003083427,20261003091534,,ME
2026-10-03T01:15:33.870140+00:00,ME18A269,11,2,20261003101003,20261003085804,20261003091957,,ME
2026-10-03T01:15:33.870140+00:00,ME18A269,12,2,20261003100959,20261003090125,20261003090636,,ME
2026-10-03T01:15:33.870140+00:00,ME18A270,11,2,20261003100955,20261002081142,20261002083239,,ME
2026-10-03T01:15:33.870140+00:00,ME18A270,12,2,20261003100959,20261002092648,20261002094617,,ME
2026-10-03T01:15:33.870140+00:00,ME18A271,01,2,20261003100927,20260929162754,20260929170453,,ME
2026-10-03T01:15:33.870140+00:00,ME18A271,02,2,20261003101108,20261001163502,20261001170516,,ME
2026-10-03T01:15:33.870140+00:00,ME18A272,11,2,20261003101151,20261003092419,20261003100722,,ME
2026-10-03T01:15:33.870140+00:00,ME18A272,12,2,20261003101147,20261001160557,20261001164900,,ME
2026-10-03T01:15:33.870140+00:00,ME18A273,11,2,20261003101317,20261002171511,20261002173052,,ME
2026-10-03T01:15:33.870140+00:00,ME18A273,12,2,20261003101323,20261003084912,20261003092028,,ME
2026-10-03T01:15:33.870140+00:00,ME18A274,11,2,20261003101009,20261001134951,20261001143233,,ME
2026-10-03T01:15:33.870140+00:00,ME18A274,12,2,20261003101008,20261002205228,20261002213757,,ME
2026-10-03T01:15:33.870140+00:00,ME18A275,11,2,20261003101040,20261003082614,20261003084525,,ME
2026-10-03T01:15:33.870140+00:00,ME18A275,12,2,20261003101049,20261003025941,20261003034129,,ME
2026-10-03T01:15:33.870140+00:00,ME18A281,11,2,20261003101340,20260930150635,20260930151317,,ME
2026-10-03T01:15:33.870140+00:00,ME18A281,12,2,20261003101342,20261002080828,20261002085133,,ME
2026-10-03T01:15:33.870140+00:00,ME18A306,01,2,20261003101351,20260930080057,20260930083747,,ME
2026-10-03T01:15:33.870140+00:00,ME18A306,11,2,20261003101348,20261002121626,20261002130155,,ME
2026-10-03T01:15:33.870140+00:00,ME18A306,12,2,20261003101353,20260928095330,20260928095457,,ME
2026-10-03T01:15:33.870140+00:00,ME19B169,01,2,20261003100919,20261001120400,20261001124405,,ME
2026-10-03T01:15:33.870140+00:00,ME19B170,01,2,20261003100933,20261003060250,20261003061808,,ME
2026-10-03T01:15:33.870140+00:00,ME19B171,01,2,20261003101338,20261002160937,20261002164937,,ME
2026-10-03T01:15:33.870140+00:00,ME19B172,01,2,20261003101355,20261002205622,20261002211300,,ME
2026-10-03T01:15:33.870140+00:00,ME19B173,01,2,20261003101126,20261002155125,20261002155305,,ME
2026-10-03T01:15:33.870140+00:00,ME19B404,23,2,20261003100905,20261003094515,20261003100900,,ME
2026-10-03T01:15:33.870140+00:00,ME20B1e1,01,2,20261003100924,20260923131203,20260923131340,,ME
2026-10-03T01:15:33.870140+00:00,ME20B1e2,01,2,20261003101312,20261003070959,20261003074547,,ME
2026-10-03T01:15:33.870140+00:00,ME20B1e3,01,2,20261003101112,20261003081617,20261003085617,,ME
2026-10-03T01:15:33.870140+00:00,ME20B2a0,91,2,20261003101014,20261003080238,20261003083627,,ME
2026-10-03T01:15:33.870140+00:00,ME20B2a0,92,2,20261003101007,20261002111633,20261002111803,,ME
2026-10-03T01:15:33.870140+00:00,ME20B2a1,21,2,20261003100955,20260930153947,20260930161947,,ME
2026-10-03T01:15:33.870140+00:00,ME20B2a1,22,2,20261003100955,20260923104352,20260923104521,,ME
2026-10-03T01:15:33.870140+00:00,ME20B2a2,21,2,20261003101215,20261001165128,20261001165303,,ME
2026-10-03T01:15:33.870140+00:00,ME20B2a2,22,2,20261003101215,20261002070459,20261002072043,,ME
2026-10-03T01:15:33.870140+00:00,ME20B416,21,2,20261003101406,20261002093311,20261002094122,,ME
2026-10-03T01:15:33.870140+00:00,ME20B416,22,2,20261003101406,20261002170739,20261002171439,,ME
2026-10-03T01:15:33.870140+00:00,ME20B416,23,2,20261003101410,20261001153213,20261001154816,,ME
2026-10-03T01:15:33.870140+00:00,ME20B416,24,2,20261003101410,20261002165341,20261002172241,,ME
2026-10-03T01:15:33.870140+00:00,ME20B417,41,2,20261003101257,20261001133924,20261001141346,,ME
2026-10-03T01:15:33.870140+00:00,ME20B417,42,2,20261003101323,20261002165845,20261002173845,,ME
2026-10-03T01:15:33.870140+00:00,ME20B417,43,2,20261003101329,20261002182656,20261002190656,,ME
2026-10-03T01:15:33.870140+00:00,ME20B417,44,2,20261003101324,20261002192540,20261002200134,,ME
2026-10-03T01:15:33.870140+00:00,ME21B1D0,01,3,20261003101247,20261002173030,20261002174631,20261003100435,ME
2026-10-03T01:15:33.870140+00:00,ME21B1E8,01,3,20261003101304,20261002064039,20261002070357,20261003101259,ME
2026-10-03T01:15:33.870140+00:00,ME21B410,04,3,20261003101257,20261003063948,20261003065518,20261003100650,ME
2026-10-03T01:15:33.870140+00:00,ME21D057,01,3,20261003101355,20261003081916,20261003085920,20261003094733,ME
2026-10-03T01:15:33.870140+00:00,ME21D064,01,3,20261003101302,20261003094856,20261003100421,20261003101303,ME
2026-10-03T01:15:33.870140+00:00,ME21D074,01,3,20261003101229,20261003095802,20261003100615,20261003101035,ME
2026-10-03T01:15:33.870140+00:00,ME21D076,01,3,20261003101328,20261002220957,20261002225000,20261003094905,ME
2026-10-03T01:15:33.870140+00:00,ME21X008,01,2,20261003101011,20261003085515,20261003093835,,ME
2026-10-03T01:15:33.870140+00:00,ME22A611,32,3,20261003101207,20261003013350,20261003014656,20261003100803,ME
2026-10-03T01:15:33.870140+00:00,ME22B336,81,3,20261003101326,20261003093952,20261003100414,20261003101128,ME
2026-10-03T01:15:33.870140+00:00,ME22C285,01,3,20261003101256,20261003075950,20261003081957,20261003100659,ME
2026-10-03T01:15:33.870140+00:00,ME22D1H1,01,3,20261003100921,20261003021250,20261003025250,20261003094908,ME
2026-10-03T01:15:33.870140+00:00,ME25C181,01,2,20261003101135,20261003071001,20261003071834,,ME
2026-10-03T01:15:33.870140+00:00,ME25C182,01,4,20261003101215,20261002202426,20261002205244,,ME
2026-10-03T01:15:33.870140+00:00,ME25C281,21,2,20261003101330,20261003084609,20261003092611,,ME
2026-10-03T01:15:33.870140+00:00,ME25C281,22,2,20261003101333,20261003092519,20261003100522,,ME
2026-10-03T01:15:33.870140+00:00,ME25C318,01,2,20261003101343,20261003064934,20261003072813,,ME
2026-10-03T01:15:33.870140+00:00,ME25C318,21,4,20261003101407,20260926115518,20260926122747,,ME
2026-10-03T01:15:33.870140+00:00,ME25C318,22,2,20261003101409,20260919182628,20260919184105,,ME
2026-10-03T01:15:33.870140+00:00,ME25C431,01,2,20261003101408,20260914133046,20260914133228,,ME
2026-10-03T01:15:33.870140+00:00,ME25C431,02,2,20261003101046,20260929180949,20260929184722,,ME
2026-10-03T01:15:33.870140+00:00,ME25C431,03,2,20261003100941,20261001230801,20261001232738,,ME
2026-10-03T01:15:33.870140+00:00,ME25C431,04,2,20261003100946,20261002211435,20261002213203,,ME
2026-10-03T01:15:33.870140+00:00,BT000013,01,2,20261003100935,20260930072730,20260930130755,,BT
2026-10-03T01:15:33.870140+00:00,CV002589,04,3,20261003101033,20261003100716,20261003100710,20261003100716,CV
2026-10-03T01:15:33.870140+00:00,CV004004,01,3,20261003100546,20261003100503,20261003100459,20261003100503,CV
2026-10-03T01:15:33.870140+00:00,HE000032,04,2,20261003101500,20260627131100,20260627143100,,HE
2026-10-03T01:15:33.870140+00:00,HE000466,01,2,20261003101500,20211112153817,20211112153837,,HE
2026-10-03T01:15:33.870140+00:00,HE000466,02,2,20261003101500,20250618223416,20250619121150,,HE
2026-10-03T01:15:33.870140+00:00,HE000474,01,2,20261003101500,20260218203725,20260218231229,,HE
2026-10-03T01:15:33.870140+00:00,HE000492,01,2,20261003101500,20250916152532,20250917101520,,HE
2026-10-03T01:15:33.870140+00:00,HE000503,01,2,20261003101500,20260825143800,20260825144200,,HE
2026-10-03T01:15:33.870140+00:00,HE000507,01,2,20261003101500,20250702090120,20250702090200,,HE
2026-10-03T01:15:33.870140+00:00,HE000560,01,2,20261003101500,20250805155004,20250805155004,,HE
2026-10-03T01:15:33.870140+00:00,HE000574,01,2,20261003101500,20241019195732,20241019205854,,HE
2026-10-03T01:15:33.870140+00:00,HE000871,01,2,20261003101500,20250704192642,20250704192813,,HE
2026-10-03T01:15:33.870140+00:00,HE240264,02,2,20261003101500,20261001190500,20261002030900,,HE
2026-10-03T01:15:33.870140+00:00,HE240435,01,2,20261003101500,20261003101500,20261003101500,,HE
2026-10-03T01:15:33.870140+00:00,HE240435,02,2,20261003101500,20261003101500,20261003101500,,HE
2026-10-03T01:15:33.870140+00:00,HE240435,03,2,20261003101500,20261003101500,20261003101500,,HE
2026-10-03T01:15:33.870140+00:00,HE240435,04,2,20261003101500,20261003101500,20261003101500,,HE
2026-10-03T01:15:33.870140+00:00,HE240435,05,2,20261003101500,20261003101500,20261003101500,,HE
2026-10-03T01:15:33.870140+00:00,HE240435,06,2,20261003101500,20261003101500,20261003101500,,HE
2026-10-03T01:15:33.870140+00:00,HE240455,02,2,20261003101400,20261002154200,20261003101400,,HE
2026-10-03T01:15:33.870140+00:00,HM900001,04,3,20261003101229,20261002174430,20261002210849,20261003101017,HM
2026-10-03T01:15:33.870140+00:00,JD000100,01,3,20261003101500,20261003101500,20261003050500,20261003101500,JD
2026-10-03T01:15:33.870140+00:00,JD160075,02,2,20261003101433,20261003092916,20261003100916,,JD
2026-10-03T01:15:33.870140+00:00,JE010259,01,2,20261003101229,20261003025009,20261003101123,,JE
2026-10-03T01:15:33.870140+00:00,JE020108,06,3,20261003101229,20261002182329,20261002192529,20261003101039,JE
2026-10-03T01:15:33.870140+00:00,JE020118,02,2,20261003101229,20261002195511,20261003100005,,JE
2026-10-03T01:15:33.870140+00:00,JE020160,02,3,20261003100627,20261002155838,20261002162407,20261003100547,JE
2026-10-03T01:15:33.870140+00:00,JE040157,10,2,20261003100824,20261002202152,20261003100259,,JE
2026-10-03T01:15:33.870140+00:00,JE040162,01,3,20261003101029,20261002195110,20261003090939,20261003100909,JE
2026-10-03T01:15:33.870140+00:00,JE040162,04,2,20261003100824,20261002192621,20261003100006,,JE
2026-10-03T01:15:33.870140+00:00,JE043001,41,2,20261003100824,20261002222549,20261003054357,,JE
2026-10-03T01:15:33.870140+00:00,JE043004,22,3,20261003101425,20261002180744,20261002225020,20261003101416,JE
2026-10-03T01:15:33.870140+00:00,JE900094,04,2,20261003101426,20261003002017,20261003101347,,JE
2026-10-03T01:15:33.870140+00:00,JE900187,02,3,20261003101230,20261003091553,20261003095721,20261003101225,JE
2026-10-03T01:15:33.870140+00:00,JE900199,03,3,20261003101426,20261003093604,20261003100910,20261003093604,JE
2026-10-03T01:15:33.870140+00:00,JE900219,02,2,20261003100825,20261002161736,20261002164429,,JE
2026-10-03T01:15:33.870140+00:00,JE910044,03,3,20261003101230,20261002190139,20261002220417,20261003101112,JE
2026-10-03T01:15:33.870140+00:00,KP000428,01,2,20261003101007,20261003092957,20261003100241,,KP
2026-10-03T01:15:33.870140+00:00,KP000435,01,3,20261003101008,20261001172710,20261001175417,20261003100124,KP
2026-10-03T01:15:33.870140+00:00,MO501311,01,2,20261003101003,20261003101003,20261003101003,,MO
2026-10-03T01:15:33.870140+00:00,PI640317,03,9,20261003101310,20261002224046,20261001235733,20261002224138,PI
2026-10-03T01:15:33.870140+00:00,PI700483,01,3,20261003101004,20261003100925,20261002174409,20261003101004,PI
2026-10-03T01:15:33.870140+00:00,PIH01495,04,3,20261003100719,20261003100610,20260925180321,20261003100719,PI
2026-10-03T01:15:33.870140+00:00,PL032061,01,3,20261003101034,20261003101034,20261002190847,20261003101034,PL
2026-10-03T01:15:33.870140+00:00,PL032061,02,3,20261003100830,20261003100830,20261003095455,20261003100830,PL
2026-10-03T01:15:33.870140+00:00,PL032061,05,2,20261003101128,20261003091529,20261003101128,,PL
2026-10-03T01:15:33.870140+00:00,PL032061,06,2,20261003100736,20261003002212,20261003100736,,PL
2026-10-03T01:15:33.870140+00:00,PW015119,02,3,20261003101111,20261003101111,20261003093408,20261003100918,PW
2026-10-03T01:15:33.870140+00:00,PW015119,03,2,20261003101111,20261002214909,20261002223134,,PW
2026-10-03T01:15:33.870140+00:00,PWE02358,11,2,20261003101322,20261003091922,20261003101322,,PW
2026-10-03T01:15:33.870140+00:00,PWE02358,13,3,20261003101322,20261003101322,20260930033622,20261003101322,PW
2026-10-03T01:15:33.870140+00:00,PWE02358,32,2,20261003100909,20261002200211,20261003100909,,PW
2026-10-03T01:15:33.870140+00:00,TDO00002,02,2,20261003101502,20261003001029,20261003011537,,TD
