statId,chgerId,statNm,addr,addrDetail,lat,lng,useTime,busiNm,chgerType,output,stat
ME184089,01,목포시종합관광안내소,전남광주통합특별시 목포시 영산로 843,,34.838259,126.422266,24시간 이용가능,기후에너지환경부,06,50,2
ME19B127,01,남교공영주차장,전남광주통합특별시 목포시 남교동 57,,34.794037,126.381034,24시간 이용가능,기후에너지환경부,04,100,3
ME19B128,01,유달산공원유료주차장,전남광주통합특별시 목포시 측후동 4,,34.789033,126.381371,24시간 이용가능,기후에너지환경부,04,100,2
ME19B129,01,비파공영주차장,전남광주통합특별시 목포시 상동 32,,34.807587,126.420418,24시간 이용가능,기후에너지환경부,04,100,2
ME19B130,01,이로시장공영주차장,전남광주통합특별시 목포시 용당동 993-2,,34.805013,126.40418,24시간 이용가능,기후에너지환경부,04,100,2
ME19B178,01,자유시장 공영주차장,전남광주통합특별시 목포시 용당로 58,,34.792651,126.40236,24시간 이용가능,기후에너지환경부,04,100,2
ME19B188,01,목포벤처문화산업지원센터주차장,전남광주통합특별시 목포시 석현동 1175,,34.815839,126.426765,24시간 이용가능,기후에너지환경부,04,100,2
ME20B225,21,서해지방해양경찰청,전남광주통합특별시 목포시 남악로162번길25,,34.803982584,126.45768471,24시간 이용가능,기후에너지환경부,04,200,2
ME20B225,22,서해지방해양경찰청,전남광주통합특별시 목포시 남악로162번길25,,34.803982584,126.45768471,24시간 이용가능,기후에너지환경부,04,200,3
ME20B226,21,목포해양경찰서,전남광주통합특별시 목포시 청호로 231,,34.809665,126.367121,09:00 ~ 18:00,기후에너지환경부,04,200,2
ME20B226,22,목포해양경찰서,전남광주통합특별시 목포시 청호로 231,,34.809665,126.367121,09:00 ~ 18:00,기후에너지환경부,04,200,2
ME21B103,01,동명동행정복지센터,전남광주통합특별시 목포시 자유로20번길 27,,34.7906919,126.3920506,24시간 이용가능,기후에너지환경부,04,100,9
ME21B119,01,만호동행정복지센터,전남광주통합특별시 목포시 수강로12번길 24,,34.7872911,126.3871209,24시간 이용가능,기후에너지환경부,04,100,9
ME21B1E4,01,보리마당 주차장,전남광주통합특별시 목포시 해안로127번길 5,,34.7811249,126.3770869,24시간 이용가능,기후에너지환경부,04,100,9
ME21B204,01,평화광장 공영1주차장,전남광주통합특별시 목포시 옥암동 1100,,34.7991487,126.4384847,24시간 이용가능,기후에너지환경부,04,100,3
ME21B204,02,평화광장 공영1주차장,전남광주통합특별시 목포시 옥암동 1100,,34.7991487,126.4384847,24시간 이용가능,기후에너지환경부,04,100,3
ME21E210,91,국립호남권생물자원관,전남광주통합특별시 목포시 고하도안길 99,,34.7680385,126.3651574,08:00 ~ 22:00,기후에너지환경부,04,100,2
ME21E210,92,국립호남권생물자원관,전남광주통합특별시 목포시 고하도안길 99,,34.7680385,126.3651574,08:00 ~ 22:00,기후에너지환경부,04,100,9
ME22C1D3,01,목포경찰서,전남광주통합특별시 목포시 동명로 124,,34.7986312,126.3964645,24시간 이용가능,기후에너지환경부,04,100,9
ME22C1D4,01,목포시종합사회복지관,전남광주통합특별시 목포시 고하대로 712,,34.8094821,126.3745507,24시간 이용가능,기후에너지환경부,04,100,3
ME22D1A0,01,부주파출소,전남광주통합특별시 목포시 남악1로42번길21,전라남도 목포시 남악1로42번길21,34.81016,126.4478452,24시간 이용가능,기후에너지환경부,04,100,5
ME22D204,01,목포지방해양수산청,전남광주통합특별시 목포시 통일대로 130,전라남도 목포시 통일대로 130,34.8020431,126.4386502,24시간 이용가능,기후에너지환경부,04,100,3
ME22D204,02,목포지방해양수산청,전남광주통합특별시 목포시 통일대로 130,전라남도 목포시 통일대로 130,34.8020431,126.4386502,24시간 이용가능,기후에너지환경부,04,100,2
ME23B117,01,죽동1공영주차장,전남광주통합특별시 목포시 마인계터로39번길 12 (죽동),전라남도 목포시 마인계터로39번길 12 (죽동),34.7913378,126.3827304,24시간 개방,기후에너지환경부,06,100,2
ME23B1B4,01,놀부정공영주차장,전남광주통합특별시 목포시 백년대로297번길 16-2 (상동),전라남도 목포시 백년대로297번길 16-2 (상동),34.8055218,126.4198026,24시간 개방,기후에너지환경부,06,100,2
ME23B1B5,01,시외버스터미널공영주차장,전남광주통합특별시 목포시 상동 210-13,전라남도 목포시 상동 210-13,34.8134118,126.4186004,24시간 개방,기후에너지환경부,06,100,2
ME24A257,21,마인계터 예술주차장,전남광주통합특별시 목포시 마인계터로 33,,34.790914,126.3824784,24시간 이용가능,기후에너지환경부,04,200,2
ME24A257,22,마인계터 예술주차장,전남광주통합특별시 목포시 마인계터로 33,,34.790914,126.3824784,24시간 이용가능,기후에너지환경부,04,200,2
ME24A258,21,목포건어물젓갈센터,전남광주통합특별시 목포시 수강로12번길 41,,34.7891032,126.3882918,24시간 이용가능,기후에너지환경부,04,200,2
ME24A258,22,목포건어물젓갈센터,전남광주통합특별시 목포시 수강로12번길 41,,34.7891032,126.3882918,24시간 이용가능,기후에너지환경부,04,200,2
ME24A801,21,목포시청 주차장,전남광주통합특별시 목포시 용당동 1206-1,,34.8113225,126.390444,24시간 이용가능,기후에너지환경부,04,200,2
ME24A801,22,목포시청 주차장,전남광주통합특별시 목포시 용당동 1206-1,,34.8113225,126.390444,24시간 이용가능,기후에너지환경부,04,200,2
ME24A801,23,목포시청 주차장,전남광주통합특별시 목포시 용당동 1206-1,,34.8113225,126.390444,24시간 이용가능,기후에너지환경부,04,200,2
ME24A801,24,목포시청 주차장,전남광주통합특별시 목포시 용당동 1206-1,,34.8113225,126.390444,24시간 이용가능,기후에너지환경부,04,200,2
ME24A801,25,목포시청 주차장,전남광주통합특별시 목포시 용당동 1206-1,,34.8113225,126.390444,24시간 이용가능,기후에너지환경부,04,200,2
ME24A801,26,목포시청 주차장,전남광주통합특별시 목포시 용당동 1206-1,,34.8113225,126.390444,24시간 이용가능,기후에너지환경부,04,200,2
ME24A801,27,목포시청 주차장,전남광주통합특별시 목포시 용당동 1206-1,,34.8113225,126.390444,24시간 이용가능,기후에너지환경부,04,200,2
ME24A801,28,목포시청 주차장,전남광주통합특별시 목포시 용당동 1206-1,,34.8113225,126.390444,24시간 이용가능,기후에너지환경부,04,200,2
ME25B234,21,목포고용노동지청,전남광주통합특별시 목포시 교육로41번길 8,,34.7999828,126.4212375,24시간 이용가능,환경부,04,200,2
ME25B234,22,목포고용노동지청,전남광주통합특별시 목포시 교육로41번길 8,,34.7999828,126.4212375,24시간 이용가능,환경부,04,200,2
ME25B335,01,광주지방법원 광주가정법원 목포지원,전남광주통합특별시 목포시 정의로 29,,34.8138552,126.4454215,24시간 이용가능,환경부,04,100,2
ME25B335,02,광주지방법원 광주가정법원 목포지원,전남광주통합특별시 목포시 정의로 29,,34.8138552,126.4454215,24시간 이용가능,환경부,04,100,2
ME25B335,03,광주지방법원 광주가정법원 목포지원,전남광주통합특별시 목포시 정의로 29,,34.8138552,126.4454215,24시간 이용가능,환경부,04,100,2
BNBN1231,01,전남 목포 신항만,전남광주통합특별시 목포시 신항로294번길 45 (달동),,34.7593540,126.3546112,~,블루네트웍스,02,7,2
BNBN1231,02,전남 목포 신항만,전남광주통합특별시 목포시 신항로294번길 45 (달동),,34.7593540,126.3546112,~,블루네트웍스,02,7,2
BNBN1231,03,전남 목포 신항만,전남광주통합특별시 목포시 신항로294번길 45 (달동),,34.7593540,126.3546112,~,블루네트웍스,02,7,2
BNHI4438,01,목포대학교 목포캠퍼스 어울림관,전남광주통합특별시 목포시 송림로41번길 11,,34.8089687,126.4040272,24시간 이용가능,블루네트웍스,02,7,2
BNHI4438,02,목포대학교 목포캠퍼스 어울림관,전남광주통합특별시 목포시 송림로41번길 11,,34.8089687,126.4040272,24시간 이용가능,블루네트웍스,02,7,2
BT000087,01,목포국제여객터미널,전남광주통합특별시 목포시 해안로148번길 14,,34.7810777,126.3819598,24시간 이용가능,보타리에너지,04,100,3
BT000087,02,목포국제여객터미널,전남광주통합특별시 목포시 해안로148번길 14,,34.7810777,126.3819598,24시간 이용가능,보타리에너지,02,7,2
BT000088,01,목포연안여객터미널,전남광주통합특별시 목포시 해안로 182,,34.782123533,126.38378743,24시간 이용가능,보타리에너지,02,7,3
BT000088,02,목포연안여객터미널,전남광주통합특별시 목포시 해안로 182,,34.782123533,126.38378743,24시간 이용가능,보타리에너지,02,7,2
BT000088,03,목포연안여객터미널,전남광주통합특별시 목포시 해안로 182,,34.782123533,126.38378743,24시간 이용가능,보타리에너지,05,50,9
CGJ00002,01,"목포 하당제일1차아파트_101동,102동 사이",전남광주통합특별시 목포시 미항로 206,하당제일1차아파트,34.8002000,126.4397000,24시간 이용가능,서울씨엔지(서울이브이),02,7,2
CGJ00002,02,"목포 하당제일1차아파트_101동,102동 사이",전남광주통합특별시 목포시 미항로 206,하당제일1차아파트,34.8002000,126.4397000,24시간 이용가능,서울씨엔지(서울이브이),02,7,2
CGJ00003,01,"목포 하당제일1차아파트_102동,103동 사이",전남광주통합특별시 목포시 미항로 206,하당제일1차아파트,34.7999000,126.4399000,24시간 이용가능,서울씨엔지(서울이브이),02,7,2
CGJ00003,02,"목포 하당제일1차아파트_102동,103동 사이",전남광주통합특별시 목포시 미항로 206,하당제일1차아파트,34.7999000,126.4399000,24시간 이용가능,서울씨엔지(서울이브이),02,7,2
CGJ00003,03,"목포 하당제일1차아파트_102동,103동 사이",전남광주통합특별시 목포시 미항로 206,하당제일1차아파트,34.7999000,126.4399000,24시간 이용가능,서울씨엔지(서울이브이),02,7,3
CGJ00004,01,목포 하당제일1차아파트_103동 뒤,전남광주통합특별시 목포시 미항로 206,하당제일1차아파트,34.7996000,126.4401000,24시간 이용가능,서울씨엔지(서울이브이),02,7,2
CGJ00004,02,목포 하당제일1차아파트_103동 뒤,전남광주통합특별시 목포시 미항로 206,하당제일1차아파트,34.7996000,126.4401000,24시간 이용가능,서울씨엔지(서울이브이),02,7,2
CGJ00005,01,목포 하당제일1차아파트_105동 앞,전남광주통합특별시 목포시 미항로 206,하당제일1차아파트,34.7997000,126.4406000,24시간 이용가능,서울씨엔지(서울이브이),02,7,2
CGJ00005,02,목포 하당제일1차아파트_105동 앞,전남광주통합특별시 목포시 미항로 206,하당제일1차아파트,34.7997000,126.4406000,24시간 이용가능,서울씨엔지(서울이브이),02,7,2
CGJ00005,03,목포 하당제일1차아파트_105동 앞,전남광주통합특별시 목포시 미항로 206,하당제일1차아파트,34.7997000,126.4406000,24시간 이용가능,서울씨엔지(서울이브이),02,7,2
CI0M0002,01,금강자동차,전남광주통합특별시 목포시 영산로 715,금강자동차,34.8282281,126.4199560,24시간 이용가능,쿨사인 주식회사,08,35,2
CI0M0011,01,준모텔,전남광주통합특별시 목포시 영산로 499,,34.8105916,126.4171155,24시간 이용가능,쿨사인,02,11,1
CI0M0018,01,정다운 요양병원,전남광주통합특별시 목포시 영산로 710-11,정다운 요양병원,34.8290492,126.4220478,24시간 이용가능,쿨사인 주식회사,02,7,2
CI0M0018,02,정다운 요양병원,전남광주통합특별시 목포시 영산로 710-11,정다운 요양병원,34.8290492,126.4220478,24시간 이용가능,쿨사인 주식회사,02,7,2
CI0M001A,01,목포과학대학교,전남광주통합특별시 목포시 영산로 413-1,목포과학대학교,34.8073582,126.4091374,24시간 이용가능,쿨사인 주식회사,02,7,3
CI0M001A,02,목포과학대학교,전남광주통합특별시 목포시 영산로 413-1,목포과학대학교,34.8073582,126.4091374,24시간 이용가능,쿨사인 주식회사,02,7,2
CI0M001A,03,목포과학대학교,전남광주통합특별시 목포시 영산로 413-1,목포과학대학교,34.8073582,126.4091374,24시간 이용가능,쿨사인 주식회사,02,7,1
CI0M001D,01,호텔이안,전남광주통합특별시 목포시 북항로 163,호텔이안,34.8029595,126.3672769,24시간 이용가능,쿨사인,02,7,2
CSSGI011,01,목포 군인아파트,전남광주통합특별시 목포시 녹색로 273,주차장,34.8054332,126.4380834,24시간 이용가능,한국EV충전서비스센터,04,50,1
CU610029,01,신안비치3차아파트,전남광주통합특별시 목포시 고하대로 641-11,,34.8061637,126.367620,24시간 이용가능,씨어스,02,7,2
CU610029,02,신안비치3차아파트,전남광주통합특별시 목포시 고하대로 641-11,,34.8061637,126.367620,24시간 이용가능,씨어스,02,7,2
CU610029,03,신안비치3차아파트,전남광주통합특별시 목포시 고하대로 641-11,,34.8061637,126.367620,24시간 이용가능,씨어스,02,7,2
CU610029,04,신안비치3차아파트,전남광주통합특별시 목포시 고하대로 641-11,,34.8061637,126.367620,24시간 이용가능,씨어스,02,7,2
CU610029,05,신안비치3차아파트,전남광주통합특별시 목포시 고하대로 641-11,,34.8061637,126.367620,24시간 이용가능,씨어스,02,11,2
CU610029,06,신안비치3차아파트,전남광주통합특별시 목포시 고하대로 641-11,,34.8061637,126.367620,24시간 이용가능,씨어스,02,11,3
CU610038,01,하당제일1차아파트,전남광주통합특별시 목포시 미항로 206,하당제일1차아파트,34.7999842,126.440019,24시간 이용가능,씨어스,02,7,9
CU610038,02,하당제일1차아파트,전남광주통합특별시 목포시 미항로 206,하당제일1차아파트,34.7999842,126.440019,24시간 이용가능,씨어스,02,7,9
CU610043,01,청년창업,전남광주통합특별시 목포시 양을로 203,-0,34.8116712,126.392332,24시간 이용가능,씨어스,02,7,2
CU610043,02,청년창업,전남광주통합특별시 목포시 양을로 203,-0,34.8116712,126.392332,24시간 이용가능,씨어스,02,7,2
CV001251,01,용해지구 목포어울림도서관,전남광주통합특별시 목포시 용해지구로 31,목포어울림도서관,34.8168258,126.3958299,09:00~1800,채비,02,7,3
CV001251,02,용해지구 목포어울림도서관,전남광주통합특별시 목포시 용해지구로 31,목포어울림도서관,34.8168258,126.3958299,09:00~1800,채비,06,50,2
CV001502,01,현대자동차 상동대리점,전남광주통합특별시 목포시 통일대로 107,"(옥암동, 현대자동차 상동대리점)",34.802025,126.435332,09:00~18:00,채비,02,7,2
CV001538,01,목포세무서,전남광주통합특별시 목포시 호남로58번길 19,목포세무서,34.7927643,126.384568,09:00~18:00,채비,04,200,2
CV001538,02,목포세무서,전남광주통합특별시 목포시 호남로58번길 19,목포세무서,34.7927643,126.384568,09:00~18:00,채비,04,200,2
CV001740,01,에드가안채아파트,전남광주통합특별시 목포시 옥암로 177-1,"(석현동, 에드가안채)",34.8136445,126.4213441,24시간 이용가능,채비,02,7,2
CV001740,02,에드가안채아파트,전남광주통합특별시 목포시 옥암로 177-1,"(석현동, 에드가안채)",34.8136445,126.4213441,24시간 이용가능,채비,02,7,2
CV001755,01,목포해양대학교 해양공학관A9동,전남광주통합특별시 목포시 해양대학로 91,목포해양대학교 해양공학관A9동,34.7911218,126.3631116,24시간 이용가능,채비,02,7,3
CV001755,02,목포해양대학교 해양공학관A9동,전남광주통합특별시 목포시 해양대학로 91,목포해양대학교 해양공학관A9동,34.7911218,126.3631116,24시간 이용가능,채비,02,7,2
CV001755,03,목포해양대학교 해양공학관A9동,전남광주통합특별시 목포시 해양대학로 91,목포해양대학교 해양공학관A9동,34.7911218,126.3631116,24시간 이용가능,채비,02,7,2
CV001756,01,목포해양대학교 제2공학관B2동,전남광주통합특별시 목포시 해양대학로 91,"(죽교동, 목포해양대학교)",34.7908354,126.3659225,24시간 이용가능,채비,02,7,2
CV001756,02,목포해양대학교 제2공학관B2동,전남광주통합특별시 목포시 해양대학로 91,"(죽교동, 목포해양대학교)",34.7908354,126.3659225,24시간 이용가능,채비,02,7,3
CV001756,03,목포해양대학교 제2공학관B2동,전남광주통합특별시 목포시 해양대학로 91,"(죽교동, 목포해양대학교)",34.7908354,126.3659225,24시간 이용가능,채비,02,7,2
CV001757,01,목포해양대학교 미래융복합관D1,전남광주통합특별시 목포시 해양대학로 91,목포해양대학교 미래융복합관D1,34.79546790,126.35961580,24시간 이용가능,채비,02,7,1
CV001757,02,목포해양대학교 미래융복합관D1,전남광주통합특별시 목포시 해양대학로 91,목포해양대학교 미래융복합관D1,34.79546790,126.35961580,24시간 이용가능,채비,02,7,2
CV001757,03,목포해양대학교 미래융복합관D1,전남광주통합특별시 목포시 해양대학로 91,목포해양대학교 미래융복합관D1,34.79546790,126.35961580,24시간 이용가능,채비,02,7,2
CV002470,01,목포용해2단지아파트,전남광주통합특별시 목포시 양을로 267,"(용해동, 용해2단지아파트)",34.8136543,126.3977306,24시간 이용가능,채비,02,7,2
CV002470,02,목포용해2단지아파트,전남광주통합특별시 목포시 양을로 267,"(용해동, 용해2단지아파트)",34.8136543,126.3977306,24시간 이용가능,채비,02,7,2
CV002470,03,목포용해2단지아파트,전남광주통합특별시 목포시 양을로 267,"(용해동, 용해2단지아파트)",34.8136543,126.3977306,24시간 이용가능,채비,02,7,2
CV002470,04,목포용해2단지아파트,전남광주통합특별시 목포시 양을로 267,"(용해동, 용해2단지아파트)",34.8136543,126.3977306,24시간 이용가능,채비,02,7,3
CV003157,01,홈플러스 목포점,전남광주통합특별시 목포시 영산로 313,"(용당동, 홈플러스목포점)",34.80594,126.39964,10:00~22:00,채비,04,100,1
CV003157,02,홈플러스 목포점,전남광주통합특별시 목포시 영산로 313,"(용당동, 홈플러스목포점)",34.80594,126.39964,10:00~22:00,채비,04,100,1
CV003157,03,홈플러스 목포점,전남광주통합특별시 목포시 영산로 313,"(용당동, 홈플러스목포점)",34.80594,126.39964,10:00~22:00,채비,04,100,1
CV003157,04,홈플러스 목포점,전남광주통합특별시 목포시 영산로 313,"(용당동, 홈플러스목포점)",34.80594,126.39964,10:00~22:00,채비,04,100,1
CV003157,05,홈플러스 목포점,전남광주통합특별시 목포시 영산로 313,"(용당동, 홈플러스목포점)",34.80594,126.39964,10:00~22:00,채비,08,30,1
CV003157,06,홈플러스 목포점,전남광주통합특별시 목포시 영산로 313,"(용당동, 홈플러스목포점)",34.80594,126.39964,10:00~22:00,채비,08,30,1
CV003157,07,홈플러스 목포점,전남광주통합특별시 목포시 영산로 313,"(용당동, 홈플러스목포점)",34.80594,126.39964,10:00~22:00,채비,08,30,1
CV003157,08,홈플러스 목포점,전남광주통합특별시 목포시 영산로 313,"(용당동, 홈플러스목포점)",34.80594,126.39964,10:00~22:00,채비,08,30,1
CV003403,01,(구)목포세관창고,전남광주통합특별시 목포시 해안로177번길 10,(항동),34.78298992,126.3837368,24시간 이용가능,채비,06,50,2
CV003403,02,(구)목포세관창고,전남광주통합특별시 목포시 해안로177번길 10,(항동),34.78298992,126.3837368,24시간 이용가능,채비,06,50,2
EC000189,01,국립호남권 생물자원관,전남광주통합특별시 목포시 고하도안길 99,,34.7678101,126.3650552,08:00~22:00,이지차저,02,7,2
EC000203,01,근화희망타운2차아파트,전남광주통합특별시 목포시 산양로 40,,34.83621583,126.4280161,24시간 이용가능,이지차저,02,7,2
EC000203,02,근화희망타운2차아파트,전남광주통합특별시 목포시 산양로 40,,34.83621583,126.4280161,24시간 이용가능,이지차저,02,7,2
EC000203,03,근화희망타운2차아파트,전남광주통합특별시 목포시 산양로 40,,34.83621583,126.4280161,24시간 이용가능,이지차저,02,7,2
EC000264,01,목포라인아파트 지상주차장,전남광주통합특별시 목포시 원산주택로 25,,34.80874133,126.37416005,24시간 이용가능,이지차저,02,7,1
EC000264,02,목포라인아파트 지상주차장,전남광주통합특별시 목포시 원산주택로 25,,34.80874133,126.37416005,24시간 이용가능,이지차저,02,7,1
EC000264,03,목포라인아파트 지상주차장,전남광주통합특별시 목포시 원산주택로 25,,34.80874133,126.37416005,24시간 이용가능,이지차저,02,7,1
EC000264,04,목포라인아파트 지상주차장,전남광주통합특별시 목포시 원산주택로 25,,34.80874133,126.37416005,24시간 이용가능,이지차저,02,7,1
EC000264,05,목포라인아파트 지상주차장,전남광주통합특별시 목포시 원산주택로 25,,34.80874133,126.37416005,24시간 이용가능,이지차저,02,7,1
EC000264,06,목포라인아파트 지상주차장,전남광주통합특별시 목포시 원산주택로 25,,34.80874133,126.37416005,24시간 이용가능,이지차저,02,7,1
EC000264,07,목포라인아파트 지상주차장,전남광주통합특별시 목포시 원산주택로 25,,34.80874133,126.37416005,24시간 이용가능,이지차저,02,7,1
EC003332,01,목포 포르모큐브 BF2,전남광주통합특별시 목포시 옥암로 95,,34.8074742,126.4262553,24시간 이용가능,이지차저,02,7,2
EC003332,02,목포 포르모큐브 BF2,전남광주통합특별시 목포시 옥암로 95,,34.8074742,126.4262553,24시간 이용가능,이지차저,02,7,2
EC460068,01,국립호남권생물자원관 (급),전남광주통합특별시 목포시 고하도안길 99,,34.7678101,126.3650552,08:00~22:00,이지차저,04,50,2
EO000187,01,목포원예농협,전남광주통합특별시 목포시 영산로 575 (상동 250-5),,34.8164461,126.4195108,평일 09:00~18:00,E1,04,100,2
EO000187,02,목포원예농협,전남광주통합특별시 목포시 영산로 575 (상동 250-5),,34.8164461,126.4195108,평일 09:00~18:00,E1,04,100,2
EP190087,01,목포 렉시호텔,전남광주통합특별시 목포시 원형동로 44,야외주차장,34.8000683,126.4330641,24시간 이용가능/시설 상황에 따라 이용이 제한될 수 있습니다,이카플러그,02,7,9
EP190087,02,목포 렉시호텔,전남광주통합특별시 목포시 원형동로 44,야외주차장,34.8000683,126.4330641,24시간 이용가능/시설 상황에 따라 이용이 제한될 수 있습니다,이카플러그,02,7,9
EP200141,01,목포주원병원,전남광주통합특별시 목포시 산계길 4-9,주차장,34.8384033,126.4249691,24시간 이용가능,이카플러그,02,7,9
EP200141,02,목포주원병원,전남광주통합특별시 목포시 산계길 4-9,주차장,34.8384033,126.4249691,24시간 이용가능,이카플러그,02,7,9
EP200393,01,목포 광신프로그레스,전남광주통합특별시 목포시 영산로565번길 23,1~5구역 주차장,34.815945,126.4171159,24시간 이용가능,이카플러그,02,7,9
EP200393,02,목포 광신프로그레스,전남광주통합특별시 목포시 영산로565번길 23,1~5구역 주차장,34.815945,126.4171159,24시간 이용가능,이카플러그,02,7,9
EP200393,03,목포 광신프로그레스,전남광주통합특별시 목포시 영산로565번길 23,1~5구역 주차장,34.815945,126.4171159,24시간 이용가능,이카플러그,02,7,9
EP200393,04,목포 광신프로그레스,전남광주통합특별시 목포시 영산로565번길 23,1~5구역 주차장,34.815945,126.4171159,24시간 이용가능,이카플러그,02,7,9
EP200393,05,목포 광신프로그레스,전남광주통합특별시 목포시 영산로565번길 23,1~5구역 주차장,34.815945,126.4171159,24시간 이용가능,이카플러그,02,7,9
EP200393,06,목포 광신프로그레스,전남광주통합특별시 목포시 영산로565번길 23,1~5구역 주차장,34.815945,126.4171159,24시간 이용가능,이카플러그,02,7,9
EP200393,07,목포 광신프로그레스,전남광주통합특별시 목포시 영산로565번길 23,1~5구역 주차장,34.815945,126.4171159,24시간 이용가능,이카플러그,02,7,9
EP200393,08,목포 광신프로그레스,전남광주통합특별시 목포시 영산로565번길 23,1~5구역 주차장,34.815945,126.4171159,24시간 이용가능,이카플러그,02,7,9
EP200393,09,목포 광신프로그레스,전남광주통합특별시 목포시 영산로565번길 23,1~5구역 주차장,34.815945,126.4171159,24시간 이용가능,이카플러그,02,7,9
EP200393,10,목포 광신프로그레스,전남광주통합특별시 목포시 영산로565번길 23,1~5구역 주차장,34.815945,126.4171159,24시간 이용가능,이카플러그,02,7,9
EP610800,01,목포 티파니에서아침을,전남광주통합특별시 목포시 평화로140번길 24,구내주차장,34.801652313,126.43669503,24시간 이용가능,이카플러그,02,7,9
ER000421,01,골드디움5차아파트,전남광주통합특별시 목포시 용해지구로88번길 23,골드디움5차아파트,34.8207671,126.3939443,24시간 이용가능,위브이,02,7,2
ER000421,02,골드디움5차아파트,전남광주통합특별시 목포시 용해지구로88번길 23,골드디움5차아파트,34.8207671,126.3939443,24시간 이용가능,위브이,02,7,2
ER000421,03,골드디움5차아파트,전남광주통합특별시 목포시 용해지구로88번길 23,골드디움5차아파트,34.8207671,126.3939443,24시간 이용가능,위브이,02,7,2
ER000421,04,골드디움5차아파트,전남광주통합특별시 목포시 용해지구로88번길 23,골드디움5차아파트,34.8207671,126.3939443,24시간 이용가능,위브이,02,7,2
ER000421,05,골드디움5차아파트,전남광주통합특별시 목포시 용해지구로88번길 23,골드디움5차아파트,34.8207671,126.3939443,24시간 이용가능,위브이,02,7,2
ER460057,01,넘버25호텔 목포상동점,전남광주통합특별시 목포시 비파로124번길 16-2,건물 앞 지상1층 주차장 ,34.809236,126.4246593,24시간 이용가능,이엘일렉트릭,02,7,2
EV002285,01,전남목포 하당동아아파트 101동,전남광주통합특별시 목포시 신흥로45번길 13,101동 2호앞 지상주차장,34.803256336945,126.4251457536,"24시간 이용가능,입주민만 사용가능 거주자외출입제한",주식회사 에버온,02,7,2
EV002285,02,전남목포 하당동아아파트 101동,전남광주통합특별시 목포시 신흥로45번길 13,101동 2호앞 지상주차장,34.803256336945,126.4251457536,"24시간 이용가능,입주민만 사용가능 거주자외출입제한",주식회사 에버온,02,7,2
EV002285,03,전남목포 하당동아아파트 101동,전남광주통합특별시 목포시 신흥로45번길 13,101동 2호앞 지상주차장,34.803256336945,126.4251457536,"24시간 이용가능,입주민만 사용가능 거주자외출입제한",주식회사 에버온,02,7,2
EV002286,01,전남목포 하당동아아파트 108동,전남광주통합특별시 목포시 신흥로45번길 13,108동앞 지상주차장,34.804584882905,126.4239781392,"24시간 이용가능,입주민만 사용가능 거주자외출입제한",주식회사 에버온,02,7,2
EV002286,02,전남목포 하당동아아파트 108동,전남광주통합특별시 목포시 신흥로45번길 13,108동앞 지상주차장,34.804584882905,126.4239781392,"24시간 이용가능,입주민만 사용가능 거주자외출입제한",주식회사 에버온,02,7,9
EV002286,03,전남목포 하당동아아파트 108동,전남광주통합특별시 목포시 신흥로45번길 13,108동앞 지상주차장,34.804584882905,126.4239781392,"24시간 이용가능,입주민만 사용가능 거주자외출입제한",주식회사 에버온,02,7,2
EV002334,01,전남목포 신안비치2차아파트,전남광주통합특별시 목포시 고하대로 641-10,지상주차장 화단,34.807479085768,126.3688758073,"24시간 이용가능,입주민만 사용가능 거주자외출입제한",주식회사 에버온,02,7,2
EV002334,02,전남목포 신안비치2차아파트,전남광주통합특별시 목포시 고하대로 641-10,지상주차장 화단,34.807479085768,126.3688758073,"24시간 이용가능,입주민만 사용가능 거주자외출입제한",주식회사 에버온,02,7,2
EV002334,03,전남목포 신안비치2차아파트,전남광주통합특별시 목포시 고하대로 641-10,지상주차장 화단,34.807479085768,126.3688758073,"24시간 이용가능,입주민만 사용가능 거주자외출입제한",주식회사 에버온,02,7,2
EV002334,04,전남목포 신안비치2차아파트,전남광주통합특별시 목포시 고하대로 641-10,지상주차장 화단,34.807479085768,126.3688758073,"24시간 이용가능,입주민만 사용가능 거주자외출입제한",주식회사 에버온,02,7,2
EV002640,01,전남목포 한라비발디,전남광주통합특별시 목포시 남악2로22번길 10,102동앞 지상주차장,34.8071186,126.4538588,24시간 이용가능,에버온,02,7,2
EV002640,02,전남목포 한라비발디,전남광주통합특별시 목포시 남악2로22번길 10,102동앞 지상주차장,34.8071186,126.4538588,24시간 이용가능,에버온,02,7,2
EV002640,03,전남목포 한라비발디,전남광주통합특별시 목포시 남악2로22번길 10,102동앞 지상주차장,34.8071186,126.4538588,24시간 이용가능,에버온,02,7,2
EV002640,04,전남목포 한라비발디,전남광주통합특별시 목포시 남악2로22번길 10,102동앞 지상주차장,34.8071186,126.4538588,24시간 이용가능,에버온,02,7,3
EV002640,05,전남목포 한라비발디,전남광주통합특별시 목포시 남악2로22번길 10,102동앞 지상주차장,34.8071186,126.4538588,24시간 이용가능,에버온,02,7,3
EV002765,01,전남목포 종원나이스빌101동,전남광주통합특별시 목포시 양을로 121,1주차장 1층 101동 기둥2-3,34.807490834664,126.3850794952,"24시간 이용가능,입주민만 사용가능 거주자외출입제한",주식회사 에버온,02,7,9
EV002765,02,전남목포 종원나이스빌101동,전남광주통합특별시 목포시 양을로 121,1주차장 1층 101동 기둥2-3,34.807490834664,126.3850794952,"24시간 이용가능,입주민만 사용가능 거주자외출입제한",주식회사 에버온,02,7,9
EV002766,01,전남목포 종원나이스빌103동,전남광주통합특별시 목포시 양을로 121,2주차장 1층 103동 기둥01,34.807868881194,126.3849728652,"24시간 이용가능,입주민만 사용가능 거주자외출입제한",주식회사 에버온,02,7,9
EV002767,01,전남목포 종원나이스빌106동,전남광주통합특별시 목포시 양을로 121,5주차장 1층 106동 기둥08,34.808262965441,126.3844726830,"24시간 이용가능,입주민만 사용가능 거주자외출입제한",주식회사 에버온,02,7,9
EV002767,02,전남목포 종원나이스빌106동,전남광주통합특별시 목포시 양을로 121,5주차장 1층 106동 기둥08,34.808262965441,126.3844726830,"24시간 이용가능,입주민만 사용가능 거주자외출입제한",주식회사 에버온,02,7,9
EV002767,03,전남목포 종원나이스빌106동,전남광주통합특별시 목포시 양을로 121,5주차장 1층 106동 기둥08,34.808262965441,126.3844726830,"24시간 이용가능,입주민만 사용가능 거주자외출입제한",주식회사 에버온,02,7,9
EV002768,01,전남목포 종원나이스빌104동,전남광주통합특별시 목포시 양을로 121,4주차장 104동 기둥07,34.807829289944,126.3842737282,"24시간 이용가능,입주민만 사용가능 거주자외출입제한",주식회사 에버온,02,7,9
EV002769,01,전남목포 종원나이스빌102동,전남광주통합특별시 목포시 양을로 121,3주차장 102동 기둥10,34.807438082988,126.3844514948,"24시간 이용가능,입주민만 사용가능 거주자외출입제한",주식회사 에버온,02,7,9
EV002915,01,전남목포 우미오션빌601동,전남광주통합특별시 목포시 평화로107번길 16,601동 B1,34.799295966843,126.4360133432,"24시간 이용가능,입주민만 사용가능 거주자외출입제한",주식회사 에버온,02,7,2
EV002915,02,전남목포 우미오션빌601동,전남광주통합특별시 목포시 평화로107번길 16,601동 B1,34.799295966843,126.4360133432,"24시간 이용가능,입주민만 사용가능 거주자외출입제한",주식회사 에버온,02,7,2
EV002915,03,전남목포 우미오션빌601동,전남광주통합특별시 목포시 평화로107번길 16,601동 B1,34.799295966843,126.4360133432,"24시간 이용가능,입주민만 사용가능 거주자외출입제한",주식회사 에버온,02,7,2
EV002916,01,전남목포 우미오션빌605동,전남광주통합특별시 목포시 평화로107번길 16,605동 B1,34.798523167853,126.4365321949,"24시간 이용가능,입주민만 사용가능 거주자외출입제한",주식회사 에버온,02,7,2
EV002916,02,전남목포 우미오션빌605동,전남광주통합특별시 목포시 평화로107번길 16,605동 B1,34.798523167853,126.4365321949,"24시간 이용가능,입주민만 사용가능 거주자외출입제한",주식회사 에버온,02,7,2
EV002916,03,전남목포 우미오션빌605동,전남광주통합특별시 목포시 평화로107번길 16,605동 B1,34.798523167853,126.4365321949,"24시간 이용가능,입주민만 사용가능 거주자외출입제한",주식회사 에버온,02,7,2
EV002921,01,전남목포 용해동아아파트8동,전남광주통합특별시 목포시 삼학로 303-3,8동 B1,34.797958824924,126.4069229588,"24시간 이용가능,입주민만 사용가능 거주자외출입제한",주식회사 에버온,02,7,2
EV002921,02,전남목포 용해동아아파트8동,전남광주통합특별시 목포시 삼학로 303-3,8동 B1,34.797958824924,126.4069229588,"24시간 이용가능,입주민만 사용가능 거주자외출입제한",주식회사 에버온,02,7,2
EV002922,01,전남목포 용해동아아파트7동,전남광주통합특별시 목포시 삼학로 303-3,7동 B1,34.797544676169,126.4070242700,"24시간 이용가능,입주민만 사용가능 거주자외출입제한",주식회사 에버온,02,7,2
EV002922,02,전남목포 용해동아아파트7동,전남광주통합특별시 목포시 삼학로 303-3,7동 B1,34.797544676169,126.4070242700,"24시간 이용가능,입주민만 사용가능 거주자외출입제한",주식회사 에버온,02,7,2
EV003105,01,전남목포 신안인스빌아파트101동,전남광주통합특별시 목포시 삼학로 363,101동B2-A02기둥,34.80328203780,126.40794485074,"24시간 이용가능,입주민만 사용가능 거주자외출입제한",주식회사 에버온,02,7,2
EV003105,02,전남목포 신안인스빌아파트101동,전남광주통합특별시 목포시 삼학로 363,101동B2-A02기둥,34.80328203780,126.40794485074,"24시간 이용가능,입주민만 사용가능 거주자외출입제한",주식회사 에버온,02,7,2
EV003105,03,전남목포 신안인스빌아파트101동,전남광주통합특별시 목포시 삼학로 363,101동B2-A02기둥,34.80328203780,126.40794485074,"24시간 이용가능,입주민만 사용가능 거주자외출입제한",주식회사 에버온,02,7,2
EV003105,04,전남목포 신안인스빌아파트101동,전남광주통합특별시 목포시 삼학로 363,101동B2-A02기둥,34.80328203780,126.40794485074,"24시간 이용가능,입주민만 사용가능 거주자외출입제한",주식회사 에버온,02,7,2
EV003106,01,전남목포 신안인스빌아파트107동,전남광주통합특별시 목포시 삼학로 363,107동B1-A13기둥,34.802177424903,126.4069364560,"24시간 이용가능,입주민만 사용가능 거주자외출입제한",주식회사 에버온,02,7,2
EV003106,02,전남목포 신안인스빌아파트107동,전남광주통합특별시 목포시 삼학로 363,107동B1-A13기둥,34.802177424903,126.4069364560,"24시간 이용가능,입주민만 사용가능 거주자외출입제한",주식회사 에버온,02,7,2
EV003106,03,전남목포 신안인스빌아파트107동,전남광주통합특별시 목포시 삼학로 363,107동B1-A13기둥,34.802177424903,126.4069364560,"24시간 이용가능,입주민만 사용가능 거주자외출입제한",주식회사 에버온,02,7,2
EV003106,04,전남목포 신안인스빌아파트107동,전남광주통합특별시 목포시 삼학로 363,107동B1-A13기둥,34.802177424903,126.4069364560,"24시간 이용가능,입주민만 사용가능 거주자외출입제한",주식회사 에버온,02,7,2
EV003106,05,전남목포 신안인스빌아파트107동,전남광주통합특별시 목포시 삼학로 363,107동B1-A13기둥,34.802177424903,126.4069364560,"24시간 이용가능,입주민만 사용가능 거주자외출입제한",주식회사 에버온,02,7,2
EV003175,01,전남목포 하당5차우미파크빌,전남광주통합특별시 목포시 평화로20번길 11,503동B1-A주차장,34.795358380282,126.4286097985,"24시간 이용가능,입주민만 사용가능 거주자외출입제한",주식회사 에버온,02,7,2
EV003175,02,전남목포 하당5차우미파크빌,전남광주통합특별시 목포시 평화로20번길 11,503동B1-A주차장,34.795358380282,126.4286097985,"24시간 이용가능,입주민만 사용가능 거주자외출입제한",주식회사 에버온,02,7,2
EV003175,03,전남목포 하당5차우미파크빌,전남광주통합특별시 목포시 평화로20번길 11,503동B1-A주차장,34.795358380282,126.4286097985,"24시간 이용가능,입주민만 사용가능 거주자외출입제한",주식회사 에버온,02,7,2
EV003788,01,전기안전공사 전남서부지사2,전남광주통합특별시 목포시 호남로 72,주차장 내,34.793884260,126.38639733,24시간 이용가능,에버온,02,7,9
EV003788,02,전기안전공사 전남서부지사2,전남광주통합특별시 목포시 호남로 72,주차장 내,34.793884260,126.38639733,24시간 이용가능,에버온,02,7,9
EV003788,03,전기안전공사 전남서부지사2,전남광주통합특별시 목포시 호남로 72,주차장 내,34.793884260,126.38639733,24시간 이용가능,에버온,02,7,9
EV004672,01,전남목포 삼성아파트 1주차장,전남광주통합특별시 목포시 부흥로 12,103동 뒷편 1주차장 지하 1층 103동 뒷편 비상계단 좌측,34.799570176,126.42335737,24시간 이용가능,에버온,02,7,2
EV004672,02,전남목포 삼성아파트 1주차장,전남광주통합특별시 목포시 부흥로 12,103동 뒷편 1주차장 지하 1층 103동 뒷편 비상계단 좌측,34.799570176,126.42335737,24시간 이용가능,에버온,02,7,2
EV004673,01,전남목포 삼성아파트 2주차장,전남광주통합특별시 목포시 부흥로 12,103동 앞 2주차장 지하1층 중앙비상계단 맞은편,34.799532671,126.42305166,24시간 이용가능,에버온,02,7,2
EV004673,02,전남목포 삼성아파트 2주차장,전남광주통합특별시 목포시 부흥로 12,103동 앞 2주차장 지하1층 중앙비상계단 맞은편,34.799532671,126.42305166,24시간 이용가능,에버온,02,7,2
EV004673,03,전남목포 삼성아파트 2주차장,전남광주통합특별시 목포시 부흥로 12,103동 앞 2주차장 지하1층 중앙비상계단 맞은편,34.799532671,126.42305166,24시간 이용가능,에버온,02,7,2
EV005096,01,전남목포 한라비발디2,전남광주통합특별시 목포시 남악2로22번길 10,108동 옆 옥외 주차장,34.806695407,126.45557960,24시간 이용가능,에버온,02,7,2
EV005096,02,전남목포 한라비발디2,전남광주통합특별시 목포시 남악2로22번길 10,108동 옆 옥외 주차장,34.806695407,126.45557960,24시간 이용가능,에버온,02,7,3
EV005096,03,전남목포 한라비발디2,전남광주통합특별시 목포시 남악2로22번길 10,108동 옆 옥외 주차장,34.806695407,126.45557960,24시간 이용가능,에버온,02,7,2
EV005096,04,전남목포 한라비발디2,전남광주통합특별시 목포시 남악2로22번길 10,108동 옆 옥외 주차장,34.806695407,126.45557960,24시간 이용가능,에버온,02,7,2
EV005096,05,전남목포 한라비발디2,전남광주통합특별시 목포시 남악2로22번길 10,108동 옆 옥외 주차장,34.806695407,126.45557960,24시간 이용가능,에버온,02,7,2
EV005595,01,전남목포 우미오션빌,전남광주통합특별시 목포시 평화로107번길 16,,34.799625080,126.43609404,24시간 이용가능,에버온,02,7,3
EV005595,02,전남목포 우미오션빌,전남광주통합특별시 목포시 평화로107번길 16,,34.799625080,126.43609404,24시간 이용가능,에버온,02,7,2
EV005595,03,전남목포 우미오션빌,전남광주통합특별시 목포시 평화로107번길 16,,34.799625080,126.43609404,24시간 이용가능,에버온,02,7,2
EV005595,04,전남목포 우미오션빌,전남광주통합특별시 목포시 평화로107번길 16,,34.799625080,126.43609404,24시간 이용가능,에버온,02,7,2
EV005595,05,전남목포 우미오션빌,전남광주통합특별시 목포시 평화로107번길 16,,34.799625080,126.43609404,24시간 이용가능,에버온,02,7,2
EV005684,01,전남목포 산정로제비앙1,전남광주통합특별시 목포시 양을로79번길 6,,34.805634209,126.38260020,24시간 이용가능,에버온,02,7,2
EV005684,02,전남목포 산정로제비앙1,전남광주통합특별시 목포시 양을로79번길 6,,34.805634209,126.38260020,24시간 이용가능,에버온,02,7,2
EV005685,01,전남목포 산정로제비앙2,전남광주통합특별시 목포시 양을로79번길 6,,34.805634209,126.38260020,24시간 이용가능,에버온,02,7,2
EV005685,02,전남목포 산정로제비앙2,전남광주통합특별시 목포시 양을로79번길 6,,34.805634209,126.38260020,24시간 이용가능,에버온,02,7,2
EV005685,03,전남목포 산정로제비앙2,전남광주통합특별시 목포시 양을로79번길 6,,34.805634209,126.38260020,24시간 이용가능,에버온,02,7,2
EV005685,04,전남목포 산정로제비앙2,전남광주통합특별시 목포시 양을로79번길 6,,34.805634209,126.38260020,24시간 이용가능,에버온,02,7,2
EV005686,01,전남목포 산정로제비앙3,전남광주통합특별시 목포시 양을로79번길 6,,34.805634209,126.38260020,24시간 이용가능,에버온,02,7,2
EV005686,02,전남목포 산정로제비앙3,전남광주통합특별시 목포시 양을로79번길 6,,34.805634209,126.38260020,24시간 이용가능,에버온,02,7,2
EV005686,03,전남목포 산정로제비앙3,전남광주통합특별시 목포시 양을로79번길 6,,34.805634209,126.38260020,24시간 이용가능,에버온,02,7,2
EV005686,04,전남목포 산정로제비앙3,전남광주통합특별시 목포시 양을로79번길 6,,34.805634209,126.38260020,24시간 이용가능,에버온,02,7,2
EV005686,05,전남목포 산정로제비앙3,전남광주통합특별시 목포시 양을로79번길 6,,34.805634209,126.38260020,24시간 이용가능,에버온,02,7,2
EV005805,01,전남목포 옥암펠리시아아파트1,전남광주통합특별시 목포시 하당로289번길 7,,34.812353198,126.42632414,24시간 이용가능,에버온,02,7,2
EV005805,02,전남목포 옥암펠리시아아파트1,전남광주통합특별시 목포시 하당로289번길 7,,34.812353198,126.42632414,24시간 이용가능,에버온,02,7,2
EV005806,01,전남목포 옥암펠리시아아파트2,전남광주통합특별시 목포시 하당로289번길 7,,34.814200142,126.42723925,24시간 이용가능,에버온,02,7,2
EV005806,02,전남목포 옥암펠리시아아파트2,전남광주통합특별시 목포시 하당로289번길 7,,34.814200142,126.42723925,24시간 이용가능,에버온,02,7,2
EV006957,01,전남목포 신안인스빌,전남광주통합특별시 목포시 삼학로 363,,34.802967229,126.40864102,24시간 이용가능,에버온,02,7,2
EV006957,02,전남목포 신안인스빌,전남광주통합특별시 목포시 삼학로 363,,34.802967229,126.40864102,24시간 이용가능,에버온,02,7,3
EV006957,03,전남목포 신안인스빌,전남광주통합특별시 목포시 삼학로 363,,34.802967229,126.40864102,24시간 이용가능,에버온,02,7,2
EV006957,04,전남목포 신안인스빌,전남광주통합특별시 목포시 삼학로 363,,34.802967229,126.40864102,24시간 이용가능,에버온,02,7,2
EV006957,05,전남목포 신안인스빌,전남광주통합특별시 목포시 삼학로 363,,34.802967229,126.40864102,24시간 이용가능,에버온,02,7,2
EV007457,01,전남목포 근화희망타운1차아파트,전남광주통합특별시 목포시 산양로 40,103동앞,34.836391890,126.42773257,24시간 이용가능,에버온,02,7,2
EV007457,02,전남목포 근화희망타운1차아파트,전남광주통합특별시 목포시 산양로 40,103동앞,34.836391890,126.42773257,24시간 이용가능,에버온,02,7,2
EV007457,03,전남목포 근화희망타운1차아파트,전남광주통합특별시 목포시 산양로 40,103동앞,34.836391890,126.42773257,24시간 이용가능,에버온,02,7,2
EV007752,01,전남목포 코아루천년가아파트,전남광주통합특별시 목포시 남악1로16번길 43-14,,34.808125716,126.45227880,24시간 이용가능,에버온,02,7,2
EV007752,02,전남목포 코아루천년가아파트,전남광주통합특별시 목포시 남악1로16번길 43-14,,34.808125716,126.45227880,24시간 이용가능,에버온,02,7,2
EV007752,03,전남목포 코아루천년가아파트,전남광주통합특별시 목포시 남악1로16번길 43-14,,34.808125716,126.45227880,24시간 이용가능,에버온,02,7,2
EV007752,04,전남목포 코아루천년가아파트,전남광주통합특별시 목포시 남악1로16번길 43-14,,34.808125716,126.45227880,24시간 이용가능,에버온,02,7,2
EV007752,05,전남목포 코아루천년가아파트,전남광주통합특별시 목포시 남악1로16번길 43-14,,34.808125716,126.45227880,24시간 이용가능,에버온,02,7,2
EV008272,01,전남목포 근화희망타운1차아파트2,전남광주통합특별시 목포시 산양로 40,,34.836391890,126.42773257,24시간 이용가능,에버온,02,7,2
EV008525,01,전남목포 한라비발디3,전남광주통합특별시 목포시 남악2로22번길 10,109동뒤 지상주차장,34.806217973,126.45564831,24시간 이용가능,에버온,02,7,2
EV008525,02,전남목포 한라비발디3,전남광주통합특별시 목포시 남악2로22번길 10,109동뒤 지상주차장,34.806217973,126.45564831,24시간 이용가능,에버온,02,7,2
EV008525,03,전남목포 한라비발디3,전남광주통합특별시 목포시 남악2로22번길 10,109동뒤 지상주차장,34.806217973,126.45564831,24시간 이용가능,에버온,02,7,3
EV008525,04,전남목포 한라비발디3,전남광주통합특별시 목포시 남악2로22번길 10,109동뒤 지상주차장,34.806217973,126.45564831,24시간 이용가능,에버온,02,7,2
EV008525,05,전남목포 한라비발디3,전남광주통합특별시 목포시 남악2로22번길 10,109동뒤 지상주차장,34.806217973,126.45564831,24시간 이용가능,에버온,02,7,2
EV008526,01,전남목포 한라비발디4,전남광주통합특별시 목포시 남악2로22번길 10,103동뒤 지상주차장,34.805840626,126.45391318,24시간 이용가능,에버온,02,7,2
EV008526,02,전남목포 한라비발디4,전남광주통합특별시 목포시 남악2로22번길 10,103동뒤 지상주차장,34.805840626,126.45391318,24시간 이용가능,에버온,02,7,2
EV008526,03,전남목포 한라비발디4,전남광주통합특별시 목포시 남악2로22번길 10,103동뒤 지상주차장,34.805840626,126.45391318,24시간 이용가능,에버온,02,7,2
EV008526,04,전남목포 한라비발디4,전남광주통합특별시 목포시 남악2로22번길 10,103동뒤 지상주차장,34.805840626,126.45391318,24시간 이용가능,에버온,02,7,2
EV008526,05,전남목포 한라비발디4,전남광주통합특별시 목포시 남악2로22번길 10,103동뒤 지상주차장,34.805840626,126.45391318,24시간 이용가능,에버온,02,7,2
EV010069,01,전남목포 연산주공5단지아파트1,전남광주통합특별시 목포시 원산중앙로 109-1,,34.813952356,126.38123351,24시간 이용가능,에버온,02,7,2
EV010069,02,전남목포 연산주공5단지아파트1,전남광주통합특별시 목포시 원산중앙로 109-1,,34.813952356,126.38123351,24시간 이용가능,에버온,02,7,2
EV010069,03,전남목포 연산주공5단지아파트1,전남광주통합특별시 목포시 원산중앙로 109-1,,34.813952356,126.38123351,24시간 이용가능,에버온,02,7,2
EV010070,01,전남목포 연산주공5단지아파트2,전남광주통합특별시 목포시 원산중앙로 109-1,,34.813165032,126.38017926,24시간 이용가능,에버온,02,7,2
EV010070,02,전남목포 연산주공5단지아파트2,전남광주통합특별시 목포시 원산중앙로 109-1,,34.813165032,126.38017926,24시간 이용가능,에버온,02,7,2
EV010070,03,전남목포 연산주공5단지아파트2,전남광주통합특별시 목포시 원산중앙로 109-1,,34.813165032,126.38017926,24시간 이용가능,에버온,02,7,2
EV010071,01,전남목포 연산주공5단지아파트3,전남광주통합특별시 목포시 원산중앙로 109-1,,34.814027709,126.38151668,24시간 이용가능,에버온,02,7,2
EV010071,02,전남목포 연산주공5단지아파트3,전남광주통합특별시 목포시 원산중앙로 109-1,,34.814027709,126.38151668,24시간 이용가능,에버온,02,7,2
EV010240,01,전남목포 꿈동산신안2차1,전남광주통합특별시 목포시 하당로 14,,34.798361439,126.42477476,24시간 이용가능,에버온,02,7,2
EV010240,02,전남목포 꿈동산신안2차1,전남광주통합특별시 목포시 하당로 14,,34.798361439,126.42477476,24시간 이용가능,에버온,02,7,2
EV010240,03,전남목포 꿈동산신안2차1,전남광주통합특별시 목포시 하당로 14,,34.798361439,126.42477476,24시간 이용가능,에버온,02,7,2
EV010240,04,전남목포 꿈동산신안2차1,전남광주통합특별시 목포시 하당로 14,,34.798361439,126.42477476,24시간 이용가능,에버온,02,7,2
EV010241,01,전남목포 꿈동산신안2차2,전남광주통합특별시 목포시 하당로 14,102동 지하주차장,34.798144983,126.42457749,24시간 이용가능,에버온,02,7,2
EV010241,02,전남목포 꿈동산신안2차2,전남광주통합특별시 목포시 하당로 14,102동 지하주차장,34.798144983,126.42457749,24시간 이용가능,에버온,02,7,2
EV010241,03,전남목포 꿈동산신안2차2,전남광주통합특별시 목포시 하당로 14,102동 지하주차장,34.798144983,126.42457749,24시간 이용가능,에버온,02,7,2
EV010287,01,전남목포 자일산업,전남광주통합특별시 목포시 대양로 129,,34.8221003,126.3936425,24시간 이용가능,에버온,02,7,2
EV010364,01,전남목포 상동현대아파트 1,전남광주통합특별시 목포시 상동로 33,P1 주차장,34.811536022,126.41467094,24시간 이용가능,에버온,02,7,2
EV010365,01,전남목포 상동현대아파트 2,전남광주통합특별시 목포시 상동로 33,P2 주차장,34.811698495,126.414398,24시간 이용가능,에버온,02,7,2
EV010365,02,전남목포 상동현대아파트 2,전남광주통합특별시 목포시 상동로 33,P2 주차장,34.811698495,126.414398,24시간 이용가능,에버온,02,7,2
EV010366,01,전남목포 상동현대아파트 3,전남광주통합특별시 목포시 상동로 33,,34.811700643,126.41437655,24시간 이용가능,에버온,02,7,9
EV010366,02,전남목포 상동현대아파트 3,전남광주통합특별시 목포시 상동로 33,,34.811700643,126.41437655,24시간 이용가능,에버온,02,7,9
EV010368,01,전남목포 상동현대아파트 5,전남광주통합특별시 목포시 상동로 33,,34.811289878,126.41424557,24시간 이용가능,에버온,02,7,2
EV010369,01,전남목포 상동현대아파트 6,전남광주통합특별시 목포시 상동로 33,,34.810970696,126.41441450,24시간 이용가능,에버온,02,7,9
EV010369,02,전남목포 상동현대아파트 6,전남광주통합특별시 목포시 상동로 33,,34.810970696,126.41441450,24시간 이용가능,에버온,02,7,9
EV011369,01,전남목포 대성천년나무아파트 1,전남광주통합특별시 목포시 양을로 42,103동앞 지상 주차장,34.800291532,126.38119355,24시간 이용가능,에버온,02,7,2
EV011369,02,전남목포 대성천년나무아파트 1,전남광주통합특별시 목포시 양을로 42,103동앞 지상 주차장,34.800291532,126.38119355,24시간 이용가능,에버온,02,7,2
EV011369,03,전남목포 대성천년나무아파트 1,전남광주통합특별시 목포시 양을로 42,103동앞 지상 주차장,34.800291532,126.38119355,24시간 이용가능,에버온,02,7,2
EV011369,04,전남목포 대성천년나무아파트 1,전남광주통합특별시 목포시 양을로 42,103동앞 지상 주차장,34.800291532,126.38119355,24시간 이용가능,에버온,02,7,2
EV011369,05,전남목포 대성천년나무아파트 1,전남광주통합특별시 목포시 양을로 42,103동앞 지상 주차장,34.800291532,126.38119355,24시간 이용가능,에버온,02,7,2
EV011369,06,전남목포 대성천년나무아파트 1,전남광주통합특별시 목포시 양을로 42,103동앞 지상 주차장,34.800291532,126.38119355,24시간 이용가능,에버온,02,7,2
EV011370,01,전남목포 대성천년나무아파트 2,전남광주통합특별시 목포시 양을로 42,106동앞 지상 주차장,34.799798505,126.38173268,24시간 이용가능,에버온,02,7,2
EV011370,02,전남목포 대성천년나무아파트 2,전남광주통합특별시 목포시 양을로 42,106동앞 지상 주차장,34.799798505,126.38173268,24시간 이용가능,에버온,02,7,2
EV011370,03,전남목포 대성천년나무아파트 2,전남광주통합특별시 목포시 양을로 42,106동앞 지상 주차장,34.799798505,126.38173268,24시간 이용가능,에버온,02,7,2
EV011370,04,전남목포 대성천년나무아파트 2,전남광주통합특별시 목포시 양을로 42,106동앞 지상 주차장,34.799798505,126.38173268,24시간 이용가능,에버온,02,7,2
EV011370,05,전남목포 대성천년나무아파트 2,전남광주통합특별시 목포시 양을로 42,106동앞 지상 주차장,34.799798505,126.38173268,24시간 이용가능,에버온,02,7,2
EV011370,06,전남목포 대성천년나무아파트 2,전남광주통합특별시 목포시 양을로 42,106동앞 지상 주차장,34.799798505,126.38173268,24시간 이용가능,에버온,02,7,2
EV011371,01,전남목포 대성천년나무아파트 3,전남광주통합특별시 목포시 양을로 42,109동옆 지상 주차장,34.801247668,126.38309876,24시간 이용가능,에버온,02,7,2
EV011371,02,전남목포 대성천년나무아파트 3,전남광주통합특별시 목포시 양을로 42,109동옆 지상 주차장,34.801247668,126.38309876,24시간 이용가능,에버온,02,7,2
EV011371,03,전남목포 대성천년나무아파트 3,전남광주통합특별시 목포시 양을로 42,109동옆 지상 주차장,34.801247668,126.38309876,24시간 이용가능,에버온,02,7,3
EV011371,04,전남목포 대성천년나무아파트 3,전남광주통합특별시 목포시 양을로 42,109동옆 지상 주차장,34.801247668,126.38309876,24시간 이용가능,에버온,02,7,2
EV011371,05,전남목포 대성천년나무아파트 3,전남광주통합특별시 목포시 양을로 42,109동옆 지상 주차장,34.801247668,126.38309876,24시간 이용가능,에버온,02,7,2
EV011371,06,전남목포 대성천년나무아파트 3,전남광주통합특별시 목포시 양을로 42,109동옆 지상 주차장,34.801247668,126.38309876,24시간 이용가능,에버온,02,7,2
EV011371,07,전남목포 대성천년나무아파트 3,전남광주통합특별시 목포시 양을로 42,109동옆 지상 주차장,34.801247668,126.38309876,24시간 이용가능,에버온,02,7,2
EV011371,08,전남목포 대성천년나무아파트 3,전남광주통합특별시 목포시 양을로 42,109동옆 지상 주차장,34.801247668,126.38309876,24시간 이용가능,에버온,02,7,2
EV011371,09,전남목포 대성천년나무아파트 3,전남광주통합특별시 목포시 양을로 42,109동옆 지상 주차장,34.801247668,126.38309876,24시간 이용가능,에버온,02,7,2
EV011372,01,전남목포 대성천년나무아파트 4,전남광주통합특별시 목포시 양을로 42,110동뒤 지상 주차장,34.801252885,126.38235017,24시간 이용가능,에버온,02,7,2
EV011372,02,전남목포 대성천년나무아파트 4,전남광주통합특별시 목포시 양을로 42,110동뒤 지상 주차장,34.801252885,126.38235017,24시간 이용가능,에버온,02,7,2
EV011372,03,전남목포 대성천년나무아파트 4,전남광주통합특별시 목포시 양을로 42,110동뒤 지상 주차장,34.801252885,126.38235017,24시간 이용가능,에버온,02,7,2
EV011372,04,전남목포 대성천년나무아파트 4,전남광주통합특별시 목포시 양을로 42,110동뒤 지상 주차장,34.801252885,126.38235017,24시간 이용가능,에버온,02,7,2
EV011372,05,전남목포 대성천년나무아파트 4,전남광주통합특별시 목포시 양을로 42,110동뒤 지상 주차장,34.801252885,126.38235017,24시간 이용가능,에버온,02,7,2
EV011372,06,전남목포 대성천년나무아파트 4,전남광주통합특별시 목포시 양을로 42,110동뒤 지상 주차장,34.801252885,126.38235017,24시간 이용가능,에버온,02,7,2
EV011372,07,전남목포 대성천년나무아파트 4,전남광주통합특별시 목포시 양을로 42,110동뒤 지상 주차장,34.801252885,126.38235017,24시간 이용가능,에버온,02,7,2
EV011372,08,전남목포 대성천년나무아파트 4,전남광주통합특별시 목포시 양을로 42,110동뒤 지상 주차장,34.801252885,126.38235017,24시간 이용가능,에버온,02,7,9
EV011372,09,전남목포 대성천년나무아파트 4,전남광주통합특별시 목포시 양을로 42,110동뒤 지상 주차장,34.801252885,126.38235017,24시간 이용가능,에버온,02,7,2
EV011582,01,전남목포 근화네오빌2차아파트 1,전남광주통합특별시 목포시 텃골로 19,지상1층 노인회관 앞,34.822572719,126.42028683,24시간 이용가능,에버온,02,7,3
EV011582,02,전남목포 근화네오빌2차아파트 1,전남광주통합특별시 목포시 텃골로 19,지상1층 노인회관 앞,34.822572719,126.42028683,24시간 이용가능,에버온,02,7,2
EV011582,03,전남목포 근화네오빌2차아파트 1,전남광주통합특별시 목포시 텃골로 19,지상1층 노인회관 앞,34.822572719,126.42028683,24시간 이용가능,에버온,02,7,2
EV011582,04,전남목포 근화네오빌2차아파트 1,전남광주통합특별시 목포시 텃골로 19,지상1층 노인회관 앞,34.822572719,126.42028683,24시간 이용가능,에버온,02,7,2
EV011582,05,전남목포 근화네오빌2차아파트 1,전남광주통합특별시 목포시 텃골로 19,지상1층 노인회관 앞,34.822572719,126.42028683,24시간 이용가능,에버온,02,7,3
EV011582,06,전남목포 근화네오빌2차아파트 1,전남광주통합특별시 목포시 텃골로 19,지상1층 노인회관 앞,34.822572719,126.42028683,24시간 이용가능,에버온,02,7,2
EV011582,07,전남목포 근화네오빌2차아파트 1,전남광주통합특별시 목포시 텃골로 19,지상1층 노인회관 앞,34.822572719,126.42028683,24시간 이용가능,에버온,02,7,2
EV011582,08,전남목포 근화네오빌2차아파트 1,전남광주통합특별시 목포시 텃골로 19,지상1층 노인회관 앞,34.822572719,126.42028683,24시간 이용가능,에버온,02,7,2
EV011582,09,전남목포 근화네오빌2차아파트 1,전남광주통합특별시 목포시 텃골로 19,지상1층 노인회관 앞,34.822572719,126.42028683,24시간 이용가능,에버온,02,7,2
EV011706,01,전남목포 신안관광㈜ 신안비치호텔,전남광주통합특별시 목포시 해안로 2,지상1층 야외주차장,34.7859385,126.3685038,24시간 이용가능,에버온,02,7,2
EV011706,02,전남목포 신안관광㈜ 신안비치호텔,전남광주통합특별시 목포시 해안로 2,지상1층 야외주차장,34.7859385,126.3685038,24시간 이용가능,에버온,02,7,2
EV011706,03,전남목포 신안관광㈜ 신안비치호텔,전남광주통합특별시 목포시 해안로 2,지상1층 야외주차장,34.7859385,126.3685038,24시간 이용가능,에버온,02,7,2
EV011706,04,전남목포 신안관광㈜ 신안비치호텔,전남광주통합특별시 목포시 해안로 2,지상1층 야외주차장,34.7859385,126.3685038,24시간 이용가능,에버온,02,7,2
EV011706,05,전남목포 신안관광㈜ 신안비치호텔,전남광주통합특별시 목포시 해안로 2,지상1층 야외주차장,34.7859385,126.3685038,24시간 이용가능,에버온,02,7,2
EV011706,06,전남목포 신안관광㈜ 신안비치호텔,전남광주통합특별시 목포시 해안로 2,지상1층 야외주차장,34.7859385,126.3685038,24시간 이용가능,에버온,02,7,2
EV011706,07,전남목포 신안관광㈜ 신안비치호텔,전남광주통합특별시 목포시 해안로 2,지상1층 야외주차장,34.7859385,126.3685038,24시간 이용가능,에버온,02,7,2
EV011706,08,전남목포 신안관광㈜ 신안비치호텔,전남광주통합특별시 목포시 해안로 2,지상1층 야외주차장,34.7859385,126.3685038,24시간 이용가능,에버온,02,7,2
EV011706,09,전남목포 신안관광㈜ 신안비치호텔,전남광주통합특별시 목포시 해안로 2,지상1층 야외주차장,34.7859385,126.3685038,24시간 이용가능,에버온,02,7,2
EV011731,01,전남목포 현대청호아파트,전남광주통합특별시 목포시 산정로203번길 29,지상1층주차장,34.8046935,126.3873493,24시간 이용가능,에버온,02,7,2
EV011732,01,전남목포 산정현대아파트,전남광주통합특별시 목포시 산정로203번길 24,지상1층 주차장,34.805224311,126.38771375,24시간 이용가능,에버온,02,7,2
EV011875,01,전남목포 근화네오빌2차아파트 2,전남광주통합특별시 목포시 텃골로 19,205동 뒷편 우측 ( 분전함 근처 ),34.822626391,126.42001133,24시간 이용가능,에버온,02,7,2
EV011875,02,전남목포 근화네오빌2차아파트 2,전남광주통합특별시 목포시 텃골로 19,205동 뒷편 우측 ( 분전함 근처 ),34.822626391,126.42001133,24시간 이용가능,에버온,02,7,2
EV011875,03,전남목포 근화네오빌2차아파트 2,전남광주통합특별시 목포시 텃골로 19,205동 뒷편 우측 ( 분전함 근처 ),34.822626391,126.42001133,24시간 이용가능,에버온,02,7,2
EV011875,04,전남목포 근화네오빌2차아파트 2,전남광주통합특별시 목포시 텃골로 19,205동 뒷편 우측 ( 분전함 근처 ),34.822626391,126.42001133,24시간 이용가능,에버온,02,7,2
EV011875,05,전남목포 근화네오빌2차아파트 2,전남광주통합특별시 목포시 텃골로 19,205동 뒷편 우측 ( 분전함 근처 ),34.822626391,126.42001133,24시간 이용가능,에버온,02,7,2
EV011875,06,전남목포 근화네오빌2차아파트 2,전남광주통합특별시 목포시 텃골로 19,205동 뒷편 우측 ( 분전함 근처 ),34.822626391,126.42001133,24시간 이용가능,에버온,02,7,2
EV011875,07,전남목포 근화네오빌2차아파트 2,전남광주통합특별시 목포시 텃골로 19,205동 뒷편 우측 ( 분전함 근처 ),34.822626391,126.42001133,24시간 이용가능,에버온,02,7,2
EV011875,08,전남목포 근화네오빌2차아파트 2,전남광주통합특별시 목포시 텃골로 19,205동 뒷편 우측 ( 분전함 근처 ),34.822626391,126.42001133,24시간 이용가능,에버온,02,7,2
EV011875,09,전남목포 근화네오빌2차아파트 2,전남광주통합특별시 목포시 텃골로 19,205동 뒷편 우측 ( 분전함 근처 ),34.822626391,126.42001133,24시간 이용가능,에버온,02,7,2
EV011876,01,전남목포 근화네오빌2차아파트 3,전남광주통합특별시 목포시 텃골로 19,205동 뒷편 좌측 ( 입구 ),34.822626391,126.42001133,24시간 이용가능,에버온,02,7,2
EV011876,02,전남목포 근화네오빌2차아파트 3,전남광주통합특별시 목포시 텃골로 19,205동 뒷편 좌측 ( 입구 ),34.822626391,126.42001133,24시간 이용가능,에버온,02,7,9
EV011876,03,전남목포 근화네오빌2차아파트 3,전남광주통합특별시 목포시 텃골로 19,205동 뒷편 좌측 ( 입구 ),34.822626391,126.42001133,24시간 이용가능,에버온,02,7,2
EV011876,04,전남목포 근화네오빌2차아파트 3,전남광주통합특별시 목포시 텃골로 19,205동 뒷편 좌측 ( 입구 ),34.822626391,126.42001133,24시간 이용가능,에버온,02,7,2
EV011876,05,전남목포 근화네오빌2차아파트 3,전남광주통합특별시 목포시 텃골로 19,205동 뒷편 좌측 ( 입구 ),34.822626391,126.42001133,24시간 이용가능,에버온,02,7,2
EV012013,01,전남목포 가톨릭대학교,전남광주통합특별시 목포시 영산로 697,야외주차장,34.827276676,126.41989740,24시간 이용가능,에버온,02,7,2
EV012013,02,전남목포 가톨릭대학교,전남광주통합특별시 목포시 영산로 697,야외주차장,34.827276676,126.41989740,24시간 이용가능,에버온,02,7,2
EV012013,03,전남목포 가톨릭대학교,전남광주통합특별시 목포시 영산로 697,야외주차장,34.827276676,126.41989740,24시간 이용가능,에버온,02,7,3
EV012127,01,전남목포 대화파크,전남광주통합특별시 목포시 안장산로 44-2,A동 지하주차장 입구,34.799992626,126.40568111,24시간 이용가능,에버온,02,7,2
EV012127,02,전남목포 대화파크,전남광주통합특별시 목포시 안장산로 44-2,A동 지하주차장 입구,34.799992626,126.40568111,24시간 이용가능,에버온,02,7,2
EV012761,01,전남목포 중앙하이츠 1,전남광주통합특별시 목포시 양을로41번길 40,,34.8042804,126.3812238,24시간 이용가능,에버온,02,7,2
EV012761,02,전남목포 중앙하이츠 1,전남광주통합특별시 목포시 양을로41번길 40,,34.8042804,126.3812238,24시간 이용가능,에버온,02,7,3
EV012761,03,전남목포 중앙하이츠 1,전남광주통합특별시 목포시 양을로41번길 40,,34.8042804,126.3812238,24시간 이용가능,에버온,02,7,2
EV012761,04,전남목포 중앙하이츠 1,전남광주통합특별시 목포시 양을로41번길 40,,34.8042804,126.3812238,24시간 이용가능,에버온,02,7,2
EV012762,01,전남목포 중앙하이츠 2,전남광주통합특별시 목포시 양을로41번길 40,,34.8047859,126.3804824,24시간 이용가능,에버온,02,7,2
EV012762,02,전남목포 중앙하이츠 2,전남광주통합특별시 목포시 양을로41번길 40,,34.8047859,126.3804824,24시간 이용가능,에버온,02,7,2
EV012762,03,전남목포 중앙하이츠 2,전남광주통합특별시 목포시 양을로41번길 40,,34.8047859,126.3804824,24시간 이용가능,에버온,02,7,3
EV012763,01,전남목포 중앙하이츠 3,전남광주통합특별시 목포시 양을로41번길 40,,34.8039672,126.3799094,24시간 이용가능,에버온,02,7,2
EV012763,02,전남목포 중앙하이츠 3,전남광주통합특별시 목포시 양을로41번길 40,,34.8039672,126.3799094,24시간 이용가능,에버온,02,7,2
EV012763,03,전남목포 중앙하이츠 3,전남광주통합특별시 목포시 양을로41번길 40,,34.8039672,126.3799094,24시간 이용가능,에버온,02,7,2
EV013205,01,전남목포 내트럭하우스 목포사업소,전남광주통합특별시 목포시 대양산단로 154 (대양동),상가 건물우측 주차장,34.8358041,126.4046249,24시간 이용가능,에버온,04,100,2
EV013205,02,전남목포 내트럭하우스 목포사업소,전남광주통합특별시 목포시 대양산단로 154 (대양동),상가 건물우측 주차장,34.8358041,126.4046249,24시간 이용가능,에버온,04,100,2
EV013205,03,전남목포 내트럭하우스 목포사업소,전남광주통합특별시 목포시 대양산단로 154 (대양동),상가 건물우측 주차장,34.8358041,126.4046249,24시간 이용가능,에버온,02,7,2
EV013205,04,전남목포 내트럭하우스 목포사업소,전남광주통합특별시 목포시 대양산단로 154 (대양동),상가 건물우측 주차장,34.8358041,126.4046249,24시간 이용가능,에버온,02,7,2
EV013205,05,전남목포 내트럭하우스 목포사업소,전남광주통합특별시 목포시 대양산단로 154 (대양동),상가 건물우측 주차장,34.8358041,126.4046249,24시간 이용가능,에버온,02,7,2
EV013205,06,전남목포 내트럭하우스 목포사업소,전남광주통합특별시 목포시 대양산단로 154 (대양동),상가 건물우측 주차장,34.8358041,126.4046249,24시간 이용가능,에버온,02,7,2
EV013205,07,전남목포 내트럭하우스 목포사업소,전남광주통합특별시 목포시 대양산단로 154 (대양동),상가 건물우측 주차장,34.8358041,126.4046249,24시간 이용가능,에버온,02,7,2
EV013205,08,전남목포 내트럭하우스 목포사업소,전남광주통합특별시 목포시 대양산단로 154 (대양동),상가 건물우측 주차장,34.8358041,126.4046249,24시간 이용가능,에버온,02,7,2
EV013205,09,전남목포 내트럭하우스 목포사업소,전남광주통합특별시 목포시 대양산단로 154 (대양동),상가 건물우측 주차장,34.8358041,126.4046249,24시간 이용가능,에버온,02,7,2
EV013205,10,전남목포 내트럭하우스 목포사업소,전남광주통합특별시 목포시 대양산단로 154 (대양동),상가 건물우측 주차장,34.8358041,126.4046249,24시간 이용가능,에버온,02,7,2
EV013205,11,전남목포 내트럭하우스 목포사업소,전남광주통합특별시 목포시 대양산단로 154 (대양동),상가 건물우측 주차장,34.8358041,126.4046249,24시간 이용가능,에버온,02,7,2
EV013205,12,전남목포 내트럭하우스 목포사업소,전남광주통합특별시 목포시 대양산단로 154 (대양동),상가 건물우측 주차장,34.8358041,126.4046249,24시간 이용가능,에버온,02,7,3
EV013205,13,전남목포 내트럭하우스 목포사업소,전남광주통합특별시 목포시 대양산단로 154 (대양동),상가 건물우측 주차장,34.8358041,126.4046249,24시간 이용가능,에버온,02,7,2
EV013205,14,전남목포 내트럭하우스 목포사업소,전남광주통합특별시 목포시 대양산단로 154 (대양동),상가 건물우측 주차장,34.8358041,126.4046249,24시간 이용가능,에버온,02,7,2
EV013205,15,전남목포 내트럭하우스 목포사업소,전남광주통합특별시 목포시 대양산단로 154 (대양동),상가 건물우측 주차장,34.8358041,126.4046249,24시간 이용가능,에버온,02,7,2
EV013205,16,전남목포 내트럭하우스 목포사업소,전남광주통합특별시 목포시 대양산단로 154 (대양동),상가 건물우측 주차장,34.8358041,126.4046249,24시간 이용가능,에버온,02,7,2
EV013205,17,전남목포 내트럭하우스 목포사업소,전남광주통합특별시 목포시 대양산단로 154 (대양동),상가 건물우측 주차장,34.8358041,126.4046249,24시간 이용가능,에버온,02,7,2
EV013205,18,전남목포 내트럭하우스 목포사업소,전남광주통합특별시 목포시 대양산단로 154 (대양동),상가 건물우측 주차장,34.8358041,126.4046249,24시간 이용가능,에버온,02,7,2
EV013205,19,전남목포 내트럭하우스 목포사업소,전남광주통합특별시 목포시 대양산단로 154 (대양동),상가 건물우측 주차장,34.8358041,126.4046249,24시간 이용가능,에버온,02,7,2
EV013205,20,전남목포 내트럭하우스 목포사업소,전남광주통합특별시 목포시 대양산단로 154 (대양동),상가 건물우측 주차장,34.8358041,126.4046249,24시간 이용가능,에버온,02,7,2
EV013697,01,전남목포 국민은행 목포종합금융센터,전남광주통합특별시 목포시 백년대로 310 (상동),지하1층 출차램프 앞,34.8041013,126.4216303,24시간 이용가능,에버온,02,7,3
EV014241,01,전남목포 용해동아아파트,전남광주통합특별시 목포시 삼학로 303-3,,34.7972868,126.4077473,24시간 이용가능,에버온,02,7,2
EV014241,02,전남목포 용해동아아파트,전남광주통합특별시 목포시 삼학로 303-3,,34.7972868,126.4077473,24시간 이용가능,에버온,02,7,2
EV014241,03,전남목포 용해동아아파트,전남광주통합특별시 목포시 삼학로 303-3,,34.7972868,126.4077473,24시간 이용가능,에버온,02,7,2
EV014241,04,전남목포 용해동아아파트,전남광주통합특별시 목포시 삼학로 303-3,,34.7972868,126.4077473,24시간 이용가능,에버온,02,7,2
EV014241,05,전남목포 용해동아아파트,전남광주통합특별시 목포시 삼학로 303-3,,34.7972868,126.4077473,24시간 이용가능,에버온,02,7,2
EV014241,06,전남목포 용해동아아파트,전남광주통합특별시 목포시 삼학로 303-3,,34.7972868,126.4077473,24시간 이용가능,에버온,02,7,2
EV014241,07,전남목포 용해동아아파트,전남광주통합특별시 목포시 삼학로 303-3,,34.7972868,126.4077473,24시간 이용가능,에버온,02,7,2
EV014241,08,전남목포 용해동아아파트,전남광주통합특별시 목포시 삼학로 303-3,,34.7972868,126.4077473,24시간 이용가능,에버온,02,7,2
EV014241,09,전남목포 용해동아아파트,전남광주통합특별시 목포시 삼학로 303-3,,34.7972868,126.4077473,24시간 이용가능,에버온,02,7,2
EV014267,01,전남목포 신안비치팔레스2차아파트,전남광주통합특별시 목포시 청호로220번길 5,201동 뒤 지상 주차장,34.8096518,126.3700458,24시간 이용가능,에버온,02,7,2
EV014267,02,전남목포 신안비치팔레스2차아파트,전남광주통합특별시 목포시 청호로220번길 5,201동 뒤 지상 주차장,34.8096518,126.3700458,24시간 이용가능,에버온,02,7,2
EV014267,03,전남목포 신안비치팔레스2차아파트,전남광주통합특별시 목포시 청호로220번길 5,201동 뒤 지상 주차장,34.8096518,126.3700458,24시간 이용가능,에버온,02,7,2
EV014268,01,전남목포 대송에이스빌아파트,전남광주통합특별시 목포시 고하대로 707,상가동 옆 지상 주차장,34.8100043,126.3733428,24시간 이용가능,에버온,02,7,2
EV014268,02,전남목포 대송에이스빌아파트,전남광주통합특별시 목포시 고하대로 707,상가동 옆 지상 주차장,34.8100043,126.3733428,24시간 이용가능,에버온,02,7,2
EV014268,03,전남목포 대송에이스빌아파트,전남광주통합특별시 목포시 고하대로 707,상가동 옆 지상 주차장,34.8100043,126.3733428,24시간 이용가능,에버온,02,7,2
EV014285,01,전남목포 용해동아아파트 2,전남광주통합특별시 목포시 삼학로 303-3,201동 뒤 지상 주차장,34.7972973,126.4080532,24시간 이용가능,에버온,02,7,2
EV014285,02,전남목포 용해동아아파트 2,전남광주통합특별시 목포시 삼학로 303-3,201동 뒤 지상 주차장,34.7972973,126.4080532,24시간 이용가능,에버온,02,7,2
EV014285,03,전남목포 용해동아아파트 2,전남광주통합특별시 목포시 삼학로 303-3,201동 뒤 지상 주차장,34.7972973,126.4080532,24시간 이용가능,에버온,02,7,2
EV014285,04,전남목포 용해동아아파트 2,전남광주통합특별시 목포시 삼학로 303-3,201동 뒤 지상 주차장,34.7972973,126.4080532,24시간 이용가능,에버온,02,7,2
EV014754,01,전남목포 골드디움5차아파트 1,전남광주통합특별시 목포시 용해지구로88번길 23,504동 앞 주차장 (지상),34.8213348,126.3946883,24시간 이용가능,에버온,02,7,2
EV014754,02,전남목포 골드디움5차아파트 1,전남광주통합특별시 목포시 용해지구로88번길 23,504동 앞 주차장 (지상),34.8213348,126.3946883,24시간 이용가능,에버온,02,7,2
EV014754,03,전남목포 골드디움5차아파트 1,전남광주통합특별시 목포시 용해지구로88번길 23,504동 앞 주차장 (지상),34.8213348,126.3946883,24시간 이용가능,에버온,02,7,3
EV014755,01,전남목포 골드디움5차아파트 2,전남광주통합특별시 목포시 용해지구로88번길 23,506동 앞 주차장 (지상),34.8214295,126.3956058,24시간 이용가능,에버온,02,7,2
EV014755,02,전남목포 골드디움5차아파트 2,전남광주통합특별시 목포시 용해지구로88번길 23,506동 앞 주차장 (지상),34.8214295,126.3956058,24시간 이용가능,에버온,02,7,2
EV014755,03,전남목포 골드디움5차아파트 2,전남광주통합특별시 목포시 용해지구로88번길 23,506동 앞 주차장 (지상),34.8214295,126.3956058,24시간 이용가능,에버온,02,7,2
EV014756,01,전남목포 골드디움5차아파트 3,전남광주통합특별시 목포시 용해지구로88번길 23,508동 앞 주차장 (지하),34.8206287,126.3958849,24시간 이용가능,에버온,02,7,2
EV014756,02,전남목포 골드디움5차아파트 3,전남광주통합특별시 목포시 용해지구로88번길 23,508동 앞 주차장 (지하),34.8206287,126.3958849,24시간 이용가능,에버온,02,7,2
EV014756,03,전남목포 골드디움5차아파트 3,전남광주통합특별시 목포시 용해지구로88번길 23,508동 앞 주차장 (지하),34.8206287,126.3958849,24시간 이용가능,에버온,02,7,2
EV014988,01,전남목포 석현5차 한국아델리움 더숲아파트 1,전남광주통합특별시 목포시 영산로609번길 30,501동 앞 지상주차장,34.8204097,126.4184725,24시간 이용가능,에버온,02,7,2
EV014988,02,전남목포 석현5차 한국아델리움 더숲아파트 1,전남광주통합특별시 목포시 영산로609번길 30,501동 앞 지상주차장,34.8204097,126.4184725,24시간 이용가능,에버온,02,7,2
EV014988,03,전남목포 석현5차 한국아델리움 더숲아파트 1,전남광주통합특별시 목포시 영산로609번길 30,501동 앞 지상주차장,34.8204097,126.4184725,24시간 이용가능,에버온,02,7,2
EV014989,01,전남목포 석현5차 한국아델리움 더숲아파트 2,전남광주통합특별시 목포시 영산로609번길 30,505동 앞 지상주차장,34.8204097,126.4184725,24시간 이용가능,에버온,02,7,2
EV014989,02,전남목포 석현5차 한국아델리움 더숲아파트 2,전남광주통합특별시 목포시 영산로609번길 30,505동 앞 지상주차장,34.8204097,126.4184725,24시간 이용가능,에버온,02,7,2
EV014989,03,전남목포 석현5차 한국아델리움 더숲아파트 2,전남광주통합특별시 목포시 영산로609번길 30,505동 앞 지상주차장,34.8204097,126.4184725,24시간 이용가능,에버온,02,7,3
EV015872,01,전남목포 해상케이블카 고하도 승강장 주차장,전남광주통합특별시 목포시 고하도안길 168 (달동),주차장 입구 우측,34.7727566,126.3621039,24시간 이용가능,에버온,02,7,2
EV015872,02,전남목포 해상케이블카 고하도 승강장 주차장,전남광주통합특별시 목포시 고하도안길 168 (달동),주차장 입구 우측,34.7727566,126.3621039,24시간 이용가능,에버온,02,7,2
EV015872,03,전남목포 해상케이블카 고하도 승강장 주차장,전남광주통합특별시 목포시 고하도안길 168 (달동),주차장 입구 우측,34.7727566,126.3621039,24시간 이용가능,에버온,02,7,2
EV015872,04,전남목포 해상케이블카 고하도 승강장 주차장,전남광주통합특별시 목포시 고하도안길 168 (달동),주차장 입구 우측,34.7727566,126.3621039,24시간 이용가능,에버온,02,7,2
EV015872,05,전남목포 해상케이블카 고하도 승강장 주차장,전남광주통합특별시 목포시 고하도안길 168 (달동),주차장 입구 우측,34.7727566,126.3621039,24시간 이용가능,에버온,02,7,2
EV015872,06,전남목포 해상케이블카 고하도 승강장 주차장,전남광주통합특별시 목포시 고하도안길 168 (달동),주차장 입구 우측,34.7727566,126.3621039,24시간 이용가능,에버온,02,7,2
EV015872,07,전남목포 해상케이블카 고하도 승강장 주차장,전남광주통합특별시 목포시 고하도안길 168 (달동),주차장 입구 우측,34.7727566,126.3621039,24시간 이용가능,에버온,02,7,2
EV015872,08,전남목포 해상케이블카 고하도 승강장 주차장,전남광주통합특별시 목포시 고하도안길 168 (달동),주차장 입구 우측,34.7727566,126.3621039,24시간 이용가능,에버온,02,7,2
EV015872,09,전남목포 해상케이블카 고하도 승강장 주차장,전남광주통합특별시 목포시 고하도안길 168 (달동),주차장 입구 우측,34.7727566,126.3621039,24시간 이용가능,에버온,02,7,2
EV015872,10,전남목포 해상케이블카 고하도 승강장 주차장,전남광주통합특별시 목포시 고하도안길 168 (달동),주차장 입구 우측,34.7727566,126.3621039,24시간 이용가능,에버온,02,7,2
EV015872,11,전남목포 해상케이블카 고하도 승강장 주차장,전남광주통합특별시 목포시 고하도안길 168 (달동),주차장 입구 우측,34.7727566,126.3621039,24시간 이용가능,에버온,02,7,2
EV015872,12,전남목포 해상케이블카 고하도 승강장 주차장,전남광주통합특별시 목포시 고하도안길 168 (달동),주차장 입구 우측,34.7727566,126.3621039,24시간 이용가능,에버온,02,7,2
EV015872,13,전남목포 해상케이블카 고하도 승강장 주차장,전남광주통합특별시 목포시 고하도안길 168 (달동),주차장 입구 우측,34.7727566,126.3621039,24시간 이용가능,에버온,02,7,2
EV015872,14,전남목포 해상케이블카 고하도 승강장 주차장,전남광주통합특별시 목포시 고하도안길 168 (달동),주차장 입구 우측,34.7727566,126.3621039,24시간 이용가능,에버온,02,7,2
EV015872,15,전남목포 해상케이블카 고하도 승강장 주차장,전남광주통합특별시 목포시 고하도안길 168 (달동),주차장 입구 우측,34.7727566,126.3621039,24시간 이용가능,에버온,02,7,2
EV015872,16,전남목포 해상케이블카 고하도 승강장 주차장,전남광주통합특별시 목포시 고하도안길 168 (달동),주차장 입구 우측,34.7727566,126.3621039,24시간 이용가능,에버온,02,7,2
EV015872,17,전남목포 해상케이블카 고하도 승강장 주차장,전남광주통합특별시 목포시 고하도안길 168 (달동),주차장 입구 우측,34.7727566,126.3621039,24시간 이용가능,에버온,02,7,2
EV015872,18,전남목포 해상케이블카 고하도 승강장 주차장,전남광주통합특별시 목포시 고하도안길 168 (달동),주차장 입구 우측,34.7727566,126.3621039,24시간 이용가능,에버온,02,7,2
EV015872,19,전남목포 해상케이블카 고하도 승강장 주차장,전남광주통합특별시 목포시 고하도안길 168 (달동),주차장 입구 우측,34.7727566,126.3621039,24시간 이용가능,에버온,02,7,2
EV015873,01,전남목포 해상케이블카 북항 승강장 주차장,전남광주통합특별시 목포시 해양대학로 218 (죽교동),주차장 입구 좌측,34.7984404,126.3688530,24시간 이용가능,에버온,02,7,2
EV015873,02,전남목포 해상케이블카 북항 승강장 주차장,전남광주통합특별시 목포시 해양대학로 218 (죽교동),주차장 입구 좌측,34.7984404,126.3688530,24시간 이용가능,에버온,02,7,2
EV015873,03,전남목포 해상케이블카 북항 승강장 주차장,전남광주통합특별시 목포시 해양대학로 218 (죽교동),주차장 입구 좌측,34.7984404,126.3688530,24시간 이용가능,에버온,02,7,2
EV015873,04,전남목포 해상케이블카 북항 승강장 주차장,전남광주통합특별시 목포시 해양대학로 218 (죽교동),주차장 입구 좌측,34.7984404,126.3688530,24시간 이용가능,에버온,02,7,2
EV015873,05,전남목포 해상케이블카 북항 승강장 주차장,전남광주통합특별시 목포시 해양대학로 218 (죽교동),주차장 입구 좌측,34.7984404,126.3688530,24시간 이용가능,에버온,02,7,2
EV015873,06,전남목포 해상케이블카 북항 승강장 주차장,전남광주통합특별시 목포시 해양대학로 218 (죽교동),주차장 입구 좌측,34.7984404,126.3688530,24시간 이용가능,에버온,02,7,2
EV015873,07,전남목포 해상케이블카 북항 승강장 주차장,전남광주통합특별시 목포시 해양대학로 218 (죽교동),주차장 입구 좌측,34.7984404,126.3688530,24시간 이용가능,에버온,02,7,2
EV015873,08,전남목포 해상케이블카 북항 승강장 주차장,전남광주통합특별시 목포시 해양대학로 218 (죽교동),주차장 입구 좌측,34.7984404,126.3688530,24시간 이용가능,에버온,02,7,2
EV015873,09,전남목포 해상케이블카 북항 승강장 주차장,전남광주통합특별시 목포시 해양대학로 218 (죽교동),주차장 입구 좌측,34.7984404,126.3688530,24시간 이용가능,에버온,02,7,2
EV015873,10,전남목포 해상케이블카 북항 승강장 주차장,전남광주통합특별시 목포시 해양대학로 218 (죽교동),주차장 입구 좌측,34.7984404,126.3688530,24시간 이용가능,에버온,02,7,2
EV015873,11,전남목포 해상케이블카 북항 승강장 주차장,전남광주통합특별시 목포시 해양대학로 218 (죽교동),주차장 입구 좌측,34.7984404,126.3688530,24시간 이용가능,에버온,02,7,2
EV015873,12,전남목포 해상케이블카 북항 승강장 주차장,전남광주통합특별시 목포시 해양대학로 218 (죽교동),주차장 입구 좌측,34.7984404,126.3688530,24시간 이용가능,에버온,02,7,2
EV015873,13,전남목포 해상케이블카 북항 승강장 주차장,전남광주통합특별시 목포시 해양대학로 218 (죽교동),주차장 입구 좌측,34.7984404,126.3688530,24시간 이용가능,에버온,02,7,2
EV015873,14,전남목포 해상케이블카 북항 승강장 주차장,전남광주통합특별시 목포시 해양대학로 218 (죽교동),주차장 입구 좌측,34.7984404,126.3688530,24시간 이용가능,에버온,02,7,2
EV015873,15,전남목포 해상케이블카 북항 승강장 주차장,전남광주통합특별시 목포시 해양대학로 218 (죽교동),주차장 입구 좌측,34.7984404,126.3688530,24시간 이용가능,에버온,02,7,2
EV015873,16,전남목포 해상케이블카 북항 승강장 주차장,전남광주통합특별시 목포시 해양대학로 218 (죽교동),주차장 입구 좌측,34.7984404,126.3688530,24시간 이용가능,에버온,02,7,2
EV015873,17,전남목포 해상케이블카 북항 승강장 주차장,전남광주통합특별시 목포시 해양대학로 218 (죽교동),주차장 입구 좌측,34.7984404,126.3688530,24시간 이용가능,에버온,02,7,2
EV015873,18,전남목포 해상케이블카 북항 승강장 주차장,전남광주통합특별시 목포시 해양대학로 218 (죽교동),주차장 입구 좌측,34.7984404,126.3688530,24시간 이용가능,에버온,02,7,2
EV015873,19,전남목포 해상케이블카 북항 승강장 주차장,전남광주통합특별시 목포시 해양대학로 218 (죽교동),주차장 입구 좌측,34.7984404,126.3688530,24시간 이용가능,에버온,02,7,2
EV015873,20,전남목포 해상케이블카 북항 승강장 주차장,전남광주통합특별시 목포시 해양대학로 218 (죽교동),주차장 입구 좌측,34.7984404,126.3688530,24시간 이용가능,에버온,02,7,2
EV015873,21,전남목포 해상케이블카 북항 승강장 주차장,전남광주통합특별시 목포시 해양대학로 218 (죽교동),주차장 입구 좌측,34.7984404,126.3688530,24시간 이용가능,에버온,02,7,2
EV015873,22,전남목포 해상케이블카 북항 승강장 주차장,전남광주통합특별시 목포시 해양대학로 218 (죽교동),주차장 입구 좌측,34.7984404,126.3688530,24시간 이용가능,에버온,02,7,2
EV015996,01,전남목포 초원샤르망아파트 1,"전남광주통합특별시 목포시 옥암로96번길 15 (옥암동, 초원샤르망아파트)",101동 1~2라인 지상주차장,34.8085802,126.4279697,24시간 이용가능,에버온,02,7,2
EV015996,02,전남목포 초원샤르망아파트 1,"전남광주통합특별시 목포시 옥암로96번길 15 (옥암동, 초원샤르망아파트)",101동 1~2라인 지상주차장,34.8085802,126.4279697,24시간 이용가능,에버온,02,7,2
EV015997,01,전남목포 초원샤르망아파트 2,"전남광주통합특별시 목포시 옥암로96번길 15 (옥암동, 초원샤르망아파트)",102동 3~5라인 지상주차장,34.8085802,126.4279697,24시간 이용가능,에버온,02,7,2
EV015997,02,전남목포 초원샤르망아파트 2,"전남광주통합특별시 목포시 옥암로96번길 15 (옥암동, 초원샤르망아파트)",102동 3~5라인 지상주차장,34.8085802,126.4279697,24시간 이용가능,에버온,02,7,2
EV016004,01,전남목포 골드클래스9차아파트,"전남광주통합특별시 목포시 연산백련로1번길 111 (연산동, 골드클래스9차아파트)","905동 1,2라인 입구 앞 1대",34.8206651,126.3890042,24시간 이용가능,에버온,02,7,2
EV016727,01,전남목포 신안인스빌 4,"전남광주통합특별시 목포시 삼학로 363(용해동, 신안인스빌아파트)",103동 뒤 지상주차장,34.8029672,126.4086410,24시간 이용가능,에버온,02,7,2
EV016727,02,전남목포 신안인스빌 4,"전남광주통합특별시 목포시 삼학로 363(용해동, 신안인스빌아파트)",103동 뒤 지상주차장,34.8029672,126.4086410,24시간 이용가능,에버온,02,7,2
EV016728,01,전남목포 신안인스빌 5,"전남광주통합특별시 목포시 삼학로 363(용해동, 신안인스빌아파트)",103동 앞 지상주차장,34.8029672,126.4086410,24시간 이용가능,에버온,02,7,2
EV016728,02,전남목포 신안인스빌 5,"전남광주통합특별시 목포시 삼학로 363(용해동, 신안인스빌아파트)",103동 앞 지상주차장,34.8029672,126.4086410,24시간 이용가능,에버온,02,7,3
EV016729,01,전남목포 신안인스빌 6,"전남광주통합특별시 목포시 삼학로 363(용해동, 신안인스빌아파트)",104동 뒤 지상주차장,34.8029672,126.4086410,24시간 이용가능,에버온,02,7,2
EV016729,02,전남목포 신안인스빌 6,"전남광주통합특별시 목포시 삼학로 363(용해동, 신안인스빌아파트)",104동 뒤 지상주차장,34.8029672,126.4086410,24시간 이용가능,에버온,02,7,2
EV016730,01,전남목포 신안인스빌 7,"전남광주통합특별시 목포시 삼학로 363(용해동, 신안인스빌아파트)",107동 뒤 지상주차장,34.8029672,126.4086410,24시간 이용가능,에버온,02,7,2
EV016730,02,전남목포 신안인스빌 7,"전남광주통합특별시 목포시 삼학로 363(용해동, 신안인스빌아파트)",107동 뒤 지상주차장,34.8029672,126.4086410,24시간 이용가능,에버온,02,7,2
EV016731,01,전남목포 신안인스빌 8,"전남광주통합특별시 목포시 삼학로 363(용해동, 신안인스빌아파트)",111동 앞 지상주차장,34.8029672,126.4086410,24시간 이용가능,에버온,02,7,2
EV016731,02,전남목포 신안인스빌 8,"전남광주통합특별시 목포시 삼학로 363(용해동, 신안인스빌아파트)",111동 앞 지상주차장,34.8029672,126.4086410,24시간 이용가능,에버온,02,7,2
EV018201,01,전남목포 종원나이스빌아파트 1,전남광주통합특별시 목포시 양을로 121,101동 1~2호 앞,34.8072367,126.3842653,24시간 이용가능,에버온,02,7,3
EV018201,02,전남목포 종원나이스빌아파트 1,전남광주통합특별시 목포시 양을로 121,101동 1~2호 앞,34.8072367,126.3842653,24시간 이용가능,에버온,02,7,2
EV018202,01,전남목포 종원나이스빌아파트 2,전남광주통합특별시 목포시 양을로 121,103동 1~2호 앞,34.8072367,126.3842653,24시간 이용가능,에버온,02,7,2
EV018202,02,전남목포 종원나이스빌아파트 2,전남광주통합특별시 목포시 양을로 121,103동 1~2호 앞,34.8072367,126.3842653,24시간 이용가능,에버온,02,7,2
EV018203,01,전남목포 종원나이스빌아파트 3,전남광주통합특별시 목포시 양을로 121,102동 1~2호 앞,34.8072367,126.3842653,24시간 이용가능,에버온,02,7,2
EV018203,02,전남목포 종원나이스빌아파트 3,전남광주통합특별시 목포시 양을로 121,102동 1~2호 앞,34.8072367,126.3842653,24시간 이용가능,에버온,02,7,2
EV018204,01,전남목포 종원나이스빌아파트 4,전남광주통합특별시 목포시 양을로 121,104동 1~2호 앞,34.8072367,126.3842653,24시간 이용가능,에버온,02,7,2
EV018204,02,전남목포 종원나이스빌아파트 4,전남광주통합특별시 목포시 양을로 121,104동 1~2호 앞,34.8072367,126.3842653,24시간 이용가능,에버온,02,7,2
EV018205,01,전남목포 종원나이스빌아파트 5,전남광주통합특별시 목포시 양을로 121,106동 1~2호 앞,34.8072367,126.3842653,24시간 이용가능,에버온,02,7,2
EV018205,02,전남목포 종원나이스빌아파트 5,전남광주통합특별시 목포시 양을로 121,106동 1~2호 앞,34.8072367,126.3842653,24시간 이용가능,에버온,02,7,2
EV018205,03,전남목포 종원나이스빌아파트 5,전남광주통합특별시 목포시 양을로 121,106동 1~2호 앞,34.8072367,126.3842653,24시간 이용가능,에버온,02,7,2
EV018832,01,전남목포 우미블루빌 1,전남광주통합특별시 목포시 평화로153번길 9,302동 앞 지상주차장,34.7997341,126.4355405,24시간 이용가능,주식회사 에버온,02,7,2
EV018832,02,전남목포 우미블루빌 1,전남광주통합특별시 목포시 평화로153번길 9,302동 앞 지상주차장,34.7997341,126.4355405,24시간 이용가능,주식회사 에버온,02,7,2
EV018832,03,전남목포 우미블루빌 1,전남광주통합특별시 목포시 평화로153번길 9,302동 앞 지상주차장,34.7997341,126.4355405,24시간 이용가능,주식회사 에버온,02,7,2
EV018832,04,전남목포 우미블루빌 1,전남광주통합특별시 목포시 평화로153번길 9,302동 앞 지상주차장,34.7997341,126.4355405,24시간 이용가능,주식회사 에버온,02,7,2
EV018833,01,전남목포 우미블루빌 2,전남광주통합특별시 목포시 평화로153번길 9,306동 뒤 지상주차장,34.7997341,126.4355405,24시간 이용가능,주식회사 에버온,02,7,2
EV018833,02,전남목포 우미블루빌 2,전남광주통합특별시 목포시 평화로153번길 9,306동 뒤 지상주차장,34.7997341,126.4355405,24시간 이용가능,주식회사 에버온,02,7,2
EV018833,03,전남목포 우미블루빌 2,전남광주통합특별시 목포시 평화로153번길 9,306동 뒤 지상주차장,34.7997341,126.4355405,24시간 이용가능,주식회사 에버온,02,7,2
EV018834,01,전남목포 우미블루빌 3,전남광주통합특별시 목포시 평화로153번길 9,305동 뒤 지상주차장,34.7997341,126.4355405,24시간 이용가능,주식회사 에버온,02,7,2
EV018834,02,전남목포 우미블루빌 3,전남광주통합특별시 목포시 평화로153번길 9,305동 뒤 지상주차장,34.7997341,126.4355405,24시간 이용가능,주식회사 에버온,02,7,2
EV018834,03,전남목포 우미블루빌 3,전남광주통합특별시 목포시 평화로153번길 9,305동 뒤 지상주차장,34.7997341,126.4355405,24시간 이용가능,주식회사 에버온,02,7,2
EV019568,01,전남목포 목포용해포미타운5단지아파트 1,전남광주통합특별시 목포시 양을로 249,501동 앞 지상주차장,34.8128973,126.3964058,24시간 운영,에버온,02,7,2
EV019568,02,전남목포 목포용해포미타운5단지아파트 1,전남광주통합특별시 목포시 양을로 249,501동 앞 지상주차장,34.8128973,126.3964058,24시간 운영,에버온,02,7,2
EV019568,03,전남목포 목포용해포미타운5단지아파트 1,전남광주통합특별시 목포시 양을로 249,501동 앞 지상주차장,34.8128973,126.3964058,24시간 운영,에버온,02,7,2
EV019568,04,전남목포 목포용해포미타운5단지아파트 1,전남광주통합특별시 목포시 양을로 249,501동 앞 지상주차장,34.8128973,126.3964058,24시간 운영,에버온,02,7,2
EV019568,05,전남목포 목포용해포미타운5단지아파트 1,전남광주통합특별시 목포시 양을로 249,501동 앞 지상주차장,34.8128973,126.3964058,24시간 운영,에버온,02,7,2
EV020456,01,전남목포 상동광신프로그레스 1,전남광주통합특별시 목포시 영산로565번길 23,105동-106동 사이 주차장,34.8152046,126.4170704,24시간 이용가능,에버온,02,7,2
EV020456,02,전남목포 상동광신프로그레스 1,전남광주통합특별시 목포시 영산로565번길 23,105동-106동 사이 주차장,34.8152046,126.4170704,24시간 이용가능,에버온,02,7,2
EV020456,03,전남목포 상동광신프로그레스 1,전남광주통합특별시 목포시 영산로565번길 23,105동-106동 사이 주차장,34.8152046,126.4170704,24시간 이용가능,에버온,02,7,2
EV020456,04,전남목포 상동광신프로그레스 1,전남광주통합특별시 목포시 영산로565번길 23,105동-106동 사이 주차장,34.8152046,126.4170704,24시간 이용가능,에버온,02,7,2
EV020456,05,전남목포 상동광신프로그레스 1,전남광주통합특별시 목포시 영산로565번길 23,105동-106동 사이 주차장,34.8152046,126.4170704,24시간 이용가능,에버온,02,7,2
EV020456,06,전남목포 상동광신프로그레스 1,전남광주통합특별시 목포시 영산로565번길 23,105동-106동 사이 주차장,34.8152046,126.4170704,24시간 이용가능,에버온,02,7,2
EV020456,07,전남목포 상동광신프로그레스 1,전남광주통합특별시 목포시 영산로565번길 23,105동-106동 사이 주차장,34.8152046,126.4170704,24시간 이용가능,에버온,02,7,2
EV020456,08,전남목포 상동광신프로그레스 1,전남광주통합특별시 목포시 영산로565번길 23,105동-106동 사이 주차장,34.8152046,126.4170704,24시간 이용가능,에버온,02,7,2
EV020456,09,전남목포 상동광신프로그레스 1,전남광주통합특별시 목포시 영산로565번길 23,105동-106동 사이 주차장,34.8152046,126.4170704,24시간 이용가능,에버온,02,7,2
EV020456,10,전남목포 상동광신프로그레스 1,전남광주통합특별시 목포시 영산로565번길 23,105동-106동 사이 주차장,34.8152046,126.4170704,24시간 이용가능,에버온,02,7,2
EV020628,01,전남목포 포미타운주공2단지 1,전남광주통합특별시 목포시 포미로 22,201동 앞 지상주차장,34.8181154,126.3989417,24시간 운영,에버온,02,7,2
EV020628,02,전남목포 포미타운주공2단지 1,전남광주통합특별시 목포시 포미로 22,201동 앞 지상주차장,34.8181154,126.3989417,24시간 운영,에버온,02,7,2
EV020628,03,전남목포 포미타운주공2단지 1,전남광주통합특별시 목포시 포미로 22,201동 앞 지상주차장,34.8181154,126.3989417,24시간 운영,에버온,02,7,2
EV020628,04,전남목포 포미타운주공2단지 1,전남광주통합특별시 목포시 포미로 22,201동 앞 지상주차장,34.8181154,126.3989417,24시간 운영,에버온,02,7,2
EV020629,01,전남목포 포미타운주공2단지 2,전남광주통합특별시 목포시 포미로 22,202동 앞 지상주차장,34.8185613,126.3988729,24시간 운영,에버온,02,7,2
EV020629,02,전남목포 포미타운주공2단지 2,전남광주통합특별시 목포시 포미로 22,202동 앞 지상주차장,34.8185613,126.3988729,24시간 운영,에버온,02,7,2
EV020629,03,전남목포 포미타운주공2단지 2,전남광주통합특별시 목포시 포미로 22,202동 앞 지상주차장,34.8185613,126.3988729,24시간 운영,에버온,02,7,2
EV020629,04,전남목포 포미타운주공2단지 2,전남광주통합특별시 목포시 포미로 22,202동 앞 지상주차장,34.8185613,126.3988729,24시간 운영,에버온,02,7,2
EV020630,01,전남목포 포미타운주공2단지 3,전남광주통합특별시 목포시 포미로 22,204동 앞 지상주차장,34.8195067,126.3986693,24시간 운영,에버온,02,7,2
EV020630,02,전남목포 포미타운주공2단지 3,전남광주통합특별시 목포시 포미로 22,204동 앞 지상주차장,34.8195067,126.3986693,24시간 운영,에버온,02,7,2
EV020630,03,전남목포 포미타운주공2단지 3,전남광주통합특별시 목포시 포미로 22,204동 앞 지상주차장,34.8195067,126.3986693,24시간 운영,에버온,02,7,2
EV020630,04,전남목포 포미타운주공2단지 3,전남광주통합특별시 목포시 포미로 22,204동 앞 지상주차장,34.8195067,126.3986693,24시간 운영,에버온,02,7,2
EV020630,05,전남목포 포미타운주공2단지 3,전남광주통합특별시 목포시 포미로 22,204동 앞 지상주차장,34.8195067,126.3986693,24시간 운영,에버온,02,7,2
EV020630,06,전남목포 포미타운주공2단지 3,전남광주통합특별시 목포시 포미로 22,204동 앞 지상주차장,34.8195067,126.3986693,24시간 운영,에버온,02,7,2
EV020631,01,전남목포 포미타운주공2단지 4,전남광주통합특별시 목포시 포미로 22,206동 앞 지상주차장,34.8203835,126.3982531,24시간 운영,에버온,02,7,2
EV020631,02,전남목포 포미타운주공2단지 4,전남광주통합특별시 목포시 포미로 22,206동 앞 지상주차장,34.8203835,126.3982531,24시간 운영,에버온,02,7,2
EV020631,03,전남목포 포미타운주공2단지 4,전남광주통합특별시 목포시 포미로 22,206동 앞 지상주차장,34.8203835,126.3982531,24시간 운영,에버온,02,7,2
EV020631,04,전남목포 포미타운주공2단지 4,전남광주통합특별시 목포시 포미로 22,206동 앞 지상주차장,34.8203835,126.3982531,24시간 운영,에버온,02,7,2
EV020631,05,전남목포 포미타운주공2단지 4,전남광주통합특별시 목포시 포미로 22,206동 앞 지상주차장,34.8203835,126.3982531,24시간 운영,에버온,02,7,3
EV020631,06,전남목포 포미타운주공2단지 4,전남광주통합특별시 목포시 포미로 22,206동 앞 지상주차장,34.8203835,126.3982531,24시간 운영,에버온,02,7,2
EV020785,01,"전남목포 상동3,4단지아파트 1",전남광주통합특별시 목포시 상동로 64,301동 앞 지상주차장,34.8157579,126.4131784,24시간 운영,에버온,02,7,2
EV020785,02,"전남목포 상동3,4단지아파트 1",전남광주통합특별시 목포시 상동로 64,301동 앞 지상주차장,34.8157579,126.4131784,24시간 운영,에버온,02,7,2
EV020785,03,"전남목포 상동3,4단지아파트 1",전남광주통합특별시 목포시 상동로 64,301동 앞 지상주차장,34.8157579,126.4131784,24시간 운영,에버온,02,7,2
EV020785,04,"전남목포 상동3,4단지아파트 1",전남광주통합특별시 목포시 상동로 64,301동 앞 지상주차장,34.8157579,126.4131784,24시간 운영,에버온,02,7,2
EV020788,01,전남목포 연산주공1단지아파트 1,전남광주통합특별시 목포시 원산중앙로 108,101동 10라인 뒤 지상주차장,34.8120174,126.3818327,24시간 운영,에버온,02,7,2
EV020788,02,전남목포 연산주공1단지아파트 1,전남광주통합특별시 목포시 원산중앙로 108,101동 10라인 뒤 지상주차장,34.8120174,126.3818327,24시간 운영,에버온,02,7,2
EV020788,03,전남목포 연산주공1단지아파트 1,전남광주통합특별시 목포시 원산중앙로 108,101동 10라인 뒤 지상주차장,34.8120174,126.3818327,24시간 운영,에버온,02,7,2
EV020789,01,전남목포 상동1단지아파트 1,전남광주통합특별시 목포시 상동로 63,"107동 1,4라인 앞 지상주차장",34.8155078,126.4122484,24시간 운영,에버온,02,7,3
EV020789,02,전남목포 상동1단지아파트 1,전남광주통합특별시 목포시 상동로 63,"107동 1,4라인 앞 지상주차장",34.8155078,126.4122484,24시간 운영,에버온,02,7,2
EV020789,03,전남목포 상동1단지아파트 1,전남광주통합특별시 목포시 상동로 63,"107동 1,4라인 앞 지상주차장",34.8155078,126.4122484,24시간 운영,에버온,02,7,3
EZ000043,01,호텔 디오션,전남광주통합특별시 목포시 신항로276번길 40,주차장,34.7559438,126.3573497,24시간 이용가능,차지인,02,7,9
EZ000045,01,시티 호텔,전남광주통합특별시 목포시 번영로 26,주차장,34.8017974,126.4294140,24시간 이용가능,차지인,02,7,9
EZ000047,01,나인호텔,전남광주통합특별시 목포시 비파로108번길 7,호텔 주차장,34.8080702,126.4242911,24시간 이용가능,차지인,02,7,9
EZ000049,02,500호 모텔,전남광주통합특별시 목포시 평화로140번길 22,전기차 충전소 주차장,34.8017143,126.4368239,24시간 이용가능,차지인,02,7,9
EZ000162,01,유토피아 가족호텔,전남광주통합특별시 목포시 평화로 65-9,건물 좌측 벽면 건물계량기함 우측,34.796982,126.4319547,24시간 이용가능,차지인,02,7,9
EZ001180,01,몰디브호텔,전남광주통합특별시 목포시 옥암로46번길 37,옥외주차장 우측 끝,34.8054930,126.4327093,24시간 이용가능,(주)차지인,02,7,9
EZ001180,02,몰디브호텔,전남광주통합특별시 목포시 옥암로46번길 37,옥외주차장 우측 끝,34.8054930,126.4327093,24시간 이용가능,(주)차지인,02,7,9
EZ001181,01,목포가족관광호텔,전남광주통합특별시 목포시 호남로64번길 28,지하주차장 졍면 우측 벽면,34.7920244,126.3846415,24시간 이용가능,(주)차지인,02,7,9
EZ001181,02,목포가족관광호텔,전남광주통합특별시 목포시 호남로64번길 28,지하주차장 졍면 우측 벽면,34.7920244,126.3846415,24시간 이용가능,(주)차지인,02,7,9
EZ001593,01,한국지엠목포부품대리점,전남광주통합특별시 목포시 삼각로43번길 4,건물 우측 벽면,34.8041833,126.4186348,24시간 이용가능,(주)차지인,02,7,9
EZ001854,01,전남기아공업,전남광주통합특별시 목포시 대양산단로97번길 42-10,주차장,34.8323495,126.400173,24시간 이용가능,(주)차지인,02,7,9
EZ002050,01,유한회사 오션스테이호텔,전남광주통합특별시 목포시 북항로149번길 7,건물 우측 계단 옆 옹벽,34.8022061,126.3676963,24시간 이용가능,(주)차지인,02,7,9
EZ002052,01,서해지방해양경찰청 특공대,전남광주통합특별시 목포시 고하대로597번길 99-20,주차장,34.7996699,126.3544190,24시간 이용가능,(주)차지인,02,7,9
EZ002052,02,서해지방해양경찰청 특공대,전남광주통합특별시 목포시 고하대로597번길 99-20,주차장,34.7996699,126.3544190,24시간 이용가능,(주)차지인,02,7,9
EZ002052,03,서해지방해양경찰청 특공대,전남광주통합특별시 목포시 고하대로597번길 99-20,주차장,34.7996699,126.3544190,24시간 이용가능,(주)차지인,02,7,9
EZ002056,01,유한회사 동양종합부품,전남광주통합특별시 목포시 녹색로134번길 7,,34.8143444,126.4286864,24시간 이용가능,(주)차지인,02,7,9
EZ100009,01,엠 호텔,전남광주통합특별시 목포시 호남로64번길 13,엠 호텔 주차장,35.8777428,128.477066,24시간 이용가능,차지인,02,7,9
EZ100009,02,엠 호텔,전남광주통합특별시 목포시 호남로64번길 13,엠 호텔 주차장,35.8777428,128.477066,24시간 이용가능,차지인,02,7,9
EZ200008,01,유한회사 동양종합부품,전남광주통합특별시 목포시 녹색로134번길 7,주차장,34.814329706251,126.4289340706,24시간 이용가능,(주)차지인,02,7,9
EZ200045,01,청호시장,전남광주통합특별시 목포시 석현로 28,주차장,34.815381374582,126.4245929941,24시간 이용가능,(주)차지인,02,7,9
EZ200045,02,청호시장,전남광주통합특별시 목포시 석현로 28,주차장,34.815381374582,126.4245929941,24시간 이용가능,(주)차지인,02,7,9
GS000170,01,21세기충전소,전남광주통합특별시 목포시 삼학로 233,21세기가스,34.7919937,126.4065616,24시간 이용가능,GS칼텍스,04,200,2
GS000170,02,21세기충전소,전남광주통합특별시 목포시 삼학로 233,21세기가스,34.7919937,126.4065616,24시간 이용가능,GS칼텍스,04,200,2
HE000263,01,미르치과병원,전남광주통합특별시 목포시 백년대로 319(상동),,34.8050,126.4222,24시간 이용가능,한국전기차충전서비스,02,7,2
HE192109,01,그리스호텔,전남광주통합특별시 목포시 비파로116번길 14,주차장,34.808640,126.424627,24시간 이용가능,한국전기차충전서비스,02,7,2
HE192109,02,그리스호텔,전남광주통합특별시 목포시 비파로116번길 14,주차장,34.808640,126.424627,24시간 이용가능,한국전기차충전서비스,02,7,2
HE240359,01,부영애시앙2차아파트,전남광주통합특별시 목포시 당가두로13번길 9,부영애시앙2차아파트,34.80905,126.4354,24시간 이용가능,한국전기차충전서비스(주),02,7,2
HE240359,02,부영애시앙2차아파트,전남광주통합특별시 목포시 당가두로13번길 9,부영애시앙2차아파트,34.80905,126.4354,24시간 이용가능,한국전기차충전서비스(주),02,7,2
HE240359,03,부영애시앙2차아파트,전남광주통합특별시 목포시 당가두로13번길 9,부영애시앙2차아파트,34.80905,126.4354,24시간 이용가능,한국전기차충전서비스(주),02,7,2
HE240359,04,부영애시앙2차아파트,전남광주통합특별시 목포시 당가두로13번길 9,부영애시앙2차아파트,34.80905,126.4354,24시간 이용가능,한국전기차충전서비스(주),02,7,2
HE240359,05,부영애시앙2차아파트,전남광주통합특별시 목포시 당가두로13번길 9,부영애시앙2차아파트,34.80905,126.4354,24시간 이용가능,한국전기차충전서비스(주),02,7,2
HE240359,06,부영애시앙2차아파트,전남광주통합특별시 목포시 당가두로13번길 9,부영애시앙2차아파트,34.80905,126.4354,24시간 이용가능,한국전기차충전서비스(주),02,7,3
HM000482,01,신안인스빌아파트,전남광주통합특별시 목포시 삼학로 363,,34.803214140,126.40875574,24시간 이용가능,HUMAX EV,02,7,2
HM000482,02,신안인스빌아파트,전남광주통합특별시 목포시 삼학로 363,,34.803214140,126.40875574,24시간 이용가능,HUMAX EV,02,7,3
HM000482,03,신안인스빌아파트,전남광주통합특별시 목포시 삼학로 363,,34.803214140,126.40875574,24시간 이용가능,HUMAX EV,02,7,2
HM000482,04,신안인스빌아파트,전남광주통합특별시 목포시 삼학로 363,,34.803214140,126.40875574,24시간 이용가능,HUMAX EV,02,7,2
HM000482,05,신안인스빌아파트,전남광주통합특별시 목포시 삼학로 363,,34.803214140,126.40875574,24시간 이용가능,HUMAX EV,02,7,2
HM000651,01,목포라송센트렐카운티1차,전남광주통합특별시 목포시 양을로99번길 8,,34.805921387,126.38402895,24시간 이용가능,휴맥스이브이,02,7,2
HM000651,02,목포라송센트렐카운티1차,전남광주통합특별시 목포시 양을로99번길 8,,34.805921387,126.38402895,24시간 이용가능,휴맥스이브이,02,7,2
HM000651,03,목포라송센트렐카운티1차,전남광주통합특별시 목포시 양을로99번길 8,,34.805921387,126.38402895,24시간 이용가능,휴맥스이브이,02,7,3
HM000651,04,목포라송센트렐카운티1차,전남광주통합특별시 목포시 양을로99번길 8,,34.805921387,126.38402895,24시간 이용가능,휴맥스이브이,02,7,3
HM000651,05,목포라송센트렐카운티1차,전남광주통합특별시 목포시 양을로99번길 8,,34.805921387,126.38402895,24시간 이용가능,휴맥스이브이,02,7,2
HM001776,01,목포 세안종합병원,전남광주통합특별시 목포시 고하대로 795-2,,34.816334,126.380682,24시간 이용가능,휴맥스이브이,02,7,2
HM001776,02,목포 세안종합병원,전남광주통합특별시 목포시 고하대로 795-2,,34.816334,126.380682,24시간 이용가능,휴맥스이브이,02,7,2
HM001776,03,목포 세안종합병원,전남광주통합특별시 목포시 고하대로 795-2,,34.816334,126.380682,24시간 이용가능,휴맥스이브이,04,100,9
HM001776,04,목포 세안종합병원,전남광주통합특별시 목포시 고하대로 795-2,,34.816334,126.380682,24시간 이용가능,휴맥스이브이,04,100,9
HM001777,01,목포시의료원,전남광주통합특별시 목포시 이로로 18,,34.803662,126.40491,24시간 이용가능,휴맥스이브이,02,7,2
HM001777,02,목포시의료원,전남광주통합특별시 목포시 이로로 18,,34.803662,126.40491,24시간 이용가능,휴맥스이브이,02,7,3
HM001777,03,목포시의료원,전남광주통합특별시 목포시 이로로 18,,34.803662,126.40491,24시간 이용가능,휴맥스이브이,02,7,2
HM001777,04,목포시의료원,전남광주통합특별시 목포시 이로로 18,,34.803662,126.40491,24시간 이용가능,휴맥스이브이,04,100,9
HM001777,05,목포시의료원,전남광주통합특별시 목포시 이로로 18,,34.803662,126.40491,24시간 이용가능,휴맥스이브이,04,100,9
HM610035,17,해양경찰정비창,전남광주통합특별시 목포시 신항로 261-77,,34.7463188,126.3579834,24시간 이용가능,휴맥스이브이,02,7,2
HU610002,01,골드클래스9차 아파트,전남광주통합특별시 목포시 연산백련로1번길 111,골드클래스9차 아파트,34.8203309,126.3906356,24시간 이용가능,한솔엠에스,02,7,3
HU610002,02,골드클래스9차 아파트,전남광주통합특별시 목포시 연산백련로1번길 111,골드클래스9차 아파트,34.8203309,126.3906356,24시간 이용가능,한솔엠에스,02,7,2
HU610002,03,골드클래스9차 아파트,전남광주통합특별시 목포시 연산백련로1번길 111,골드클래스9차 아파트,34.8203309,126.3906356,24시간 이용가능,한솔엠에스,02,7,2
HU610002,04,골드클래스9차 아파트,전남광주통합특별시 목포시 연산백련로1번길 111,골드클래스9차 아파트,34.8203309,126.3906356,24시간 이용가능,한솔엠에스,02,7,2
HU610002,05,골드클래스9차 아파트,전남광주통합특별시 목포시 연산백련로1번길 111,골드클래스9차 아파트,34.8203309,126.3906356,24시간 이용가능,한솔엠에스,02,7,2
HU610002,06,골드클래스9차 아파트,전남광주통합특별시 목포시 연산백련로1번길 111,골드클래스9차 아파트,34.8203309,126.3906356,24시간 이용가능,한솔엠에스,02,7,2
HU610003,01,(주)목포농수산_HU,전남광주통합특별시 목포시 영산로 648-23,(주)목포농수산_HU,34.8217013,126.4247545,24시간 이용가능,한솔엠에스,02,7,2
HU610003,02,(주)목포농수산_HU,전남광주통합특별시 목포시 영산로 648-23,(주)목포농수산_HU,34.8217013,126.4247545,24시간 이용가능,한솔엠에스,02,7,2
HU610005,01,목포용해금호아파트,전남광주통합특별시 목포시 삼학로 331,목포용해금호아파트,34.8004558,126.4080966,24시간 이용가능,한솔엠에스,02,7,2
HU610005,02,목포용해금호아파트,전남광주통합특별시 목포시 삼학로 331,목포용해금호아파트,34.8004558,126.4080966,24시간 이용가능,한솔엠에스,02,7,2
HU610005,03,목포용해금호아파트,전남광주통합특별시 목포시 삼학로 331,목포용해금호아파트,34.8004558,126.4080966,24시간 이용가능,한솔엠에스,02,7,2
HU610005,04,목포용해금호아파트,전남광주통합특별시 목포시 삼학로 331,목포용해금호아파트,34.8004558,126.4080966,24시간 이용가능,한솔엠에스,02,7,2
HU610005,05,목포용해금호아파트,전남광주통합특별시 목포시 삼학로 331,목포용해금호아파트,34.8004558,126.4080966,24시간 이용가능,한솔엠에스,02,7,2
HU610005,06,목포용해금호아파트,전남광주통합특별시 목포시 삼학로 331,목포용해금호아파트,34.8004558,126.4080966,24시간 이용가능,한솔엠에스,02,7,2
HU610005,07,목포용해금호아파트,전남광주통합특별시 목포시 삼학로 331,목포용해금호아파트,34.8004558,126.4080966,24시간 이용가능,한솔엠에스,02,7,2
HY000121,01,로젠택배 북목포지점,전남광주통합특별시 목포시 대양산단로125번길 24,내부 상차 레일에 마주보는 양측 기둥,34.833889,126.401667,24시간 이용가능,현대엔지니어링,02,7,2
HY000121,02,로젠택배 북목포지점,전남광주통합특별시 목포시 대양산단로125번길 24,내부 상차 레일에 마주보는 양측 기둥,34.833889,126.401667,24시간 이용가능,현대엔지니어링,02,7,2
HY000121,03,로젠택배 북목포지점,전남광주통합특별시 목포시 대양산단로125번길 24,내부 상차 레일에 마주보는 양측 기둥,34.833889,126.401667,24시간 이용가능,현대엔지니어링,02,7,2
HY000121,04,로젠택배 북목포지점,전남광주통합특별시 목포시 대양산단로125번길 24,내부 상차 레일에 마주보는 양측 기둥,34.833889,126.401667,24시간 이용가능,현대엔지니어링,02,7,2
HY000121,05,로젠택배 북목포지점,전남광주통합특별시 목포시 대양산단로125번길 24,내부 상차 레일에 마주보는 양측 기둥,34.833889,126.401667,24시간 이용가능,현대엔지니어링,02,7,2
HY000121,06,로젠택배 북목포지점,전남광주통합특별시 목포시 대양산단로125번길 24,내부 상차 레일에 마주보는 양측 기둥,34.833889,126.401667,24시간 이용가능,현대엔지니어링,02,7,2
HY000240,01,한국교통안전공단 목포자동차검사소,전남광주통합특별시 목포시 옥암로 153,한국교통안전공단 목포자동차검사소,34.8119654,126.4227886,24시간 이용가능,현대엔지니어링,04,50,2
HY001252,01,목포 라송센트럴카운티,전남광주통합특별시 목포시 양을로99번길 8,103동 5-6호라인,34.8062547,126.3841589,24시간 이용가능,현대엔지니어링,02,7,2
HY001252,02,목포 라송센트럴카운티,전남광주통합특별시 목포시 양을로99번길 8,103동 5-6호라인,34.8062547,126.3841589,24시간 이용가능,현대엔지니어링,02,7,2
HY001252,03,목포 라송센트럴카운티,전남광주통합특별시 목포시 양을로99번길 8,103동 5-6호라인,34.8062547,126.3841589,24시간 이용가능,현대엔지니어링,02,7,2
HY001770,01,목포 옥암우방아이유쉘,전남광주통합특별시 목포시 하당로289번길 19,,34.812735,126.425922,24시간 이용가능,현대엔지니어링,02,7,2
HY001770,02,목포 옥암우방아이유쉘,전남광주통합특별시 목포시 하당로289번길 19,,34.812735,126.425922,24시간 이용가능,현대엔지니어링,02,7,2
HY001770,03,목포 옥암우방아이유쉘,전남광주통합특별시 목포시 하당로289번길 19,,34.812735,126.425922,24시간 이용가능,현대엔지니어링,02,7,2
HY001770,04,목포 옥암우방아이유쉘,전남광주통합특별시 목포시 하당로289번길 19,,34.812735,126.425922,24시간 이용가능,현대엔지니어링,02,7,2
HY001771,01,목포 산정동일신,전남광주통합특별시 목포시 양을로 91,,34.805234,126.384065,24시간 이용가능,현대엔지니어링,02,7,2
HY001771,02,목포 산정동일신,전남광주통합특별시 목포시 양을로 91,,34.805234,126.384065,24시간 이용가능,현대엔지니어링,02,7,2
HY001771,03,목포 산정동일신,전남광주통합특별시 목포시 양을로 91,,34.805234,126.384065,24시간 이용가능,현대엔지니어링,02,7,2
IM000158,01,용해라이프1차아파트,전남광주통합특별시 목포시 용당로 323,용해라이프아파트,34.8,126.3,24시간 이용가능,아이마켓코리아,02,7,2
IM000158,02,용해라이프1차아파트,전남광주통합특별시 목포시 용당로 323,용해라이프아파트,34.8,126.3,24시간 이용가능,아이마켓코리아,02,7,2
IM000158,03,용해라이프1차아파트,전남광주통합특별시 목포시 용당로 323,용해라이프아파트,34.8,126.3,24시간 이용가능,아이마켓코리아,02,7,2
IN061005,01,엠타운오피스텔,전남광주통합특별시 목포시 신항로276번길 6,"엠타운오피스텔 101동 앞,뒤 라인",34.7531,126.3575,24시간 이용가능,신세계아이앤씨,02,7,3
IN061005,02,엠타운오피스텔,전남광주통합특별시 목포시 신항로276번길 6,"엠타운오피스텔 101동 앞,뒤 라인",34.7531,126.3575,24시간 이용가능,신세계아이앤씨,02,7,9
IN061005,03,엠타운오피스텔,전남광주통합특별시 목포시 신항로276번길 6,"엠타운오피스텔 101동 앞,뒤 라인",34.7531,126.3575,24시간 이용가능,신세계아이앤씨,02,7,9
IN061005,04,엠타운오피스텔,전남광주통합특별시 목포시 신항로276번길 6,"엠타운오피스텔 101동 앞,뒤 라인",34.7531,126.3575,24시간 이용가능,신세계아이앤씨,02,7,9
IN061005,05,엠타운오피스텔,전남광주통합특별시 목포시 신항로276번길 6,"엠타운오피스텔 101동 앞,뒤 라인",34.7531,126.3575,24시간 이용가능,신세계아이앤씨,02,7,9
IN061005,06,엠타운오피스텔,전남광주통합특별시 목포시 신항로276번길 6,"엠타운오피스텔 101동 앞,뒤 라인",34.7531,126.3575,24시간 이용가능,신세계아이앤씨,02,7,9
IN061005,07,엠타운오피스텔,전남광주통합특별시 목포시 신항로276번길 6,"엠타운오피스텔 101동 앞,뒤 라인",34.7531,126.3575,24시간 이용가능,신세계아이앤씨,02,7,9
IN061005,08,엠타운오피스텔,전남광주통합특별시 목포시 신항로276번길 6,"엠타운오피스텔 101동 앞,뒤 라인",34.7531,126.3575,24시간 이용가능,신세계아이앤씨,02,7,9
IN061005,09,엠타운오피스텔,전남광주통합특별시 목포시 신항로276번길 6,"엠타운오피스텔 101동 앞,뒤 라인",34.7531,126.3575,24시간 이용가능,신세계아이앤씨,02,7,9
IN061005,10,엠타운오피스텔,전남광주통합특별시 목포시 신항로276번길 6,"엠타운오피스텔 101동 앞,뒤 라인",34.7531,126.3575,24시간 이용가능,신세계아이앤씨,02,7,9
IN061005,11,엠타운오피스텔,전남광주통합특별시 목포시 신항로276번길 6,"엠타운오피스텔 101동 앞,뒤 라인",34.7531,126.3575,24시간 이용가능,신세계아이앤씨,02,7,9
IN061010,01,이마트목포점,전남광주통합특별시 목포시 옥암로 138,옥상주차장,34.8114,126.4253,10:00 ~ 22:00,신세계아이앤씨,02,7,9
IN061010,02,이마트목포점,전남광주통합특별시 목포시 옥암로 138,옥상주차장,34.8114,126.4253,10:00 ~ 22:00,신세계아이앤씨,02,7,9
IN061010,03,이마트목포점,전남광주통합특별시 목포시 옥암로 138,옥상주차장,34.8114,126.4253,10:00 ~ 22:00,신세계아이앤씨,02,7,9
IN061010,04,이마트목포점,전남광주통합특별시 목포시 옥암로 138,옥상주차장,34.8114,126.4253,10:00 ~ 22:00,신세계아이앤씨,02,7,9
IN062004,01,상동광신프로그레스,전남광주통합특별시 목포시 영산로565번길 23,상동 광신프로그레스 102동 앞 지상주차장,34.8153,126.4172,24시간 이용가능,신세계아이앤씨,02,7,9
IN062004,02,상동광신프로그레스,전남광주통합특별시 목포시 영산로565번길 23,상동 광신프로그레스 102동 앞 지상주차장,34.8153,126.4172,24시간 이용가능,신세계아이앤씨,02,7,9
IN062004,03,상동광신프로그레스,전남광주통합특별시 목포시 영산로565번길 23,상동 광신프로그레스 102동 앞 지상주차장,34.8153,126.4172,24시간 이용가능,신세계아이앤씨,02,7,9
IN062004,04,상동광신프로그레스,전남광주통합특별시 목포시 영산로565번길 23,상동 광신프로그레스 102동 앞 지상주차장,34.8153,126.4172,24시간 이용가능,신세계아이앤씨,02,7,9
IN062004,05,상동광신프로그레스,전남광주통합특별시 목포시 영산로565번길 23,상동 광신프로그레스 102동 앞 지상주차장,34.8153,126.4172,24시간 이용가능,신세계아이앤씨,02,7,9
IN062004,06,상동광신프로그레스,전남광주통합특별시 목포시 영산로565번길 23,상동 광신프로그레스 102동 앞 지상주차장,34.8153,126.4172,24시간 이용가능,신세계아이앤씨,02,7,9
JA460012,01,롯데마트맥스 목포점,전남광주통합특별시 목포시 원형서로 15,롯데마트맥스 목포점 지상 4층,34.7972464,126.4294676,10:00 ~ 22:00,이브이시스,04,100,2
JA460012,02,롯데마트맥스 목포점,전남광주통합특별시 목포시 원형서로 15,롯데마트맥스 목포점 지상 4층,34.7972464,126.4294676,10:00 ~ 22:00,이브이시스,04,100,2
JA460012,03,롯데마트맥스 목포점,전남광주통합특별시 목포시 원형서로 15,롯데마트맥스 목포점 지상 4층,34.7972464,126.4294676,10:00 ~ 22:00,이브이시스,04,25,2
JA460012,04,롯데마트맥스 목포점,전남광주통합특별시 목포시 원형서로 15,롯데마트맥스 목포점 지상 4층,34.7972464,126.4294676,10:00 ~ 22:00,이브이시스,04,25,2
JA460012,05,롯데마트맥스 목포점,전남광주통합특별시 목포시 원형서로 15,롯데마트맥스 목포점 지상 4층,34.7972464,126.4294676,10:00 ~ 22:00,이브이시스,04,25,2
JA460012,06,롯데마트맥스 목포점,전남광주통합특별시 목포시 원형서로 15,롯데마트맥스 목포점 지상 4층,34.7972464,126.4294676,10:00 ~ 22:00,이브이시스,04,25,2
JA460012,07,롯데마트맥스 목포점,전남광주통합특별시 목포시 원형서로 15,롯데마트맥스 목포점 지상 4층,34.7972464,126.4294676,10:00 ~ 22:00,이브이시스,04,25,2
JA460012,08,롯데마트맥스 목포점,전남광주통합특별시 목포시 원형서로 15,롯데마트맥스 목포점 지상 4층,34.7972464,126.4294676,10:00 ~ 22:00,이브이시스,04,25,2
JA460012,09,롯데마트맥스 목포점,전남광주통합특별시 목포시 원형서로 15,롯데마트맥스 목포점 지상 4층,34.7972464,126.4294676,10:00 ~ 22:00,이브이시스,04,25,2
JA460012,10,롯데마트맥스 목포점,전남광주통합특별시 목포시 원형서로 15,롯데마트맥스 목포점 지상 4층,34.7972464,126.4294676,10:00 ~ 22:00,이브이시스,04,30,3
JA460012,11,롯데마트맥스 목포점,전남광주통합특별시 목포시 원형서로 15,롯데마트맥스 목포점 지상 4층,34.7972464,126.4294676,10:00 ~ 22:00,이브이시스,04,30,2
JA460013,01,롯데칠성음료 목포영업소,전남광주통합특별시 목포시 석현로 29,롯데칠성음료 목포영업소 지상 1층,34.8172329,126.423929,미개방,이브이시스,02,11,2
JA460020,01,목포종합운동장 제1주차장,전남광주통합특별시 목포시 대양산단로 25,목포종합운동장 제1주차장,34.8257992,126.3988258,24시간 이용가능,이브이시스,04,100,2
JA460020,02,목포종합운동장 제1주차장,전남광주통합특별시 목포시 대양산단로 25,목포종합운동장 제1주차장,34.8257992,126.3988258,24시간 이용가능,이브이시스,04,100,2
JA460020,03,목포종합운동장 제1주차장,전남광주통합특별시 목포시 대양산단로 25,목포종합운동장 제1주차장,34.8257992,126.3988258,24시간 이용가능,이브이시스,06,50,2
JA460020,04,목포종합운동장 제1주차장,전남광주통합특별시 목포시 대양산단로 25,목포종합운동장 제1주차장,34.8257992,126.3988258,24시간 이용가능,이브이시스,02,7,2
JA460020,05,목포종합운동장 제1주차장,전남광주통합특별시 목포시 대양산단로 25,목포종합운동장 제1주차장,34.8257992,126.3988258,24시간 이용가능,이브이시스,02,7,5
JA460020,06,목포종합운동장 제1주차장,전남광주통합특별시 목포시 대양산단로 25,목포종합운동장 제1주차장,34.8257992,126.3988258,24시간 이용가능,이브이시스,02,7,2
JA460054,01,롯데웰푸드 목포지점,전남광주통합특별시 목포시 석현로 13,롯데웰푸드 목포,34.8164872,126.4223694,업무시설 미개방,이브이시스,02,7,2
JA460054,02,롯데웰푸드 목포지점,전남광주통합특별시 목포시 석현로 13,롯데웰푸드 목포,34.8164872,126.4223694,업무시설 미개방,이브이시스,02,7,2
JA460054,03,롯데웰푸드 목포지점,전남광주통합특별시 목포시 석현로 13,롯데웰푸드 목포,34.8164872,126.4223694,업무시설 미개방,이브이시스,02,7,2
JA460054,04,롯데웰푸드 목포지점,전남광주통합특별시 목포시 석현로 13,롯데웰푸드 목포,34.8164872,126.4223694,업무시설 미개방,이브이시스,02,7,3
JA460054,05,롯데웰푸드 목포지점,전남광주통합특별시 목포시 석현로 13,롯데웰푸드 목포,34.8164872,126.4223694,업무시설 미개방,이브이시스,02,7,2
KE001245,01,한국전기안전공사 전남서부지사,전남광주통합특별시 목포시 호남로 72,,34.7938917,126.3865,평일 09:00~18:00,한국전기차인프라기술,02,7,3
KE001245,02,한국전기안전공사 전남서부지사,전남광주통합특별시 목포시 호남로 72,,34.7938917,126.3865,평일 09:00~18:00,한국전기차인프라기술,02,7,3
KE001245,03,한국전기안전공사 전남서부지사,전남광주통합특별시 목포시 호남로 72,,34.7938917,126.3865,평일 09:00~18:00,한국전기차인프라기술,02,7,2
KE001245,04,한국전기안전공사 전남서부지사,전남광주통합특별시 목포시 호남로 72,,34.7938917,126.3865,평일 09:00~18:00,한국전기차인프라기술,02,7,3
KE001689,01,전남목포포미타운엘에이치6단지((목포용해2)6-1BL),전남광주통합특별시 목포시 연산백련로1번길 51,포미타운엘에이치6단지,34.8156282,126.3879539,24시간 이용가능,한국전기차인프라기술,02,7,3
KE001689,02,전남목포포미타운엘에이치6단지((목포용해2)6-1BL),전남광주통합특별시 목포시 연산백련로1번길 51,포미타운엘에이치6단지,34.8156282,126.3879539,24시간 이용가능,한국전기차인프라기술,02,7,2
KE001689,03,전남목포포미타운엘에이치6단지((목포용해2)6-1BL),전남광주통합특별시 목포시 연산백련로1번길 51,포미타운엘에이치6단지,34.8156282,126.3879539,24시간 이용가능,한국전기차인프라기술,02,7,2
KE001689,04,전남목포포미타운엘에이치6단지((목포용해2)6-1BL),전남광주통합특별시 목포시 연산백련로1번길 51,포미타운엘에이치6단지,34.8156282,126.3879539,24시간 이용가능,한국전기차인프라기술,02,7,2
KE001689,05,전남목포포미타운엘에이치6단지((목포용해2)6-1BL),전남광주통합특별시 목포시 연산백련로1번길 51,포미타운엘에이치6단지,34.8156282,126.3879539,24시간 이용가능,한국전기차인프라기술,02,7,2
KE001689,06,전남목포포미타운엘에이치6단지((목포용해2)6-1BL),전남광주통합특별시 목포시 연산백련로1번길 51,포미타운엘에이치6단지,34.8156282,126.3879539,24시간 이용가능,한국전기차인프라기술,02,7,2
KE001703,01,전남목포용해포미타운주공3단지(포미3),전남광주통합특별시 목포시 관해로5번길 29,포미타운주공3단지,34.8192582,126.4000999,24시간 이용가능,한국전기차인프라기술,02,7,2
KE001703,02,전남목포용해포미타운주공3단지(포미3),전남광주통합특별시 목포시 관해로5번길 29,포미타운주공3단지,34.8192582,126.4000999,24시간 이용가능,한국전기차인프라기술,02,7,2
KE001703,03,전남목포용해포미타운주공3단지(포미3),전남광주통합특별시 목포시 관해로5번길 29,포미타운주공3단지,34.8192582,126.4000999,24시간 이용가능,한국전기차인프라기술,02,7,2
KE001703,04,전남목포용해포미타운주공3단지(포미3),전남광주통합특별시 목포시 관해로5번길 29,포미타운주공3단지,34.8192582,126.4000999,24시간 이용가능,한국전기차인프라기술,02,7,2
KE001703,05,전남목포용해포미타운주공3단지(포미3),전남광주통합특별시 목포시 관해로5번길 29,포미타운주공3단지,34.8192582,126.4000999,24시간 이용가능,한국전기차인프라기술,02,7,2
KE001703,06,전남목포용해포미타운주공3단지(포미3),전남광주통합특별시 목포시 관해로5번길 29,포미타운주공3단지,34.8192582,126.4000999,24시간 이용가능,한국전기차인프라기술,02,7,2
KE001703,07,전남목포용해포미타운주공3단지(포미3),전남광주통합특별시 목포시 관해로5번길 29,포미타운주공3단지,34.8192582,126.4000999,24시간 이용가능,한국전기차인프라기술,02,7,2
KE001703,08,전남목포용해포미타운주공3단지(포미3),전남광주통합특별시 목포시 관해로5번길 29,포미타운주공3단지,34.8192582,126.4000999,24시간 이용가능,한국전기차인프라기술,02,7,2
KE001758,01,전남목포옥암주공아파트,전남광주통합특별시 목포시 당가두로38번길 11,주공아파트,34.8099833,126.4405001,24시간 이용가능,한국전기차인프라기술,02,7,2
KE001758,02,전남목포옥암주공아파트,전남광주통합특별시 목포시 당가두로38번길 11,주공아파트,34.8099833,126.4405001,24시간 이용가능,한국전기차인프라기술,02,7,2
KE001758,03,전남목포옥암주공아파트,전남광주통합특별시 목포시 당가두로38번길 11,주공아파트,34.8099833,126.4405001,24시간 이용가능,한국전기차인프라기술,02,7,2
KE001758,04,전남목포옥암주공아파트,전남광주통합특별시 목포시 당가두로38번길 11,주공아파트,34.8099833,126.4405001,24시간 이용가능,한국전기차인프라기술,02,7,2
KE001758,05,전남목포옥암주공아파트,전남광주통합특별시 목포시 당가두로38번길 11,주공아파트,34.8099833,126.4405001,24시간 이용가능,한국전기차인프라기술,02,7,2
KE001758,06,전남목포옥암주공아파트,전남광주통합특별시 목포시 당가두로38번길 11,주공아파트,34.8099833,126.4405001,24시간 이용가능,한국전기차인프라기술,02,7,2
KE001758,07,전남목포옥암주공아파트,전남광주통합특별시 목포시 당가두로38번길 11,주공아파트,34.8099833,126.4405001,24시간 이용가능,한국전기차인프라기술,02,7,2
KE001758,08,전남목포옥암주공아파트,전남광주통합특별시 목포시 당가두로38번길 11,주공아파트,34.8099833,126.4405001,24시간 이용가능,한국전기차인프라기술,02,7,2
KE001758,09,전남목포옥암주공아파트,전남광주통합특별시 목포시 당가두로38번길 11,주공아파트,34.8099833,126.4405001,24시간 이용가능,한국전기차인프라기술,02,7,2
KE001758,10,전남목포옥암주공아파트,전남광주통합특별시 목포시 당가두로38번길 11,주공아파트,34.8099833,126.4405001,24시간 이용가능,한국전기차인프라기술,02,7,2
KE001758,11,전남목포옥암주공아파트,전남광주통합특별시 목포시 당가두로38번길 11,주공아파트,34.8099833,126.4405001,24시간 이용가능,한국전기차인프라기술,02,7,2
KE001758,12,전남목포옥암주공아파트,전남광주통합특별시 목포시 당가두로38번길 11,주공아파트,34.8099833,126.4405001,24시간 이용가능,한국전기차인프라기술,02,7,2
KE001758,13,전남목포옥암주공아파트,전남광주통합특별시 목포시 당가두로38번길 11,주공아파트,34.8099833,126.4405001,24시간 이용가능,한국전기차인프라기술,02,7,2
KE001759,01,전남목포용대포미타운LH4단지아파트,전남광주통합특별시 목포시 용해지구로88번길 24,포미타운LH4단지아파트,34.8194779,126.3944179,24시간 이용가능,한국전기차인프라기술,02,7,2
KE001759,02,전남목포용대포미타운LH4단지아파트,전남광주통합특별시 목포시 용해지구로88번길 24,포미타운LH4단지아파트,34.8194779,126.3944179,24시간 이용가능,한국전기차인프라기술,02,7,2
KE001759,03,전남목포용대포미타운LH4단지아파트,전남광주통합특별시 목포시 용해지구로88번길 24,포미타운LH4단지아파트,34.8194779,126.3944179,24시간 이용가능,한국전기차인프라기술,02,7,2
KE001759,04,전남목포용대포미타운LH4단지아파트,전남광주통합특별시 목포시 용해지구로88번길 24,포미타운LH4단지아파트,34.8194779,126.3944179,24시간 이용가능,한국전기차인프라기술,02,7,2
KE001759,05,전남목포용대포미타운LH4단지아파트,전남광주통합특별시 목포시 용해지구로88번길 24,포미타운LH4단지아파트,34.8194779,126.3944179,24시간 이용가능,한국전기차인프라기술,02,7,2
KE001759,06,전남목포용대포미타운LH4단지아파트,전남광주통합특별시 목포시 용해지구로88번길 24,포미타운LH4단지아파트,34.8194779,126.3944179,24시간 이용가능,한국전기차인프라기술,02,7,2
KE001759,07,전남목포용대포미타운LH4단지아파트,전남광주통합특별시 목포시 용해지구로88번길 24,포미타운LH4단지아파트,34.8194779,126.3944179,24시간 이용가능,한국전기차인프라기술,02,7,2
KE001759,08,전남목포용대포미타운LH4단지아파트,전남광주통합특별시 목포시 용해지구로88번길 24,포미타운LH4단지아파트,34.8194779,126.3944179,24시간 이용가능,한국전기차인프라기술,02,7,3
KE001759,09,전남목포용대포미타운LH4단지아파트,전남광주통합특별시 목포시 용해지구로88번길 24,포미타운LH4단지아파트,34.8194779,126.3944179,24시간 이용가능,한국전기차인프라기술,02,7,2
KE001759,10,전남목포용대포미타운LH4단지아파트,전남광주통합특별시 목포시 용해지구로88번길 24,포미타운LH4단지아파트,34.8194779,126.3944179,24시간 이용가능,한국전기차인프라기술,02,7,2
KE001759,11,전남목포용대포미타운LH4단지아파트,전남광주통합특별시 목포시 용해지구로88번길 24,포미타운LH4단지아파트,34.8194779,126.3944179,24시간 이용가능,한국전기차인프라기술,02,7,2
KE001759,12,전남목포용대포미타운LH4단지아파트,전남광주통합특별시 목포시 용해지구로88번길 24,포미타운LH4단지아파트,34.8194779,126.3944179,24시간 이용가능,한국전기차인프라기술,02,7,2
KE001759,13,전남목포용대포미타운LH4단지아파트,전남광주통합특별시 목포시 용해지구로88번길 24,포미타운LH4단지아파트,34.8194779,126.3944179,24시간 이용가능,한국전기차인프라기술,02,7,2
KE001759,14,전남목포용대포미타운LH4단지아파트,전남광주통합특별시 목포시 용해지구로88번길 24,포미타운LH4단지아파트,34.8194779,126.3944179,24시간 이용가능,한국전기차인프라기술,02,7,2
KE001764,01,전남목포옥암2휴먼시아,전남광주통합특별시 목포시 남악1로52번길 35-8,목포옥암2휴먼시아,34.8120336,126.4498777,24시간 이용가능,한국전기차인프라기술,02,7,2
KE001764,02,전남목포옥암2휴먼시아,전남광주통합특별시 목포시 남악1로52번길 35-8,목포옥암2휴먼시아,34.8120336,126.4498777,24시간 이용가능,한국전기차인프라기술,02,7,2
KE001764,03,전남목포옥암2휴먼시아,전남광주통합특별시 목포시 남악1로52번길 35-8,목포옥암2휴먼시아,34.8120336,126.4498777,24시간 이용가능,한국전기차인프라기술,02,7,2
KE001764,04,전남목포옥암2휴먼시아,전남광주통합특별시 목포시 남악1로52번길 35-8,목포옥암2휴먼시아,34.8120336,126.4498777,24시간 이용가능,한국전기차인프라기술,02,7,2
KE001764,05,전남목포옥암2휴먼시아,전남광주통합특별시 목포시 남악1로52번길 35-8,목포옥암2휴먼시아,34.8120336,126.4498777,24시간 이용가능,한국전기차인프라기술,02,7,2
KE001764,06,전남목포옥암2휴먼시아,전남광주통합특별시 목포시 남악1로52번길 35-8,목포옥암2휴먼시아,34.8120336,126.4498777,24시간 이용가능,한국전기차인프라기술,02,7,2
KE001764,07,전남목포옥암2휴먼시아,전남광주통합특별시 목포시 남악1로52번길 35-8,목포옥암2휴먼시아,34.8120336,126.4498777,24시간 이용가능,한국전기차인프라기술,02,7,2
KE001764,08,전남목포옥암2휴먼시아,전남광주통합특별시 목포시 남악1로52번길 35-8,목포옥암2휴먼시아,34.8120336,126.4498777,24시간 이용가능,한국전기차인프라기술,02,7,2
KE001764,09,전남목포옥암2휴먼시아,전남광주통합특별시 목포시 남악1로52번길 35-8,목포옥암2휴먼시아,34.8120336,126.4498777,24시간 이용가능,한국전기차인프라기술,02,7,2
KE001764,10,전남목포옥암2휴먼시아,전남광주통합특별시 목포시 남악1로52번길 35-8,목포옥암2휴먼시아,34.8120336,126.4498777,24시간 이용가능,한국전기차인프라기술,02,7,2
KE001764,11,전남목포옥암2휴먼시아,전남광주통합특별시 목포시 남악1로52번길 35-8,목포옥암2휴먼시아,34.8120336,126.4498777,24시간 이용가능,한국전기차인프라기술,02,7,2
KE001764,12,전남목포옥암2휴먼시아,전남광주통합특별시 목포시 남악1로52번길 35-8,목포옥암2휴먼시아,34.8120336,126.4498777,24시간 이용가능,한국전기차인프라기술,02,7,2
KE001764,13,전남목포옥암2휴먼시아,전남광주통합특별시 목포시 남악1로52번길 35-8,목포옥암2휴먼시아,34.8120336,126.4498777,24시간 이용가능,한국전기차인프라기술,02,7,2
KE001764,14,전남목포옥암2휴먼시아,전남광주통합특별시 목포시 남악1로52번길 35-8,목포옥암2휴먼시아,34.8120336,126.4498777,24시간 이용가능,한국전기차인프라기술,02,7,2
KE001764,15,전남목포옥암2휴먼시아,전남광주통합특별시 목포시 남악1로52번길 35-8,목포옥암2휴먼시아,34.8120336,126.4498777,24시간 이용가능,한국전기차인프라기술,02,7,2
KE001764,16,전남목포옥암2휴먼시아,전남광주통합특별시 목포시 남악1로52번길 35-8,목포옥암2휴먼시아,34.8120336,126.4498777,24시간 이용가능,한국전기차인프라기술,02,7,2
KE001764,17,전남목포옥암2휴먼시아,전남광주통합특별시 목포시 남악1로52번길 35-8,목포옥암2휴먼시아,34.8120336,126.4498777,24시간 이용가능,한국전기차인프라기술,02,7,2
KE001764,18,전남목포옥암2휴먼시아,전남광주통합특별시 목포시 남악1로52번길 35-8,목포옥암2휴먼시아,34.8120336,126.4498777,24시간 이용가능,한국전기차인프라기술,02,7,2
KE001764,19,전남목포옥암2휴먼시아,전남광주통합특별시 목포시 남악1로52번길 35-8,목포옥암2휴먼시아,34.8120336,126.4498777,24시간 이용가능,한국전기차인프라기술,02,7,2
KE001764,20,전남목포옥암2휴먼시아,전남광주통합특별시 목포시 남악1로52번길 35-8,목포옥암2휴먼시아,34.8120336,126.4498777,24시간 이용가능,한국전기차인프라기술,02,7,2
KE001764,21,전남목포옥암2휴먼시아,전남광주통합특별시 목포시 남악1로52번길 35-8,목포옥암2휴먼시아,34.8120336,126.4498777,24시간 이용가능,한국전기차인프라기술,02,7,2
KE001764,22,전남목포옥암2휴먼시아,전남광주통합특별시 목포시 남악1로52번길 35-8,목포옥암2휴먼시아,34.8120336,126.4498777,24시간 이용가능,한국전기차인프라기술,02,7,2
KE001764,23,전남목포옥암2휴먼시아,전남광주통합특별시 목포시 남악1로52번길 35-8,목포옥암2휴먼시아,34.8120336,126.4498777,24시간 이용가능,한국전기차인프라기술,02,7,2
KE001851,01,한국전기안전공사 전남서부지사2,전남광주통합특별시 목포시 호남로 72,전기안전공사 전남서부지사,34.7938498,126.3864662,24시간 이용가능,한국전기차인프라기술,02,7,3
KE001851,02,한국전기안전공사 전남서부지사2,전남광주통합특별시 목포시 호남로 72,전기안전공사 전남서부지사,34.7938498,126.3864662,24시간 이용가능,한국전기차인프라기술,02,7,3
KE001851,03,한국전기안전공사 전남서부지사2,전남광주통합특별시 목포시 호남로 72,전기안전공사 전남서부지사,34.7938498,126.3864662,24시간 이용가능,한국전기차인프라기술,02,7,9
KE001896,01,한국전기안전공사 전남서부지사3,전남광주통합특별시 목포시 호남로 72,전남서부지사,34.7936262,126.3865055,24시간 이용가능,한국전기차인프라기술,02,7,9
KP000096,01,목포지사,전남광주통합특별시 목포시 삼학로 370,,34.80389,126.409409,주중/주말 : 06시~23시,한국전력,06,50,9
KP000096,02,목포지사,전남광주통합특별시 목포시 삼학로 370,,34.80389,126.409409,주중/주말 : 06시~23시,한국전력,06,50,9
KP000096,03,목포지사,전남광주통합특별시 목포시 삼학로 370,,34.80389,126.409409,주중/주말 : 06시~23시,한국전력,02,7,5
KP000096,04,목포지사,전남광주통합특별시 목포시 삼학로 370,,34.80389,126.409409,주중/주말 : 06시~23시,한국전력,02,7,9
KP000096,05,목포지사,전남광주통합특별시 목포시 삼학로 370,,34.80389,126.409409,주중/주말 : 06시~23시,한국전력,02,7,2
KP000096,06,목포지사,전남광주통합특별시 목포시 삼학로 370,,34.80389,126.409409,주중/주말 : 06시~23시,한국전력,02,7,2
KP000633,01,상동 우성 아파트,전남광주통합특별시 목포시 상동 신흥로 13,,34.80206141,126.4214101588,24시간,한국전력,06,50,2
KP000874,01,옥암한국아델리움,전남광주통합특별시 목포시 옥암동 남악1로 15,,34.8057381282,126.446786367,24시간,한국전력,06,50,2
KP000874,02,옥암한국아델리움,전남광주통합특별시 목포시 옥암동 남악1로 15,,34.8057381282,126.446786367,24시간,한국전력,02,7,2
KP000874,03,옥암한국아델리움,전남광주통합특별시 목포시 옥암동 남악1로 15,,34.8057381282,126.446786367,24시간,한국전력,02,7,2
KP000874,04,옥암한국아델리움,전남광주통합특별시 목포시 옥암동 남악1로 15,,34.8057381282,126.446786367,24시간,한국전력,02,7,2
KP001093,01,코아루천년가 아파트,전남광주통합특별시 목포시 옥암동 남악1로16번길 43-14 ,,34.8081246331,126.4522784815,24시간,한국전력,06,50,2
KP001093,02,코아루천년가 아파트,전남광주통합특별시 목포시 옥암동 남악1로16번길 43-14 ,,34.8081246331,126.4522784815,24시간,한국전력,02,7,2
KP001093,03,코아루천년가 아파트,전남광주통합특별시 목포시 옥암동 남악1로16번길 43-14 ,,34.8081246331,126.4522784815,24시간,한국전력,02,7,2
KP001582,01,대성사랑으로,전남광주통합특별시 목포시 석현동 영산로 610 ,구내주차장,34.8191846522,126.422239195,,한국전력,06,50,2
KP001583,02,목포옥암부영애시앙2차 아파트,전남광주통합특별시 목포시 옥암동 당가두로13번길 9 ,구내주차장,34.8096798133,126.4344060044,,한국전력,02,7,2
KP001583,03,목포옥암부영애시앙2차 아파트,전남광주통합특별시 목포시 옥암동 당가두로13번길 9 ,구내주차장,34.8096798133,126.4344060044,,한국전력,02,7,2
KP001583,04,목포옥암부영애시앙2차 아파트,전남광주통합특별시 목포시 옥암동 당가두로13번길 9 ,구내주차장,34.8096798133,126.4344060044,,한국전력,02,7,2
KP001584,01,제일2차하이빌 아파트,전남광주통합특별시 목포시 옥암동 신흥로 113 ,,34.8072184594,126.431581394,,한국전력,06,50,2
KP001584,02,제일2차하이빌 아파트,전남광주통합특별시 목포시 옥암동 신흥로 113 ,,34.8072184594,126.431581394,,한국전력,02,7,2
KP002144,01,목포농협 하나로마트,전남광주통합특별시 목포시 영산로659,,34.8240461977,126.4224981926,,한국전력,06,50,2
KP002144,02,목포농협 하나로마트,전남광주통합특별시 목포시 영산로659,,34.8240461977,126.4224981926,,한국전력,06,50,2
KP002145,01,이마트 목포점,전남광주통합특별시 목포시 옥암로 138,,34.8116269948,126.425207847,,한국전력,06,50,2
KP002145,02,이마트 목포점,전남광주통합특별시 목포시 옥암로 138,,34.8116269948,126.425207847,,한국전력,06,50,3
KP002487,01,목포유통센터,전남광주통합특별시 목포시 선곡로 33,,34.8191543066,126.429562597,,한국전력,06,50,2
KP002487,02,목포유통센터,전남광주통합특별시 목포시 선곡로 33,,34.8191543066,126.429562597,,한국전력,06,50,2
KP002488,01,동부시장공영주차장,전남광주통합특별시 목포시 영산로 257번길 15(동부시장 옆),,34.8045389073,126.393368588,,한국전력,06,50,2
KP002489,01,목포시청 민원주차장,전남광주통합특별시 목포시 양을로 203,,34.8115341358,126.3912845125,06~23시,한국전력,06,50,2
KP002490,01,부주동 행정복지센터,전남광주통합특별시 목포시 남악1로 51번가길 2(옥암동),,34.8094639472,126.444684983,,한국전력,06,50,2
KP002491,01,신흥동 주민센터,전남광주통합특별시 목포시 하당로 66(상동),,34.7988437161,126.418823165,,한국전력,06,50,2
KP002492,01,원형1공영주차장,전남광주통합특별시 목포시 상동 1133(롯데마트옆),,34.7980649569,126.430271752,24시간 이용가능,한국전력,06,50,2
KP002494,01,자동차등록사무소,전남광주통합특별시 목포시 연산로 191(연산동),,34.8129949241,126.3771400078,06~23시,한국전력,06,50,3
KP002495,01,북항광장 공영주차장,전남광주통합특별시 목포시 죽교동 620-20,,34.8025667438,126.368576672,,한국전력,06,50,2
KP002767,01,하당 금호2차아파트,전남광주통합특별시 목포시 옥암동 백년대로375번길 20,,34.809196,126.42638,,한국전기차충전서비스,06,50,2
KP002896,01,우방아이유쉘아파트,전남광주통합특별시 목포시 옥암동 1397,,34.812848,126.425765,,한국전기차충전서비스,02,7,2
KP002896,02,우방아이유쉘아파트,전남광주통합특별시 목포시 옥암동 1397,,34.812848,126.425765,,한국전기차충전서비스,02,7,2
KP003003,01,연산주공5단지아파트,전남광주통합특별시 목포시 연산동 1261,,34.814074,126.381999,,한국전기차충전서비스,06,50,2
KP003007,01,꿈동산 신안2차아파트,전남광주통합특별시 목포시 상동 1019,,34.79840553878,126.4253515338,,한국전기차충전서비스,06,50,2
KP003007,02,꿈동산 신안2차아파트,전남광주통합특별시 목포시 상동 1019,,34.79840553878,126.4253515338,,한국전기차충전서비스,02,7,2
KP003007,03,꿈동산 신안2차아파트,전남광주통합특별시 목포시 상동 1019,,34.79840553878,126.4253515338,,한국전기차충전서비스,02,7,2
KP003007,04,꿈동산 신안2차아파트,전남광주통합특별시 목포시 상동 1019,,34.79840553878,126.4253515338,,한국전기차충전서비스,02,7,2
KP003186,01,상동현대아파트,전남광주통합특별시 목포시 상동 764,,34.81187,126.413312,,한국전기차충전서비스,06,50,5
KP003693,01,초원골드맨션,전남광주통합특별시 목포시 대의동2가 1-10,,34.78701426557,126.3815346394,,한국전기차충전서비스,02,7,2
KP003694,01,우진아트빌아파트,전남광주통합특별시 목포시 석현동 816-17,,34.81897986091,126.4204019617,,한국전기차충전서비스,02,7,2
KP003695,01,신안실크밸리7차,전남광주통합특별시 목포시 죽교동 704,,34.80526206537,126.3665772283,,한국전기차충전서비스,02,7,2
KP003695,02,신안실크밸리7차,전남광주통합특별시 목포시 죽교동 704,,34.80526206537,126.3665772283,,한국전기차충전서비스,02,7,2
KP003695,03,신안실크밸리7차,전남광주통합특별시 목포시 죽교동 704,,34.80526206537,126.3665772283,,한국전기차충전서비스,02,7,2
KP003757,01,북항 해상케이블카,전남광주통합특별시 목포시 해양대학로 240,북항 해상케이블카,34.799261504433,126.3701754314,24시간 이용가능,한국전력,04,50,3
KP003758,01,고하도 해상케이블카,전남광주통합특별시 목포시 고하도안길 185,,34.773951612841,126.3600554294,24시간 이용가능,한국전력,04,50,2
KP003759,01,유달동 주민센터,전남광주통합특별시 목포시 유동로 19,,34.783371533252,126.3801509259,24시간 이용가능,한국전력,04,50,2
KP004002,01,에메랄드퀸 주상복합아파트,전남광주통합특별시 목포시 상동 1139-7,,34.7980624,126.4315954,,한국전기차충전서비스,02,7,2
KP004002,02,에메랄드퀸 주상복합아파트,전남광주통합특별시 목포시 상동 1139-7,,34.7980624,126.4315954,,한국전기차충전서비스,02,7,2
KP004002,03,에메랄드퀸 주상복합아파트,전남광주통합특별시 목포시 상동 1139-7,,34.7980624,126.4315954,,한국전기차충전서비스,02,7,2
KP004002,04,에메랄드퀸 주상복합아파트,전남광주통합특별시 목포시 상동 1139-7,,34.7980624,126.4315954,,한국전기차충전서비스,02,7,2
KP004002,05,에메랄드퀸 주상복합아파트,전남광주통합특별시 목포시 상동 1139-7,,34.7980624,126.4315954,,한국전기차충전서비스,02,7,3
KP004519,01,목포국제축구센터,전남광주통합특별시 목포시 내화마을길 89,,34.8294382,126.3964579,24시간 이용가능,한국전력,04,100,9
KP004519,02,목포국제축구센터,전남광주통합특별시 목포시 내화마을길 89,,34.8294382,126.3964579,24시간 이용가능,한국전력,04,100,2
KP004533,01,한국농어촌공사 영산강사업단,전남광주통합특별시 목포시 영산로 463,,34.8081295,126.4148274,09:00~18:00,한국전력,04,100,2
KP005331,01,국립해양 문화재연구소,전남광주통합특별시 목포시 남농로 136,,34.7932,126.4121,24시간 이용가능,한국전력,04,100,2
KP005332,01,목포생활환경관리센터,전남광주통합특별시 목포시 대양동 산94-5,,34.8306,126.4091,24시간 이용가능,한국전력,04,100,2
KP005333,01,국민건강보험공단,전남광주통합특별시 목포시 삼향천로 171,,34.8166,126.4257,24시간 이용가능,한국전력,04,100,2
KP005334,01,녹색에너지연구원,전남광주통합특별시 목포시 삼향천로 177,,34.8151,126.4269,24시간 이용가능,한국전력,04,100,2
KP008072,01,목포지사(공용),"전남광주통합특별시 목포시 삼학로 370 (용해동, 한국전력공사목포지점)",,34.8034546,126.4094599,평일 09:00~18:00,한국전력,06,50,3
KP008072,02,목포지사(공용),"전남광주통합특별시 목포시 삼학로 370 (용해동, 한국전력공사목포지점)",,34.8034546,126.4094599,평일 09:00~18:00,한국전력,06,50,5
KRC10007,01,주노호텔,전남광주통합특별시 목포시 상리로 8-1,주노호텔,34.812461,126.416913,24시간 이용가능,이브이씨원,02,7,2
KRC10007,02,주노호텔,전남광주통합특별시 목포시 상리로 8-1,주노호텔,34.812461,126.416913,24시간 이용가능,이브이씨원,02,7,2
KRC10007,03,주노호텔,전남광주통합특별시 목포시 상리로 8-1,주노호텔,34.812461,126.416913,24시간 이용가능,이브이씨원,02,7,2
KRC10007,04,주노호텔,전남광주통합특별시 목포시 상리로 8-1,주노호텔,34.812461,126.416913,24시간 이용가능,이브이씨원,02,7,2
L3000837,01,목포용해금호아파트,"전남광주통합특별시 목포시 삼학로 331 (용해동, 금호타운)",,34.8004558,126.4080966,24시간 이용가능,이지차저,02,7,1
L3000837,02,목포용해금호아파트,"전남광주통합특별시 목포시 삼학로 331 (용해동, 금호타운)",,34.8004558,126.4080966,24시간 이용가능,이지차저,02,7,1
L3000837,03,목포용해금호아파트,"전남광주통합특별시 목포시 삼학로 331 (용해동, 금호타운)",,34.8004558,126.4080966,24시간 이용가능,이지차저,02,7,1
L3000837,04,목포용해금호아파트,"전남광주통합특별시 목포시 삼학로 331 (용해동, 금호타운)",,34.8004558,126.4080966,24시간 이용가능,이지차저,02,7,1
L3000837,05,목포용해금호아파트,"전남광주통합특별시 목포시 삼학로 331 (용해동, 금호타운)",,34.8004558,126.4080966,24시간 이용가능,이지차저,02,7,1
L3000837,06,목포용해금호아파트,"전남광주통합특별시 목포시 삼학로 331 (용해동, 금호타운)",,34.8004558,126.4080966,24시간 이용가능,이지차저,02,7,1
L3000837,07,목포용해금호아파트,"전남광주통합특별시 목포시 삼학로 331 (용해동, 금호타운)",,34.8004558,126.4080966,24시간 이용가능,이지차저,02,7,1
LI000457,01,목포BTS 삼학도차고지1,전남광주통합특별시 목포시 삼학로 172,,34.7874644,126.4029745,비공용충전기(24시),엘에스이링크(주),11,150,3
LI000457,02,목포BTS 삼학도차고지1,전남광주통합특별시 목포시 삼학로 172,,34.7874644,126.4029745,비공용충전기(24시),엘에스이링크(주),11,150,2
LI000457,03,목포BTS 삼학도차고지1,전남광주통합특별시 목포시 삼학로 172,,34.7874644,126.4029745,비공용충전기(24시),엘에스이링크(주),11,150,2
LI000457,04,목포BTS 삼학도차고지1,전남광주통합특별시 목포시 삼학로 172,,34.7874644,126.4029745,비공용충전기(24시),엘에스이링크(주),11,150,2
LI000457,05,목포BTS 삼학도차고지1,전남광주통합특별시 목포시 삼학로 172,,34.7874644,126.4029745,비공용충전기(24시),엘에스이링크(주),11,150,2
LI000457,06,목포BTS 삼학도차고지1,전남광주통합특별시 목포시 삼학로 172,,34.7874644,126.4029745,비공용충전기(24시),엘에스이링크(주),11,150,2
LI000457,07,목포BTS 삼학도차고지1,전남광주통합특별시 목포시 삼학로 172,,34.7874644,126.4029745,비공용충전기(24시),엘에스이링크(주),11,150,2
LT005819,01,목포공업고등학교 전기차 충전소,전남광주통합특별시 목포시 용당로 100,(용당동),34.796326,126.402525,24시간 이용가능,광성계측기,04,100,3
LU000149,01,광신프로그레스아파트,전남광주통합특별시 목포시 백년대로 147,광신프로그레스아파트,34.799088,126.404447,24시간 이용가능,LG유플러스볼트업,02,7,2
LU000149,02,광신프로그레스아파트,전남광주통합특별시 목포시 백년대로 147,광신프로그레스아파트,34.799088,126.404447,24시간 이용가능,LG유플러스볼트업,02,7,2
LU000149,03,광신프로그레스아파트,전남광주통합특별시 목포시 백년대로 147,광신프로그레스아파트,34.799088,126.404447,24시간 이용가능,LG유플러스볼트업,02,7,3
LU000149,04,광신프로그레스아파트,전남광주통합특별시 목포시 백년대로 147,광신프로그레스아파트,34.799088,126.404447,24시간 이용가능,LG유플러스볼트업,02,7,2
LU000149,05,광신프로그레스아파트,전남광주통합특별시 목포시 백년대로 147,광신프로그레스아파트,34.799088,126.404447,24시간 이용가능,LG유플러스볼트업,02,7,2
LU000149,06,광신프로그레스아파트,전남광주통합특별시 목포시 백년대로 147,광신프로그레스아파트,34.799088,126.404447,24시간 이용가능,LG유플러스볼트업,02,7,3
LU000149,07,광신프로그레스아파트,전남광주통합특별시 목포시 백년대로 147,광신프로그레스아파트,34.799088,126.404447,24시간 이용가능,LG유플러스볼트업,02,7,2
LU000149,08,광신프로그레스아파트,전남광주통합특별시 목포시 백년대로 147,광신프로그레스아파트,34.799088,126.404447,24시간 이용가능,LG유플러스볼트업,02,7,2
LU000149,09,광신프로그레스아파트,전남광주통합특별시 목포시 백년대로 147,광신프로그레스아파트,34.799088,126.404447,24시간 이용가능,LG유플러스볼트업,02,7,2
LU000149,10,광신프로그레스아파트,전남광주통합특별시 목포시 백년대로 147,광신프로그레스아파트,34.799088,126.404447,24시간 이용가능,LG유플러스볼트업,02,7,2
LU000149,11,광신프로그레스아파트,전남광주통합특별시 목포시 백년대로 147,광신프로그레스아파트,34.799088,126.404447,24시간 이용가능,LG유플러스볼트업,02,7,2
LU000349,01,광명샤인빌2차,전남광주통합특별시 목포시 옥암로 165,,34.812745780,126.42132269,24시간 이용가능,엘지유플러스,02,7,2
LU000349,02,광명샤인빌2차,전남광주통합특별시 목포시 옥암로 165,,34.812745780,126.42132269,24시간 이용가능,엘지유플러스,02,7,2
LU000349,03,광명샤인빌2차,전남광주통합특별시 목포시 옥암로 165,,34.812745780,126.42132269,24시간 이용가능,엘지유플러스,02,7,2
LU000349,04,광명샤인빌2차,전남광주통합특별시 목포시 옥암로 165,,34.812745780,126.42132269,24시간 이용가능,엘지유플러스,02,7,2
LU000349,05,광명샤인빌2차,전남광주통합특별시 목포시 옥암로 165,,34.812745780,126.42132269,24시간 이용가능,엘지유플러스,02,7,2
LU000349,06,광명샤인빌2차,전남광주통합특별시 목포시 옥암로 165,,34.812745780,126.42132269,24시간 이용가능,엘지유플러스,02,7,2
LU000365,01,근화2차아파트,전남광주통합특별시 목포시 산정로 268-1,,34.8115928,126.3878068,24시간 이용가능,엘지유플러스,02,7,2
LU000365,02,근화2차아파트,전남광주통합특별시 목포시 산정로 268-1,,34.8115928,126.3878068,24시간 이용가능,엘지유플러스,02,7,2
LU000366,01,근화그린1차아파트,전남광주통합특별시 목포시 산정로 268-3,,34.811628,126.3871878,24시간 이용가능,엘지유플러스,02,7,2
LU000366,02,근화그린1차아파트,전남광주통합특별시 목포시 산정로 268-3,,34.811628,126.3871878,24시간 이용가능,엘지유플러스,02,7,2
LU000368,01,근화희망타운3차,전남광주통합특별시 목포시 산양로 50,,34.835839874,126.42911310,24시간 이용가능,엘지유플러스,02,7,2
LU000368,02,근화희망타운3차,전남광주통합특별시 목포시 산양로 50,,34.835839874,126.42911310,24시간 이용가능,엘지유플러스,02,7,2
LU000368,03,근화희망타운3차,전남광주통합특별시 목포시 산양로 50,,34.835839874,126.42911310,24시간 이용가능,엘지유플러스,02,7,2
LU000368,04,근화희망타운3차,전남광주통합특별시 목포시 산양로 50,,34.835839874,126.42911310,24시간 이용가능,엘지유플러스,02,7,2
LU000368,05,근화희망타운3차,전남광주통합특별시 목포시 산양로 50,,34.835839874,126.42911310,24시간 이용가능,엘지유플러스,02,7,2
LU000368,06,근화희망타운3차,전남광주통합특별시 목포시 산양로 50,,34.835839874,126.42911310,24시간 이용가능,엘지유플러스,02,7,2
LU000368,07,근화희망타운3차,전남광주통합특별시 목포시 산양로 50,,34.835839874,126.42911310,24시간 이용가능,엘지유플러스,02,7,2
LU000368,08,근화희망타운3차,전남광주통합특별시 목포시 산양로 50,,34.835839874,126.42911310,24시간 이용가능,엘지유플러스,02,7,3
LU000378,01,남교크레지움에듀파크,전남광주통합특별시 목포시 호남로 6,,34.7950005,126.3794963,24시간 이용가능,엘지유플러스,02,7,5
LU000378,02,남교크레지움에듀파크,전남광주통합특별시 목포시 호남로 6,,34.7950005,126.3794963,24시간 이용가능,엘지유플러스,02,7,5
LU000378,03,남교크레지움에듀파크,전남광주통합특별시 목포시 호남로 6,,34.7950005,126.3794963,24시간 이용가능,엘지유플러스,02,7,5
LU000463,01,모아엘가에듀파크아파트,전남광주통합특별시 목포시 연산백련로1번길 69,,34.8170899,126.3881253,24시간 이용가능,엘지유플러스,02,7,3
LU000463,02,모아엘가에듀파크아파트,전남광주통합특별시 목포시 연산백련로1번길 69,,34.8170899,126.3881253,24시간 이용가능,엘지유플러스,02,7,3
LU000463,03,모아엘가에듀파크아파트,전남광주통합특별시 목포시 연산백련로1번길 69,,34.8170899,126.3881253,24시간 이용가능,엘지유플러스,02,7,2
LU000463,04,모아엘가에듀파크아파트,전남광주통합특별시 목포시 연산백련로1번길 69,,34.817089,126.388125,24시간 이용가능,LG유플러스,02,7,2
LU000463,05,모아엘가에듀파크아파트,전남광주통합특별시 목포시 연산백련로1번길 69,,34.817089,126.388125,24시간 이용가능,LG유플러스,02,7,2
LU000463,06,모아엘가에듀파크아파트,전남광주통합특별시 목포시 연산백련로1번길 69,,34.817089,126.388125,24시간 이용가능,LG유플러스,02,7,2
LU000463,07,모아엘가에듀파크아파트,전남광주통합특별시 목포시 연산백련로1번길 69,,34.817089,126.388125,24시간 이용가능,LG유플러스,02,7,2
LU000463,08,모아엘가에듀파크아파트,전남광주통합특별시 목포시 연산백련로1번길 69,,34.817089,126.388125,24시간 이용가능,LG유플러스,02,7,2
LU000463,09,모아엘가에듀파크아파트,전남광주통합특별시 목포시 연산백련로1번길 69,,34.817089,126.388125,24시간 이용가능,LG유플러스,02,7,2
LU000463,10,모아엘가에듀파크아파트,전남광주통합특별시 목포시 연산백련로1번길 69,,34.817089,126.388125,24시간 이용가능,LG유플러스,02,7,2
LU000463,11,모아엘가에듀파크아파트,전남광주통합특별시 목포시 연산백련로1번길 69,,34.817089,126.388125,24시간 이용가능,LG유플러스,02,7,2
LU000506,01,산정현대아파트,전남광주통합특별시 목포시 죽산로40번길 24,,34.811310517,126.37802613,24시간 이용가능,엘지유플러스,02,7,2
LU000506,02,산정현대아파트,전남광주통합특별시 목포시 죽산로40번길 24,,34.811310517,126.37802613,24시간 이용가능,엘지유플러스,02,7,2
LU000506,03,산정현대아파트,전남광주통합특별시 목포시 죽산로40번길 24,,34.811310517,126.37802613,24시간 이용가능,엘지유플러스,02,7,2
LU000506,04,산정현대아파트,전남광주통합특별시 목포시 죽산로40번길 24,,34.811310517,126.37802613,24시간 이용가능,엘지유플러스,02,7,2
LU000506,05,산정현대아파트,전남광주통합특별시 목포시 죽산로40번길 24,,34.811310517,126.37802613,24시간 이용가능,엘지유플러스,02,7,2
LU000518,01,상동주공4단지,전남광주통합특별시 목포시 상동로 64,4단지,34.814921894,126.41470055,24시간 이용가능,엘지유플러스,02,7,3
LU000518,02,상동주공4단지,전남광주통합특별시 목포시 상동로 64,4단지,34.814921894,126.41470055,24시간 이용가능,엘지유플러스,02,7,2
LU000518,03,상동주공4단지,전남광주통합특별시 목포시 상동로 64,4단지,34.814921894,126.41470055,24시간 이용가능,엘지유플러스,02,7,2
LU000518,04,상동주공4단지,전남광주통합특별시 목포시 상동로 64,4단지,34.814921894,126.41470055,24시간 이용가능,엘지유플러스,02,7,2
LU000525,01,샹그리아호텔,전남광주통합특별시 목포시 평화로 87,,34.797337506,126.43407310,24시간 이용가능,엘지유플러스,02,7,2
LU000525,02,샹그리아호텔,전남광주통합특별시 목포시 평화로 87,,34.797337506,126.43407310,24시간 이용가능,엘지유플러스,02,7,2
LU000552,01,송광비치타운,전남광주통합특별시 목포시 유동로 7,,34.7824121,126.3807645,24시간 이용가능,엘지유플러스,02,7,2
LU000552,02,송광비치타운,전남광주통합특별시 목포시 유동로 7,,34.7824121,126.3807645,24시간 이용가능,엘지유플러스,02,7,2
LU000552,03,송광비치타운,전남광주통합특별시 목포시 유동로 7,,34.7824121,126.3807645,24시간 이용가능,엘지유플러스,02,7,2
LU000552,04,송광비치타운,전남광주통합특별시 목포시 유동로 7,,34.7824121,126.3807645,24시간 이용가능,엘지유플러스,02,7,2
LU000552,05,송광비치타운,전남광주통합특별시 목포시 유동로 7,,34.7824121,126.3807645,24시간 이용가능,엘지유플러스,02,7,3
LU000586,01,아이엠로즈빌 아파트,전남광주통합특별시 목포시 영산로 769-6,,34.833765846,126.41689029,24시간 이용가능,엘지유플러스,02,7,2
LU000586,02,아이엠로즈빌 아파트,전남광주통합특별시 목포시 영산로 769-6,,34.833765846,126.41689029,24시간 이용가능,엘지유플러스,02,7,2
LU000586,03,아이엠로즈빌 아파트,전남광주통합특별시 목포시 영산로 769-6,,34.833765846,126.41689029,24시간 이용가능,엘지유플러스,02,7,2
LU000586,04,아이엠로즈빌 아파트,전남광주통합특별시 목포시 영산로 769-6,,34.833765846,126.41689029,24시간 이용가능,엘지유플러스,02,7,2
LU000586,05,아이엠로즈빌 아파트,전남광주통합특별시 목포시 영산로 769-6,,34.833765846,126.41689029,24시간 이용가능,엘지유플러스,02,7,2
LU000606,01,연산골드클래스8차,전남광주통합특별시 목포시 산정로 308,,34.8135459,126.3839293,24시간 이용가능,엘지유플러스,02,7,5
LU000606,02,연산골드클래스8차,전남광주통합특별시 목포시 산정로 308,,34.8135459,126.3839293,24시간 이용가능,엘지유플러스,02,7,5
LU000606,03,연산골드클래스8차,전남광주통합특별시 목포시 산정로 308,,34.8135459,126.3839293,24시간 이용가능,엘지유플러스,02,7,5
LU000606,04,연산골드클래스8차,전남광주통합특별시 목포시 산정로 308,,34.8135459,126.3839293,24시간 이용가능,엘지유플러스,02,7,5
LU000606,05,연산골드클래스8차,전남광주통합특별시 목포시 산정로 308,,34.8135459,126.3839293,24시간 이용가능,엘지유플러스,02,7,5
LU000627,01,용해동센트럴팰리체,전남광주통합특별시 목포시 송림로 85,,34.8058265,126.4067466,24시간 이용가능,엘지유플러스,02,7,2
LU000627,02,용해동센트럴팰리체,전남광주통합특별시 목포시 송림로 85,,34.8058265,126.4067466,24시간 이용가능,엘지유플러스,02,7,2
LU000627,03,용해동센트럴팰리체,전남광주통합특별시 목포시 송림로 85,,34.8058265,126.4067466,24시간 이용가능,엘지유플러스,02,7,2
LU000630,01,우성아파트,전남광주통합특별시 목포시 신흥로 13,,34.802062663,126.42140829,24시간 이용가능,엘지유플러스,02,7,2
LU000630,02,우성아파트,전남광주통합특별시 목포시 신흥로 13,,34.802062663,126.42140829,24시간 이용가능,엘지유플러스,02,7,2
LU000630,03,우성아파트,전남광주통합특별시 목포시 신흥로 13,,34.802062663,126.42140829,24시간 이용가능,엘지유플러스,02,7,2
LU000630,04,우성아파트,전남광주통합특별시 목포시 신흥로 13,,34.802062663,126.42140829,24시간 이용가능,엘지유플러스,02,7,3
LU000630,05,우성아파트,전남광주통합특별시 목포시 신흥로 13,,34.802062663,126.42140829,24시간 이용가능,엘지유플러스,02,7,2
LU000641,01,유달파크맨션,전남광주통합특별시 목포시 만세로 19,옥외주차장,34.796088438,126.38068374,24시간 이용가능,엘지유플러스,02,7,2
LU000641,02,유달파크맨션,전남광주통합특별시 목포시 만세로 19,옥외주차장,34.796088438,126.38068374,24시간 이용가능,엘지유플러스,02,7,2
LU000685,01,중앙하이츠,전남광주통합특별시 목포시 양을로41번길 42,,34.804642952,126.37787569,24시간 이용가능,엘지유플러스,02,7,2
LU000685,02,중앙하이츠,전남광주통합특별시 목포시 양을로41번길 42,,34.804642952,126.37787569,24시간 이용가능,엘지유플러스,02,7,2
LU000685,03,중앙하이츠,전남광주통합특별시 목포시 양을로41번길 42,,34.804642952,126.37787569,24시간 이용가능,엘지유플러스,02,7,2
LU000685,04,중앙하이츠,전남광주통합특별시 목포시 양을로41번길 42,,34.804642952,126.37787569,24시간 이용가능,엘지유플러스,02,7,2
LU000715,01,타이어나라 목포지점,전남광주통합특별시 목포시 영산로 712,,34.8283532,126.4207941,24시간 이용가능,엘지유플러스,02,7,2
LU000730,01,하당현대2차,전남광주통합특별시 목포시 삼향천로91번길 21,,34.807120807,126.42909079,24시간 이용가능,엘지유플러스,02,7,2
LU000730,02,하당현대2차,전남광주통합특별시 목포시 삼향천로91번길 21,,34.807120807,126.42909079,24시간 이용가능,엘지유플러스,02,7,2
LU000736,01,한광프라임빌,전남광주통합특별시 목포시 영산로692번길 8,,34.8270358,126.4228772,24시간 이용가능,엘지유플러스,02,7,2
LU000736,02,한광프라임빌,전남광주통합특별시 목포시 영산로692번길 8,,34.8270358,126.4228772,24시간 이용가능,엘지유플러스,02,7,2
LU000736,03,한광프라임빌,전남광주통합특별시 목포시 영산로692번길 8,,34.8270358,126.4228772,24시간 이용가능,엘지유플러스,02,7,2
LU000776,01,대성사랑으로,전남광주통합특별시 목포시 영산로 610,,34.8191858,126.422237,24시간 이용가능,엘지유플러스,02,7,2
LU000776,02,대성사랑으로,전남광주통합특별시 목포시 영산로 610,,34.8191858,126.422237,24시간 이용가능,엘지유플러스,02,7,2
LU000776,03,대성사랑으로,전남광주통합특별시 목포시 영산로 610,,34.8191858,126.422237,24시간 이용가능,엘지유플러스,02,7,2
LU000776,04,대성사랑으로,전남광주통합특별시 목포시 영산로 610,,34.8191858,126.422237,24시간 이용가능,엘지유플러스,02,7,2
LU000776,05,대성사랑으로,전남광주통합특별시 목포시 영산로 610,,34.8191858,126.422237,24시간 이용가능,엘지유플러스,02,7,2
LU000776,06,대성사랑으로,전남광주통합특별시 목포시 영산로 610,,34.8191858,126.422237,24시간 이용가능,엘지유플러스,02,7,2
LU000791,01,근화블루빌,전남광주통합특별시 목포시 텃골로13번길 26,,34.82189584,126.4189775,24시간 이용가능,엘지유플러스,02,7,2
LU000791,02,근화블루빌,전남광주통합특별시 목포시 텃골로13번길 26,,34.82189584,126.4189775,24시간 이용가능,엘지유플러스,02,7,2
LU000791,03,근화블루빌,전남광주통합특별시 목포시 텃골로13번길 26,,34.82189584,126.4189775,24시간 이용가능,엘지유플러스,02,7,2
LU000791,04,근화블루빌,전남광주통합특별시 목포시 텃골로13번길 26,,34.82189584,126.4189775,24시간 이용가능,엘지유플러스,02,7,2
LU000791,05,근화블루빌,전남광주통합특별시 목포시 텃골로13번길 26,,34.82189584,126.4189775,24시간 이용가능,엘지유플러스,02,7,2
LU000816,01,우미2차아파트,전남광주통합특별시 목포시 삼향천로 113,,34.8091278,126.4292956,24시간 이용가능,엘지유플러스,02,7,2
LU000816,02,우미2차아파트,전남광주통합특별시 목포시 삼향천로 113,,34.8091278,126.4292956,24시간 이용가능,엘지유플러스,02,7,2
LU000816,03,우미2차아파트,전남광주통합특별시 목포시 삼향천로 113,,34.8091278,126.4292956,24시간 이용가능,엘지유플러스,02,7,2
LU000817,01,포미타운주공1단지,전남광주통합특별시 목포시 포미로 23,,34.8179564,126.3960413,24시간 이용가능,엘지유플러스,02,7,2
LU000817,02,포미타운주공1단지,전남광주통합특별시 목포시 포미로 23,,34.8179564,126.3960413,24시간 이용가능,엘지유플러스,02,7,2
LU000817,03,포미타운주공1단지,전남광주통합특별시 목포시 포미로 23,,34.8179564,126.3960413,24시간 이용가능,엘지유플러스,02,7,2
LU000817,04,포미타운주공1단지,전남광주통합특별시 목포시 포미로 23,,34.8179564,126.3960413,24시간 이용가능,엘지유플러스,02,7,2
LU000817,05,포미타운주공1단지,전남광주통합특별시 목포시 포미로 23,,34.8179564,126.3960413,24시간 이용가능,엘지유플러스,02,7,2
LU000817,06,포미타운주공1단지,전남광주통합특별시 목포시 포미로 23,,34.8179564,126.3960413,24시간 이용가능,엘지유플러스,02,7,2
LU000817,07,포미타운주공1단지,전남광주통합특별시 목포시 포미로 23,,34.8179564,126.3960413,24시간 이용가능,엘지유플러스,02,7,2
LU000817,08,포미타운주공1단지,전남광주통합특별시 목포시 포미로 23,,34.8179564,126.3960413,24시간 이용가능,엘지유플러스,02,7,2
LU000830,01,꿈동산신안1차아파트,전남광주통합특별시 목포시 하당남부로 25,,34.7988257,126.4271726,24시간 이용가능,엘지유플러스,02,7,2
LU000830,02,꿈동산신안1차아파트,전남광주통합특별시 목포시 하당남부로 25,,34.7988257,126.4271726,24시간 이용가능,엘지유플러스,02,7,2
LU000830,03,꿈동산신안1차아파트,전남광주통합특별시 목포시 하당남부로 25,,34.7988257,126.4271726,24시간 이용가능,엘지유플러스,02,7,2
LU000830,04,꿈동산신안1차아파트,전남광주통합특별시 목포시 하당남부로 25,,34.7988257,126.4271726,24시간 이용가능,엘지유플러스,02,7,2
LU000830,05,꿈동산신안1차아파트,전남광주통합특별시 목포시 하당남부로 25,,34.7988257,126.4271726,24시간 이용가능,엘지유플러스,02,7,2
LU000836,01,우미1차아파트,전남광주통합특별시 목포시 삼향천로 131,,34.8107781,126.4282881,24시간 이용가능,엘지유플러스,02,7,2
LU000836,02,우미1차아파트,전남광주통합특별시 목포시 삼향천로 131,,34.8107781,126.4282881,24시간 이용가능,엘지유플러스,02,7,2
LU000836,03,우미1차아파트,전남광주통합특별시 목포시 삼향천로 131,,34.8107781,126.4282881,24시간 이용가능,엘지유플러스,02,7,2
LU000928,01,삼학타운아파트,전남광주통합특별시 목포시 용당로 73,,34.794004,126.401081,24시간 이용가능,엘지유플러스,02,7,2
LU000928,02,삼학타운아파트,전남광주통합특별시 목포시 용당로 73,,34.794004,126.401081,24시간 이용가능,엘지유플러스,02,7,2
LU000928,03,삼학타운아파트,전남광주통합특별시 목포시 용당로 73,,34.794004,126.401081,24시간 이용가능,엘지유플러스,02,7,3
LU000928,04,삼학타운아파트,전남광주통합특별시 목포시 용당로 73,,34.794004,126.401081,24시간 이용가능,엘지유플러스,02,7,2
LU000951,01,제일2차하이빌아파트,전남광주통합특별시 목포시 신흥로 113,,34.807217193,126.43158052,24시간 이용가능,엘지유플러스,02,7,2
LU000951,02,제일2차하이빌아파트,전남광주통합특별시 목포시 신흥로 113,,34.807217193,126.43158052,24시간 이용가능,엘지유플러스,02,7,2
LU000951,03,제일2차하이빌아파트,전남광주통합특별시 목포시 신흥로 113,,34.807217193,126.43158052,24시간 이용가능,엘지유플러스,02,7,2
LU000951,04,제일2차하이빌아파트,전남광주통합특별시 목포시 신흥로 113,,34.807217193,126.43158052,24시간 이용가능,엘지유플러스,02,7,2
LU000951,05,제일2차하이빌아파트,전남광주통합특별시 목포시 신흥로 113,,34.807217193,126.43158052,24시간 이용가능,엘지유플러스,02,7,2
LU000951,06,제일2차하이빌아파트,전남광주통합특별시 목포시 신흥로 113,,34.807217193,126.43158052,24시간 이용가능,엘지유플러스,02,7,2
LU000951,07,제일2차하이빌아파트,전남광주통합특별시 목포시 신흥로 113,,34.807217193,126.43158052,24시간 이용가능,엘지유플러스,02,7,2
LU001000,01,라이프2차아파트,전남광주통합특별시 목포시 삼학로 376-1,,34.804934,126.411427,24시간 이용가능,LG유플러스,02,7,2
LU001000,02,라이프2차아파트,전남광주통합특별시 목포시 삼학로 376-1,,34.804934,126.411427,24시간 이용가능,LG유플러스,02,7,2
LU001000,03,라이프2차아파트,전남광주통합특별시 목포시 삼학로 376-1,,34.804934,126.411427,24시간 이용가능,LG유플러스,02,7,2
LU001000,04,라이프2차아파트,전남광주통합특별시 목포시 삼학로 376-1,,34.804934,126.411427,24시간 이용가능,LG유플러스,02,7,2
LU001000,05,라이프2차아파트,전남광주통합특별시 목포시 삼학로 376-1,,34.804934,126.411427,24시간 이용가능,LG유플러스,02,7,2
LU001005,01,하당초원2차아파트,전남광주통합특별시 목포시 신흥로 93,,34.805702,126.429682,24시간 이용가능,엘지유플러스,02,7,2
LU001005,02,하당초원2차아파트,전남광주통합특별시 목포시 신흥로 93,,34.805702,126.429682,24시간 이용가능,엘지유플러스,02,7,2
LU001005,03,하당초원2차아파트,전남광주통합특별시 목포시 신흥로 93,,34.805702,126.429682,24시간 이용가능,엘지유플러스,02,7,2
LU001005,04,하당초원2차아파트,전남광주통합특별시 목포시 신흥로 93,,34.805702,126.429682,24시간 이용가능,엘지유플러스,02,7,2
LU001006,01,초원1차아파트,전남광주통합특별시 목포시 부흥로 28,,34.800934,126.424968,24시간 이용가능,엘지유플러스,02,7,2
LU001006,02,초원1차아파트,전남광주통합특별시 목포시 부흥로 28,,34.800934,126.424968,24시간 이용가능,엘지유플러스,02,7,2
LU001006,03,초원1차아파트,전남광주통합특별시 목포시 부흥로 28,,34.800934,126.424968,24시간 이용가능,엘지유플러스,02,7,2
LU001006,04,초원1차아파트,전남광주통합특별시 목포시 부흥로 28,,34.800934,126.424968,24시간 이용가능,엘지유플러스,02,7,2
LU001006,05,초원1차아파트,전남광주통합특별시 목포시 부흥로 28,,34.800934,126.424968,24시간 이용가능,엘지유플러스,02,7,2
LU001006,06,초원1차아파트,전남광주통합특별시 목포시 부흥로 28,,34.800934,126.424968,24시간 이용가능,엘지유플러스,02,7,2
LU001009,01,연산주공3단지,전남광주통합특별시 목포시 원산중앙로 87,,34.812454,126.380773,24시간 이용가능,LG유플러스,02,7,2
LU001009,02,연산주공3단지,전남광주통합특별시 목포시 원산중앙로 87,,34.812454,126.380773,24시간 이용가능,LG유플러스,02,7,2
LU001009,03,연산주공3단지,전남광주통합특별시 목포시 원산중앙로 87,,34.812454,126.380773,24시간 이용가능,LG유플러스,02,7,3
LU001009,04,연산주공3단지,전남광주통합특별시 목포시 원산중앙로 87,,34.812454,126.380773,24시간 이용가능,LG유플러스,02,7,2
LU001009,05,연산주공3단지,전남광주통합특별시 목포시 원산중앙로 87,,34.812454,126.380773,24시간 이용가능,LG유플러스,02,7,2
LU001009,06,연산주공3단지,전남광주통합특별시 목포시 원산중앙로 87,,34.812454,126.380773,24시간 이용가능,LG유플러스,02,7,2
LU001009,07,연산주공3단지,전남광주통합특별시 목포시 원산중앙로 87,,34.812454,126.380773,24시간 이용가능,LG유플러스,02,7,2
LU001009,08,연산주공3단지,전남광주통합특별시 목포시 원산중앙로 87,,34.812454,126.380773,24시간 이용가능,LG유플러스,02,7,2
LU001009,09,연산주공3단지,전남광주통합특별시 목포시 원산중앙로 87,,34.812454,126.380773,24시간 이용가능,LG유플러스,02,7,2
LU001009,10,연산주공3단지,전남광주통합특별시 목포시 원산중앙로 87,,34.812454,126.380773,24시간 이용가능,LG유플러스,02,7,2
LU001009,11,연산주공3단지,전남광주통합특별시 목포시 원산중앙로 87,,34.812454,126.380773,24시간 이용가능,LG유플러스,02,7,2
LU001009,12,연산주공3단지,전남광주통합특별시 목포시 원산중앙로 87,,34.812454,126.380773,24시간 이용가능,LG유플러스,02,7,2
LU001009,13,연산주공3단지,전남광주통합특별시 목포시 원산중앙로 87,,34.812454,126.380773,24시간 이용가능,LG유플러스,02,7,2
LU001009,14,연산주공3단지,전남광주통합특별시 목포시 원산중앙로 87,,34.812454,126.380773,24시간 이용가능,LG유플러스,02,7,3
LU001010,01,부영애시앙1차,전남광주통합특별시 목포시 당가두로13번길 35,,34.810323,126.437287,24시간 이용가능,LG유플러스,02,7,2
LU001010,02,부영애시앙1차,전남광주통합특별시 목포시 당가두로13번길 35,,34.810323,126.437287,24시간 이용가능,LG유플러스,02,7,2
LU001010,03,부영애시앙1차,전남광주통합특별시 목포시 당가두로13번길 35,,34.810323,126.437287,24시간 이용가능,LG유플러스,02,7,2
LU001011,01,신안비치2차,전남광주통합특별시 목포시 고하대로 641-10,,34.80748,126.368877,24시간 이용가능,LG유플러스,02,7,2
LU001011,02,신안비치2차,전남광주통합특별시 목포시 고하대로 641-10,,34.80748,126.368877,24시간 이용가능,LG유플러스,02,7,2
LU001011,03,신안비치2차,전남광주통합특별시 목포시 고하대로 641-10,,34.80748,126.368877,24시간 이용가능,LG유플러스,02,7,2
LU001011,04,신안비치2차,전남광주통합특별시 목포시 고하대로 641-10,,34.80748,126.368877,24시간 이용가능,LG유플러스,02,7,2
LU001039,01,연산골드클래스8차아파트,전남광주통합특별시 목포시 산정로 308,,34.814024,126.384141,24시간 이용가능,엘지유플러스,02,7,2
LU001039,02,연산골드클래스8차아파트,전남광주통합특별시 목포시 산정로 308,,34.814024,126.384141,24시간 이용가능,엘지유플러스,02,7,2
LU001039,03,연산골드클래스8차아파트,전남광주통합특별시 목포시 산정로 308,,34.814024,126.384141,24시간 이용가능,엘지유플러스,02,7,2
LU001039,04,연산골드클래스8차아파트,전남광주통합특별시 목포시 산정로 308,,34.814024,126.384141,24시간 이용가능,엘지유플러스,02,7,2
LU001039,05,연산골드클래스8차아파트,전남광주통합특별시 목포시 산정로 308,,34.814024,126.384141,24시간 이용가능,엘지유플러스,02,7,2
LU001039,06,연산골드클래스8차아파트,전남광주통합특별시 목포시 산정로 308,,34.814024,126.384141,24시간 이용가능,엘지유플러스,02,7,2
LU001185,01,신안비치1차아파트,전남광주통합특별시 목포시 청호로 209,,34.8081204,126.3690406,24시간 이용가능,엘지유플러스,02,7,2
LU001185,02,신안비치1차아파트,전남광주통합특별시 목포시 청호로 209,,34.8081204,126.3690406,24시간 이용가능,엘지유플러스,02,7,2
LU001185,03,신안비치1차아파트,전남광주통합특별시 목포시 청호로 209,,34.8081204,126.3690406,24시간 이용가능,엘지유플러스,02,7,2
LU001185,04,신안비치1차아파트,전남광주통합특별시 목포시 청호로 209,,34.8081204,126.3690406,24시간 이용가능,엘지유플러스,02,7,2
LU001185,05,신안비치1차아파트,전남광주통합특별시 목포시 청호로 209,,34.8081204,126.3690406,24시간 이용가능,엘지유플러스,02,7,2
LU001185,06,신안비치1차아파트,전남광주통합특별시 목포시 청호로 209,,34.8081204,126.3690406,24시간 이용가능,엘지유플러스,02,7,2
LU001185,07,신안비치1차아파트,전남광주통합특별시 목포시 청호로 209,,34.8081204,126.3690406,24시간 이용가능,엘지유플러스,02,7,2
LU001185,08,신안비치1차아파트,전남광주통합특별시 목포시 청호로 209,,34.8081204,126.3690406,24시간 이용가능,엘지유플러스,02,7,2
LU001187,01,제일6단지풍경채아파트,전남광주통합특별시 목포시 옥암로 156,,34.8127217,126.4243436,24시간 이용가능,엘지유플러스,02,7,2
LU001187,02,제일6단지풍경채아파트,전남광주통합특별시 목포시 옥암로 156,,34.8127217,126.4243436,24시간 이용가능,엘지유플러스,02,7,2
LU001187,03,제일6단지풍경채아파트,전남광주통합특별시 목포시 옥암로 156,,34.8127217,126.4243436,24시간 이용가능,엘지유플러스,02,7,2
LU001187,04,제일6단지풍경채아파트,전남광주통합특별시 목포시 옥암로 156,,34.8127217,126.4243436,24시간 이용가능,엘지유플러스,02,7,2
LU001389,01,목포한국아델리움아파트,전남광주통합특별시 목포시 남악1로 15,,34.80574,126.446786,24시간 이용가능,LG유플러스볼트업,02,7,2
LU001389,02,목포한국아델리움아파트,전남광주통합특별시 목포시 남악1로 15,,34.80574,126.446786,24시간 이용가능,LG유플러스볼트업,02,7,2
LU001389,03,목포한국아델리움아파트,전남광주통합특별시 목포시 남악1로 15,,34.80574,126.446786,24시간 이용가능,LG유플러스볼트업,02,7,2
LU001389,04,목포한국아델리움아파트,전남광주통합특별시 목포시 남악1로 15,,34.80574,126.446786,24시간 이용가능,LG유플러스볼트업,02,7,3
LU001389,05,목포한국아델리움아파트,전남광주통합특별시 목포시 남악1로 15,,34.80574,126.446786,24시간 이용가능,LG유플러스볼트업,02,7,2
LU001389,06,목포한국아델리움아파트,전남광주통합특별시 목포시 남악1로 15,,34.80574,126.446786,24시간 이용가능,LG유플러스볼트업,02,7,2
LU001389,07,목포한국아델리움아파트,전남광주통합특별시 목포시 남악1로 15,,34.80574,126.446786,24시간 이용가능,LG유플러스볼트업,02,7,2
LU001389,08,목포한국아델리움아파트,전남광주통합특별시 목포시 남악1로 15,,34.80574,126.446786,24시간 이용가능,LG유플러스볼트업,02,7,2
LU001389,09,목포한국아델리움아파트,전남광주통합특별시 목포시 남악1로 15,,34.80574,126.446786,24시간 이용가능,LG유플러스볼트업,02,7,2
LU001389,10,목포한국아델리움아파트,전남광주통합특별시 목포시 남악1로 15,,34.80574,126.446786,24시간 이용가능,LG유플러스볼트업,02,7,2
LU001389,11,목포한국아델리움아파트,전남광주통합특별시 목포시 남악1로 15,,34.80574,126.446786,24시간 이용가능,LG유플러스볼트업,02,7,2
LU001389,12,목포한국아델리움아파트,전남광주통합특별시 목포시 남악1로 15,,34.80574,126.446786,24시간 이용가능,LG유플러스볼트업,02,7,2
LU001389,13,목포한국아델리움아파트,전남광주통합특별시 목포시 남악1로 15,,34.80574,126.446786,24시간 이용가능,LG유플러스볼트업,02,7,2
LU001389,14,목포한국아델리움아파트,전남광주통합특별시 목포시 남악1로 15,,34.80574,126.446786,24시간 이용가능,LG유플러스볼트업,02,7,2
LU001389,15,목포한국아델리움아파트,전남광주통합특별시 목포시 남악1로 15,,34.80574,126.446786,24시간 이용가능,LG유플러스볼트업,02,7,2
LU001389,16,목포한국아델리움아파트,전남광주통합특별시 목포시 남악1로 15,,34.80574,126.446786,24시간 이용가능,LG유플러스볼트업,02,7,2
LU001389,17,목포한국아델리움아파트,전남광주통합특별시 목포시 남악1로 15,,34.80574,126.446786,24시간 이용가능,LG유플러스볼트업,02,7,2
LU001405,01,금호2차아파트,전남광주통합특별시 목포시 백년대로375번길 20,,34.808511,126.427356,24시간 이용가능,LG유플러스,02,7,2
LU001405,02,금호2차아파트,전남광주통합특별시 목포시 백년대로375번길 20,,34.808511,126.427356,24시간 이용가능,LG유플러스,02,7,2
LU001405,03,금호2차아파트,전남광주통합특별시 목포시 백년대로375번길 20,,34.808511,126.427356,24시간 이용가능,LG유플러스,02,7,2
LU001405,04,금호2차아파트,전남광주통합특별시 목포시 백년대로375번길 20,,34.808511,126.427356,24시간 이용가능,LG유플러스,02,7,2
LU001405,05,금호2차아파트,전남광주통합특별시 목포시 백년대로375번길 20,,34.808511,126.427356,24시간 이용가능,LG유플러스,02,7,2
LU001405,06,금호2차아파트,전남광주통합특별시 목포시 백년대로375번길 20,,34.808511,126.427356,24시간 이용가능,LG유플러스,02,7,2
LU001405,07,금호2차아파트,전남광주통합특별시 목포시 백년대로375번길 20,,34.808511,126.427356,24시간 이용가능,LG유플러스,02,7,2
LU001406,01,비파1차아파트,전남광주통합특별시 목포시 백년대로337번길 35,,34.8082038,126.4217612,24시간 이용가능,엘지유플러스,02,7,2
LU001406,02,비파1차아파트,전남광주통합특별시 목포시 백년대로337번길 35,,34.8082038,126.4217612,24시간 이용가능,엘지유플러스,02,7,2
LU001406,03,비파1차아파트,전남광주통합특별시 목포시 백년대로337번길 35,,34.8082038,126.4217612,24시간 이용가능,엘지유플러스,02,7,3
LU001406,04,비파1차아파트,전남광주통합특별시 목포시 백년대로337번길 35,,34.8082038,126.4217612,24시간 이용가능,엘지유플러스,02,7,2
LU001549,01,효사랑장례식장,전남광주통합특별시 목포시 백년대로231번길 13,,34.802128,126.413208,24시간 이용가능,엘지유플러스,02,7,2
LU001549,02,효사랑장례식장,전남광주통합특별시 목포시 백년대로231번길 13,,34.802128,126.413208,24시간 이용가능,엘지유플러스,02,7,3
LU001858,01,목포호텔청담,전남광주통합특별시 목포시 비파로124번길 6,,34.808924,126.423333,24시간 이용가능,LG유플러스,02,7,2
LU001930,01,한국산업인력공단 전남서부지사,전남광주통합특별시 목포시 영산로 820,,34.835842,126.421417,24시간 이용가능,LG유플러스볼트업,02,7,2
LU001930,02,한국산업인력공단 전남서부지사,전남광주통합특별시 목포시 영산로 820,,34.835842,126.421417,24시간 이용가능,LG유플러스볼트업,02,7,2
LU002021,01,광명샤인빌1차아파트,전남광주통합특별시 목포시 석현로 38,,34.8164926,126.4248945,24시간 이용가능,LG유플러스,02,7,2
LU002021,02,광명샤인빌1차아파트,전남광주통합특별시 목포시 석현로 38,,34.8164926,126.4248945,24시간 이용가능,LG유플러스,02,7,2
LU002021,03,광명샤인빌1차아파트,전남광주통합특별시 목포시 석현로 38,,34.8164926,126.4248945,24시간 이용가능,LG유플러스,02,7,2
LU002021,04,광명샤인빌1차아파트,전남광주통합특별시 목포시 석현로 38,,34.8164926,126.4248945,24시간 이용가능,LG유플러스,02,7,2
LU002021,05,광명샤인빌1차아파트,전남광주통합특별시 목포시 석현로 38,,34.8164926,126.4248945,24시간 이용가능,LG유플러스,02,7,2
LU002186,01,비파2차아파트,전남광주통합특별시 목포시 백년대로337번길 23,,34.80771,126.4221,24시간 이용가능,LG유플러스,02,7,2
LU002186,02,비파2차아파트,전남광주통합특별시 목포시 백년대로337번길 23,,34.80771,126.4221,24시간 이용가능,LG유플러스,02,7,2
LU002186,03,비파2차아파트,전남광주통합특별시 목포시 백년대로337번길 23,,34.80771,126.4221,24시간 이용가능,LG유플러스,02,7,2
LU002199,01,에메랄드골드아파트,전남광주통합특별시 목포시 평화로 116,,34.798087,126.436994,24시간 이용가능,엘지유플러스,02,7,2
LU002199,02,에메랄드골드아파트,전남광주통합특별시 목포시 평화로 116,,34.798087,126.436994,24시간 이용가능,엘지유플러스,02,7,2
LU002237,01,목포우진아트빌,전남광주통합특별시 목포시 영산로609번길 5,,34.818483,126.419914,24시간 이용가능,LG유플러스,02,7,2
LU002237,02,목포우진아트빌,전남광주통합특별시 목포시 영산로609번길 5,,34.818483,126.419914,24시간 이용가능,LG유플러스,02,7,2
LU002237,03,목포우진아트빌,전남광주통합특별시 목포시 영산로609번길 5,,34.818483,126.419914,24시간 이용가능,LG유플러스,02,7,2
LU002237,04,목포우진아트빌,전남광주통합특별시 목포시 영산로609번길 5,,34.818483,126.419914,24시간 이용가능,LG유플러스,02,7,2
LU002237,05,목포우진아트빌,전남광주통합특별시 목포시 영산로609번길 5,,34.818483,126.419914,24시간 이용가능,LG유플러스,02,7,2
LU002237,06,목포우진아트빌,전남광주통합특별시 목포시 영산로609번길 5,,34.818483,126.419914,24시간 이용가능,LG유플러스,02,7,2
LU002237,07,목포우진아트빌,전남광주통합특별시 목포시 영산로609번길 5,,34.818483,126.419914,24시간 이용가능,LG유플러스,02,7,2
LU002237,08,목포우진아트빌,전남광주통합특별시 목포시 영산로609번길 5,,34.818483,126.419914,24시간 이용가능,LG유플러스,02,7,2
LU002302,01,옥암우방아이유쉘아파트,전남광주통합특별시 목포시 하당로289번길 19,,34.812661,126.425325,24시간 이용가능,엘지유플러스,02,7,2
LU002302,02,옥암우방아이유쉘아파트,전남광주통합특별시 목포시 하당로289번길 19,,34.812661,126.425325,24시간 이용가능,엘지유플러스,02,7,2
LU002302,03,옥암우방아이유쉘아파트,전남광주통합특별시 목포시 하당로289번길 19,,34.812661,126.425325,24시간 이용가능,엘지유플러스,02,7,2
LU002302,04,옥암우방아이유쉘아파트,전남광주통합특별시 목포시 하당로289번길 19,,34.812661,126.425325,24시간 이용가능,엘지유플러스,02,7,2
LU002444,01,연산주공4단지,전남광주통합특별시 목포시 원산중앙로 87,,34.812454,126.380773,24시간 이용가능,LG유플러스 볼트업,02,7,2
LU002444,02,연산주공4단지,전남광주통합특별시 목포시 원산중앙로 87,,34.812454,126.380773,24시간 이용가능,LG유플러스 볼트업,02,7,2
LU002444,03,연산주공4단지,전남광주통합특별시 목포시 원산중앙로 87,,34.812454,126.380773,24시간 이용가능,LG유플러스 볼트업,02,7,2
LU002444,04,연산주공4단지,전남광주통합특별시 목포시 원산중앙로 87,,34.812454,126.380773,24시간 이용가능,LG유플러스 볼트업,02,7,2
LU002444,05,연산주공4단지,전남광주통합특별시 목포시 원산중앙로 87,,34.812454,126.380773,24시간 이용가능,LG유플러스 볼트업,02,7,2
LU002444,06,연산주공4단지,전남광주통합특별시 목포시 원산중앙로 87,,34.812454,126.380773,24시간 이용가능,LG유플러스 볼트업,02,7,2
LU002444,07,연산주공4단지,전남광주통합특별시 목포시 원산중앙로 87,,34.812454,126.380773,24시간 이용가능,LG유플러스 볼트업,02,7,2
LU002478,01,목포삼성아파트,전남광주통합특별시 목포시 부흥로 12,,34.799145,126.423,24시간 이용가능,LG유플러스,02,7,2
LU002478,02,목포삼성아파트,전남광주통합특별시 목포시 부흥로 12,,34.799145,126.423,24시간 이용가능,LG유플러스,02,7,2
LU002478,03,목포삼성아파트,전남광주통합특별시 목포시 부흥로 12,,34.799145,126.423,24시간 이용가능,LG유플러스,02,7,2
LU002478,04,목포삼성아파트,전남광주통합특별시 목포시 부흥로 12,,34.799145,126.423,24시간 이용가능,LG유플러스,02,7,2
LU002478,05,목포삼성아파트,전남광주통합특별시 목포시 부흥로 12,,34.799145,126.423,24시간 이용가능,LG유플러스,02,7,2
LU002478,06,목포삼성아파트,전남광주통합특별시 목포시 부흥로 12,,34.799145,126.423,24시간 이용가능,LG유플러스,02,7,2
LU002478,07,목포삼성아파트,전남광주통합특별시 목포시 부흥로 12,,34.799145,126.423,24시간 이용가능,LG유플러스,02,7,2
LU002478,08,목포삼성아파트,전남광주통합특별시 목포시 부흥로 12,,34.799145,126.423,24시간 이용가능,LG유플러스,02,7,2
LU002478,09,목포삼성아파트,전남광주통합특별시 목포시 부흥로 12,,34.799145,126.423,24시간 이용가능,LG유플러스,02,7,2
LU002478,10,목포삼성아파트,전남광주통합특별시 목포시 부흥로 12,,34.799145,126.423,24시간 이용가능,LG유플러스,02,7,2
LU002478,11,목포삼성아파트,전남광주통합특별시 목포시 부흥로 12,,34.799145,126.423,24시간 이용가능,LG유플러스,02,7,2
LU002478,12,목포삼성아파트,전남광주통합특별시 목포시 부흥로 12,,34.799145,126.423,24시간 이용가능,LG유플러스,02,7,2
LU002483,01,한국섬진흥원,전남광주통합특별시 목포시 삼학로92번길 6,,34.786533,126.393672,24시간 이용가능,엘지유플러스,02,7,2
LU002483,02,한국섬진흥원,전남광주통합특별시 목포시 삼학로92번길 6,,34.786533,126.393672,24시간 이용가능,엘지유플러스,02,7,2
LU002758,01,목포삼성아파트,전남광주통합특별시 목포시 동명로 77,,34.794961,126.3949,24시간 이용가능,LG유플러스볼트업,02,7,2
LU002758,02,목포삼성아파트,전남광주통합특별시 목포시 동명로 77,,34.794961,126.3949,24시간 이용가능,LG유플러스볼트업,02,7,2
LU002758,03,목포삼성아파트,전남광주통합특별시 목포시 동명로 77,,34.794961,126.3949,24시간 이용가능,LG유플러스볼트업,02,7,2
LU002922,01,대송베스트빌,전남광주통합특별시 목포시 옥암로186번길 20-1,,34.814040,126.424320,24시간 이용가능,LG유플러스볼트업,02,7,2
LU002922,02,대송베스트빌,전남광주통합특별시 목포시 옥암로186번길 20-1,,34.814040,126.424320,24시간 이용가능,LG유플러스볼트업,02,7,2
LU002922,03,대송베스트빌,전남광주통합특별시 목포시 옥암로186번길 20-1,,34.814040,126.424320,24시간 이용가능,LG유플러스볼트업,02,7,2
LU003087,01,목포제일5차풍경채,전남광주통합특별시 목포시 하당로289번길 25,,34.813607,126.425809,24시간 이용가능,LG유플러스볼트업,02,7,2
LU003087,02,목포제일5차풍경채,전남광주통합특별시 목포시 하당로289번길 25,,34.813607,126.425809,24시간 이용가능,LG유플러스볼트업,02,7,2
LU003087,03,목포제일5차풍경채,전남광주통합특별시 목포시 하당로289번길 25,,34.813607,126.425809,24시간 이용가능,LG유플러스볼트업,02,7,2
LU003087,04,목포제일5차풍경채,전남광주통합특별시 목포시 하당로289번길 25,,34.813607,126.425809,24시간 이용가능,LG유플러스볼트업,02,7,2
LU003087,05,목포제일5차풍경채,전남광주통합특별시 목포시 하당로289번길 25,,34.813607,126.425809,24시간 이용가능,LG유플러스볼트업,02,7,2
LU003087,06,목포제일5차풍경채,전남광주통합특별시 목포시 하당로289번길 25,,34.813607,126.425809,24시간 이용가능,LG유플러스볼트업,02,7,2
LU003119,01,목포비파3차아파트,전남광주통합특별시 목포시 백년대로337번길 9,,34.806213,126.422279,24시간 이용가능,LG유플러스 볼트업,02,7,2
LU003119,02,목포비파3차아파트,전남광주통합특별시 목포시 백년대로337번길 9,,34.806213,126.422279,24시간 이용가능,LG유플러스 볼트업,02,7,2
LU003119,03,목포비파3차아파트,전남광주통합특별시 목포시 백년대로337번길 9,,34.806213,126.422279,24시간 이용가능,LG유플러스 볼트업,02,7,2
LU003119,04,목포비파3차아파트,전남광주통합특별시 목포시 백년대로337번길 9,,34.806213,126.422279,24시간 이용가능,LG유플러스 볼트업,02,7,2
LU003119,05,목포비파3차아파트,전남광주통합특별시 목포시 백년대로337번길 9,,34.806213,126.422279,24시간 이용가능,LG유플러스 볼트업,02,7,2
LU003197,01,골드클래스7차아파트,전남광주통합특별시 목포시 연산백련로 22,,34.817956,126.390759,24시간 이용가능,LG유플러스 볼트업,02,7,3
LU003197,02,골드클래스7차아파트,전남광주통합특별시 목포시 연산백련로 22,,34.817956,126.390759,24시간 이용가능,LG유플러스 볼트업,02,7,2
LU003197,03,골드클래스7차아파트,전남광주통합특별시 목포시 연산백련로 22,,34.817956,126.390759,24시간 이용가능,LG유플러스 볼트업,02,7,2
LU003197,04,골드클래스7차아파트,전남광주통합특별시 목포시 연산백련로 22,,34.817956,126.390759,24시간 이용가능,LG유플러스 볼트업,02,7,3
LU003197,05,골드클래스7차아파트,전남광주통합특별시 목포시 연산백련로 22,,34.817956,126.390759,24시간 이용가능,LG유플러스 볼트업,02,7,2
LU003197,06,골드클래스7차아파트,전남광주통합특별시 목포시 연산백련로 22,,34.817956,126.390759,24시간 이용가능,LG유플러스 볼트업,02,7,3
LU003197,07,골드클래스7차아파트,전남광주통합특별시 목포시 연산백련로 22,,34.817956,126.390759,24시간 이용가능,LG유플러스 볼트업,02,7,2
LU003250,01,옥암베아채아파트,전남광주통합특별시 목포시 남악1로52번길 83,,34.813837,126.454198,24시간 이용가능,LG유플러스볼트업,02,7,2
LU003250,02,옥암베아채아파트,전남광주통합특별시 목포시 남악1로52번길 83,,34.813837,126.454198,24시간 이용가능,LG유플러스볼트업,02,7,2
LU003250,03,옥암베아채아파트,전남광주통합특별시 목포시 남악1로52번길 83,,34.813837,126.454198,24시간 이용가능,LG유플러스볼트업,02,7,2
LU003250,04,옥암베아채아파트,전남광주통합특별시 목포시 남악1로52번길 83,,34.813837,126.454198,24시간 이용가능,LG유플러스볼트업,02,7,3
LU003250,05,옥암베아채아파트,전남광주통합특별시 목포시 남악1로52번길 83,,34.813837,126.454198,24시간 이용가능,LG유플러스볼트업,02,7,2
LU003250,06,옥암베아채아파트,전남광주통합특별시 목포시 남악1로52번길 83,,34.813837,126.454198,24시간 이용가능,LG유플러스볼트업,02,7,2
LU003250,07,옥암베아채아파트,전남광주통합특별시 목포시 남악1로52번길 83,,34.813837,126.454198,24시간 이용가능,LG유플러스볼트업,02,7,2
LU003250,08,옥암베아채아파트,전남광주통합특별시 목포시 남악1로52번길 83,,34.813837,126.454198,24시간 이용가능,LG유플러스볼트업,02,7,2
LU003250,09,옥암베아채아파트,전남광주통합특별시 목포시 남악1로52번길 83,,34.813837,126.454198,24시간 이용가능,LG유플러스볼트업,02,7,2
LU003250,10,옥암베아채아파트,전남광주통합특별시 목포시 남악1로52번길 83,,34.813837,126.454198,24시간 이용가능,LG유플러스볼트업,02,7,2
LU003250,11,옥암베아채아파트,전남광주통합특별시 목포시 남악1로52번길 83,,34.813837,126.454198,24시간 이용가능,LG유플러스볼트업,02,7,2
LU003250,12,옥암베아채아파트,전남광주통합특별시 목포시 남악1로52번길 83,,34.813837,126.454198,24시간 이용가능,LG유플러스볼트업,02,7,2
LU003250,13,옥암베아채아파트,전남광주통합특별시 목포시 남악1로52번길 83,,34.813837,126.454198,24시간 이용가능,LG유플러스볼트업,02,7,2
LU003250,14,옥암베아채아파트,전남광주통합특별시 목포시 남악1로52번길 83,,34.813837,126.454198,24시간 이용가능,LG유플러스볼트업,02,7,2
LU003250,15,옥암베아채아파트,전남광주통합특별시 목포시 남악1로52번길 83,,34.813837,126.454198,24시간 이용가능,LG유플러스볼트업,02,7,2
LU003250,16,옥암베아채아파트,전남광주통합특별시 목포시 남악1로52번길 83,,34.813837,126.454198,24시간 이용가능,LG유플러스볼트업,02,7,3
LU003250,17,옥암베아채아파트,전남광주통합특별시 목포시 남악1로52번길 83,,34.813837,126.454198,24시간 이용가능,LG유플러스볼트업,02,7,3
LU003250,18,옥암베아채아파트,전남광주통합특별시 목포시 남악1로52번길 83,,34.813837,126.454198,24시간 이용가능,LG유플러스볼트업,02,7,3
LU003250,19,옥암베아채아파트,전남광주통합특별시 목포시 남악1로52번길 83,,34.813837,126.454198,24시간 이용가능,LG유플러스볼트업,02,7,2
LU003260,01,목포에드가채움아파트,전남광주통합특별시 목포시 소영길 43,,34.807657,126.397081,24시간 이용가능,LG유플러스볼트업,02,7,2
LU003260,02,목포에드가채움아파트,전남광주통합특별시 목포시 소영길 43,,34.807657,126.397081,24시간 이용가능,LG유플러스볼트업,02,7,2
LU003260,03,목포에드가채움아파트,전남광주통합특별시 목포시 소영길 43,,34.807657,126.397081,24시간 이용가능,LG유플러스볼트업,02,7,2
LU003260,04,목포에드가채움아파트,전남광주통합특별시 목포시 소영길 43,,34.807657,126.397081,24시간 이용가능,LG유플러스볼트업,02,7,2
LU003260,05,목포에드가채움아파트,전남광주통합특별시 목포시 소영길 43,,34.807657,126.397081,24시간 이용가능,LG유플러스볼트업,02,7,2
LU003260,06,목포에드가채움아파트,전남광주통합특별시 목포시 소영길 43,,34.807657,126.397081,24시간 이용가능,LG유플러스볼트업,02,7,3
LU003382,01,목포하당5차우미파크빌,전남광주통합특별시 목포시 평화로20번길 11,,34.794802,126.428043,24시간 이용가능,LG유플러스볼트업,02,7,2
LU003382,02,목포하당5차우미파크빌,전남광주통합특별시 목포시 평화로20번길 11,,34.794802,126.428043,24시간 이용가능,LG유플러스볼트업,02,7,2
LU003382,03,목포하당5차우미파크빌,전남광주통합특별시 목포시 평화로20번길 11,,34.794802,126.428043,24시간 이용가능,LG유플러스볼트업,02,7,2
LU003382,04,목포하당5차우미파크빌,전남광주통합특별시 목포시 평화로20번길 11,,34.794802,126.428043,24시간 이용가능,LG유플러스볼트업,02,7,2
LU003382,05,목포하당5차우미파크빌,전남광주통합특별시 목포시 평화로20번길 11,,34.794802,126.428043,24시간 이용가능,LG유플러스볼트업,02,7,2
LU003382,06,목포하당5차우미파크빌,전남광주통합특별시 목포시 평화로20번길 11,,34.794802,126.428043,24시간 이용가능,LG유플러스볼트업,02,7,2
LU003382,07,목포하당5차우미파크빌,전남광주통합특별시 목포시 평화로20번길 11,,34.794802,126.428043,24시간 이용가능,LG유플러스볼트업,02,7,2
LU003382,08,목포하당5차우미파크빌,전남광주통합특별시 목포시 평화로20번길 11,,34.794802,126.428043,24시간 이용가능,LG유플러스볼트업,02,7,2
LU003496,01,용해골드디움6차아파트,전남광주통합특별시 목포시 용해지구로88번길 8,,34.820108,126.393271,24시간 이용가능,LG유플러스볼트업,02,7,3
LU003496,02,용해골드디움6차아파트,전남광주통합특별시 목포시 용해지구로88번길 8,,34.820108,126.393271,24시간 이용가능,LG유플러스볼트업,02,7,2
LU003496,03,용해골드디움6차아파트,전남광주통합특별시 목포시 용해지구로88번길 8,,34.820108,126.393271,24시간 이용가능,LG유플러스볼트업,02,7,3
LU003496,04,용해골드디움6차아파트,전남광주통합특별시 목포시 용해지구로88번길 8,,34.820108,126.393271,24시간 이용가능,LG유플러스볼트업,02,7,2
LU003496,05,용해골드디움6차아파트,전남광주통합특별시 목포시 용해지구로88번길 8,,34.820108,126.393271,24시간 이용가능,LG유플러스볼트업,02,7,2
LU003803,01,목포하당중흥S클래스센텀뷰,전남광주통합특별시 목포시 비파로 96,,34.806992,126.424552,24시간 이용가능,LG유플러스볼트업,02,7,2
LU003803,02,목포하당중흥S클래스센텀뷰,전남광주통합특별시 목포시 비파로 96,,34.806992,126.424552,24시간 이용가능,LG유플러스볼트업,02,7,2
LU003803,03,목포하당중흥S클래스센텀뷰,전남광주통합특별시 목포시 비파로 96,,34.806992,126.424552,24시간 이용가능,LG유플러스볼트업,02,7,2
LU003803,04,목포하당중흥S클래스센텀뷰,전남광주통합특별시 목포시 비파로 96,,34.806992,126.424552,24시간 이용가능,LG유플러스볼트업,02,7,2
LU003803,05,목포하당중흥S클래스센텀뷰,전남광주통합특별시 목포시 비파로 96,,34.806992,126.424552,24시간 이용가능,LG유플러스볼트업,02,7,2
LU003803,06,목포하당중흥S클래스센텀뷰,전남광주통합특별시 목포시 비파로 96,,34.806992,126.424552,24시간 이용가능,LG유플러스볼트업,02,7,2
LU003803,07,목포하당중흥S클래스센텀뷰,전남광주통합특별시 목포시 비파로 96,,34.806992,126.424552,24시간 이용가능,LG유플러스볼트업,02,7,2
LU003803,08,목포하당중흥S클래스센텀뷰,전남광주통합특별시 목포시 비파로 96,,34.806992,126.424552,24시간 이용가능,LG유플러스볼트업,02,7,3
LU003803,09,목포하당중흥S클래스센텀뷰,전남광주통합특별시 목포시 비파로 96,,34.806992,126.424552,24시간 이용가능,LG유플러스볼트업,02,7,2
LU003803,10,목포하당중흥S클래스센텀뷰,전남광주통합특별시 목포시 비파로 96,,34.806992,126.424552,24시간 이용가능,LG유플러스볼트업,02,7,2
LU003803,11,목포하당중흥S클래스센텀뷰,전남광주통합특별시 목포시 비파로 96,,34.806992,126.424552,24시간 이용가능,LG유플러스볼트업,02,7,2
LU003803,12,목포하당중흥S클래스센텀뷰,전남광주통합특별시 목포시 비파로 96,,34.806992,126.424552,24시간 이용가능,LG유플러스볼트업,02,7,3
LU003803,13,목포하당중흥S클래스센텀뷰,전남광주통합특별시 목포시 비파로 96,,34.806992,126.424552,24시간 이용가능,LG유플러스볼트업,02,7,2
LU003803,14,목포하당중흥S클래스센텀뷰,전남광주통합특별시 목포시 비파로 96,,34.806992,126.424552,24시간 이용가능,LG유플러스볼트업,02,7,3
LU003803,15,목포하당중흥S클래스센텀뷰,전남광주통합특별시 목포시 비파로 96,,34.806992,126.424552,24시간 이용가능,LG유플러스볼트업,02,7,2
LU003803,16,목포하당중흥S클래스센텀뷰,전남광주통합특별시 목포시 비파로 96,,34.806992,126.424552,24시간 이용가능,LG유플러스볼트업,02,7,2
LU003803,17,목포하당중흥S클래스센텀뷰,전남광주통합특별시 목포시 비파로 96,,34.806992,126.424552,24시간 이용가능,LG유플러스볼트업,02,7,2
LU003803,18,목포하당중흥S클래스센텀뷰,전남광주통합특별시 목포시 비파로 96,,34.806992,126.424552,24시간 이용가능,LG유플러스볼트업,02,7,3
LU003803,19,목포하당중흥S클래스센텀뷰,전남광주통합특별시 목포시 비파로 96,,34.806992,126.424552,24시간 이용가능,LG유플러스볼트업,02,7,2
LU003803,20,목포하당중흥S클래스센텀뷰,전남광주통합특별시 목포시 비파로 96,,34.806992,126.424552,24시간 이용가능,LG유플러스볼트업,02,7,2
LU003955,01,신안비치팔레스1차,전남광주통합특별시 목포시 청호로 210,,34.808796,126.371212,24시간 이용가능,LG유플러스볼트업,02,7,2
LU003955,02,신안비치팔레스1차,전남광주통합특별시 목포시 청호로 210,,34.808796,126.371212,24시간 이용가능,LG유플러스볼트업,02,7,2
LU003955,03,신안비치팔레스1차,전남광주통합특별시 목포시 청호로 210,,34.808796,126.371212,24시간 이용가능,LG유플러스볼트업,02,7,2
LU003955,04,신안비치팔레스1차,전남광주통합특별시 목포시 청호로 210,,34.808796,126.371212,24시간 이용가능,LG유플러스볼트업,02,7,2
LU003955,05,신안비치팔레스1차,전남광주통합특별시 목포시 청호로 210,,34.808796,126.371212,24시간 이용가능,LG유플러스볼트업,02,7,3
LU003955,06,신안비치팔레스1차,전남광주통합특별시 목포시 청호로 210,,34.808796,126.371212,24시간 이용가능,LG유플러스볼트업,02,7,2
LU003955,07,신안비치팔레스1차,전남광주통합특별시 목포시 청호로 210,,34.808796,126.371212,24시간 이용가능,LG유플러스볼트업,02,7,2
LU003955,08,신안비치팔레스1차,전남광주통합특별시 목포시 청호로 210,,34.808796,126.371212,24시간 이용가능,LG유플러스볼트업,02,7,2
LU004044,01,목포광명샤인빌1차아파트,전남광주통합특별시 목포시 석현로 42,,34.816493,126.424894,24시간 이용가능,LG유플러스볼트업,02,7,2
LU004044,02,목포광명샤인빌1차아파트,전남광주통합특별시 목포시 석현로 42,,34.816493,126.424894,24시간 이용가능,LG유플러스볼트업,02,7,2
LU004044,03,목포광명샤인빌1차아파트,전남광주통합특별시 목포시 석현로 42,,34.816493,126.424894,24시간 이용가능,LG유플러스볼트업,02,7,2
LU004044,04,목포광명샤인빌1차아파트,전남광주통합특별시 목포시 석현로 42,,34.816493,126.424894,24시간 이용가능,LG유플러스볼트업,02,7,2
LU004044,05,목포광명샤인빌1차아파트,전남광주통합특별시 목포시 석현로 42,,34.816493,126.424894,24시간 이용가능,LG유플러스볼트업,02,7,2
LU004047,01,목포연산현대아파트,전남광주통합특별시 목포시 산정로 298,,34.812662,126.38584,24시간 이용가능,LG유플러스볼트업,02,7,3
LU004047,02,목포연산현대아파트,전남광주통합특별시 목포시 산정로 298,,34.812662,126.38584,24시간 이용가능,LG유플러스볼트업,02,7,2
LU004047,03,목포연산현대아파트,전남광주통합특별시 목포시 산정로 298,,34.812662,126.38584,24시간 이용가능,LG유플러스볼트업,02,7,2
LU004047,04,목포연산현대아파트,전남광주통합특별시 목포시 산정로 298,,34.812662,126.38584,24시간 이용가능,LG유플러스볼트업,02,7,2
LU004047,05,목포연산현대아파트,전남광주통합특별시 목포시 산정로 298,,34.812662,126.38584,24시간 이용가능,LG유플러스볼트업,02,7,2
LU004099,01,목포우미파렌하이트아파트,전남광주통합특별시 목포시 남악2로22번길 15,,34.807819,126.454297,24시간 이용가능,LG유플러스볼트업,02,7,2
LU004099,02,목포우미파렌하이트아파트,전남광주통합특별시 목포시 남악2로22번길 15,,34.807819,126.454297,24시간 이용가능,LG유플러스볼트업,02,7,2
LU004099,03,목포우미파렌하이트아파트,전남광주통합특별시 목포시 남악2로22번길 15,,34.807819,126.454297,24시간 이용가능,LG유플러스볼트업,02,7,2
LU004099,04,목포우미파렌하이트아파트,전남광주통합특별시 목포시 남악2로22번길 15,,34.807819,126.454297,24시간 이용가능,LG유플러스볼트업,02,7,2
LU004099,05,목포우미파렌하이트아파트,전남광주통합특별시 목포시 남악2로22번길 15,,34.807819,126.454297,24시간 이용가능,LG유플러스볼트업,02,7,2
LU004099,06,목포우미파렌하이트아파트,전남광주통합특별시 목포시 남악2로22번길 15,,34.807819,126.454297,24시간 이용가능,LG유플러스볼트업,02,7,2
LU004099,07,목포우미파렌하이트아파트,전남광주통합특별시 목포시 남악2로22번길 15,,34.807819,126.454297,24시간 이용가능,LG유플러스볼트업,02,7,2
LU004099,08,목포우미파렌하이트아파트,전남광주통합특별시 목포시 남악2로22번길 15,,34.807819,126.454297,24시간 이용가능,LG유플러스볼트업,02,7,3
LU004099,09,목포우미파렌하이트아파트,전남광주통합특별시 목포시 남악2로22번길 15,,34.807819,126.454297,24시간 이용가능,LG유플러스볼트업,02,7,2
LU004099,10,목포우미파렌하이트아파트,전남광주통합특별시 목포시 남악2로22번길 15,,34.807819,126.454297,24시간 이용가능,LG유플러스볼트업,02,7,2
LU004099,11,목포우미파렌하이트아파트,전남광주통합특별시 목포시 남악2로22번길 15,,34.807819,126.454297,24시간 이용가능,LG유플러스볼트업,02,7,2
LU004099,12,목포우미파렌하이트아파트,전남광주통합특별시 목포시 남악2로22번길 15,,34.807819,126.454297,24시간 이용가능,LG유플러스볼트업,02,7,2
LU004099,13,목포우미파렌하이트아파트,전남광주통합특별시 목포시 남악2로22번길 15,,34.807819,126.454297,24시간 이용가능,LG유플러스볼트업,02,7,2
LU004099,14,목포우미파렌하이트아파트,전남광주통합특별시 목포시 남악2로22번길 15,,34.807819,126.454297,24시간 이용가능,LG유플러스볼트업,02,7,2
LU004099,15,목포우미파렌하이트아파트,전남광주통합특별시 목포시 남악2로22번길 15,,34.807819,126.454297,24시간 이용가능,LG유플러스볼트업,02,7,2
LU004099,16,목포우미파렌하이트아파트,전남광주통합특별시 목포시 남악2로22번길 15,,34.807819,126.454297,24시간 이용가능,LG유플러스볼트업,02,7,2
LU004099,17,목포우미파렌하이트아파트,전남광주통합특별시 목포시 남악2로22번길 15,,34.807819,126.454297,24시간 이용가능,LG유플러스볼트업,02,7,2
LU004099,18,목포우미파렌하이트아파트,전남광주통합특별시 목포시 남악2로22번길 15,,34.807819,126.454297,24시간 이용가능,LG유플러스볼트업,02,7,2
LU004236,01,목포금호1차아파트,전남광주통합특별시 목포시 백년대로375번길 32,,34.810102,126.425792,24시간 이용가능,LG유플러스볼트업,02,7,2
LU004236,02,목포금호1차아파트,전남광주통합특별시 목포시 백년대로375번길 32,,34.810102,126.425792,24시간 이용가능,LG유플러스볼트업,02,7,2
LU004236,03,목포금호1차아파트,전남광주통합특별시 목포시 백년대로375번길 32,,34.810102,126.425792,24시간 이용가능,LG유플러스볼트업,02,7,2
LU004236,04,목포금호1차아파트,전남광주통합특별시 목포시 백년대로375번길 32,,34.810102,126.425792,24시간 이용가능,LG유플러스볼트업,02,7,2
LU004250,01,상동주공2차아파트,전남광주통합특별시 목포시 상동로 43,,34.813432,126.413564,24시간 이용가능,LG유플러스볼트업,02,7,2
LU004250,02,상동주공2차아파트,전남광주통합특별시 목포시 상동로 43,,34.813432,126.413564,24시간 이용가능,LG유플러스볼트업,02,7,2
LU004250,03,상동주공2차아파트,전남광주통합특별시 목포시 상동로 43,,34.813432,126.413564,24시간 이용가능,LG유플러스볼트업,02,7,2
LU004250,04,상동주공2차아파트,전남광주통합특별시 목포시 상동로 43,,34.813432,126.413564,24시간 이용가능,LG유플러스볼트업,02,7,2
LU004289,01,목포근화네오빌1차아파트,전남광주통합특별시 목포시 텃골로13번길 40,,34.819424,126.419183,24시간 이용가능,LG유플러스볼트업,02,7,2
LU004289,02,목포근화네오빌1차아파트,전남광주통합특별시 목포시 텃골로13번길 40,,34.819424,126.419183,24시간 이용가능,LG유플러스볼트업,02,7,2
LU004289,03,목포근화네오빌1차아파트,전남광주통합특별시 목포시 텃골로13번길 40,,34.819424,126.419183,24시간 이용가능,LG유플러스볼트업,02,7,2
LU004289,04,목포근화네오빌1차아파트,전남광주통합특별시 목포시 텃골로13번길 40,,34.819424,126.419183,24시간 이용가능,LG유플러스볼트업,02,7,2
LU100181,01,옥암한국아델리움3차아파트,전남광주통합특별시 목포시 삼향천로 159,,34.813859,126.426292,24시간 이용가능,LG유플러스볼트업,02,7,2
LU100181,02,옥암한국아델리움3차아파트,전남광주통합특별시 목포시 삼향천로 159,,34.813859,126.426292,24시간 이용가능,LG유플러스볼트업,02,7,2
LU100181,03,옥암한국아델리움3차아파트,전남광주통합특별시 목포시 삼향천로 159,,34.813859,126.426292,24시간 이용가능,LG유플러스볼트업,02,7,2
LU100181,04,옥암한국아델리움3차아파트,전남광주통합특별시 목포시 삼향천로 159,,34.813859,126.426292,24시간 이용가능,LG유플러스볼트업,02,7,2
LU100181,05,옥암한국아델리움3차아파트,전남광주통합특별시 목포시 삼향천로 159,,34.813859,126.426292,24시간 이용가능,LG유플러스볼트업,02,7,3
LU100181,06,옥암한국아델리움3차아파트,전남광주통합특별시 목포시 삼향천로 159,,34.813859,126.426292,24시간 이용가능,LG유플러스볼트업,02,7,3
LU100181,07,옥암한국아델리움3차아파트,전남광주통합특별시 목포시 삼향천로 159,,34.813859,126.426292,24시간 이용가능,LG유플러스볼트업,02,7,2
LU100251,01,목포하당풍경채어바니티,전남광주통합특별시 목포시 석현로25번길 9,,34.81653787,126.42305292,24시간 이용가능,LG유플러스볼트업,02,7,2
LU100251,02,목포하당풍경채어바니티,전남광주통합특별시 목포시 석현로25번길 9,,34.81653787,126.42305292,24시간 이용가능,LG유플러스볼트업,02,7,2
LU100251,03,목포하당풍경채어바니티,전남광주통합특별시 목포시 석현로25번길 9,,34.81653787,126.42305292,24시간 이용가능,LG유플러스볼트업,02,7,2
LU100251,04,목포하당풍경채어바니티,전남광주통합특별시 목포시 석현로25번길 9,,34.81653787,126.42305292,24시간 이용가능,LG유플러스볼트업,02,7,2
LU100251,05,목포하당풍경채어바니티,전남광주통합특별시 목포시 석현로25번길 9,,34.81653787,126.42305292,24시간 이용가능,LG유플러스볼트업,02,7,3
LU100251,06,목포하당풍경채어바니티,전남광주통합특별시 목포시 석현로25번길 9,,34.81653787,126.42305292,24시간 이용가능,LG유플러스볼트업,02,7,2
LU100251,07,목포하당풍경채어바니티,전남광주통합특별시 목포시 석현로25번길 9,,34.81653787,126.42305292,24시간 이용가능,LG유플러스볼트업,02,7,3
LU100251,08,목포하당풍경채어바니티,전남광주통합특별시 목포시 석현로25번길 9,,34.81653787,126.42305292,24시간 이용가능,LG유플러스볼트업,02,7,2
LU100251,09,목포하당풍경채어바니티,전남광주통합특별시 목포시 석현로25번길 9,,34.81653787,126.42305292,24시간 이용가능,LG유플러스볼트업,02,7,2
LU100251,10,목포하당풍경채어바니티,전남광주통합특별시 목포시 석현로25번길 9,,34.81653787,126.42305292,24시간 이용가능,LG유플러스볼트업,02,7,2
LU100251,11,목포하당풍경채어바니티,전남광주통합특별시 목포시 석현로25번길 9,,34.81653787,126.42305292,24시간 이용가능,LG유플러스볼트업,02,7,2
LU100251,12,목포하당풍경채어바니티,전남광주통합특별시 목포시 석현로25번길 9,,34.81653787,126.42305292,24시간 이용가능,LG유플러스볼트업,02,7,2
LU100251,13,목포하당풍경채어바니티,전남광주통합특별시 목포시 석현로25번길 9,,34.81653787,126.42305292,24시간 이용가능,LG유플러스볼트업,02,7,2
LU100283,01,목포백련지구천년가아파트,전남광주통합특별시 목포시 연산백련로1번길 79,,34.81989013,126.38896268,24시간 이용가능,LG유플러스볼트업,02,7,2
LU100283,02,목포백련지구천년가아파트,전남광주통합특별시 목포시 연산백련로1번길 79,,34.81989013,126.38896268,24시간 이용가능,LG유플러스볼트업,02,7,2
LU100283,03,목포백련지구천년가아파트,전남광주통합특별시 목포시 연산백련로1번길 79,,34.81989013,126.38896268,24시간 이용가능,LG유플러스볼트업,02,7,3
LU100283,04,목포백련지구천년가아파트,전남광주통합특별시 목포시 연산백련로1번길 79,,34.81989013,126.38896268,24시간 이용가능,LG유플러스볼트업,02,7,2
LU100283,05,목포백련지구천년가아파트,전남광주통합특별시 목포시 연산백련로1번길 79,,34.81989013,126.38896268,24시간 이용가능,LG유플러스볼트업,02,7,2
LU100283,06,목포백련지구천년가아파트,전남광주통합특별시 목포시 연산백련로1번길 79,,34.81989013,126.38896268,24시간 이용가능,LG유플러스볼트업,02,7,2
LU100283,07,목포백련지구천년가아파트,전남광주통합특별시 목포시 연산백련로1번길 79,,34.81989013,126.38896268,24시간 이용가능,LG유플러스볼트업,02,7,2
LU100283,08,목포백련지구천년가아파트,전남광주통합특별시 목포시 연산백련로1번길 79,,34.81989013,126.38896268,24시간 이용가능,LG유플러스볼트업,02,7,2
LU100283,09,목포백련지구천년가아파트,전남광주통합특별시 목포시 연산백련로1번길 79,,34.81989013,126.38896268,24시간 이용가능,LG유플러스볼트업,02,7,2
LU100283,10,목포백련지구천년가아파트,전남광주통합특별시 목포시 연산백련로1번길 79,,34.81989013,126.38896268,24시간 이용가능,LG유플러스볼트업,02,7,2
LU100283,11,목포백련지구천년가아파트,전남광주통합특별시 목포시 연산백련로1번길 79,,34.81989013,126.38896268,24시간 이용가능,LG유플러스볼트업,02,7,2
LU100789,01,목포모아엘가아파트,전남광주통합특별시 목포시 남악2로22번길 58,,34.8082126,126.4583915,24시간 이용가능,LG유플러스볼트업,02,7,2
LU100789,02,목포모아엘가아파트,전남광주통합특별시 목포시 남악2로22번길 58,,34.8082126,126.4583915,24시간 이용가능,LG유플러스볼트업,02,7,2
LU100789,03,목포모아엘가아파트,전남광주통합특별시 목포시 남악2로22번길 58,,34.8082126,126.4583915,24시간 이용가능,LG유플러스볼트업,02,7,2
LU100789,04,목포모아엘가아파트,전남광주통합특별시 목포시 남악2로22번길 58,,34.8082126,126.4583915,24시간 이용가능,LG유플러스볼트업,02,7,2
LU100789,05,목포모아엘가아파트,전남광주통합특별시 목포시 남악2로22번길 58,,34.8082126,126.4583915,24시간 이용가능,LG유플러스볼트업,02,7,3
LU100789,06,목포모아엘가아파트,전남광주통합특별시 목포시 남악2로22번길 58,,34.8082126,126.4583915,24시간 이용가능,LG유플러스볼트업,02,7,2
MTMOKPOB,01,마창여객 삼학도차고지,전남광주통합특별시 목포시 삼학로 172,,34.787470281,126.40298222,24시간 이용가능,모던텍,04,240,9
MTMOKPOB,02,마창여객 삼학도차고지,전남광주통합특별시 목포시 삼학로 172,,34.787470281,126.40298222,24시간 이용가능,모던텍,04,240,9
MTMOKPOB,03,마창여객 삼학도차고지,전남광주통합특별시 목포시 삼학로 172,,34.787470281,126.40298222,24시간 이용가능,모던텍,04,240,9
MTMOKPOB,04,마창여객 삼학도차고지,전남광주통합특별시 목포시 삼학로 172,,34.787470281,126.40298222,24시간 이용가능,모던텍,04,240,9
MTMOKPOB,05,마창여객 삼학도차고지,전남광주통합특별시 목포시 삼학로 172,,34.787470281,126.40298222,24시간 이용가능,모던텍,04,240,9
MTMOKPOB,06,마창여객 삼학도차고지,전남광주통합특별시 목포시 삼학로 172,,34.787470281,126.40298222,24시간 이용가능,모던텍,04,240,9
MTMOKPOB,07,마창여객 삼학도차고지,전남광주통합특별시 목포시 삼학로 172,,34.787470281,126.40298222,24시간 이용가능,모던텍,04,240,9
MTMOKPOB,08,마창여객 삼학도차고지,전남광주통합특별시 목포시 삼학로 172,,34.787470281,126.40298222,24시간 이용가능,모던텍,04,240,9
NBNB5548,01,목포 한국병원 급속충전기,전남광주통합특별시 목포시 중화길 25-3,지상 주차장,34.8104374,126.4145795,24시간 이용가능,엔비플러스,04,100,2
NBNB5900,01,목포 한국병원 완속충전기,전남광주통합특별시 목포시 중화길 25-3,지상 주차장,34.810437413,126.41457947,24시간 이용가능,엔비플러스,02,7,2
NBNB5900,02,목포 한국병원 완속충전기,전남광주통합특별시 목포시 중화길 25-3,지상 주차장,34.810437413,126.41457947,24시간 이용가능,엔비플러스,02,7,2
NBNB5900,03,목포 한국병원 완속충전기,전남광주통합특별시 목포시 중화길 25-3,지상 주차장,34.810437413,126.41457947,24시간 이용가능,엔비플러스,02,7,2
NBNB5900,04,목포 한국병원 완속충전기,전남광주통합특별시 목포시 중화길 25-3,지상 주차장,34.810437413,126.41457947,24시간 이용가능,엔비플러스,02,7,2
NBNB5900,05,목포 한국병원 완속충전기,전남광주통합특별시 목포시 중화길 25-3,지상 주차장,34.810437413,126.41457947,24시간 이용가능,엔비플러스,02,7,2
NBNB5900,06,목포 한국병원 완속충전기,전남광주통합특별시 목포시 중화길 25-3,지상 주차장,34.810437413,126.41457947,24시간 이용가능,엔비플러스,02,7,2
NBNB5900,07,목포 한국병원 완속충전기,전남광주통합특별시 목포시 중화길 25-3,지상 주차장,34.810437413,126.41457947,24시간 이용가능,엔비플러스,02,7,2
NBNB5900,08,목포 한국병원 완속충전기,전남광주통합특별시 목포시 중화길 25-3,지상 주차장,34.810437413,126.41457947,24시간 이용가능,엔비플러스,02,7,2
NBNB5900,09,목포 한국병원 완속충전기,전남광주통합특별시 목포시 중화길 25-3,지상 주차장,34.810437413,126.41457947,24시간 이용가능,엔비플러스,02,7,2
NBNB5900,10,목포 한국병원 완속충전기,전남광주통합특별시 목포시 중화길 25-3,지상 주차장,34.810437413,126.41457947,24시간 이용가능,엔비플러스,02,7,2
NBNB5900,11,목포 한국병원 완속충전기,전남광주통합특별시 목포시 중화길 25-3,지상 주차장,34.810437413,126.41457947,24시간 이용가능,엔비플러스,02,7,2
NBNB5900,12,목포 한국병원 완속충전기,전남광주통합특별시 목포시 중화길 25-3,지상 주차장,34.810437413,126.41457947,24시간 이용가능,엔비플러스,02,7,2
NBNB6000,01,한국병원 급속충전기,전남광주통합특별시 목포시 영산로 483,외래환자 주차장,34.810241,126.414734,24시간 이용가능,엔비플러스,04,100,9
NT100732,01,광주은행 목포지점,전남광주통합특별시 목포시 영산로 93,,34.7908978,126.3854565,24시간 이용가능,한국전자금융,04,100,2
NT100906,01,목포중앙병원,전남광주통합특별시 목포시 영산로 623,,34.8209175,126.4216527,24시간 이용가능,한국전자금융,02,7,2
NT100906,02,목포중앙병원,전남광주통합특별시 목포시 영산로 623,,34.8209175,126.4216527,24시간 이용가능,한국전자금융,02,7,3
NT100906,03,목포중앙병원,전남광주통합특별시 목포시 영산로 623,,34.8209175,126.4216527,24시간 이용가능,한국전자금융,02,7,9
NT100906,04,목포중앙병원,전남광주통합특별시 목포시 영산로 623,,34.8209175,126.4216527,24시간 이용가능,한국전자금융,02,7,2
NT100906,05,목포중앙병원,전남광주통합특별시 목포시 영산로 623,,34.8209175,126.4216527,24시간 이용가능,한국전자금융,02,7,3
NT100906,06,목포중앙병원,전남광주통합특별시 목포시 영산로 623,,34.8209175,126.4216527,24시간 이용가능,한국전자금융,02,7,2
NT101158,01,목포 옥암푸르지오아파트,전남광주통합특별시 목포시 남악1로 51,,34.809562355,126.44508191,24시간 이용가능,한국전자금융,02,7,2
NT101158,02,목포 옥암푸르지오아파트,전남광주통합특별시 목포시 남악1로 51,,34.809562355,126.44508191,24시간 이용가능,한국전자금융,02,7,2
NT101158,03,목포 옥암푸르지오아파트,전남광주통합특별시 목포시 남악1로 51,,34.809562355,126.44508191,24시간 이용가능,한국전자금융,02,7,2
NT101158,04,목포 옥암푸르지오아파트,전남광주통합특별시 목포시 남악1로 51,,34.809562355,126.44508191,24시간 이용가능,한국전자금융,02,7,3
NT101158,05,목포 옥암푸르지오아파트,전남광주통합특별시 목포시 남악1로 51,,34.809562355,126.44508191,24시간 이용가능,한국전자금융,02,7,2
NT101158,06,목포 옥암푸르지오아파트,전남광주통합특별시 목포시 남악1로 51,,34.809562355,126.44508191,24시간 이용가능,한국전자금융,02,7,2
NT101158,07,목포 옥암푸르지오아파트,전남광주통합특별시 목포시 남악1로 51,,34.809562355,126.44508191,24시간 이용가능,한국전자금융,02,7,2
NT101282,01,목포 용당주공1단지아파트,전남광주통합특별시 목포시 송림로 5,,34.8079267,126.3992441,24시간 이용가능,한국전자금융,02,7,2
NT101282,02,목포 용당주공1단지아파트,전남광주통합특별시 목포시 송림로 5,,34.8079267,126.3992441,24시간 이용가능,한국전자금융,02,7,2
NT101282,03,목포 용당주공1단지아파트,전남광주통합특별시 목포시 송림로 5,,34.8079267,126.3992441,24시간 이용가능,한국전자금융,02,7,2
NT101282,04,목포 용당주공1단지아파트,전남광주통합특별시 목포시 송림로 5,,34.8079267,126.3992441,24시간 이용가능,한국전자금융,02,7,2
NT101282,05,목포 용당주공1단지아파트,전남광주통합특별시 목포시 송림로 5,,34.8079267,126.3992441,24시간 이용가능,한국전자금융,02,7,2
NT101282,06,목포 용당주공1단지아파트,전남광주통합특별시 목포시 송림로 5,,34.8079267,126.3992441,24시간 이용가능,한국전자금융,02,7,2
NT101282,07,목포 용당주공1단지아파트,전남광주통합특별시 목포시 송림로 5,,34.8079267,126.3992441,24시간 이용가능,한국전자금융,02,7,2
NT101284,01,목포 종합버스터미널,전남광주통합특별시 목포시 영산로 525,,34.812538541,126.41817971,24시간 이용가능,한국전자금융,02,7,2
NT101284,02,목포 종합버스터미널,전남광주통합특별시 목포시 영산로 525,,34.812538541,126.41817971,24시간 이용가능,한국전자금융,02,7,2
NT101379,01,목포 MBC사옥,전남광주통합특별시 목포시 영산로 101,,34.79164,126.38572,24시간 이용가능,한국전자금융,02,7,3
NT101379,02,목포 MBC사옥,전남광주통합특별시 목포시 영산로 101,,34.79164,126.38572,24시간 이용가능,한국전자금융,02,7,2
NT101442,01,목포 옥암코아루아파트,전남광주통합특별시 목포시 당가두로13번길 12,,34.8089661,126.4369765,24시간 이용가능,한국전자금융,02,7,2
NT101442,02,목포 옥암코아루아파트,전남광주통합특별시 목포시 당가두로13번길 12,,34.8089661,126.4369765,24시간 이용가능,한국전자금융,02,7,2
NT101442,03,목포 옥암코아루아파트,전남광주통합특별시 목포시 당가두로13번길 12,,34.8089661,126.4369765,24시간 이용가능,한국전자금융,02,7,2
NT101442,04,목포 옥암코아루아파트,전남광주통합특별시 목포시 당가두로13번길 12,,34.8089661,126.4369765,24시간 이용가능,한국전자금융,02,7,2
NT101442,05,목포 옥암코아루아파트,전남광주통합특별시 목포시 당가두로13번길 12,,34.8089661,126.4369765,24시간 이용가능,한국전자금융,02,7,2
NT101442,06,목포 옥암코아루아파트,전남광주통합특별시 목포시 당가두로13번길 12,,34.8089661,126.4369765,24시간 이용가능,한국전자금융,02,7,2
NT101442,07,목포 옥암코아루아파트,전남광주통합특별시 목포시 당가두로13번길 12,,34.8089661,126.4369765,24시간 이용가능,한국전자금융,02,7,9
NT101442,08,목포 옥암코아루아파트,전남광주통합특별시 목포시 당가두로13번길 12,,34.8089661,126.4369765,24시간 이용가능,한국전자금융,02,7,2
NT101521,01,목포 한양립스더포레아파트,전남광주통합특별시 목포시 영산로 719-32,,34.82766,126.41559,24시간 이용가능,한국전자금융,06,50,2
NT101521,02,목포 한양립스더포레아파트,전남광주통합특별시 목포시 영산로 719-32,,34.82766,126.41559,24시간 이용가능,한국전자금융,02,7,2
NT101521,03,목포 한양립스더포레아파트,전남광주통합특별시 목포시 영산로 719-32,,34.82766,126.41559,24시간 이용가능,한국전자금융,02,7,2
NT101521,04,목포 한양립스더포레아파트,전남광주통합특별시 목포시 영산로 719-32,,34.82766,126.41559,24시간 이용가능,한국전자금융,02,7,2
NT101521,05,목포 한양립스더포레아파트,전남광주통합특별시 목포시 영산로 719-32,,34.82766,126.41559,24시간 이용가능,한국전자금융,02,7,2
NT101521,06,목포 한양립스더포레아파트,전남광주통합특별시 목포시 영산로 719-32,,34.82766,126.41559,24시간 이용가능,한국전자금융,02,7,2
NT101521,07,목포 한양립스더포레아파트,전남광주통합특별시 목포시 영산로 719-32,,34.82766,126.41559,24시간 이용가능,한국전자금융,02,7,2
NT101521,08,목포 한양립스더포레아파트,전남광주통합특별시 목포시 영산로 719-32,,34.82766,126.41559,24시간 이용가능,한국전자금융,02,7,2
NT101521,09,목포 한양립스더포레아파트,전남광주통합특별시 목포시 영산로 719-32,,34.82766,126.41559,24시간 이용가능,한국전자금융,02,7,2
NT101521,10,목포 한양립스더포레아파트,전남광주통합특별시 목포시 영산로 719-32,,34.82766,126.41559,24시간 이용가능,한국전자금융,02,7,2
NT101521,11,목포 한양립스더포레아파트,전남광주통합특별시 목포시 영산로 719-32,,34.82766,126.41559,24시간 이용가능,한국전자금융,02,7,2
NT101521,12,목포 한양립스더포레아파트,전남광주통합특별시 목포시 영산로 719-32,,34.82766,126.41559,24시간 이용가능,한국전자금융,02,7,2
NT101521,13,목포 한양립스더포레아파트,전남광주통합특별시 목포시 영산로 719-32,,34.82766,126.41559,24시간 이용가능,한국전자금융,02,7,2
NT101521,14,목포 한양립스더포레아파트,전남광주통합특별시 목포시 영산로 719-32,,34.82766,126.41559,24시간 이용가능,한국전자금융,02,7,2
NT101521,15,목포 한양립스더포레아파트,전남광주통합특별시 목포시 영산로 719-32,,34.82766,126.41559,24시간 이용가능,한국전자금융,02,7,2
NT101521,16,목포 한양립스더포레아파트,전남광주통합특별시 목포시 영산로 719-32,,34.82766,126.41559,24시간 이용가능,한국전자금융,02,7,2
NT101521,17,목포 한양립스더포레아파트,전남광주통합특별시 목포시 영산로 719-32,,34.82766,126.41559,24시간 이용가능,한국전자금융,02,7,2
NT101521,18,목포 한양립스더포레아파트,전남광주통합특별시 목포시 영산로 719-32,,34.82766,126.41559,24시간 이용가능,한국전자금융,02,7,2
NT101521,19,목포 한양립스더포레아파트,전남광주통합특별시 목포시 영산로 719-32,,34.82766,126.41559,24시간 이용가능,한국전자금융,02,7,2
NT101521,20,목포 한양립스더포레아파트,전남광주통합특별시 목포시 영산로 719-32,,34.82766,126.41559,24시간 이용가능,한국전자금융,02,7,2
NT101521,21,목포 한양립스더포레아파트,전남광주통합특별시 목포시 영산로 719-32,,34.82766,126.41559,24시간 이용가능,한국전자금융,02,7,3
NT101521,22,목포 한양립스더포레아파트,전남광주통합특별시 목포시 영산로 719-32,,34.82766,126.41559,24시간 이용가능,한국전자금융,02,7,2
NT101521,23,목포 한양립스더포레아파트,전남광주통합특별시 목포시 영산로 719-32,,34.82766,126.41559,24시간 이용가능,한국전자금융,02,7,2
NT101521,24,목포 한양립스더포레아파트,전남광주통합특별시 목포시 영산로 719-32,,34.82766,126.41559,24시간 이용가능,한국전자금융,02,7,2
NT101521,25,목포 한양립스더포레아파트,전남광주통합특별시 목포시 영산로 719-32,,34.82766,126.41559,24시간 이용가능,한국전자금융,02,7,2
NT101521,26,목포 한양립스더포레아파트,전남광주통합특별시 목포시 영산로 719-32,,34.82766,126.41559,24시간 이용가능,한국전자금융,02,7,2
NT101521,27,목포 한양립스더포레아파트,전남광주통합특별시 목포시 영산로 719-32,,34.82766,126.41559,24시간 이용가능,한국전자금융,02,7,2
NT101521,28,목포 한양립스더포레아파트,전남광주통합특별시 목포시 영산로 719-32,,34.82766,126.41559,24시간 이용가능,한국전자금융,02,7,2
NT101521,29,목포 한양립스더포레아파트,전남광주통합특별시 목포시 영산로 719-32,,34.82766,126.41559,24시간 이용가능,한국전자금융,02,7,2
NT101521,30,목포 한양립스더포레아파트,전남광주통합특별시 목포시 영산로 719-32,,34.82766,126.41559,24시간 이용가능,한국전자금융,02,7,2
NT101658,01,목포 하당꿈동산신안2차아파트,전남광주통합특별시 목포시 하당로 14,,34.79836,126.42477,24시간 이용가능,한국전자금융,02,7,2
NT101658,02,목포 하당꿈동산신안2차아파트,전남광주통합특별시 목포시 하당로 14,,34.79836,126.42477,24시간 이용가능,한국전자금융,02,7,2
NT101658,03,목포 하당꿈동산신안2차아파트,전남광주통합특별시 목포시 하당로 14,,34.79836,126.42477,24시간 이용가능,한국전자금융,02,7,2
NT101658,04,목포 하당꿈동산신안2차아파트,전남광주통합특별시 목포시 하당로 14,,34.79836,126.42477,24시간 이용가능,한국전자금융,02,7,2
NT101658,05,목포 하당꿈동산신안2차아파트,전남광주통합특별시 목포시 하당로 14,,34.79836,126.42477,24시간 이용가능,한국전자금융,02,7,2
NT101658,06,목포 하당꿈동산신안2차아파트,전남광주통합특별시 목포시 하당로 14,,34.79836,126.42477,24시간 이용가능,한국전자금융,02,7,2
NT101658,07,목포 하당꿈동산신안2차아파트,전남광주통합특별시 목포시 하당로 14,,34.79836,126.42477,24시간 이용가능,한국전자금융,02,7,2
NT101658,08,목포 하당꿈동산신안2차아파트,전남광주통합특별시 목포시 하당로 14,,34.79836,126.42477,24시간 이용가능,한국전자금융,02,7,2
NT101658,09,목포 하당꿈동산신안2차아파트,전남광주통합특별시 목포시 하당로 14,,34.79836,126.42477,24시간 이용가능,한국전자금융,02,7,3
NT101658,10,목포 하당꿈동산신안2차아파트,전남광주통합특별시 목포시 하당로 14,,34.79836,126.42477,24시간 이용가능,한국전자금융,02,7,2
NT101658,11,목포 하당꿈동산신안2차아파트,전남광주통합특별시 목포시 하당로 14,,34.79836,126.42477,24시간 이용가능,한국전자금융,02,7,2
NT101658,12,목포 하당꿈동산신안2차아파트,전남광주통합특별시 목포시 하당로 14,,34.79836,126.42477,24시간 이용가능,한국전자금융,02,7,2
NT101658,13,목포 하당꿈동산신안2차아파트,전남광주통합특별시 목포시 하당로 14,,34.79836,126.42477,24시간 이용가능,한국전자금융,02,7,2
NT101658,14,목포 하당꿈동산신안2차아파트,전남광주통합특별시 목포시 하당로 14,,34.79836,126.42477,24시간 이용가능,한국전자금융,02,7,2
NT101658,15,목포 하당꿈동산신안2차아파트,전남광주통합특별시 목포시 하당로 14,,34.79836,126.42477,24시간 이용가능,한국전자금융,02,7,2
NT101658,16,목포 하당꿈동산신안2차아파트,전남광주통합특별시 목포시 하당로 14,,34.79836,126.42477,24시간 이용가능,한국전자금융,02,7,2
NT101658,17,목포 하당꿈동산신안2차아파트,전남광주통합특별시 목포시 하당로 14,,34.79836,126.42477,24시간 이용가능,한국전자금융,02,7,2
NT101658,18,목포 하당꿈동산신안2차아파트,전남광주통합특별시 목포시 하당로 14,,34.79836,126.42477,24시간 이용가능,한국전자금융,02,7,2
NT101659,01,목포 하당현대아파트,전남광주통합특별시 목포시 통일대로37번길 33,,34.80176,126.42662,24시간 이용가능,한국전자금융,02,7,3
NT101659,02,목포 하당현대아파트,전남광주통합특별시 목포시 통일대로37번길 33,,34.80176,126.42662,24시간 이용가능,한국전자금융,02,7,2
NT101659,03,목포 하당현대아파트,전남광주통합특별시 목포시 통일대로37번길 33,,34.80176,126.42662,24시간 이용가능,한국전자금융,02,7,3
NT101659,04,목포 하당현대아파트,전남광주통합특별시 목포시 통일대로37번길 33,,34.80176,126.42662,24시간 이용가능,한국전자금융,02,7,2
NT101659,05,목포 하당현대아파트,전남광주통합특별시 목포시 통일대로37번길 33,,34.80176,126.42662,24시간 이용가능,한국전자금융,02,7,2
NT101659,06,목포 하당현대아파트,전남광주통합특별시 목포시 통일대로37번길 33,,34.80176,126.42662,24시간 이용가능,한국전자금융,02,7,2
NT101659,07,목포 하당현대아파트,전남광주통합특별시 목포시 통일대로37번길 33,,34.80176,126.42662,24시간 이용가능,한국전자금융,02,7,2
NT101659,08,목포 하당현대아파트,전남광주통합특별시 목포시 통일대로37번길 33,,34.80176,126.42662,24시간 이용가능,한국전자금융,02,7,2
NT101659,09,목포 하당현대아파트,전남광주통합특별시 목포시 통일대로37번길 33,,34.80176,126.42662,24시간 이용가능,한국전자금융,02,7,2
NT101659,10,목포 하당현대아파트,전남광주통합특별시 목포시 통일대로37번길 33,,34.80176,126.42662,24시간 이용가능,한국전자금융,02,7,2
NT101659,11,목포 하당현대아파트,전남광주통합특별시 목포시 통일대로37번길 33,,34.80176,126.42662,24시간 이용가능,한국전자금융,02,7,2
NT101659,12,목포 하당현대아파트,전남광주통합특별시 목포시 통일대로37번길 33,,34.80176,126.42662,24시간 이용가능,한국전자금융,02,7,2
NT101659,13,목포 하당현대아파트,전남광주통합특별시 목포시 통일대로37번길 33,,34.80176,126.42662,24시간 이용가능,한국전자금융,02,7,2
NT101659,14,목포 하당현대아파트,전남광주통합특별시 목포시 통일대로37번길 33,,34.80176,126.42662,24시간 이용가능,한국전자금융,02,7,2
NT101659,15,목포 하당현대아파트,전남광주통합특별시 목포시 통일대로37번길 33,,34.80176,126.42662,24시간 이용가능,한국전자금융,02,7,2
NT101659,16,목포 하당현대아파트,전남광주통합특별시 목포시 통일대로37번길 33,,34.80176,126.42662,24시간 이용가능,한국전자금융,02,7,2
NT101659,17,목포 하당현대아파트,전남광주통합특별시 목포시 통일대로37번길 33,,34.80176,126.42662,24시간 이용가능,한국전자금융,02,7,2
NT101659,18,목포 하당현대아파트,전남광주통합특별시 목포시 통일대로37번길 33,,34.80176,126.42662,24시간 이용가능,한국전자금융,02,7,2
NT101659,19,목포 하당현대아파트,전남광주통합특별시 목포시 통일대로37번길 33,,34.80176,126.42662,24시간 이용가능,한국전자금융,02,7,2
NT101659,20,목포 하당현대아파트,전남광주통합특별시 목포시 통일대로37번길 33,,34.80176,126.42662,24시간 이용가능,한국전자금융,02,7,2
NT101659,21,목포 하당현대아파트,전남광주통합특별시 목포시 통일대로37번길 33,,34.80176,126.42662,24시간 이용가능,한국전자금융,02,7,2
NT101754,01,목포 상동현대아파트,전남광주통합특별시 목포시 상동로 33,,34.81153,126.41467,24시간 이용가능,한국전자금융,02,7,2
NT101754,02,목포 상동현대아파트,전남광주통합특별시 목포시 상동로 33,,34.81153,126.41467,24시간 이용가능,한국전자금융,02,7,2
NT101754,03,목포 상동현대아파트,전남광주통합특별시 목포시 상동로 33,,34.81153,126.41467,24시간 이용가능,한국전자금융,02,7,2
NT101754,04,목포 상동현대아파트,전남광주통합특별시 목포시 상동로 33,,34.81153,126.41467,24시간 이용가능,한국전자금융,02,7,2
NT101754,05,목포 상동현대아파트,전남광주통합특별시 목포시 상동로 33,,34.81153,126.41467,24시간 이용가능,한국전자금융,02,7,2
NT101754,06,목포 상동현대아파트,전남광주통합특별시 목포시 상동로 33,,34.81153,126.41467,24시간 이용가능,한국전자금융,02,7,3
NT101754,07,목포 상동현대아파트,전남광주통합특별시 목포시 상동로 33,,34.81153,126.41467,24시간 이용가능,한국전자금융,02,7,2
NT101754,08,목포 상동현대아파트,전남광주통합특별시 목포시 상동로 33,,34.81153,126.41467,24시간 이용가능,한국전자금융,02,7,2
NT101754,09,목포 상동현대아파트,전남광주통합특별시 목포시 상동로 33,,34.81153,126.41467,24시간 이용가능,한국전자금융,02,7,2
NT101809,01,목포 성지비버리힐스아파트,전남광주통합특별시 목포시 평화로14번길 6,,34.79672,126.42720,24시간 이용가능,한국전자금융,02,7,2
NT101809,02,목포 성지비버리힐스아파트,전남광주통합특별시 목포시 평화로14번길 6,,34.79672,126.42720,24시간 이용가능,한국전자금융,02,7,2
NT101809,03,목포 성지비버리힐스아파트,전남광주통합특별시 목포시 평화로14번길 6,,34.79672,126.42720,24시간 이용가능,한국전자금융,02,7,2
NT101809,04,목포 성지비버리힐스아파트,전남광주통합특별시 목포시 평화로14번길 6,,34.79672,126.42720,24시간 이용가능,한국전자금융,02,7,2
NT101809,05,목포 성지비버리힐스아파트,전남광주통합특별시 목포시 평화로14번길 6,,34.79672,126.42720,24시간 이용가능,한국전자금융,02,7,2
NT101867,01,목포 옥암골드클래스아파트,전남광주통합특별시 목포시 남악1로16번길 10,,34.8058,126.44858,24시간 이용가능,NICE인프라,02,7,2
NT101867,02,목포 옥암골드클래스아파트,전남광주통합특별시 목포시 남악1로16번길 10,,34.8058,126.44858,24시간 이용가능,NICE인프라,02,7,2
NT101867,03,목포 옥암골드클래스아파트,전남광주통합특별시 목포시 남악1로16번길 10,,34.8058,126.44858,24시간 이용가능,NICE인프라,02,7,3
NT101867,04,목포 옥암골드클래스아파트,전남광주통합특별시 목포시 남악1로16번길 10,,34.8058,126.44858,24시간 이용가능,NICE인프라,02,7,3
NT101867,05,목포 옥암골드클래스아파트,전남광주통합특별시 목포시 남악1로16번길 10,,34.8058,126.44858,24시간 이용가능,NICE인프라,02,7,2
NT101867,06,목포 옥암골드클래스아파트,전남광주통합특별시 목포시 남악1로16번길 10,,34.8058,126.44858,24시간 이용가능,NICE인프라,02,7,2
NT101867,07,목포 옥암골드클래스아파트,전남광주통합특별시 목포시 남악1로16번길 10,,34.8058,126.44858,24시간 이용가능,NICE인프라,02,7,2
NT101867,08,목포 옥암골드클래스아파트,전남광주통합특별시 목포시 남악1로16번길 10,,34.8058,126.44858,24시간 이용가능,NICE인프라,02,7,2
NT101867,09,목포 옥암골드클래스아파트,전남광주통합특별시 목포시 남악1로16번길 10,,34.8058,126.44858,24시간 이용가능,NICE인프라,02,7,2
NT101867,10,목포 옥암골드클래스아파트,전남광주통합특별시 목포시 남악1로16번길 10,,34.8058,126.44858,24시간 이용가능,NICE인프라,02,7,3
NT101867,11,목포 옥암골드클래스아파트,전남광주통합특별시 목포시 남악1로16번길 10,,34.8058,126.44858,24시간 이용가능,NICE인프라,02,7,2
NT102044,01,목포 하당제일풍경채3차아파트,전남광주통합특별시 목포시 하당로289번길 16,,34.81303,126.42655,24시간 이용가능,한국전자금융,02,7,2
NT102044,02,목포 하당제일풍경채3차아파트,전남광주통합특별시 목포시 하당로289번길 16,,34.81303,126.42655,24시간 이용가능,한국전자금융,02,7,2
NT102044,03,목포 하당제일풍경채3차아파트,전남광주통합특별시 목포시 하당로289번길 16,,34.81303,126.42655,24시간 이용가능,한국전자금융,02,7,2
NT102044,04,목포 하당제일풍경채3차아파트,전남광주통합특별시 목포시 하당로289번길 16,,34.81303,126.42655,24시간 이용가능,한국전자금융,02,7,2
NT102044,05,목포 하당제일풍경채3차아파트,전남광주통합특별시 목포시 하당로289번길 16,,34.81303,126.42655,24시간 이용가능,한국전자금융,02,7,3
NT102044,06,목포 하당제일풍경채3차아파트,전남광주통합특별시 목포시 하당로289번길 16,,34.81303,126.42655,24시간 이용가능,한국전자금융,02,7,2
NT102044,07,목포 하당제일풍경채3차아파트,전남광주통합특별시 목포시 하당로289번길 16,,34.81303,126.42655,24시간 이용가능,한국전자금융,02,7,2
NT102044,08,목포 하당제일풍경채3차아파트,전남광주통합특별시 목포시 하당로289번길 16,,34.81303,126.42655,24시간 이용가능,한국전자금융,02,7,2
NT102044,09,목포 하당제일풍경채3차아파트,전남광주통합특별시 목포시 하당로289번길 16,,34.81303,126.42655,24시간 이용가능,한국전자금융,02,7,2
NT102086,01,목포 우성아파트,전남광주통합특별시 목포시 신흥로 13,,34.80206,126.4214,24시간 이용가능,NICE인프라,02,7,2
NT102086,02,목포 우성아파트,전남광주통합특별시 목포시 신흥로 13,,34.80206,126.4214,24시간 이용가능,NICE인프라,02,7,2
NT102086,03,목포 우성아파트,전남광주통합특별시 목포시 신흥로 13,,34.80206,126.4214,24시간 이용가능,NICE인프라,02,7,2
NT102086,04,목포 우성아파트,전남광주통합특별시 목포시 신흥로 13,,34.80206,126.4214,24시간 이용가능,NICE인프라,02,7,3
NT102086,05,목포 우성아파트,전남광주통합특별시 목포시 신흥로 13,,34.80206,126.4214,24시간 이용가능,NICE인프라,02,7,2
NT102086,06,목포 우성아파트,전남광주통합특별시 목포시 신흥로 13,,34.80206,126.4214,24시간 이용가능,NICE인프라,02,7,2
NT102111,01,목포 연산주공2단지아파트,전남광주통합특별시 목포시 원산중앙로 108,,34.81188,126.38338,24시간 이용가능,NICE인프라,02,7,2
NT102111,02,목포 연산주공2단지아파트,전남광주통합특별시 목포시 원산중앙로 108,,34.81188,126.38338,24시간 이용가능,NICE인프라,02,7,2
NT102111,03,목포 연산주공2단지아파트,전남광주통합특별시 목포시 원산중앙로 108,,34.81188,126.38338,24시간 이용가능,NICE인프라,02,7,2
NT102111,04,목포 연산주공2단지아파트,전남광주통합특별시 목포시 원산중앙로 108,,34.81188,126.38338,24시간 이용가능,NICE인프라,02,7,2
NT102111,05,목포 연산주공2단지아파트,전남광주통합특별시 목포시 원산중앙로 108,,34.81188,126.38338,24시간 이용가능,NICE인프라,02,7,2
NT102111,06,목포 연산주공2단지아파트,전남광주통합특별시 목포시 원산중앙로 108,,34.81188,126.38338,24시간 이용가능,NICE인프라,02,7,2
NX000008,01,목포 해양대학교 해양공학관 A9동,전남광주통합특별시 목포시 해양대학로 91,해양공학관 A9동,34.79220,126.3623,24시간 이용가능,넥씽,04,100,9
NX000008,02,목포 해양대학교 해양공학관 A9동,전남광주통합특별시 목포시 해양대학로 91,해양공학관 A9동,34.79220,126.3623,24시간 이용가능,넥씽,04,100,9
PC000409,01,국립해양유산연구소(목포),전남광주통합특별시 목포시 남농로 136,,34.791909,126.421766,24시간 이용가능,파킹클라우드,02,7,3
PC000409,02,국립해양유산연구소(목포),전남광주통합특별시 목포시 남농로 136,,34.791909,126.421766,24시간 이용가능,파킹클라우드,02,7,3
PC000409,03,국립해양유산연구소(목포),전남광주통합특별시 목포시 남농로 136,,34.791909,126.421766,24시간 이용가능,파킹클라우드,04,50,2
PC000409,04,국립해양유산연구소(목포),전남광주통합특별시 목포시 남농로 136,,34.791909,126.421766,24시간 이용가능,파킹클라우드,04,50,2
PC001040,01,목포 건어물 젓갈센터,전남광주통합특별시 목포시 수강로12번길 41,,34.7890049,126.3881916,24시간 이용가능,아이파킹,04,50,2
PC001046,01,목포 실내수영장,전남광주통합특별시 목포시 상동 349-1 목포실내체육관,,34.8241061,126.4072451,24시간 이용가능,아이파킹,02,7,2
PC001046,02,목포 실내수영장,전남광주통합특별시 목포시 상동 349-1 목포실내체육관,,34.8241061,126.4072451,24시간 이용가능,아이파킹,02,7,2
PC001046,03,목포 실내수영장,전남광주통합특별시 목포시 상동 349-1 목포실내체육관,,34.8241061,126.4072451,24시간 이용가능,아이파킹,04,50,2
PC001048,01,부주산 국민체육센터(목포),전남광주통합특별시 목포시 부주로 312,,34.8119114,126.4367126,24시간 이용가능,아이파킹,02,7,2
PC001048,02,부주산 국민체육센터(목포),전남광주통합특별시 목포시 부주로 312,,34.8119114,126.4367126,24시간 이용가능,아이파킹,02,7,2
PC001048,03,부주산 국민체육센터(목포),전남광주통합특별시 목포시 부주로 312,,34.8119114,126.4367126,24시간 이용가능,아이파킹,04,50,2
PC001050,01,목포 농수산물유통센터,전남광주통합특별시 목포시 선곡로 33,,34.819085,126.4285499,24시간 이용가능,아이파킹,02,7,2
PC001050,02,목포 농수산물유통센터,전남광주통합특별시 목포시 선곡로 33,,34.819085,126.4285499,24시간 이용가능,아이파킹,02,7,2
PC001050,03,목포 농수산물유통센터,전남광주통합특별시 목포시 선곡로 33,,34.819085,126.4285499,24시간 이용가능,아이파킹,02,7,2
PC001050,04,목포 농수산물유통센터,전남광주통합특별시 목포시 선곡로 33,,34.819085,126.4285499,24시간 이용가능,아이파킹,02,7,2
PC001050,05,목포 농수산물유통센터,전남광주통합특별시 목포시 선곡로 33,,34.819085,126.4285499,24시간 이용가능,아이파킹,02,7,2
PC001050,06,목포 농수산물유통센터,전남광주통합특별시 목포시 선곡로 33,,34.819085,126.4285499,24시간 이용가능,아이파킹,02,7,2
PC001050,07,목포 농수산물유통센터,전남광주통합특별시 목포시 선곡로 33,,34.819085,126.4285499,24시간 이용가능,아이파킹,02,7,2
PC001050,08,목포 농수산물유통센터,전남광주통합특별시 목포시 선곡로 33,,34.819085,126.4285499,24시간 이용가능,아이파킹,02,7,2
PC001050,09,목포 농수산물유통센터,전남광주통합특별시 목포시 선곡로 33,,34.819085,126.4285499,24시간 이용가능,아이파킹,04,50,2
PC001050,10,목포 농수산물유통센터,전남광주통합특별시 목포시 선곡로 33,,34.819085,126.4285499,24시간 이용가능,아이파킹,04,50,2
PC001243,01,유달산주차장(목포),전남광주통합특별시 목포시 마인계터로 11,,34.790179128,126.37981033,24시간 이용가능,아이파킹,04,50,2
PC001465,01,효성요양병원(목포),전남광주통합특별시 목포시 양을로 456,,34.8137871,126.416187,24시간 이용가능,아이파킹,02,7,2
PC001465,02,효성요양병원(목포),전남광주통합특별시 목포시 양을로 456,,34.8137871,126.416187,24시간 이용가능,아이파킹,02,7,2
PC001611,01,(재)목포수산식품지원센터,전남광주통합특별시 목포시 고하대로719번길 52,,34.8142286,126.3709359,00:00 ~ 24:00,아이파킹,02,7,2
PC001611,02,(재)목포수산식품지원센터,전남광주통합특별시 목포시 고하대로719번길 52,,34.8142286,126.3709359,00:00 ~ 24:00,아이파킹,04,50,2
PC001613,01,목포바다과학관,전남광주통합특별시 목포시 삼학로92번길 98,,34.7818248,126.3889026,00:00 ~ 24:00,아이파킹,02,7,2
PC001613,02,목포바다과학관,전남광주통합특별시 목포시 삼학로92번길 98,,34.7818248,126.3889026,00:00 ~ 24:00,아이파킹,04,50,2
PC001613,03,목포바다과학관,전남광주통합특별시 목포시 삼학로92번길 98,,34.7818248,126.3889026,00:00 ~ 24:00,아이파킹,04,50,2
PC001614,01,하당동 행정복지센터(목포),전남광주통합특별시 목포시 하당로 215,,34.8085235,126.420071,00:00 ~ 24:00,아이파킹,04,50,2
PC002024,01,목포문화예술회관,전남광주통합특별시 목포시 남농로 102,,34.7922313,126.4189757,24시간 이용가능,아이파킹,02,7,2
PC002024,02,목포문화예술회관,전남광주통합특별시 목포시 남농로 102,,34.7922313,126.4189757,24시간 이용가능,아이파킹,02,7,2
PC002024,03,목포문화예술회관,전남광주통합특별시 목포시 남농로 102,,34.7922313,126.4189757,24시간 이용가능,아이파킹,02,7,2
PC002024,04,목포문화예술회관,전남광주통합특별시 목포시 남농로 102,,34.7922313,126.4189757,24시간 이용가능,아이파킹,02,7,2
PC002024,05,목포문화예술회관,전남광주통합특별시 목포시 남농로 102,,34.7922313,126.4189757,24시간 이용가능,아이파킹,04,50,2
PI122338,01,신안비치팔레스2차아파트,"전남광주통합특별시 목포시 청호로220번길 5 (산정동, 신안비치팔레스아파트)",,34.809700,126.370000,24시간 이용가능,GS차지비,02,7,2
PI202121,06,목포시 금호어울림아파트,전남광주통합특별시 목포시 텃골로33번길 53,,34.8184,126.418,24시간 이용가능,GS차지비,02,7,2
PI202121,07,목포시 금호어울림아파트,전남광주통합특별시 목포시 텃골로33번길 53,,34.8184,126.418,24시간 이용가능,GS차지비,02,7,2
PI202121,08,목포시 금호어울림아파트,전남광주통합특별시 목포시 텃골로33번길 53,,34.8184,126.418,24시간 이용가능,GS차지비,02,7,2
PI202121,09,목포시 금호어울림아파트,전남광주통합특별시 목포시 텃골로33번길 53,,34.8184,126.418,24시간 이용가능,GS차지비,02,7,2
PI202121,10,목포시 금호어울림아파트,전남광주통합특별시 목포시 텃골로33번길 53,,34.8184,126.418,24시간 이용가능,GS차지비,02,7,2
PI202121,11,목포시 금호어울림아파트,전남광주통합특별시 목포시 텃골로33번길 53,,34.8184,126.418,24시간 이용가능,GS차지비,02,7,2
PI202121,12,목포시 금호어울림아파트,전남광주통합특별시 목포시 텃골로33번길 53,,34.8184,126.418,24시간 이용가능,GS차지비,02,7,2
PI202121,13,목포시 금호어울림아파트,전남광주통합특별시 목포시 텃골로33번길 53,,34.8184,126.418,24시간 이용가능,GS차지비,02,7,2
PI202121,14,목포시 금호어울림아파트,전남광주통합특별시 목포시 텃골로33번길 53,,34.8184,126.418,24시간 이용가능,GS차지비,02,7,2
PI202121,15,목포시 금호어울림아파트,전남광주통합특별시 목포시 텃골로33번길 53,,34.8184,126.418,24시간 이용가능,GS차지비,02,7,2
PI202121,16,목포시 금호어울림아파트,전남광주통합특별시 목포시 텃골로33번길 53,,34.8184,126.418,24시간 이용가능,GS차지비,02,7,2
PI202121,17,목포시 금호어울림아파트,전남광주통합특별시 목포시 텃골로33번길 53,,34.8184,126.418,24시간 이용가능,GS차지비,02,7,2
PI202121,18,목포시 금호어울림아파트,전남광주통합특별시 목포시 텃골로33번길 53,,34.8184,126.418,24시간 이용가능,GS차지비,02,7,2
PI202121,19,목포시 금호어울림아파트,전남광주통합특별시 목포시 텃골로33번길 53,,34.8184,126.418,24시간 이용가능,GS차지비,02,7,2
PI202121,20,목포시 금호어울림아파트,전남광주통합특별시 목포시 텃골로33번길 53,,34.8184,126.418,24시간 이용가능,GS차지비,02,7,2
PI202121,21,목포시 금호어울림아파트,전남광주통합특별시 목포시 텃골로33번길 53,,34.8184,126.418,24시간 이용가능,GS차지비,02,7,2
PI202141,08,목포상동호반리젠시빌,전남광주통합특별시 목포시 영산로535번길 6,,34.8138,126.418,24시간 이용가능,차지비,02,7,2
PI202141,09,목포상동호반리젠시빌,전남광주통합특별시 목포시 영산로535번길 6,,34.8138,126.418,24시간 이용가능,차지비,02,7,2
PI202141,10,목포상동호반리젠시빌,전남광주통합특별시 목포시 영산로535번길 6,,34.8138,126.418,24시간 이용가능,차지비,02,7,2
PI202141,11,목포상동호반리젠시빌,전남광주통합특별시 목포시 영산로535번길 6,,34.8138,126.418,24시간 이용가능,차지비,02,7,3
PI202141,12,목포상동호반리젠시빌,전남광주통합특별시 목포시 영산로535번길 6,,34.8138,126.418,24시간 이용가능,차지비,02,7,2
PI202141,13,목포상동호반리젠시빌,전남광주통합특별시 목포시 영산로535번길 6,,34.8138,126.418,24시간 이용가능,차지비,02,7,2
PI202141,14,목포상동호반리젠시빌,전남광주통합특별시 목포시 영산로535번길 6,,34.8138,126.418,24시간 이용가능,차지비,02,7,2
PI202141,15,목포상동호반리젠시빌,전남광주통합특별시 목포시 영산로535번길 6,,34.8138,126.418,24시간 이용가능,차지비,02,7,2
PI202141,16,목포상동호반리젠시빌,전남광주통합특별시 목포시 영산로535번길 6,,34.8138,126.418,24시간 이용가능,차지비,02,7,2
PI202141,17,목포상동호반리젠시빌,전남광주통합특별시 목포시 영산로535번길 6,,34.8138,126.418,24시간 이용가능,차지비,02,7,2
PI202141,18,목포상동호반리젠시빌,전남광주통합특별시 목포시 영산로535번길 6,,34.8138,126.418,24시간 이용가능,차지비,02,7,2
PI202141,19,목포상동호반리젠시빌,전남광주통합특별시 목포시 영산로535번길 6,,34.8138,126.418,24시간 이용가능,차지비,02,7,2
PI202141,20,목포상동호반리젠시빌,전남광주통합특별시 목포시 영산로535번길 6,,34.8138,126.418,24시간 이용가능,차지비,02,7,2
PI202141,21,목포상동호반리젠시빌,전남광주통합특별시 목포시 영산로535번길 6,,34.8138,126.418,24시간 이용가능,차지비,02,7,2
PI202141,22,목포상동호반리젠시빌,전남광주통합특별시 목포시 영산로535번길 6,,34.8138,126.418,24시간 이용가능,차지비,02,7,2
PI202195,01,부영애시앙일차아파트,"전남광주통합특별시 목포시 당가두로13번길 35 (옥암동, 부영애시앙)",,34.809600,126.439000,,GS차지비,02,7,1
PI202195,02,부영애시앙일차아파트,"전남광주통합특별시 목포시 당가두로13번길 35 (옥암동, 부영애시앙)",,34.809600,126.439000,,GS차지비,02,7,1
PI202195,03,부영애시앙일차아파트,"전남광주통합특별시 목포시 당가두로13번길 35 (옥암동, 부영애시앙)",,34.809600,126.439000,,GS차지비,02,7,1
PI202766,01,케이티하당빌딩,"전남광주통합특별시 목포시 통일대로119번길 81 (옥암동, 전화국)",주차장,34.808634,126.432383,비개방,차지비,02,7,2
PI202766,02,케이티하당빌딩,"전남광주통합특별시 목포시 통일대로119번길 81 (옥암동, 전화국)",주차장,34.808634,126.432383,비개방,차지비,02,7,2
PI202766,03,케이티하당빌딩,"전남광주통합특별시 목포시 통일대로119번길 81 (옥암동, 전화국)",주차장,34.808634,126.432383,비개방,차지비,02,7,2
PI202766,04,케이티하당빌딩,"전남광주통합특별시 목포시 통일대로119번길 81 (옥암동, 전화국)",주차장,34.808634,126.432383,비개방,차지비,02,7,2
PI202915,13,케이티용당빌딩,전남광주통합특별시 목포시 용당로 257,,34.7929,126.387,비개방,차지비,02,7,2
PI202915,14,케이티용당빌딩,전남광주통합특별시 목포시 용당로 257,,34.7929,126.387,비개방,차지비,02,7,2
PI202996,01,근화네오빌아파트,전남광주통합특별시 목포시 텃골로 13번길 36(석현동),근화네오빌아파트 지하2주차장 지상통로 옆,34.819811,126.419654,09:00~18:00,GS차지비,02,7,2
PI202996,02,근화네오빌아파트,전남광주통합특별시 목포시 텃골로 13번길 36(석현동),근화네오빌아파트 지하2주차장 지상통로 옆,34.819811,126.419654,09:00~18:00,GS차지비,02,7,2
PI306146,01,옥암푸르지오,전남광주통합특별시 목포시 남악1로 51,"1주차장B1C5기둥,2주차장B1O5기둥",34.809469,126.444431,09:00~18:00,GS차지비,02,7,2
PI306146,02,옥암푸르지오,전남광주통합특별시 목포시 남악1로 51,"1주차장B1C5기둥,2주차장B1O5기둥",34.809469,126.444431,09:00~18:00,GS차지비,02,7,2
PI306146,03,옥암푸르지오,전남광주통합특별시 목포시 남악1로 51,"1주차장B1C5기둥,2주차장B1O5기둥",34.809469,126.444431,09:00~18:00,GS차지비,02,7,2
PI306146,04,옥암푸르지오,전남광주통합특별시 목포시 남악1로 51,"1주차장B1C5기둥,2주차장B1O5기둥",34.809469,126.444431,09:00~18:00,GS차지비,02,7,2
PI306146,05,옥암푸르지오,전남광주통합특별시 목포시 남악1로 51,"1주차장B1C5기둥,2주차장B1O5기둥",34.809469,126.444431,09:00~18:00,GS차지비,02,7,2
PI306223,01,광명샤인빌,전남광주통합특별시 목포시 석현로 38,P2주차장물탱크옆,34.816639,126.425053,09:00~18:00,GS차지비,02,7,2
PI306223,02,광명샤인빌,전남광주통합특별시 목포시 석현로 38,P2주차장물탱크옆,34.816639,126.425053,09:00~18:00,GS차지비,02,7,2
PI306223,03,광명샤인빌,전남광주통합특별시 목포시 석현로 38,P2주차장물탱크옆,34.816639,126.425053,09:00~18:00,GS차지비,02,7,2
PI306285,01,골드디움5차아파트,전남광주통합특별시 목포시 용해지구로88번길 23,지하주차장 D24기둥,34.820961,126.395113,09:00~18:00,GS차지비,02,7,2
PI306285,02,골드디움5차아파트,전남광주통합특별시 목포시 용해지구로88번길 23,지하주차장 D24기둥,34.820961,126.395113,09:00~18:00,GS차지비,02,7,2
PI610088,01,목포시 신안비치팔레스아파트,전남광주통합특별시 목포시 청호로 210,,34.8087964,126.3712132,24시간 이용가능,포스코ICT,02,7,2
PI610088,02,목포시 신안비치팔레스아파트,전남광주통합특별시 목포시 청호로 210,,34.8087964,126.3712132,24시간 이용가능,포스코ICT,02,7,2
PI610088,03,목포시 신안비치팔레스아파트,전남광주통합특별시 목포시 청호로 210,,34.8087964,126.3712132,24시간 이용가능,포스코ICT,02,7,2
PI610088,04,목포시 신안비치팔레스아파트,전남광주통합특별시 목포시 청호로 210,,34.8087964,126.3712132,24시간 이용가능,포스코ICT,02,7,2
PI610088,05,목포시 신안비치팔레스아파트,전남광주통합특별시 목포시 청호로 210,,34.8087964,126.3712132,24시간 이용가능,포스코ICT,02,7,2
PI610088,06,목포시 신안비치팔레스아파트,전남광주통합특별시 목포시 청호로 210,,34.8087964,126.3712132,24시간 이용가능,포스코ICT,02,7,2
PI610088,07,목포시 신안비치팔레스아파트,전남광주통합특별시 목포시 청호로 210,,34.8087964,126.3712132,24시간 이용가능,포스코ICT,02,7,2
PI610088,08,목포시 신안비치팔레스아파트,전남광주통합특별시 목포시 청호로 210,,34.8087964,126.3712132,24시간 이용가능,포스코ICT,02,7,2
PI610238,01,목포시 호반리젠시빌스위트,전남광주통합특별시 목포시 용당로331번길 88,"1P B2,2P B2,3P B2,4P B1",34.815217701,126.39481259,24시간 이용가능,GS차지비,02,7,2
PI610238,02,목포시 호반리젠시빌스위트,전남광주통합특별시 목포시 용당로331번길 88,"1P B2,2P B2,3P B2,4P B1",34.815217701,126.39481259,24시간 이용가능,GS차지비,02,7,2
PI610238,03,목포시 호반리젠시빌스위트,전남광주통합특별시 목포시 용당로331번길 88,"1P B2,2P B2,3P B2,4P B1",34.815217701,126.39481259,24시간 이용가능,GS차지비,02,7,2
PI610238,04,목포시 호반리젠시빌스위트,전남광주통합특별시 목포시 용당로331번길 88,"1P B2,2P B2,3P B2,4P B1",34.815217701,126.39481259,24시간 이용가능,GS차지비,02,7,2
PI610265,01,목포시 하당제일풍경채3차,전남광주통합특별시 목포시 하당로289번길 6,302동 주차장,34.812396556,126.42758759,24시간 이용가능,GS차지비,02,7,2
PI610265,02,목포시 하당제일풍경채3차,전남광주통합특별시 목포시 하당로289번길 6,302동 주차장,34.812396556,126.42758759,24시간 이용가능,GS차지비,02,7,2
PI610265,03,목포시 하당제일풍경채3차,전남광주통합특별시 목포시 하당로289번길 6,302동 주차장,34.812396556,126.42758759,24시간 이용가능,GS차지비,02,7,2
PI610265,04,목포시 하당제일풍경채3차,전남광주통합특별시 목포시 하당로289번길 6,302동 주차장,34.812396556,126.42758759,24시간 이용가능,GS차지비,02,7,2
PI610265,05,목포시 하당제일풍경채3차,전남광주통합특별시 목포시 하당로289번길 6,302동 주차장,34.812396556,126.42758759,24시간 이용가능,GS차지비,02,7,2
PI610265,06,목포시 하당제일풍경채3차,전남광주통합특별시 목포시 하당로289번길 6,302동 주차장,34.812396556,126.42758759,24시간 이용가능,GS차지비,02,7,2
PI610265,07,목포시 하당제일풍경채3차,전남광주통합특별시 목포시 하당로289번길 6,302동 주차장,34.812396556,126.42758759,24시간 이용가능,GS차지비,02,7,2
PI610265,08,목포시 하당제일풍경채3차,전남광주통합특별시 목포시 하당로289번길 6,302동 주차장,34.812396556,126.42758759,24시간 이용가능,GS차지비,02,7,2
PI610277,01,목포시 우미파렌하이트아파트,전남광주통합특별시 목포시 남악2로22번길 15,주차장입구 C09,34.807818844,126.45429727,24시간 이용가능,GS차지비,02,7,2
PI610277,02,목포시 우미파렌하이트아파트,전남광주통합특별시 목포시 남악2로22번길 15,주차장입구 C09,34.807818844,126.45429727,24시간 이용가능,GS차지비,02,7,2
PI610277,03,목포시 우미파렌하이트아파트,전남광주통합특별시 목포시 남악2로22번길 15,주차장입구 C09,34.807818844,126.45429727,24시간 이용가능,GS차지비,02,7,2
PI610277,04,목포시 우미파렌하이트아파트,전남광주통합특별시 목포시 남악2로22번길 15,주차장입구 C09,34.807818844,126.45429727,24시간 이용가능,GS차지비,02,7,2
PI610277,05,목포시 우미파렌하이트아파트,전남광주통합특별시 목포시 남악2로22번길 15,주차장입구 C09,34.807818844,126.45429727,24시간 이용가능,GS차지비,02,7,2
PI610277,06,목포시 우미파렌하이트아파트,전남광주통합특별시 목포시 남악2로22번길 15,주차장입구 C09,34.807818844,126.45429727,24시간 이용가능,GS차지비,02,7,2
PI610277,07,목포시 우미파렌하이트아파트,전남광주통합특별시 목포시 남악2로22번길 15,주차장입구 C09,34.807818844,126.45429727,24시간 이용가능,GS차지비,02,7,2
PI610277,08,목포시 우미파렌하이트아파트,전남광주통합특별시 목포시 남악2로22번길 15,주차장입구 C09,34.807818844,126.45429727,24시간 이용가능,GS차지비,02,7,2
PI610316,01,목포시 맨하탄모텔,전남광주통합특별시 목포시 비파로124번길 5,주차장,34.809273389,126.42321361,24시간 이용가능,GS차지비,02,7,2
PI610319,01,목포시 텐호텔,전남광주통합특별시 목포시 삼향천로 61,주차장,34.806469304,126.43318449,24시간 이용가능,GS차지비,02,7,2
PI610319,02,목포시 텐호텔,전남광주통합특별시 목포시 삼향천로 61,주차장,34.806469304,126.43318449,24시간 이용가능,GS차지비,02,7,2
PI610320,01,목포시 스카이모텔,전남광주통합특별시 목포시 신흥로59번길 15,주차장,34.805148980,126.42596294,24시간 이용가능,GS차지비,02,7,2
PI610320,02,목포시 스카이모텔,전남광주통합특별시 목포시 신흥로59번길 15,주차장,34.805148980,126.42596294,24시간 이용가능,GS차지비,02,7,2
PI610334,01,목포시 옥암코아루,전남광주통합특별시 목포시 당가두로13번길 12,46번 주변,34.809237291,126.43821433,24시간 이용가능,GS차지비,02,7,2
PI610334,02,목포시 옥암코아루,전남광주통합특별시 목포시 당가두로13번길 12,46번 주변,34.809237291,126.43821433,24시간 이용가능,GS차지비,02,7,3
PI610334,03,목포시 옥암코아루,전남광주통합특별시 목포시 당가두로13번길 12,46번 주변,34.809237291,126.43821433,24시간 이용가능,GS차지비,02,7,2
PI610339,08,목포시 포미타운주공1단지,전남광주통합특별시 목포시 포미로 23,108동주차장,34.817956379,126.39604131,24시간 이용가능,차지비,02,7,3
PI610339,09,목포시 포미타운주공1단지,전남광주통합특별시 목포시 포미로 23,108동주차장,34.817956379,126.39604131,24시간 이용가능,차지비,02,7,2
PI610339,10,목포시 포미타운주공1단지,전남광주통합특별시 목포시 포미로 23,108동주차장,34.817956379,126.39604131,24시간 이용가능,차지비,02,7,2
PI610339,11,목포시 포미타운주공1단지,전남광주통합특별시 목포시 포미로 23,108동주차장,34.817956379,126.39604131,24시간 이용가능,차지비,02,7,2
PI610339,12,목포시 포미타운주공1단지,전남광주통합특별시 목포시 포미로 23,108동주차장,34.817956379,126.39604131,24시간 이용가능,차지비,02,7,2
PI610339,13,목포시 포미타운주공1단지,전남광주통합특별시 목포시 포미로 23,108동주차장,34.817956379,126.39604131,24시간 이용가능,차지비,02,7,9
PI610339,14,목포시 포미타운주공1단지,전남광주통합특별시 목포시 포미로 23,108동주차장,34.817956379,126.39604131,24시간 이용가능,차지비,02,7,2
PI610340,01,목포시 골드디움3차,전남광주통합특별시 목포시 남악1로52번길 82,306동 1-2라인 입구,34.811604341,126.45425439,24시간 이용가능,GS차지비,02,7,3
PI610340,02,목포시 골드디움3차,전남광주통합특별시 목포시 남악1로52번길 82,306동 1-2라인 입구,34.811604341,126.45425439,24시간 이용가능,GS차지비,02,7,2
PI610363,01,목포시 부영애시앙2차,전남광주통합특별시 목포시 당가두로13번길 9,P2 입구,34.809689167,126.43420779,24시간 이용가능,GS차지비,02,7,2
PI610363,02,목포시 부영애시앙2차,전남광주통합특별시 목포시 당가두로13번길 9,P2 입구,34.809689167,126.43420779,24시간 이용가능,GS차지비,02,7,2
PI610363,03,목포시 부영애시앙2차,전남광주통합특별시 목포시 당가두로13번길 9,P2 입구,34.809689167,126.43420779,24시간 이용가능,GS차지비,02,7,3
PI610363,04,목포시 부영애시앙2차,전남광주통합특별시 목포시 당가두로13번길 9,P2 입구,34.809689167,126.43420779,24시간 이용가능,GS차지비,02,7,2
PI610369,01,목포시 게스트하우스예술촌,전남광주통합특별시 목포시 달성길 31-1,주차장,34.791345183,126.37728765,24시간 이용가능,GS차지비,02,7,2
PI610371,01,목포시 하얀목화밭펜션,전남광주통합특별시 목포시 고하도길 57,주차장,34.759868972,126.36690009,24시간 이용가능,GS차지비,02,7,2
PI610372,01,목포시 시티유료주차장,전남광주통합특별시 목포시 하당남부로51번길 22,주차장,34.801707887,126.42887262,24시간 이용가능,GS차지비,02,7,2
PI610373,01,목포시 시티호텔,전남광주통합특별시 목포시 번영로 26,주차장,34.801798512,126.42941817,24시간 이용가능,GS차지비,02,7,2
PI610374,01,목포시 썸무인호텔,전남광주통합특별시 목포시 허사로 13,주차장,34.753504401,126.36200192,24시간 이용가능,GS차지비,02,7,2
PI610375,01,목포시 호텔야자목포평화광장점,전남광주통합특별시 목포시 하당남부로61번길 3,주차장,34.800542392,126.43025995,24시간 이용가능,GS차지비,02,7,3
PI610383,01,목포시 프라도호텔,전남광주통합특별시 목포시 번영로 24,주차장,34.801661255,126.42950052,24시간 이용가능,GS차지비,02,7,2
PI610387,01,목포시 엠유모텔,전남광주통합특별시 목포시 옥암로54번길 41,주차장,34.806239635,126.43268292,24시간 이용가능,GS차지비,02,7,2
PI610387,02,목포시 엠유모텔,전남광주통합특별시 목포시 옥암로54번길 41,주차장,34.806239635,126.43268292,24시간 이용가능,GS차지비,02,7,2
PI610406,01,목포시 트윈스타아파트,전남광주통합특별시 목포시 수문로 32,"지하1층 2기, 지하4층 2기",34.792998081,126.38273953,24시간 이용가능,GS차지비,02,7,3
PI610406,02,목포시 트윈스타아파트,전남광주통합특별시 목포시 수문로 32,"지하1층 2기, 지하4층 2기",34.792998081,126.38273953,24시간 이용가능,GS차지비,02,7,2
PI610406,03,목포시 트윈스타아파트,전남광주통합특별시 목포시 수문로 32,"지하1층 2기, 지하4층 2기",34.792998081,126.38273953,24시간 이용가능,GS차지비,02,7,2
PI610406,04,목포시 트윈스타아파트,전남광주통합특별시 목포시 수문로 32,"지하1층 2기, 지하4층 2기",34.792998081,126.38273953,24시간 이용가능,GS차지비,02,7,2
PI610428,01,목포시 골드디움6차,전남광주통합특별시 목포시 용해지구로88번길 8,602동 A15,34.820107831,126.39327086,24시간 이용가능,GS차지비,02,7,2
PI610428,02,목포시 골드디움6차,전남광주통합특별시 목포시 용해지구로88번길 8,602동 A15,34.820107831,126.39327086,24시간 이용가능,GS차지비,02,7,2
PI610517,01,목포시 한성타워맨션,전남광주통합특별시 목포시 원산로 59번길 14,,34.8060628,126.3750871,24시간 이용가능,차지비,02,7,2
PI610517,02,목포시 한성타워맨션,전남광주통합특별시 목포시 원산로 59번길 14,,34.8060628,126.3750871,24시간 이용가능,차지비,02,7,2
PI610517,03,목포시 한성타워맨션,전남광주통합특별시 목포시 원산로 59번길 14,,34.8060628,126.3750871,24시간 이용가능,차지비,02,7,2
PI610517,04,목포시 한성타워맨션,전남광주통합특별시 목포시 원산로 59번길 14,,34.8060628,126.3750871,24시간 이용가능,차지비,02,7,2
PI610526,01,목포시 봉황장례식장,전남광주통합특별시 목포시 삼학로 154,,34.7867545,126.4006104,24시간 이용가능,GS차지비,02,7,2
PI610526,02,목포시 봉황장례식장,전남광주통합특별시 목포시 삼학로 154,,34.7867545,126.4006104,24시간 이용가능,GS차지비,02,7,2
PI610526,03,목포시 봉황장례식장,전남광주통합특별시 목포시 삼학로 154,,34.7867545,126.4006104,24시간 이용가능,GS차지비,02,7,2
PI610527,01,목포시 서해안장례식장,전남광주통합특별시 목포시 고하대로 797,,34.8163065,126.3814325,24시간 이용가능,GS차지비,02,7,2
PI610531,01,목포시 KD빌리앙뜨아파트,전남광주통합특별시 목포시 옥암로 174,,34.8147671,126.4232421,24시간 이용가능,차지비,02,7,2
PI610531,02,목포시 KD빌리앙뜨아파트,전남광주통합특별시 목포시 옥암로 174,,34.8147671,126.4232421,24시간 이용가능,차지비,02,7,3
PI610531,03,목포시 KD빌리앙뜨아파트,전남광주통합특별시 목포시 옥암로 174,,34.8147671,126.4232421,24시간 이용가능,차지비,02,7,2
PI610531,04,목포시 KD빌리앙뜨아파트,전남광주통합특별시 목포시 옥암로 174,,34.8147671,126.4232421,24시간 이용가능,차지비,04,50,2
PI610533,01,목포시 H호텔,전남광주통합특별시 목포시 비파로 124번길 16-1,,34.8093765,126.4245727,24시간 이용가능,GS차지비,02,7,2
PI610533,02,목포시 H호텔,전남광주통합특별시 목포시 비파로 124번길 16-1,,34.8093765,126.4245727,24시간 이용가능,GS차지비,02,7,2
PI610535,01,목포시 VIP호텔,전남광주통합특별시 목포시 미항로 6,,34.7972786,126.4273069,24시간 이용가능,GS차지비,02,7,2
PI610535,02,목포시 VIP호텔,전남광주통합특별시 목포시 미항로 6,,34.7972786,126.4273069,24시간 이용가능,GS차지비,02,7,2
PI610544,01,목포시 목포현대병원,전남광주통합특별시 목포시 용당로 322-1,,34.8156545,126.4010242,24시간 이용가능,GS차지비,02,7,2
PI610544,02,목포시 목포현대병원,전남광주통합특별시 목포시 용당로 322-1,,34.8156545,126.4010242,24시간 이용가능,GS차지비,02,7,2
PI610544,03,목포시 목포현대병원,전남광주통합특별시 목포시 용당로 322-1,,34.8156545,126.4010242,24시간 이용가능,GS차지비,02,7,2
PI610545,01,목포시 목포칼튼힐호텔,전남광주통합특별시 목포시 남악1로52번길 11-5,,34.8106242,126.4458964,24시간 이용가능,GS차지비,02,7,2
PI610545,02,목포시 목포칼튼힐호텔,전남광주통합특별시 목포시 남악1로52번길 11-5,,34.8106242,126.4458964,24시간 이용가능,GS차지비,02,7,2
PI610546,01,전남 목포시 케이티목포지사,전남광주통합특별시 목포시 영산로 118,,34.7927959,126.3867537,24시간 이용가능,GS차지비,02,7,3
PI610546,02,전남 목포시 케이티목포지사,전남광주통합특별시 목포시 영산로 118,,34.7927959,126.3867537,24시간 이용가능,GS차지비,02,7,3
PI610546,03,전남 목포시 케이티목포지사,전남광주통합특별시 목포시 영산로 118,,34.7927959,126.3867537,24시간 이용가능,GS차지비,02,7,3
PI645095,01,목포시 시티프라자,전남광주통합특별시 목포시 남악1로52번길 35-7,,34.8119704,126.4482479,24시간 이용가능,GS차지비,02,7,2
PI645095,02,목포시 시티프라자,전남광주통합특별시 목포시 남악1로52번길 35-7,,34.8119704,126.4482479,24시간 이용가능,GS차지비,02,7,2
PI645095,03,목포시 시티프라자,전남광주통합특별시 목포시 남악1로52번길 35-7,,34.8119704,126.4482479,24시간 이용가능,GS차지비,02,7,2
PI715822,01,새한의료재단 목포성심요양병원,전남광주통합특별시 목포시 산계길 4-9,새한의료재단 목포성심요양병원,34.838395119,126.42499407,08:00~20:00,GS차지비,02,7,2
PI715822,02,새한의료재단 목포성심요양병원,전남광주통합특별시 목포시 산계길 4-9,새한의료재단 목포성심요양병원,34.838395119,126.42499407,08:00~20:00,GS차지비,02,7,2
PI715824,01,새한의료재단 목포성심요양병원B,전남광주통합특별시 목포시 산계길 4-9,새한의료재단 목포성심요양병원,34.838634628,126.42436694,08:00~20:00,GS차지비,02,7,2
PI715824,02,새한의료재단 목포성심요양병원B,전남광주통합특별시 목포시 산계길 4-9,새한의료재단 목포성심요양병원,34.838634628,126.42436694,08:00~20:00,GS차지비,02,7,2
PI724305,01,서희스타힐스아파트,전남광주통합특별시 목포시 영산로 719-29,,34.826092112,126.41828365,24시간 이용가능,GS차지비,02,7,3
PI724305,02,서희스타힐스아파트,전남광주통합특별시 목포시 영산로 719-29,,34.826092112,126.41828365,24시간 이용가능,GS차지비,02,7,2
PI724305,03,서희스타힐스아파트,전남광주통합특별시 목포시 영산로 719-29,,34.826092112,126.41828365,24시간 이용가능,GS차지비,02,7,3
PI724305,04,서희스타힐스아파트,전남광주통합특별시 목포시 영산로 719-29,,34.826092112,126.41828365,24시간 이용가능,GS차지비,02,7,2
PI724305,05,서희스타힐스아파트,전남광주통합특별시 목포시 영산로 719-29,,34.826092112,126.41828365,24시간 이용가능,GS차지비,02,7,2
PI724305,06,서희스타힐스아파트,전남광주통합특별시 목포시 영산로 719-29,,34.826092112,126.41828365,24시간 이용가능,GS차지비,02,7,2
PI724305,07,서희스타힐스아파트,전남광주통합특별시 목포시 영산로 719-29,,34.826092112,126.41828365,24시간 이용가능,GS차지비,02,7,3
PI724305,08,서희스타힐스아파트,전남광주통합특별시 목포시 영산로 719-29,,34.826092112,126.41828365,24시간 이용가능,GS차지비,02,7,3
PI724305,09,서희스타힐스아파트,전남광주통합특별시 목포시 영산로 719-29,,34.826092112,126.41828365,24시간 이용가능,GS차지비,02,7,2
PI724305,10,서희스타힐스아파트,전남광주통합특별시 목포시 영산로 719-29,,34.826092112,126.41828365,24시간 이용가능,GS차지비,02,7,3
PI724305,11,서희스타힐스아파트,전남광주통합특별시 목포시 영산로 719-29,,34.826092112,126.41828365,24시간 이용가능,GS차지비,02,7,2
PI724305,12,서희스타힐스아파트,전남광주통합특별시 목포시 영산로 719-29,,34.826092112,126.41828365,24시간 이용가능,GS차지비,02,7,2
PI724305,13,서희스타힐스아파트,전남광주통합특별시 목포시 영산로 719-29,,34.826092112,126.41828365,24시간 이용가능,GS차지비,02,7,2
PI724305,14,서희스타힐스아파트,전남광주통합특별시 목포시 영산로 719-29,,34.826092112,126.41828365,24시간 이용가능,GS차지비,02,7,2
PI724305,15,서희스타힐스아파트,전남광주통합특별시 목포시 영산로 719-29,,34.826092112,126.41828365,24시간 이용가능,GS차지비,02,7,3
PI724305,16,서희스타힐스아파트,전남광주통합특별시 목포시 영산로 719-29,,34.826092112,126.41828365,24시간 이용가능,GS차지비,02,7,2
PI730562,01,대양파크모텔,전남광주통합특별시 목포시 삼학로18번길 17,대양파크모텔,34.7896561,126.3891808,24시간 이용가능,GS차지비,02,14,2
PI730562,02,대양파크모텔,전남광주통합특별시 목포시 삼학로18번길 17,대양파크모텔,34.7896561,126.3891808,24시간 이용가능,GS차지비,02,14,2
PI730642,01,한국농어촌공사영산강사업단,전남광주통합특별시 목포시 영산로 463,(상동),34.8077864,126.4148696,24시간 이용가능,GS차지비,02,14,2
PI730642,02,한국농어촌공사영산강사업단,전남광주통합특별시 목포시 영산로 463,(상동),34.8077864,126.4148696,24시간 이용가능,GS차지비,02,14,2
PI747126,01,BMW차징스테이션 하당동아아파트,전남광주통합특별시 목포시 신흥로45번길 13,,34.804131081,126.42284750,24시간 이용가능,GS차지비,02,7,2
PI747126,02,BMW차징스테이션 하당동아아파트,전남광주통합특별시 목포시 신흥로45번길 13,,34.804131081,126.42284750,24시간 이용가능,GS차지비,02,7,2
PI747126,03,BMW차징스테이션 하당동아아파트,전남광주통합특별시 목포시 신흥로45번길 13,,34.804131081,126.42284750,24시간 이용가능,GS차지비,02,7,2
PI747126,04,BMW차징스테이션 하당동아아파트,전남광주통합특별시 목포시 신흥로45번길 13,,34.804131081,126.42284750,24시간 이용가능,GS차지비,02,7,2
PI747126,05,BMW차징스테이션 하당동아아파트,전남광주통합특별시 목포시 신흥로45번길 13,,34.804131081,126.42284750,24시간 이용가능,GS차지비,02,7,2
PI747126,06,BMW차징스테이션 하당동아아파트,전남광주통합특별시 목포시 신흥로45번길 13,,34.804131081,126.42284750,24시간 이용가능,GS차지비,02,7,2
PI747126,07,BMW차징스테이션 하당동아아파트,전남광주통합특별시 목포시 신흥로45번길 13,,34.804131081,126.42284750,24시간 이용가능,GS차지비,02,7,2
PI747126,08,BMW차징스테이션 하당동아아파트,전남광주통합특별시 목포시 신흥로45번길 13,,34.804131081,126.42284750,24시간 이용가능,GS차지비,02,7,2
PI751491,01,석현현대,전남광주통합특별시 목포시 영산로 676-7,석현현대,34.826197276,126.42365629,08:00~20:00,GS차지비,02,7,2
PI751491,02,석현현대,전남광주통합특별시 목포시 영산로 676-7,석현현대,34.826197276,126.42365629,08:00~20:00,GS차지비,02,7,2
PI751491,03,석현현대,전남광주통합특별시 목포시 영산로 676-7,석현현대,34.826197276,126.42365629,08:00~20:00,GS차지비,02,7,2
PI764712,01,서희스타힐스,전남광주통합특별시 목포시 영산로 719-29,,34.825997715,126.41692340,00:00~24:00,GS차지비,02,7,2
PI764712,02,서희스타힐스,전남광주통합특별시 목포시 영산로 719-29,,34.825997715,126.41692340,00:00~24:00,GS차지비,02,7,2
PI764712,03,서희스타힐스,전남광주통합특별시 목포시 영산로 719-29,,34.825997715,126.41692340,00:00~24:00,GS차지비,02,7,2
PI764712,04,서희스타힐스,전남광주통합특별시 목포시 영산로 719-29,,34.825997715,126.41692340,00:00~24:00,GS차지비,02,7,2
PI764712,05,서희스타힐스,전남광주통합특별시 목포시 영산로 719-29,,34.825997715,126.41692340,00:00~24:00,GS차지비,02,7,2
PI764712,06,서희스타힐스,전남광주통합특별시 목포시 영산로 719-29,,34.825997715,126.41692340,00:00~24:00,GS차지비,02,7,2
PI764735,01,하당현대2차,전남광주통합특별시 목포시 삼향천로91번길 21,,34.807120807,126.42909079,00:00~24:00,GS차지비,02,7,2
PI764735,02,하당현대2차,전남광주통합특별시 목포시 삼향천로91번길 21,,34.807120807,126.42909079,00:00~24:00,GS차지비,02,7,2
PI764735,03,하당현대2차,전남광주통합특별시 목포시 삼향천로91번길 21,,34.807120807,126.42909079,00:00~24:00,GS차지비,02,7,2
PI764735,04,하당현대2차,전남광주통합특별시 목포시 삼향천로91번길 21,,34.807120807,126.42909079,00:00~24:00,GS차지비,02,7,2
PI764735,05,하당현대2차,전남광주통합특별시 목포시 삼향천로91번길 21,,34.807120807,126.42909079,00:00~24:00,GS차지비,02,7,2
PI764735,06,하당현대2차,전남광주통합특별시 목포시 삼향천로91번길 21,,34.807120807,126.42909079,00:00~24:00,GS차지비,02,7,2
PI768595,01,폰타나비치관광호텔,전남광주통합특별시 목포시 평화로 69,,34.7965402,126.4323463,24시간 이용가능,GS차지비,02,7,2
PI768595,02,폰타나비치관광호텔,전남광주통합특별시 목포시 평화로 69,,34.7965402,126.4323463,24시간 이용가능,GS차지비,02,7,2
PI772543,01,대한예수교장로회새목포제일교회,전남광주통합특별시 목포시 텃골로 5,,34.8222111,126.4209233,24시간 이용가능,GS차지비,02,7,2
PI772543,02,대한예수교장로회새목포제일교회,전남광주통합특별시 목포시 텃골로 5,,34.8222111,126.4209233,24시간 이용가능,GS차지비,02,7,2
PI772543,03,대한예수교장로회새목포제일교회,전남광주통합특별시 목포시 텃골로 5,,34.8222111,126.4209233,24시간 이용가능,GS차지비,02,7,2
PI772923,01,가톨릭목포성지,전남광주통합특별시 목포시 노송길 35,,34.7997099,126.3858908,24시간 이용가능,GS차지비,02,7,2
PI772923,02,가톨릭목포성지,전남광주통합특별시 목포시 노송길 35,,34.7997099,126.3858908,24시간 이용가능,GS차지비,02,7,2
PI772925,01,선그린골프클럽,전남광주통합특별시 목포시 대양로 139,,34.821995,126.395110,24시간 이용가능,GS차지비,02,7,2
PI772925,02,선그린골프클럽,전남광주통합특별시 목포시 대양로 139,,34.821995,126.395110,24시간 이용가능,GS차지비,02,7,3
PI772925,03,선그린골프클럽,전남광주통합특별시 목포시 대양로 139,,34.821995,126.395110,24시간 이용가능,GS차지비,02,7,2
PI772925,04,선그린골프클럽,전남광주통합특별시 목포시 대양로 139,,34.821995,126.395110,24시간 이용가능,GS차지비,02,7,2
PI773077,01,목포동백아파트,전남광주통합특별시 목포시 삼학로183번길 14,,34.789899,126.40373,24시간 이용가능,GS차지비,02,7,2
PI773077,02,목포동백아파트,전남광주통합특별시 목포시 삼학로183번길 14,,34.789899,126.40373,24시간 이용가능,GS차지비,02,7,2
PI780227,03,목포소방서,전남광주통합특별시 목포시 삼향천로 110,(옥암동),34.8098538,126.4305022,24시간 이용가능,GS차지비,02,7,2
PI780227,04,목포소방서,전남광주통합특별시 목포시 삼향천로 110,(옥암동),34.8098538,126.4305022,24시간 이용가능,GS차지비,02,7,2
PI780228,01,삼학119안전센타,전남광주통합특별시 목포시 삼학로 218,(산정동),34.7901662,126.406754,24시간 이용가능,GS차지비,02,7,2
PI780228,02,삼학119안전센타,전남광주통합특별시 목포시 삼학로 218,(산정동),34.7901662,126.406754,24시간 이용가능,GS차지비,02,7,2
PI793001,01,목포근화블루빌아파트,전남광주통합특별시 목포시 텃골로13번길 32,,34.8200768,126.4197666,24시간 이용가능,GS차지비,02,7,3
PI793001,02,목포근화블루빌아파트,전남광주통합특별시 목포시 텃골로13번길 32,,34.8200768,126.4197666,24시간 이용가능,GS차지비,02,7,2
PI793001,03,목포근화블루빌아파트,전남광주통합특별시 목포시 텃골로13번길 32,,34.8200768,126.4197666,24시간 이용가능,GS차지비,02,7,2
PI793001,04,목포근화블루빌아파트,전남광주통합특별시 목포시 텃골로13번길 32,,34.8200768,126.4197666,24시간 이용가능,GS차지비,02,7,2
PI793001,05,목포근화블루빌아파트,전남광주통합특별시 목포시 텃골로13번길 32,,34.8200768,126.4197666,24시간 이용가능,GS차지비,02,7,3
PI793001,06,목포근화블루빌아파트,전남광주통합특별시 목포시 텃골로13번길 32,,34.8200768,126.4197666,24시간 이용가능,GS차지비,02,7,3
PI793001,07,목포근화블루빌아파트,전남광주통합특별시 목포시 텃골로13번길 32,,34.8200768,126.4197666,24시간 이용가능,GS차지비,02,7,2
PI793001,08,목포근화블루빌아파트,전남광주통합특별시 목포시 텃골로13번길 32,,34.8200768,126.4197666,24시간 이용가능,GS차지비,02,7,2
PI793001,09,목포근화블루빌아파트,전남광주통합특별시 목포시 텃골로13번길 32,,34.8200768,126.4197666,24시간 이용가능,GS차지비,02,7,2
PI793001,10,목포근화블루빌아파트,전남광주통합특별시 목포시 텃골로13번길 32,,34.8200768,126.4197666,24시간 이용가능,GS차지비,02,7,2
PI793001,11,목포근화블루빌아파트,전남광주통합특별시 목포시 텃골로13번길 32,,34.8200768,126.4197666,24시간 이용가능,GS차지비,02,7,2
PI796962,01,전남 목포시 부영애시앙1차아파트,전남광주통합특별시 목포시 당가두로13번길 35,,34.8103231,126.4372874,24시간 이용가능,GS차지비,02,7,2
PI796962,02,전남 목포시 부영애시앙1차아파트,전남광주통합특별시 목포시 당가두로13번길 35,,34.8103231,126.4372874,24시간 이용가능,GS차지비,02,7,2
PI796962,03,전남 목포시 부영애시앙1차아파트,전남광주통합특별시 목포시 당가두로13번길 35,,34.8103231,126.4372874,24시간 이용가능,GS차지비,02,7,2
PIA00154,01,전남 목포시 트윈스타아파트,전남광주통합특별시 목포시 수문로 32 지하 4층 102동 입구,,34.7931678,126.3829062,24시간 이용가능,GS차지비,02,7,2
PIA00154,02,전남 목포시 트윈스타아파트,전남광주통합특별시 목포시 수문로 32 지하 4층 102동 입구,,34.7931678,126.3829062,24시간 이용가능,GS차지비,02,7,2
PIH00046,01,용해지구천년가맘스카운티아파트,전남광주통합특별시 목포시 용해지구로88번길 7,,34.8209982,126.3922023,24시간 이용가능,GS차지비,02,7,2
PIH00046,02,용해지구천년가맘스카운티아파트,전남광주통합특별시 목포시 용해지구로88번길 7,,34.8209982,126.3922023,24시간 이용가능,GS차지비,02,7,2
PIH00046,03,용해지구천년가맘스카운티아파트,전남광주통합특별시 목포시 용해지구로88번길 7,,34.8209982,126.3922023,24시간 이용가능,GS차지비,02,7,2
PIH00046,04,용해지구천년가맘스카운티아파트,전남광주통합특별시 목포시 용해지구로88번길 7,,34.8209982,126.3922023,24시간 이용가능,GS차지비,02,7,2
PIH00046,05,용해지구천년가맘스카운티아파트,전남광주통합특별시 목포시 용해지구로88번길 7,,34.8209982,126.3922023,24시간 이용가능,GS차지비,02,7,2
PIH00046,06,용해지구천년가맘스카운티아파트,전남광주통합특별시 목포시 용해지구로88번길 7,,34.8209982,126.3922023,24시간 이용가능,GS차지비,02,7,2
PIH00046,07,용해지구천년가맘스카운티아파트,전남광주통합특별시 목포시 용해지구로88번길 7,,34.8209982,126.3922023,24시간 이용가능,GS차지비,02,7,2
PIH00176,01,하당우미블루빌3차아파트,전남광주통합특별시 목포시 평화로153번길 9,,34.7997341,126.4355405,24시간 이용가능,GS차지비,02,3,2
PIH00176,02,하당우미블루빌3차아파트,전남광주통합특별시 목포시 평화로153번길 9,,34.7997341,126.4355405,24시간 이용가능,GS차지비,02,3,2
PIH00176,03,하당우미블루빌3차아파트,전남광주통합특별시 목포시 평화로153번길 9,,34.7997341,126.4355405,24시간 이용가능,GS차지비,02,3,2
PIH00176,04,하당우미블루빌3차아파트,전남광주통합특별시 목포시 평화로153번길 9,,34.7997341,126.4355405,24시간 이용가능,GS차지비,02,3,2
PIH00176,05,하당우미블루빌3차아파트,전남광주통합특별시 목포시 평화로153번길 9,,34.7997341,126.4355405,24시간 이용가능,GS차지비,02,3,2
PIH00176,06,하당우미블루빌3차아파트,전남광주통합특별시 목포시 평화로153번길 9,,34.7997341,126.4355405,24시간 이용가능,GS차지비,02,3,2
PIH00176,07,하당우미블루빌3차아파트,전남광주통합특별시 목포시 평화로153번길 9,,34.7997341,126.4355405,24시간 이용가능,GS차지비,02,3,2
PIH00176,08,하당우미블루빌3차아파트,전남광주통합특별시 목포시 평화로153번길 9,,34.7997341,126.4355405,24시간 이용가능,GS차지비,02,3,2
PIH00176,09,하당우미블루빌3차아파트,전남광주통합특별시 목포시 평화로153번길 9,,34.7997341,126.4355405,24시간 이용가능,GS차지비,02,3,2
PIH00176,10,하당우미블루빌3차아파트,전남광주통합특별시 목포시 평화로153번길 9,,34.7997341,126.4355405,24시간 이용가능,GS차지비,02,3,2
PIH00347,01,모아엘가1차아파트,전남광주통합특별시 목포시 남악2로22번길 58,,34.8082126,126.4583915,24시간 이용가능,GS차지비,02,7,2
PIH00347,02,모아엘가1차아파트,전남광주통합특별시 목포시 남악2로22번길 58,,34.8082126,126.4583915,24시간 이용가능,GS차지비,02,7,2
PIH00347,03,모아엘가1차아파트,전남광주통합특별시 목포시 남악2로22번길 58,,34.8082126,126.4583915,24시간 이용가능,GS차지비,02,7,2
PIH00347,04,모아엘가1차아파트,전남광주통합특별시 목포시 남악2로22번길 58,,34.8082126,126.4583915,24시간 이용가능,GS차지비,02,7,2
PIH00347,05,모아엘가1차아파트,전남광주통합특별시 목포시 남악2로22번길 58,,34.8082126,126.4583915,24시간 이용가능,GS차지비,02,3,2
PIH00347,06,모아엘가1차아파트,전남광주통합특별시 목포시 남악2로22번길 58,,34.8082126,126.4583915,24시간 이용가능,GS차지비,02,3,2
PIH00347,07,모아엘가1차아파트,전남광주통합특별시 목포시 남악2로22번길 58,,34.8082126,126.4583915,24시간 이용가능,GS차지비,02,3,2
PIH00347,08,모아엘가1차아파트,전남광주통합특별시 목포시 남악2로22번길 58,,34.8082126,126.4583915,24시간 이용가능,GS차지비,02,3,2
PIH00347,09,모아엘가1차아파트,전남광주통합특별시 목포시 남악2로22번길 58,,34.8082126,126.4583915,24시간 이용가능,GS차지비,02,3,2
PIH00347,10,모아엘가1차아파트,전남광주통합특별시 목포시 남악2로22번길 58,,34.8082126,126.4583915,24시간 이용가능,GS차지비,02,3,2
PIH00347,11,모아엘가1차아파트,전남광주통합특별시 목포시 남악2로22번길 58,,34.8082126,126.4583915,24시간 이용가능,GS차지비,02,3,2
PIH00347,12,모아엘가1차아파트,전남광주통합특별시 목포시 남악2로22번길 58,,34.8082126,126.4583915,24시간 이용가능,GS차지비,02,3,2
PIH00347,13,모아엘가1차아파트,전남광주통합특별시 목포시 남악2로22번길 58,,34.8082126,126.4583915,24시간 이용가능,GS차지비,02,3,2
PIH00347,14,모아엘가1차아파트,전남광주통합특별시 목포시 남악2로22번길 58,,34.8082126,126.4583915,24시간 이용가능,GS차지비,02,3,2
PIH00347,15,모아엘가1차아파트,전남광주통합특별시 목포시 남악2로22번길 58,,34.8082126,126.4583915,24시간 이용가능,GS차지비,02,3,2
PIH00347,16,모아엘가1차아파트,전남광주통합특별시 목포시 남악2로22번길 58,,34.8082126,126.4583915,24시간 이용가능,GS차지비,02,3,2
PIH00347,17,모아엘가1차아파트,전남광주통합특별시 목포시 남악2로22번길 58,,34.8082126,126.4583915,24시간 이용가능,GS차지비,02,3,2
PIH00347,18,모아엘가1차아파트,전남광주통합특별시 목포시 남악2로22번길 58,,34.8082126,126.4583915,24시간 이용가능,GS차지비,02,3,2
PIH00347,19,모아엘가1차아파트,전남광주통합특별시 목포시 남악2로22번길 58,,34.8082126,126.4583915,24시간 이용가능,GS차지비,02,3,2
PIH00347,20,모아엘가1차아파트,전남광주통합특별시 목포시 남악2로22번길 58,,34.8082126,126.4583915,24시간 이용가능,GS차지비,02,3,2
PIH00347,21,모아엘가1차아파트,전남광주통합특별시 목포시 남악2로22번길 58,,34.8082126,126.4583915,24시간 이용가능,GS차지비,02,3,2
PIH00347,22,모아엘가1차아파트,전남광주통합특별시 목포시 남악2로22번길 58,,34.8082126,126.4583915,24시간 이용가능,GS차지비,02,3,2
PIH00347,23,모아엘가1차아파트,전남광주통합특별시 목포시 남악2로22번길 58,,34.8082126,126.4583915,24시간 이용가능,GS차지비,02,3,2
PIH00347,24,모아엘가1차아파트,전남광주통합특별시 목포시 남악2로22번길 58,,34.8082126,126.4583915,24시간 이용가능,GS차지비,02,3,2
PIH00347,25,모아엘가1차아파트,전남광주통합특별시 목포시 남악2로22번길 58,,34.8082126,126.4583915,24시간 이용가능,GS차지비,02,7,2
PIH00347,26,모아엘가1차아파트,전남광주통합특별시 목포시 남악2로22번길 58,,34.8082126,126.4583915,24시간 이용가능,GS차지비,02,7,2
PIH00347,27,모아엘가1차아파트,전남광주통합특별시 목포시 남악2로22번길 58,,34.8082126,126.4583915,24시간 이용가능,GS차지비,02,7,2
PIH00347,28,모아엘가1차아파트,전남광주통합특별시 목포시 남악2로22번길 58,,34.8082126,126.4583915,24시간 이용가능,GS차지비,02,7,2
PIH00347,29,모아엘가1차아파트,전남광주통합특별시 목포시 남악2로22번길 58,,34.8082126,126.4583915,24시간 이용가능,GS차지비,02,7,2
PIH00347,30,모아엘가1차아파트,전남광주통합특별시 목포시 남악2로22번길 58,,34.8082126,126.4583915,24시간 이용가능,GS차지비,02,7,2
PIH00347,31,모아엘가1차아파트,전남광주통합특별시 목포시 남악2로22번길 58,,34.8082126,126.4583915,24시간 이용가능,GS차지비,02,7,2
PIH00347,32,모아엘가1차아파트,전남광주통합특별시 목포시 남악2로22번길 58,,34.8082126,126.4583915,24시간 이용가능,GS차지비,02,7,2
PIH00347,33,모아엘가1차아파트,전남광주통합특별시 목포시 남악2로22번길 58,,34.8082126,126.4583915,24시간 이용가능,GS차지비,02,7,2
PIH00612,01,옥암2차한국아델리움,전남광주통합특별시 목포시 옥암로 150,,34.8119983,126.4241927,24시간 이용가능,GS차지비,02,7,2
PIH00612,02,옥암2차한국아델리움,전남광주통합특별시 목포시 옥암로 150,,34.8119983,126.4241927,24시간 이용가능,GS차지비,02,7,2
PIH00612,03,옥암2차한국아델리움,전남광주통합특별시 목포시 옥암로 150,,34.8119983,126.4241927,24시간 이용가능,GS차지비,02,7,2
PIH00612,04,옥암2차한국아델리움,전남광주통합특별시 목포시 옥암로 150,,34.8119983,126.4241927,24시간 이용가능,GS차지비,02,7,2
PIH00612,05,옥암2차한국아델리움,전남광주통합특별시 목포시 옥암로 150,,34.8119983,126.4241927,24시간 이용가능,GS차지비,02,7,2
PIH00612,06,옥암2차한국아델리움,전남광주통합특별시 목포시 옥암로 150,,34.8119983,126.4241927,24시간 이용가능,GS차지비,02,7,2
PIH00906,01,신항만뉴캐슬오션시티2차아파트,전남광주통합특별시 목포시 허사로57번길 15,,34.7569013,126.3607674,24시간 이용가능,GS차지비,02,7,2
PIH00906,02,신항만뉴캐슬오션시티2차아파트,전남광주통합특별시 목포시 허사로57번길 15,,34.7569013,126.3607674,24시간 이용가능,GS차지비,02,7,2
PIH00906,03,신항만뉴캐슬오션시티2차아파트,전남광주통합특별시 목포시 허사로57번길 15,,34.7569013,126.3607674,24시간 이용가능,GS차지비,02,7,3
PIH00906,04,신항만뉴캐슬오션시티2차아파트,전남광주통합특별시 목포시 허사로57번길 15,,34.7569013,126.3607674,24시간 이용가능,GS차지비,02,7,2
PIH00906,05,신항만뉴캐슬오션시티2차아파트,전남광주통합특별시 목포시 허사로57번길 15,,34.7569013,126.3607674,24시간 이용가능,GS차지비,02,7,2
PIH00906,06,신항만뉴캐슬오션시티2차아파트,전남광주통합특별시 목포시 허사로57번길 15,,34.7569013,126.3607674,24시간 이용가능,GS차지비,02,7,3
PIH00906,07,신항만뉴캐슬오션시티2차아파트,전남광주통합특별시 목포시 허사로57번길 15,,34.7569013,126.3607674,24시간 이용가능,GS차지비,02,7,2
PIH00906,08,신항만뉴캐슬오션시티2차아파트,전남광주통합특별시 목포시 허사로57번길 15,,34.7569013,126.3607674,24시간 이용가능,GS차지비,02,7,2
PIH00906,09,신항만뉴캐슬오션시티2차아파트,전남광주통합특별시 목포시 허사로57번길 15,,34.7569013,126.3607674,24시간 이용가능,GS차지비,02,7,2
PIH01092,01,수창해뜨레아파트,전남광주통합특별시 목포시 석현로45번길 19,,34.8187901,126.4244824,24시간 이용가능,GS차지비,02,7,2
PIH01092,02,수창해뜨레아파트,전남광주통합특별시 목포시 석현로45번길 19,,34.8187901,126.4244824,24시간 이용가능,GS차지비,02,7,2
PIH01526,01,일신아파트,전남광주통합특별시 목포시 양을로 91,,34.8051711,126.3837705,24시간 이용가능,GS차지비,02,7,3
PIH01526,02,일신아파트,전남광주통합특별시 목포시 양을로 91,,34.8051711,126.3837705,24시간 이용가능,GS차지비,02,7,2
PIH01526,03,일신아파트,전남광주통합특별시 목포시 양을로 91,,34.8051711,126.3837705,24시간 이용가능,GS차지비,02,7,3
PIH01554,01,하당센트럴팰리체2차주상복합아파트,전남광주통합특별시 목포시 양을로 514,,34.8113942,126.4217062,24시간 이용가능,GS차지비,02,3,2
PIH01554,02,하당센트럴팰리체2차주상복합아파트,전남광주통합특별시 목포시 양을로 514,,34.8113942,126.4217062,24시간 이용가능,GS차지비,02,7,2
PIH01555,01,하당센트럴팰리체아파트,전남광주통합특별시 목포시 양을로 508,,34.8115273,126.421129,24시간 이용가능,GS차지비,02,7,2
PIH01555,02,하당센트럴팰리체아파트,전남광주통합특별시 목포시 양을로 508,,34.8115273,126.421129,24시간 이용가능,GS차지비,02,7,2
PIH01646,01,근화삼학베아채아파트,전남광주통합특별시 목포시 자유로 87,,34.793757831,126.39925185,24시간 이용가능,GS차지비,02,3,2
PIH01646,02,근화삼학베아채아파트,전남광주통합특별시 목포시 자유로 87,,34.793757831,126.39925185,24시간 이용가능,GS차지비,02,3,2
PIH01797,02,스타팰리스오피스텔2동,전남광주통합특별시 목포시 석현로 18-2,,34.8160116,126.4231932,24시간 이용가능,GS차지비,02,7,2
PIH02088,01,목포오션호텔,전남광주통합특별시 목포시 해안로279번길 3,,34.7883748,126.3907078,24시간 이용가능,GS차지비,02,7,2
PIH02088,02,목포오션호텔,전남광주통합특별시 목포시 해안로279번길 3,,34.7883748,126.3907078,24시간 이용가능,GS차지비,02,7,3
PIS00698,01,전남 목포시 상동광신프로그레스,전남광주통합특별시 목포시 영산로565번길 23,,34.8153000,126.4172000,24시간 이용가능,GS차지비,02,7,3
PIS00698,02,전남 목포시 상동광신프로그레스,전남광주통합특별시 목포시 영산로565번길 23,,34.8153000,126.4172000,24시간 이용가능,GS차지비,02,7,2
PIS00698,03,전남 목포시 상동광신프로그레스,전남광주통합특별시 목포시 영산로565번길 23,,34.8153000,126.4172000,24시간 이용가능,GS차지비,02,7,2
PIS00698,04,전남 목포시 상동광신프로그레스,전남광주통합특별시 목포시 영산로565번길 23,,34.8153000,126.4172000,24시간 이용가능,GS차지비,02,7,2
PIS00698,05,전남 목포시 상동광신프로그레스,전남광주통합특별시 목포시 영산로565번길 23,,34.8153000,126.4172000,24시간 이용가능,GS차지비,02,7,2
PIS00698,06,전남 목포시 상동광신프로그레스,전남광주통합특별시 목포시 영산로565번길 23,,34.8153000,126.4172000,24시간 이용가능,GS차지비,02,7,2
PIS00703,01,전남 목포시 엠타운오피스텔,전남광주통합특별시 목포시 신항로276번길 6,,34.7531000,126.3575000,24시간 이용가능,GS차지비,02,7,2
PIS00703,02,전남 목포시 엠타운오피스텔,전남광주통합특별시 목포시 신항로276번길 6,,34.7531000,126.3575000,24시간 이용가능,GS차지비,02,7,2
PIS00703,03,전남 목포시 엠타운오피스텔,전남광주통합특별시 목포시 신항로276번길 6,,34.7531000,126.3575000,24시간 이용가능,GS차지비,02,7,2
PIS00703,04,전남 목포시 엠타운오피스텔,전남광주통합특별시 목포시 신항로276번길 6,,34.7531000,126.3575000,24시간 이용가능,GS차지비,02,7,2
PIS00703,05,전남 목포시 엠타운오피스텔,전남광주통합특별시 목포시 신항로276번길 6,,34.7531000,126.3575000,24시간 이용가능,GS차지비,02,7,2
PIS00703,06,전남 목포시 엠타운오피스텔,전남광주통합특별시 목포시 신항로276번길 6,,34.7531000,126.3575000,24시간 이용가능,GS차지비,02,7,2
PIS00703,07,전남 목포시 엠타운오피스텔,전남광주통합특별시 목포시 신항로276번길 6,,34.7531000,126.3575000,24시간 이용가능,GS차지비,02,7,2
PIS00703,08,전남 목포시 엠타운오피스텔,전남광주통합특별시 목포시 신항로276번길 6,,34.7531000,126.3575000,24시간 이용가능,GS차지비,02,7,2
PIS00703,09,전남 목포시 엠타운오피스텔,전남광주통합특별시 목포시 신항로276번길 6,,34.7531000,126.3575000,24시간 이용가능,GS차지비,02,7,2
PIS00703,10,전남 목포시 엠타운오피스텔,전남광주통합특별시 목포시 신항로276번길 6,,34.7531000,126.3575000,24시간 이용가능,GS차지비,02,7,2
PIS00703,11,전남 목포시 엠타운오피스텔,전남광주통합특별시 목포시 신항로276번길 6,,34.7531000,126.3575000,24시간 이용가능,GS차지비,02,7,2
PIS00706,01,전남 목포시 이마트목포점,전남광주통합특별시 목포시 옥암로 138,,34.8114000,126.4253000,10:00~22:00,GS차지비,02,7,2
PIS00706,02,전남 목포시 이마트목포점,전남광주통합특별시 목포시 옥암로 138,,34.8114000,126.4253000,10:00~22:00,GS차지비,02,7,2
PIS00706,03,전남 목포시 이마트목포점,전남광주통합특별시 목포시 옥암로 138,,34.8114000,126.4253000,10:00~22:00,GS차지비,02,7,2
PIS00706,04,전남 목포시 이마트목포점,전남광주통합특별시 목포시 옥암로 138,,34.8114000,126.4253000,10:00~22:00,GS차지비,02,7,2
PL000124,01,에메랄드 퀸아파트,전남광주통합특별시 목포시 평화로83번길 16,,34.7978016,126.4336496,24시간 이용가능,플러그링크,02,7,2
PL000124,02,에메랄드 퀸아파트,전남광주통합특별시 목포시 평화로83번길 16,,34.7978016,126.4336496,24시간 이용가능,플러그링크,02,7,2
PL000124,03,에메랄드 퀸아파트,전남광주통합특별시 목포시 평화로83번길 16,,34.7978016,126.4336496,24시간 이용가능,플러그링크,02,7,2
PL000124,04,에메랄드 퀸아파트,전남광주통합특별시 목포시 평화로83번길 16,,34.7978016,126.4336496,24시간 이용가능,플러그링크,02,7,2
PL000124,05,에메랄드 퀸아파트,전남광주통합특별시 목포시 평화로83번길 16,,34.7978016,126.4336496,24시간 이용가능,플러그링크,02,7,2
PL000124,06,에메랄드 퀸아파트,전남광주통합특별시 목포시 평화로83번길 16,,34.7978016,126.4336496,24시간 이용가능,플러그링크,02,7,2
PL000124,07,에메랄드 퀸아파트,전남광주통합특별시 목포시 평화로83번길 16,,34.7978016,126.4336496,24시간 이용가능,플러그링크,02,7,2
PL000124,08,에메랄드 퀸아파트,전남광주통합특별시 목포시 평화로83번길 16,,34.7978016,126.4336496,24시간 이용가능,플러그링크,02,7,2
PL000124,09,에메랄드 퀸아파트,전남광주통합특별시 목포시 평화로83번길 16,,34.7978016,126.4336496,24시간 이용가능,플러그링크,02,7,3
PL000124,10,에메랄드 퀸아파트,전남광주통합특별시 목포시 평화로83번길 16,,34.7978016,126.4336496,24시간 이용가능,플러그링크,02,7,2
PL000124,11,에메랄드 퀸아파트,전남광주통합특별시 목포시 평화로83번길 16,,34.7978016,126.4336496,24시간 이용가능,플러그링크,02,7,2
PL000124,12,에메랄드 퀸아파트,전남광주통합특별시 목포시 평화로83번길 16,,34.7978016,126.4336496,24시간 이용가능,플러그링크,02,7,2
PL000506,01,하당현대아파트,전남광주통합특별시 목포시 통일대로37번길 33,,34.8017626,126.4266245,24시간 이용가능,플러그링크,02,7,2
PL000506,02,하당현대아파트,전남광주통합특별시 목포시 통일대로37번길 33,,34.8017626,126.4266245,24시간 이용가능,플러그링크,02,7,2
PL000506,03,하당현대아파트,전남광주통합특별시 목포시 통일대로37번길 33,,34.8017626,126.4266245,24시간 이용가능,플러그링크,02,7,2
PL000506,04,하당현대아파트,전남광주통합특별시 목포시 통일대로37번길 33,,34.8017626,126.4266245,24시간 이용가능,플러그링크,02,7,2
PL000506,05,하당현대아파트,전남광주통합특별시 목포시 통일대로37번길 33,,34.8017626,126.4266245,24시간 이용가능,플러그링크,02,7,2
PL000506,06,하당현대아파트,전남광주통합특별시 목포시 통일대로37번길 33,,34.8017626,126.4266245,24시간 이용가능,플러그링크,02,7,2
PL000506,07,하당현대아파트,전남광주통합특별시 목포시 통일대로37번길 33,,34.8017626,126.4266245,24시간 이용가능,플러그링크,02,7,2
PL000506,08,하당현대아파트,전남광주통합특별시 목포시 통일대로37번길 33,,34.8017626,126.4266245,24시간 이용가능,플러그링크,02,7,2
PL000528,01,근화밀레니엄,전남광주통합특별시 목포시 산정로 268,,34.8111392,126.3873216,24시간 이용가능,플러그링크,02,7,3
PL000528,02,근화밀레니엄,전남광주통합특별시 목포시 산정로 268,,34.8111392,126.3873216,24시간 이용가능,플러그링크,02,7,2
PL000537,01,골드클래스9차아파트,전남광주통합특별시 목포시 연산백련로1번길 111,,34.8206651,126.3890042,24시간 이용가능,플러그링크,02,7,2
PL000537,02,골드클래스9차아파트,전남광주통합특별시 목포시 연산백련로1번길 111,,34.8206651,126.3890042,24시간 이용가능,플러그링크,02,7,2
PL000537,03,골드클래스9차아파트,전남광주통합특별시 목포시 연산백련로1번길 111,,34.8206651,126.3890042,24시간 이용가능,플러그링크,02,7,2
PL005400,00,골드디움3차아파트,전남광주통합특별시 목포시 남악1로52번길 82,,34.8116043,126.4542544,24시간 이용가능,플러그링크,02,7,2
PL005400,01,골드디움3차아파트,전남광주통합특별시 목포시 남악1로52번길 82,,34.8116043,126.4542544,24시간 이용가능,플러그링크,02,7,2
PL005400,02,골드디움3차아파트,전남광주통합특별시 목포시 남악1로52번길 82,,34.8116043,126.4542544,24시간 이용가능,플러그링크,02,7,2
PL005400,03,골드디움3차아파트,전남광주통합특별시 목포시 남악1로52번길 82,,34.8116043,126.4542544,24시간 이용가능,플러그링크,02,7,2
PL022949,00,골드디움3차아파트,전남광주통합특별시 목포시 남악1로52번길 82,골드디움3차아파트,34.8116043,126.4542544,24시간 이용가능,플러그링크,02,7,2
PL022949,01,골드디움3차아파트,전남광주통합특별시 목포시 남악1로52번길 82,골드디움3차아파트,34.8116043,126.4542544,24시간 이용가능,플러그링크,02,7,2
PL022949,02,골드디움3차아파트,전남광주통합특별시 목포시 남악1로52번길 82,골드디움3차아파트,34.8116043,126.4542544,24시간 이용가능,플러그링크,02,7,2
PL030998,00,산정현대아파트,전남광주통합특별시 목포시 죽산로40번길 24,산정현대아파트,34.8113105,126.3780261,24시간 이용가능,플러그링크,02,7,2
PL030998,01,산정현대아파트,전남광주통합특별시 목포시 죽산로40번길 24,산정현대아파트,34.8113105,126.3780261,24시간 이용가능,플러그링크,02,7,2
PL030998,02,산정현대아파트,전남광주통합특별시 목포시 죽산로40번길 24,산정현대아파트,34.8113105,126.3780261,24시간 이용가능,플러그링크,02,7,2
PL031039,00,호반리젠시빌스위트,전남광주통합특별시 목포시 용당로331번길 88,호반리젠시빌스위트,34.8152177,126.3948126,24시간 이용가능,플러그링크,02,7,2
PL031039,01,호반리젠시빌스위트,전남광주통합특별시 목포시 용당로331번길 88,호반리젠시빌스위트,34.8152177,126.3948126,24시간 이용가능,플러그링크,02,7,2
PL031039,02,호반리젠시빌스위트,전남광주통합특별시 목포시 용당로331번길 88,호반리젠시빌스위트,34.8152177,126.3948126,24시간 이용가능,플러그링크,02,7,2
PL031039,03,호반리젠시빌스위트,전남광주통합특별시 목포시 용당로331번길 88,호반리젠시빌스위트,34.8152177,126.3948126,24시간 이용가능,플러그링크,02,7,2
PL031039,04,호반리젠시빌스위트,전남광주통합특별시 목포시 용당로331번길 88,호반리젠시빌스위트,34.8152177,126.3948126,24시간 이용가능,플러그링크,02,7,2
PL031039,05,호반리젠시빌스위트,전남광주통합특별시 목포시 용당로331번길 88,호반리젠시빌스위트,34.8152177,126.3948126,24시간 이용가능,플러그링크,02,7,2
PL031039,06,호반리젠시빌스위트,전남광주통합특별시 목포시 용당로331번길 88,호반리젠시빌스위트,34.8152177,126.3948126,24시간 이용가능,플러그링크,02,7,2
PL031039,07,호반리젠시빌스위트,전남광주통합특별시 목포시 용당로331번길 88,호반리젠시빌스위트,34.8152177,126.3948126,24시간 이용가능,플러그링크,02,7,2
PL031039,08,호반리젠시빌스위트,전남광주통합특별시 목포시 용당로331번길 88,호반리젠시빌스위트,34.8152177,126.3948126,24시간 이용가능,플러그링크,02,7,2
PL031039,09,호반리젠시빌스위트,전남광주통합특별시 목포시 용당로331번길 88,호반리젠시빌스위트,34.8152177,126.3948126,24시간 이용가능,플러그링크,02,7,2
PL031039,10,호반리젠시빌스위트,전남광주통합특별시 목포시 용당로331번길 88,호반리젠시빌스위트,34.8152177,126.3948126,24시간 이용가능,플러그링크,02,7,2
PL031039,11,호반리젠시빌스위트,전남광주통합특별시 목포시 용당로331번길 88,호반리젠시빌스위트,34.8152177,126.3948126,24시간 이용가능,플러그링크,02,7,2
PL031039,12,호반리젠시빌스위트,전남광주통합특별시 목포시 용당로331번길 88,호반리젠시빌스위트,34.8152177,126.3948126,24시간 이용가능,플러그링크,02,7,2
PL031039,13,호반리젠시빌스위트,전남광주통합특별시 목포시 용당로331번길 88,호반리젠시빌스위트,34.8152177,126.3948126,24시간 이용가능,플러그링크,02,7,2
PL031039,14,호반리젠시빌스위트,전남광주통합특별시 목포시 용당로331번길 88,호반리젠시빌스위트,34.8152177,126.3948126,24시간 이용가능,플러그링크,02,7,2
PL031039,15,호반리젠시빌스위트,전남광주통합특별시 목포시 용당로331번길 88,호반리젠시빌스위트,34.8152177,126.3948126,24시간 이용가능,플러그링크,02,7,3
PL031039,16,호반리젠시빌스위트,전남광주통합특별시 목포시 용당로331번길 88,호반리젠시빌스위트,34.8152177,126.3948126,24시간 이용가능,플러그링크,02,7,2
PL031039,17,호반리젠시빌스위트,전남광주통합특별시 목포시 용당로331번길 88,호반리젠시빌스위트,34.8152177,126.3948126,24시간 이용가능,플러그링크,02,7,2
PL031039,18,호반리젠시빌스위트,전남광주통합특별시 목포시 용당로331번길 88,호반리젠시빌스위트,34.8152177,126.3948126,24시간 이용가능,플러그링크,02,7,2
PL031039,19,호반리젠시빌스위트,전남광주통합특별시 목포시 용당로331번길 88,호반리젠시빌스위트,34.8152177,126.3948126,24시간 이용가능,플러그링크,02,7,2
PL031039,20,호반리젠시빌스위트,전남광주통합특별시 목포시 용당로331번길 88,호반리젠시빌스위트,34.8152177,126.3948126,24시간 이용가능,플러그링크,02,7,2
PL031039,21,호반리젠시빌스위트,전남광주통합특별시 목포시 용당로331번길 88,호반리젠시빌스위트,34.8152177,126.3948126,24시간 이용가능,플러그링크,02,7,2
PL031299,00,목포 부영아파트3차,전남광주통합특별시 목포시 통일대로75번길 14,목포 부영아파트3차,34.8023649,126.4319079,24시간 이용가능,플러그링크,02,7,2
PL031299,01,목포 부영아파트3차,전남광주통합특별시 목포시 통일대로75번길 14,목포 부영아파트3차,34.8023649,126.4319079,24시간 이용가능,플러그링크,02,7,2
PL031299,02,목포 부영아파트3차,전남광주통합특별시 목포시 통일대로75번길 14,목포 부영아파트3차,34.8023649,126.4319079,24시간 이용가능,플러그링크,02,14,2
PL031299,03,목포 부영아파트3차,전남광주통합특별시 목포시 통일대로75번길 14,목포 부영아파트3차,34.8023649,126.4319079,24시간 이용가능,플러그링크,02,14,2
PL031299,04,목포 부영아파트3차,전남광주통합특별시 목포시 통일대로75번길 14,목포 부영아파트3차,34.8023649,126.4319079,24시간 이용가능,플러그링크,02,14,2
PL031299,05,목포 부영아파트3차,전남광주통합특별시 목포시 통일대로75번길 14,목포 부영아파트3차,34.8023649,126.4319079,24시간 이용가능,플러그링크,02,14,2
PL031299,06,목포 부영아파트3차,전남광주통합특별시 목포시 통일대로75번길 14,목포 부영아파트3차,34.8023649,126.4319079,24시간 이용가능,플러그링크,02,14,2
PL031299,07,목포 부영아파트3차,전남광주통합특별시 목포시 통일대로75번길 14,목포 부영아파트3차,34.8023649,126.4319079,24시간 이용가능,플러그링크,02,14,2
PL031299,08,목포 부영아파트3차,전남광주통합특별시 목포시 통일대로75번길 14,목포 부영아파트3차,34.8023649,126.4319079,24시간 이용가능,플러그링크,02,14,2
PL031299,09,목포 부영아파트3차,전남광주통합특별시 목포시 통일대로75번길 14,목포 부영아파트3차,34.8023649,126.4319079,24시간 이용가능,플러그링크,02,14,2
PL031300,00,목포 부영아파트5차,전남광주통합특별시 목포시 하당남부로 97,목포 부영아파트5차,34.8026229,126.4340346,24시간 이용가능,플러그링크,02,14,2
PL031300,01,목포 부영아파트5차,전남광주통합특별시 목포시 하당남부로 97,목포 부영아파트5차,34.8026229,126.4340346,24시간 이용가능,플러그링크,02,14,2
PL031300,02,목포 부영아파트5차,전남광주통합특별시 목포시 하당남부로 97,목포 부영아파트5차,34.8026229,126.4340346,24시간 이용가능,플러그링크,02,14,2
PL031300,03,목포 부영아파트5차,전남광주통합특별시 목포시 하당남부로 97,목포 부영아파트5차,34.8026229,126.4340346,24시간 이용가능,플러그링크,02,14,2
PL031300,04,목포 부영아파트5차,전남광주통합특별시 목포시 하당남부로 97,목포 부영아파트5차,34.8026229,126.4340346,24시간 이용가능,플러그링크,02,14,2
PL031300,05,목포 부영아파트5차,전남광주통합특별시 목포시 하당남부로 97,목포 부영아파트5차,34.8026229,126.4340346,24시간 이용가능,플러그링크,02,14,2
PL031308,00,목포 부영아파트1차,전남광주통합특별시 목포시 삼향천로 35,목포 부영아파트1차,34.8040390,126.4331468,24시간 이용가능,플러그링크,02,7,3
PL031308,01,목포 부영아파트1차,전남광주통합특별시 목포시 삼향천로 35,목포 부영아파트1차,34.8040390,126.4331468,24시간 이용가능,플러그링크,02,14,2
PL031308,02,목포 부영아파트1차,전남광주통합특별시 목포시 삼향천로 35,목포 부영아파트1차,34.8040390,126.4331468,24시간 이용가능,플러그링크,02,14,2
PL031308,03,목포 부영아파트1차,전남광주통합특별시 목포시 삼향천로 35,목포 부영아파트1차,34.8040390,126.4331468,24시간 이용가능,플러그링크,02,14,2
PL031308,04,목포 부영아파트1차,전남광주통합특별시 목포시 삼향천로 35,목포 부영아파트1차,34.8040390,126.4331468,24시간 이용가능,플러그링크,02,14,2
PL031308,05,목포 부영아파트1차,전남광주통합특별시 목포시 삼향천로 35,목포 부영아파트1차,34.8040390,126.4331468,24시간 이용가능,플러그링크,02,14,2
PL031308,06,목포 부영아파트1차,전남광주통합특별시 목포시 삼향천로 35,목포 부영아파트1차,34.8040390,126.4331468,24시간 이용가능,플러그링크,02,14,2
PL031309,00,목포 부영아파트2차,전남광주통합특별시 목포시 부흥로 88,목포 부영아파트2차,34.8032677,126.4326477,24시간 이용가능,플러그링크,02,7,2
PL031309,01,목포 부영아파트2차,전남광주통합특별시 목포시 부흥로 88,목포 부영아파트2차,34.8032677,126.4326477,24시간 이용가능,플러그링크,02,7,2
PL031309,02,목포 부영아파트2차,전남광주통합특별시 목포시 부흥로 88,목포 부영아파트2차,34.8032677,126.4326477,24시간 이용가능,플러그링크,02,14,2
PL031309,03,목포 부영아파트2차,전남광주통합특별시 목포시 부흥로 88,목포 부영아파트2차,34.8032677,126.4326477,24시간 이용가능,플러그링크,02,14,2
PL031309,04,목포 부영아파트2차,전남광주통합특별시 목포시 부흥로 88,목포 부영아파트2차,34.8032677,126.4326477,24시간 이용가능,플러그링크,02,14,2
PL031309,05,목포 부영아파트2차,전남광주통합특별시 목포시 부흥로 88,목포 부영아파트2차,34.8032677,126.4326477,24시간 이용가능,플러그링크,02,14,2
PL031309,06,목포 부영아파트2차,전남광주통합특별시 목포시 부흥로 88,목포 부영아파트2차,34.8032677,126.4326477,24시간 이용가능,플러그링크,02,14,2
PL031309,07,목포 부영아파트2차,전남광주통합특별시 목포시 부흥로 88,목포 부영아파트2차,34.8032677,126.4326477,24시간 이용가능,플러그링크,02,14,2
PL031309,08,목포 부영아파트2차,전남광주통합특별시 목포시 부흥로 88,목포 부영아파트2차,34.8032677,126.4326477,24시간 이용가능,플러그링크,02,14,2
PL031309,09,목포 부영아파트2차,전남광주통합특별시 목포시 부흥로 88,목포 부영아파트2차,34.8032677,126.4326477,24시간 이용가능,플러그링크,02,14,2
PL031436,00,목포 라송센트럴카운티 2차,전남광주통합특별시 목포시 청호로136번길 22,목포 라송센트럴카운티 2차,34.8050333,126.3781908,24시간 이용가능,플러그링크,02,7,2
PL031436,01,목포 라송센트럴카운티 2차,전남광주통합특별시 목포시 청호로136번길 22,목포 라송센트럴카운티 2차,34.8050333,126.3781908,24시간 이용가능,플러그링크,02,7,2
PL031436,02,목포 라송센트럴카운티 2차,전남광주통합특별시 목포시 청호로136번길 22,목포 라송센트럴카운티 2차,34.8050333,126.3781908,24시간 이용가능,플러그링크,02,7,2
PL031436,03,목포 라송센트럴카운티 2차,전남광주통합특별시 목포시 청호로136번길 22,목포 라송센트럴카운티 2차,34.8050333,126.3781908,24시간 이용가능,플러그링크,02,7,3
PL031436,04,목포 라송센트럴카운티 2차,전남광주통합특별시 목포시 청호로136번길 22,목포 라송센트럴카운티 2차,34.8050333,126.3781908,24시간 이용가능,플러그링크,02,7,2
PL031436,05,목포 라송센트럴카운티 2차,전남광주통합특별시 목포시 청호로136번길 22,목포 라송센트럴카운티 2차,34.8050333,126.3781908,24시간 이용가능,플러그링크,02,7,2
PL031437,00,목포 라송센트럴카운티 3차,전남광주통합특별시 목포시 석현로45번길 22-10,목포 라송센트럴카운티 3차,34.8191004,126.4259663,24시간 이용가능,플러그링크,02,7,2
PL031437,01,목포 라송센트럴카운티 3차,전남광주통합특별시 목포시 석현로45번길 22-10,목포 라송센트럴카운티 3차,34.8191004,126.4259663,24시간 이용가능,플러그링크,02,7,2
PL031437,02,목포 라송센트럴카운티 3차,전남광주통합특별시 목포시 석현로45번길 22-10,목포 라송센트럴카운티 3차,34.8191004,126.4259663,24시간 이용가능,플러그링크,02,7,2
PL031437,03,목포 라송센트럴카운티 3차,전남광주통합특별시 목포시 석현로45번길 22-10,목포 라송센트럴카운티 3차,34.8191004,126.4259663,24시간 이용가능,플러그링크,02,7,2
PL031437,04,목포 라송센트럴카운티 3차,전남광주통합특별시 목포시 석현로45번길 22-10,목포 라송센트럴카운티 3차,34.8191004,126.4259663,24시간 이용가능,플러그링크,02,7,2
PL031438,00,목포 라송센트럴카운티 5차,전남광주통합특별시 목포시 영산로 648-24,목포 라송센트럴카운티 5차,34.8213146,126.4236753,24시간 이용가능,플러그링크,02,7,2
PL031438,01,목포 라송센트럴카운티 5차,전남광주통합특별시 목포시 영산로 648-24,목포 라송센트럴카운티 5차,34.8213146,126.4236753,24시간 이용가능,플러그링크,02,7,2
PL031438,02,목포 라송센트럴카운티 5차,전남광주통합특별시 목포시 영산로 648-24,목포 라송센트럴카운티 5차,34.8213146,126.4236753,24시간 이용가능,플러그링크,02,7,2
PL031438,03,목포 라송센트럴카운티 5차,전남광주통합특별시 목포시 영산로 648-24,목포 라송센트럴카운티 5차,34.8213146,126.4236753,24시간 이용가능,플러그링크,02,7,2
PL031438,04,목포 라송센트럴카운티 5차,전남광주통합특별시 목포시 영산로 648-24,목포 라송센트럴카운티 5차,34.8213146,126.4236753,24시간 이용가능,플러그링크,02,7,2
PL031438,05,목포 라송센트럴카운티 5차,전남광주통합특별시 목포시 영산로 648-24,목포 라송센트럴카운티 5차,34.8213146,126.4236753,24시간 이용가능,플러그링크,02,7,2
PL031438,06,목포 라송센트럴카운티 5차,전남광주통합특별시 목포시 영산로 648-24,목포 라송센트럴카운티 5차,34.8213146,126.4236753,24시간 이용가능,플러그링크,02,7,2
PL031438,07,목포 라송센트럴카운티 5차,전남광주통합특별시 목포시 영산로 648-24,목포 라송센트럴카운티 5차,34.8213146,126.4236753,24시간 이용가능,플러그링크,02,7,2
PL031438,08,목포 라송센트럴카운티 5차,전남광주통합특별시 목포시 영산로 648-24,목포 라송센트럴카운티 5차,34.8213146,126.4236753,24시간 이용가능,플러그링크,02,7,2
PL031438,09,목포 라송센트럴카운티 5차,전남광주통합특별시 목포시 영산로 648-24,목포 라송센트럴카운티 5차,34.8213146,126.4236753,24시간 이용가능,플러그링크,02,7,2
PL031438,10,목포 라송센트럴카운티 5차,전남광주통합특별시 목포시 영산로 648-24,목포 라송센트럴카운티 5차,34.8213146,126.4236753,24시간 이용가능,플러그링크,02,7,2
PL031438,11,목포 라송센트럴카운티 5차,전남광주통합특별시 목포시 영산로 648-24,목포 라송센트럴카운티 5차,34.8213146,126.4236753,24시간 이용가능,플러그링크,02,7,2
PL031438,12,목포 라송센트럴카운티 5차,전남광주통합특별시 목포시 영산로 648-24,목포 라송센트럴카운티 5차,34.8213146,126.4236753,24시간 이용가능,플러그링크,02,7,2
PL031438,13,목포 라송센트럴카운티 5차,전남광주통합특별시 목포시 영산로 648-24,목포 라송센트럴카운티 5차,34.8213146,126.4236753,24시간 이용가능,플러그링크,02,7,2
PL031438,14,목포 라송센트럴카운티 5차,전남광주통합특별시 목포시 영산로 648-24,목포 라송센트럴카운티 5차,34.8213146,126.4236753,24시간 이용가능,플러그링크,02,7,2
PL031438,15,목포 라송센트럴카운티 5차,전남광주통합특별시 목포시 영산로 648-24,목포 라송센트럴카운티 5차,34.8213146,126.4236753,24시간 이용가능,플러그링크,02,7,2
PL032547,00,대양동 영신그린빌,전남광주통합특별시 목포시 영산로 761-2,대양동 영신그린빌,34.8322494,126.4172346,24시간 이용가능,플러그링크,02,7,2
PL032547,01,대양동 영신그린빌,전남광주통합특별시 목포시 영산로 761-2,대양동 영신그린빌,34.8322494,126.4172346,24시간 이용가능,플러그링크,02,7,2
PL032547,02,대양동 영신그린빌,전남광주통합특별시 목포시 영산로 761-2,대양동 영신그린빌,34.8322494,126.4172346,24시간 이용가능,플러그링크,02,7,2
PL032656,00,신안비치팔레스,전남광주통합특별시 목포시 청호로 210,신안비치팔레스,34.8087957,126.3712121,24시간 이용가능,플러그링크,02,7,2
PL032656,01,신안비치팔레스,전남광주통합특별시 목포시 청호로 210,신안비치팔레스,34.8087957,126.3712121,24시간 이용가능,플러그링크,02,7,2
PL032656,02,신안비치팔레스,전남광주통합특별시 목포시 청호로 210,신안비치팔레스,34.8087957,126.3712121,24시간 이용가능,플러그링크,02,7,2
PL032656,03,신안비치팔레스,전남광주통합특별시 목포시 청호로 210,신안비치팔레스,34.8087957,126.3712121,24시간 이용가능,플러그링크,02,7,2
PL032656,04,신안비치팔레스,전남광주통합특별시 목포시 청호로 210,신안비치팔레스,34.8087957,126.3712121,24시간 이용가능,플러그링크,02,7,2
PL032656,05,신안비치팔레스,전남광주통합특별시 목포시 청호로 210,신안비치팔레스,34.8087957,126.3712121,24시간 이용가능,플러그링크,02,7,2
PL032656,06,신안비치팔레스,전남광주통합특별시 목포시 청호로 210,신안비치팔레스,34.8087957,126.3712121,24시간 이용가능,플러그링크,02,7,2
PL032656,07,신안비치팔레스,전남광주통합특별시 목포시 청호로 210,신안비치팔레스,34.8087957,126.3712121,24시간 이용가능,플러그링크,02,7,2
PL032656,08,신안비치팔레스,전남광주통합특별시 목포시 청호로 210,신안비치팔레스,34.8087957,126.3712121,24시간 이용가능,플러그링크,02,7,2
PL032802,00,옥암 푸르지오,전남광주통합특별시 목포시 남악1로 51,옥암 푸르지오,34.8094655,126.4446838,24시간 이용가능,플러그링크,02,7,3
PL032802,01,옥암 푸르지오,전남광주통합특별시 목포시 남악1로 51,옥암 푸르지오,34.8094655,126.4446838,24시간 이용가능,플러그링크,02,7,2
PL032802,02,옥암 푸르지오,전남광주통합특별시 목포시 남악1로 51,옥암 푸르지오,34.8094655,126.4446838,24시간 이용가능,플러그링크,02,7,2
PL032802,03,옥암 푸르지오,전남광주통합특별시 목포시 남악1로 51,옥암 푸르지오,34.8094655,126.4446838,24시간 이용가능,플러그링크,02,7,2
PL032802,04,옥암 푸르지오,전남광주통합특별시 목포시 남악1로 51,옥암 푸르지오,34.8094655,126.4446838,24시간 이용가능,플러그링크,02,7,2
PL033390,00,한광프라임빌,전남광주통합특별시 목포시 영산로692번길 8,,34.8270358,126.4228772,24시간 이용가능,플러그링크,02,7,2
PL033390,01,한광프라임빌,전남광주통합특별시 목포시 영산로692번길 8,,34.8270358,126.4228772,24시간 이용가능,플러그링크,02,7,2
PL033390,02,한광프라임빌,전남광주통합특별시 목포시 영산로692번길 8,,34.8270358,126.4228772,24시간 이용가능,플러그링크,02,7,2
PL033390,03,한광프라임빌,전남광주통합특별시 목포시 영산로692번길 8,,34.8270358,126.4228772,24시간 이용가능,플러그링크,02,7,2
PW013262,01,하당프라임아너팰리스/유한회사 프라임디앤씨,전남광주통합특별시 목포시 부흥로 69,,34.8032729,126.4289574,24시간 이용가능,파워큐브,02,7,2
PW013262,02,하당프라임아너팰리스/유한회사 프라임디앤씨,전남광주통합특별시 목포시 부흥로 69,,34.8032729,126.4289574,24시간 이용가능,파워큐브,02,7,2
PW013262,03,하당프라임아너팰리스/유한회사 프라임디앤씨,전남광주통합특별시 목포시 부흥로 69,,34.8032729,126.4289574,24시간 이용가능,파워큐브,02,7,2
PW013262,04,하당프라임아너팰리스/유한회사 프라임디앤씨,전남광주통합특별시 목포시 부흥로 69,,34.8032729,126.4289574,24시간 이용가능,파워큐브,02,7,2
PW013262,05,하당프라임아너팰리스/유한회사 프라임디앤씨,전남광주통합특별시 목포시 부흥로 69,,34.8032729,126.4289574,24시간 이용가능,파워큐브,02,7,2
PW800344,01,한국은행목포본부/한국은행,전남광주통합특별시 목포시 영산로 109,,34.7926206,126.3860429,24시간 이용가능,파워큐브코리아,02,7,2
PW801043,01,하당목포프라임아너팰리스/유한회사 프라임디앤씨,전남광주통합특별시 목포시 부흥로 69,,34.803272930,126.42895744,24시간 이용가능,파워큐브코리아,02,7,2
PW801043,02,하당목포프라임아너팰리스/유한회사 프라임디앤씨,전남광주통합특별시 목포시 부흥로 69,,34.803272930,126.42895744,24시간 이용가능,파워큐브코리아,02,7,2
PW801043,03,하당목포프라임아너팰리스/유한회사 프라임디앤씨,전남광주통합특별시 목포시 부흥로 69,,34.803272930,126.42895744,24시간 이용가능,파워큐브코리아,02,7,2
PW801043,04,하당목포프라임아너팰리스/유한회사 프라임디앤씨,전남광주통합특별시 목포시 부흥로 69,,34.803272930,126.42895744,24시간 이용가능,파워큐브코리아,02,7,2
PW801043,05,하당목포프라임아너팰리스/유한회사 프라임디앤씨,전남광주통합특별시 목포시 부흥로 69,,34.803272930,126.42895744,24시간 이용가능,파워큐브코리아,02,7,2
PW801499,01,해상풍력융복합산업화 플랫폼센터/목포시청,전남광주통합특별시 목포시 허사로33번길 48-4,,34.755387073,126.35809255,24시간 이용가능,파워큐브코리아,02,7,3
PW801499,02,해상풍력융복합산업화 플랫폼센터/목포시청,전남광주통합특별시 목포시 허사로33번길 48-4,,34.755387073,126.35809255,24시간 이용가능,파워큐브코리아,02,7,2
RS000010,01,목포시청삼학도차고지,전남광주통합특별시 목포시 산정동 1619,삼학도차고지,34.8,126.4,24시간 이용가능,리셀파워,11,120,2
RS000010,02,목포시청삼학도차고지,전남광주통합특별시 목포시 산정동 1619,삼학도차고지,34.8,126.4,24시간 이용가능,리셀파워,11,120,2
RS000010,03,목포시청삼학도차고지,전남광주통합특별시 목포시 산정동 1619,삼학도차고지,34.8,126.4,24시간 이용가능,리셀파워,11,120,2
RS000010,04,목포시청삼학도차고지,전남광주통합특별시 목포시 산정동 1619,삼학도차고지,34.8,126.4,24시간 이용가능,리셀파워,11,120,2
RS000010,05,목포시청삼학도차고지,전남광주통합특별시 목포시 산정동 1619,삼학도차고지,34.8,126.4,24시간 이용가능,리셀파워,11,120,2
RS000010,06,목포시청삼학도차고지,전남광주통합특별시 목포시 산정동 1619,삼학도차고지,34.8,126.4,24시간 이용가능,리셀파워,11,120,2
SF000009,01,목포 근화희망타운3차아파트,전남광주통합특별시 목포시 산양로 50,목포 근화희망타운3차아파트,34.835839874,126.42911310,09:00~18:00,(주)스타코프,02,3,2
SF000931,01,골드디움5차아파트,전남광주통합특별시 목포시 용해지구로88번길 23,골드디움5차아파트,34.820767130,126.39394426,09:00~18:00,(주)스타코프,02,3,2
SF000931,02,골드디움5차아파트,전남광주통합특별시 목포시 용해지구로88번길 23,골드디움5차아파트,34.820767130,126.39394426,09:00~18:00,(주)스타코프,02,3,2
SF000931,03,골드디움5차아파트,전남광주통합특별시 목포시 용해지구로88번길 23,골드디움5차아파트,34.820767130,126.39394426,09:00~18:00,(주)스타코프,02,3,2
SF000931,04,골드디움5차아파트,전남광주통합특별시 목포시 용해지구로88번길 23,골드디움5차아파트,34.820767130,126.39394426,09:00~18:00,(주)스타코프,02,3,2
SF000931,05,골드디움5차아파트,전남광주통합특별시 목포시 용해지구로88번길 23,골드디움5차아파트,34.820767130,126.39394426,09:00~18:00,(주)스타코프,02,3,2
SF000931,06,골드디움5차아파트,전남광주통합특별시 목포시 용해지구로88번길 23,골드디움5차아파트,34.820767130,126.39394426,09:00~18:00,(주)스타코프,02,3,2
SF000931,07,골드디움5차아파트,전남광주통합특별시 목포시 용해지구로88번길 23,골드디움5차아파트,34.820767130,126.39394426,09:00~18:00,(주)스타코프,02,3,2
SF000931,08,골드디움5차아파트,전남광주통합특별시 목포시 용해지구로88번길 23,골드디움5차아파트,34.820767130,126.39394426,09:00~18:00,(주)스타코프,02,3,2
SF000931,09,골드디움5차아파트,전남광주통합특별시 목포시 용해지구로88번길 23,골드디움5차아파트,34.820767130,126.39394426,09:00~18:00,(주)스타코프,02,3,2
SF000931,10,골드디움5차아파트,전남광주통합특별시 목포시 용해지구로88번길 23,골드디움5차아파트,34.820767130,126.39394426,09:00~18:00,(주)스타코프,02,3,2
SF000931,11,골드디움5차아파트,전남광주통합특별시 목포시 용해지구로88번길 23,골드디움5차아파트,34.820767130,126.39394426,09:00~18:00,(주)스타코프,02,3,2
SF000931,12,골드디움5차아파트,전남광주통합특별시 목포시 용해지구로88번길 23,골드디움5차아파트,34.820767130,126.39394426,09:00~18:00,(주)스타코프,02,3,2
SF001007,01,근화블루빌아파트,전남광주통합특별시 목포시 텃골로13번길 32,근화블루빌아파트,34.820076803,126.41976655,09:00~18:00,(주)스타코프,02,3,2
SF001007,02,근화블루빌아파트,전남광주통합특별시 목포시 텃골로13번길 32,근화블루빌아파트,34.820076803,126.41976655,09:00~18:00,(주)스타코프,02,3,2
SF001007,03,근화블루빌아파트,전남광주통합특별시 목포시 텃골로13번길 32,근화블루빌아파트,34.820076803,126.41976655,09:00~18:00,(주)스타코프,02,3,2
SF001007,04,근화블루빌아파트,전남광주통합특별시 목포시 텃골로13번길 32,근화블루빌아파트,34.820076803,126.41976655,09:00~18:00,(주)스타코프,02,3,2
SF001007,05,근화블루빌아파트,전남광주통합특별시 목포시 텃골로13번길 32,근화블루빌아파트,34.820076803,126.41976655,09:00~18:00,(주)스타코프,02,3,2
SF001007,06,근화블루빌아파트,전남광주통합특별시 목포시 텃골로13번길 32,근화블루빌아파트,34.820076803,126.41976655,09:00~18:00,(주)스타코프,02,3,2
SF002405,01,하당 중흥s클래스 센텀뷰,전남광주통합특별시 목포시 비파로 96,하당 중흥s클래스 센텀뷰,34.806991622,126.42455219,09:00~18:00,(주)스타코프,02,3,2
SF002405,02,하당 중흥s클래스 센텀뷰,전남광주통합특별시 목포시 비파로 96,하당 중흥s클래스 센텀뷰,34.806991622,126.42455219,09:00~18:00,(주)스타코프,02,3,2
SF002405,03,하당 중흥s클래스 센텀뷰,전남광주통합특별시 목포시 비파로 96,하당 중흥s클래스 센텀뷰,34.806991622,126.42455219,09:00~18:00,(주)스타코프,02,3,2
SF002405,04,하당 중흥s클래스 센텀뷰,전남광주통합특별시 목포시 비파로 96,하당 중흥s클래스 센텀뷰,34.806991622,126.42455219,09:00~18:00,(주)스타코프,02,3,2
SF002405,05,하당 중흥s클래스 센텀뷰,전남광주통합특별시 목포시 비파로 96,하당 중흥s클래스 센텀뷰,34.806991622,126.42455219,09:00~18:00,(주)스타코프,02,3,2
SF002405,06,하당 중흥s클래스 센텀뷰,전남광주통합특별시 목포시 비파로 96,하당 중흥s클래스 센텀뷰,34.806991622,126.42455219,09:00~18:00,(주)스타코프,02,3,2
SF002405,07,하당 중흥s클래스 센텀뷰,전남광주통합특별시 목포시 비파로 96,하당 중흥s클래스 센텀뷰,34.806991622,126.42455219,09:00~18:00,(주)스타코프,02,3,2
SF002405,08,하당 중흥s클래스 센텀뷰,전남광주통합특별시 목포시 비파로 96,하당 중흥s클래스 센텀뷰,34.806991622,126.42455219,09:00~18:00,(주)스타코프,02,3,2
SF002405,09,하당 중흥s클래스 센텀뷰,전남광주통합특별시 목포시 비파로 96,하당 중흥s클래스 센텀뷰,34.806991622,126.42455219,09:00~18:00,(주)스타코프,02,3,2
SF002405,10,하당 중흥s클래스 센텀뷰,전남광주통합특별시 목포시 비파로 96,하당 중흥s클래스 센텀뷰,34.806991622,126.42455219,09:00~18:00,(주)스타코프,02,3,2
SF002405,11,하당 중흥s클래스 센텀뷰,전남광주통합특별시 목포시 비파로 96,하당 중흥s클래스 센텀뷰,34.806991622,126.42455219,09:00~18:00,(주)스타코프,02,3,2
SF002554,00,방송통신대학교 목포시학습관 (완속충전기),전남광주통합특별시 목포시 백년대로412번길 14,방송통신대학교 목포시학습관 (완속충전기),34.807906191,126.43205698,09:00~18:00,(주)스타코프,02,11,2
SGSIG022,01,목포역 앞,전남광주통합특별시 목포시 영산로110번길 22,목포역 앞,34.793589866,126.38702386,24시간 이용가능,sk시그넷,02,7,5
SGSIG022,02,목포역 앞,전남광주통합특별시 목포시 영산로110번길 22,목포역 앞,34.793589866,126.38702386,24시간 이용가능,sk시그넷,02,7,5
SGSIG022,03,목포역 앞,전남광주통합특별시 목포시 영산로110번길 22,목포역 앞,34.793589866,126.38702386,24시간 이용가능,sk시그넷,02,7,5
SGSIG022,04,목포역 앞,전남광주통합특별시 목포시 영산로110번길 22,목포역 앞,34.793589866,126.38702386,24시간 이용가능,sk시그넷,02,7,5
SGSIG022,05,목포역 앞,전남광주통합특별시 목포시 영산로110번길 22,목포역 앞,34.793589866,126.38702386,24시간 이용가능,sk시그넷,02,7,5
SGSIG022,06,목포역 앞,전남광주통합특별시 목포시 영산로110번길 22,목포역 앞,34.793589866,126.38702386,24시간 이용가능,sk시그넷,02,7,5
SGSIG022,07,목포역 앞,전남광주통합특별시 목포시 영산로110번길 22,목포역 앞,34.793589866,126.38702386,24시간 이용가능,sk시그넷,02,7,5
SGSIG022,08,목포역 앞,전남광주통합특별시 목포시 영산로110번길 22,목포역 앞,34.793589866,126.38702386,24시간 이용가능,sk시그넷,02,7,5
SGSIG022,09,목포역 앞,전남광주통합특별시 목포시 영산로110번길 22,목포역 앞,34.793589866,126.38702386,24시간 이용가능,sk시그넷,02,7,5
SGSIG022,10,목포역 앞,전남광주통합특별시 목포시 영산로110번길 22,목포역 앞,34.793589866,126.38702386,24시간 이용가능,sk시그넷,02,7,5
SGSIG022,11,목포역 앞,전남광주통합특별시 목포시 영산로110번길 22,목포역 앞,34.793589866,126.38702386,24시간 이용가능,sk시그넷,02,7,5
SGSIG022,12,목포역 앞,전남광주통합특별시 목포시 영산로110번길 22,목포역 앞,34.793589866,126.38702386,24시간 이용가능,sk시그넷,02,7,5
SGSIG022,13,목포역 앞,전남광주통합특별시 목포시 영산로110번길 22,목포역 앞,34.793589866,126.38702386,24시간 이용가능,sk시그넷,02,7,5
SGSIG022,14,목포역 앞,전남광주통합특별시 목포시 영산로110번길 22,목포역 앞,34.793589866,126.38702386,24시간 이용가능,sk시그넷,02,7,5
ST461102,01,라이프1차아파트(입주민 전용),전남광주통합특별시 목포시 용당로 323,,34.815863,126.399814,24시간 이용가능,SK일렉링크,02,7,2
ST461104,01,보보스모텔,전남광주통합특별시 목포시 하당남부로51번길 3,,34.800308,126.429432,24시간 이용가능,SK일렉링크,02,7,2
ST461104,02,보보스모텔,전남광주통합특별시 목포시 하당남부로51번길 3,,34.800308,126.429432,24시간 이용가능,SK일렉링크,02,7,2
ST461108,01,에코호텔,전남광주통합특별시 목포시 비파로124번길 11,,34.809579,126.423979,24시간 이용가능,SK일렉링크,02,7,2
ST461108,02,에코호텔,전남광주통합특별시 목포시 비파로124번길 11,,34.809579,126.423979,24시간 이용가능,SK일렉링크,02,7,2
ST461109,01,기아오토큐 목포서비스,전남광주통합특별시 목포시 남악로58번길 10,,34.8038669,126.4454214,24시간 이용가능,SK일렉링크,05,50,2
ST461110,01,기아 하당대리점,전남광주통합특별시 목포시 옥암로 53,,34.8043043,126.4285027,24시간 이용가능,에스트래픽,04,50,2
ST461111,01,현대블루핸즈 동양자동차정비㈜,전남광주통합특별시 목포시 녹색로 126,,34.8155022,126.4283543,24시간 이용가능,SK일렉링크,04,50,2
ST461112,01,국민서관(입주사 전용),전남광주통합특별시 목포시 번영로 167,,34.8112542,126.4195879,24시간 이용가능,SK일렉링크,02,7,2
ST461113,01,목포석현동센트럴카운티 2차(입주민 전용),전남광주통합특별시 목포시 청호로136번길 22,,34.805261,126.378532,24시간 이용가능,SK일렉링크,02,7,2
ST461113,02,목포석현동센트럴카운티 2차(입주민 전용),전남광주통합특별시 목포시 청호로136번길 22,,34.805261,126.378532,24시간 이용가능,SK일렉링크,02,7,2
ST461113,03,목포석현동센트럴카운티 2차(입주민 전용),전남광주통합특별시 목포시 청호로136번길 22,,34.805261,126.378532,24시간 이용가능,SK일렉링크,02,7,2
ST461113,04,목포석현동센트럴카운티 2차(입주민 전용),전남광주통합특별시 목포시 청호로136번길 22,,34.805261,126.378532,24시간 이용가능,SK일렉링크,02,7,2
ST461113,05,목포석현동센트럴카운티 2차(입주민 전용),전남광주통합특별시 목포시 청호로136번길 22,,34.805261,126.378532,24시간 이용가능,SK일렉링크,02,7,2
ST461114,01,목포석현동센트럴카운티 3차(입주민 전용),전남광주통합특별시 목포시 석현로45번길 22-10,,34.819086,126.426242,24시간 이용가능,SK일렉링크,02,7,2
ST461114,02,목포석현동센트럴카운티 3차(입주민 전용),전남광주통합특별시 목포시 석현로45번길 22-10,,34.819086,126.426242,24시간 이용가능,SK일렉링크,02,7,2
ST461114,03,목포석현동센트럴카운티 3차(입주민 전용),전남광주통합특별시 목포시 석현로45번길 22-10,,34.819086,126.426242,24시간 이용가능,SK일렉링크,02,7,2
ST461114,04,목포석현동센트럴카운티 3차(입주민 전용),전남광주통합특별시 목포시 석현로45번길 22-10,,34.819086,126.426242,24시간 이용가능,SK일렉링크,02,7,2
ST461114,05,목포석현동센트럴카운티 3차(입주민 전용),전남광주통합특별시 목포시 석현로45번길 22-10,,34.819086,126.426242,24시간 이용가능,SK일렉링크,02,7,2
ST461115,01,목포석현동센트럴카운티 5차(입주민 전용),전남광주통합특별시 목포시 영산로 648-24,,34.821146,126.424754,24시간 이용가능,SK일렉링크,02,7,3
ST461115,02,목포석현동센트럴카운티 5차(입주민 전용),전남광주통합특별시 목포시 영산로 648-24,,34.821146,126.424754,24시간 이용가능,SK일렉링크,02,7,2
ST461115,03,목포석현동센트럴카운티 5차(입주민 전용),전남광주통합특별시 목포시 영산로 648-24,,34.821146,126.424754,24시간 이용가능,SK일렉링크,02,7,2
ST461115,04,목포석현동센트럴카운티 5차(입주민 전용),전남광주통합특별시 목포시 영산로 648-24,,34.821146,126.424754,24시간 이용가능,SK일렉링크,02,7,2
ST461115,05,목포석현동센트럴카운티 5차(입주민 전용),전남광주통합특별시 목포시 영산로 648-24,,34.821146,126.424754,24시간 이용가능,SK일렉링크,02,7,2
ST461116,01,롯데렌터카 목포사업장(입주사 전용),전남광주통합특별시 목포시 백년대로 272,,34.8024115,126.4181107,24시간 이용가능,SK일렉링크,04,100,2
ST461116,02,롯데렌터카 목포사업장(입주사 전용),전남광주통합특별시 목포시 백년대로 272,,34.8024115,126.4181107,24시간 이용가능,SK일렉링크,04,100,2
ST461117,01,현대 목포지점(현대차 전용),전남광주통합특별시 목포시 남악로 123,,34.8056398,126.4520286,24시간 이용가능,SK일렉링크,04,100,2
ST461117,02,현대 목포지점(현대차 전용),전남광주통합특별시 목포시 남악로 123,,34.8056398,126.4520286,24시간 이용가능,SK일렉링크,04,100,2
ST461118,01,현대자동차블루핸즈 삽진공업사,전남광주통합특별시 목포시 대양로13번길 12,현대자동차블루핸즈 삽진공업사,34.823323550,126.38292401,24시간 이용가능,SK일렉링크,04,100,2
ST461118,02,현대자동차블루핸즈 삽진공업사,전남광주통합특별시 목포시 대양로13번길 12,현대자동차블루핸즈 삽진공업사,34.823323550,126.38292401,24시간 이용가능,SK일렉링크,04,100,2
ST461119,01,목포시종합사회복지관,전남광주통합특별시 목포시 고하대로 712,,34.809848466,126.37470363,24시간 이용가능,SK일렉링크,02,7,2
ST461120,01,현대자동차 블루핸즈 목포산정점,전남광주통합특별시 목포시 용당로 8,,34.7882931,126.4022353,24시간 이용가능,SK일렉링크,04,100,1
ST461120,02,현대자동차 블루핸즈 목포산정점,전남광주통합특별시 목포시 용당로 8,,34.7882931,126.4022353,24시간 이용가능,SK일렉링크,04,100,1
ST461121,01,이마트 목포점,전남광주통합특별시 목포시 옥암로 138,이마트 목포점,34.811627450,126.42521001,10:00 ~ 22:00,SK일렉링크,04,100,2
ST461121,02,이마트 목포점,전남광주통합특별시 목포시 옥암로 138,이마트 목포점,34.811627450,126.42521001,10:00 ~ 22:00,SK일렉링크,04,100,2
ST461121,03,이마트 목포점,전남광주통합특별시 목포시 옥암로 138,이마트 목포점,34.811627450,126.42521001,10:00 ~ 22:00,SK일렉링크,04,100,2
ST461121,04,이마트 목포점,전남광주통합특별시 목포시 옥암로 138,이마트 목포점,34.811627450,126.42521001,10:00 ~ 22:00,SK일렉링크,04,100,2
ST461121,05,이마트 목포점,전남광주통합특별시 목포시 옥암로 138,이마트 목포점,34.811627450,126.42521001,10:00 ~ 22:00,SK일렉링크,04,100,2
ST461121,06,이마트 목포점,전남광주통합특별시 목포시 옥암로 138,이마트 목포점,34.811627450,126.42521001,10:00 ~ 22:00,SK일렉링크,04,100,2
ST600131,01,기아 목포지점(임직원 전용),전남광주통합특별시 목포시 백년대로 282,지상주차장,34.8028636,126.4190618,24시간 이용가능,SK일렉링크,02,7,2
ST600131,02,기아 목포지점(임직원 전용),전남광주통합특별시 목포시 백년대로 282,지상주차장,34.8028636,126.4190618,24시간 이용가능,SK일렉링크,02,7,2
ST600131,03,기아 목포지점(임직원 전용),전남광주통합특별시 목포시 백년대로 282,지상주차장,34.8028636,126.4190618,24시간 이용가능,SK일렉링크,02,7,2
ST600131,04,기아 목포지점(임직원 전용),전남광주통합특별시 목포시 백년대로 282,지상주차장,34.8028636,126.4190618,24시간 이용가능,SK일렉링크,02,7,2
ST600353,01,현대자동차 북항대리점,전남광주통합특별시 목포시 산정로 283,주차장,34.812033159,126.38538728,24시간 이용가능,SK일렉링크,04,100,2
ST600353,02,현대자동차 북항대리점,전남광주통합특별시 목포시 산정로 283,주차장,34.812033159,126.38538728,24시간 이용가능,SK일렉링크,04,100,2
ST600359,01,현대자동차 목포하당지점,전남광주통합특별시 목포시 백년대로279번길 1,주차장,34.803079965,126.41837980,24시간 이용가능,SK일렉링크,04,100,2
ST600359,02,현대자동차 목포하당지점,전남광주통합특별시 목포시 백년대로279번길 1,주차장,34.803079965,126.41837980,24시간 이용가능,SK일렉링크,04,100,2
ST600651,01,목포이랜드노인복지관,전남광주통합특별시 목포시 용당동 947-180,,34.8018333,126.3992268,24시간 이용가능,SK 일렉링크,04,100,2
ST600651,02,목포이랜드노인복지관,전남광주통합특별시 목포시 용당동 947-180,,34.8018333,126.3992268,24시간 이용가능,SK 일렉링크,04,100,3
ST600651,03,목포이랜드노인복지관,전남광주통합특별시 목포시 용당동 947-180,,34.8018333,126.3992268,24시간 이용가능,SK 일렉링크,02,7,2
ST600657,01,명도복지관,전남광주통합특별시 목포시 산정로 199번길 25,,34.8039078,126.3877562,24시간 이용가능,SK일렉링크,04,100,2
ST600657,02,명도복지관,전남광주통합특별시 목포시 산정로 199번길 25,,34.8039078,126.3877562,24시간 이용가능,SK일렉링크,04,100,2
ST600657,03,명도복지관,전남광주통합특별시 목포시 산정로 199번길 25,,34.8039078,126.3877562,24시간 이용가능,SK일렉링크,02,7,2
ST601397,01,광주지방검찰청 목포지청,전남광주통합특별시 목포시 정의로 9,광주지방검찰청 목포지청,34.8132697,126.4441416,24시간 이용가능,SK일렉링크,04,100,2
ST601397,02,광주지방검찰청 목포지청,전남광주통합특별시 목포시 정의로 9,광주지방검찰청 목포지청,34.8132697,126.4441416,24시간 이용가능,SK일렉링크,04,100,2
ST601397,03,광주지방검찰청 목포지청,전남광주통합특별시 목포시 정의로 9,광주지방검찰청 목포지청,34.8132697,126.4441416,24시간 이용가능,SK일렉링크,02,7,2
ST601397,04,광주지방검찰청 목포지청,전남광주통합특별시 목포시 정의로 9,광주지방검찰청 목포지청,34.8132697,126.4441416,24시간 이용가능,SK일렉링크,02,7,2
ST602070,01,전남테크노파크(세라믹산업센터),전남광주통합특별시 목포시 대양로 26-1,,34.820111208,126.38196067,24시간 이용가능,SK일렉링크,02,14,2
ST602070,02,전남테크노파크(세라믹산업센터),전남광주통합특별시 목포시 대양로 26-1,,34.820111208,126.38196067,24시간 이용가능,SK일렉링크,02,14,2
ST602070,03,전남테크노파크(세라믹산업센터),전남광주통합특별시 목포시 대양로 26-1,,34.820111208,126.38196067,24시간 이용가능,SK일렉링크,02,7,2
TDJ00015,01,그린카 목포점,전남광주통합특별시 목포시 호남동 101,,34.7935915,126.3875715,24시간 이용가능,타디스테크놀로지(evPlug),02,7,2
TDJ00015,03,그린카 목포점,전남광주통합특별시 목포시 호남동 101,,34.7935915,126.3875715,24시간 이용가능,타디스테크놀로지(evPlug),02,7,2
TDJ00021,01,루쏘호텔,전남광주통합특별시 목포시 장미로 107,루쏘호텔,34.8055093,126.4317973,24시간 이용가능,evPlug,02,7,2
TDJ00021,02,루쏘호텔,전남광주통합특별시 목포시 장미로 107,루쏘호텔,34.8055093,126.4317973,24시간 이용가능,evPlug,02,7,2
TDJ00023,02,호텔드메르,전남광주통합특별시 목포시 통일대로 10,호텔드메르,34.7969803,126.4264968,24시간 이용가능,타디스테크놀로지,02,7,3
TDJ00031,01,삼목장례프리드,전남광주통합특별시 목포시 청호로220번길 17,삼목장례프리드,34.8107722,126.3689532,24시간 이용가능,evPlug,02,7,1
TDJ00031,02,삼목장례프리드,전남광주통합특별시 목포시 청호로220번길 17,삼목장례프리드,34.8107722,126.3689532,24시간 이용가능,evPlug,02,7,1
TDJ00035,02,하이텔모텔,전남광주통합특별시 목포시 북항로 161,하이텔모텔,34.8028178,126.3674488,24시간 이용가능,evPlug,02,7,2
TDJ00100,01,그린카 목포점(OCPP),전남광주통합특별시 목포시 영산로110번길 22,,34.793581734,126.38764675,24시간 이용가능,타디스테크놀로지,02,7,2
TDJ00112,01,하이텔모텔(OCCP),전남광주통합특별시 목포시 북항로 161,,34.802817784,126.36744885,24시간 이용가능,타디스테크놀로지,02,7,3
TDJ00113,01,호텔드메르(OCPP),전남광주통합특별시 목포시 통일대로 10,호텔드메르,34.797260402,126.4264787,24시간 이용가능,타디스테크놀로지,02,7,2
TS461102,01,목포덕인고등학교,전남광주통합특별시 목포시 죽선로 39-2,본관 주차장,34.798127,126.372260,24시간 이용가능,태성콘텍,02,7,2
TS461103,01,목포교육지원청,전남광주통합특별시 목포시 교육로 5,목포교육지원청 주차장,34.798519,126.423137,24시간 이용가능,태성콘텍,06,50,2
TS461104,01,문태고등학교,전남광주통합특별시 목포시 용당로 138,,34.8006171,126.403026,24시간 이용가능,주식회사 태성콘텍,04,100,2
TS461105,01,서해지방해양경찰청,전남광주통합특별시 목포시 남악로162번길 25,서해지방해양경찰청,34.804556,126.457352,24시간 이용가능,주식회사 태성콘텍,02,7,2
TS461106,01,목포 용당1동 공영주차장,전남광주통합특별시 목포시 동부로31번길 16,,34.806046,126.391954,24시간 이용가능,주식회사 태성콘텍,04,100,2
TS461106,02,목포 용당1동 공영주차장,전남광주통합특별시 목포시 동부로31번길 16,,34.806046,126.391954,24시간 이용가능,주식회사 태성콘텍,02,7,2
TS461106,03,목포 용당1동 공영주차장,전남광주통합특별시 목포시 동부로31번길 16,,34.806046,126.391954,24시간 이용가능,주식회사 태성콘텍,02,7,2
TS461106,04,목포 용당1동 공영주차장,전남광주통합특별시 목포시 동부로31번길 16,,34.806046,126.391954,24시간 이용가능,주식회사 태성콘텍,02,7,2
TS461106,05,목포 용당1동 공영주차장,전남광주통합특별시 목포시 동부로31번길 16,,34.806046,126.391954,24시간 이용가능,주식회사 태성콘텍,02,7,2
TS461106,06,목포 용당1동 공영주차장,전남광주통합특별시 목포시 동부로31번길 16,,34.806046,126.391954,24시간 이용가능,주식회사 태성콘텍,02,7,2
UN000129,01,전남 목포 호텔디오션(7kW),전남광주통합특별시 목포시 신항로276번길 40,(달동),34.7559438,126.3573497,24시간 이용가능,유니이브이,02,7,2
