fetched_at,statId,chgerId,stat,statUpdDt,lastTsdt,lastTedt,nowTsdt,busiId
2026-09-28T03:30:35.852739+00:00,ME174013,01,2,20260928122826,20260928065322,20260928073516,,ME
2026-09-28T03:30:35.852739+00:00,ME174027,01,2,20260928122832,20260928085856,20260928093653,,ME
2026-09-28T03:30:35.852739+00:00,ME178009,01,2,20260928122836,20260928061431,20260928062106,,ME
2026-09-28T03:30:35.852739+00:00,ME178009,02,3,20260928122847,20260927133851,20260927135427,20260928121820,ME
2026-09-28T03:30:35.852739+00:00,ME181102,01,2,20260928122842,20260928073522,20260928081228,,ME
2026-09-28T03:30:35.852739+00:00,ME181150,12,2,20260928122847,20260923171348,20260923175713,,ME
2026-09-28T03:30:35.852739+00:00,ME181150,13,2,20260928122850,20260926151936,20260926160257,,ME
2026-09-28T03:30:35.852739+00:00,ME183001,01,2,20260928122855,20260927110559,20260927113634,,ME
2026-09-28T03:30:35.852739+00:00,ME183002,01,2,20260928122859,20260928095816,20260928095947,,ME
2026-09-28T03:30:35.852739+00:00,ME183003,01,2,20260928122904,20260926130147,20260926134221,,ME
2026-09-28T03:30:35.852739+00:00,ME183004,01,2,20260928122619,20260928112134,20260928114931,,ME
2026-09-28T03:30:35.852739+00:00,ME183006,01,2,20260928122909,20260928100725,20260928104829,,ME
2026-09-28T03:30:35.852739+00:00,ME183008,01,2,20260928122415,20260928100231,20260928104426,,ME
2026-09-28T03:30:35.852739+00:00,ME183009,01,2,20260928122421,20260925110148,20260925114150,,ME
2026-09-28T03:30:35.852739+00:00,ME183103,01,3,20260928122757,20260925164113,20260925172723,20260928121752,ME
2026-09-28T03:30:35.852739+00:00,ME183103,02,2,20260928122432,20260928091031,20260928095335,,ME
2026-09-28T03:30:35.852739+00:00,ME183103,52,2,20260928122428,20260928095758,20260928103158,,ME
2026-09-28T03:30:35.852739+00:00,ME183219,01,2,20260928122435,20260926221137,20260926224001,,ME
2026-09-28T03:30:35.852739+00:00,ME183219,02,2,20260928122443,20260926212655,20260926220500,,ME
2026-09-28T03:30:35.852739+00:00,ME183219,52,3,20260928122455,20260927223302,20260927230220,20260928120951,ME
2026-09-28T03:30:35.852739+00:00,ME184075,01,2,20260928122450,20260928034912,20260928043235,,ME
2026-09-28T03:30:35.852739+00:00,ME184076,01,2,20260928122452,20260928071742,20260928074707,,ME
2026-09-28T03:30:35.852739+00:00,ME18B159,01,2,20260928122455,20260925124624,20260925132603,,ME
2026-09-28T03:30:35.852739+00:00,ME18B163,01,2,20260928122458,20260928055002,20260928063037,,ME
2026-09-28T03:30:35.852739+00:00,ME18B164,01,2,20260928122501,20260928002512,20260928002907,,ME
2026-09-28T03:30:35.852739+00:00,ME18B165,01,2,20260928122506,20260927175714,20260927184035,,ME
2026-09-28T03:30:35.852739+00:00,ME18B166,01,3,20260928122843,20260928110747,20260928114831,20260928122339,ME
2026-09-28T03:30:35.852739+00:00,ME18B168,01,2,20260928122512,20260927112733,20260927120328,,ME
2026-09-28T03:30:35.852739+00:00,ME18B169,01,2,20260928122517,20260928110312,20260928111058,,ME
2026-09-28T03:30:35.852739+00:00,ME18B170,01,2,20260928122523,20260927214209,20260927215938,,ME
2026-09-28T03:30:35.852739+00:00,ME18B175,01,2,20260928122526,20260928103019,20260928110434,,ME
2026-09-28T03:30:35.852739+00:00,ME18B176,01,2,20260928122523,20260928071404,20260928075505,,ME
2026-09-28T03:30:35.852739+00:00,ME18B179,01,3,20260928122712,20260927181055,20260927183416,20260928120206,ME
2026-09-28T03:30:35.852739+00:00,ME18B180,01,9,20260928122310,20260928091737,20260928092323,,ME
2026-09-28T03:30:35.852739+00:00,ME18B181,01,3,20260928122545,20260928110747,20260928115053,20260928121439,ME
2026-09-28T03:30:35.852739+00:00,ME18B183,01,2,20260928122545,20260926203541,20260926210202,,ME
2026-09-28T03:30:35.852739+00:00,ME18B278,11,2,20260928122551,20260927120036,20260927121825,,ME
2026-09-28T03:30:35.852739+00:00,ME18B278,12,2,20260928122553,20260928053952,20260928061218,,ME
2026-09-28T03:30:35.852739+00:00,ME18B279,11,2,20260928122555,20260927214723,20260927223029,,ME
2026-09-28T03:30:35.852739+00:00,ME18B279,12,2,20260928122557,20260927110614,20260927113625,,ME
2026-09-28T03:30:35.852739+00:00,ME18B284,11,3,20260928122609,20260928040921,20260928044048,20260928121104,ME
2026-09-28T03:30:35.852739+00:00,ME18B284,12,3,20260928122603,20260928093223,20260928101526,20260928122518,ME
2026-09-28T03:30:35.852739+00:00,ME18B288,11,2,20260928122612,20260928121324,20260928121846,,ME
2026-09-28T03:30:35.852739+00:00,ME18B288,12,2,20260928122611,20260927163402,20260927171236,,ME
2026-09-28T03:30:35.852739+00:00,ME19A152,01,2,20260928122429,20260927045347,20260927050327,,ME
2026-09-28T03:30:35.852739+00:00,ME19A153,01,2,20260928122620,20260928114318,20260928122428,,ME
2026-09-28T03:30:35.852739+00:00,ME19A160,01,2,20260928122622,20260927182204,20260927190511,,ME
2026-09-28T03:30:35.852739+00:00,ME19A164,01,2,20260928122627,20260928112119,20260928114920,,ME
2026-09-28T03:30:35.852739+00:00,ME19A170,01,3,20260928122804,20260928032831,20260928033228,20260928122757,ME
2026-09-28T03:30:35.852739+00:00,ME19A265,21,2,20260928122709,20260928074336,20260928080243,,ME
2026-09-28T03:30:35.852739+00:00,ME19D118,01,2,20260928122645,20260927174552,20260927182552,,ME
2026-09-28T03:30:35.852739+00:00,ME19X403,42,3,20260928122509,20260928080719,20260928084029,20260928122509,ME
2026-09-28T03:30:35.852739+00:00,ME19X403,43,3,20260928122841,20260927200935,20260927203536,20260928121841,ME
2026-09-28T03:30:35.852739+00:00,ME19X403,44,2,20260928122816,20260928102137,20260928102237,,ME
2026-09-28T03:30:35.852739+00:00,ME19X403,45,2,20260928122727,20260927192517,20260927195818,,ME
2026-09-28T03:30:35.852739+00:00,ME19X417,43,2,20260928122721,20260928071644,20260928075644,,ME
2026-09-28T03:30:35.852739+00:00,ME19X417,45,2,20260928122738,20260928071822,20260928075655,,ME
2026-09-28T03:30:35.852739+00:00,ME19Y284,21,2,20260928122751,20260927122200,20260927130200,,ME
2026-09-28T03:30:35.852739+00:00,ME19Y284,22,2,20260928122752,20260928120738,20260928121937,,ME
2026-09-28T03:30:35.852739+00:00,ME19Y601,21,3,20260928122717,20260928071952,20260928075317,20260928120416,ME
2026-09-28T03:30:35.852739+00:00,ME19Y601,22,2,20260928122721,20260928051337,20260928052719,,ME
2026-09-28T03:30:35.852739+00:00,ME19Y601,23,3,20260928122600,20260928104145,20260928111506,20260928120743,ME
2026-09-28T03:30:35.852739+00:00,ME19Y601,24,2,20260928122822,20260928111631,20260928114805,,ME
2026-09-28T03:30:35.852739+00:00,ME19Y601,25,2,20260928122802,20260928082900,20260928084351,,ME
2026-09-28T03:30:35.852739+00:00,ME19Y601,26,3,20260928122830,20260928033332,20260928041332,20260928113537,ME
2026-09-28T03:30:35.852739+00:00,ME20A193,01,2,20260928122736,20260928063535,20260928070633,,ME
2026-09-28T03:30:35.852739+00:00,ME20A194,01,3,20260928122506,20260927185023,20260927185839,20260928120456,ME
2026-09-28T03:30:35.852739+00:00,ME20A195,01,2,20260928122738,20260927130025,20260927130803,,ME
2026-09-28T03:30:35.852739+00:00,ME20A196,01,2,20260928122747,20260928094842,20260928101947,,ME
2026-09-28T03:30:35.852739+00:00,ME20A197,01,2,20260928122735,20260927233249,20260928001249,,ME
2026-09-28T03:30:35.852739+00:00,ME20A198,01,2,20260928122738,20260924114711,20260924120154,,ME
2026-09-28T03:30:35.852739+00:00,ME20A199,01,3,20260928122537,20260928113116,20260928121116,20260928121531,ME
2026-09-28T03:30:35.852739+00:00,ME20A1a0,01,2,20260928122746,20260928102414,20260928104402,,ME
2026-09-28T03:30:35.852739+00:00,ME20A1a1,01,2,20260928122743,20260927132040,20260927135101,,ME
2026-09-28T03:30:35.852739+00:00,ME20A1a2,01,2,20260928122740,20260928113741,20260928121741,,ME
2026-09-28T03:30:35.852739+00:00,ME20A1a3,01,2,20260928122730,20260928094104,20260928102104,,ME
2026-09-28T03:30:35.852739+00:00,ME20A1a4,01,2,20260928122741,20260928064143,20260928072143,,ME
2026-09-28T03:30:35.852739+00:00,ME20A1a5,01,2,20260928122736,20260928112540,20260928120540,,ME
2026-09-28T03:30:35.852739+00:00,ME20A1a7,01,2,20260928122742,20260927234752,20260928002752,,ME
2026-09-28T03:30:35.852739+00:00,ME20A1a8,01,2,20260928122759,20260928075030,20260928083030,,ME
2026-09-28T03:30:35.852739+00:00,ME20A1a9,01,2,20260928122758,20260927204543,20260927211438,,ME
2026-09-28T03:30:35.852739+00:00,ME20A1b0,01,2,20260928122753,20260928101901,20260928105901,,ME
2026-09-28T03:30:35.852739+00:00,ME20A278,21,3,20260928122658,20260928072726,20260928074859,20260928122146,ME
2026-09-28T03:30:35.852739+00:00,ME20A278,22,2,20260928122741,20260926174941,20260926182941,,ME
2026-09-28T03:30:35.852739+00:00,ME20A279,21,2,20260928122753,20260927202104,20260927202500,,ME
2026-09-28T03:30:35.852739+00:00,ME20A279,22,3,20260928122651,20260928110818,20260928114818,20260928122650,ME
2026-09-28T03:30:35.852739+00:00,ME20A280,01,2,20260928122820,20260928110209,20260928114209,,ME
2026-09-28T03:30:35.852739+00:00,ME20A280,02,2,20260928122632,20260928111449,20260928115449,,ME
2026-09-28T03:30:35.852739+00:00,ME20A301,01,2,20260928122454,20260927133632,20260927135428,,ME
2026-09-28T03:30:35.852739+00:00,ME20A301,21,2,20260928122446,20260927183848,20260927191840,,ME
2026-09-28T03:30:35.852739+00:00,ME20A409,21,2,20260928122812,20260928095341,20260928100826,,ME
2026-09-28T03:30:35.852739+00:00,ME20A409,22,2,20260928122812,20260928114815,20260928121610,,ME
2026-09-28T03:30:35.852739+00:00,ME20A409,23,2,20260928122513,20260928085659,20260928091505,,ME
2026-09-28T03:30:35.852739+00:00,ME20A409,24,2,20260928122513,20260928101548,20260928105548,,ME
2026-09-28T03:30:35.852739+00:00,ME20A410,01,2,20260928122848,20260928110402,20260928114402,,ME
2026-09-28T03:30:35.852739+00:00,ME20A410,02,2,20260928122853,20260927143351,20260927145637,,ME
2026-09-28T03:30:35.852739+00:00,ME20A410,03,2,20260928122411,20260928101926,20260928102430,,ME
2026-09-28T03:30:35.852739+00:00,ME20A410,91,2,20260928122849,20260928094351,20260928102351,,ME
2026-09-28T03:30:35.852739+00:00,ME20A411,01,2,20260928122429,20260928111517,20260928115517,,ME
2026-09-28T03:30:35.852739+00:00,ME20A411,02,3,20260928122807,20260923205640,20260923213355,20260928120253,ME
2026-09-28T03:30:35.852739+00:00,ME20A411,03,2,20260928122422,20260926110502,20260926114502,,ME
2026-09-28T03:30:35.852739+00:00,ME20A411,04,2,20260928122422,20260927124907,20260927132907,,ME
2026-09-28T03:30:35.852739+00:00,ME21A114,01,3,20260928122902,20260928090608,20260928093832,20260928121045,ME
2026-09-28T03:30:35.852739+00:00,ME21B234,01,3,20260928122822,20260928110600,20260928114913,20260928115754,ME
2026-09-28T03:30:35.852739+00:00,ME21B234,02,3,20260928122723,20260928103354,20260928105351,20260928115654,ME
2026-09-28T03:30:35.852739+00:00,ME21B245,01,2,20260928122245,20260928114243,20260928122249,,ME
2026-09-28T03:30:35.852739+00:00,ME21B245,02,3,20260928122805,20260928053241,20260928061247,20260928120536,ME
2026-09-28T03:30:35.852739+00:00,ME21B305,03,2,20260928122902,20260928114949,20260928122854,,ME
2026-09-28T03:30:35.852739+00:00,ME21B309,01,3,20260928122804,20260926085200,20260926091827,20260928121147,ME
2026-09-28T03:30:35.852739+00:00,ME21B404,04,3,20260928122716,20260928092206,20260928095041,20260928115440,ME
2026-09-28T03:30:35.852739+00:00,ME21C250,21,5,20260928122857,20260928011356,20260928012724,20260928120529,ME
2026-09-28T03:30:35.852739+00:00,ME21C250,22,2,20260928122857,20260927201535,20260927204413,,ME
2026-09-28T03:30:35.852739+00:00,ME21C251,21,2,20260928122900,20260928113641,20260928121107,,ME
2026-09-28T03:30:35.852739+00:00,ME21C251,22,2,20260928122900,20260927092923,20260927093819,,ME
2026-09-28T03:30:35.852739+00:00,ME21D046,01,3,20260928122902,20260928090528,20260928094535,20260928121236,ME
2026-09-28T03:30:35.852739+00:00,ME22C1B8,01,2,20260928122909,20260928103711,20260928110617,,ME
2026-09-28T03:30:35.852739+00:00,ME22C1B9,01,2,20260928122900,20260928093237,20260928100225,,ME
2026-09-28T03:30:35.852739+00:00,ME22C1C0,01,2,20260928122907,20260927112449,20260927120450,,ME
2026-09-28T03:30:35.852739+00:00,ME22C802,01,2,20260928122900,20260928113717,20260928121719,,ME
2026-09-28T03:30:35.852739+00:00,ME22C802,02,2,20260928122821,20260927215446,20260927221308,,ME
2026-09-28T03:30:35.852739+00:00,ME22C802,03,2,20260928122836,20260928091243,20260928094922,,ME
2026-09-28T03:30:35.852739+00:00,ME22C802,04,2,20260928122901,20260928095057,20260928101035,,ME
2026-09-28T03:30:35.852739+00:00,ME22C802,05,2,20260928122814,20260928083117,20260928084930,,ME
2026-09-28T03:30:35.852739+00:00,ME22C802,06,2,20260928122900,20260928074037,20260928081447,,ME
2026-09-28T03:30:35.852739+00:00,ME22C802,07,2,20260928122901,20260928093704,20260928100941,,ME
2026-09-28T03:30:35.852739+00:00,ME22C802,08,2,20260928122811,20260927144205,20260927152207,,ME
2026-09-28T03:30:35.852739+00:00,ME22D121,01,2,20260928122857,20260927150358,20260927151825,,ME
2026-09-28T03:30:35.852739+00:00,ME22D134,01,2,20260928122851,20260928120325,20260928120500,,ME
2026-09-28T03:30:35.852739+00:00,ME22D152,01,2,20260928122826,20260926114927,20260926122929,,ME
2026-09-28T03:30:35.852739+00:00,ME22D205,01,2,20260928122851,20260928083914,20260928084418,,ME
2026-09-28T03:30:35.852739+00:00,ME22D205,02,2,20260928122907,20260927114710,20260927122713,,ME
2026-09-28T03:30:35.852739+00:00,ME22D402,01,2,20260928122905,20260928111722,20260928112008,,ME
2026-09-28T03:30:35.852739+00:00,ME22D402,02,2,20260928122832,20260928112157,20260928112401,,ME
2026-09-28T03:30:35.852739+00:00,ME22D402,03,2,20260928122851,20260928112642,20260928112750,,ME
2026-09-28T03:30:35.852739+00:00,ME22D402,04,2,20260928122855,20260928111824,20260928115236,,ME
2026-09-28T03:30:35.852739+00:00,ME22M301,01,2,20260928122833,20260928082603,20260928090255,,ME
2026-09-28T03:30:35.852739+00:00,ME22M301,02,2,20260928122827,20260928090806,20260928094807,,ME
2026-09-28T03:30:35.852739+00:00,ME22M301,81,2,20260928122836,20260928094620,20260928095001,,ME
2026-09-28T03:30:35.852739+00:00,ME22M301,82,2,20260928122640,20260928094224,20260928094412,,ME
2026-09-28T03:30:35.852739+00:00,ME22M301,83,2,20260928122836,20260927223147,20260927224847,,ME
2026-09-28T03:30:35.852739+00:00,ME22M301,84,2,20260928122838,20260927145733,20260927150941,,ME
2026-09-28T03:30:35.852739+00:00,ME22M302,33,2,20260928122816,20260926161456,20260926165333,,ME
2026-09-28T03:30:35.852739+00:00,ME22M302,34,2,20260928122816,20260928104130,20260928112131,,ME
2026-09-28T03:30:35.852739+00:00,ME22M302,35,2,20260928122813,20260926140047,20260926144048,,ME
2026-09-28T03:30:35.852739+00:00,ME22M302,36,2,20260928122902,20260926162026,20260926164044,,ME
2026-09-28T03:30:35.852739+00:00,ME25A102,01,2,20260928122555,20260928112915,20260928120248,,ME
2026-09-28T03:30:35.852739+00:00,ME25A107,01,2,20260928122554,20260928075203,20260928082134,,ME
2026-09-28T03:30:35.852739+00:00,ME25A108,01,2,20260928122702,20260916152726,20260916155313,,ME
2026-09-28T03:30:35.852739+00:00,ME25A109,01,2,20260928122553,20260923105520,20260923113539,,ME
2026-09-28T03:30:35.852739+00:00,ME25A401,21,2,20260928122821,20260928072142,20260928080034,,ME
2026-09-28T03:30:35.852739+00:00,ME25A401,22,2,20260928122823,20260927172330,20260927173405,,ME
2026-09-28T03:30:35.852739+00:00,ME25A401,23,2,20260928122839,20260927180415,20260927182408,,ME
2026-09-28T03:30:35.852739+00:00,ME25A401,24,2,20260928122841,20260928114803,20260928121424,,ME
2026-09-28T03:30:35.852739+00:00,ME25A403,21,2,20260928122634,20260916152734,20260916160739,,ME
2026-09-28T03:30:35.852739+00:00,ME25A403,22,2,20260928122636,20260923065817,20260923073818,,ME
2026-09-28T03:30:35.852739+00:00,ME25A403,23,2,20260928122830,20260924140639,20260924143045,,ME
2026-09-28T03:30:35.852739+00:00,ME25A403,24,2,20260928122832,20260919131936,20260919132044,,ME
2026-09-28T03:30:35.852739+00:00,ME25A404,21,2,20260928122421,20260927155746,20260927160447,,ME
2026-09-28T03:30:35.852739+00:00,ME25A404,22,2,20260928122423,20260925131141,20260925135208,,ME
2026-09-28T03:30:35.852739+00:00,ME25A404,23,2,20260928122436,20260920160342,20260920161036,,ME
2026-09-28T03:30:35.852739+00:00,ME25A404,24,2,20260928122438,20260915112557,20260915120602,,ME
2026-09-28T03:30:35.852739+00:00,ME25A405,21,5,20260928122451,20260926153925,20260926160702,,ME
2026-09-28T03:30:35.852739+00:00,ME25A405,22,5,20260928122453,20260926010559,20260926014604,,ME
2026-09-28T03:30:35.852739+00:00,ME25A405,23,2,20260928122806,20260928093929,20260928101338,,ME
2026-09-28T03:30:35.852739+00:00,ME25A405,24,2,20260928122808,20260928115508,20260928121659,,ME
2026-09-28T03:30:35.852739+00:00,ME25A406,21,2,20260928122820,20260925122414,20260925124242,,ME
2026-09-28T03:30:35.852739+00:00,ME25A406,22,2,20260928122822,20260924161637,20260924163459,,ME
2026-09-28T03:30:35.852739+00:00,ME25A406,23,2,20260928122538,20260926002047,20260926010051,,ME
2026-09-28T03:30:35.852739+00:00,ME25A406,24,2,20260928122540,20260923100439,20260923102959,,ME
2026-09-28T03:30:35.852739+00:00,AM900065,02,3,20260928122555,20260928122555,20260919070932,20260928101555,AM
2026-09-28T03:30:35.852739+00:00,AMAM0004,01,2,20260928122351,20260928032352,20260928032352,,AM
2026-09-28T03:30:35.852739+00:00,AMAM0005,01,2,20260928122842,20260928032843,20260928032843,,AM
2026-09-28T03:30:35.852739+00:00,BNAA0106,01,2,20260928122043,20260928111444,20260928122043,,BN
2026-09-28T03:30:35.852739+00:00,BNBN0381,02,2,20260928122104,20260928120924,20260928121838,,BN
2026-09-28T03:30:35.852739+00:00,BNBN0385,02,2,20260928123004,20260928111828,20260928122703,,BN
2026-09-28T03:30:35.852739+00:00,BNBN0820,01,3,20260928122407,20260928022415,20260928033813,20260928022415,BN
2026-09-28T03:30:35.852739+00:00,BT000131,01,2,20260928122959,20260928122144,20260928122215,,BT
2026-09-28T03:30:35.852739+00:00,BT000143,01,2,20260928122926,20260928122838,20260928122926,,BT
2026-09-28T03:30:35.852739+00:00,BT000151,03,3,20260928122821,20260928122821,20260928051329,20260928122821,BT
2026-09-28T03:30:35.852739+00:00,BT000169,03,2,20260928122706,20260928122615,20260928122706,,BT
2026-09-28T03:30:35.852739+00:00,BT000174,02,3,20260928122625,20260928080304,20260928062608,20260928080304,BT
2026-09-28T03:30:35.852739+00:00,BT200001,03,2,20260928123009,20260928122957,20260928122959,,BT
2026-09-28T03:30:35.852739+00:00,BT200001,06,3,20260928122957,20260928122957,20260928122957,20260928122957,BT
2026-09-28T03:30:35.852739+00:00,BT200001,08,3,20260928122957,20260928122957,20260928122957,20260928122957,BT
2026-09-28T03:30:35.852739+00:00,CGA00144,01,2,20260928123007,20260928112630,20260928121743,,CG
2026-09-28T03:30:35.852739+00:00,CI0I000D,01,2,20260928122853,20260928110624,20260928122853,,CI
2026-09-28T03:30:35.852739+00:00,CR000244,01,3,20260928122812,20260928122812,20260928113940,20260928122812,CR
2026-09-28T03:30:35.852739+00:00,CR000244,02,3,20260928122546,20260928122546,20260928122356,20260928122546,CR
2026-09-28T03:30:35.852739+00:00,CR000244,03,2,20260928122920,20260928114656,20260928122920,,CR
2026-09-28T03:30:35.852739+00:00,CR000244,04,3,20260928122526,20260928122526,20260928122439,20260928122526,CR
2026-09-28T03:30:35.852739+00:00,CRCR0030,01,2,20260928122338,20260928120054,20260928122338,,CR
2026-09-28T03:30:35.852739+00:00,CRCR0031,02,2,20260928122745,20260928115430,20260928122745,,CR
2026-09-28T03:30:35.852739+00:00,CV000826,05,2,20260928122054,20260928111618,20260928121624,,CV
2026-09-28T03:30:35.852739+00:00,CV001085,02,3,20260928122520,20260928122152,20260928122159,20260928122152,CV
2026-09-28T03:30:35.852739+00:00,CV001112,03,3,20260928122520,20260928122339,20260928122347,20260928122520,CV
2026-09-28T03:30:35.852739+00:00,CV001240,03,3,20260928122520,20260928122238,20260928122246,20260928122520,CV
2026-09-28T03:30:35.852739+00:00,CV001278,01,2,20260928122521,20260928110557,20260928122337,,CV
2026-09-28T03:30:35.852739+00:00,CV001288,02,3,20260928122523,20260928122235,20260928122229,20260928122235,CV
2026-09-28T03:30:35.852739+00:00,CV001362,01,2,20260928122521,20260928113514,20260928122044,,CV
2026-09-28T03:30:35.852739+00:00,CV001364,01,3,20260928122523,20260928122103,20260928122112,20260928122103,CV
2026-09-28T03:30:35.852739+00:00,CV001364,03,3,20260928122052,20260928121900,20260928121910,20260928121900,CV
2026-09-28T03:30:35.852739+00:00,CV001364,07,3,20260928122523,20260928122040,20260928122034,20260928122040,CV
2026-09-28T03:30:35.852739+00:00,CV001669,02,2,20260928122524,20260928120427,20260928122130,,CV
2026-09-28T03:30:35.852739+00:00,CV001676,02,2,20260928122526,20260928115505,20260928122151,,CV
2026-09-28T03:30:35.852739+00:00,CV001890,02,3,20260928122526,20260928122326,20260928122326,20260928122326,CV
2026-09-28T03:30:35.852739+00:00,CV001919,03,2,20260928122525,20260928103645,20260928122101,,CV
2026-09-28T03:30:35.852739+00:00,CV002673,05,2,20260928122038,20260927235610,20260928084519,,CV
2026-09-28T03:30:35.852739+00:00,CV002673,08,3,20260928122535,20260928122316,20260928122324,20260928122535,CV
2026-09-28T03:30:35.852739+00:00,CV002673,10,3,20260928122038,20260928072730,20260928072740,20260928122038,CV
2026-09-28T03:30:35.852739+00:00,CV002673,14,1,20260928122535,20260928084813,20260928084827,,CV
2026-09-28T03:30:35.852739+00:00,CV002673,21,3,20260928122545,20260928085911,20260928085914,20260928085911,CV
2026-09-28T03:30:35.852739+00:00,CV002746,01,2,20260928122537,20260928114215,20260928122146,,CV
2026-09-28T03:30:35.852739+00:00,CV002747,01,1,20260928122536,20260928072302,20260928075642,,CV
2026-09-28T03:30:35.852739+00:00,CV002747,02,1,20260928122536,20260928095619,20260928101502,,CV
2026-09-28T03:30:35.852739+00:00,CV002760,02,2,20260928122038,20260928094414,20260928103907,,CV
2026-09-28T03:30:35.852739+00:00,CV002900,02,3,20260928122039,20260928121532,20260928121528,20260928121532,CV
2026-09-28T03:30:35.852739+00:00,CV003270,01,3,20260928122537,20260928122158,20260928122159,20260928122158,CV
2026-09-28T03:30:35.852739+00:00,CV003270,03,2,20260928122045,20260927224139,20260928041817,,CV
2026-09-28T03:30:35.852739+00:00,CV003563,05,2,20260928122047,20260926111047,20260926142415,,CV
2026-09-28T03:30:35.852739+00:00,CV003563,06,2,20260928122542,20260927125309,20260927135858,,CV
2026-09-28T03:30:35.852739+00:00,CV003697,04,2,20260928122541,20260926175450,20260926203236,,CV
2026-09-28T03:30:35.852739+00:00,CV003731,08,2,20260928122046,20260928100518,20260928121607,,CV
2026-09-28T03:30:35.852739+00:00,CV003814,07,2,20260928122048,20260928094440,20260928121745,,CV
2026-09-28T03:30:35.852739+00:00,CV003877,05,1,20260928122049,20260923075619,20260923161246,,CV
2026-09-28T03:30:35.852739+00:00,CV003941,02,2,20260928122544,20260928121718,20260928122102,,CV
2026-09-28T03:30:35.852739+00:00,CV004315,03,3,20260928122046,20260928121914,20260928121913,20260928121914,CV
2026-09-28T03:30:35.852739+00:00,CV004404,02,2,20260928122518,20260928121149,20260928122317,,CV
2026-09-28T03:30:35.852739+00:00,CV004473,04,2,20260928122052,20260928114403,20260928121632,,CV
2026-09-28T03:30:35.852739+00:00,CV004483,04,3,20260928122052,20260928121605,20260928121600,20260928121605,CV
2026-09-28T03:30:35.852739+00:00,CV004505,01,2,20260928122053,20260928114302,20260928122011,,CV
2026-09-28T03:30:35.852739+00:00,CV004753,05,2,20260928122053,20260928114533,20260928121921,,CV
2026-09-28T03:30:35.852739+00:00,DO000060,01,3,20260928122228,20260928122228,20260928110606,20260928122228,DO
2026-09-28T03:30:35.852739+00:00,DYME2049,49,2,20260928122301,20260927183901,20260928122301,,DY
2026-09-28T03:30:35.852739+00:00,EC001023,24,3,20260928122601,20260928122547,20260921160917,20260928122547,EC
2026-09-28T03:30:35.852739+00:00,EC001034,04,2,20260928123001,20260927221420,20260927213915,,EC
2026-09-28T03:30:35.852739+00:00,EC001043,02,3,20260928122201,20260928122113,20260927151029,20260928122113,EC
2026-09-28T03:30:35.852739+00:00,EC110080,02,3,20260928122402,20260928122324,20260926191955,20260928122324,EC
2026-09-28T03:30:35.852739+00:00,EC110126,01,2,20260928122202,20260928062714,20260928114138,,EC
2026-09-28T03:30:35.852739+00:00,EP210070,01,9,20260928122810,20260928100915,20260928110929,,EP
2026-09-28T03:30:35.852739+00:00,EP210167,02,5,20260928122705,20260928070927,20260928100958,,EP
2026-09-28T03:30:35.852739+00:00,EP210224,01,5,20260928122134,20260927050943,20260927070930,,EP
2026-09-28T03:30:35.852739+00:00,EP210224,11,5,20260928122050,20260925110939,20260926070914,,EP
2026-09-28T03:30:35.852739+00:00,ER000588,03,3,20260928122625,20260928111035,20260928102547,20260928122557,ER
2026-09-28T03:30:35.852739+00:00,EV000119,04,3,20260928122531,20260927184654,20260928013443,20260928122403,EV
2026-09-28T03:30:35.852739+00:00,EV001737,01,3,20260928122937,20260901095950,20260901160601,20260928122756,EV
2026-09-28T03:30:35.852739+00:00,EV001916,01,2,20260928122734,20260919195004,20260920014338,,EV
2026-09-28T03:30:35.852739+00:00,EV002134,04,2,20260928122937,20260928090741,20260928122625,,EV
2026-09-28T03:30:35.852739+00:00,EV002491,01,2,20260928122937,20260928095752,20260928122736,,EV
2026-09-28T03:30:35.852739+00:00,EV003123,04,3,20260928122533,20260927234753,20260928054909,20260928122502,EV
2026-09-28T03:30:35.852739+00:00,EV003445,01,2,20260928122933,20260928113320,20260928122622,,EV
2026-09-28T03:30:35.852739+00:00,EV003621,03,2,20260928122733,20260928053537,20260928122629,,EV
2026-09-28T03:30:35.852739+00:00,EV003852,01,2,20260928122128,20260928093937,20260928121904,,EV
2026-09-28T03:30:35.852739+00:00,EV003852,02,2,20260928122334,20260928065202,20260928111557,,EV
2026-09-28T03:30:35.852739+00:00,EV003982,01,2,20260928122131,20260713103546,20260713153450,,EV
2026-09-28T03:30:35.852739+00:00,EV005111,04,2,20260928122531,20260928110026,20260928122347,,EV
2026-09-28T03:30:35.852739+00:00,EV005180,05,3,20260928122533,20260927185112,20260927221433,20260928122420,EV
2026-09-28T03:30:35.852739+00:00,EV005274,03,3,20260928122129,20260927170639,20260928070635,20260928122047,EV
2026-09-28T03:30:35.852739+00:00,EV005560,02,2,20260928122330,20260927212608,20260928064041,,EV
2026-09-28T03:30:35.852739+00:00,EV005591,02,3,20260928122331,20260926094745,20260926144451,20260928122304,EV
2026-09-28T03:30:35.852739+00:00,EV006148,04,2,20260928122533,20260928060722,20260928065402,,EV
2026-09-28T03:30:35.852739+00:00,EV006268,02,2,20260928122617,20260918140545,20260918145018,,EV
2026-09-28T03:30:35.852739+00:00,EV006436,02,2,20260928122332,20260928101538,20260928122149,,EV
2026-09-28T03:30:35.852739+00:00,EV007320,01,3,20260928122734,20260928070201,20260928113531,20260928122626,EV
2026-09-28T03:30:35.852739+00:00,EV007442,01,2,20260928122531,20260928114721,20260928123807,,EV
2026-09-28T03:30:35.852739+00:00,EV007450,01,2,20260928122732,20260928111848,20260928114124,,EV
2026-09-28T03:30:35.852739+00:00,EV007450,02,3,20260928122732,20260928115947,20260928121815,20260928122650,EV
2026-09-28T03:30:35.852739+00:00,EV007684,02,2,20260928122330,20260928074000,20260928115906,,EV
2026-09-28T03:30:35.852739+00:00,EV008362,03,2,20260928122332,20260927215306,20260928082109,,EV
2026-09-28T03:30:35.852739+00:00,EV008495,04,2,20260928122533,20260926231347,20260927032338,,EV
2026-09-28T03:30:35.852739+00:00,EV008855,02,2,20260928122934,20260916160836,20260917002053,,EV
2026-09-28T03:30:35.852739+00:00,EV008979,02,2,20260928122735,20260928120112,20260928122227,,EV
2026-09-28T03:30:35.852739+00:00,EV010528,02,3,20260928122736,20260928072246,20260928074740,20260928122559,EV
2026-09-28T03:30:35.852739+00:00,EV010583,01,2,20260928122937,20260922180418,20260923001935,,EV
2026-09-28T03:30:35.852739+00:00,EV010701,05,3,20260928122735,20260926152511,20260926223725,20260928122735,EV
2026-09-28T03:30:35.852739+00:00,EV010733,01,3,20260928122619,20260927003338,20260927105432,20260928122619,EV
2026-09-28T03:30:35.852739+00:00,EV010833,02,3,20260928122128,20260926161759,20260926204836,20260928122056,EV
2026-09-28T03:30:35.852739+00:00,EV010839,01,3,20260928122935,20260928113930,20260928120657,20260928122935,EV
2026-09-28T03:30:35.852739+00:00,EV011228,03,2,20260928122131,20260928082942,20260928121907,,EV
2026-09-28T03:30:35.852739+00:00,EV011230,03,3,20260928122534,20260927212503,20260928004150,20260928122442,EV
2026-09-28T03:30:35.852739+00:00,EV011641,10,2,20260928122329,20260928105223,20260928122222,,EV
2026-09-28T03:30:35.852739+00:00,EV011805,03,3,20260928122535,20260927194148,20260927212958,20260928122502,EV
2026-09-28T03:30:35.852739+00:00,EV011835,02,3,20260928122937,20260926201557,20260926234131,20260928122837,EV
2026-09-28T03:30:35.852739+00:00,EV012083,02,2,20260928122128,20260928114803,20260928122047,,EV
2026-09-28T03:30:35.852739+00:00,EV012117,01,3,20260928122331,20260926194113,20260927020537,20260928122205,EV
2026-09-28T03:30:35.852739+00:00,EV012252,02,2,20260928122937,20260927170853,20260927205413,,EV
2026-09-28T03:30:35.852739+00:00,EV012392,02,2,20260928122332,20260928071415,20260928122133,,EV
2026-09-28T03:30:35.852739+00:00,EV012392,06,3,20260928122332,20260928071634,20260928100444,20260928122141,EV
2026-09-28T03:30:35.852739+00:00,EV012566,03,3,20260928122935,20260927164720,20260927232548,20260928122857,EV
2026-09-28T03:30:35.852739+00:00,EV013436,03,3,20260928122734,20260926183028,20260927023840,20260928122543,EV
2026-09-28T03:30:35.852739+00:00,EV013616,02,2,20260928122533,20260928095307,20260928122412,,EV
2026-09-28T03:30:35.852739+00:00,EV013808,01,2,20260928122331,20260928085011,20260928121722,,EV
2026-09-28T03:30:35.852739+00:00,EV014121,01,2,20260928122131,20260928121830,20260928121902,,EV
2026-09-28T03:30:35.852739+00:00,EV014502,03,3,20260928122130,20260923135725,20260923165656,20260928122130,EV
2026-09-28T03:30:35.852739+00:00,EV014607,03,2,20260928122531,20260927233247,20260928021503,,EV
2026-09-28T03:30:35.852739+00:00,EV014613,01,2,20260928122534,20260928111222,20260928122436,,EV
2026-09-28T03:30:35.852739+00:00,EV014941,01,2,20260928122333,20260928121436,20260928122217,,EV
2026-09-28T03:30:35.852739+00:00,EV014970,08,3,20260928122934,20260927190646,20260927215911,20260928122934,EV
2026-09-28T03:30:35.852739+00:00,EV015096,02,2,20260928122532,20260928103821,20260928122329,,EV
2026-09-28T03:30:35.852739+00:00,EV015152,02,2,20260928122130,20260927221054,20260927221219,,EV
2026-09-28T03:30:35.852739+00:00,EV015352,07,2,20260928122933,20260928061325,20260928122900,,EV
2026-09-28T03:30:35.852739+00:00,EV015530,01,2,20260928122534,20260928081811,20260928113655,,EV
2026-09-28T03:30:35.852739+00:00,EV015548,01,3,20260928122534,20260925132724,20260926032723,20260928122515,EV
2026-09-28T03:30:35.852739+00:00,EV016353,03,2,20260928122330,20260927195902,20260927214157,,EV
2026-09-28T03:30:35.852739+00:00,EV016935,03,3,20260928122732,20260924214308,20260925060128,20260928122539,EV
2026-09-28T03:30:35.852739+00:00,EV017502,08,2,20260928122132,20260926195844,20260926232909,,EV
2026-09-28T03:30:35.852739+00:00,EV017505,02,2,20260928122132,20260927155608,20260927194714,,EV
2026-09-28T03:30:35.852739+00:00,EV017695,07,2,20260928122332,20260928091042,20260928122216,,EV
2026-09-28T03:30:35.852739+00:00,EV017758,03,2,20260928122934,20260928094011,20260928122807,,EV
2026-09-28T03:30:35.852739+00:00,EV017788,02,3,20260928122933,20260926153911,20260926153956,20260928122833,EV
2026-09-28T03:30:35.852739+00:00,EV017918,01,3,20260928122936,20260927195703,20260927215618,20260928122555,EV
2026-09-28T03:30:35.852739+00:00,EV017925,04,3,20260928122534,20260927232723,20260928062423,20260928122504,EV
2026-09-28T03:30:35.852739+00:00,EV018271,02,3,20260928122735,20260927145922,20260928001822,20260928122735,EV
2026-09-28T03:30:35.852739+00:00,EV018363,02,2,20260928122132,20260928105309,20260928122007,,EV
2026-09-28T03:30:35.852739+00:00,EV018782,06,3,20260928122534,20260927172041,20260927205302,20260928122458,EV
2026-09-28T03:30:35.852739+00:00,EV018786,06,3,20260928122334,20260927200429,20260928001020,20260928094744,EV
2026-09-28T03:30:35.852739+00:00,EV018852,01,3,20260928122935,20260927191837,20260927204739,20260928122734,EV
2026-09-28T03:30:35.852739+00:00,EV018903,03,3,20260928122129,20260927175126,20260927190326,20260928121931,EV
2026-09-28T03:30:35.852739+00:00,EV019218,04,3,20260928122330,20260928090613,20260928102026,20260928122135,EV
2026-09-28T03:30:35.852739+00:00,EV019293,03,2,20260928122330,20260928113153,20260928122117,,EV
2026-09-28T03:30:35.852739+00:00,EV019968,03,3,20260928122937,20260926155251,20260926192038,20260928122906,EV
2026-09-28T03:30:35.852739+00:00,EV020328,02,2,20260928122533,20260928085502,20260928122410,,EV
2026-09-28T03:30:35.852739+00:00,HD000013,01,2,20260928122200,20260927194447,20260927202031,,HD
2026-09-28T03:30:35.852739+00:00,HD000013,02,2,20260928122200,20260928113920,20260928113919,,HD
2026-09-28T03:30:35.852739+00:00,HD000013,03,3,20260928122201,20260928120735,20260928084632,20260928120735,HD
2026-09-28T03:30:35.852739+00:00,HD000013,04,2,20260928122201,20260927181105,20260927182627,,HD
2026-09-28T03:30:35.852739+00:00,HD000013,05,2,20260928122201,20260928095101,20260928102048,,HD
2026-09-28T03:30:35.852739+00:00,HD000013,06,2,20260928122201,20260928050009,20260928053132,,HD
2026-09-28T03:30:35.852739+00:00,HD000017,01,2,20260928122201,20260928055034,20260928062846,,HD
2026-09-28T03:30:35.852739+00:00,HD000017,02,2,20260928122201,20260927195002,20260927200602,,HD
2026-09-28T03:30:35.852739+00:00,HD000017,03,2,20260928122201,20260927210813,20260927213829,,HD
2026-09-28T03:30:35.852739+00:00,HD000017,04,2,20260928122700,20260928120831,20260928122627,,HD
2026-09-28T03:30:35.852739+00:00,HD000017,06,2,20260928122700,20260928115859,20260928122652,,HD
2026-09-28T03:30:35.852739+00:00,HD000019,04,2,20260928122900,20260928120156,20260928122821,,HD
2026-09-28T03:30:35.852739+00:00,HD000023,01,2,20260928123000,20260928080005,20260928082948,,HD
2026-09-28T03:30:35.852739+00:00,HD000023,02,3,20260928123000,20260928121839,20260928120256,20260928121839,HD
2026-09-28T03:30:35.852739+00:00,HD000023,03,2,20260928123000,20260928064944,20260928072023,,HD
2026-09-28T03:30:35.852739+00:00,HD000023,04,2,20260928123000,20260910071838,20260910071918,,HD
2026-09-28T03:30:35.852739+00:00,HD000023,05,2,20260928123000,20260928072852,20260928075321,,HD
2026-09-28T03:30:35.852739+00:00,HD000023,06,2,20260928123000,20260928100736,20260928102950,,HD
2026-09-28T03:30:35.852739+00:00,HD000039,01,2,20260928123001,20260927173549,20260927182501,,HD
2026-09-28T03:30:35.852739+00:00,HD000039,02,2,20260928123001,20260922220422,20260922223014,,HD
2026-09-28T03:30:35.852739+00:00,HD000039,03,2,20260928123001,20260928085722,20260928090809,,HD
2026-09-28T03:30:35.852739+00:00,HD000039,04,2,20260928123001,20260927225132,20260927230654,,HD
2026-09-28T03:30:35.852739+00:00,HD000040,01,2,20260928123001,20260927101508,20260927103430,,HD
2026-09-28T03:30:35.852739+00:00,HD000040,02,2,20260928123001,20260928013451,20260928020436,,HD
2026-09-28T03:30:35.852739+00:00,HD000040,03,2,20260928123001,20260928074629,20260928080711,,HD
2026-09-28T03:30:35.852739+00:00,HD000040,04,2,20260928123001,20260927202538,20260927204043,,HD
2026-09-28T03:30:35.852739+00:00,HE000269,01,2,20260928123000,20260928115200,20260928123000,,HE
2026-09-28T03:30:35.852739+00:00,HE000423,09,3,20260928122200,20260928122200,20260927133000,20260928122200,HE
2026-09-28T03:30:35.852739+00:00,HE001043,07,3,20260928122500,20260928122500,20260928013900,20260928122500,HE
2026-09-28T03:30:35.852739+00:00,HE001047,07,3,20260928123000,20260928123000,20260928112000,20260928123000,HE
2026-09-28T03:30:35.852739+00:00,HE001047,13,2,20260928122600,20260928104400,20260928122600,,HE
2026-09-28T03:30:35.852739+00:00,HE001047,18,2,20260928122200,20260928121800,20260928122200,,HE
2026-09-28T03:30:35.852739+00:00,HE192176,01,3,20260928122700,20260928122700,20260928000500,20260928122700,HE
2026-09-28T03:30:35.852739+00:00,HE230024,01,2,20260928122500,20260928105329,20260928111317,,HE
2026-09-28T03:30:35.852739+00:00,HE230024,02,2,20260928122500,20260925000633,20260925000740,,HE
2026-09-28T03:30:35.852739+00:00,HE240197,03,3,20260928122500,20260928081800,20260927155530,20260928081800,HE
2026-09-28T03:30:35.852739+00:00,HE240198,03,2,20260928122600,20260928114400,20260928122600,,HE
2026-09-28T03:30:35.852739+00:00,HE240401,01,2,20260928122500,20260927170154,20260927181344,,HE
2026-09-28T03:30:35.852739+00:00,HE240401,02,2,20260928122500,20260927194253,20260928025657,,HE
2026-09-28T03:30:35.852739+00:00,HE240401,03,2,20260928122500,20260926114201,20260926150132,,HE
2026-09-28T03:30:35.852739+00:00,HE240404,03,3,20260928122500,20260928122500,20260928120700,20260928122500,HE
2026-09-28T03:30:35.852739+00:00,HE240406,01,3,20260928122500,20260928114300,20260927172423,20260928114300,HE
2026-09-28T03:30:35.852739+00:00,HE240415,03,2,20260928122100,20260928101200,20260928122100,,HE
2026-09-28T03:30:35.852739+00:00,HE240415,05,2,20260928122500,20260927180952,20260928003544,,HE
2026-09-28T03:30:35.852739+00:00,HJ000002,12,2,20260928122600,20260928114015,20260928122412,,HJ
2026-09-28T03:30:35.852739+00:00,HJ000005,12,3,20260928123000,20260927152737,20260927160042,20260927152737,HJ
2026-09-28T03:30:35.852739+00:00,HM000098,03,2,20260928122801,20260928082601,20260928091238,,HM
2026-09-28T03:30:35.852739+00:00,HM000126,03,2,20260928122400,20260928085509,20260928122227,,HM
2026-09-28T03:30:35.852739+00:00,HM000561,01,3,20260928122407,20260928122300,20260928122458,20260928122300,HM
2026-09-28T03:30:35.852739+00:00,HM000725,03,2,20260928122609,20260928075314,20260928122508,,HM
2026-09-28T03:30:35.852739+00:00,HM001012,01,3,20260928122811,20260923073427,20260923170439,20260928122616,HM
2026-09-28T03:30:35.852739+00:00,HM001114,09,2,20260928122812,20260928072336,20260928122615,,HM
2026-09-28T03:30:35.852739+00:00,HM001624,06,2,20260928122415,20260928080536,20260928122257,,HM
2026-09-28T03:30:35.852739+00:00,HM001659,13,3,20260928122816,20260927102623,20260927142510,20260927102623,HM
2026-09-28T03:30:35.852739+00:00,HM100052,02,2,20260928122818,20260928091712,20260928122739,,HM
2026-09-28T03:30:35.852739+00:00,HM110090,02,2,20260928122220,20260928084210,20260928122047,,HM
2026-09-28T03:30:35.852739+00:00,HM110219,06,3,20260928122621,20260923182045,20260923200913,20260928122434,HM
2026-09-28T03:30:35.852739+00:00,HM110228,02,2,20260928122621,20260928083344,20260928122455,,HM
2026-09-28T03:30:35.852739+00:00,HM110233,10,2,20260928122621,20260924102911,20260924130403,,HM
2026-09-28T03:30:35.852739+00:00,HM110268,07,2,20260928122622,20260928091358,20260928122434,,HM
2026-09-28T03:30:35.852739+00:00,HP160001,05,2,20260928122921,20260928120145,20260928122921,,HP
2026-09-28T03:30:35.852739+00:00,HU200021,02,3,20260928122505,20260927143535,20260927151601,20260928122137,HU
2026-09-28T03:30:35.852739+00:00,HU200021,03,2,20260928123005,20260928112322,20260928122511,,HU
2026-09-28T03:30:35.852739+00:00,HU200024,02,3,20260928122505,20260921170502,20260921173527,20260928122437,HU
2026-09-28T03:30:35.852739+00:00,HY000003,03,2,20260928123001,20260709154228,20260820145526,,HY
2026-09-28T03:30:35.852739+00:00,HY000003,04,2,20260928123001,20260922190826,20260922190826,,HY
2026-09-28T03:30:35.852739+00:00,HY000019,02,2,20260928123001,20260923070532,20260923123724,,HY
2026-09-28T03:30:35.852739+00:00,HY000019,03,2,20260928123001,20260923135312,20260924102523,,HY
2026-09-28T03:30:35.852739+00:00,HY000019,05,2,20260928123001,20260923140545,20260923160636,,HY
2026-09-28T03:30:35.852739+00:00,HY000019,08,2,20260928123001,20260923130632,20260923160304,,HY
2026-09-28T03:30:35.852739+00:00,HY000019,09,2,20260928123001,20260922161911,20260923071010,,HY
2026-09-28T03:30:35.852739+00:00,HY000019,11,2,20260928123001,20260923141829,20260924122953,,HY
2026-09-28T03:30:35.852739+00:00,HY000109,14,2,20260928123002,20260928092426,20260928122906,,HY
2026-09-28T03:30:35.852739+00:00,HY000606,19,2,20260928122905,20260928061545,20260928122834,,HY
2026-09-28T03:30:35.852739+00:00,HY000916,17,2,20260928122207,20260928103153,20260928122157,,HY
2026-09-28T03:30:35.852739+00:00,HY001159,05,2,20260928122304,20260927165957,20260928122226,,HY
2026-09-28T03:30:35.852739+00:00,HY001613,09,2,20260928123007,20260928110439,20260928122939,,HY
2026-09-28T03:30:35.852739+00:00,JA110010,01,3,20260928123001,20260928123001,20260928122001,20260928123001,JA
2026-09-28T03:30:35.852739+00:00,JA110022,01,3,20260928122801,20260928122801,20260928094901,20260928122801,JA
2026-09-28T03:30:35.852739+00:00,JA110022,02,3,20260928122801,20260928122801,20260928104003,20260928122801,JA
2026-09-28T03:30:35.852739+00:00,JA110025,06,2,20260928122801,20260928112802,20260928122801,,JA
2026-09-28T03:30:35.852739+00:00,JA110026,07,2,20260928122100,20260928114001,20260928122100,,JA
2026-09-28T03:30:35.852739+00:00,JA110026,13,2,20260928122800,20260928112001,20260928122800,,JA
2026-09-28T03:30:35.852739+00:00,JA110028,10,2,20260928122802,20260928114902,20260928122802,,JA
2026-09-28T03:30:35.852739+00:00,JA110036,01,3,20260928122803,20260928122803,20260928081004,20260928122803,JA
2026-09-28T03:30:35.852739+00:00,JA110036,04,2,20260928123004,20260928114004,20260928123004,,JA
2026-09-28T03:30:35.852739+00:00,JA110042,05,3,20260928122803,20260928122803,20260928085604,20260928122803,JA
2026-09-28T03:30:35.852739+00:00,JA110043,02,2,20260928123006,20260923075605,20260928123006,,JA
2026-09-28T03:30:35.852739+00:00,JA110048,03,3,20260928122805,20260928122805,20260928100706,20260928122805,JA
2026-09-28T03:30:35.852739+00:00,JA110048,05,2,20260928122106,20260928091008,20260928095605,,JA
2026-09-28T03:30:35.852739+00:00,JA110073,04,3,20260928122806,20260928122806,20260928120707,20260928122806,JA
2026-09-28T03:30:35.852739+00:00,JA110075,14,3,20260928122806,20260928122806,20260926222807,20260928122806,JA
2026-09-28T03:30:35.852739+00:00,JA110095,07,2,20260928122806,20260928113509,20260928122806,,JA
2026-09-28T03:30:35.852739+00:00,JA110095,08,3,20260928122806,20260928122806,20260918162807,20260928122806,JA
2026-09-28T03:30:35.852739+00:00,JA110095,10,3,20260928122806,20260928122806,20260928121008,20260928122806,JA
2026-09-28T03:30:35.852739+00:00,JA110104,04,2,20260928122807,20260928092810,20260928122807,,JA
2026-09-28T03:30:35.852739+00:00,JA110162,01,2,20260928122813,20260928120717,20260928122813,,JA
2026-09-28T03:30:35.852739+00:00,JA110162,15,3,20260928122114,20260928122114,20260927184914,20260928122114,JA
2026-09-28T03:30:35.852739+00:00,JA110181,01,3,20260928122815,20260928122815,20260928094918,20260928122815,JA
2026-09-28T03:30:35.852739+00:00,JA110194,02,2,20260928122816,20260928105618,20260928122816,,JA
2026-09-28T03:30:35.852739+00:00,JA110197,03,3,20260928122118,20260928122118,20260928104219,20260928122118,JA
2026-09-28T03:30:35.852739+00:00,JA110197,05,3,20260928122816,20260928122816,20260925091417,20260928122816,JA
2026-09-28T03:30:35.852739+00:00,JA110197,08,2,20260928122816,20260928121417,20260928122816,,JA
2026-09-28T03:30:35.852739+00:00,JA110197,10,2,20260928122118,20260928115618,20260928122118,,JA
2026-09-28T03:30:35.852739+00:00,JA110198,03,2,20260928122118,20260928121417,20260928122118,,JA
2026-09-28T03:30:35.852739+00:00,JA110200,07,3,20260928122118,20260928122118,20260928102120,20260928122118,JA
2026-09-28T03:30:35.852739+00:00,JA110200,08,3,20260928122118,20260928122118,20260928102120,20260928122118,JA
2026-09-28T03:30:35.852739+00:00,JA110201,08,2,20260928122816,20260928121417,20260928122816,,JA
2026-09-28T03:30:35.852739+00:00,JA110202,07,2,20260928122816,20260928120721,20260928122816,,JA
2026-09-28T03:30:35.852739+00:00,JA110202,16,3,20260928122118,20260928122118,20260928120721,20260928122118,JA
2026-09-28T03:30:35.852739+00:00,JA110202,18,3,20260928122118,20260928122118,20260928092024,20260928122118,JA
2026-09-28T03:30:35.852739+00:00,JA110202,20,2,20260928122118,20260928115618,20260928122118,,JA
2026-09-28T03:30:35.852739+00:00,JA110203,01,2,20260928122816,20260928121417,20260928122816,,JA
2026-09-28T03:30:35.852739+00:00,JA110203,10,2,20260928122118,20260928121417,20260928122118,,JA
2026-09-28T03:30:35.852739+00:00,JA110203,12,2,20260928122118,20260928121417,20260928122118,,JA
2026-09-28T03:30:35.852739+00:00,JA110203,21,2,20260928122816,20260928112818,20260928122816,,JA
2026-09-28T03:30:35.852739+00:00,JA110203,28,3,20260928122816,20260928122816,20260928084917,20260928122816,JA
2026-09-28T03:30:35.852739+00:00,JA110203,32,2,20260928122816,20260928121417,20260928122816,,JA
2026-09-28T03:30:35.852739+00:00,JA110204,07,2,20260928122119,20260928120721,20260928122119,,JA
2026-09-28T03:30:35.852739+00:00,JA110204,08,2,20260928122119,20260928120721,20260928122119,,JA
2026-09-28T03:30:35.852739+00:00,JA110204,11,3,20260928122119,20260928122119,20260928120721,20260928122119,JA
2026-09-28T03:30:35.852739+00:00,JA110204,12,3,20260928122119,20260928122119,20260928120721,20260928122119,JA
2026-09-28T03:30:35.852739+00:00,JA110208,01,2,20260928122816,20260928120721,20260928122816,,JA
2026-09-28T03:30:35.852739+00:00,JA110208,02,2,20260928122817,20260928120721,20260928122817,,JA
2026-09-28T03:30:35.852739+00:00,JA110212,01,2,20260928122817,20260928121417,20260928122817,,JA
2026-09-28T03:30:35.852739+00:00,JA110212,02,2,20260928122817,20260928121417,20260928122817,,JA
2026-09-28T03:30:35.852739+00:00,JA110212,07,3,20260928122119,20260928122119,20260928050717,20260928122119,JA
2026-09-28T03:30:35.852739+00:00,JA110212,08,3,20260928122119,20260928122119,20260928110722,20260928122119,JA
2026-09-28T03:30:35.852739+00:00,KE000036,02,2,20260928122159,20260928093152,20260928122114,,KE
2026-09-28T03:30:35.852739+00:00,KE000644,03,3,20260928122300,20260928122200,20260928121007,20260928122200,KE
2026-09-28T03:30:35.852739+00:00,KE000684,01,2,20260928122500,20260928090521,20260928122437,,KE
2026-09-28T03:30:35.852739+00:00,KE000706,02,3,20260928122359,20260928122312,20260927203530,20260928122312,KE
2026-09-28T03:30:35.852739+00:00,KE000712,01,3,20260928122959,20260928122926,20260928115500,20260928122926,KE
2026-09-28T03:30:35.852739+00:00,KE000869,06,2,20260928122759,20260928081742,20260928122751,,KE
2026-09-28T03:30:35.852739+00:00,KE000933,01,3,20260928122900,20260928122819,20260926105353,20260928122819,KE
2026-09-28T03:30:35.852739+00:00,KE001175,01,2,20260928122659,20260928071721,20260928122651,,KE
2026-09-28T03:30:35.852739+00:00,KE001175,03,2,20260928122600,20260928070440,20260928120817,,KE
2026-09-28T03:30:35.852739+00:00,KE001238,04,3,20260928122600,20260928122530,20260927214941,20260928122530,KE
2026-09-28T03:30:35.852739+00:00,KE001251,02,3,20260928122159,20260928122140,20260927175354,20260928122140,KE
2026-09-28T03:30:35.852739+00:00,KE001322,01,2,20260928122600,20260928111635,20260928122522,,KE
2026-09-28T03:30:35.852739+00:00,KE001331,05,2,20260928122359,20260928111628,20260928122303,,KE
2026-09-28T03:30:35.852739+00:00,KE001340,01,9,20260928122310,20260928111548,20260928115134,,KE
2026-09-28T03:30:35.852739+00:00,KE001380,03,2,20260928122700,20260928094616,20260928122554,,KE
2026-09-28T03:30:35.852739+00:00,KL001794,02,2,20260928122301,20260928085059,20260928121654,,KL
2026-09-28T03:30:35.852739+00:00,KL001845,02,3,20260928122201,20260928122201,20260924154312,20260928121543,KL
2026-09-28T03:30:35.852739+00:00,KL002222,01,3,20260928122502,20260928122502,20260927072318,20260928120142,KL
2026-09-28T03:30:35.852739+00:00,KL002279,04,3,20260928122502,20260928122502,20260928114311,20260928122432,KL
2026-09-28T03:30:35.852739+00:00,KL002387,02,3,20260928122201,20260928122201,20260928121622,20260928121622,KL
2026-09-28T03:30:35.852739+00:00,KL002434,03,2,20260928122902,20260926172534,20260927002849,,KL
2026-09-28T03:30:35.852739+00:00,KL200155,65,3,20260928122426,20260928122426,20260928122356,20260928044740,KL
2026-09-28T03:30:35.852739+00:00,KL200288,01,2,20260928122229,20260928120411,20260928122147,,KL
2026-09-28T03:30:35.852739+00:00,KP000947,03,3,20260928123005,20260927175814,20260928022501,20260928122447,KP
2026-09-28T03:30:35.852739+00:00,KP002542,01,3,20260928123005,20260928122233,20260928122239,20260928122343,KP
2026-09-28T03:30:35.852739+00:00,KP002882,03,3,20260928123007,20260927182634,20260927223130,20260928122458,KP
2026-09-28T03:30:35.852739+00:00,KP004614,01,3,20260928123008,20260928073138,20260928075836,20260928122018,KP
2026-09-28T03:30:35.852739+00:00,LI000089,01,3,20260928122654,20260928122654,20260928122653,20260928122654,LI
2026-09-28T03:30:35.852739+00:00,LI000089,04,2,20260928122806,20260928122805,20260928122806,,LI
2026-09-28T03:30:35.852739+00:00,LI000323,01,3,20260928122638,20260928122638,20260928122608,20260928122638,LI
2026-09-28T03:30:35.852739+00:00,LI000358,02,3,20260928122741,20260928122741,20260928122741,20260928122741,LI
2026-09-28T03:30:35.852739+00:00,LI000358,03,2,20260928122402,20260928122400,20260928122402,,LI
2026-09-28T03:30:35.852739+00:00,LI000463,02,2,20260928123006,20260928122546,20260928123006,,LI
2026-09-28T03:30:35.852739+00:00,LU000151,06,2,20260928122653,20260928103020,20260928122651,,LU
2026-09-28T03:30:35.852739+00:00,LU000161,01,3,20260928122448,20260928122453,20260923150335,20260928122448,LU
2026-09-28T03:30:35.852739+00:00,LU000230,06,2,20260928122607,20260926210020,20260927014725,,LU
2026-09-28T03:30:35.852739+00:00,LU000387,02,3,20260928122934,20260922070519,20260922132110,20260928122934,LU
2026-09-28T03:30:35.852739+00:00,LU000536,04,2,20260928122134,20260928081044,20260928110831,,LU
2026-09-28T03:30:35.852739+00:00,LU000726,02,2,20260928122436,20260928101148,20260928122433,,LU
2026-09-28T03:30:35.852739+00:00,LU000997,11,3,20260928122720,20260928122732,20260928120808,20260928110036,LU
2026-09-28T03:30:35.852739+00:00,LU001004,21,3,20260928122354,20260928122401,20260927012908,20260926194413,LU
2026-09-28T03:30:35.852739+00:00,LU001193,05,3,20260928122411,20260928072653,20260928122409,20260928072653,LU
2026-09-28T03:30:35.852739+00:00,LU001228,03,3,20260928122255,20260928093546,20260928122254,20260928093546,LU
2026-09-28T03:30:35.852739+00:00,LU001402,02,2,20260928122559,20260928105423,20260928122557,,LU
2026-09-28T03:30:35.852739+00:00,LU001483,01,3,20260928122858,20260928122920,20260928095402,20260928091851,LU
2026-09-28T03:30:35.852739+00:00,LU001650,11,3,20260928122256,20260928113506,20260928122254,20260928113506,LU
2026-09-28T03:30:35.852739+00:00,LU001654,05,3,20260928122451,20260928074315,20260928122449,20260928074315,LU
2026-09-28T03:30:35.852739+00:00,LU001991,07,3,20260928122746,20260928122753,20260928060523,20260928060519,LU
2026-09-28T03:30:35.852739+00:00,LU002024,15,2,20260928122754,20260928092420,20260928111514,,LU
2026-09-28T03:30:35.852739+00:00,LU002166,17,2,20260928123010,20260928095510,20260928123008,,LU
2026-09-28T03:30:35.852739+00:00,LU002235,05,2,20260928122150,20260928091154,20260928103013,,LU
2026-09-28T03:30:35.852739+00:00,LU002492,05,3,20260928122203,20260928122212,20260922154031,20260928122203,LU
2026-09-28T03:30:35.852739+00:00,LU002514,01,2,20260928122908,20260923072851,20260923122230,,LU
2026-09-28T03:30:35.852739+00:00,LU002528,08,2,20260928122956,20260927110014,20260927144825,,LU
2026-09-28T03:30:35.852739+00:00,LU002670,03,3,20260928122614,20260928122614,20260922191121,20260928122614,LU
2026-09-28T03:30:35.852739+00:00,LU002691,31,3,20260928122637,20260928065718,20260928122635,20260928065718,LU
2026-09-28T03:30:35.852739+00:00,LU002751,03,2,20260928122359,20260926220239,20260926225252,,LU
2026-09-28T03:30:35.852739+00:00,LU002861,01,3,20260928122230,20260928122241,20260927225939,20260927154433,LU
2026-09-28T03:30:35.852739+00:00,LU002993,03,2,20260928122248,20260927235222,20260928122246,,LU
2026-09-28T03:30:35.852739+00:00,LU003007,03,2,20260928122134,20260928081255,20260928092313,,LU
2026-09-28T03:30:35.852739+00:00,LU003186,03,2,20260928122611,20260928095441,20260928122611,,LU
2026-09-28T03:30:35.852739+00:00,LU003254,01,3,20260928122732,20260928122811,20260928103158,20260928084946,LU
2026-09-28T03:30:35.852739+00:00,LU003467,05,2,20260928122628,20260928081208,20260928101704,,LU
2026-09-28T03:30:35.852739+00:00,LU003653,04,2,20260928122138,20260928082922,20260928122128,,LU
2026-09-28T03:30:35.852739+00:00,LU003835,27,2,20260928122644,20260927230322,20260928041255,,LU
2026-09-28T03:30:35.852739+00:00,LU003842,42,2,20260928122211,20260928093853,20260928114315,,LU
2026-09-28T03:30:35.852739+00:00,LU003885,02,3,20260928122442,20260928122510,20260928054445,20260927175441,LU
2026-09-28T03:30:35.852739+00:00,LU004040,06,3,20260928122915,20260928122938,20260927232551,20260927170249,LU
2026-09-28T03:30:35.852739+00:00,LU004070,24,2,20260928122758,20260928094858,20260928121056,,LU
2026-09-28T03:30:35.852739+00:00,LU004192,02,2,20260928122741,20260928092508,20260928111900,,LU
2026-09-28T03:30:35.852739+00:00,LU100248,30,3,20260928122252,20260928122308,20260927152535,20260927141215,LU
2026-09-28T03:30:35.852739+00:00,LU100368,63,3,20260928122609,20260928090320,20260928122606,20260928090320,LU
2026-09-28T03:30:35.852739+00:00,LU100742,04,2,20260928122655,20260927232424,20260928010126,,LU
2026-09-28T03:30:35.852739+00:00,LU101401,05,3,20260928122323,20260928122330,20260927201643,20260927131115,LU
2026-09-28T03:30:35.852739+00:00,LU101451,01,3,20260928122243,20260928093312,20260928122241,20260928093312,LU
2026-09-28T03:30:35.852739+00:00,LU101499,34,3,20260928122350,20260928122402,20260814183529,20260928122350,LU
2026-09-28T03:30:35.852739+00:00,LU101504,13,2,20260928122212,20260928084711,20260928115722,,LU
2026-09-28T03:30:35.852739+00:00,LU101504,16,3,20260928122420,20260928071721,20260928122418,20260928071721,LU
2026-09-28T03:30:35.852739+00:00,LU101516,01,2,20260928122119,20260928003647,20260928053958,,LU
2026-09-28T03:30:35.852739+00:00,LU101683,30,3,20260928122753,20260928122812,20260927222202,20260927195135,LU
2026-09-28T03:30:35.852739+00:00,LU101695,05,3,20260928122449,20260928122507,20260926161329,20260926093353,LU
2026-09-28T03:30:35.852739+00:00,LU101707,22,3,20260928122758,20260928051931,20260928122758,20260928051931,LU
2026-09-28T03:30:35.852739+00:00,LU101766,02,3,20260928122537,20260928122548,20260927044024,20260926220727,LU
2026-09-28T03:30:35.852739+00:00,MO112910,03,2,20260928122810,20260901220003,20260901220005,,MO
2026-09-28T03:30:35.852739+00:00,MO112911,01,2,20260928122810,20260827235909,20260827235937,,MO
2026-09-28T03:30:35.852739+00:00,MO114401,01,2,20260928122810,20260919201150,20260920052309,,MO
2026-09-28T03:30:35.852739+00:00,MO114401,02,2,20260928122810,20260917193804,20260918025432,,MO
2026-09-28T03:30:35.852739+00:00,MO114403,01,2,20260928122810,20260915105045,20260915175804,,MO
2026-09-28T03:30:35.852739+00:00,MO114701,01,3,20260928122810,20260928122810,20260928122801,20260928122810,MO
2026-09-28T03:30:35.852739+00:00,MO114703,01,9,20260928122810,20260927070005,20260927070005,,MO
2026-09-28T03:30:35.852739+00:00,MO114703,02,2,20260928122810,20260928122801,20260928122810,,MO
2026-09-28T03:30:35.852739+00:00,MO115004,01,2,20260928122810,20240801062802,20240801062812,,MO
2026-09-28T03:30:35.852739+00:00,MO115004,02,2,20260928122810,20240730062802,20240730062816,,MO
2026-09-28T03:30:35.852739+00:00,MO115004,03,2,20260928122810,20240731202116,20240731202127,,MO
2026-09-28T03:30:35.852739+00:00,MO115307,01,2,20260928122810,20260708070003,20260708070004,,MO
2026-09-28T03:30:35.852739+00:00,MO115309,01,2,20260928122810,20260615090004,20260615090004,,MO
2026-09-28T03:30:35.852739+00:00,MO116803,01,2,20260928123010,20260928065601,20260928065609,,MO
2026-09-28T03:30:35.852739+00:00,MO116804,01,2,20260928122810,20260310125633,20260310125652,,MO
2026-09-28T03:30:35.852739+00:00,MO910140,06,3,20260928122850,20260928122850,20260928122748,20260928122850,MO
2026-09-28T03:30:35.852739+00:00,MX000002,04,2,20260928122604,,,,MX
2026-09-28T03:30:35.852739+00:00,NH110001,03,2,20260928122100,20260922150000,20260922152100,,NH
2026-09-28T03:30:35.852739+00:00,NS850132,08,2,20260928122655,20260926100918,20260926010953,,NS
2026-09-28T03:30:35.852739+00:00,NS850153,01,2,20260928122051,20260923080926,20260923010911,,NS
2026-09-28T03:30:35.852739+00:00,NT100151,02,2,20260928122950,20260928120250,20260928122950,,NT
2026-09-28T03:30:35.852739+00:00,NT100157,06,3,20260928122950,20260928122950,20260928080950,20260928122950,NT
2026-09-28T03:30:35.852739+00:00,NT100344,02,3,20260928122950,20260928122950,20260927095350,20260928122950,NT
2026-09-28T03:30:35.852739+00:00,NT100373,12,2,20260928122850,20260928083050,20260928122850,,NT
2026-09-28T03:30:35.852739+00:00,NT100403,01,3,20260928122650,20260928122650,20260928115950,20260928122650,NT
2026-09-28T03:30:35.852739+00:00,NT100415,04,2,20260928122850,20260927233650,20260928122850,,NT
2026-09-28T03:30:35.852739+00:00,NT100508,27,2,20260928122450,20260928094050,20260928122450,,NT
2026-09-28T03:30:35.852739+00:00,NT100546,05,2,20260928122350,20260927201750,20260928122350,,NT
2026-09-28T03:30:35.852739+00:00,NT100627,03,2,20260928122450,20260928112850,20260928122450,,NT
2026-09-28T03:30:35.852739+00:00,NT100905,01,2,20260928122250,20260927230850,20260928122250,,NT
2026-09-28T03:30:35.852739+00:00,NT101611,01,2,20260928122650,20260928120850,20260928122650,,NT
2026-09-28T03:30:35.852739+00:00,NT101797,07,3,20260928122850,20260928122850,20260925013750,20260928122850,NT
2026-09-28T03:30:35.852739+00:00,NT101945,20,9,20260928122350,20260928090850,20260928122350,,NT
2026-09-28T03:30:35.852739+00:00,NT102102,02,3,20260928122150,20260928122150,20260928073750,20260928122150,NT
2026-09-28T03:30:35.852739+00:00,NT102171,11,3,20260928122750,20260928122750,20260928064950,20260928122750,NT
2026-09-28T03:30:35.852739+00:00,NT102192,06,2,20260928122050,20260928101250,20260928122050,,NT
2026-09-28T03:30:35.852739+00:00,NT102276,06,9,20260928122050,20260928084350,20260928122050,,NT
2026-09-28T03:30:35.852739+00:00,NT102276,08,2,20260928122850,20260927231950,20260928122850,,NT
2026-09-28T03:30:35.852739+00:00,NT102301,06,3,20260928122050,20260928122050,20260926085450,20260928122050,NT
2026-09-28T03:30:35.852739+00:00,NT102319,25,9,20260928122650,20260928060950,20260928122650,,NT
2026-09-28T03:30:35.852739+00:00,NT102421,01,2,20260928122450,20260928004850,20260928122450,,NT
2026-09-28T03:30:35.852739+00:00,NT102518,09,3,20260928122850,20260928122850,20260928102350,20260928122850,NT
2026-09-28T03:30:35.852739+00:00,NT102521,03,2,20260928122150,20260928072950,20260928122150,,NT
2026-09-28T03:30:35.852739+00:00,NT102535,10,2,20260928122150,20260928120850,20260928122150,,NT
2026-09-28T03:30:35.852739+00:00,NT102539,01,3,20260928122750,20260928122750,20260928121250,20260928122750,NT
2026-09-28T03:30:35.852739+00:00,NT102542,01,3,20260928122450,20260928122450,20260928121650,20260928122450,NT
2026-09-28T03:30:35.852739+00:00,NT102545,01,3,20260928122950,20260928122950,20260928121450,20260928122950,NT
2026-09-28T03:30:35.852739+00:00,NT102590,08,3,20260928122850,20260928122850,20260928083850,20260928122850,NT
2026-09-28T03:30:35.852739+00:00,NT102797,07,3,20260928122450,20260928122450,20260927093950,20260928122450,NT
2026-09-28T03:30:35.852739+00:00,NT102798,09,3,20260928122750,20260928122750,20260928072550,20260928122750,NT
2026-09-28T03:30:35.852739+00:00,NT102855,11,2,20260928122150,20260927204750,20260928122150,,NT
2026-09-28T03:30:35.852739+00:00,NT102949,01,2,20260928122250,20260928115550,20260928122250,,NT
2026-09-28T03:30:35.852739+00:00,NT102949,35,2,20260928122350,20260927175050,20260928122350,,NT
2026-09-28T03:30:35.852739+00:00,PC000070,10,2,20260928122946,20260928102055,20260928122844,,PC
2026-09-28T03:30:35.852739+00:00,PC000070,43,2,20260928122432,20260928114923,20260928122332,,PC
2026-09-28T03:30:35.852739+00:00,PC000416,09,2,20260928122326,20260928122213,20260928122220,,PC
2026-09-28T03:30:35.852739+00:00,PC000541,01,3,20260928122214,20260927090140,20260927114319,20260928122214,PC
2026-09-28T03:30:35.852739+00:00,PC000658,12,3,20260928122043,20260923100329,20260923120039,20260928122043,PC
2026-09-28T03:30:35.852739+00:00,PC000721,03,3,20260928122451,20260928085125,20260928114923,20260928122451,PC
2026-09-28T03:30:35.852739+00:00,PC001153,02,3,20260928122806,20260927225156,20260928015513,20260928122806,PC
2026-09-28T03:30:35.852739+00:00,PC001262,01,2,20260928122241,20260927135230,20260927190026,,PC
2026-09-28T03:30:35.852739+00:00,PC001501,07,2,20260928122355,20260928081647,20260928110115,,PC
2026-09-28T03:30:35.852739+00:00,PC001781,09,3,20260928122816,20260926201950,20260926214353,20260928122816,PC
2026-09-28T03:30:35.852739+00:00,PC001957,01,3,20260928122138,20260922140706,20260922153001,20260928122138,PC
2026-09-28T03:30:35.852739+00:00,PI000257,02,2,20260928122608,20260928113940,20260928122222,,PI
2026-09-28T03:30:35.852739+00:00,PI000453,03,2,20260928122128,20260928113710,20260928121439,,PI
2026-09-28T03:30:35.852739+00:00,PI000484,01,3,20260928122609,20260928122534,20260925024402,20260928122609,PI
2026-09-28T03:30:35.852739+00:00,PI000493,01,2,20260928122609,20260928093114,20260928122549,,PI
2026-09-28T03:30:35.852739+00:00,PI000712,02,3,20260928122608,20260928122444,20260928093123,20260928122608,PI
2026-09-28T03:30:35.852739+00:00,PI019158,10,3,20260928122104,20260928121634,20260928092556,20260928122104,PI
2026-09-28T03:30:35.852739+00:00,PI121430,11,3,20260928122155,20260928121940,20260923170654,20260928122155,PI
2026-09-28T03:30:35.852739+00:00,PI200273,06,9,20260928122310,20260925214019,20260926083054,,PI
2026-09-28T03:30:35.852739+00:00,PI200330,03,9,20260928122810,20260928065614,20260923105043,20260928070142,PI
2026-09-28T03:30:35.852739+00:00,PI200330,06,2,20260928122610,20260928073420,20260928111510,,PI
2026-09-28T03:30:35.852739+00:00,PI200361,18,3,20260928122334,20260928122306,20260928020352,20260928122334,PI
2026-09-28T03:30:35.852739+00:00,PI200395,02,2,20260928122110,20260928100526,20260928121933,,PI
2026-09-28T03:30:35.852739+00:00,PI200708,08,9,20260928122310,20260928103614,20260928103546,20260928102624,PI
2026-09-28T03:30:35.852739+00:00,PI200716,05,9,20260928122310,20260922104141,20260922104852,,PI
2026-09-28T03:30:35.852739+00:00,PI200716,14,9,20260928122810,20260927182541,20260928044905,,PI
2026-09-28T03:30:35.852739+00:00,PI200719,03,9,20260928122810,20260926063142,20260926083854,,PI
2026-09-28T03:30:35.852739+00:00,PI200721,01,9,20260928122310,20260927124440,20260927193304,,PI
2026-09-28T03:30:35.852739+00:00,PI200726,05,2,20260928122628,20260927163024,20260927230154,,PI
2026-09-28T03:30:35.852739+00:00,PI200740,01,3,20260928122114,20260928121735,20260927205203,20260928122114,PI
2026-09-28T03:30:35.852739+00:00,PI200779,07,9,20260928122310,20260927020427,20260927081810,,PI
2026-09-28T03:30:35.852739+00:00,PI200780,08,3,20260928122117,20260928122038,20260927224455,20260928122117,PI
2026-09-28T03:30:35.852739+00:00,PI200806,22,2,20260928122657,20260928121619,20260928122305,,PI
2026-09-28T03:30:35.852739+00:00,PI200809,11,3,20260928122117,20260928121910,20260928112645,20260928122117,PI
2026-09-28T03:30:35.852739+00:00,PI200846,02,3,20260928122121,20260928121648,20260928085524,20260928122121,PI
2026-09-28T03:30:35.852739+00:00,PI200855,08,3,20260928122620,20260928122405,20260928040145,20260928122620,PI
2026-09-28T03:30:35.852739+00:00,PI200884,04,2,20260928122118,20260928092156,20260928115638,,PI
2026-09-28T03:30:35.852739+00:00,PI200894,03,3,20260928122622,20260928122210,20260928103105,20260928122622,PI
2026-09-28T03:30:35.852739+00:00,PI200917,09,2,20260928122623,20260928060606,20260928112408,,PI
2026-09-28T03:30:35.852739+00:00,PI200929,19,9,20260928122810,20260928073004,20260927151350,20260928073127,PI
2026-09-28T03:30:35.852739+00:00,PI200941,12,2,20260928122623,20260928082054,20260928122155,,PI
2026-09-28T03:30:35.852739+00:00,PI200944,11,9,20260928122310,20260927202906,20260928025457,,PI
2026-09-28T03:30:35.852739+00:00,PI200954,07,2,20260928122623,20260928095136,20260928111740,,PI
2026-09-28T03:30:35.852739+00:00,PI200954,10,3,20260928122623,20260928122236,20260926203504,20260928122623,PI
2026-09-28T03:30:35.852739+00:00,PI200979,13,9,20260928122810,20260928093832,20260927204642,20260928094133,PI
2026-09-28T03:30:35.852739+00:00,PI200985,02,9,20260928122810,20260928094334,20260928084846,20260928094638,PI
2026-09-28T03:30:35.852739+00:00,PI202768,21,3,20260928122111,20260928121613,20260922094945,20260928122111,PI
2026-09-28T03:30:35.852739+00:00,PI202842,04,2,20260928122749,20260928072905,20260928083143,,PI
2026-09-28T03:30:35.852739+00:00,PI203027,11,3,20260928122624,20260928122554,20260928101313,20260928122624,PI
2026-09-28T03:30:35.852739+00:00,PI203049,08,3,20260928122124,20260928122034,20260928090444,20260928122124,PI
2026-09-28T03:30:35.852739+00:00,PI204010,11,9,20260928122810,20260928103627,20260928003105,20260928103634,PI
2026-09-28T03:30:35.852739+00:00,PI204031,02,9,20260928122810,20260926200159,20260926204216,,PI
2026-09-28T03:30:35.852739+00:00,PI204039,01,9,20260928122310,20260923074206,20260923141442,,PI
2026-09-28T03:30:35.852739+00:00,PI204055,01,9,20260928122310,20260928070352,20260928033309,,PI
2026-09-28T03:30:35.852739+00:00,PI204062,02,3,20260928122126,20260928121743,20260927155140,20260928122126,PI
2026-09-28T03:30:35.852739+00:00,PI204092,02,3,20260928122128,20260928121740,20260927162453,20260928122128,PI
2026-09-28T03:30:35.852739+00:00,PI204101,01,9,20260928122810,20260923174722,20260923214156,,PI
2026-09-28T03:30:35.852739+00:00,PI204119,05,9,20260928122810,20260927152413,20260927184406,,PI
2026-09-28T03:30:35.852739+00:00,PI204119,15,3,20260928122633,20260921163202,20260921192130,20260928122633,PI
2026-09-28T03:30:35.852739+00:00,PI204119,42,2,20260928122130,20260928114505,20260928121738,,PI
2026-09-28T03:30:35.852739+00:00,PI204150,08,3,20260928122638,20260928122249,20260928115722,20260928122638,PI
2026-09-28T03:30:35.852739+00:00,PI204153,14,2,20260928122134,20260928080157,20260928121838,,PI
2026-09-28T03:30:35.852739+00:00,PI204153,18,2,20260928122639,20260928093950,20260928112119,,PI
2026-09-28T03:30:35.852739+00:00,PI204207,11,3,20260928122139,20260928122016,20260927140710,20260928122139,PI
2026-09-28T03:30:35.852739+00:00,PI204237,04,2,20260928122647,20260928093744,20260928115730,,PI
2026-09-28T03:30:35.852739+00:00,PI204260,02,2,20260928122650,20260928082915,20260928113027,,PI
2026-09-28T03:30:35.852739+00:00,PI204290,02,2,20260928122653,20260928104321,20260924232840,,PI
2026-09-28T03:30:35.852739+00:00,PI204295,02,3,20260928122653,20260928122444,20260928121719,20260928122653,PI
2026-09-28T03:30:35.852739+00:00,PI204322,04,2,20260928122654,20260928083738,20260928112842,,PI
2026-09-28T03:30:35.852739+00:00,PI204339,02,3,20260928122656,20260928122339,20260923152716,20260928122656,PI
2026-09-28T03:30:35.852739+00:00,PI306208,14,3,20260928122628,20260928122138,20260927185158,20260928122628,PI
2026-09-28T03:30:35.852739+00:00,PI306224,27,2,20260928122620,20260928081803,20260928112412,,PI
2026-09-28T03:30:35.852739+00:00,PI645059,04,2,20260928122154,20260928105214,20260928121949,,PI
2026-09-28T03:30:35.852739+00:00,PI645104,02,3,20260928122231,20260928122104,20260928114050,20260928122231,PI
2026-09-28T03:30:35.852739+00:00,PI645410,03,3,20260928122240,20260928122235,20260923081412,20260928122240,PI
2026-09-28T03:30:35.852739+00:00,PI708064,20,2,20260928122515,20260928035000,20260928122115,,PI
2026-09-28T03:30:35.852739+00:00,PI710309,07,2,20260928122530,20260927201855,20260927230916,,PI
2026-09-28T03:30:35.852739+00:00,PI711827,01,2,20260928122526,20260927182833,20260927223217,,PI
2026-09-28T03:30:35.852739+00:00,PI712530,11,3,20260928122534,20260928122228,20260927220857,20260928122534,PI
2026-09-28T03:30:35.852739+00:00,PI712977,06,3,20260928122534,20260928122033,20260924023349,20260928122534,PI
2026-09-28T03:30:35.852739+00:00,PI714162,04,3,20260928122054,20260928121615,20260928104324,20260928122054,PI
2026-09-28T03:30:35.852739+00:00,PI716788,14,2,20260928122046,20260928064145,20260928101609,,PI
2026-09-28T03:30:35.852739+00:00,PI716853,03,2,20260928122047,20260927231052,20260928054524,,PI
2026-09-28T03:30:35.852739+00:00,PI717737,12,2,20260928122045,20260928071055,20260928083941,,PI
2026-09-28T03:30:35.852739+00:00,PI717891,01,3,20260928122746,20260928122730,20260928073633,20260928122746,PI
2026-09-28T03:30:35.852739+00:00,PI718142,03,2,20260928122153,20260928092650,20260928111139,,PI
2026-09-28T03:30:35.852739+00:00,PI724060,03,2,20260928122155,20260927183319,20260928014500,,PI
2026-09-28T03:30:35.852739+00:00,PI747076,07,2,20260928122753,20260921155316,20260921161526,,PI
2026-09-28T03:30:35.852739+00:00,PI747268,03,2,20260928122252,20260928115954,20260928121821,,PI
2026-09-28T03:30:35.852739+00:00,PI752801,03,3,20260928122048,20260928121829,20260928114700,20260928122048,PI
2026-09-28T03:30:35.852739+00:00,PI755093,10,2,20260928122514,20260928083858,20260928122413,,PI
2026-09-28T03:30:35.852739+00:00,PI761352,45,3,20260928122523,20260928122308,20260927203029,20260928122523,PI
2026-09-28T03:30:35.852739+00:00,PI761352,73,2,20260928122523,20260927152942,20260927222834,,PI
2026-09-28T03:30:35.852739+00:00,PI764997,51,3,20260928122544,20260926203700,20260927064221,20260928122544,PI
2026-09-28T03:30:35.852739+00:00,PI766988,02,2,20260928122051,20260928073613,20260928101050,,PI
2026-09-28T03:30:35.852739+00:00,PI768702,12,3,20260928122100,20260928121719,20260928043434,20260928122100,PI
2026-09-28T03:30:35.852739+00:00,PI773589,06,3,20260928122239,20260928122151,20260928003609,20260928122239,PI
2026-09-28T03:30:35.852739+00:00,PI775277,07,2,20260928122818,20260928083607,20260928122500,,PI
2026-09-28T03:30:35.852739+00:00,PI775277,09,3,20260928122818,20260928122419,20260928040412,20260928122818,PI
2026-09-28T03:30:35.852739+00:00,PI775277,10,3,20260928122818,20260928122529,20260928110031,20260928122818,PI
2026-09-28T03:30:35.852739+00:00,PI780225,05,3,20260928123007,20260928122801,20260928122701,20260928123007,PI
2026-09-28T03:30:35.852739+00:00,PI794276,03,2,20260928122807,20260928094646,20260928122335,,PI
2026-09-28T03:30:35.852739+00:00,PI794634,07,2,20260928122808,20260927213542,20260928013552,,PI
2026-09-28T03:30:35.852739+00:00,PI795351,03,3,20260928122805,20260928122345,20260928103703,20260928122805,PI
2026-09-28T03:30:35.852739+00:00,PI795355,04,3,20260928122805,20260928122439,20260928105111,20260928122805,PI
2026-09-28T03:30:35.852739+00:00,PI796306,02,2,20260928122816,20260928012950,20260928055742,,PI
2026-09-28T03:30:35.852739+00:00,PI796474,01,2,20260928122308,20260928092210,20260928111058,,PI
2026-09-28T03:30:35.852739+00:00,PI796562,22,3,20260928122816,20260928122731,20260926015731,20260928122816,PI
2026-09-28T03:30:35.852739+00:00,PI800105,06,3,20260928122235,20260928122213,20260925002458,20260928122235,PI
2026-09-28T03:30:35.852739+00:00,PI800771,02,1,20260928122241,20260917223757,20260918054559,,PI
2026-09-28T03:30:35.852739+00:00,PI801210,07,2,20260928122750,20260928091554,20260928122117,,PI
2026-09-28T03:30:35.852739+00:00,PI801810,07,2,20260928122753,20260928013427,20260928065024,,PI
2026-09-28T03:30:35.852739+00:00,PI801810,27,2,20260928122244,20260927105542,20260927174313,,PI
2026-09-28T03:30:35.852739+00:00,PI807716,03,3,20260928122820,20260928122810,20260923153709,20260928122820,PI
2026-09-28T03:30:35.852739+00:00,PI807986,01,3,20260928122312,20260928122036,20260928081815,20260928122312,PI
2026-09-28T03:30:35.852739+00:00,PI808249,05,3,20260928122313,20260928121924,20260927151302,20260928122313,PI
2026-09-28T03:30:35.852739+00:00,PI810614,06,3,20260928122335,20260928122204,20260926130520,20260928122335,PI
2026-09-28T03:30:35.852739+00:00,PI810621,02,3,20260928122335,20260928122046,20260928112904,20260928122335,PI
2026-09-28T03:30:35.852739+00:00,PIH00026,04,3,20260928122218,20260928121817,20260928100014,20260928122218,PI
2026-09-28T03:30:35.852739+00:00,PIH00168,05,2,20260928122729,20260928095705,20260928122329,,PI
2026-09-28T03:30:35.852739+00:00,PIH00194,07,3,20260928122220,20260928122033,20260928115827,20260928122220,PI
2026-09-28T03:30:35.852739+00:00,PIH00247,02,2,20260928122222,20260927235429,20260928122031,,PI
2026-09-28T03:30:35.852739+00:00,PIH00670,08,3,20260928122729,20260928122259,20260924074326,20260928122729,PI
2026-09-28T03:30:35.852739+00:00,PIH00774,03,2,20260928122725,20260928105448,20260928122431,,PI
2026-09-28T03:30:35.852739+00:00,PIH01021,02,2,20260928122209,20260928090808,20260928121927,,PI
2026-09-28T03:30:35.852739+00:00,PIS00011,01,2,20260928122826,20260928121334,20260928122723,,PI
2026-09-28T03:30:35.852739+00:00,PIS00033,04,2,20260928122318,20260928084816,20260928084816,,PI
2026-09-28T03:30:35.852739+00:00,PIS00034,06,2,20260928122827,20260927213125,20260927235315,,PI
2026-09-28T03:30:35.852739+00:00,PIS00039,02,2,20260928122318,20260928100939,20260928122312,,PI
2026-09-28T03:30:35.852739+00:00,PIS00046,49,3,20260928122826,20260928122529,20260927184354,20260928122826,PI
2026-09-28T03:30:35.852739+00:00,PIS00049,03,2,20260928122318,20260928072816,20260928121914,,PI
2026-09-28T03:30:35.852739+00:00,PIS00066,01,3,20260928122317,20260928121821,20260927190022,20260928122317,PI
2026-09-28T03:30:35.852739+00:00,PIS00083,05,2,20260928122843,20260926182006,20260926190052,,PI
2026-09-28T03:30:35.852739+00:00,PIS00083,06,2,20260928122334,20260928112242,20260928121401,,PI
2026-09-28T03:30:35.852739+00:00,PK000005,01,2,20260928122157,20260928113817,20260928121625,,PK
2026-09-28T03:30:35.852739+00:00,PK000005,03,3,20260928122157,20260928105701,20260928115831,20260928121106,PK
2026-09-28T03:30:35.852739+00:00,PK000005,05,2,20260928122157,20260928114609,20260928121523,,PK
2026-09-28T03:30:35.852739+00:00,PK000005,07,2,20260928122157,20260928115507,20260928121612,,PK
2026-09-28T03:30:35.852739+00:00,PK000005,10,3,20260928122157,20260928112432,20260928115038,20260928121605,PK
2026-09-28T03:30:35.852739+00:00,PK000007,01,3,20260928122200,20260928110630,20260928112917,20260928121401,PK
2026-09-28T03:30:35.852739+00:00,PK000007,14,3,20260928122156,20260928112655,20260928115602,20260928121705,PK
2026-09-28T03:30:35.852739+00:00,PK000007,21,2,20260928122200,20260928115053,20260928121404,,PK
2026-09-28T03:30:35.852739+00:00,PK000007,29,2,20260928122200,20260928115525,20260928121632,,PK
2026-09-28T03:30:35.852739+00:00,PK000007,39,3,20260928122200,20260928094301,20260928101446,20260928121744,PK
2026-09-28T03:30:35.852739+00:00,PK000008,02,2,20260928122200,20260928115019,20260928122011,,PK
2026-09-28T03:30:35.852739+00:00,PK000008,04,3,20260928122200,20260928111921,20260928114517,20260928122122,PK
2026-09-28T03:30:35.852739+00:00,PK000008,05,2,20260928122200,20260928115548,20260928122140,,PK
2026-09-28T03:30:35.852739+00:00,PK000008,06,2,20260928122200,20260928115848,20260928121822,,PK
2026-09-28T03:30:35.852739+00:00,PK000008,07,2,20260928122200,20260928114639,20260928121243,,PK
2026-09-28T03:30:35.852739+00:00,PK000009,19,2,20260928122105,20260928120025,20260928122105,,PK
2026-09-28T03:30:35.852739+00:00,PK000009,20,2,20260928122105,20260928120025,20260928122105,,PK
2026-09-28T03:30:35.852739+00:00,PK000009,25,3,20260928122105,20260928122105,20260928121027,20260928122105,PK
2026-09-28T03:30:35.852739+00:00,PK000009,26,3,20260928122105,20260928122105,20260928121027,20260928122105,PK
2026-09-28T03:30:35.852739+00:00,PK000010,01,3,20260928122105,20260928122105,20250212134337,20260928122105,PK
2026-09-28T03:30:35.852739+00:00,PK000010,06,2,20260928122105,20260928120025,20260928122105,,PK
2026-09-28T03:30:35.852739+00:00,PK000010,07,2,20260928122105,20260928121027,20260928122105,,PK
2026-09-28T03:30:35.852739+00:00,PK000010,08,2,20260928122105,20260928121027,20260928122105,,PK
2026-09-28T03:30:35.852739+00:00,PK000011,09,3,20260928122106,20260928122106,20260928121028,20260928122106,PK
2026-09-28T03:30:35.852739+00:00,PK000011,10,3,20260928122106,20260928122106,20260928121028,20260928122106,PK
2026-09-28T03:30:35.852739+00:00,PK000011,15,2,20260928122106,20260928121028,20250909150239,,PK
2026-09-28T03:30:35.852739+00:00,PK000011,16,2,20260928122106,20260928121028,20260928122106,,PK
2026-09-28T03:30:35.852739+00:00,PK000012,13,3,20260928122107,20260928122107,20260812151049,20260928122107,PK
2026-09-28T03:30:35.852739+00:00,PK000012,14,3,20260928122107,20260928122107,20260812151115,20260928122107,PK
2026-09-28T03:30:35.852739+00:00,PK000013,01,3,20260928122108,20260928122108,20260928121032,20260928122108,PK
2026-09-28T03:30:35.852739+00:00,PK000013,02,3,20260928122108,20260928122108,20260928121032,20260928122108,PK
2026-09-28T03:30:35.852739+00:00,PK000013,03,3,20260928122108,20260928122108,20260928115050,20260928122108,PK
2026-09-28T03:30:35.852739+00:00,PK000013,04,3,20260928122108,20260928122108,20260928115050,20260928122108,PK
2026-09-28T03:30:35.852739+00:00,PK000014,05,2,20260928122109,20260928120032,20260928122109,,PK
2026-09-28T03:30:35.852739+00:00,PK000014,06,2,20260928122109,20260928120032,20260928122109,,PK
2026-09-28T03:30:35.852739+00:00,PK000017,05,2,20260928122112,20260928114117,20260206154136,,PK
2026-09-28T03:30:35.852739+00:00,PK000017,07,2,20260928122112,20260928120035,20260928122112,,PK
2026-09-28T03:30:35.852739+00:00,PK000017,08,3,20260928122112,20260928122112,20250904160552,20260928122112,PK
2026-09-28T03:30:35.852739+00:00,PK000018,05,2,20260928122112,20260928121036,20260928122112,,PK
2026-09-28T03:30:35.852739+00:00,PK000018,06,2,20260928122112,20260928121036,20260928122112,,PK
2026-09-28T03:30:35.852739+00:00,PK000019,01,3,20260928122112,20260928122112,20251110125923,20260928122112,PK
2026-09-28T03:30:35.852739+00:00,PK000019,04,2,20260928122112,20260928115054,20260130131214,,PK
2026-09-28T03:30:35.852739+00:00,PK000021,02,2,20260928122112,20260928114118,20260928122112,,PK
2026-09-28T03:30:35.852739+00:00,PK000021,03,3,20260928122112,20260928122112,20260928120036,20260928122112,PK
2026-09-28T03:30:35.852739+00:00,PK000021,05,2,20260928122112,20260928120036,20251001140000,,PK
2026-09-28T03:30:35.852739+00:00,PK000021,09,2,20260928122112,20260928121037,20260928122112,,PK
2026-09-28T03:30:35.852739+00:00,PK000021,10,3,20260928122112,20260928122112,20260928114118,20260928122112,PK
2026-09-28T03:30:35.852739+00:00,PK000021,12,2,20260928122155,20260928115947,20260928121253,,PK
2026-09-28T03:30:35.852739+00:00,PK000021,14,2,20260928122155,20260928113923,20260928121900,,PK
2026-09-28T03:30:35.852739+00:00,PK000021,16,2,20260928122155,20260928120240,20260928122040,,PK
2026-09-28T03:30:35.852739+00:00,PK000023,03,3,20260928122114,20260928122114,20260928103056,20260928122114,PK
2026-09-28T03:30:35.852739+00:00,PK000023,06,3,20260928122114,20260928122114,20221101145233,20260928122114,PK
2026-09-28T03:30:35.852739+00:00,PK000024,05,3,20260928122115,20260928122115,20251027145247,20260928122115,PK
2026-09-28T03:30:35.852739+00:00,PK000024,06,3,20260928122115,20260928122115,20260928121041,20260928122115,PK
2026-09-28T03:30:35.852739+00:00,PK000024,09,3,20260928122115,20260928122115,20260928120040,20260928122115,PK
2026-09-28T03:30:35.852739+00:00,PK000024,10,3,20260928122115,20260928122115,20260928120040,20260928122115,PK
2026-09-28T03:30:35.852739+00:00,PK000024,17,3,20260928122115,20260928122115,20260928115057,20260928122115,PK
2026-09-28T03:30:35.852739+00:00,PK000024,18,3,20260928122115,20260928122115,20260928115057,20260928122115,PK
2026-09-28T03:30:35.852739+00:00,PK000025,03,3,20260928122114,20260928122114,20260225132839,20260928122114,PK
2026-09-28T03:30:35.852739+00:00,PK000025,04,3,20260928122114,20260928122114,20260928115056,20260928122114,PK
2026-09-28T03:30:35.852739+00:00,PK000025,17,3,20260928122157,20260928112819,20260928115022,20260928121129,PK
2026-09-28T03:30:35.852739+00:00,PK000025,18,3,20260928122157,20260928112900,20260928115022,20260928121209,PK
2026-09-28T03:30:35.852739+00:00,PK000025,19,3,20260928122157,20260928113944,20260928120413,20260928122054,PK
2026-09-28T03:30:35.852739+00:00,PK000025,20,2,20260928122157,20260928112245,20260928114513,,PK
2026-09-28T03:30:35.852739+00:00,PK000025,21,3,20260928122157,20260928113439,20260928115126,20260928121211,PK
2026-09-28T03:30:35.852739+00:00,PK000025,22,3,20260928122157,20260928113520,20260928120113,20260928121928,PK
2026-09-28T03:30:35.852739+00:00,PK000025,25,3,20260928122114,20260928122114,20260928104046,20260928122114,PK
2026-09-28T03:30:35.852739+00:00,PK000025,26,3,20260928122114,20260928122114,20260928114119,20260928122114,PK
2026-09-28T03:30:35.852739+00:00,PK000025,27,3,20260928122114,20260928122114,20260928120038,20260928122114,PK
2026-09-28T03:30:35.852739+00:00,PK000025,28,3,20260928122114,20260928122114,20260928120038,20260928122114,PK
2026-09-28T03:30:35.852739+00:00,PK000028,07,2,20260928122116,20260928120041,20241017171115,,PK
2026-09-28T03:30:35.852739+00:00,PK000028,08,2,20260928122116,20260928120041,20260928122116,,PK
2026-09-28T03:30:35.852739+00:00,PK000028,21,3,20260928122156,20260928114547,20260928121014,20260928122007,PK
2026-09-28T03:30:35.852739+00:00,PK000028,22,3,20260928122156,20260928114627,20260928121009,20260928122047,PK
2026-09-28T03:30:35.852739+00:00,PK000077,11,2,20260928122157,20260928115112,20260928121315,,PK
2026-09-28T03:30:35.852739+00:00,PK000077,15,9,20260928122157,20260928120334,20260928121653,,PK
2026-09-28T03:30:35.852739+00:00,PK000085,02,3,20260928122155,20260927181205,20260927183637,20260928121552,PK
2026-09-28T03:30:35.852739+00:00,PK000102,02,2,20260928122156,20260928110230,20260928121515,,PK
2026-09-28T03:30:35.852739+00:00,PK000148,03,2,20260928122155,20260928112020,20260928114849,,PK
2026-09-28T03:30:35.852739+00:00,PK000148,04,2,20260928122155,20260928113526,20260928121419,,PK
2026-09-28T03:30:35.852739+00:00,PK000148,07,2,20260928122155,20260928114556,20260928120836,,PK
2026-09-28T03:30:35.852739+00:00,PK000148,08,9,20260928122155,20260928113038,20260928121239,,PK
2026-09-28T03:30:35.852739+00:00,PK000148,09,3,20260928122154,20260928114455,20260928120752,20260928121324,PK
2026-09-28T03:30:35.852739+00:00,PK000148,10,3,20260928122154,20260928113353,20260928120547,20260928121705,PK
2026-09-28T03:30:35.852739+00:00,PK000148,11,3,20260928122154,20260928112950,20260928115935,20260928121123,PK
2026-09-28T03:30:35.852739+00:00,PK000148,13,3,20260928122154,20260928112959,20260928120402,20260928121902,PK
2026-09-28T03:30:35.852739+00:00,PK000148,16,3,20260928122155,20260928114943,20260928120637,20260928121953,PK
2026-09-28T03:30:35.852739+00:00,PK000148,18,2,20260928122158,20260928112549,20260928121821,,PK
2026-09-28T03:30:35.852739+00:00,PK000148,19,9,20260928122158,20260928113654,20260928121720,,PK
2026-09-28T03:30:35.852739+00:00,PK000148,23,9,20260928122158,20260928115403,20260928121534,,PK
2026-09-28T03:30:35.852739+00:00,PK000148,24,9,20260928122156,20260928114816,20260928121533,,PK
2026-09-28T03:30:35.852739+00:00,PK000156,12,2,20260928122156,20260928114711,20260928121237,,PK
2026-09-28T03:30:35.852739+00:00,PK000158,01,3,20260928122157,20260928110803,20260928114041,20260928121209,PK
2026-09-28T03:30:35.852739+00:00,PK000158,02,3,20260928122157,20260928110839,20260928114042,20260928121245,PK
2026-09-28T03:30:35.852739+00:00,PK000158,03,2,20260928122157,20260928120002,20260928121824,,PK
2026-09-28T03:30:35.852739+00:00,PK000158,04,2,20260928122157,20260928120037,20260928121825,,PK
2026-09-28T03:30:35.852739+00:00,PK000161,01,9,20260928122158,20260928120432,20260928122134,,PK
2026-09-28T03:30:35.852739+00:00,PK000161,02,9,20260928122158,20260928120507,20260928122135,,PK
2026-09-28T03:30:35.852739+00:00,PK000161,05,9,20260928122158,20260928115643,20260928122055,,PK
2026-09-28T03:30:35.852739+00:00,PK000161,06,9,20260928122158,20260928115717,20260928122055,,PK
2026-09-28T03:30:35.852739+00:00,PK000161,07,2,20260928122158,20260928113458,20260928120350,,PK
2026-09-28T03:30:35.852739+00:00,PK000161,08,2,20260928122158,20260928113536,20260928120350,,PK
2026-09-28T03:30:35.852739+00:00,PK000162,01,3,20260928122114,20260928122114,20260928121039,20260928122114,PK
2026-09-28T03:30:35.852739+00:00,PK000162,02,3,20260928122114,20260928122114,20260928121039,20260928122114,PK
2026-09-28T03:30:35.852739+00:00,PK000179,06,2,20260928122119,20260928114231,20260928114231,,PK
2026-09-28T03:30:35.852739+00:00,PK000179,13,2,20260928122119,20260928114636,20260928114636,,PK
2026-09-28T03:30:35.852739+00:00,PK000179,21,2,20260928122119,20260928114016,20260928114016,,PK
2026-09-28T03:30:35.852739+00:00,PK000180,01,2,20260928122119,20260928113610,20260928113610,,PK
2026-09-28T03:30:35.852739+00:00,PK000180,02,2,20260928122119,20260928113645,20260928113645,,PK
2026-09-28T03:30:35.852739+00:00,PK000180,08,3,20260928122119,20260928122111,20260928122111,20260928105007,PK
2026-09-28T03:30:35.852739+00:00,PK000181,07,2,20260928122119,20260928120345,20260928120345,,PK
2026-09-28T03:30:35.852739+00:00,PK000181,08,2,20260928122119,20260928120132,20260928120132,,PK
2026-09-28T03:30:35.852739+00:00,PK000183,03,2,20260928122119,20260928120916,20260928120916,,PK
2026-09-28T03:30:35.852739+00:00,PK000183,04,2,20260928122119,20260928120959,20260928120959,,PK
2026-09-28T03:30:35.852739+00:00,PK000185,01,3,20260928122159,20260928111644,20260928113307,20260928121732,PK
2026-09-28T03:30:35.852739+00:00,PK000185,06,2,20260928122158,20260928115647,20260928121033,,PK
2026-09-28T03:30:35.852739+00:00,PK000185,12,2,20260928122159,20260928115713,20260928121715,,PK
2026-09-28T03:30:35.852739+00:00,PK000186,03,3,20260928122159,20260928112054,20260928113250,20260928121159,PK
2026-09-28T03:30:35.852739+00:00,PK000186,04,3,20260928122159,20260928111143,20260928112835,20260928121237,PK
2026-09-28T03:30:35.852739+00:00,PK000186,05,2,20260928122159,20260928120006,20260928121503,,PK
2026-09-28T03:30:35.852739+00:00,PK000186,06,2,20260928122159,20260928114208,20260928121550,,PK
2026-09-28T03:30:35.852739+00:00,PK000186,08,3,20260928122159,20260928103304,20260928105736,20260928121643,PK
2026-09-28T03:30:35.852739+00:00,PK000186,10,2,20260928122159,20260928114452,20260928121126,,PK
2026-09-28T03:30:35.852739+00:00,PK000252,01,2,20260928122156,20260928120814,20260928121257,,PK
2026-09-28T03:30:35.852739+00:00,PK000252,02,2,20260928122201,20260928120847,20260928121257,,PK
2026-09-28T03:30:35.852739+00:00,PK000253,02,2,20260928122158,20260928115034,20260928120642,,PK
2026-09-28T03:30:35.852739+00:00,PK000288,01,3,20260928122156,20260928114547,20260928121014,20260928122007,PK
2026-09-28T03:30:35.852739+00:00,PK000288,02,3,20260928122156,20260928114627,20260928121009,20260928122047,PK
2026-09-28T03:30:35.852739+00:00,PK000289,01,3,20260928122155,20260928112527,20260928115355,20260928121225,PK
2026-09-28T03:30:35.852739+00:00,PK000289,02,3,20260928122155,20260928111248,20260928113246,20260928121301,PK
2026-09-28T03:30:35.852739+00:00,PK000289,07,3,20260928122155,20260928113849,20260928115922,20260928121453,PK
2026-09-28T03:30:35.852739+00:00,PK000289,08,3,20260928122155,20260928112428,20260928120043,20260928121533,PK
2026-09-28T03:30:35.852739+00:00,PK000290,03,3,20260928122155,20260928061414,20260928065809,20260928121107,PK
2026-09-28T03:30:35.852739+00:00,PK000291,01,2,20260928122155,20260928115546,20260928121734,,PK
2026-09-28T03:30:35.852739+00:00,PK000291,02,2,20260928122155,20260928115638,20260928121736,,PK
2026-09-28T03:30:35.852739+00:00,PK000291,03,2,20260928122154,20260928120242,20260928122102,,PK
2026-09-28T03:30:35.852739+00:00,PK000291,04,2,20260928122154,20260928120319,20260928122102,,PK
2026-09-28T03:30:35.852739+00:00,PK000292,05,9,20260928122157,20260928114448,20260928121404,,PK
2026-09-28T03:30:35.852739+00:00,PK000292,06,9,20260928122157,20260928114411,20260928121404,,PK
2026-09-28T03:30:35.852739+00:00,PK000294,01,2,20260928122155,20260928120438,20260928121455,,PK
2026-09-28T03:30:35.852739+00:00,PK000294,03,2,20260928122155,20260928120444,20260928121514,,PK
2026-09-28T03:30:35.852739+00:00,PK000294,04,2,20260928122155,20260928114652,20260928121512,,PK
2026-09-28T03:30:35.852739+00:00,PK000295,01,3,20260928122155,20260928111502,20260928113507,20260928122021,PK
2026-09-28T03:30:35.852739+00:00,PK000295,04,9,20260928122154,20260928115757,20260928121710,,PK
2026-09-28T03:30:35.852739+00:00,PK000295,05,3,20260928122156,20260928114133,20260928114145,20260928121141,PK
2026-09-28T03:30:35.852739+00:00,PK000295,07,3,20260928122157,20260928111958,20260928114501,20260928121538,PK
2026-09-28T03:30:35.852739+00:00,PK000296,02,2,20260928122155,20260928115947,20260928121253,,PK
2026-09-28T03:30:35.852739+00:00,PK000296,04,2,20260928122155,20260928113923,20260928121900,,PK
2026-09-28T03:30:35.852739+00:00,PK000296,06,2,20260928122155,20260928120240,20260928122040,,PK
2026-09-28T03:30:35.852739+00:00,PK000297,03,3,20260928122157,20260928112819,20260928115022,20260928121129,PK
2026-09-28T03:30:35.852739+00:00,PK000297,04,3,20260928122157,20260928112900,20260928115022,20260928121209,PK
2026-09-28T03:30:35.852739+00:00,PK000297,05,3,20260928122157,20260928113944,20260928120413,20260928122054,PK
2026-09-28T03:30:35.852739+00:00,PK000297,06,2,20260928122157,20260928112245,20260928114513,,PK
2026-09-28T03:30:35.852739+00:00,PK000297,07,3,20260928122157,20260928113439,20260928115126,20260928121211,PK
2026-09-28T03:30:35.852739+00:00,PK000297,08,3,20260928122157,20260928113520,20260928120113,20260928121928,PK
2026-09-28T03:30:35.852739+00:00,PK000322,06,2,20260928122156,20260928114439,20260928121529,,PK
2026-09-28T03:30:35.852739+00:00,PK000322,09,3,20260928122159,20260927232205,20260928012206,20260928121533,PK
2026-09-28T03:30:35.852739+00:00,PK000322,10,3,20260928122156,20260928113613,20260928115316,20260928121611,PK
2026-09-28T03:30:35.852739+00:00,PK000322,11,2,20260928122157,20260928115112,20260928121315,,PK
2026-09-28T03:30:35.852739+00:00,PK000322,15,9,20260928122157,20260928120334,20260928121653,,PK
2026-09-28T03:30:35.852739+00:00,PK000322,20,2,20260928122116,20260928120042,20260928122116,,PK
2026-09-28T03:30:35.852739+00:00,PK000322,21,3,20260928122116,20260928122116,20260928112048,20260928122116,PK
2026-09-28T03:30:35.852739+00:00,PK000322,22,3,20260928122116,20260928122116,20260928112048,20260928122116,PK
2026-09-28T03:30:35.852739+00:00,PK000322,23,2,20260928122116,20260928114122,20241120135517,,PK
2026-09-28T03:30:35.852739+00:00,PK000474,07,2,20260928122157,20260928114546,20260928121919,,PK
2026-09-28T03:30:35.852739+00:00,PK000474,08,2,20260928122157,20260928114624,20260928121918,,PK
2026-09-28T03:30:35.852739+00:00,PK000474,21,2,20260928122157,20260928114952,20260928121321,,PK
2026-09-28T03:30:35.852739+00:00,PK000474,22,2,20260928122156,20260928115609,20260928121959,,PK
2026-09-28T03:30:35.852739+00:00,PL000165,06,2,20260928122858,20260928095225,20260928122858,,PL
2026-09-28T03:30:35.852739+00:00,PL000219,02,2,20260928122639,20260928100425,20260928122639,,PL
2026-09-28T03:30:35.852739+00:00,PL000339,04,3,20260928122215,20260928122215,20260928120557,20260928122215,PL
2026-09-28T03:30:35.852739+00:00,PL000464,03,2,20260928122122,20260927182726,20260928122122,,PL
2026-09-28T03:30:35.852739+00:00,PL000696,14,2,20260928122756,20260928112220,20260928122756,,PL
2026-09-28T03:30:35.852739+00:00,PL001951,63,3,20260928122858,20260928122858,20260928094744,20260928122858,PL
2026-09-28T03:30:35.852739+00:00,PL002842,05,2,20260928122143,20260928051144,20260928122143,,PL
2026-09-28T03:30:35.852739+00:00,PL002994,17,2,20260928122451,20260927220645,20260928122451,,PL
2026-09-28T03:30:35.852739+00:00,PL003047,08,3,20260928122521,20260928122521,20260926105552,20260928122521,PL
2026-09-28T03:30:35.852739+00:00,PL003170,02,2,20260928122248,20260927202726,20260928122248,,PL
2026-09-28T03:30:35.852739+00:00,PL003526,65,2,20260928122151,20260926210505,20260928122151,,PL
2026-09-28T03:30:35.852739+00:00,PL003738,02,3,20260928122837,20260928122837,20260928122824,20260928122837,PL
2026-09-28T03:30:35.852739+00:00,PL004624,05,3,20260928122610,20260928122610,20260926213217,20260928122610,PL
2026-09-28T03:30:35.852739+00:00,PL005184,01,2,20260928122327,20260928105316,20260928122327,,PL
2026-09-28T03:30:35.852739+00:00,PL030413,05,2,20260928122303,20260928073806,20260928122303,,PL
2026-09-28T03:30:35.852739+00:00,PL030447,01,2,20260928122710,20260927175208,20260928122710,,PL
2026-09-28T03:30:35.852739+00:00,PL030592,11,3,20260928122455,20260928122455,20260928094248,20260928122455,PL
2026-09-28T03:30:35.852739+00:00,PL030699,08,3,20260928122604,20260928122604,20260927072230,20260928122604,PL
2026-09-28T03:30:35.852739+00:00,PL031057,20,2,20260928122812,20260928023448,20260928122812,,PL
2026-09-28T03:30:35.852739+00:00,PL031444,03,3,20260928122612,20260928122612,20260928022415,20260928122612,PL
2026-09-28T03:30:35.852739+00:00,PL031449,03,2,20260928122836,20260927110603,20260928122836,,PL
2026-09-28T03:30:35.852739+00:00,PL031530,01,2,20260928122203,20260928110631,20260928122203,,PL
2026-09-28T03:30:35.852739+00:00,PL031560,04,3,20260928122938,20260928122938,20260927004252,20260928122938,PL
2026-09-28T03:30:35.852739+00:00,PL032397,08,3,20260928122907,20260928122907,20260927100917,20260928122907,PL
2026-09-28T03:30:35.852739+00:00,PL032609,03,3,20260928122618,20260928122618,20260928093909,20260928122618,PL
2026-09-28T03:30:35.852739+00:00,PL032653,00,3,20260928122830,20260928122830,20260928090033,20260928122830,PL
2026-09-28T03:30:35.852739+00:00,PL032671,14,2,20260928122250,20260927163826,20260928122250,,PL
2026-09-28T03:30:35.852739+00:00,PL032709,14,2,20260928122825,20260927173507,20260928122825,,PL
2026-09-28T03:30:35.852739+00:00,PL032779,07,3,20260928122615,20260928122615,20260927125414,20260928122615,PL
2026-09-28T03:30:35.852739+00:00,PL032929,01,3,20260928122803,20260928122803,20260928102054,20260928122803,PL
2026-09-28T03:30:35.852739+00:00,PL033102,03,3,20260928122351,20260928122351,20260928120804,20260928122351,PL
2026-09-28T03:30:35.852739+00:00,PL033117,01,2,20260928122136,20260928104044,20260928122136,,PL
2026-09-28T03:30:35.852739+00:00,PL033249,03,2,20260928123000,20260928094341,20260928123000,,PL
2026-09-28T03:30:35.852739+00:00,PL033761,06,2,20260928122642,20260927194349,20260928122642,,PL
2026-09-28T03:30:35.852739+00:00,PW001260,02,2,20260928122608,20260927193659,20260927213713,,PW
2026-09-28T03:30:35.852739+00:00,PW010115,02,3,20260928122107,20260928122107,20260925121725,20260928121718,PW
2026-09-28T03:30:35.852739+00:00,PW010649,05,2,20260928122606,20260927232048,20260928072119,,PW
2026-09-28T03:30:35.852739+00:00,PW011044,07,2,20260928122310,20260927183616,20260928043551,,PW
2026-09-28T03:30:35.852739+00:00,PW011088,04,3,20260928122310,20260928122310,20260926191342,20260928121918,PW
2026-09-28T03:30:35.852739+00:00,PW013231,17,2,20260928122430,20260927181414,20260928024454,,PW
2026-09-28T03:30:35.852739+00:00,PW013447,13,3,20260928122841,20260928122841,20260928040640,20260928122703,PW
2026-09-28T03:30:35.852739+00:00,PW013500,06,2,20260928122048,20260927143828,20260927234943,,PW
2026-09-28T03:30:35.852739+00:00,PW014027,04,2,20260928122111,20260928103352,20260928121927,,PW
2026-09-28T03:30:35.852739+00:00,PW014904,07,2,20260928122534,20260926222541,20260927011625,,PW
2026-09-28T03:30:35.852739+00:00,PW100645,02,3,20260928122212,20260928122212,20260923144109,20260928122105,PW
2026-09-28T03:30:35.852739+00:00,PW100962,01,3,20260928122812,20260928122812,20260924155111,20260928122733,PW
2026-09-28T03:30:35.852739+00:00,PW800314,01,3,20260928122213,20260928122213,20260928092544,20260928122025,PW
2026-09-28T03:30:35.852739+00:00,PW800566,05,2,20260928122227,20260928105048,20260928122150,,PW
2026-09-28T03:30:35.852739+00:00,PW800803,04,3,20260928122311,20260928122311,20260927152049,20260928122239,PW
2026-09-28T03:30:35.852739+00:00,PWE04021,13,3,20260928122926,20260928122926,20260928121132,20260928122926,PW
2026-09-28T03:30:35.852739+00:00,PWE04021,15,3,20260928122926,20260928122926,20260928121132,20260928122926,PW
2026-09-28T03:30:35.852739+00:00,PWE06385,61,2,20260928122309,20260928112908,20260928122309,,PW
2026-09-28T03:30:35.852739+00:00,RE000054,01,2,20260928122802,20260928035145,20260928122731,,RE
2026-09-28T03:30:35.852739+00:00,SE000005,01,3,20260928122841,20260928122824,20260928080623,20260928122824,SE
2026-09-28T03:30:35.852739+00:00,SE000031,01,2,20260928122740,20260928113126,20260928122646,,SE
2026-09-28T03:30:35.852739+00:00,SE000034,01,3,20260928122041,20260928121946,20260928091926,20260928121946,SE
2026-09-28T03:30:35.852739+00:00,SE000044,01,3,20260928122841,20260928122818,20260926151241,20260928122818,SE
2026-09-28T03:30:35.852739+00:00,SE000046,01,2,20260928122741,20260928100130,20260928122733,,SE
2026-09-28T03:30:35.852739+00:00,SE000052,02,2,20260928122041,20260928111506,20260928122006,,SE
2026-09-28T03:30:35.852739+00:00,SE000054,01,2,20260928122541,20260928115137,20260928122442,,SE
2026-09-28T03:30:35.852739+00:00,SE000067,01,2,20260928122541,20260928112108,20260928122504,,SE
2026-09-28T03:30:35.852739+00:00,SE000106,01,2,20260928122241,20260928121431,20260928122202,,SE
2026-09-28T03:30:35.852739+00:00,SE000147,10,3,20260928122541,20260928122525,20260928022313,20260928122525,SE
2026-09-28T03:30:35.852739+00:00,SE000151,02,2,20260928122241,20260928114237,20260928122200,,SE
2026-09-28T03:30:35.852739+00:00,SE000166,02,3,20260928122541,20260928122500,20260928121048,20260928122500,SE
2026-09-28T03:30:35.852739+00:00,SE000170,02,3,20260928122141,20260928122116,20260928063614,20260928122116,SE
2026-09-28T03:30:35.852739+00:00,SE000173,01,3,20260928122941,20260928122922,20260928021620,20260928122922,SE
2026-09-28T03:30:35.852739+00:00,SE000204,02,2,20260928122341,20260928120630,20260928122336,,SE
2026-09-28T03:30:35.852739+00:00,SF001315,20,3,20260928122552,20260928122552,20260928115435,20260928065308,SF
2026-09-28T03:30:35.852739+00:00,SF001438,79,3,20260928122623,20260928122623,20260928115504,20260928002926,SF
2026-09-28T03:30:35.852739+00:00,SF002992,36,3,20260928122554,20260928122554,20260928090526,20260928121654,SF
2026-09-28T03:30:35.852739+00:00,SF003049,05,2,20260928122606,20260928090504,20260928121715,,SF
2026-09-28T03:30:35.852739+00:00,SF003051,01,2,20260928122625,20260928082229,20260928115954,,SF
2026-09-28T03:30:35.852739+00:00,SF003433,01,3,20260928122620,20260928122620,20260928111759,20260928120014,SF
2026-09-28T03:30:35.852739+00:00,ST111404,01,2,20260928122733,20260928084532,20260928122733,,ST
2026-09-28T03:30:35.852739+00:00,ST111418,02,3,20260928122538,20260928122538,20260927191922,20260926221003,ST
2026-09-28T03:30:35.852739+00:00,ST111427,01,2,20260928122546,20260928121547,20260928122546,,ST
2026-09-28T03:30:35.852739+00:00,ST111427,02,2,20260928122152,20260928033352,20260928104950,,ST
2026-09-28T03:30:35.852739+00:00,ST112103,02,2,20260928122332,20260928113933,20260928122332,,ST
2026-09-28T03:30:35.852739+00:00,ST112106,03,2,20260928122332,20260928120740,20260928122332,,ST
2026-09-28T03:30:35.852739+00:00,ST112607,05,2,20260928122335,20260925221700,20260928122335,,ST
2026-09-28T03:30:35.852739+00:00,ST112607,11,2,20260928122144,20260923073502,20260928122144,,ST
2026-09-28T03:30:35.852739+00:00,ST112902,02,3,20260928122131,20260923163625,20260923171123,20260928122131,ST
2026-09-28T03:30:35.852739+00:00,ST114415,03,2,20260928122737,20260921082233,20260928122737,,ST
2026-09-28T03:30:35.852739+00:00,ST114420,06,2,20260928122952,20260928114353,20260928122952,,ST
2026-09-28T03:30:35.852739+00:00,ST114705,06,2,20260928122739,20260928071537,20260928122739,,ST
2026-09-28T03:30:35.852739+00:00,ST115012,01,3,20260928122341,20260928122341,20260928113347,20260928110639,ST
2026-09-28T03:30:35.852739+00:00,ST115019,10,2,20260928122151,20260928112347,20260928122151,,ST
2026-09-28T03:30:35.852739+00:00,ST115020,02,3,20260928122747,20260928122747,20260928061747,20260928052854,ST
2026-09-28T03:30:35.852739+00:00,ST115020,04,2,20260928122947,20260928115943,20260928122947,,ST
2026-09-28T03:30:35.852739+00:00,ST115020,06,3,20260928122745,20260928110217,20260928111841,20260928122745,ST
2026-09-28T03:30:35.852739+00:00,ST115312,02,3,20260928122737,20260928122737,20260928113339,20260928103519,ST
2026-09-28T03:30:35.852739+00:00,ST115615,01,3,20260928122338,20260925193630,20260927210136,20260928122338,ST
2026-09-28T03:30:35.852739+00:00,ST115621,01,2,20260928122551,20260928105205,20260928111409,,ST
2026-09-28T03:30:35.852739+00:00,ST115622,02,3,20260928122745,20260928122745,20260928112948,20260928110346,ST
2026-09-28T03:30:35.852739+00:00,ST115625,01,3,20260928122345,20260928064231,20260928065836,20260928122345,ST
2026-09-28T03:30:35.852739+00:00,ST116211,01,3,20260928122148,20260928122148,20260928112544,20260928105446,ST
2026-09-28T03:30:35.852739+00:00,ST116213,02,3,20260928122749,20260927235819,20260928000350,20260928122749,ST
2026-09-28T03:30:35.852739+00:00,ST116511,03,4,20260928122142,20260928121935,20260928122142,,ST
2026-09-28T03:30:35.852739+00:00,ST116513,01,3,20260928122145,20260927234734,20260928064230,20260928122145,ST
2026-09-28T03:30:35.852739+00:00,ST116517,02,2,20260928122541,20260927225014,20260928103632,,ST
2026-09-28T03:30:35.852739+00:00,ST116519,08,3,20260928122743,20260923095217,20260923150342,20260928122743,ST
2026-09-28T03:30:35.852739+00:00,ST116525,06,3,20260928122741,20260928081939,20260928083826,20260928122741,ST
2026-09-28T03:30:35.852739+00:00,ST116527,01,2,20260928122142,20260928111342,20260928122142,,ST
2026-09-28T03:30:35.852739+00:00,ST116528,01,2,20260928122334,20260928120742,20260928122334,,ST
2026-09-28T03:30:35.852739+00:00,ST116531,05,3,20260928122535,20260928122535,20260926232641,20260928122535,ST
2026-09-28T03:30:35.852739+00:00,ST116532,03,3,20260928122737,20260928122737,20260926185709,20260926174149,ST
2026-09-28T03:30:35.852739+00:00,ST116533,01,2,20260928122338,20260928083943,20260928110855,,ST
2026-09-28T03:30:35.852739+00:00,ST116534,01,3,20260928122955,20260928122955,20260928122157,20260928102841,ST
2026-09-28T03:30:35.852739+00:00,ST116534,03,3,20260928122157,20260928122157,20260928121552,20260928110804,ST
2026-09-28T03:30:35.852739+00:00,ST116805,02,2,20260928122938,20260928010808,20260928011604,,ST
2026-09-28T03:30:35.852739+00:00,ST116811,01,3,20260928122938,20260928122938,20260928071336,20260928065449,ST
2026-09-28T03:30:35.852739+00:00,ST117112,02,3,20260928122946,20260928122946,20260928122341,20260928101658,ST
2026-09-28T03:30:35.852739+00:00,ST117114,01,3,20260928122939,20260928080224,20260928095302,20260928122939,ST
2026-09-28T03:30:35.852739+00:00,ST117114,02,3,20260928122946,20260928122946,20260928093743,20260928052407,ST
2026-09-28T03:30:35.852739+00:00,ST117403,02,3,20260928122944,20260928122944,20260928122742,20260928084155,ST
2026-09-28T03:30:35.852739+00:00,ST600078,02,2,20260928122953,20260928090315,20260928105432,,ST
2026-09-28T03:30:35.852739+00:00,ST600080,02,2,20260928122155,20260927072012,20260928103846,,ST
2026-09-28T03:30:35.852739+00:00,ST600100,01,3,20260928122356,20260928064937,20260928074242,20260928122356,ST
2026-09-28T03:30:35.852739+00:00,ST600323,02,2,20260928122354,20260928051107,20260928084006,,ST
2026-09-28T03:30:35.852739+00:00,ST600324,04,2,20260928122204,20260928073448,20260928075508,,ST
2026-09-28T03:30:35.852739+00:00,ST600507,01,3,20260928122759,20260928103511,20260928105221,20260928122759,ST
2026-09-28T03:30:35.852739+00:00,ST600985,01,3,20260928122405,20260928122405,20260928101612,20260928100539,ST
2026-09-28T03:30:35.852739+00:00,ST601050,01,3,20260928122359,20260928122359,20260928114157,20260928111542,ST
2026-09-28T03:30:35.852739+00:00,ST601147,02,2,20260928122209,20260928080324,20260928095413,,ST
2026-09-28T03:30:35.852739+00:00,ST601147,04,2,20260928122209,20260928091050,20260928095250,,ST
2026-09-28T03:30:35.852739+00:00,ST601195,01,3,20260928122206,20260928122206,20260928102601,20260928122206,ST
2026-09-28T03:30:35.852739+00:00,ST601200,01,3,20260928122808,20260928122808,20260928114011,20260928110410,ST
2026-09-28T03:30:35.852739+00:00,ST601468,01,3,20260928122811,20260928122811,20260928104415,20260928101807,ST
2026-09-28T03:30:35.852739+00:00,SZBA0004,01,3,20260928122550,20260928122550,20260928121553,20260928122550,SZ
2026-09-28T03:30:35.852739+00:00,SZBA0008,05,3,20260928122455,20260928122455,20260928122426,20260928122455,SZ
2026-09-28T03:30:35.852739+00:00,SZBA0008,06,3,20260928122545,20260928122545,20260928122507,20260928122545,SZ
2026-09-28T03:30:35.852739+00:00,SZBA0008,13,2,20260928122233,20260928120929,20260928122233,,SZ
2026-09-28T03:30:35.852739+00:00,SZBA0008,14,2,20260928122234,20260928120842,20260928122234,,SZ
2026-09-28T03:30:35.852739+00:00,SZBA0008,23,3,20260928122409,20260928122409,20260928114801,20260928122409,SZ
2026-09-28T03:30:35.852739+00:00,SZBA0008,24,3,20260928122336,20260928122336,20260928114802,20260928122336,SZ
2026-09-28T03:30:35.852739+00:00,SZBA0018,01,2,20260928122233,20260928121240,20260928122233,,SZ
2026-09-28T03:30:35.852739+00:00,SZBA0018,02,2,20260928122235,20260928121318,20260928122235,,SZ
2026-09-28T03:30:35.852739+00:00,SZBA0025,01,2,20260928122736,20260928122010,20260928122736,,SZ
2026-09-28T03:30:35.852739+00:00,SZBA0025,02,2,20260928122737,20260928121928,20260928122737,,SZ
2026-09-28T03:30:35.852739+00:00,SZBA0026,01,2,20260928122604,20260928115300,20260928122604,,SZ
2026-09-28T03:30:35.852739+00:00,SZBA0026,02,2,20260928122605,20260928115213,20260928122605,,SZ
2026-09-28T03:30:35.852739+00:00,SZBA0079,02,2,20260928123004,20260708143008,20260928123004,,SZ
2026-09-28T03:30:35.852739+00:00,TDA00028,07,2,20260928123003,20260928111012,20260928111707,,TD
2026-09-28T03:30:35.852739+00:00,TDA00034,03,3,20260928123005,20260928121701,20260928113113,20260928121701,TD
2026-09-28T03:30:35.852739+00:00,TDA00061,13,3,20260928123002,20260928121556,20260928122732,20260928121556,TD
2026-09-28T03:30:35.852739+00:00,TDA00064,29,3,20260928123002,20260928121626,20260928103046,20260928121626,TD
2026-09-28T03:30:35.852739+00:00,TDMD0006,03,3,20260928123003,20260922141918,20260922164014,20260928123003,TD
2026-09-28T03:40:31.364923+00:00,ME174013,01,2,20260928123829,20260928065322,20260928073516,,ME
2026-09-28T03:40:31.364923+00:00,ME174027,01,2,20260928123834,20260928085856,20260928093653,,ME
2026-09-28T03:40:31.364923+00:00,ME178009,01,2,20260928123838,20260928061431,20260928062106,,ME
2026-09-28T03:40:31.364923+00:00,ME178009,02,3,20260928123849,20260927133851,20260927135427,20260928121820,ME
2026-09-28T03:40:31.364923+00:00,ME181102,01,2,20260928123843,20260928073522,20260928081228,,ME
2026-09-28T03:40:31.364923+00:00,ME181150,12,2,20260928123849,20260923171348,20260923175713,,ME
2026-09-28T03:40:31.364923+00:00,ME181150,13,2,20260928123852,20260926151936,20260926160257,,ME
2026-09-28T03:40:31.364923+00:00,ME183001,01,2,20260928123856,20260927110559,20260927113634,,ME
2026-09-28T03:40:31.364923+00:00,ME183002,01,2,20260928123901,20260928095816,20260928095947,,ME
2026-09-28T03:40:31.364923+00:00,ME183003,01,2,20260928123906,20260926130147,20260926134221,,ME
2026-09-28T03:40:31.364923+00:00,ME183004,01,2,20260928123624,20260928112134,20260928114931,,ME
2026-09-28T03:40:31.364923+00:00,ME183006,01,2,20260928123410,20260928100725,20260928104829,,ME
2026-09-28T03:40:31.364923+00:00,ME183008,01,2,20260928123417,20260928100231,20260928104426,,ME
2026-09-28T03:40:31.364923+00:00,ME183009,01,2,20260928123423,20260925110148,20260925114150,,ME
2026-09-28T03:40:31.364923+00:00,ME183103,01,2,20260928123809,20260928121752,20260928123807,,ME
2026-09-28T03:40:31.364923+00:00,ME183103,02,2,20260928123434,20260928091031,20260928095335,,ME
2026-09-28T03:40:31.364923+00:00,ME183103,52,2,20260928123430,20260928095758,20260928103158,,ME
2026-09-28T03:40:31.364923+00:00,ME183219,01,2,20260928123436,20260926221137,20260926224001,,ME
2026-09-28T03:40:31.364923+00:00,ME183219,02,2,20260928123445,20260926212655,20260926220500,,ME
2026-09-28T03:40:31.364923+00:00,ME183219,52,2,20260928123840,20260928120951,20260928123839,,ME
2026-09-28T03:40:31.364923+00:00,ME184075,01,2,20260928123452,20260928034912,20260928043235,,ME
2026-09-28T03:40:31.364923+00:00,ME184076,01,2,20260928123455,20260928071742,20260928074707,,ME
2026-09-28T03:40:31.364923+00:00,ME18B159,01,2,20260928123457,20260925124624,20260925132603,,ME
2026-09-28T03:40:31.364923+00:00,ME18B163,01,2,20260928123502,20260928055002,20260928063037,,ME
2026-09-28T03:40:31.364923+00:00,ME18B164,01,2,20260928123503,20260928002512,20260928002907,,ME
2026-09-28T03:40:31.364923+00:00,ME18B165,01,2,20260928123509,20260927175714,20260927184035,,ME
2026-09-28T03:40:31.364923+00:00,ME18B166,01,3,20260928123846,20260928110747,20260928114831,20260928122339,ME
2026-09-28T03:40:31.364923+00:00,ME18B168,01,2,20260928123514,20260927112733,20260927120328,,ME
2026-09-28T03:40:31.364923+00:00,ME18B169,01,2,20260928123519,20260928110312,20260928111058,,ME
2026-09-28T03:40:31.364923+00:00,ME18B170,01,2,20260928123525,20260927214209,20260927215938,,ME
2026-09-28T03:40:31.364923+00:00,ME18B175,01,2,20260928123528,20260928103019,20260928110434,,ME
2026-09-28T03:40:31.364923+00:00,ME18B176,01,2,20260928123526,20260928071404,20260928075505,,ME
2026-09-28T03:40:31.364923+00:00,ME18B179,01,3,20260928123714,20260927181055,20260927183416,20260928120206,ME
2026-09-28T03:40:31.364923+00:00,ME18B181,01,2,20260928123547,20260928121439,20260928123119,,ME
2026-09-28T03:40:31.364923+00:00,ME18B183,01,2,20260928123547,20260926203541,20260926210202,,ME
2026-09-28T03:40:31.364923+00:00,ME18B278,11,2,20260928123554,20260927120036,20260927121825,,ME
2026-09-28T03:40:31.364923+00:00,ME18B278,12,2,20260928123556,20260928053952,20260928061218,,ME
2026-09-28T03:40:31.364923+00:00,ME18B279,11,2,20260928123558,20260927214723,20260927223029,,ME
2026-09-28T03:40:31.364923+00:00,ME18B279,12,2,20260928123600,20260927110614,20260927113625,,ME
2026-09-28T03:40:31.364923+00:00,ME18B284,11,3,20260928123611,20260928040921,20260928044048,20260928121104,ME
2026-09-28T03:40:31.364923+00:00,ME18B284,12,3,20260928123605,20260928093223,20260928101526,20260928122517,ME
2026-09-28T03:40:31.364923+00:00,ME18B288,11,2,20260928123613,20260928121324,20260928121846,,ME
2026-09-28T03:40:31.364923+00:00,ME18B288,12,2,20260928123614,20260927163402,20260927171236,,ME
2026-09-28T03:40:31.364923+00:00,ME18B408,01,2,20260928123214,20260928101955,20260928102522,,ME
2026-09-28T03:40:31.364923+00:00,ME18B408,02,9,20260928123310,20260927174136,20260927182142,,ME
2026-09-28T03:40:31.364923+00:00,ME18B408,03,9,20260928123310,20260928103145,20260928105435,,ME
2026-09-28T03:40:31.364923+00:00,ME18B408,04,9,20260928123310,20260927105755,20260927113801,,ME
2026-09-28T03:40:31.364923+00:00,ME19A152,01,2,20260928123432,20260927045347,20260927050327,,ME
2026-09-28T03:40:31.364923+00:00,ME19A153,01,2,20260928123621,20260928114318,20260928122428,,ME
2026-09-28T03:40:31.364923+00:00,ME19A160,01,2,20260928123624,20260927182204,20260927190511,,ME
2026-09-28T03:40:31.364923+00:00,ME19A164,01,2,20260928123630,20260928112119,20260928114920,,ME
2026-09-28T03:40:31.364923+00:00,ME19A170,01,2,20260928123809,20260928122757,20260928122953,,ME
2026-09-28T03:40:31.364923+00:00,ME19A243,21,2,20260928123226,20260927194425,20260927202415,,ME
2026-09-28T03:40:31.364923+00:00,ME19A243,22,2,20260928123226,20260927203320,20260927210732,,ME
2026-09-28T03:40:31.364923+00:00,ME19A245,21,2,20260928123220,20260927115414,20260927123526,,ME
2026-09-28T03:40:31.364923+00:00,ME19A245,22,2,20260928123220,20260927141702,20260927145549,,ME
2026-09-28T03:40:31.364923+00:00,ME19A265,21,2,20260928123215,20260928074336,20260928080243,,ME
2026-09-28T03:40:31.364923+00:00,ME19A265,22,9,20260928123310,20260928083129,20260928084300,,ME
2026-09-28T03:40:31.364923+00:00,ME19A274,21,9,20260928123310,20260928102255,20260928105515,,ME
2026-09-28T03:40:31.364923+00:00,ME19A274,22,9,20260928123310,20260927220342,20260927224350,,ME
2026-09-28T03:40:31.364923+00:00,ME19A601,21,2,20260928123202,20260928070019,20260928074025,,ME
2026-09-28T03:40:31.364923+00:00,ME19A601,22,2,20260928123202,20260928095117,20260928095901,,ME
2026-09-28T03:40:31.364923+00:00,ME19A601,23,2,20260928123208,20260928113709,20260928121715,,ME
2026-09-28T03:40:31.364923+00:00,ME19A601,24,2,20260928123208,20260927135236,20260927135326,,ME
2026-09-28T03:40:31.364923+00:00,ME19A601,25,9,20260928123310,20260927174128,20260927180529,,ME
2026-09-28T03:40:31.364923+00:00,ME19A601,26,9,20260928123310,20260928110039,20260928114046,,ME
2026-09-28T03:40:31.364923+00:00,ME19D118,01,2,20260928123646,20260927174552,20260927182552,,ME
2026-09-28T03:40:31.364923+00:00,ME19X403,42,3,20260928123511,20260928080719,20260928084029,20260928122509,ME
2026-09-28T03:40:31.364923+00:00,ME19X403,43,3,20260928123844,20260927200935,20260927203536,20260928121841,ME
2026-09-28T03:40:31.364923+00:00,ME19X403,44,2,20260928123816,20260928102137,20260928102237,,ME
2026-09-28T03:40:31.364923+00:00,ME19X403,45,3,20260928123625,20260927192517,20260927195818,20260928123417,ME
2026-09-28T03:40:31.364923+00:00,ME19X417,43,2,20260928123721,20260928071644,20260928075644,,ME
2026-09-28T03:40:31.364923+00:00,ME19X417,45,2,20260928123739,20260928071822,20260928075655,,ME
2026-09-28T03:40:31.364923+00:00,ME19Y284,21,2,20260928123751,20260927122200,20260927130200,,ME
2026-09-28T03:40:31.364923+00:00,ME19Y284,22,2,20260928123752,20260928120738,20260928121937,,ME
2026-09-28T03:40:31.364923+00:00,ME19Y601,21,3,20260928123719,20260928071952,20260928075317,20260928120416,ME
2026-09-28T03:40:31.364923+00:00,ME19Y601,22,2,20260928123721,20260928051337,20260928052719,,ME
2026-09-28T03:40:31.364923+00:00,ME19Y601,23,3,20260928123603,20260928104145,20260928111506,20260928120743,ME
2026-09-28T03:40:31.364923+00:00,ME19Y601,24,2,20260928123825,20260928111631,20260928114805,,ME
2026-09-28T03:40:31.364923+00:00,ME19Y601,25,2,20260928123802,20260928082900,20260928084351,,ME
2026-09-28T03:40:31.364923+00:00,ME19Y601,26,2,20260928123826,20260928113537,20260928121537,,ME
2026-09-28T03:40:31.364923+00:00,ME20A193,01,2,20260928123736,20260928063535,20260928070633,,ME
2026-09-28T03:40:31.364923+00:00,ME20A194,01,3,20260928123510,20260927185023,20260927185839,20260928120456,ME
2026-09-28T03:40:31.364923+00:00,ME20A195,01,2,20260928123738,20260927130025,20260927130803,,ME
2026-09-28T03:40:31.364923+00:00,ME20A196,01,2,20260928123747,20260928094842,20260928101947,,ME
2026-09-28T03:40:31.364923+00:00,ME20A197,01,2,20260928123735,20260927233249,20260928001249,,ME
2026-09-28T03:40:31.364923+00:00,ME20A198,01,2,20260928123738,20260924114711,20260924120154,,ME
2026-09-28T03:40:31.364923+00:00,ME20A199,01,3,20260928123541,20260928113116,20260928121116,20260928121531,ME
2026-09-28T03:40:31.364923+00:00,ME20A1a0,01,2,20260928123746,20260928102414,20260928104402,,ME
2026-09-28T03:40:31.364923+00:00,ME20A1a1,01,2,20260928123743,20260927132040,20260927135101,,ME
2026-09-28T03:40:31.364923+00:00,ME20A1a2,01,2,20260928123740,20260928113741,20260928121741,,ME
2026-09-28T03:40:31.364923+00:00,ME20A1a3,01,2,20260928123730,20260928094104,20260928102104,,ME
2026-09-28T03:40:31.364923+00:00,ME20A1a4,01,2,20260928123741,20260928064143,20260928072143,,ME
2026-09-28T03:40:31.364923+00:00,ME20A1a5,01,2,20260928123736,20260928112540,20260928120540,,ME
2026-09-28T03:40:31.364923+00:00,ME20A1a7,01,2,20260928123742,20260927234752,20260928002752,,ME
2026-09-28T03:40:31.364923+00:00,ME20A1a8,01,2,20260928123759,20260928075030,20260928083030,,ME
2026-09-28T03:40:31.364923+00:00,ME20A1a9,01,2,20260928123758,20260927204543,20260927211438,,ME
2026-09-28T03:40:31.364923+00:00,ME20A1b0,01,2,20260928123753,20260928101901,20260928105901,,ME
2026-09-28T03:40:31.364923+00:00,ME20A278,21,3,20260928123702,20260928072726,20260928074859,20260928122146,ME
2026-09-28T03:40:31.364923+00:00,ME20A278,22,2,20260928123741,20260926174941,20260926182941,,ME
2026-09-28T03:40:31.364923+00:00,ME20A279,21,2,20260928123753,20260927202104,20260927202500,,ME
2026-09-28T03:40:31.364923+00:00,ME20A279,22,3,20260928123654,20260928110818,20260928114818,20260928122650,ME
2026-09-28T03:40:31.364923+00:00,ME20A280,01,2,20260928123820,20260928110209,20260928114209,,ME
2026-09-28T03:40:31.364923+00:00,ME20A280,02,2,20260928123632,20260928111449,20260928115449,,ME
2026-09-28T03:40:31.364923+00:00,ME20A301,01,2,20260928123453,20260927133632,20260927135428,,ME
2026-09-28T03:40:31.364923+00:00,ME20A301,21,2,20260928123444,20260927183848,20260927191840,,ME
2026-09-28T03:40:31.364923+00:00,ME20A409,21,2,20260928123812,20260928095341,20260928100826,,ME
2026-09-28T03:40:31.364923+00:00,ME20A409,22,2,20260928123812,20260928114815,20260928121610,,ME
2026-09-28T03:40:31.364923+00:00,ME20A409,23,2,20260928123513,20260928085659,20260928091505,,ME
2026-09-28T03:40:31.364923+00:00,ME20A409,24,2,20260928123513,20260928101548,20260928105548,,ME
2026-09-28T03:40:31.364923+00:00,ME20A410,01,2,20260928123848,20260928110402,20260928114402,,ME
2026-09-28T03:40:31.364923+00:00,ME20A410,02,2,20260928123853,20260927143351,20260927145637,,ME
2026-09-28T03:40:31.364923+00:00,ME20A410,03,2,20260928123411,20260928101926,20260928102430,,ME
2026-09-28T03:40:31.364923+00:00,ME20A410,91,2,20260928123849,20260928094351,20260928102351,,ME
2026-09-28T03:40:31.364923+00:00,ME20A411,01,2,20260928123429,20260928111517,20260928115517,,ME
2026-09-28T03:40:31.364923+00:00,ME20A411,02,3,20260928123812,20260923205640,20260923213355,20260928120253,ME
2026-09-28T03:40:31.364923+00:00,ME20A411,03,2,20260928123422,20260926110502,20260926114502,,ME
2026-09-28T03:40:31.364923+00:00,ME20A411,04,2,20260928123422,20260927124907,20260927132907,,ME
2026-09-28T03:40:31.364923+00:00,ME21A114,01,3,20260928123710,20260928090608,20260928093832,20260928121045,ME
2026-09-28T03:40:31.364923+00:00,ME21A128,01,9,20260928123310,20260928093737,20260928094829,,ME
2026-09-28T03:40:31.364923+00:00,ME21B131,01,2,20260928123222,20260928072810,20260928080813,,ME
2026-09-28T03:40:31.364923+00:00,ME21B132,01,9,20260928123310,20260928112658,20260928114217,,ME
2026-09-28T03:40:31.364923+00:00,ME21B133,01,9,20260928123310,20260928091731,20260928094719,,ME
2026-09-28T03:40:31.364923+00:00,ME21B157,01,3,20260928123738,20260928114655,20260928121725,20260928122929,ME
2026-09-28T03:40:31.364923+00:00,ME21B164,01,9,20260928123310,20260927135319,20260927143326,,ME
2026-09-28T03:40:31.364923+00:00,ME21B168,01,9,20260928123310,20260927141104,20260927142750,,ME
2026-09-28T03:40:31.364923+00:00,ME21B171,01,2,20260928123142,20260928093946,20260928095919,,ME
2026-09-28T03:40:31.364923+00:00,ME21B180,01,9,20260928123310,20260927192739,20260927194632,,ME
2026-09-28T03:40:31.364923+00:00,ME21B1C3,01,9,20260928123310,20260928072412,20260928074554,,ME
2026-09-28T03:40:31.364923+00:00,ME21B211,01,9,20260928123310,20260927125915,20260927130914,,ME
2026-09-28T03:40:31.364923+00:00,ME21B211,02,9,20260928123310,20260927132051,20260927134952,,ME
2026-09-28T03:40:31.364923+00:00,ME21B234,01,2,20260928123503,20260928115754,20260928123503,,ME
2026-09-28T03:40:31.364923+00:00,ME21B234,02,2,20260928123701,20260928115654,20260928123659,,ME
2026-09-28T03:40:31.364923+00:00,ME21B244,01,2,20260928123213,20260928074815,20260928081421,,ME
2026-09-28T03:40:31.364923+00:00,ME21B244,02,9,20260928123310,20260925145735,20260925152835,,ME
2026-09-28T03:40:31.364923+00:00,ME21B245,01,3,20260928123907,20260928114243,20260928122249,20260928123304,ME
2026-09-28T03:40:31.364923+00:00,ME21B245,02,2,20260928123521,20260928120536,20260928123512,,ME
2026-09-28T03:40:31.364923+00:00,ME21B305,01,9,20260928123310,20260927155841,20260927163844,,ME
2026-09-28T03:40:31.364923+00:00,ME21B305,02,2,20260928123034,20260928033353,20260928035522,,ME
2026-09-28T03:40:31.364923+00:00,ME21B305,03,2,20260928123228,20260928114949,20260928122854,,ME
2026-09-28T03:40:31.364923+00:00,ME21B309,01,2,20260928123451,20260928121147,20260928123449,,ME
2026-09-28T03:40:31.364923+00:00,ME21B309,02,9,20260928123310,20260926071154,20260926075200,,ME
2026-09-28T03:40:31.364923+00:00,ME21B309,03,2,20260928123140,20260928113511,20260928120744,,ME
2026-09-28T03:40:31.364923+00:00,ME21B404,01,9,20260928123310,20260928020434,20260928020937,,ME
2026-09-28T03:40:31.364923+00:00,ME21B404,02,9,20260928123310,20260928102854,20260928105727,,ME
2026-09-28T03:40:31.364923+00:00,ME21B404,03,9,20260928123310,20260927211249,20260927215255,,ME
2026-09-28T03:40:31.364923+00:00,ME21B404,04,2,20260928123236,20260928115440,20260928123230,,ME
2026-09-28T03:40:31.364923+00:00,ME21B412,01,9,20260928123310,20260928061555,20260928063744,,ME
2026-09-28T03:40:31.364923+00:00,ME21B412,02,9,20260928123310,20260924094634,20260924095429,,ME
2026-09-28T03:40:31.364923+00:00,ME21B412,03,9,20260928123310,20260928105622,20260928113443,,ME
2026-09-28T03:40:31.364923+00:00,ME21B412,04,9,20260928123310,20260924004437,20260924012444,,ME
2026-09-28T03:40:31.364923+00:00,ME21C250,21,5,20260928123859,20260928011356,20260928012724,20260928120529,ME
2026-09-28T03:40:31.364923+00:00,ME21C250,22,2,20260928123859,20260927201535,20260927204413,,ME
2026-09-28T03:40:31.364923+00:00,ME21C251,21,2,20260928123902,20260928113641,20260928121107,,ME
2026-09-28T03:40:31.364923+00:00,ME21C251,22,2,20260928123902,20260927092923,20260927093819,,ME
2026-09-28T03:40:31.364923+00:00,ME21D045,01,2,20260928123139,20260928085957,20260928091744,,ME
2026-09-28T03:40:31.364923+00:00,ME21D046,01,3,20260928123710,20260928090528,20260928094535,20260928121236,ME
2026-09-28T03:40:31.364923+00:00,ME21D047,01,2,20260928123146,20260928014517,20260928022651,,ME
2026-09-28T03:40:31.364923+00:00,ME21D048,01,3,20260928123812,20260928061242,20260928062159,20260928123818,ME
2026-09-28T03:40:31.364923+00:00,ME22C1B8,01,2,20260928123816,20260928103711,20260928110617,,ME
2026-09-28T03:40:31.364923+00:00,ME22C1B9,01,2,20260928123903,20260928093237,20260928100225,,ME
2026-09-28T03:40:31.364923+00:00,ME22C1C0,01,2,20260928123810,20260927112449,20260927120450,,ME
2026-09-28T03:40:31.364923+00:00,ME22C802,01,2,20260928123902,20260928113717,20260928121719,,ME
2026-09-28T03:40:31.364923+00:00,ME22C802,02,2,20260928123823,20260927215446,20260927221308,,ME
2026-09-28T03:40:31.364923+00:00,ME22C802,03,2,20260928123838,20260928091243,20260928094922,,ME
2026-09-28T03:40:31.364923+00:00,ME22C802,04,2,20260928123903,20260928095057,20260928101035,,ME
2026-09-28T03:40:31.364923+00:00,ME22C802,05,2,20260928123816,20260928083117,20260928084930,,ME
2026-09-28T03:40:31.364923+00:00,ME22C802,06,2,20260928123902,20260928074037,20260928081447,,ME
2026-09-28T03:40:31.364923+00:00,ME22C802,07,2,20260928123904,20260928093704,20260928100941,,ME
2026-09-28T03:40:31.364923+00:00,ME22C802,08,2,20260928123814,20260927144205,20260927152207,,ME
2026-09-28T03:40:31.364923+00:00,ME22D121,01,2,20260928123859,20260927150358,20260927151825,,ME
2026-09-28T03:40:31.364923+00:00,ME22D134,01,2,20260928123854,20260928120325,20260928120500,,ME
2026-09-28T03:40:31.364923+00:00,ME22D152,01,2,20260928123828,20260926114927,20260926122929,,ME
2026-09-28T03:40:31.364923+00:00,ME22D205,01,2,20260928123853,20260928083914,20260928084418,,ME
2026-09-28T03:40:31.364923+00:00,ME22D205,02,2,20260928123909,20260927114710,20260927122713,,ME
2026-09-28T03:40:31.364923+00:00,ME22D402,01,2,20260928123908,20260928111722,20260928112008,,ME
2026-09-28T03:40:31.364923+00:00,ME22D402,02,2,20260928123834,20260928112157,20260928112401,,ME
2026-09-28T03:40:31.364923+00:00,ME22D402,03,2,20260928123854,20260928112642,20260928112750,,ME
2026-09-28T03:40:31.364923+00:00,ME22D402,04,2,20260928123857,20260928111824,20260928115236,,ME
2026-09-28T03:40:31.364923+00:00,ME22M301,01,2,20260928123834,20260928082603,20260928090255,,ME
2026-09-28T03:40:31.364923+00:00,ME22M301,02,2,20260928123828,20260928090806,20260928094807,,ME
2026-09-28T03:40:31.364923+00:00,ME22M301,81,2,20260928123838,20260928094620,20260928095001,,ME
2026-09-28T03:40:31.364923+00:00,ME22M301,82,2,20260928123655,20260928094224,20260928094412,,ME
2026-09-28T03:40:31.364923+00:00,ME22M301,83,2,20260928123838,20260927223147,20260927224847,,ME
2026-09-28T03:40:31.364923+00:00,ME22M301,84,2,20260928123839,20260927145733,20260927150941,,ME
2026-09-28T03:40:31.364923+00:00,ME22M302,01,2,20260928123146,20260921155947,20260921160006,,ME
2026-09-28T03:40:31.364923+00:00,ME22M302,02,2,20260928123157,20260921155715,20260921155742,,ME
2026-09-28T03:40:31.364923+00:00,ME22M302,03,2,20260928123152,20260921155300,20260921155336,,ME
2026-09-28T03:40:31.364923+00:00,ME22M302,04,2,20260928123414,20260921155018,20260921155041,,ME
2026-09-28T03:40:31.364923+00:00,ME22M302,05,2,20260928123146,20260823093756,20260823101759,,ME
2026-09-28T03:40:31.364923+00:00,ME22M302,06,2,20260928123152,20260921154337,20260921154404,,ME
2026-09-28T03:40:31.364923+00:00,ME22M302,07,2,20260928123148,20260926115558,20260926123604,,ME
2026-09-28T03:40:31.364923+00:00,ME22M302,09,2,20260928123146,20260926110850,20260926114857,,ME
2026-09-28T03:40:31.364923+00:00,ME22M302,10,2,20260928123203,20260921152834,20260921152913,,ME
2026-09-28T03:40:31.364923+00:00,ME22M302,11,2,20260928123142,20260926143629,20260926151730,,ME
2026-09-28T03:40:31.364923+00:00,ME22M302,13,2,20260928123137,20260921151455,20260921151511,,ME
2026-09-28T03:40:31.364923+00:00,ME22M302,14,2,20260928123156,20260921151212,20260921151231,,ME
2026-09-28T03:40:31.364923+00:00,ME22M302,15,2,20260928123151,20260921145157,20260921145213,,ME
2026-09-28T03:40:31.364923+00:00,ME22M302,16,2,20260928123202,20260926150958,20260926155002,,ME
2026-09-28T03:40:31.364923+00:00,ME22M302,17,2,20260928123148,20260926145717,20260926153723,,ME
2026-09-28T03:40:31.364923+00:00,ME22M302,18,2,20260928123154,20260921145613,20260921145630,,ME
2026-09-28T03:40:31.364923+00:00,ME22M302,19,2,20260928123200,20260926135623,20260926143630,,ME
2026-09-28T03:40:31.364923+00:00,ME22M302,20,2,20260928123156,20260921150428,20260921150443,,ME
2026-09-28T03:40:31.364923+00:00,ME22M302,21,2,20260928123155,20260928084325,20260928092332,,ME
2026-09-28T03:40:31.364923+00:00,ME22M302,22,2,20260928123147,20260921143854,20260921143914,,ME
2026-09-28T03:40:31.364923+00:00,ME22M302,23,2,20260928123132,20260927145530,20260927150551,,ME
2026-09-28T03:40:31.364923+00:00,ME22M302,24,2,20260928123201,20260921143120,20260921143140,,ME
2026-09-28T03:40:31.364923+00:00,ME22M302,25,2,20260928123204,20260926125145,20260926133230,,ME
2026-09-28T03:40:31.364923+00:00,ME22M302,26,2,20260928123150,20260927135641,20260927143645,,ME
2026-09-28T03:40:31.364923+00:00,ME22M302,27,2,20260928123449,20260926115740,20260926120205,,ME
2026-09-28T03:40:31.364923+00:00,ME22M302,28,9,20260928123310,20260921162323,20260921162348,,ME
2026-09-28T03:40:31.364923+00:00,ME22M302,29,2,20260928123151,20260927122538,20260927130542,,ME
2026-09-28T03:40:31.364923+00:00,ME22M302,30,2,20260928123136,20260927141254,20260927145257,,ME
2026-09-28T03:40:31.364923+00:00,ME22M302,31,2,20260928123145,20260921161305,20260921161338,,ME
2026-09-28T03:40:31.364923+00:00,ME22M302,32,2,20260928123153,20260921160914,20260921160942,,ME
2026-09-28T03:40:31.364923+00:00,ME22M302,33,3,20260928123842,20260926161456,20260926165333,20260928123845,ME
2026-09-28T03:40:31.364923+00:00,ME22M302,34,2,20260928123817,20260928104130,20260928112131,,ME
2026-09-28T03:40:31.364923+00:00,ME22M302,35,2,20260928123815,20260926140047,20260926144048,,ME
2026-09-28T03:40:31.364923+00:00,ME22M302,36,2,20260928123906,20260926162026,20260926164044,,ME
2026-09-28T03:40:31.364923+00:00,ME25A102,01,2,20260928123555,20260928112915,20260928120248,,ME
2026-09-28T03:40:31.364923+00:00,ME25A107,01,2,20260928123554,20260928075203,20260928082134,,ME
2026-09-28T03:40:31.364923+00:00,ME25A108,01,2,20260928123702,20260916152726,20260916155313,,ME
2026-09-28T03:40:31.364923+00:00,ME25A109,01,2,20260928123553,20260923105520,20260923113539,,ME
2026-09-28T03:40:31.364923+00:00,ME25A401,21,2,20260928123821,20260928072142,20260928080034,,ME
2026-09-28T03:40:31.364923+00:00,ME25A401,22,2,20260928123823,20260927172330,20260927173405,,ME
2026-09-28T03:40:31.364923+00:00,ME25A401,23,2,20260928123839,20260927180415,20260927182408,,ME
2026-09-28T03:40:31.364923+00:00,ME25A401,24,2,20260928123841,20260928114803,20260928121424,,ME
2026-09-28T03:40:31.364923+00:00,ME25A403,21,2,20260928123634,20260916152734,20260916160739,,ME
2026-09-28T03:40:31.364923+00:00,ME25A403,22,2,20260928123636,20260923065817,20260923073818,,ME
2026-09-28T03:40:31.364923+00:00,ME25A403,23,2,20260928123830,20260924140639,20260924143045,,ME
2026-09-28T03:40:31.364923+00:00,ME25A403,24,2,20260928123832,20260919131936,20260919132044,,ME
2026-09-28T03:40:31.364923+00:00,ME25A404,21,2,20260928123421,20260927155746,20260927160447,,ME
2026-09-28T03:40:31.364923+00:00,ME25A404,22,2,20260928123423,20260925131141,20260925135208,,ME
2026-09-28T03:40:31.364923+00:00,ME25A404,23,2,20260928123436,20260920160342,20260920161036,,ME
2026-09-28T03:40:31.364923+00:00,ME25A404,24,2,20260928123438,20260915112557,20260915120602,,ME
2026-09-28T03:40:31.364923+00:00,ME25A405,21,5,20260928123451,20260926153925,20260926160702,,ME
2026-09-28T03:40:31.364923+00:00,ME25A405,22,5,20260928123453,20260926010559,20260926014604,,ME
2026-09-28T03:40:31.364923+00:00,ME25A405,23,2,20260928123806,20260928093929,20260928101338,,ME
2026-09-28T03:40:31.364923+00:00,ME25A405,24,2,20260928123808,20260928115508,20260928121659,,ME
2026-09-28T03:40:31.364923+00:00,ME25A406,21,2,20260928123821,20260925122414,20260925124242,,ME
2026-09-28T03:40:31.364923+00:00,ME25A406,22,2,20260928123822,20260924161637,20260924163459,,ME
2026-09-28T03:40:31.364923+00:00,ME25A406,23,2,20260928123538,20260926002047,20260926010051,,ME
2026-09-28T03:40:31.364923+00:00,ME25A406,24,2,20260928123540,20260923100439,20260923102959,,ME
2026-09-28T03:40:31.364923+00:00,AH000086,02,3,20260928123606,20260928123606,20260928012015,20260928123605,AH
2026-09-28T03:40:31.364923+00:00,AH000134,01,2,20260928123606,20260928093551,20260928123606,,AH
2026-09-28T03:40:31.364923+00:00,ALAL0017,02,3,20260928123244,20260928123244,20260928105241,20260928123244,AL
2026-09-28T03:40:31.364923+00:00,AM900042,02,2,20260928123414,20260923080928,20260923010945,,AM
2026-09-28T03:40:31.364923+00:00,AM900065,02,5,20260928123602,20260919050912,20260919070932,,AM
2026-09-28T03:40:31.364923+00:00,AMAM0003,07,3,20260928123656,20260928033702,20260928033702,20260928123655,AM
2026-09-28T03:40:31.364923+00:00,AMAM0004,02,9,20260928123810,20260928030432,20260928030432,20260928090220,AM
2026-09-28T03:40:31.364923+00:00,BE240709,01,2,20260928123534,20260928120213,20260928123534,,BE
2026-09-28T03:40:31.364923+00:00,BE240709,05,3,20260928123735,20260928123735,20260928114750,20260928123735,BE
2026-09-28T03:40:31.364923+00:00,BNAA0203,02,3,20260928123842,20260928123842,20260927232443,20260928123842,BN
2026-09-28T03:40:31.364923+00:00,BNBN0076,01,2,20260928123902,20260928025957,20260928123829,,BN
2026-09-28T03:40:31.364923+00:00,BNBN0381,01,3,20260928123304,20260928120924,20260928121838,20260928120924,BN
2026-09-28T03:40:31.364923+00:00,BNBN0820,02,3,20260928123308,20260928022415,20260928033813,20260928022415,BN
2026-09-28T03:40:31.364923+00:00,BT000131,01,9,20260928124009,20260928123939,20260928124009,,BT
2026-09-28T03:40:31.364923+00:00,BT000174,02,9,20260928123526,20260928080304,20260928123526,,BT
2026-09-28T03:40:31.364923+00:00,BT200001,03,3,20260928124007,20260928124007,20260928124007,20260928124007,BT
2026-09-28T03:40:31.364923+00:00,BT200001,06,3,20260928124007,20260928124007,20260928123955,20260928124007,BT
2026-09-28T03:40:31.364923+00:00,BT200001,08,3,20260928124007,20260928124007,20260928124007,20260928124007,BT
2026-09-28T03:40:31.364923+00:00,BT200001,12,3,20260928123052,20260928123052,20260928123052,20260928123052,BT
2026-09-28T03:40:31.364923+00:00,CI0I0001,02,2,20260928123718,20260928122017,20260928123718,,CI
2026-09-28T03:40:31.364923+00:00,CPCP1041,03,9,20260928123810,20260928030650,20260928030650,,CP
2026-09-28T03:40:31.364923+00:00,CPCP1051,01,9,20260928123810,20260928030515,20260928030515,,CP
2026-09-28T03:40:31.364923+00:00,CPCP1072,18,3,20260928123746,20260928033752,20260928033752,20260928123745,CP
2026-09-28T03:40:31.364923+00:00,CPCT0023,01,3,20260928123659,20260928033704,20260928033704,20260928123658,CP
2026-09-28T03:40:31.364923+00:00,CR000244,03,3,20260928123051,20260928123051,20260928122920,20260928123051,CR
2026-09-28T03:40:31.364923+00:00,CRCR0030,02,3,20260928124000,20260928124000,20260928121532,20260928124000,CR
2026-09-28T03:40:31.364923+00:00,CU020002,02,2,20260928123437,20260928062813,20260928122446,,CU
2026-09-28T03:40:31.364923+00:00,CV000685,03,3,20260928123518,20260928123145,20260928123157,20260928123518,CV
2026-09-28T03:40:31.364923+00:00,CV000826,02,2,20260928123518,20260928121530,20260928123326,,CV
2026-09-28T03:40:31.364923+00:00,CV000826,03,2,20260928123517,20260928114709,20260928123230,,CV
2026-09-28T03:40:31.364923+00:00,CV000833,02,2,20260928123518,20260928121830,20260928123349,,CV
2026-09-28T03:40:31.364923+00:00,CV000848,01,9,20260928123518,20260928090448,20260928093202,,CV
2026-09-28T03:40:31.364923+00:00,CV000848,02,3,20260928123518,20260928123448,20260928123457,20260928123518,CV
2026-09-28T03:40:31.364923+00:00,CV001062,05,3,20260928123520,20260928123402,20260928123414,20260928123520,CV
2026-09-28T03:40:31.364923+00:00,CV001063,01,2,20260928123520,20260928062546,20260928123249,,CV
2026-09-28T03:40:31.364923+00:00,CV001064,01,3,20260928123520,20260928123407,20260928123422,20260928123520,CV
2026-09-28T03:40:31.364923+00:00,CV001085,01,3,20260928123520,20260928123141,20260928123148,20260928123141,CV
2026-09-28T03:40:31.364923+00:00,CV001086,02,2,20260928123520,20260928113039,20260928123038,,CV
2026-09-28T03:40:31.364923+00:00,CV001112,02,2,20260928123520,20260928120804,20260928123217,,CV
2026-09-28T03:40:31.364923+00:00,CV001361,01,2,20260928123521,20260928120939,20260928123034,,CV
2026-09-28T03:40:31.364923+00:00,CV001361,02,2,20260928123521,20260928113806,20260928123337,,CV
2026-09-28T03:40:31.364923+00:00,CV001523,01,2,20260928123523,20260928113241,20260928123244,,CV
2026-09-28T03:40:31.364923+00:00,CV001909,01,1,20260928123527,20260927175127,20260927213001,,CV
2026-09-28T03:40:31.364923+00:00,CV002040,01,2,20260928123032,20260928120622,20260928122645,,CV
2026-09-28T03:40:31.364923+00:00,CV002045,03,3,20260928123032,20260928122642,20260928122649,20260928123032,CV
2026-09-28T03:40:31.364923+00:00,CV002136,01,2,20260928123034,20260928121733,20260928122812,,CV
2026-09-28T03:40:31.364923+00:00,CV002136,02,2,20260928123531,20260928115452,20260928123142,,CV
2026-09-28T03:40:31.364923+00:00,CV002522,03,1,20260928123531,20260926111650,20260926155436,,CV
2026-09-28T03:40:31.364923+00:00,CV002673,14,3,20260928123040,20260928084813,20260928084827,20260928123040,CV
2026-09-28T03:40:31.364923+00:00,CV002746,05,2,20260928123540,20260928064616,20260928123124,,CV
2026-09-28T03:40:31.364923+00:00,CV002747,01,2,20260928123040,20260928072302,20260928075642,,CV
2026-09-28T03:40:31.364923+00:00,CV002747,02,2,20260928123040,20260928095619,20260928101502,,CV
2026-09-28T03:40:31.364923+00:00,CV002748,01,3,20260928123540,20260928123414,20260928123416,20260928123414,CV
2026-09-28T03:40:31.364923+00:00,CV002751,12,3,20260928123040,20260928122819,20260928122828,20260928123040,CV
2026-09-28T03:40:31.364923+00:00,CV002900,02,2,20260928123538,20260928121532,20260928123059,,CV
2026-09-28T03:40:31.364923+00:00,CV003233,08,3,20260928123534,20260928123057,20260928123051,20260928123057,CV
2026-09-28T03:40:31.364923+00:00,CV003473,08,2,20260928123546,20260928090906,20260928123126,,CV
2026-09-28T03:40:31.364923+00:00,CV003814,03,2,20260928123048,20260928091236,20260928122910,,CV
2026-09-28T03:40:31.364923+00:00,CV003815,09,2,20260928123547,20260928103714,20260928123358,,CV
2026-09-28T03:40:31.364923+00:00,CV003877,05,2,20260928123048,20260923075619,20260923161246,,CV
2026-09-28T03:40:31.364923+00:00,CV004159,04,3,20260928123549,20260928123049,20260928123045,20260928123049,CV
2026-09-28T03:40:31.364923+00:00,CV004328,05,3,20260928123547,20260928123325,20260928123326,20260928123325,CV
2026-09-28T03:40:31.364923+00:00,CV004483,04,2,20260928123550,20260928121605,20260928123345,,CV
2026-09-28T03:40:31.364923+00:00,CV004684,04,2,20260928123550,20260927162254,20260928004751,,CV
2026-09-28T03:40:31.364923+00:00,CV004692,01,2,20260928123052,20260928120748,20260928122715,,CV
2026-09-28T03:40:31.364923+00:00,CV004694,01,2,20260928123052,20260928114501,20260928122629,,CV
2026-09-28T03:40:31.364923+00:00,CV004772,04,2,20260928123053,20260928112933,20260928122939,,CV
2026-09-28T03:40:31.364923+00:00,DO000050,01,2,20260928123039,20260928110638,20260928123039,,DO
2026-09-28T03:40:31.364923+00:00,DYME2049,31,2,20260928123301,20260928094101,20260928123301,,DY
2026-09-28T03:40:31.364923+00:00,DYME2062,78,2,20260928123701,20260928000701,20260928123701,,DY
2026-09-28T03:40:31.364923+00:00,EC001018,10,2,20260928123201,20260928102427,20260928105015,,EC
2026-09-28T03:40:31.364923+00:00,EC002287,01,3,20260928123602,20260928123528,20260927223104,20260928123528,EC
2026-09-28T03:40:31.364923+00:00,EC003391,02,2,20260928124002,20260926161614,20260926184705,,EC
2026-09-28T03:40:31.364923+00:00,EC004804,01,2,20260928123602,20260928113600,20260928123419,,EC
2026-09-28T03:40:31.364923+00:00,EC100002,01,3,20260928123402,20260928101904,20260928123349,20260928101904,EC
2026-09-28T03:40:31.364923+00:00,EC110107,08,3,20260928123602,20260928123559,20260924145616,20260928123559,EC
2026-09-28T03:40:31.364923+00:00,EP210167,02,3,20260928123702,20260928123702,20260928100958,20260928112649,EP
2026-09-28T03:40:31.364923+00:00,EP210224,01,3,20260928123124,20260928123124,20260927070930,20260928085124,EP
2026-09-28T03:40:31.364923+00:00,ER000359,01,2,20260928123631,20260928010115,20260927174916,,ER
2026-09-28T03:40:31.364923+00:00,ER000387,08,3,20260928123818,20260927190716,20260927184001,20260927184001,ER
2026-09-28T03:40:31.364923+00:00,ER000542,12,3,20260928123528,20260928041022,20260927235810,20260928123505,ER
2026-09-28T03:40:31.364923+00:00,EV000835,01,3,20260928123138,20260927173614,20260927225440,20260928123019,EV
2026-09-28T03:40:31.364923+00:00,EV001573,01,2,20260928123741,20260927170817,20260927190803,,EV
2026-09-28T03:40:31.364923+00:00,EV001628,03,3,20260928123336,20260927174243,20260927185452,20260928070040,EV
2026-09-28T03:40:31.364923+00:00,EV003445,03,1,20260928123314,20260917222242,20260917222349,,EV
2026-09-28T03:40:31.364923+00:00,EV004266,02,3,20260928123739,20260927180859,20260928055437,20260928123706,EV
2026-09-28T03:40:31.364923+00:00,EV004296,02,1,20260928123314,20260923201547,20260923205750,,EV
2026-09-28T03:40:31.364923+00:00,EV005180,06,3,20260928123943,20260927173304,20260928025059,20260928123914,EV
2026-09-28T03:40:31.364923+00:00,EV005209,02,3,20260928123317,20260927191749,20260928003401,20260928123200,EV
2026-09-28T03:40:31.364923+00:00,EV005218,01,2,20260928123316,20260927170707,20260927204645,,EV
2026-09-28T03:40:31.364923+00:00,EV005767,02,2,20260928123135,20260927191425,20260928091421,,EV
2026-09-28T03:40:31.364923+00:00,EV006268,01,1,20260928123316,20260914085932,20260914090024,,EV
2026-09-28T03:40:31.364923+00:00,EV006695,03,3,20260928123317,20260926151249,20260926203720,20260928123157,EV
2026-09-28T03:40:31.364923+00:00,EV006801,03,3,20260928123135,20260928112039,20260928121759,20260928123037,EV
2026-09-28T03:40:31.364923+00:00,EV006972,01,2,20260928123137,20260928084750,20260928115645,,EV
2026-09-28T03:40:31.364923+00:00,EV008291,03,3,20260928123540,20260928002908,20260928054233,20260928100340,EV
2026-09-28T03:40:31.364923+00:00,EV008520,07,3,20260928123742,20260926164207,20260926220503,20260928072738,EV
2026-09-28T03:40:31.364923+00:00,EV008807,03,3,20260928123337,20260925172043,20260925174357,20260928123245,EV
2026-09-28T03:40:31.364923+00:00,EV008841,12,2,20260928123339,20260927130941,20260927205400,,EV
2026-09-28T03:40:31.364923+00:00,EV008864,01,3,20260928123136,20260927191608,20260927215153,20260928123030,EV
2026-09-28T03:40:31.364923+00:00,EV009004,03,3,20260928123538,20260927174344,20260928004153,20260928123525,EV
2026-09-28T03:40:31.364923+00:00,EV010129,01,9,20260928123943,20260927165045,20260927175720,,EV
2026-09-28T03:40:31.364923+00:00,EV010345,03,3,20260928123942,20260927152247,20260927180457,20260928123942,EV
2026-09-28T03:40:31.364923+00:00,EV010345,04,2,20260928123136,20260927144928,20260927212029,,EV
2026-09-28T03:40:31.364923+00:00,EV010579,05,3,20260928123541,20260928083324,20260928123324,20260928123541,EV
2026-09-28T03:40:31.364923+00:00,EV010592,01,2,20260928123138,20260927231138,20260928111812,,EV
2026-09-28T03:40:31.364923+00:00,EV011228,02,2,20260928123541,20260927215130,20260928002625,,EV
2026-09-28T03:40:31.364923+00:00,EV011337,01,2,20260928123135,20260928113221,20260928123040,,EV
2026-09-28T03:40:31.364923+00:00,EV011446,03,2,20260928123538,20260928050954,20260928112122,,EV
2026-09-28T03:40:31.364923+00:00,EV011744,02,2,20260928123138,20260928081421,20260928122044,,EV
2026-09-28T03:40:31.364923+00:00,EV012086,04,2,20260928123945,20260928091002,20260928123818,,EV
2026-09-28T03:40:31.364923+00:00,EV012439,03,3,20260928123739,20260927182016,20260928002648,20260928123626,EV
2026-09-28T03:40:31.364923+00:00,EV012807,02,2,20260928123339,20260928115453,20260928123155,,EV
2026-09-28T03:40:31.364923+00:00,EV013174,06,3,20260928123743,20260928090207,20260928114203,20260928123743,EV
2026-09-28T03:40:31.364923+00:00,EV013430,04,3,20260928123739,20260927102413,20260927133625,20260928123632,EV
2026-09-28T03:40:31.364923+00:00,EV013840,02,2,20260928123941,20260926092853,20260926153101,,EV
2026-09-28T03:40:31.364923+00:00,EV014052,02,2,20260928123139,20260928114819,20260928122919,,EV
2026-09-28T03:40:31.364923+00:00,EV014481,02,2,20260928123314,20260928111841,20260928123146,,EV
2026-09-28T03:40:31.364923+00:00,EV014495,03,2,20260928123318,20260928091036,20260928123135,,EV
2026-09-28T03:40:31.364923+00:00,EV014674,01,2,20260928123539,20260928103027,20260928123510,,EV
2026-09-28T03:40:31.364923+00:00,EV014971,03,2,20260928123538,20260927200747,20260928064554,,EV
2026-09-28T03:40:31.364923+00:00,EV015105,04,3,20260928123538,20260928102251,20260928114927,20260928123413,EV
2026-09-28T03:40:31.364923+00:00,EV015246,01,2,20260928123140,20260928110052,20260928122945,,EV
2026-09-28T03:40:31.364923+00:00,EV015352,01,2,20260928123537,20260928073038,20260928123435,,EV
2026-09-28T03:40:31.364923+00:00,EV015352,06,2,20260928123537,20260928073152,20260928123423,,EV
2026-09-28T03:40:31.364923+00:00,EV015652,03,3,20260928123941,20260927230624,20260928065435,20260928090733,EV
2026-09-28T03:40:31.364923+00:00,EV015726,03,3,20260928123941,20260927110913,20260927135936,20260928123828,EV
2026-09-28T03:40:31.364923+00:00,EV015765,02,2,20260928123538,20260928115112,20260928123320,,EV
2026-09-28T03:40:31.364923+00:00,EV015765,07,3,20260928123740,20260923150342,20260923165447,20260928123638,EV
2026-09-28T03:40:31.364923+00:00,EV016023,05,3,20260928123741,20260925160215,20260925201046,20260928123651,EV
2026-09-28T03:40:31.364923+00:00,EV017508,06,2,20260928123743,20260927184942,20260927222526,,EV
2026-09-28T03:40:31.364923+00:00,EV017513,03,2,20260928123317,20260926220049,20260927002254,,EV
2026-09-28T03:40:31.364923+00:00,EV017644,06,3,20260928123741,20260927095023,20260927113413,20260928065818,EV
2026-09-28T03:40:31.364923+00:00,EV017920,02,3,20260928123944,20260928082859,20260928095144,20260928123738,EV
2026-09-28T03:40:31.364923+00:00,EV017932,07,2,20260928123944,20260928000857,20260928033608,,EV
2026-09-28T03:40:31.364923+00:00,EV017935,02,3,20260928123944,20260927165919,20260928015440,20260928123815,EV
2026-09-28T03:40:31.364923+00:00,EV018226,01,3,20260928123336,20260923061105,20260923100025,20260928091234,EV
2026-09-28T03:40:31.364923+00:00,EV018362,06,2,20260928123743,20260928112307,20260928123545,,EV
2026-09-28T03:40:31.364923+00:00,EV018565,04,2,20260928123941,20260928094630,20260928111930,,EV
2026-09-28T03:40:31.364923+00:00,EV018787,06,3,20260928123743,20260927183449,20260927214949,20260928123641,EV
2026-09-28T03:40:31.364923+00:00,EV020208,03,2,20260928123138,20260928103633,20260928120501,,EV
2026-09-28T03:40:31.364923+00:00,EV020272,02,2,20260928123538,20260927164949,20260927200844,,EV
2026-09-28T03:40:31.364923+00:00,EV020439,03,3,20260928123314,20260928094008,20260928115048,20260928123205,EV
2026-09-28T03:40:31.364923+00:00,EV021600,02,2,20260928123743,20260928114014,20260928123627,,EV
2026-09-28T03:40:31.364923+00:00,GS000140,02,3,20260928123828,20260928123828,20260928083420,20260928123828,GS
2026-09-28T03:40:31.364923+00:00,HD000013,01,2,20260928123200,20260927194447,20260927202031,,HD
2026-09-28T03:40:31.364923+00:00,HD000013,02,2,20260928123200,20260928113920,20260928113919,,HD
2026-09-28T03:40:31.364923+00:00,HD000013,03,3,20260928123200,20260928120735,20260928084632,20260928120735,HD
2026-09-28T03:40:31.364923+00:00,HD000013,04,2,20260928123200,20260927181105,20260927182627,,HD
2026-09-28T03:40:31.364923+00:00,HD000013,05,2,20260928123200,20260928095101,20260928102048,,HD
2026-09-28T03:40:31.364923+00:00,HD000013,06,2,20260928123200,20260928050009,20260928053132,,HD
2026-09-28T03:40:31.364923+00:00,HD000014,02,3,20260928123400,20260928123356,20260927152743,20260928123356,HD
2026-09-28T03:40:31.364923+00:00,HD000017,01,2,20260928124000,20260928055034,20260928062846,,HD
2026-09-28T03:40:31.364923+00:00,HD000017,02,2,20260928124000,20260927195002,20260927200602,,HD
2026-09-28T03:40:31.364923+00:00,HD000017,03,2,20260928124000,20260927210813,20260927213829,,HD
2026-09-28T03:40:31.364923+00:00,HD000017,05,3,20260928123700,20260928123537,20260928023231,20260928123537,HD
2026-09-28T03:40:31.364923+00:00,HD000017,06,3,20260928123600,20260928123532,20260928122652,20260928123532,HD
2026-09-28T03:40:31.364923+00:00,HD000023,01,2,20260928124000,20260928080005,20260928082948,,HD
2026-09-28T03:40:31.364923+00:00,HD000023,02,3,20260928124000,20260928121839,20260928120256,20260928121839,HD
2026-09-28T03:40:31.364923+00:00,HD000023,03,2,20260928124000,20260928064944,20260928072023,,HD
2026-09-28T03:40:31.364923+00:00,HD000023,04,2,20260928124000,20260910071838,20260910071918,,HD
2026-09-28T03:40:31.364923+00:00,HD000023,05,2,20260928124000,20260928072852,20260928075321,,HD
2026-09-28T03:40:31.364923+00:00,HD000023,06,2,20260928124000,20260928100736,20260928102950,,HD
2026-09-28T03:40:31.364923+00:00,HD000039,01,2,20260928124001,20260927173549,20260927182501,,HD
2026-09-28T03:40:31.364923+00:00,HD000039,02,2,20260928124001,20260922220422,20260922223014,,HD
2026-09-28T03:40:31.364923+00:00,HD000039,03,2,20260928124001,20260928085722,20260928090809,,HD
2026-09-28T03:40:31.364923+00:00,HD000039,04,2,20260928124001,20260927225132,20260927230654,,HD
2026-09-28T03:40:31.364923+00:00,HD000040,01,2,20260928124001,20260927101508,20260927103430,,HD
2026-09-28T03:40:31.364923+00:00,HD000040,02,2,20260928124001,20260928013451,20260928020436,,HD
2026-09-28T03:40:31.364923+00:00,HD000040,03,2,20260928124001,20260928074629,20260928080711,,HD
2026-09-28T03:40:31.364923+00:00,HD000040,04,2,20260928124001,20260927202538,20260927204043,,HD
2026-09-28T03:40:31.364923+00:00,HD000047,01,2,20260928123100,20260928115854,20260928123034,,HD
2026-09-28T03:40:31.364923+00:00,HE000875,02,2,20260928124001,20260928123900,20260928124001,,HE
2026-09-28T03:40:31.364923+00:00,HE001047,27,3,20260928123800,20260928123800,20260927165400,20260928123800,HE
2026-09-28T03:40:31.364923+00:00,HE212805,01,3,20260928123100,20260928123100,20260927122900,20260928123100,HE
2026-09-28T03:40:31.364923+00:00,HE230061,01,9,20260928123810,20260924140754,20260924144653,,HE
2026-09-28T03:40:31.364923+00:00,HE230061,04,9,20260928123810,20260928092802,20260928100606,,HE
2026-09-28T03:40:31.364923+00:00,HE240179,01,2,20260928123900,20260928121700,20260928123900,,HE
2026-09-28T03:40:31.364923+00:00,HE240191,01,9,20260928123810,20260928105000,20260928113000,,HE
2026-09-28T03:40:31.364923+00:00,HE240191,02,9,20260928123810,20260928084953,20260928092935,,HE
2026-09-28T03:40:31.364923+00:00,HE240193,04,2,20260928123400,20260928115700,20260928123400,,HE
2026-09-28T03:40:31.364923+00:00,HE240401,01,3,20260928123200,20260928123200,20260927181344,20260928123200,HE
2026-09-28T03:40:31.364923+00:00,HE240527,02,9,20260928123810,20260928080200,20260928080100,20260928080200,HE
2026-09-28T03:40:31.364923+00:00,HJ000005,12,2,20260928123200,20260928123100,20260928123107,,HJ
2026-09-28T03:40:31.364923+00:00,HM000398,13,2,20260928123805,20260928100918,20260928123624,,HM
2026-09-28T03:40:31.364923+00:00,HM001037,04,3,20260928123812,20260922100415,20260922112438,20260928123644,HM
2026-09-28T03:40:31.364923+00:00,HM001090,04,2,20260928123412,20260928092158,20260928123242,,HM
2026-09-28T03:40:31.364923+00:00,HM001237,13,3,20260928123413,20260928025244,20260928064532,20260928123228,HM
2026-09-28T03:40:31.364923+00:00,HM001237,44,2,20260928123616,20260928115808,20260928123548,,HM
2026-09-28T03:40:31.364923+00:00,HM110030,04,2,20260928123621,20260928075418,20260928123445,,HM
2026-09-28T03:40:31.364923+00:00,HM110047,03,2,20260928123418,20260928091924,20260928123400,,HM
2026-09-28T03:40:31.364923+00:00,HM110133,05,3,20260928123220,20260927184525,20260927235626,20260928123014,HM
2026-09-28T03:40:31.364923+00:00,HM110268,01,2,20260928123822,20260928090357,20260928103808,,HM
2026-09-28T03:40:31.364923+00:00,HM110289,04,2,20260928123420,20260928070804,20260928123215,,HM
2026-09-28T03:40:31.364923+00:00,HM110305,06,3,20260928123823,20260927192802,20260927194903,20260928123719,HM
2026-09-28T03:40:31.364923+00:00,HP160001,02,2,20260928123602,20260928121409,20260928123602,,HP
2026-09-28T03:40:31.364923+00:00,HP160001,06,3,20260928123248,20260928123248,20260928110542,20260928123248,HP
2026-09-28T03:40:31.364923+00:00,HP250010,02,3,20260928123655,20260928123655,20260928055002,20260928123655,HP
2026-09-28T03:40:31.364923+00:00,HU200033,03,2,20260928123506,20260928094751,20260928123300,,HU
2026-09-28T03:40:31.364923+00:00,HU200033,05,3,20260928124006,20260928111527,20260928112929,20260928123614,HU
2026-09-28T03:40:31.364923+00:00,HY000003,03,2,20260928124002,20260709154228,20260820145526,,HY
2026-09-28T03:40:31.364923+00:00,HY000003,04,2,20260928124002,20260922190826,20260922190826,,HY
2026-09-28T03:40:31.364923+00:00,HY000019,02,2,20260928124002,20260923070532,20260923123724,,HY
2026-09-28T03:40:31.364923+00:00,HY000019,03,2,20260928124002,20260923135312,20260924102523,,HY
2026-09-28T03:40:31.364923+00:00,HY000019,05,2,20260928124002,20260923140545,20260923160636,,HY
2026-09-28T03:40:31.364923+00:00,HY000019,08,2,20260928124002,20260923130632,20260923160304,,HY
2026-09-28T03:40:31.364923+00:00,HY000019,09,2,20260928124002,20260922161911,20260923071010,,HY
2026-09-28T03:40:31.364923+00:00,HY000019,11,2,20260928124002,20260923141829,20260924122953,,HY
2026-09-28T03:40:31.364923+00:00,HY000109,13,3,20260928123402,20260928123301,20260928104837,20260928123301,HY
2026-09-28T03:40:31.364923+00:00,HY000555,01,3,20260928123704,20260928123651,20260928123635,20260928123651,HY
2026-09-28T03:40:31.364923+00:00,HY000606,04,3,20260928123806,20260928123722,20260928082450,20260928123722,HY
2026-09-28T03:40:31.364923+00:00,HY000711,01,3,20260928123202,20260928123155,20260928121603,20260928123155,HY
2026-09-28T03:40:31.364923+00:00,HY000771,02,3,20260928123203,20260928123101,20260927164050,20260928123101,HY
2026-09-28T03:40:31.364923+00:00,HY000829,02,2,20260928123105,20260927222759,20260928123017,,HY
2026-09-28T03:40:31.364923+00:00,HY000992,07,3,20260928123201,20260928123128,20260927172642,20260928123128,HY
2026-09-28T03:40:31.364923+00:00,IM000374,02,2,20260928123056,20260928102046,20260928122735,,IM
2026-09-28T03:40:31.364923+00:00,JA110007,01,3,20260928123500,20260928123500,20260927164900,20260928123500,JA
2026-09-28T03:40:31.364923+00:00,JA110007,10,3,20260928123500,20260928123500,20260927214000,20260928123500,JA
2026-09-28T03:40:31.364923+00:00,JA110019,05,2,20260928123501,20260928103501,20260928123501,,JA
2026-09-28T03:40:31.364923+00:00,JA110022,14,2,20260928124002,20260928094902,20260928124002,,JA
2026-09-28T03:40:31.364923+00:00,JA110023,02,2,20260928123502,20260928114901,20260928123502,,JA
2026-09-28T03:40:31.364923+00:00,JA110026,16,3,20260928124001,20260928124001,20260928123501,20260928124001,JA
2026-09-28T03:40:31.364923+00:00,JA110030,01,2,20260928124003,20260928120702,20260928124003,,JA
2026-09-28T03:40:31.364923+00:00,JA110030,04,3,20260928124003,20260928124003,20260923134902,20260928124003,JA
2026-09-28T03:40:31.364923+00:00,JA110031,05,2,20260928124003,20260928113004,20260928124003,,JA
2026-09-28T03:40:31.364923+00:00,JA110031,11,3,20260928123503,20260928123503,20260927184902,20260928123503,JA
2026-09-28T03:40:31.364923+00:00,JA110031,20,3,20260928123503,20260928123503,20260927120702,20260928123503,JA
2026-09-28T03:40:31.364923+00:00,JA110032,01,2,20260928123503,20260928113004,20260928123503,,JA
2026-09-28T03:40:31.364923+00:00,JA110042,08,3,20260928123504,20260928123504,20260928102804,20260928123504,JA
2026-09-28T03:40:31.364923+00:00,JA110048,05,3,20260928124006,20260928124006,20260928095605,20260928124006,JA
2026-09-28T03:40:31.364923+00:00,JA110057,02,2,20260928124006,20260925114906,20260928124006,,JA
2026-09-28T03:40:31.364923+00:00,JA110078,01,2,20260928124007,20260928104908,20260928124007,,JA
2026-09-28T03:40:31.364923+00:00,JA110162,10,2,20260928123514,20260928120717,20260928123514,,JA
2026-09-28T03:40:31.364923+00:00,JA110176,07,2,20260928123515,20260928114214,20260928123515,,JA
2026-09-28T03:40:31.364923+00:00,JA110183,01,2,20260928123517,20260928095617,20260928123517,,JA
2026-09-28T03:40:31.364923+00:00,JA110210,02,2,20260928123519,20260928115619,20260928123519,,JA
2026-09-28T03:40:31.364923+00:00,JA110210,09,2,20260928123519,20260928115619,20260928123519,,JA
2026-09-28T03:40:31.364923+00:00,JA110210,10,2,20260928123519,20260928122021,20260928123519,,JA
2026-09-28T03:40:31.364923+00:00,JA110210,11,3,20260928123519,20260928123519,20260928120721,20260928123519,JA
2026-09-28T03:40:31.364923+00:00,JA110210,14,3,20260928123519,20260928123519,20260928115619,20260928123519,JA
2026-09-28T03:40:31.364923+00:00,JA110210,15,3,20260928123519,20260928123519,20260928100719,20260928123519,JA
2026-09-28T03:40:31.364923+00:00,JA110210,20,2,20260928123519,20260928122021,20260928123519,,JA
2026-09-28T03:40:31.364923+00:00,JA110210,22,3,20260928123519,20260928123519,20260928122021,20260928123519,JA
2026-09-28T03:40:31.364923+00:00,JA110212,01,3,20260928123519,20260928123519,20260928122817,20260928123519,JA
2026-09-28T03:40:31.364923+00:00,JA110212,02,3,20260928123519,20260928123519,20260928122817,20260928123519,JA
2026-09-28T03:40:31.364923+00:00,KE000465,04,2,20260928123600,20260928045723,20260928123553,,KE
2026-09-28T03:40:31.364923+00:00,KE000699,01,3,20260928123200,20260928123158,20260927211417,20260928123158,KE
2026-09-28T03:40:31.364923+00:00,KE000955,02,2,20260928123459,20260928095020,20260928123412,,KE
2026-09-28T03:40:31.364923+00:00,KE000957,10,3,20260928123959,20260928123941,20260928114709,20260928123941,KE
2026-09-28T03:40:31.364923+00:00,KE001237,03,2,20260928123759,20260928112240,20260928123741,,KE
2026-09-28T03:40:31.364923+00:00,KE001246,03,3,20260928123359,20260928123321,20260928121724,20260928123321,KE
2026-09-28T03:40:31.364923+00:00,KL002074,05,2,20260928124001,20260928110903,20260928123433,,KL
2026-09-28T03:40:31.364923+00:00,KL002279,03,2,20260928123101,20260928103553,20260928123031,,KL
2026-09-28T03:40:31.364923+00:00,KL002736,01,2,20260928123602,20260928114343,20260928123029,,KL
2026-09-28T03:40:31.364923+00:00,KP000296,03,5,20260928124007,20260623164253,20260624091514,,KP
2026-09-28T03:40:31.364923+00:00,KP004801,03,3,20260928124007,20260928112820,20260928122846,20260928123015,KP
2026-09-28T03:40:31.364923+00:00,KP005436,01,3,20260928124007,20260928094242,20260928102201,20260928123014,KP
2026-09-28T03:40:31.364923+00:00,KRC10294,02,9,20260928123810,20260928030336,20260928030336,,KR
2026-09-28T03:40:31.364923+00:00,LI000089,01,3,20260928123654,20260928123654,20260928123652,20260928123654,LI
2026-09-28T03:40:31.364923+00:00,LI000222,04,2,20260928123933,20260928110443,20260928123933,,LI
2026-09-28T03:40:31.364923+00:00,LI000323,01,3,20260928123639,20260928123639,20260928123608,20260928123639,LI
2026-09-28T03:40:31.364923+00:00,LI000358,02,2,20260928123219,20260928122741,20260928123219,,LI
2026-09-28T03:40:31.364923+00:00,LI000463,02,2,20260928124006,20260928123547,20260928124006,,LI
2026-09-28T03:40:31.364923+00:00,LU000229,01,2,20260928123928,20260927205435,20260927235603,,LU
2026-09-28T03:40:31.364923+00:00,LU000578,04,3,20260928123621,20260928123635,20260927184341,20260927134231,LU
2026-09-28T03:40:31.364923+00:00,LU000798,17,3,20260928123209,20260928091641,20260928123204,20260928091641,LU
2026-09-28T03:40:31.364923+00:00,LU000997,03,2,20260928123955,20260928105740,20260928123850,,LU
2026-09-28T03:40:31.364923+00:00,LU001467,05,3,20260928123329,20260928123339,20260924171126,20260928123329,LU
2026-09-28T03:40:31.364923+00:00,LU001639,01,2,20260928123118,20260928095020,20260928123101,,LU
2026-09-28T03:40:31.364923+00:00,LU001732,02,3,20260928123253,20260928123258,20260927164602,20260927145656,LU
2026-09-28T03:40:31.364923+00:00,LU002297,12,3,20260928123512,20260928123521,20260928053115,20260927191937,LU
2026-09-28T03:40:31.364923+00:00,LU002297,76,3,20260928123325,20260928113857,20260928123325,20260928113857,LU
2026-09-28T03:40:31.364923+00:00,LU002416,02,3,20260928123958,20260928124001,20260927160720,20260927100801,LU
2026-09-28T03:40:31.364923+00:00,LU002979,04,2,20260928123425,20260927194541,20260927222117,,LU
2026-09-28T03:40:31.364923+00:00,LU003021,11,3,20260928123104,20260928105238,20260928115634,20260928105238,LU
2026-09-28T03:40:31.364923+00:00,LU003300,03,3,20260928123735,20260928052014,20260928123733,20260928052014,LU
2026-09-28T03:40:31.364923+00:00,LU003328,11,3,20260928123146,20260928123154,20260927230357,20260927224425,LU
2026-09-28T03:40:31.364923+00:00,LU003835,35,2,20260928123603,20260927224624,20260928123554,,LU
2026-09-28T03:40:31.364923+00:00,LU003925,01,3,20260928123924,20260928123942,20260928031756,20260927220130,LU
2026-09-28T03:40:31.364923+00:00,LU003977,10,3,20260928123358,20260928123410,20260927234625,20260927214255,LU
2026-09-28T03:40:31.364923+00:00,LU004023,05,2,20260928123142,20260928095804,20260928123127,,LU
2026-09-28T03:40:31.364923+00:00,LU004040,21,3,20260928123411,20260928123421,20260927231946,20260927213137,LU
2026-09-28T03:40:31.364923+00:00,LU004070,15,3,20260928123213,20260928081200,20260928123212,20260928081200,LU
2026-09-28T03:40:31.364923+00:00,LU100139,01,3,20260928123553,20260928090425,20260928123551,20260928090425,LU
2026-09-28T03:40:31.364923+00:00,LU100337,21,2,20260928123450,20260928112807,20260928123439,,LU
2026-09-28T03:40:31.364923+00:00,LU100368,50,2,20260928123424,20260927193618,20260927203618,,LU
2026-09-28T03:40:31.364923+00:00,LU100462,01,2,20260928123903,20260927191021,20260928014439,,LU
2026-09-28T03:40:31.364923+00:00,LU100683,04,3,20260928123604,20260928123701,20260928120505,20260928105059,LU
2026-09-28T03:40:31.364923+00:00,LU100944,11,2,20260928123443,20260928022428,20260928102251,,LU
2026-09-28T03:40:31.364923+00:00,LU101279,02,3,20260928123957,20260928022843,20260928123955,20260928022843,LU
2026-09-28T03:40:31.364923+00:00,LU101287,02,2,20260928123553,20260928014831,20260928101058,,LU
2026-09-28T03:40:31.364923+00:00,LU101364,05,3,20260928123436,20260928123445,20260928082919,20260928075639,LU
2026-09-28T03:40:31.364923+00:00,LU101403,02,3,20260928123130,20260928123134,20260927225012,20260927202332,LU
2026-09-28T03:40:31.364923+00:00,LU101451,01,2,20260928123843,20260928093312,20260928122241,,LU
2026-09-28T03:40:31.364923+00:00,LU101460,03,3,20260928123110,20260928112912,20260928123109,20260928112912,LU
2026-09-28T03:40:31.364923+00:00,LU101504,17,2,20260928123556,20260928073425,20260928123529,,LU
2026-09-28T03:40:31.364923+00:00,LU101509,07,3,20260928123527,20260928123537,20260927201359,20260927172231,LU
2026-09-28T03:40:31.364923+00:00,LU101528,09,3,20260928123444,20260928123458,20260928001002,20260927220708,LU
2026-09-28T03:40:31.364923+00:00,LU101573,32,2,20260928123807,20260927222527,20260928043632,,LU
2026-09-28T03:40:31.364923+00:00,LU101631,26,2,20260928123516,20260928111211,20260928123509,,LU
2026-09-28T03:40:31.364923+00:00,LU101686,18,2,20260928123059,20260928072522,20260928115532,,LU
2026-09-28T03:40:31.364923+00:00,LU101686,35,3,20260928123440,20260928123501,20260927202549,20260927161155,LU
2026-09-28T03:40:31.364923+00:00,LU101686,41,3,20260928123115,20260928123136,20260927204623,20260927183226,LU
2026-09-28T03:40:31.364923+00:00,LU101768,05,3,20260928123617,20260928123656,20260928064702,20260927200505,LU
2026-09-28T03:40:31.364923+00:00,LU101797,02,2,20260928123910,20260928090939,20260928123851,,LU
2026-09-28T03:40:31.364923+00:00,MO116803,01,2,20260928124009,20260928065601,20260928065609,,MO
2026-09-28T03:40:31.364923+00:00,MO910140,05,2,20260928123335,20260928092519,20260928123335,,MO
2026-09-28T03:40:31.364923+00:00,MX000002,05,2,20260928123757,,,,MX
2026-09-28T03:40:31.364923+00:00,NH110001,02,2,20260928123500,20260928122000,20260928123500,,NH
2026-09-28T03:40:31.364923+00:00,NS850040,01,5,20260928123044,20260923080939,20260923010955,,NS
2026-09-28T03:40:31.364923+00:00,NS850132,09,3,20260928123527,20260922120921,20260922050923,20260928123527,NS
2026-09-28T03:40:31.364923+00:00,NT100060,04,3,20260928123150,20260928123150,20260928091450,20260928123150,NT
2026-09-28T03:40:31.364923+00:00,NT100279,03,2,20260928123850,20260928114150,20260928123850,,NT
2026-09-28T03:40:31.364923+00:00,NT100376,06,3,20260928123950,20260928123950,20260928060350,20260928123950,NT
2026-09-28T03:40:31.364923+00:00,NT100420,01,3,20260928123650,20260928123650,20260924105950,20260928123650,NT
2026-09-28T03:40:31.364923+00:00,NT100477,11,2,20260928123450,20260927122350,20260927122550,,NT
2026-09-28T03:40:31.364923+00:00,NT100477,18,2,20260928123150,20260928110050,20260928123150,,NT
2026-09-28T03:40:31.364923+00:00,NT100477,25,3,20260928123250,20260928123250,20260927163850,20260928123250,NT
2026-09-28T03:40:31.364923+00:00,NT100489,27,3,20260928123850,20260928123850,20260924205350,20260928123850,NT
2026-09-28T03:40:31.364923+00:00,NT100489,37,3,20260928123450,20260928123450,20260922071650,20260928123450,NT
2026-09-28T03:40:31.364923+00:00,NT100523,06,3,20260928123850,20260928123850,20260928055350,20260928123850,NT
2026-09-28T03:40:31.364923+00:00,NT100541,02,3,20260928123050,20260928123050,20260927161650,20260928123050,NT
2026-09-28T03:40:31.364923+00:00,NT101179,06,3,20260928123550,20260928123550,20260928061750,20260928123550,NT
2026-09-28T03:40:31.364923+00:00,NT101376,07,2,20260928123750,20260927201850,20260928123750,,NT
2026-09-28T03:40:31.364923+00:00,NT101381,02,3,20260928123150,20260928123150,20260928123050,20260928123150,NT
2026-09-28T03:40:31.364923+00:00,NT101439,04,2,20260928123950,20260928024550,20260928123950,,NT
2026-09-28T03:40:31.364923+00:00,NT101583,03,2,20260928123350,20260928102850,20260928123350,,NT
2026-09-28T03:40:31.364923+00:00,NT101802,07,3,20260928123750,20260928123750,20260926183650,20260928123750,NT
2026-09-28T03:40:31.364923+00:00,NT101826,04,3,20260928123350,20260928123350,20260928090350,20260928123350,NT
2026-09-28T03:40:31.364923+00:00,NT101895,11,2,20260928123550,20260928092750,20260928123550,,NT
2026-09-28T03:40:31.364923+00:00,NT101896,09,3,20260928123550,20260928123550,20260928043150,20260928123550,NT
2026-09-28T03:40:31.364923+00:00,NT101914,01,3,20260928123050,20260928123050,20260928085150,20260928123050,NT
2026-09-28T03:40:31.364923+00:00,NT101945,10,2,20260928123450,20260928034150,20260928123450,,NT
2026-09-28T03:40:31.364923+00:00,NT101945,20,3,20260928123850,20260928123850,20260928122350,20260928123850,NT
2026-09-28T03:40:31.364923+00:00,NT102140,02,2,20260928123850,20260928061650,20260928123850,,NT
2026-09-28T03:40:31.364923+00:00,NT102192,05,2,20260928123550,20260927012450,20260928123550,,NT
2026-09-28T03:40:31.364923+00:00,NT102276,06,3,20260928123550,20260928123550,20260928122050,20260928123550,NT
2026-09-28T03:40:31.364923+00:00,NT102502,08,9,20260928123850,20260928114550,20260928123850,,NT
2026-09-28T03:40:31.364923+00:00,NT102512,12,3,20260928123150,20260928123150,20260928073450,20260928123150,NT
2026-09-28T03:40:31.364923+00:00,NT102513,05,5,20260928123750,20260925135350,20260925204250,,NT
2026-09-28T03:40:31.364923+00:00,NT102586,39,2,20260928123250,20260928031850,20260928123250,,NT
2026-09-28T03:40:31.364923+00:00,NT102614,09,3,20260928123750,20260928123750,20260924071950,20260928123750,NT
2026-09-28T03:40:31.364923+00:00,NT102766,03,2,20260928123550,20260928071550,20260928123550,,NT
2026-09-28T03:40:31.364923+00:00,NT102793,01,2,20260928123650,20260928105750,20260928123650,,NT
2026-09-28T03:40:31.364923+00:00,NT102858,23,2,20260928123250,20260927225150,20260928123250,,NT
2026-09-28T03:40:31.364923+00:00,NT102885,98,2,20260928123450,20260928095150,20260928123450,,NT
2026-09-28T03:40:31.364923+00:00,NT102933,03,2,20260928123150,20260927204150,20260928123150,,NT
2026-09-28T03:40:31.364923+00:00,NT102934,05,3,20260928123850,20260928123850,20260928121250,20260928123850,NT
2026-09-28T03:40:31.364923+00:00,NT102949,01,2,20260928123550,20260928123250,20260928123550,,NT
2026-09-28T03:40:31.364923+00:00,NT102949,22,2,20260928123450,20260927223050,20260928123450,,NT
2026-09-28T03:40:31.364923+00:00,NT102949,28,2,20260928123050,20260928020050,20260928123050,,NT
2026-09-28T03:40:31.364923+00:00,NT102970,01,3,20260928123350,20260928123350,20260922160450,20260928123350,NT
2026-09-28T03:40:31.364923+00:00,PC000070,01,3,20260928123243,20260927144612,20260927181208,20260928123243,PC
2026-09-28T03:40:31.364923+00:00,PC000070,28,2,20260928123909,20260928111253,20260928123805,,PC
2026-09-28T03:40:31.364923+00:00,PC000077,02,2,20260928123236,20260928091554,20260928123220,,PC
2026-09-28T03:40:31.364923+00:00,PC000350,01,2,20260928123214,20260928095635,20260928123139,,PC
2026-09-28T03:40:31.364923+00:00,PC000350,15,3,20260928123230,20260925075837,20260925092656,20260928123230,PC
2026-09-28T03:40:31.364923+00:00,PC000431,02,2,20260928123237,20260928074309,20260928092922,,PC
2026-09-28T03:40:31.364923+00:00,PC000490,11,2,20260928123540,20260927205926,20260928034323,,PC
2026-09-28T03:40:31.364923+00:00,PC000505,07,2,20260928123603,20260928005311,20260928085826,,PC
2026-09-28T03:40:31.364923+00:00,PC000541,11,2,20260928123849,20260928114121,20260928123745,,PC
2026-09-28T03:40:31.364923+00:00,PC000736,03,3,20260928123146,20260928102338,20260928103018,20260928123146,PC
2026-09-28T03:40:31.364923+00:00,PC001108,09,3,20260928123118,20260928002548,20260928123118,20260928123118,PC
2026-09-28T03:40:31.364923+00:00,PC001220,12,3,20260928123247,20260927115951,20260927144557,20260928123247,PC
2026-09-28T03:40:31.364923+00:00,PC001220,40,2,20260928123239,20260928113106,20260928123141,,PC
2026-09-28T03:40:31.364923+00:00,PC001222,18,3,20260928123953,20260923090345,20260923151219,20260928123953,PC
2026-09-28T03:40:31.364923+00:00,PC001244,05,2,20260928123647,20260928094734,20260928123646,,PC
2026-09-28T03:40:31.364923+00:00,PC001356,09,3,20260928123305,20260928094428,20260928100446,20260928123305,PC
2026-09-28T03:40:31.364923+00:00,PC001501,01,3,20260928123058,20260928093347,20260928104753,20260928123058,PC
2026-09-28T03:40:31.364923+00:00,PC001501,17,2,20260928123836,20260928114420,20260928123733,,PC
2026-09-28T03:40:31.364923+00:00,PC001501,18,2,20260928123922,20260928083012,20260928092154,,PC
2026-09-28T03:40:31.364923+00:00,PC001745,04,2,20260928123134,20260923064607,20260923100547,,PC
2026-09-28T03:40:31.364923+00:00,PC001861,02,2,20260928123511,20260928094355,20260928094503,,PC
2026-09-28T03:40:31.364923+00:00,PC001895,02,2,20260928123123,20260928115821,20260928123022,,PC
2026-09-28T03:40:31.364923+00:00,PI000219,01,9,20260928123810,20260928090151,20260924182242,20260928090620,PI
2026-09-28T03:40:31.364923+00:00,PI000314,02,2,20260928123619,20260928104923,20260928113042,,PI
2026-09-28T03:40:31.364923+00:00,PI000329,01,1,20260928123608,20260928085046,20260922185434,,PI
2026-09-28T03:40:31.364923+00:00,PI000484,01,2,20260928123107,20260928122534,20260928122606,,PI
2026-09-28T03:40:31.364923+00:00,PI015659,02,3,20260928123541,20260928123422,20260928104940,20260928123541,PI
2026-09-28T03:40:31.364923+00:00,PI019146,02,3,20260928123104,20260928122959,20260923155038,20260928123104,PI
2026-09-28T03:40:31.364923+00:00,PI067373,02,3,20260928123606,20260928123241,20260927123335,20260928123606,PI
2026-09-28T03:40:31.364923+00:00,PI067450,03,3,20260928123050,20260928122718,20260923110507,20260928123050,PI
2026-09-28T03:40:31.364923+00:00,PI069280,05,2,20260928123059,20260927203745,20260928013810,,PI
2026-09-28T03:40:31.364923+00:00,PI121435,03,2,20260928123615,20260928113030,20260928113033,,PI
2026-09-28T03:40:31.364923+00:00,PI200361,18,2,20260928123845,20260928122306,20260928123457,,PI
2026-09-28T03:40:31.364923+00:00,PI200368,04,2,20260928123611,20260928083252,20260928113000,,PI
2026-09-28T03:40:31.364923+00:00,PI200379,11,3,20260928123133,20260928122739,20260918123027,20260928123133,PI
2026-09-28T03:40:31.364923+00:00,PI200404,01,9,20260928123810,20260928095130,20260927182818,20260928095621,PI
2026-09-28T03:40:31.364923+00:00,PI200411,02,3,20260928123617,20260928123420,20260928011651,20260928123617,PI
2026-09-28T03:40:31.364923+00:00,PI200771,02,2,20260928123618,20260928102810,20260928113301,,PI
2026-09-28T03:40:31.364923+00:00,PI200775,06,3,20260928123256,20260928122849,20260926110514,20260928123256,PI
2026-09-28T03:40:31.364923+00:00,PI200806,05,9,20260928123310,20260928075450,20260922095245,20260928075621,PI
2026-09-28T03:40:31.364923+00:00,PI200806,19,3,20260928123116,20260928122951,20260927125203,20260928123116,PI
2026-09-28T03:40:31.364923+00:00,PI200810,12,2,20260928123620,20260928114720,20260928123411,,PI
2026-09-28T03:40:31.364923+00:00,PI200810,22,3,20260928123620,20260928123256,20260928064103,20260928123620,PI
2026-09-28T03:40:31.364923+00:00,PI200858,02,2,20260928123620,20260928083110,20260928112720,,PI
2026-09-28T03:40:31.364923+00:00,PI200894,37,3,20260928123125,20260928122923,20260927162628,20260928123125,PI
2026-09-28T03:40:31.364923+00:00,PI200965,03,3,20260928123625,20260928123215,20260928082235,20260928123625,PI
2026-09-28T03:40:31.364923+00:00,PI200976,11,3,20260928123628,20260928123616,20260928083020,20260928123628,PI
2026-09-28T03:40:31.364923+00:00,PI200982,13,2,20260928123626,20260928115901,20260928123452,,PI
2026-09-28T03:40:31.364923+00:00,PI202350,04,3,20260928123338,20260928123138,20260927215428,20260928123338,PI
2026-09-28T03:40:31.364923+00:00,PI203049,16,2,20260928123143,20260928103900,20260928122945,,PI
2026-09-28T03:40:31.364923+00:00,PI204008,11,2,20260928123743,20260928085218,20260928112601,,PI
2026-09-28T03:40:31.364923+00:00,PI204011,07,2,20260928123628,20260928072052,20260928112922,,PI
2026-09-28T03:40:31.364923+00:00,PI204011,08,3,20260928123628,20260928123556,20260928064832,20260928123628,PI
2026-09-28T03:40:31.364923+00:00,PI204039,03,3,20260928123629,20260928123313,20260927232213,20260928123629,PI
2026-09-28T03:40:31.364923+00:00,PI204119,11,3,20260928123633,20260928123533,20260926215849,20260928123633,PI
2026-09-28T03:40:31.364923+00:00,PI204136,10,9,20260928123810,20260924130645,20260924134254,,PI
2026-09-28T03:40:31.364923+00:00,PI204162,09,3,20260928123639,20260928123140,20260927150641,20260928123639,PI
2026-09-28T03:40:31.364923+00:00,PI204208,02,2,20260928123141,20260928111327,20260927232829,,PI
2026-09-28T03:40:31.364923+00:00,PI204237,09,2,20260928123647,20260928101413,20260928112708,,PI
2026-09-28T03:40:31.364923+00:00,PI204240,04,2,20260928123647,20260928090756,20260928113235,,PI
2026-09-28T03:40:31.364923+00:00,PI204245,03,3,20260928123648,20260928123456,20260924013035,20260928123648,PI
2026-09-28T03:40:31.364923+00:00,PI204274,06,2,20260928123652,20260928094604,20260928112609,,PI
2026-09-28T03:40:31.364923+00:00,PI204337,12,2,20260928123657,20260928111455,20260928122314,,PI
2026-09-28T03:40:31.364923+00:00,PI306095,02,2,20260928123614,20260928005110,20260928112951,,PI
2026-09-28T03:40:31.364923+00:00,PI645226,01,2,20260928123740,20260928102437,20260928123642,,PI
2026-09-28T03:40:31.364923+00:00,PI645374,05,3,20260928123745,20260928123539,20260927205914,20260928123745,PI
2026-09-28T03:40:31.364923+00:00,PI645478,12,2,20260928123804,20260928114948,20260928123557,,PI
2026-09-28T03:40:31.364923+00:00,PI700981,02,3,20260928124004,20260928123822,20260927162919,20260928124004,PI
2026-09-28T03:40:31.364923+00:00,PI707391,08,3,20260928123510,20260928123052,20260928084807,20260928123510,PI
2026-09-28T03:40:31.364923+00:00,PI712219,02,3,20260928123526,20260928123353,20260926131819,20260928123526,PI
2026-09-28T03:40:31.364923+00:00,PI713007,08,2,20260928123031,20260927222815,20260928035452,,PI
2026-09-28T03:40:31.364923+00:00,PI717089,10,2,20260928123046,20260928114709,20260928123039,,PI
2026-09-28T03:40:31.364923+00:00,PI717608,03,3,20260928123544,20260928123055,20260928104617,20260928123544,PI
2026-09-28T03:40:31.364923+00:00,PI717642,01,3,20260928123048,20260928122923,20260928111202,20260928123048,PI
2026-09-28T03:40:31.364923+00:00,PI719648,04,3,20260928123706,20260928123502,20260928074228,20260928123706,PI
2026-09-28T03:40:31.364923+00:00,PI721671,14,2,20260928123821,20260928095900,20260928120824,,PI
2026-09-28T03:40:31.364923+00:00,PI722924,13,3,20260928123757,20260928123259,20260926135438,20260928123757,PI
2026-09-28T03:40:31.364923+00:00,PI723240,05,2,20260928123818,20260928095321,20260928123626,,PI
2026-09-28T03:40:31.364923+00:00,PI740336,02,2,20260928123509,20260928065650,20260928085712,,PI
2026-09-28T03:40:31.364923+00:00,PI747512,02,3,20260928123256,20260928123051,20260928103942,20260928123256,PI
2026-09-28T03:40:31.364923+00:00,PI747541,02,3,20260928123254,20260928122852,20260927203851,20260928123254,PI
2026-09-28T03:40:31.364923+00:00,PI752322,03,2,20260928123045,20260927180755,20260927213857,,PI
2026-09-28T03:40:31.364923+00:00,PI753808,03,3,20260928123157,20260928123101,20260927150635,20260928123157,PI
2026-09-28T03:40:31.364923+00:00,PI760036,05,3,20260928123515,20260928123126,20260927190144,20260928123515,PI
2026-09-28T03:40:31.364923+00:00,PI760041,01,2,20260928123515,20260928121552,20260928123016,,PI
2026-09-28T03:40:31.364923+00:00,PI762720,05,3,20260928123529,20260928123424,20260928071723,20260928123529,PI
2026-09-28T03:40:31.364923+00:00,PI764175,02,2,20260928123534,20260928085328,20260928123447,,PI
2026-09-28T03:40:31.364923+00:00,PI764651,02,2,20260928123038,20260928063726,20260928122738,,PI
2026-09-28T03:40:31.364923+00:00,PI766931,02,3,20260928123554,20260928123510,20260923112924,20260928123554,PI
2026-09-28T03:40:31.364923+00:00,PI766931,15,9,20260928123310,20260928093101,20260928110000,20260928093107,PI
2026-09-28T03:40:31.364923+00:00,PI767274,21,2,20260928123550,20260928071443,20260928123209,,PI
2026-09-28T03:40:31.364923+00:00,PI768702,11,2,20260928123101,20260928103703,20260928122929,,PI
2026-09-28T03:40:31.364923+00:00,PI769077,01,2,20260928123606,20260927234339,20260928045455,,PI
2026-09-28T03:40:31.364923+00:00,PI770284,06,3,20260928123701,20260928123453,20260928095817,20260928123701,PI
2026-09-28T03:40:31.364923+00:00,PI772833,07,2,20260928123746,20260927115831,20260927132204,,PI
2026-09-28T03:40:31.364923+00:00,PI775287,02,2,20260928123818,20260928095753,20260928123434,,PI
2026-09-28T03:40:31.364923+00:00,PI793799,01,3,20260928123803,20260928123739,20260928123713,20260928123803,PI
2026-09-28T03:40:31.364923+00:00,PI794001,02,3,20260928123808,20260928123426,20260927200625,20260928123808,PI
2026-09-28T03:40:31.364923+00:00,PI794634,31,3,20260928123302,20260928123150,20260925195115,20260928123302,PI
2026-09-28T03:40:31.364923+00:00,PI795306,05,2,20260928123805,20260928113545,20260928123420,,PI
2026-09-28T03:40:31.364923+00:00,PI795797,02,3,20260928123303,20260928122959,20260928065436,20260928123303,PI
2026-09-28T03:40:31.364923+00:00,PI801810,33,2,20260928123753,20260927234925,20260928055024,,PI
2026-09-28T03:40:31.364923+00:00,PI801810,38,2,20260928123247,20260927143030,20260927195621,,PI
2026-09-28T03:40:31.364923+00:00,PI807817,05,3,20260928123314,20260928123132,20260928111224,20260928123314,PI
2026-09-28T03:40:31.364923+00:00,PI809036,02,2,20260928123317,20260928075719,20260928123024,,PI
2026-09-28T03:40:31.364923+00:00,PIH00108,05,3,20260928123726,20260928123713,20260928113843,20260928123726,PI
2026-09-28T03:40:31.364923+00:00,PIH00178,13,3,20260928123731,20260928123528,20260927185519,20260928123731,PI
2026-09-28T03:40:31.364923+00:00,PIH00202,01,2,20260928123727,20260928062728,20260928123417,,PI
2026-09-28T03:40:31.364923+00:00,PIH00467,15,2,20260928123716,20260927211314,20260928031314,,PI
2026-09-28T03:40:31.364923+00:00,PIH00544,17,3,20260928123222,20260928122848,20260811182642,20260928123222,PI
2026-09-28T03:40:31.364923+00:00,PIH00626,01,3,20260928123210,20260928122728,20260927144340,20260928123210,PI
2026-09-28T03:40:31.364923+00:00,PIH00862,01,2,20260928123731,20260928121342,20260928123227,,PI
2026-09-28T03:40:31.364923+00:00,PIH02010,02,3,20260928123210,20260928123203,20260925171541,20260928123210,PI
2026-09-28T03:40:31.364923+00:00,PIIMK040,05,2,20260928123340,20260928082351,20260928123215,,PI
2026-09-28T03:40:31.364923+00:00,PIIMK098,01,2,20260928123340,20260923092555,20260923131534,,PI
2026-09-28T03:40:31.364923+00:00,PIIMK098,02,2,20260928123340,20260928123354,20260928123432,,PI
2026-09-28T03:40:31.364923+00:00,PIS00010,01,3,20260928123337,20260928122956,20260927132619,20260928123337,PI
2026-09-28T03:40:31.364923+00:00,PIS00023,07,2,20260928123321,20260928113835,20260928123009,,PI
2026-09-28T03:40:31.364923+00:00,PIS00025,02,3,20260928123321,20260928122853,20260928084742,20260928123321,PI
2026-09-28T03:40:31.364923+00:00,PIS00035,13,2,20260928123827,20260927150534,20260927233632,,PI
2026-09-28T03:40:31.364923+00:00,PIS00049,05,2,20260928123321,20260928063817,20260928123240,,PI
2026-09-28T03:40:31.364923+00:00,PIS00072,01,3,20260928123321,20260928123148,20260928115100,20260928123321,PI
2026-09-28T03:40:31.364923+00:00,PIS00072,02,3,20260928123827,20260928123807,20260926224901,20260928123827,PI
2026-09-28T03:40:31.364923+00:00,PIS00094,03,2,20260928123828,20260928105930,20260928115935,,PI
2026-09-28T03:40:31.364923+00:00,PK000005,01,3,20260928123131,20260928122333,20260928122513,20260928122619,PK
2026-09-28T03:40:31.364923+00:00,PK000005,02,3,20260928123131,20260928103418,20260928110444,20260928122548,PK
2026-09-28T03:40:31.364923+00:00,PK000006,13,3,20260928123130,20260928110355,20260928112503,20260928122900,PK
2026-09-28T03:40:31.364923+00:00,PK000006,17,3,20260928123131,20260928111055,20260928113504,20260928122359,PK
2026-09-28T03:40:31.364923+00:00,PK000006,18,2,20260928123132,20260928113936,20260928122940,,PK
2026-09-28T03:40:31.364923+00:00,PK000006,20,2,20260928123130,20260928120422,20260928122216,,PK
2026-09-28T03:40:31.364923+00:00,PK000007,06,2,20260928123133,20260928120104,20260928122911,,PK
2026-09-28T03:40:31.364923+00:00,PK000007,25,2,20260928123133,20260928120859,20260928122516,,PK
2026-09-28T03:40:31.364923+00:00,PK000007,26,2,20260928123133,20260928120933,20260928122517,,PK
2026-09-28T03:40:31.364923+00:00,PK000007,36,3,20260928123133,20260928111114,20260928114031,20260928123002,PK
2026-09-28T03:40:31.364923+00:00,PK000007,43,3,20260928123133,20260928113144,20260928115717,20260928123002,PK
2026-09-28T03:40:31.364923+00:00,PK000007,44,3,20260928123133,20260928113219,20260928115717,20260928123034,PK
2026-09-28T03:40:31.364923+00:00,PK000021,13,2,20260928123129,20260928114355,20260928122538,,PK
2026-09-28T03:40:31.364923+00:00,PK000021,14,3,20260928123129,20260928113923,20260928121900,20260928122913,PK
2026-09-28T03:40:31.364923+00:00,PK000021,20,2,20260928123128,20260928120204,20260928122416,,PK
2026-09-28T03:40:31.364923+00:00,PK000022,03,2,20260928123030,20260928121039,20260928123030,,PK
2026-09-28T03:40:31.364923+00:00,PK000022,04,2,20260928123030,20260928121039,20260928123030,,PK
2026-09-28T03:40:31.364923+00:00,PK000023,06,2,20260928123030,20260928122114,20221101145233,,PK
2026-09-28T03:40:31.364923+00:00,PK000023,07,3,20260928123030,20260928123030,20260928115056,20260928123030,PK
2026-09-28T03:40:31.364923+00:00,PK000024,01,3,20260928123031,20260928123031,20260928121041,20260928123031,PK
2026-09-28T03:40:31.364923+00:00,PK000024,03,2,20260928123031,20260928121041,20260928123031,,PK
2026-09-28T03:40:31.364923+00:00,PK000024,04,2,20260928123031,20260928121041,20260928123031,,PK
2026-09-28T03:40:31.364923+00:00,PK000024,08,3,20260928123031,20260928123031,20260928121041,20260928123031,PK
2026-09-28T03:40:31.364923+00:00,PK000024,09,2,20260928123031,20260928122115,20260928123031,,PK
2026-09-28T03:40:31.364923+00:00,PK000024,10,2,20260928123031,20260928122115,20260928123031,,PK
2026-09-28T03:40:31.364923+00:00,PK000024,11,2,20260928123031,20260928121041,20260928123031,,PK
2026-09-28T03:40:31.364923+00:00,PK000024,12,2,20260928123031,20260928121041,20260928123031,,PK
2026-09-28T03:40:31.364923+00:00,PK000025,05,2,20260928123030,20260928121039,20260928123030,,PK
2026-09-28T03:40:31.364923+00:00,PK000025,07,2,20260928123030,20260928121039,20240813124812,,PK
2026-09-28T03:40:31.364923+00:00,PK000025,15,3,20260928123130,20260928113433,20260928115004,20260928122827,PK
2026-09-28T03:40:31.364923+00:00,PK000025,20,3,20260928123131,20260928112245,20260928114513,20260928122140,PK
2026-09-28T03:40:31.364923+00:00,PK000025,21,9,20260928123131,20260928121211,20260928122732,,PK
2026-09-28T03:40:31.364923+00:00,PK000025,23,2,20260928123030,20260928121039,20260120144708,,PK
2026-09-28T03:40:31.364923+00:00,PK000025,24,2,20260928123030,20260928121039,20260928123030,,PK
2026-09-28T03:40:31.364923+00:00,PK000027,07,3,20260928123032,20260928123032,20260824155721,20260928123032,PK
2026-09-28T03:40:31.364923+00:00,PK000028,09,3,20260928123032,20260928123032,20240905141314,20260928123032,PK
2026-09-28T03:40:31.364923+00:00,PK000028,10,3,20260928123032,20260928123032,20240905140755,20260928123032,PK
2026-09-28T03:40:31.364923+00:00,PK000028,23,9,20260928123130,20260928120826,20260928122659,,PK
2026-09-28T03:40:31.364923+00:00,PK000028,24,9,20260928123130,20260928120908,20260928122700,,PK
2026-09-28T03:40:31.364923+00:00,PK000028,27,2,20260928123130,20260928120211,20260928122444,,PK
2026-09-28T03:40:31.364923+00:00,PK000028,28,2,20260928123130,20260928120128,20260928122450,,PK
2026-09-28T03:40:31.364923+00:00,PK000077,15,2,20260928123131,20260928120334,20260928121653,,PK
2026-09-28T03:40:31.364923+00:00,PK000085,02,2,20260928123128,20260928121552,20260928122950,,PK
2026-09-28T03:40:31.364923+00:00,PK000148,01,2,20260928123128,20260928114713,20260928122323,,PK
2026-09-28T03:40:31.364923+00:00,PK000148,03,3,20260928123128,20260928112020,20260928114849,20260928122308,PK
2026-09-28T03:40:31.364923+00:00,PK000148,04,3,20260928123128,20260928113526,20260928121419,20260928122725,PK
2026-09-28T03:40:31.364923+00:00,PK000148,06,9,20260928123128,20260928120249,20260928122948,,PK
2026-09-28T03:40:31.364923+00:00,PK000148,08,3,20260928123128,20260928113038,20260928121239,20260928122730,PK
2026-09-28T03:40:31.364923+00:00,PK000148,12,3,20260928123128,20260928112541,20260928114821,20260928122859,PK
2026-09-28T03:40:31.364923+00:00,PK000148,14,2,20260928123128,20260928115432,20260928122143,,PK
2026-09-28T03:40:31.364923+00:00,PK000148,18,3,20260928123131,20260928112549,20260928121821,20260928122807,PK
2026-09-28T03:40:31.364923+00:00,PK000148,19,2,20260928123131,20260928113654,20260928121720,,PK
2026-09-28T03:40:31.364923+00:00,PK000148,21,9,20260928123132,20260928115900,20260928123006,,PK
2026-09-28T03:40:31.364923+00:00,PK000148,23,2,20260928123132,20260928115403,20260928121534,,PK
2026-09-28T03:40:31.364923+00:00,PK000148,24,2,20260928123130,20260928114816,20260928121533,,PK
2026-09-28T03:40:31.364923+00:00,PK000156,02,2,20260928123129,20260928120439,20260928122325,,PK
2026-09-28T03:40:31.364923+00:00,PK000156,05,3,20260928123129,20260928074740,20260928081922,20260928122433,PK
2026-09-28T03:40:31.364923+00:00,PK000156,06,3,20260928123129,20260928074817,20260928081922,20260928122533,PK
2026-09-28T03:40:31.364923+00:00,PK000156,13,3,20260928123129,20260928113142,20260928115805,20260928122539,PK
2026-09-28T03:40:31.364923+00:00,PK000156,14,2,20260928123129,20260928120035,20260928122355,,PK
2026-09-28T03:40:31.364923+00:00,PK000156,16,3,20260928123129,20260928115149,20260928120817,20260928122723,PK
2026-09-28T03:40:31.364923+00:00,PK000158,05,3,20260928123131,20260928104445,20260928111848,20260928123043,PK
2026-09-28T03:40:31.364923+00:00,PK000161,01,2,20260928123132,20260928120432,20260928122134,,PK
2026-09-28T03:40:31.364923+00:00,PK000161,02,2,20260928123132,20260928120507,20260928122135,,PK
2026-09-28T03:40:31.364923+00:00,PK000161,05,3,20260928123132,20260928115643,20260928122055,20260928122325,PK
2026-09-28T03:40:31.364923+00:00,PK000161,06,3,20260928123132,20260928115717,20260928122055,20260928122358,PK
2026-09-28T03:40:31.364923+00:00,PK000179,07,3,20260928123034,20260928122214,20260928122214,20260928113554,PK
2026-09-28T03:40:31.364923+00:00,PK000180,07,3,20260928123035,20260928122154,20260928122154,20260928014620,PK
2026-09-28T03:40:31.364923+00:00,PK000181,02,3,20260928123034,20260928122615,20260928122615,20260928104219,PK
2026-09-28T03:40:31.364923+00:00,PK000181,03,3,20260928123034,20260928123026,20260928123026,20260928120822,PK
2026-09-28T03:40:31.364923+00:00,PK000182,01,3,20260928123034,20260928122751,20260928122751,20260926163836,PK
2026-09-28T03:40:31.364923+00:00,PK000183,01,2,20260928123035,20260928120059,20260928120059,,PK
2026-09-28T03:40:31.364923+00:00,PK000183,02,2,20260928123035,20260928120141,20260928120141,,PK
2026-09-28T03:40:31.364923+00:00,PK000185,05,2,20260928123132,20260928120914,20260928122722,,PK
2026-09-28T03:40:31.364923+00:00,PK000185,10,3,20260928123133,20260928114931,20260928115624,20260928122518,PK
2026-09-28T03:40:31.364923+00:00,PK000186,04,2,20260928123133,20260928121237,20260928123052,,PK
2026-09-28T03:40:31.364923+00:00,PK000253,01,3,20260928123133,20260928104552,20260928111227,20260928122800,PK
2026-09-28T03:40:31.364923+00:00,PK000253,02,3,20260928123131,20260928115034,20260928120642,20260928122443,PK
2026-09-28T03:40:31.364923+00:00,PK000288,03,9,20260928123130,20260928120826,20260928122659,,PK
2026-09-28T03:40:31.364923+00:00,PK000288,04,9,20260928123130,20260928120908,20260928122700,,PK
2026-09-28T03:40:31.364923+00:00,PK000288,07,2,20260928123130,20260928120211,20260928122444,,PK
2026-09-28T03:40:31.364923+00:00,PK000288,08,2,20260928123130,20260928120128,20260928122450,,PK
2026-09-28T03:40:31.364923+00:00,PK000289,01,2,20260928123129,20260928121225,20260928122918,,PK
2026-09-28T03:40:31.364923+00:00,PK000289,02,2,20260928123129,20260928121301,20260928122918,,PK
2026-09-28T03:40:31.364923+00:00,PK000289,03,3,20260928123129,20260928111651,20260928113803,20260928122803,PK
2026-09-28T03:40:31.364923+00:00,PK000289,04,3,20260928123129,20260928111445,20260928114614,20260928122841,PK
2026-09-28T03:40:31.364923+00:00,PK000290,01,3,20260928123128,20260928110029,20260928114552,20260928123038,PK
2026-09-28T03:40:31.364923+00:00,PK000290,02,3,20260928123128,20260928045905,20260928052225,20260928122934,PK
2026-09-28T03:40:31.364923+00:00,PK000290,03,9,20260928123128,20260928121107,20260928123001,,PK
2026-09-28T03:40:31.364923+00:00,PK000291,01,3,20260928123128,20260928115546,20260928121734,20260928122428,PK
2026-09-28T03:40:31.364923+00:00,PK000291,02,3,20260928123128,20260928115638,20260928121736,20260928122514,PK
2026-09-28T03:40:31.364923+00:00,PK000292,01,9,20260928123131,20260928115148,20260928122303,,PK
2026-09-28T03:40:31.364923+00:00,PK000292,02,9,20260928123131,20260928115224,20260928122303,,PK
2026-09-28T03:40:31.364923+00:00,PK000292,05,3,20260928123131,20260928114448,20260928121404,20260928122516,PK
2026-09-28T03:40:31.364923+00:00,PK000292,06,2,20260928123131,20260928114411,20260928121404,,PK
2026-09-28T03:40:31.364923+00:00,PK000293,01,3,20260928123131,20260928105357,20260928113803,20260928122454,PK
2026-09-28T03:40:31.364923+00:00,PK000293,02,3,20260928123131,20260928105302,20260928113802,20260928122532,PK
2026-09-28T03:40:31.364923+00:00,PK000295,02,3,20260928123128,20260928111548,20260928113504,20260928122134,PK
2026-09-28T03:40:31.364923+00:00,PK000295,03,3,20260928123128,20260928110157,20260928111416,20260928122922,PK
2026-09-28T03:40:31.364923+00:00,PK000296,03,2,20260928123129,20260928114355,20260928122538,,PK
2026-09-28T03:40:31.364923+00:00,PK000296,04,3,20260928123129,20260928113923,20260928121900,20260928122913,PK
2026-09-28T03:40:31.364923+00:00,PK000296,10,2,20260928123128,20260928120204,20260928122416,,PK
2026-09-28T03:40:31.364923+00:00,PK000297,01,3,20260928123130,20260928113433,20260928115004,20260928122827,PK
2026-09-28T03:40:31.364923+00:00,PK000297,06,3,20260928123131,20260928112245,20260928114513,20260928122140,PK
2026-09-28T03:40:31.364923+00:00,PK000297,07,9,20260928123131,20260928121211,20260928122732,,PK
2026-09-28T03:40:31.364923+00:00,PK000322,03,3,20260928123132,20260928112622,20260928115204,20260928122957,PK
2026-09-28T03:40:31.364923+00:00,PK000322,04,3,20260928123132,20260928111009,20260928113545,20260928123043,PK
2026-09-28T03:40:31.364923+00:00,PK000322,15,2,20260928123131,20260928120334,20260928121653,,PK
2026-09-28T03:40:31.364923+00:00,PK000474,09,9,20260928123131,20260928114927,20260928122431,,PK
2026-09-28T03:40:31.364923+00:00,PK000474,10,2,20260928123131,20260928115444,20260928123019,,PK
2026-09-28T03:40:31.364923+00:00,PK000474,11,3,20260928123131,20260928105325,20260928112213,20260928122528,PK
2026-09-28T03:40:31.364923+00:00,PK000474,25,3,20260928123130,20260928112321,20260928114339,20260928123003,PK
2026-09-28T03:40:31.364923+00:00,PL000245,05,3,20260928123131,20260928123131,20260928123122,20260928123131,PL
2026-09-28T03:40:31.364923+00:00,PL000285,03,2,20260928123210,20260928092345,20260928123210,,PL
2026-09-28T03:40:31.364923+00:00,PL000474,00,3,20260928123849,20260928123849,20260921214945,20260928123849,PL
2026-09-28T03:40:31.364923+00:00,PL000705,04,2,20260928123445,20260926211905,20260928123445,,PL
2026-09-28T03:40:31.364923+00:00,PL000706,41,2,20260928123300,20260928064916,20260928123300,,PL
2026-09-28T03:40:31.364923+00:00,PL000806,03,2,20260928124007,20260928114234,20260928124007,,PL
2026-09-28T03:40:31.364923+00:00,PL001241,02,2,20260928123718,20260927110039,20260928123718,,PL
2026-09-28T03:40:31.364923+00:00,PL001951,79,2,20260928123934,20260928123933,20260928123934,,PL
2026-09-28T03:40:31.364923+00:00,PL002562,03,3,20260928123131,20260928123131,20260928070957,20260928123131,PL
2026-09-28T03:40:31.364923+00:00,PL003526,59,2,20260928123753,20260927151300,20260928123753,,PL
2026-09-28T03:40:31.364923+00:00,PL004439,03,2,20260928123108,20260927182925,20260928123108,,PL
2026-09-28T03:40:31.364923+00:00,PL004573,22,3,20260928123339,20260928123339,20260928072942,20260928123339,PL
2026-09-28T03:40:31.364923+00:00,PL027987,15,2,20260928123836,20260928012616,20260928123836,,PL
2026-09-28T03:40:31.364923+00:00,PL030160,01,2,20260928123337,20260928123225,20260928123337,,PL
2026-09-28T03:40:31.364923+00:00,PL030415,00,2,20260928123915,20260927142533,20260928123915,,PL
2026-09-28T03:40:31.364923+00:00,PL030420,03,3,20260928123610,20260928123610,20260928114317,20260928123610,PL
2026-09-28T03:40:31.364923+00:00,PL030675,08,3,20260928123756,20260928123756,20260923080028,20260928123756,PL
2026-09-28T03:40:31.364923+00:00,PL030866,13,3,20260928123742,20260928123742,20260928094725,20260928123742,PL
2026-09-28T03:40:31.364923+00:00,PL031057,00,2,20260928123230,20260928031913,20260928123230,,PL
2026-09-28T03:40:31.364923+00:00,PL031129,02,3,20260928123938,20260928123938,20260928103542,20260928123938,PL
2026-09-28T03:40:31.364923+00:00,PL031197,02,2,20260928123611,20260928112504,20260928123611,,PL
2026-09-28T03:40:31.364923+00:00,PL031264,16,3,20260928123810,20260928123810,20260928100244,20260928123810,PL
2026-09-28T03:40:31.364923+00:00,PL031530,00,2,20260928123754,20260928121132,20260928123754,,PL
2026-09-28T03:40:31.364923+00:00,PL031662,05,2,20260928123626,20260928073133,20260928123626,,PL
2026-09-28T03:40:31.364923+00:00,PL031907,03,2,20260928123533,20260928114454,20260928123533,,PL
2026-09-28T03:40:31.364923+00:00,PL032431,05,2,20260928123352,20260927110440,20260928123352,,PL
2026-09-28T03:40:31.364923+00:00,PL032431,06,2,20260928123317,20260925114039,20260928123317,,PL
2026-09-28T03:40:31.364923+00:00,PL032549,02,2,20260928123637,20260927224131,20260928123637,,PL
2026-09-28T03:40:31.364923+00:00,PL032639,08,2,20260928123831,20260928023049,20260928123831,,PL
2026-09-28T03:40:31.364923+00:00,PL032708,62,2,20260928123303,20260927172120,20260928123303,,PL
2026-09-28T03:40:31.364923+00:00,PL032877,01,2,20260928123509,20260928072200,20260928123509,,PL
2026-09-28T03:40:31.364923+00:00,PL033085,05,2,20260928123516,20260928000910,20260928123516,,PL
2026-09-28T03:40:31.364923+00:00,PL033085,06,3,20260928123855,20260928123855,20260928104702,20260928123855,PL
2026-09-28T03:40:31.364923+00:00,PL033246,03,3,20260928123111,20260928123111,20260927051637,20260928123111,PL
2026-09-28T03:40:31.364923+00:00,PL033416,03,3,20260928123357,20260928123357,20260928121343,20260928123357,PL
2026-09-28T03:40:31.364923+00:00,PL033416,29,2,20260928123849,20260927181722,20260928123849,,PL
2026-09-28T03:40:31.364923+00:00,PMP00503,01,2,20260928123301,20260928113301,20260928123301,,PM
2026-09-28T03:40:31.364923+00:00,PMP00503,04,2,20260928123301,20260928105301,20260928123301,,PM
2026-09-28T03:40:31.364923+00:00,PMP00503,08,2,20260928123301,20260928113302,20260928123301,,PM
2026-09-28T03:40:31.364923+00:00,PMP00503,09,3,20260928123301,20260928123301,20260928115301,20260928123301,PM
2026-09-28T03:40:31.364923+00:00,PMP00503,27,3,20260928123301,20260928123301,20260927171301,20260928123301,PM
2026-09-28T03:40:31.364923+00:00,PMP00503,28,3,20260928123301,20260928123301,20260928095301,20260928123301,PM
2026-09-28T03:40:31.364923+00:00,PMP00504,01,2,20260928123301,20260928121301,20260928123301,,PM
2026-09-28T03:40:31.364923+00:00,PMP00504,05,2,20260928123301,20260928113301,20260928123301,,PM
2026-09-28T03:40:31.364923+00:00,PMP00504,06,2,20260928123301,20260928121301,20260928123301,,PM
2026-09-28T03:40:31.364923+00:00,PMP00504,13,3,20260928123301,20260928123301,20260928121301,20260928123301,PM
2026-09-28T03:40:31.364923+00:00,PMP00505,02,3,20260928123302,20260928123302,20260928113302,20260928123302,PM
2026-09-28T03:40:31.364923+00:00,PMP00505,06,3,20260928123302,20260928123302,20260928115302,20260928123302,PM
2026-09-28T03:40:31.364923+00:00,PMP00509,02,3,20260928123301,20260928123301,20260928113301,20260928123301,PM
2026-09-28T03:40:31.364923+00:00,PMP00509,08,2,20260928123301,20260928121301,20260928123301,,PM
2026-09-28T03:40:31.364923+00:00,PMP00509,11,2,20260928123301,20260928121301,20260928123301,,PM
2026-09-28T03:40:31.364923+00:00,PMP00512,01,3,20260928123301,20260928123301,20260928121301,20260928123301,PM
2026-09-28T03:40:31.364923+00:00,PMP00512,02,3,20260928123301,20260928123301,20260928121301,20260928123301,PM
2026-09-28T03:40:31.364923+00:00,PMP00512,03,2,20260928123301,20260928101301,20260928123301,,PM
2026-09-28T03:40:31.364923+00:00,PMP00513,08,3,20260928123302,20260928123302,20260928105302,20260928123302,PM
2026-09-28T03:40:31.364923+00:00,PMP00513,09,3,20260928123302,20260928123302,20260928121302,20260928123302,PM
2026-09-28T03:40:31.364923+00:00,PMP00513,10,3,20260928123302,20260928123302,20260928121302,20260928123302,PM
2026-09-28T03:40:31.364923+00:00,PMP00514,04,3,20260928123301,20260928123301,20260928121301,20260928123301,PM
2026-09-28T03:40:31.364923+00:00,PMP00516,01,3,20260928123301,20260928123301,20260928113301,20260928123301,PM
2026-09-28T03:40:31.364923+00:00,PMP00519,01,1,20260928123819,20260928113301,20260928113819,,PM
2026-09-28T03:40:31.364923+00:00,PMP00519,02,1,20260928123819,20260928111301,20260928111819,,PM
2026-09-28T03:40:31.364923+00:00,PMP00519,03,1,20260928123819,20260928123301,20260928123819,,PM
2026-09-28T03:40:31.364923+00:00,PMP00519,04,1,20260928123819,20260928113301,20260928113819,,PM
2026-09-28T03:40:31.364923+00:00,PMP00519,05,1,20260928123819,20260928113301,20260928113819,,PM
2026-09-28T03:40:31.364923+00:00,PMP00519,06,1,20260928123819,20260928065301,20260928065819,,PM
2026-09-28T03:40:31.364923+00:00,PMP00519,07,1,20260928123819,20260928103301,20260928103819,,PM
2026-09-28T03:40:31.364923+00:00,PMP00519,08,1,20260928123819,20260928121301,20260928121819,,PM
2026-09-28T03:40:31.364923+00:00,PMP00519,09,1,20260928123819,20260928121301,20260928121819,,PM
2026-09-28T03:40:31.364923+00:00,PMP00519,10,1,20260928123819,20260928083301,20260928083819,,PM
2026-09-28T03:40:31.364923+00:00,PMP00519,11,1,20260928123819,20260928105301,20260928105819,,PM
2026-09-28T03:40:31.364923+00:00,PMP00519,12,1,20260928123819,20260928121301,20260928121819,,PM
2026-09-28T03:40:31.364923+00:00,PMP00519,13,1,20260928123819,20260928105301,20260928105819,,PM
2026-09-28T03:40:31.364923+00:00,PMP00519,14,1,20260928123819,20260928093301,20260928093819,,PM
2026-09-28T03:40:31.364923+00:00,PMP00519,15,1,20260928123819,20260928095301,20260928095819,,PM
2026-09-28T03:40:31.364923+00:00,PMP00519,16,1,20260928123819,20260927215301,20260927215819,,PM
2026-09-28T03:40:31.364923+00:00,PMP00525,03,2,20260928123301,20260928115301,20260928123301,,PM
2026-09-28T03:40:31.364923+00:00,PMP00525,06,3,20260928123301,20260928123301,20260928121301,20260928123301,PM
2026-09-28T03:40:31.364923+00:00,PMP00525,07,3,20260928123301,20260928123301,20260928113301,20260928123301,PM
2026-09-28T03:40:31.364923+00:00,PMP00525,08,3,20260928123301,20260928123301,20260928115301,20260928123301,PM
2026-09-28T03:40:31.364923+00:00,PMP00526,01,3,20260928123301,20260928123301,20260928115301,20260928123301,PM
2026-09-28T03:40:31.364923+00:00,PW010754,01,3,20260928123207,20260928123207,20260923094720,20260928123115,PW
2026-09-28T03:40:31.364923+00:00,PW011044,04,3,20260928123512,20260928123512,20260927233501,20260928123133,PW
2026-09-28T03:40:31.364923+00:00,PW012050,02,2,20260928123116,20260927212148,20260927232208,,PW
2026-09-28T03:40:31.364923+00:00,PW012267,04,2,20260928124009,20260927190946,20260927211006,,PW
2026-09-28T03:40:31.364923+00:00,PW012513,02,2,20260928123209,20260928071638,20260928111709,,PW
2026-09-28T03:40:31.364923+00:00,PW012681,02,3,20260928123613,20260928123613,20260928064554,20260928123347,PW
2026-09-28T03:40:31.364923+00:00,PW013067,01,3,20260928123624,20260928123624,20260926230153,20260928123529,PW
2026-09-28T03:40:31.364923+00:00,PW013069,01,2,20260928123221,20260928084517,20260928122954,,PW
2026-09-28T03:40:31.364923+00:00,PW013097,02,5,20260928123221,20260905215824,20260906211725,,PW
2026-09-28T03:40:31.364923+00:00,PW013123,05,2,20260928123333,20260927222358,20260928055435,,PW
2026-09-28T03:40:31.364923+00:00,PW013447,07,2,20260928123245,20260928111738,20260928122911,,PW
2026-09-28T03:40:31.364923+00:00,PW014333,02,2,20260928123323,20260928103153,20260928121717,,PW
2026-09-28T03:40:31.364923+00:00,PW015433,05,3,20260928123820,20260928123820,20260928002946,20260928123704,PW
2026-09-28T03:40:31.364923+00:00,PW100966,03,2,20260928123814,20260928093807,20260928123426,,PW
2026-09-28T03:40:31.364923+00:00,PW101190,03,2,20260928123409,20260928070947,20260928092502,,PW
2026-09-28T03:40:31.364923+00:00,PW800065,02,3,20260928123311,20260928123311,20260928100324,20260928122919,PW
2026-09-28T03:40:31.364923+00:00,PW800267,13,3,20260928123409,20260928123409,20260927105546,20260928123356,PW
2026-09-28T03:40:31.364923+00:00,PW800794,02,2,20260928123114,20260927225757,20260928082210,,PW
2026-09-28T03:40:31.364923+00:00,PW800837,04,2,20260928124009,20260927124146,20260927132252,,PW
2026-09-28T03:40:31.364923+00:00,PW800939,03,3,20260928123613,20260928123613,20260928020855,20260928123426,PW
2026-09-28T03:40:31.364923+00:00,PW801496,12,2,20260928123243,20260928031330,20260928071104,,PW
2026-09-28T03:40:31.364923+00:00,PWE00619,18,3,20260928123921,20260928123921,20260927045917,20260928123921,PW
2026-09-28T03:40:31.364923+00:00,PWE00619,26,3,20260928123921,20260928123921,20260928121221,20260928123921,PW
2026-09-28T03:40:31.364923+00:00,PWE00863,83,2,20260928123708,20260928104009,20260928123708,,PW
2026-09-28T03:40:31.364923+00:00,PWE03874,09,3,20260928123824,20260928123824,20260928040533,20260928123824,PW
2026-09-28T03:40:31.364923+00:00,PWE06842,01,3,20260928123311,20260928123311,20260925072110,20260928123311,PW
2026-09-28T03:40:31.364923+00:00,SE000004,01,2,20260928123941,20260928111935,20260928123857,,SE
2026-09-28T03:40:31.364923+00:00,SE000017,11,3,20260928123241,20260928123148,20260928094541,20260928123148,SE
2026-09-28T03:40:31.364923+00:00,SE000042,02,3,20260928123041,20260928123007,20260927135139,20260928123007,SE
2026-09-28T03:40:31.364923+00:00,SE000061,02,2,20260928123341,20260928103304,20260928123309,,SE
2026-09-28T03:40:31.364923+00:00,SE000062,01,3,20260928123941,20260928123935,20260928101342,20260928123935,SE
2026-09-28T03:40:31.364923+00:00,SE000067,01,3,20260928123441,20260928123410,20260928122504,20260928123410,SE
2026-09-28T03:40:31.364923+00:00,SE000076,01,2,20260928123541,20260928120651,20260928123506,,SE
2026-09-28T03:40:31.364923+00:00,SE000099,02,3,20260928123341,20260928123244,20260928071535,20260928123244,SE
2026-09-28T03:40:31.364923+00:00,SE000103,01,2,20260928123941,20260928113305,20260928123913,,SE
2026-09-28T03:40:31.364923+00:00,SE000139,01,3,20260928123741,20260928123713,20260928092925,20260928123713,SE
2026-09-28T03:40:31.364923+00:00,SE000142,01,3,20260928123541,20260928123519,20260928114223,20260928123519,SE
2026-09-28T03:40:31.364923+00:00,SE000145,02,2,20260928123841,20260928110806,20260928123803,,SE
2026-09-28T03:40:31.364923+00:00,SE000147,05,3,20260928123141,20260928123049,20260928000601,20260928123049,SE
2026-09-28T03:40:31.364923+00:00,SE000152,01,2,20260928123641,20260928115858,20260928123630,,SE
2026-09-28T03:40:31.364923+00:00,SE000170,02,2,20260928123941,20260928122116,20260928123928,,SE
2026-09-28T03:40:31.364923+00:00,SE000177,02,2,20260928123441,20260928121522,20260928123336,,SE
2026-09-28T03:40:31.364923+00:00,SE000188,03,3,20260928123241,20260928123241,20260928121651,20260928123241,SE
2026-09-28T03:40:31.364923+00:00,SE000190,02,2,20260928123641,20260928121534,20260928123627,,SE
2026-09-28T03:40:31.364923+00:00,SE000220,01,2,20260928123441,20260928113959,20260928123414,,SE
2026-09-28T03:40:31.364923+00:00,SE000233,03,3,20260928123341,20260928123242,20260923200709,20260928123242,SE
2026-09-28T03:40:31.364923+00:00,SF000422,00,2,20260928123247,20260927090346,20260928122412,,SF
2026-09-28T03:40:31.364923+00:00,SF000438,07,2,20260928123233,20260928085710,20260928122613,,SF
2026-09-28T03:40:31.364923+00:00,SF000537,28,3,20260928123243,20260928123243,20260922035924,20260928122413,SF
2026-09-28T03:40:31.364923+00:00,SF000617,25,2,20260928123927,20260927023657,20260928123504,,SF
2026-09-28T03:40:31.364923+00:00,SF000817,03,2,20260928123227,20260927122921,20260928122536,,SF
2026-09-28T03:40:31.364923+00:00,SF000941,18,2,20260928123950,20260928105612,20260928123620,,SF
2026-09-28T03:40:31.364923+00:00,SF001012,09,3,20260928123947,20260928123947,20260928120623,20260928080719,SF
2026-09-28T03:40:31.364923+00:00,SF001219,65,3,20260928123246,20260928123246,20260928093423,20260928122436,SF
2026-09-28T03:40:31.364923+00:00,SF001438,76,2,20260928123956,20260927233324,20260928122543,,SF
2026-09-28T03:40:31.364923+00:00,SF001438,79,2,20260928123249,20260928122623,20260928123249,,SF
2026-09-28T03:40:31.364923+00:00,SF002073,11,2,20260928123955,20260928082337,20260928123140,,SF
2026-09-28T03:40:31.364923+00:00,SF002542,02,3,20260928123248,20260928123248,20260927213933,20260928120331,SF
2026-09-28T03:40:31.364923+00:00,SF002542,03,2,20260928123957,20260928103307,20260928122543,,SF
2026-09-28T03:40:31.364923+00:00,SF002611,10,3,20260928123947,20260928123947,20260928115209,20260928123453,SF
2026-09-28T03:40:31.364923+00:00,SF002830,05,2,20260928124000,20260928093110,20260928123115,,SF
2026-09-28T03:40:31.364923+00:00,SF002897,02,2,20260928124001,20260928112708,20260928123343,,SF
2026-09-28T03:40:31.364923+00:00,SF002903,60,3,20260928123946,20260928123946,20260927223534,20260928122715,SF
2026-09-28T03:40:31.364923+00:00,SF002993,30,3,20260928123927,20260928123927,20260927174541,20260928122916,SF
2026-09-28T03:40:31.364923+00:00,SF003030,02,3,20260928123248,20260928123248,20260927214508,20260928120342,SF
2026-09-28T03:40:31.364923+00:00,SF003354,01,3,20260928123957,20260928123957,20260922153420,20260928120745,SF
2026-09-28T03:40:31.364923+00:00,SF003354,03,3,20260928123957,20260928123957,20260917140932,20260928122949,SF
2026-09-28T03:40:31.364923+00:00,SF003602,01,3,20260928123957,20260928123957,20260928120239,20260928123357,SF
2026-09-28T03:40:31.364923+00:00,SF003602,02,2,20260928123957,20260928105241,20260928123620,,SF
2026-09-28T03:40:31.364923+00:00,ST111101,32,3,20260928123529,20260928123529,20260928111933,20260928073546,ST
2026-09-28T03:40:31.364923+00:00,ST111427,01,3,20260928123548,20260928123548,20260928122546,20260928033032,ST
2026-09-28T03:40:31.364923+00:00,ST112004,03,3,20260928123528,20260928123528,20260927185105,20260928123528,ST
2026-09-28T03:40:31.364923+00:00,ST112102,03,2,20260928123931,20260922085209,20260928123931,,ST
2026-09-28T03:40:31.364923+00:00,ST112607,07,2,20260928123740,20260922133606,20260923111523,,ST
2026-09-28T03:40:31.364923+00:00,ST112901,03,2,20260928123129,20260921163013,20260921170908,,ST
2026-09-28T03:40:31.364923+00:00,ST113009,03,3,20260928123540,20260921192527,20260923184643,20260928123540,ST
2026-09-28T03:40:31.364923+00:00,ST113802,08,2,20260928123927,20260927054325,20260927055125,,ST
2026-09-28T03:40:31.364923+00:00,ST114401,05,3,20260928123929,20260928075055,20260928111945,20260928123929,ST
2026-09-28T03:40:31.364923+00:00,ST114420,04,3,20260928123550,20260928123550,20260928120353,20260928060321,ST
2026-09-28T03:40:31.364923+00:00,ST115019,04,2,20260928123151,20260928120949,20260928123151,,ST
2026-09-28T03:40:31.364923+00:00,ST115020,03,3,20260928123346,20260928090827,20260928100453,20260928123346,ST
2026-09-28T03:40:31.364923+00:00,ST115021,14,3,20260928123350,20260928123350,20260928083353,20260928074710,ST
2026-09-28T03:40:31.364923+00:00,ST115311,04,3,20260928123339,20260928123339,20260927080451,20260927072639,ST
2026-09-28T03:40:31.364923+00:00,ST115312,02,2,20260928123934,20260928122737,20260928123934,,ST
2026-09-28T03:40:31.364923+00:00,ST115417,02,3,20260928123934,20260928123934,20260928115137,20260928081714,ST
2026-09-28T03:40:31.364923+00:00,ST115604,04,2,20260928123137,20260928080331,20260928123137,,ST
2026-09-28T03:40:31.364923+00:00,ST115621,01,3,20260928123157,20260928105205,20260928111409,20260928123157,ST
2026-09-28T03:40:31.364923+00:00,ST116507,01,3,20260928123936,20260928123936,20260928093145,20260927195959,ST
2026-09-28T03:40:31.364923+00:00,ST116514,02,3,20260928123743,20260924080457,20260928030118,20260928123743,ST
2026-09-28T03:40:31.364923+00:00,ST116526,03,3,20260928123939,20260928095858,20260928104850,20260928123939,ST
2026-09-28T03:40:31.364923+00:00,ST116534,02,3,20260928123556,20260928090953,20260928095123,20260928123556,ST
2026-09-28T03:40:31.364923+00:00,ST116534,03,3,20260928123553,20260928123553,20260928123354,20260928110804,ST
2026-09-28T03:40:31.364923+00:00,ST117110,02,2,20260928123740,20260928051331,20260928054044,,ST
2026-09-28T03:40:31.364923+00:00,ST600005,02,2,20260928123154,20260928121749,20260928123154,,ST
2026-09-28T03:40:31.364923+00:00,ST600020,01,3,20260928123554,20260928053346,20260928061822,20260928123554,ST
2026-09-28T03:40:31.364923+00:00,ST600068,08,2,20260928123157,20260928023124,20260928123157,,ST
2026-09-28T03:40:31.364923+00:00,ST600280,03,2,20260928123756,20260928094757,20260928123756,,ST
2026-09-28T03:40:31.364923+00:00,ST600321,02,2,20260928123554,20260928104925,20260928111433,,ST
2026-09-28T03:40:31.364923+00:00,ST600325,03,3,20260928123401,20260927054244,20260928095944,20260928123401,ST
2026-09-28T03:40:31.364923+00:00,ST601200,01,2,20260928124008,20260928122808,20260928124008,,ST
2026-09-28T03:40:31.364923+00:00,ST601200,02,3,20260928123408,20260928103000,20260928103811,20260928123408,ST
2026-09-28T03:40:31.364923+00:00,ST601333,16,3,20260928123407,20260923063437,20260923163624,20260928123407,ST
2026-09-28T03:40:31.364923+00:00,ST601497,01,2,20260928123414,20260928120816,20260928123414,,ST
2026-09-28T03:40:31.364923+00:00,ST601592,06,2,20260928123612,20260925212406,20260926181353,,ST
2026-09-28T03:40:31.364923+00:00,ST602160,02,2,20260928123821,20260928090622,20260928123821,,ST
2026-09-28T03:40:31.364923+00:00,SZBA0006,12,9,20260928123820,20260923131410,20260923131548,,SZ
2026-09-28T03:40:31.364923+00:00,SZBA0008,01,2,20260928123753,20260928121038,20260928123753,,SZ
2026-09-28T03:40:31.364923+00:00,SZBA0008,02,2,20260928123754,20260928121001,20260928123754,,SZ
2026-09-28T03:40:31.364923+00:00,SZBA0008,05,2,20260928123910,20260928122455,20260928123910,,SZ
2026-09-28T03:40:31.364923+00:00,SZBA0008,06,2,20260928123911,20260928122545,20260928123911,,SZ
2026-09-28T03:40:31.364923+00:00,SZBA0008,19,2,20260928123308,20260928121228,20260928123308,,SZ
2026-09-28T03:40:31.364923+00:00,SZBA0008,20,2,20260928123306,20260928121301,20260928123306,,SZ
2026-09-28T03:40:31.364923+00:00,SZBA0017,01,2,20260928123219,20260928121817,20260928123219,,SZ
2026-09-28T03:40:31.364923+00:00,SZBA0025,01,3,20260928123445,20260928123445,20260928122736,20260928123445,SZ
2026-09-28T03:40:31.364923+00:00,SZBA0025,02,3,20260928123401,20260928123401,20260928122737,20260928123401,SZ
2026-09-28T03:40:31.364923+00:00,SZBA0026,01,3,20260928123816,20260928123816,20260928122604,20260928123816,SZ
2026-09-28T03:40:31.364923+00:00,SZBA0026,02,3,20260928123934,20260928123934,20260928122605,20260928123934,SZ
2026-09-28T03:40:31.364923+00:00,SZBA0058,01,3,20260928123811,20260928123811,20260928123310,20260928123811,SZ
2026-09-28T03:40:31.364923+00:00,SZBA0058,02,3,20260928123811,20260928123811,20260928123310,20260928123811,SZ
2026-09-28T03:40:31.364923+00:00,SZBA0060,02,3,20260928123344,20260928123344,20260928123309,20260928123344,SZ
2026-09-28T03:40:31.364923+00:00,SZBA0079,02,2,20260928123900,20260708143008,20260928123900,,SZ
2026-09-28T03:40:31.364923+00:00,SZBA0122,01,3,20260928123830,20260928123830,20260928123307,20260928123830,SZ
