fetched_at,statId,chgerId,stat,statUpdDt,lastTsdt,lastTedt,nowTsdt,busiId
2026-09-30T00:00:48.694611+00:00,ME174013,01,2,20260930085742,20260930065644,20260930070436,,ME
2026-09-30T00:00:48.694611+00:00,ME174027,01,2,20260930085748,20260929105359,20260929113720,,ME
2026-09-30T00:00:48.694611+00:00,ME174039,01,5,20260930085748,20260929103213,20260929105255,,ME
2026-09-30T00:00:48.694611+00:00,ME178009,01,2,20260930085751,20260930071017,20260930073939,,ME
2026-09-30T00:00:48.694611+00:00,ME178009,02,2,20260930085757,20260930062932,20260930071102,,ME
2026-09-30T00:00:48.694611+00:00,ME181102,01,3,20260930085805,20260929161202,20260929165057,20260930084754,ME
2026-09-30T00:00:48.694611+00:00,ME181150,12,2,20260930085808,20260928184224,20260928192849,,ME
2026-09-30T00:00:48.694611+00:00,ME181150,13,2,20260930085816,20260926151936,20260926160257,,ME
2026-09-30T00:00:48.694611+00:00,ME183001,01,2,20260930085818,20260929180129,20260929182314,,ME
2026-09-30T00:00:48.694611+00:00,ME183002,01,2,20260930085822,20260928172214,20260928180520,,ME
2026-09-30T00:00:48.694611+00:00,ME183003,01,2,20260930085828,20260929212028,20260929215044,,ME
2026-09-30T00:00:48.694611+00:00,ME183004,01,2,20260930085835,20260929161316,20260929162312,,ME
2026-09-30T00:00:48.694611+00:00,ME183006,01,3,20260930085838,20260929190208,20260929192847,20260930083237,ME
2026-09-30T00:00:48.694611+00:00,ME183008,01,2,20260930085842,20260929205647,20260929213713,,ME
2026-09-30T00:00:48.694611+00:00,ME183009,01,2,20260930085847,20260929151830,20260929160034,,ME
2026-09-30T00:00:48.694611+00:00,ME183103,01,2,20260930085852,20260929191516,20260929195351,,ME
2026-09-30T00:00:48.694611+00:00,ME183103,02,2,20260930085856,20260929155451,20260929163754,,ME
2026-09-30T00:00:48.694611+00:00,ME183103,52,2,20260930085858,20260929173821,20260929180606,,ME
2026-09-30T00:00:48.694611+00:00,ME183219,01,2,20260930085902,20260929200427,20260929203732,,ME
2026-09-30T00:00:48.694611+00:00,ME183219,02,2,20260930085909,20260929093147,20260929100508,,ME
2026-09-30T00:00:48.694611+00:00,ME183219,52,2,20260930085907,20260930030005,20260930032224,,ME
2026-09-30T00:00:48.694611+00:00,ME184075,01,2,20260930085414,20260928034912,20260928043235,,ME
2026-09-30T00:00:48.694611+00:00,ME184076,01,2,20260930085417,20260929195045,20260929203129,,ME
2026-09-30T00:00:48.694611+00:00,ME18B159,01,2,20260930085421,20260928210359,20260928213619,,ME
2026-09-30T00:00:48.694611+00:00,ME18B163,01,2,20260930085425,20260930081017,20260930085322,,ME
2026-09-30T00:00:48.694611+00:00,ME18B164,01,2,20260930085430,20260929164001,20260929170721,,ME
2026-09-30T00:00:48.694611+00:00,ME18B165,01,2,20260930085434,20260929170315,20260929173816,,ME
2026-09-30T00:00:48.694611+00:00,ME18B166,01,3,20260930085440,20260929194106,20260929202410,20260930081758,ME
2026-09-30T00:00:48.694611+00:00,ME18B168,01,2,20260930085441,20260927112733,20260927120328,,ME
2026-09-30T00:00:48.694611+00:00,ME18B169,01,3,20260930085654,20260929125120,20260929133123,20260930083149,ME
2026-09-30T00:00:48.694611+00:00,ME18B170,01,2,20260930085455,20260929190937,20260929192157,,ME
2026-09-30T00:00:48.694611+00:00,ME18B175,01,2,20260930085456,20260930063908,20260930064846,,ME
2026-09-30T00:00:48.694611+00:00,ME18B176,01,2,20260930085502,20260930065457,20260930071418,,ME
2026-09-30T00:00:48.694611+00:00,ME18B179,01,2,20260930085508,20260929171413,20260929175719,,ME
2026-09-30T00:00:48.694611+00:00,ME18B180,01,2,20260930085510,20260929201943,20260929204418,,ME
2026-09-30T00:00:48.694611+00:00,ME18B181,01,2,20260930085516,20260930050838,20260930054905,,ME
2026-09-30T00:00:48.694611+00:00,ME18B183,01,2,20260930085525,20260929165929,20260929173119,,ME
2026-09-30T00:00:48.694611+00:00,ME18B278,11,2,20260930085527,20260930064318,20260930070542,,ME
2026-09-30T00:00:48.694611+00:00,ME18B278,12,2,20260930085524,20260930062334,20260930064705,,ME
2026-09-30T00:00:48.694611+00:00,ME18B279,11,3,20260930085821,20260930065614,20260930072146,20260930084318,ME
2026-09-30T00:00:48.694611+00:00,ME18B279,12,2,20260930085530,20260929183833,20260929191948,,ME
2026-09-30T00:00:48.694611+00:00,ME18B284,11,2,20260930085536,20260930021341,20260930022920,,ME
2026-09-30T00:00:48.694611+00:00,ME18B284,12,3,20260930085723,20260929220508,20260929223117,20260930085218,ME
2026-09-30T00:00:48.694611+00:00,ME18B288,11,2,20260930085543,20260929044905,20260929051345,,ME
2026-09-30T00:00:48.694611+00:00,ME18B288,12,2,20260930085544,20260929110217,20260929112118,,ME
2026-09-30T00:00:48.694611+00:00,ME19A152,01,2,20260930085809,20260929021505,20260929023426,,ME
2026-09-30T00:00:48.694611+00:00,ME19A153,01,2,20260930085551,20260929215926,20260929224233,,ME
2026-09-30T00:00:48.694611+00:00,ME19A160,01,2,20260930085555,20260929003451,20260929010435,,ME
2026-09-30T00:00:48.694611+00:00,ME19A164,01,2,20260930085600,20260929200813,20260929202401,,ME
2026-09-30T00:00:48.694611+00:00,ME19A170,01,2,20260930085820,20260930070139,20260930074139,,ME
2026-09-30T00:00:48.694611+00:00,ME19D118,01,2,20260930085646,20260927174552,20260927182552,,ME
2026-09-30T00:00:48.694611+00:00,ME19X403,42,5,20260930085700,20260929183852,20260929191852,,ME
2026-09-30T00:00:48.694611+00:00,ME19X403,43,2,20260930085808,20260929191139,20260929194836,,ME
2026-09-30T00:00:48.694611+00:00,ME19X403,44,2,20260930085816,20260929091741,20260929095741,,ME
2026-09-30T00:00:48.694611+00:00,ME19X403,45,2,20260930085744,20260930071214,20260930075214,,ME
2026-09-30T00:00:48.694611+00:00,ME19X417,42,3,20260930085655,20260929115117,20260929123117,20260930084220,ME
2026-09-30T00:00:48.694611+00:00,ME19X417,43,2,20260930085724,20260929171916,20260929175814,,ME
2026-09-30T00:00:48.694611+00:00,ME19X417,44,2,20260930085713,20260929111734,20260929114433,,ME
2026-09-30T00:00:48.694611+00:00,ME19X417,45,2,20260930085735,20260929111917,20260929114931,,ME
2026-09-30T00:00:48.694611+00:00,ME19Y284,21,2,20260930085740,20260929200231,20260929202035,,ME
2026-09-30T00:00:48.694611+00:00,ME19Y284,22,2,20260930085740,20260930060943,20260930064943,,ME
2026-09-30T00:00:48.694611+00:00,ME19Y601,21,2,20260930085530,20260930055453,20260930060109,,ME
2026-09-30T00:00:48.694611+00:00,ME19Y601,22,2,20260930085530,20260930050018,20260930053345,,ME
2026-09-30T00:00:48.694611+00:00,ME19Y601,23,3,20260930085738,20260930005950,20260930013811,20260930083924,ME
2026-09-30T00:00:48.694611+00:00,ME19Y601,24,2,20260930085824,20260930065711,20260930073711,,ME
2026-09-30T00:00:48.694611+00:00,ME19Y601,25,2,20260930085745,20260930051432,20260930055432,,ME
2026-09-30T00:00:48.694611+00:00,ME19Y601,26,2,20260930085745,20260930040745,20260930043839,,ME
2026-09-30T00:00:48.694611+00:00,ME20A193,01,2,20260930085717,20260930005434,20260930013434,,ME
2026-09-30T00:00:48.694611+00:00,ME20A194,01,2,20260930085718,20260930080651,20260930084227,,ME
2026-09-30T00:00:48.694611+00:00,ME20A195,01,2,20260930085730,20260930060246,20260930063346,,ME
2026-09-30T00:00:48.694611+00:00,ME20A196,01,5,20260930085658,20260929233453,20260930001453,,ME
2026-09-30T00:00:48.694611+00:00,ME20A197,01,2,20260930085720,20260930001908,20260930005908,,ME
2026-09-30T00:00:48.694611+00:00,ME20A198,01,2,20260930085724,20260924114711,20260924120154,,ME
2026-09-30T00:00:48.694611+00:00,ME20A199,01,2,20260930085722,20260930064555,20260930070510,,ME
2026-09-30T00:00:48.694611+00:00,ME20A1a0,01,2,20260930085727,20260929192444,20260929200444,,ME
2026-09-30T00:00:48.694611+00:00,ME20A1a1,01,2,20260930085721,20260929194918,20260929202905,,ME
2026-09-30T00:00:48.694611+00:00,ME20A1a2,01,2,20260930085720,20260929081412,20260929085412,,ME
2026-09-30T00:00:48.694611+00:00,ME20A1a3,01,2,20260930085715,20260929120626,20260929124626,,ME
2026-09-30T00:00:48.694611+00:00,ME20A1a4,01,2,20260930085722,20260929172748,20260929180748,,ME
2026-09-30T00:00:48.694611+00:00,ME20A1a5,01,3,20260930085534,20260929134345,20260929142345,20260930084529,ME
2026-09-30T00:00:48.694611+00:00,ME20A1a6,01,2,20260930085729,20260929165352,20260929172644,,ME
2026-09-30T00:00:48.694611+00:00,ME20A1a7,01,3,20260930085654,20260929155040,20260929163040,20260930083143,ME
2026-09-30T00:00:48.694611+00:00,ME20A1a8,01,2,20260930085805,20260930064734,20260930072734,,ME
2026-09-30T00:00:48.694611+00:00,ME20A1a9,01,2,20260930085720,20260929191853,20260929193130,,ME
2026-09-30T00:00:48.694611+00:00,ME20A1b0,01,2,20260930085726,20260930035447,20260930041647,,ME
2026-09-30T00:00:48.694611+00:00,ME20A278,21,2,20260930085718,20260929103706,20260929110555,,ME
2026-09-30T00:00:48.694611+00:00,ME20A278,22,2,20260930085718,20260926174941,20260926182941,,ME
2026-09-30T00:00:48.694611+00:00,ME20A279,21,2,20260930085759,20260929103130,20260929111130,,ME
2026-09-30T00:00:48.694611+00:00,ME20A279,22,2,20260930085759,20260929131018,20260929135018,,ME
2026-09-30T00:00:48.694611+00:00,ME20A280,01,2,20260930085738,20260929172140,20260929180140,,ME
2026-09-30T00:00:48.694611+00:00,ME20A280,02,2,20260930085639,20260929171348,20260929175348,,ME
2026-09-30T00:00:48.694611+00:00,ME20A301,01,2,20260930085736,20260929132007,20260929140007,,ME
2026-09-30T00:00:48.694611+00:00,ME20A301,21,2,20260930085731,20260929192540,20260929200141,,ME
2026-09-30T00:00:48.694611+00:00,ME20A301,22,2,20260930085731,20260928202803,20260928210126,,ME
2026-09-30T00:00:48.694611+00:00,ME20A409,21,2,20260930085644,20260929184057,20260929192057,,ME
2026-09-30T00:00:48.694611+00:00,ME20A409,22,2,20260930085644,20260929190325,20260929194325,,ME
2026-09-30T00:00:48.694611+00:00,ME20A409,23,2,20260930085735,20260930062259,20260930070132,,ME
2026-09-30T00:00:48.694611+00:00,ME20A409,24,3,20260930085900,20260929181034,20260929185034,20260930085219,ME
2026-09-30T00:00:48.694611+00:00,ME20A410,01,2,20260930085755,20260928201447,20260928204025,,ME
2026-09-30T00:00:48.694611+00:00,ME20A410,02,2,20260930085758,20260930082353,20260930084751,,ME
2026-09-30T00:00:48.694611+00:00,ME20A410,03,3,20260930085744,20260929171250,20260929172912,20260930085242,ME
2026-09-30T00:00:48.694611+00:00,ME20A410,91,3,20260930085705,20260929164612,20260929171436,20260930082149,ME
2026-09-30T00:00:48.694611+00:00,ME20A411,01,2,20260930085829,20260929155215,20260929162521,,ME
2026-09-30T00:00:48.694611+00:00,ME20A411,02,2,20260930085818,20260929090407,20260929091537,,ME
2026-09-30T00:00:48.694611+00:00,ME20A411,03,2,20260930085827,20260928135236,20260928135343,,ME
2026-09-30T00:00:48.694611+00:00,ME20A411,04,2,20260930085827,20260929153642,20260929161642,,ME
2026-09-30T00:00:48.694611+00:00,ME21B171,01,3,20260930085741,20260930074546,20260930081204,20260930083932,ME
2026-09-30T00:00:48.694611+00:00,ME21B245,02,3,20260930085858,20260930071357,20260930075400,20260930085455,ME
2026-09-30T00:00:48.694611+00:00,ME21B305,03,2,20260930085328,20260930010636,20260930013830,,ME
2026-09-30T00:00:48.694611+00:00,ME21B404,04,3,20260930085814,20260930073340,20260930081244,20260930082536,ME
2026-09-30T00:00:48.694611+00:00,ME21C250,21,2,20260930085811,20260930052145,20260930053203,,ME
2026-09-30T00:00:48.694611+00:00,ME21C250,22,2,20260930085811,20260929205406,20260929211350,,ME
2026-09-30T00:00:48.694611+00:00,ME21C251,21,2,20260930085811,20260929153509,20260929161310,,ME
2026-09-30T00:00:48.694611+00:00,ME21C251,22,2,20260930085811,20260930081010,20260930083319,,ME
2026-09-30T00:00:48.694611+00:00,ME22C1B8,01,2,20260930085838,20260929204802,20260929210705,,ME
2026-09-30T00:00:48.694611+00:00,ME22C1B9,01,2,20260930085841,20260929211003,20260929214350,,ME
2026-09-30T00:00:48.694611+00:00,ME22C1C0,01,2,20260930085908,20260927112449,20260927120450,,ME
2026-09-30T00:00:48.694611+00:00,ME22C802,01,2,20260930085820,20260929162228,20260929164826,,ME
2026-09-30T00:00:48.694611+00:00,ME22C802,02,2,20260930085837,20260929180016,20260929181119,,ME
2026-09-30T00:00:48.694611+00:00,ME22C802,03,3,20260930085849,20260929190144,20260929194144,20260930085849,ME
2026-09-30T00:00:48.694611+00:00,ME22C802,04,2,20260930085903,20260929153814,20260929155032,,ME
2026-09-30T00:00:48.694611+00:00,ME22C802,05,2,20260930085818,20260930080310,20260930084314,,ME
2026-09-30T00:00:48.694611+00:00,ME22C802,06,3,20260930085817,20260929183013,20260929185559,20260930083810,ME
2026-09-30T00:00:48.694611+00:00,ME22C802,07,2,20260930085813,20260929121953,20260929125955,,ME
2026-09-30T00:00:48.694611+00:00,ME22C802,08,2,20260930085818,20260929141858,20260929142025,,ME
2026-09-30T00:00:48.694611+00:00,ME22D121,01,2,20260930085843,20260929120750,20260929124415,,ME
2026-09-30T00:00:48.694611+00:00,ME22D134,01,2,20260930085817,20260929132656,20260929133414,,ME
2026-09-30T00:00:48.694611+00:00,ME22D152,01,2,20260930085823,20260926114927,20260926122929,,ME
2026-09-30T00:00:48.694611+00:00,ME22D205,01,2,20260930085836,20260929085805,20260929093650,,ME
2026-09-30T00:00:48.694611+00:00,ME22D205,02,2,20260930085826,20260929090220,20260929092410,,ME
2026-09-30T00:00:48.694611+00:00,ME22D402,01,2,20260930085824,20260928125211,20260928133214,,ME
2026-09-30T00:00:48.694611+00:00,ME22D402,02,2,20260930085909,20260928202319,20260928210322,,ME
2026-09-30T00:00:48.694611+00:00,ME22D402,03,2,20260930085857,20260929235358,20260930000701,,ME
2026-09-30T00:00:48.694611+00:00,ME22D402,04,2,20260930085857,20260929132601,20260929140604,,ME
2026-09-30T00:00:48.694611+00:00,ME22M301,01,2,20260930085812,20260929175149,20260929180611,,ME
2026-09-30T00:00:48.694611+00:00,ME22M301,02,2,20260930085908,20260929194543,20260929200157,,ME
2026-09-30T00:00:48.694611+00:00,ME22M301,81,2,20260930085825,20260930070600,20260930073814,,ME
2026-09-30T00:00:48.694611+00:00,ME22M301,82,3,20260930085817,20260930064625,20260930070648,20260930084910,ME
2026-09-30T00:00:48.694611+00:00,ME22M301,83,2,20260930085908,20260929172501,20260929173951,,ME
2026-09-30T00:00:48.694611+00:00,ME22M301,84,2,20260930085818,20260927145733,20260927150941,,ME
2026-09-30T00:00:48.694611+00:00,ME22M302,33,2,20260930085836,20260929164143,20260929165535,,ME
2026-09-30T00:00:48.694611+00:00,ME22M302,34,2,20260930085845,20260928104130,20260928112131,,ME
2026-09-30T00:00:48.694611+00:00,ME22M302,35,2,20260930085815,20260926140047,20260926144048,,ME
2026-09-30T00:00:48.694611+00:00,ME22M302,36,2,20260930085859,20260930065914,20260930073606,,ME
2026-09-30T00:00:48.694611+00:00,ME25A102,01,2,20260930085507,20260930074211,20260930082230,,ME
2026-09-30T00:00:48.694611+00:00,ME25A107,01,2,20260930085502,20260928075203,20260928082134,,ME
2026-09-30T00:00:48.694611+00:00,ME25A108,01,2,20260930085720,20260916152726,20260916155313,,ME
2026-09-30T00:00:48.694611+00:00,ME25A109,01,2,20260930085504,20260929164307,20260929165850,,ME
2026-09-30T00:00:48.694611+00:00,ME25A401,21,2,20260930085508,20260929154744,20260929161259,,ME
2026-09-30T00:00:48.694611+00:00,ME25A401,22,2,20260930085510,20260927172330,20260927173405,,ME
2026-09-30T00:00:48.694611+00:00,ME25A401,23,2,20260930085516,20260930065641,20260930070516,,ME
2026-09-30T00:00:48.694611+00:00,ME25A401,24,2,20260930085518,20260929102023,20260929102609,,ME
2026-09-30T00:00:48.694611+00:00,ME25A403,21,2,20260930085529,20260916152734,20260916160739,,ME
2026-09-30T00:00:48.694611+00:00,ME25A403,22,2,20260930085531,20260923065817,20260923073818,,ME
2026-09-30T00:00:48.694611+00:00,ME25A403,23,2,20260930085541,20260924140639,20260924143045,,ME
2026-09-30T00:00:48.694611+00:00,ME25A403,24,2,20260930085543,20260919131936,20260919132044,,ME
2026-09-30T00:00:48.694611+00:00,ME25A404,21,3,20260930085652,20260930000830,20260930002500,20260930085150,ME
2026-09-30T00:00:48.694611+00:00,ME25A404,22,2,20260930085554,20260930072849,20260930075210,,ME
2026-09-30T00:00:48.694611+00:00,ME25A404,23,2,20260930085607,20260929155235,20260929155919,,ME
2026-09-30T00:00:48.694611+00:00,ME25A404,24,2,20260930085609,20260915112557,20260915120602,,ME
2026-09-30T00:00:48.694611+00:00,ME25A405,21,2,20260930085618,20260929215329,20260929222306,,ME
2026-09-30T00:00:48.694611+00:00,ME25A405,22,2,20260930085621,20260926010559,20260926014604,,ME
2026-09-30T00:00:48.694611+00:00,ME25A405,23,2,20260930085631,20260929143129,20260929150728,,ME
2026-09-30T00:00:48.694611+00:00,ME25A405,24,2,20260930085634,20260928115508,20260928121659,,ME
2026-09-30T00:00:48.694611+00:00,ME25A406,21,2,20260930085643,20260925122414,20260925124242,,ME
2026-09-30T00:00:48.694611+00:00,ME25A406,22,2,20260930085645,20260929113703,20260929120041,,ME
2026-09-30T00:00:48.694611+00:00,ME25A406,23,2,20260930085656,20260926002047,20260926010051,,ME
2026-09-30T00:00:48.694611+00:00,ME25A406,24,2,20260930085658,20260928125427,20260928131758,,ME
2026-09-30T00:00:48.694611+00:00,ALAL0005,02,2,20260930085355,20260929161330,20260930085355,,AL
2026-09-30T00:00:48.694611+00:00,AM900012,04,5,20260930090006,20260921090924,20260921110917,,AM
2026-09-30T00:00:48.694611+00:00,BNBN0177,02,3,20260930085703,20260928212441,20260928233207,20260928212441,BN
2026-09-30T00:00:48.694611+00:00,BNBN0843,02,2,20260930085408,20260930083522,20260930085346,,BN
2026-09-30T00:00:48.694611+00:00,BNBN0844,02,3,20260930085408,20260929133659,20260929143211,20260929133659,BN
2026-09-30T00:00:48.694611+00:00,BNBN0846,03,2,20260930085408,20260930082346,20260930085400,,BN
2026-09-30T00:00:48.694611+00:00,BNBN0866,04,3,20260930085110,20260929161950,20260929215124,20260929161950,BN
2026-09-30T00:00:48.694611+00:00,BT000169,03,2,20260930085831,20260930083057,20260930085831,,BT
2026-09-30T00:00:48.694611+00:00,BT200001,07,3,20260930090000,20260930090000,20260930090000,20260930090000,BT
2026-09-30T00:00:48.694611+00:00,BT200001,12,3,20260930090000,20260930090000,20260930085947,20260930090000,BT
2026-09-30T00:00:48.694611+00:00,CA000107,11,9,20260930085810,20260928174950,20260928174950,,CA
2026-09-30T00:00:48.694611+00:00,CA000107,21,9,20260930085810,20260909115450,20260909115450,,CA
2026-09-30T00:00:48.694611+00:00,CGA00177,07,2,20260930090010,20260928211457,20260929003016,,CG
2026-09-30T00:00:48.694611+00:00,CI0I0001,09,3,20260930085558,20260930085558,20260928133137,20260930085558,CI
2026-09-30T00:00:48.694611+00:00,CR000244,01,3,20260930085506,20260930085506,20260930085425,20260930085506,CR
2026-09-30T00:00:48.694611+00:00,CR000244,03,3,20260930085103,20260930085103,20260930085022,20260930085103,CR
2026-09-30T00:00:48.694611+00:00,CR000260,01,2,20260930085844,20260930010020,20260930010021,,CR
2026-09-30T00:00:48.694611+00:00,CSCS1006,05,2,20260930085326,20260929235659,20260929235659,,CS
2026-09-30T00:00:48.694611+00:00,CSCS1023,02,3,20260930085427,20260929235432,20260929235432,20260930085426,CS
2026-09-30T00:00:48.694611+00:00,CU200009,02,2,20260930085404,20260930065526,20260930083402,,CU
2026-09-30T00:00:48.694611+00:00,CU200017,07,9,20260930085310,20260929222138,20260928081108,,CU
2026-09-30T00:00:48.694611+00:00,CV000405,01,3,20260930085517,20260930085440,20260930085445,20260930085440,CV
2026-09-30T00:00:48.694611+00:00,CV000826,01,2,20260930085519,20260930082538,20260930085421,,CV
2026-09-30T00:00:48.694611+00:00,CV000857,04,2,20260930085520,20260930075509,20260930085012,,CV
2026-09-30T00:00:48.694611+00:00,CV000857,05,2,20260930085520,20260930075358,20260930085316,,CV
2026-09-30T00:00:48.694611+00:00,CV001064,04,2,20260930085052,20260928095128,20260928102505,,CV
2026-09-30T00:00:48.694611+00:00,CV001064,05,2,20260930085052,20260930052348,20260930054011,,CV
2026-09-30T00:00:48.694611+00:00,CV001311,01,2,20260930085523,20260930080800,20260930085241,,CV
2026-09-30T00:00:48.694611+00:00,CV001533,01,3,20260930085523,20260930085105,20260930085111,20260930085523,CV
2026-09-30T00:00:48.694611+00:00,CV002010,01,2,20260930085532,20260929221241,20260930085357,,CV
2026-09-30T00:00:48.694611+00:00,CV002040,01,3,20260930085533,20260930085134,20260930085136,20260930085533,CV
2026-09-30T00:00:48.694611+00:00,CV002274,13,2,20260930085531,20260930075229,20260930085228,,CV
2026-09-30T00:00:48.694611+00:00,CV002274,27,3,20260930085544,20260930085431,20260930085436,20260930085544,CV
2026-09-30T00:00:48.694611+00:00,CV002464,01,2,20260930085523,20260930082044,20260930085509,,CV
2026-09-30T00:00:48.694611+00:00,CV003700,02,3,20260930085048,20260930084935,20260930084930,20260930084935,CV
2026-09-30T00:00:48.694611+00:00,CV003814,18,3,20260930085049,20260930084813,20260930084814,20260930085049,CV
2026-09-30T00:00:48.694611+00:00,CV003941,01,3,20260930085048,20260930085001,20260930085008,20260930085048,CV
2026-09-30T00:00:48.694611+00:00,CV004038,03,2,20260930085548,20260930054604,20260930085436,,CV
2026-09-30T00:00:48.694611+00:00,CV004090,01,3,20260930085051,20260930084632,20260930084634,20260930084632,CV
2026-09-30T00:00:48.694611+00:00,CV004090,02,2,20260930085549,20260930083537,20260930085354,,CV
2026-09-30T00:00:48.694611+00:00,CV004159,04,3,20260930085050,20260930084659,20260930084758,20260930084659,CV
2026-09-30T00:00:48.694611+00:00,CV004295,01,3,20260930085549,20260930085244,20260930085248,20260930085549,CV
2026-09-30T00:00:48.694611+00:00,CV004473,03,2,20260930085052,20260930081614,20260930085008,,CV
2026-09-30T00:00:48.694611+00:00,CV004753,12,3,20260930085552,20260930085254,20260930085254,20260930085552,CV
2026-09-30T00:00:48.694611+00:00,CV004754,06,2,20260930085055,20260930074830,20260930084540,,CV
2026-09-30T00:00:48.694611+00:00,DO000058,01,2,20260930085145,20260930074653,20260930085145,,DO
2026-09-30T00:00:48.694611+00:00,EC000217,01,2,20260930085601,20260929201104,20260929213717,,EC
2026-09-30T00:00:48.694611+00:00,EC001023,12,3,20260930085801,20260930085755,20260929115338,20260930085755,EC
2026-09-30T00:00:48.694611+00:00,EC001045,07,3,20260930085201,20260930085153,20260922142256,20260930085153,EC
2026-09-30T00:00:48.694611+00:00,EC003391,02,2,20260930085402,20260929234530,20260930023725,,EC
2026-09-30T00:00:48.694611+00:00,EC004810,04,3,20260930085202,20260930085033,20260929074327,20260930085033,EC
2026-09-30T00:00:48.694611+00:00,EC004920,01,2,20260930090005,20260930085737,20260930085828,,EC
2026-09-30T00:00:48.694611+00:00,EC004920,03,2,20260930090005,20260929071753,20260929093919,,EC
2026-09-30T00:00:48.694611+00:00,EC004960,01,3,20260930085202,20260929100534,20260929114443,20260929100534,EC
2026-09-30T00:00:48.694611+00:00,EC004960,03,3,20260930085202,20260930085020,20260929234837,20260930085020,EC
2026-09-30T00:00:48.694611+00:00,EC004962,01,2,20260930085402,20260930051409,20260930061328,,EC
2026-09-30T00:00:48.694611+00:00,EC110021,01,3,20260930085402,20260930085229,20260929181203,20260930085229,EC
2026-09-30T00:00:48.694611+00:00,EC110021,04,3,20260930085202,20260930085015,20260929174008,20260930085015,EC
2026-09-30T00:00:48.694611+00:00,EC110043,01,2,20260930085602,20260929211244,20260929221241,,EC
2026-09-30T00:00:48.694611+00:00,ER000245,06,3,20260930085701,20260930085621,20260930085621,20260930085658,ER
2026-09-30T00:00:48.694611+00:00,ER000276,05,2,20260930085159,20260929220508,20260929192154,,ER
2026-09-30T00:00:48.694611+00:00,ER000428,05,3,20260930085357,20260929204616,20260929184904,20260930085339,ER
2026-09-30T00:00:48.694611+00:00,ER000560,01,2,20260930085226,20260930075833,20260930034522,,ER
2026-09-30T00:00:48.694611+00:00,ER000567,01,2,20260930085255,20260929230102,20260929143919,,ER
2026-09-30T00:00:48.694611+00:00,EV000080,04,2,20260930085208,20260930023546,20260930082942,,EV
2026-09-30T00:00:48.694611+00:00,EV001631,02,3,20260930085812,20260929023627,20260929080155,20260929222023,EV
2026-09-30T00:00:48.694611+00:00,EV001916,01,1,20260930085448,20260919195004,20260920014338,,EV
2026-09-30T00:00:48.694611+00:00,EV002136,01,2,20260930085413,20260929210516,20260930035113,,EV
2026-09-30T00:00:48.694611+00:00,EV003067,02,2,20260930085412,20260930062115,20260930085049,,EV
2026-09-30T00:00:48.694611+00:00,EV003441,01,1,20260930085448,20260929141204,20260929145053,,EV
2026-09-30T00:00:48.694611+00:00,EV003441,02,1,20260930085448,20260930072050,20260930074003,,EV
2026-09-30T00:00:48.694611+00:00,EV003471,02,2,20260930085614,20260930081358,20260930085754,,EV
2026-09-30T00:00:48.694611+00:00,EV003622,02,2,20260930085611,20260829205644,20260830034043,,EV
2026-09-30T00:00:48.694611+00:00,EV003688,01,2,20260930085814,20260929233206,20260930054528,,EV
2026-09-30T00:00:48.694611+00:00,EV003900,14,2,20260930085611,20260930000833,20260930005747,,EV
2026-09-30T00:00:48.694611+00:00,EV004018,01,2,20260930085814,20260929183113,20260930042546,,EV
2026-09-30T00:00:48.694611+00:00,EV004340,01,2,20260930085210,20260929220636,20260930085018,,EV
2026-09-30T00:00:48.694611+00:00,EV005016,03,3,20260930085411,20260929103142,20260929155913,20260930085411,EV
2026-09-30T00:00:48.694611+00:00,EV005142,02,3,20260930085813,20260929194122,20260929215317,20260930085729,EV
2026-09-30T00:00:48.694611+00:00,EV005180,10,3,20260930085411,20260929154931,20260929193546,20260930012718,EV
2026-09-30T00:00:48.694611+00:00,EV005520,01,3,20260930085412,20260929083904,20260929095459,20260930085258,EV
2026-09-30T00:00:48.694611+00:00,EV005989,02,3,20260930085211,20260929155952,20260930011022,20260930085111,EV
2026-09-30T00:00:48.694611+00:00,EV006015,02,2,20260930085812,20260929205609,20260930005804,,EV
2026-09-30T00:00:48.694611+00:00,EV006067,02,9,20260930085816,20260928235638,20260929050739,,EV
2026-09-30T00:00:48.694611+00:00,EV006082,07,2,20260930085812,20260929231316,20260930013513,,EV
2026-09-30T00:00:48.694611+00:00,EV006695,03,3,20260930085211,20260929225745,20260930080222,20260930085022,EV
2026-09-30T00:00:48.694611+00:00,EV006797,01,2,20260930085813,20260929183149,20260930014917,,EV
2026-09-30T00:00:48.694611+00:00,EV007081,01,2,20260930085210,20260929211845,20260930040819,,EV
2026-09-30T00:00:48.694611+00:00,EV007705,03,2,20260930085615,20260929195512,20260929220714,,EV
2026-09-30T00:00:48.694611+00:00,EV007790,03,2,20260930085410,20260929222630,20260929232644,,EV
2026-09-30T00:00:48.694611+00:00,EV008026,02,2,20260930085610,20260929200820,20260930000410,,EV
2026-09-30T00:00:48.694611+00:00,EV008453,04,2,20260930085211,20260930075608,20260930085106,,EV
2026-09-30T00:00:48.694611+00:00,EV008453,05,3,20260930085613,20260929093128,20260929115637,20260930085418,EV
2026-09-30T00:00:48.694611+00:00,EV008949,01,2,20260930085207,20260929181811,20260929185525,,EV
2026-09-30T00:00:48.694611+00:00,EV008962,01,3,20260930085208,20260925210309,20260926000831,20260930085128,EV
2026-09-30T00:00:48.694611+00:00,EV009004,03,3,20260930085208,20260929091234,20260929131545,20260930085109,EV
2026-09-30T00:00:48.694611+00:00,EV010074,03,2,20260930085615,20260928202748,20260929032800,,EV
2026-09-30T00:00:48.694611+00:00,EV010081,02,2,20260930085210,20260930071201,20260930074949,,EV
2026-09-30T00:00:48.694611+00:00,EV010472,06,2,20260930085413,20260928184248,20260930012636,,EV
2026-09-30T00:00:48.694611+00:00,EV010676,04,3,20260930085211,20260929082304,20260929135653,20260930085100,EV
2026-09-30T00:00:48.694611+00:00,EV010731,02,3,20260930085614,20260928003021,20260928060833,20260929190421,EV
2026-09-30T00:00:48.694611+00:00,EV011230,03,2,20260930085212,20260929185602,20260929214802,,EV
2026-09-30T00:00:48.694611+00:00,EV011244,04,3,20260930085412,20260929224014,20260930054836,20260930085231,EV
2026-09-30T00:00:48.694611+00:00,EV011252,01,2,20260930085612,20260929183236,20260929202811,,EV
2026-09-30T00:00:48.694611+00:00,EV011339,02,2,20260930085410,20260929170943,20260930004707,,EV
2026-09-30T00:00:48.694611+00:00,EV011580,02,2,20260930085212,20260929090641,20260929182437,,EV
2026-09-30T00:00:48.694611+00:00,EV011583,02,9,20260930085814,20260929031339,20260929082845,,EV
2026-09-30T00:00:48.694611+00:00,EV011746,03,2,20260930085612,20260929194807,20260929195950,,EV
2026-09-30T00:00:48.694611+00:00,EV011840,03,3,20260930085611,20260929192050,20260930002302,20260930085417,EV
2026-09-30T00:00:48.694611+00:00,EV012059,03,2,20260930085209,20260929221718,20260930084931,,EV
2026-09-30T00:00:48.694611+00:00,EV012083,02,3,20260930085212,20260930001356,20260930014203,20260930085105,EV
2026-09-30T00:00:48.694611+00:00,EV012085,02,3,20260930085816,20260929130603,20260929150741,20260930085703,EV
2026-09-30T00:00:48.694611+00:00,EV012087,04,3,20260930085615,20260929131712,20260929173946,20260930085540,EV
2026-09-30T00:00:48.694611+00:00,EV012088,06,3,20260930085816,20260929071013,20260929104421,20260930085816,EV
2026-09-30T00:00:48.694611+00:00,EV012736,01,3,20260930085412,20260929083857,20260929095156,20260930085412,EV
2026-09-30T00:00:48.694611+00:00,EV012791,03,2,20260930085413,20260929195436,20260930013702,,EV
2026-09-30T00:00:48.694611+00:00,EV013198,03,3,20260930085612,20260929092246,20260929102640,20260930085612,EV
2026-09-30T00:00:48.694611+00:00,EV013384,01,9,20260930085812,20260928195143,20260929075345,,EV
2026-09-30T00:00:48.694611+00:00,EV013415,06,2,20260930085211,20260929214126,20260930000044,,EV
2026-09-30T00:00:48.694611+00:00,EV013901,04,2,20260930085207,20260929174653,20260930020610,,EV
2026-09-30T00:00:48.694611+00:00,EV013937,06,3,20260930085411,20260929134503,20260929153617,20260930085328,EV
2026-09-30T00:00:48.694611+00:00,EV013950,03,2,20260930085209,20260929202439,20260929233339,,EV
2026-09-30T00:00:48.694611+00:00,EV013961,02,2,20260930085816,20260929204010,20260930024446,,EV
2026-09-30T00:00:48.694611+00:00,EV014055,01,3,20260930085816,20260929075431,20260929193928,20260930085614,EV
2026-09-30T00:00:48.694611+00:00,EV014122,01,2,20260930085614,20260930075922,20260930085506,,EV
2026-09-30T00:00:48.694611+00:00,EV014188,01,2,20260930085210,20260929190122,20260930025846,,EV
2026-09-30T00:00:48.694611+00:00,EV014399,04,3,20260930085815,20260928094526,20260928175416,20260930085741,EV
2026-09-30T00:00:48.694611+00:00,EV014399,05,1,20260930085448,20260929073638,20260929120510,,EV
2026-09-30T00:00:48.694611+00:00,EV014449,02,2,20260930085612,20260929172228,20260930031631,,EV
2026-09-30T00:00:48.694611+00:00,EV014495,05,2,20260930085209,20260930083557,20260930084943,,EV
2026-09-30T00:00:48.694611+00:00,EV014641,03,2,20260930085211,20260929212621,20260930082545,,EV
2026-09-30T00:00:48.694611+00:00,EV014901,06,2,20260930085611,20260930030745,20260930075431,,EV
2026-09-30T00:00:48.694611+00:00,EV014935,01,2,20260930085210,20260929173751,20260929225551,,EV
2026-09-30T00:00:48.694611+00:00,EV015296,04,2,20260930085212,20260929205932,20260930015150,,EV
2026-09-30T00:00:48.694611+00:00,EV015390,03,2,20260930085614,20260929165133,20260929211528,,EV
2026-09-30T00:00:48.694611+00:00,EV015731,01,2,20260930085816,20260929163259,20260929215120,,EV
2026-09-30T00:00:48.694611+00:00,EV016166,03,2,20260930085209,20260929233051,20260930025406,,EV
2026-09-30T00:00:48.694611+00:00,EV016696,04,2,20260930085611,20260929234509,20260930071421,,EV
2026-09-30T00:00:48.694611+00:00,EV016745,02,2,20260930085211,20260929231214,20260930034136,,EV
2026-09-30T00:00:48.694611+00:00,EV017504,01,2,20260930085614,20260929185418,20260929195817,,EV
2026-09-30T00:00:48.694611+00:00,EV017504,10,2,20260930085614,20260929214337,20260929233832,,EV
2026-09-30T00:00:48.694611+00:00,EV017505,03,2,20260930085413,20260929215327,20260930020132,,EV
2026-09-30T00:00:48.694611+00:00,EV017506,02,3,20260930085212,20260929223321,20260930015321,20260930085110,EV
2026-09-30T00:00:48.694611+00:00,EV017508,08,2,20260930085816,20260929223526,20260930041751,,EV
2026-09-30T00:00:48.694611+00:00,EV017745,04,2,20260930085410,20260929232430,20260930030805,,EV
2026-09-30T00:00:48.694611+00:00,EV017760,02,2,20260930085409,20260929231303,20260930030940,,EV
2026-09-30T00:00:48.694611+00:00,EV017782,04,3,20260930085408,20260929163626,20260929204132,20260930085353,EV
2026-09-30T00:00:48.694611+00:00,EV017927,02,2,20260930085816,20260929210216,20260930002451,,EV
2026-09-30T00:00:48.694611+00:00,EV017932,04,2,20260930085614,20260929194603,20260929213213,,EV
2026-09-30T00:00:48.694611+00:00,EV017932,10,2,20260930085816,20260929210339,20260930035246,,EV
2026-09-30T00:00:48.694611+00:00,EV018361,01,3,20260930085212,20260929141908,20260929144755,20260930085129,EV
2026-09-30T00:00:48.694611+00:00,EV018361,04,2,20260930085413,20260928151841,20260928155855,,EV
2026-09-30T00:00:48.694611+00:00,EV018651,01,2,20260930085208,20260928191141,20260928201150,,EV
2026-09-30T00:00:48.694611+00:00,EV018803,04,3,20260930085409,20260928164705,20260928180704,20260930085149,EV
2026-09-30T00:00:48.694611+00:00,EV018889,03,2,20260930085209,20260929215237,20260930051054,,EV
2026-09-30T00:00:48.694611+00:00,EV018895,03,2,20260930085409,20260929145651,20260930030450,,EV
2026-09-30T00:00:48.694611+00:00,EV018915,03,3,20260930085209,20260930075236,20260930083253,20260930085018,EV
2026-09-30T00:00:48.694611+00:00,EV019214,06,2,20260930085409,20260929185529,20260930002640,,EV
2026-09-30T00:00:48.694611+00:00,EV019249,02,2,20260930085610,20260929215553,20260929234758,,EV
2026-09-30T00:00:48.694611+00:00,EV019293,02,3,20260930085812,20260929202143,20260930023424,20260930085636,EV
2026-09-30T00:00:48.694611+00:00,EV019385,04,2,20260930085814,20260930024207,20260930063822,,EV
2026-09-30T00:00:48.694611+00:00,EV019428,01,2,20260930085209,20260929182445,20260930005215,,EV
2026-09-30T00:00:48.694611+00:00,EV019493,04,2,20260930085610,20260930030811,20260930083129,,EV
2026-09-30T00:00:48.694611+00:00,EV019502,03,2,20260930085614,20260929213628,20260930023144,,EV
2026-09-30T00:00:48.694611+00:00,EV019674,03,2,20260930085412,20260929172349,20260929213155,,EV
2026-09-30T00:00:48.694611+00:00,EV019960,03,2,20260930085212,20260929210652,20260930011342,,EV
2026-09-30T00:00:48.694611+00:00,EV020118,03,2,20260930085814,20260929172445,20260930033833,,EV
2026-09-30T00:00:48.694611+00:00,EV020166,06,3,20260930085412,20260929175841,20260930010301,20260930085248,EV
2026-09-30T00:00:48.694611+00:00,EV020177,02,2,20260930085614,20260929232836,20260930013056,,EV
2026-09-30T00:00:48.694611+00:00,EV020241,03,2,20260930085209,20260929203506,20260930012944,,EV
2026-09-30T00:00:48.694611+00:00,EV020285,02,3,20260930085610,20260928090053,20260928101827,20260930085426,EV
2026-09-30T00:00:48.694611+00:00,EV020304,01,2,20260930085409,20260929204712,20260930055922,,EV
2026-09-30T00:00:48.694611+00:00,EV020415,02,2,20260930085814,20260929190250,20260929203633,,EV
2026-09-30T00:00:48.694611+00:00,EV020854,01,2,20260930085211,20260929195043,20260929222223,,EV
2026-09-30T00:00:48.694611+00:00,EV021597,01,2,20260930085207,20260930065543,20260930080854,,EV
2026-09-30T00:00:48.694611+00:00,HD000013,01,3,20260930090001,20260929205013,20260929211519,20260929205013,HD
2026-09-30T00:00:48.694611+00:00,HD000013,02,2,20260930090001,20260930055233,20260930061218,,HD
2026-09-30T00:00:48.694611+00:00,HD000013,03,2,20260930090001,20260930080502,20260930081245,,HD
2026-09-30T00:00:48.694611+00:00,HD000013,04,2,20260930090001,20260929211044,20260929211832,,HD
2026-09-30T00:00:48.694611+00:00,HD000013,05,2,20260930090001,20260929115108,20260929125656,,HD
2026-09-30T00:00:48.694611+00:00,HD000013,06,2,20260930090001,20260930012144,20260930012958,,HD
2026-09-30T00:00:48.694611+00:00,HD000017,01,2,20260930090001,20260930071322,20260930073851,,HD
2026-09-30T00:00:48.694611+00:00,HD000017,02,2,20260930090001,20260929222511,20260929225524,,HD
2026-09-30T00:00:48.694611+00:00,HD000017,03,2,20260930090001,20260929225919,20260929233216,,HD
2026-09-30T00:00:48.694611+00:00,HD000023,01,2,20260930090002,20260930054946,20260930060214,,HD
2026-09-30T00:00:48.694611+00:00,HD000023,02,3,20260930085300,20260930081017,20260930071159,20260930081017,HD
2026-09-30T00:00:48.694611+00:00,HD000023,03,2,20260930090002,20260930024301,20260930030304,,HD
2026-09-30T00:00:48.694611+00:00,HD000023,04,2,20260930090002,20260910071838,20260910071918,,HD
2026-09-30T00:00:48.694611+00:00,HD000023,05,2,20260930090002,20260930082126,20260930083836,,HD
2026-09-30T00:00:48.694611+00:00,HD000023,06,2,20260930090002,20260930064555,20260930072135,,HD
2026-09-30T00:00:48.694611+00:00,HD000039,01,2,20260930090004,20260929170102,20260929173038,,HD
2026-09-30T00:00:48.694611+00:00,HD000039,02,2,20260930090004,20260929064924,20260929070854,,HD
2026-09-30T00:00:48.694611+00:00,HD000039,03,2,20260930090004,20260928085722,20260928090809,,HD
2026-09-30T00:00:48.694611+00:00,HD000039,04,2,20260930090004,20260930001706,20260930003715,,HD
2026-09-30T00:00:48.694611+00:00,HD000040,01,2,20260930090004,20260929213949,20260929220707,,HD
2026-09-30T00:00:48.694611+00:00,HD000040,02,2,20260930090004,20260929212559,20260929214516,,HD
2026-09-30T00:00:48.694611+00:00,HD000040,03,2,20260930090004,20260929194107,20260929201850,,HD
2026-09-30T00:00:48.694611+00:00,HD000040,04,2,20260930090004,20260929155521,20260929160803,,HD
2026-09-30T00:00:48.694611+00:00,HE001105,01,2,20260930085800,20260930070600,20260930085800,,HE
2026-09-30T00:00:48.694611+00:00,HE191963,03,3,20260930085600,20260930085600,20260930081900,20260930085600,HE
2026-09-30T00:00:48.694611+00:00,HE192301,10,3,20260930085400,20260930085400,20260930011500,20260930085400,HE
2026-09-30T00:00:48.694611+00:00,HE230022,02,3,20260930085300,20260930085300,20260929223723,20260930085300,HE
2026-09-30T00:00:48.694611+00:00,HE240195,05,2,20260930085500,20260929212600,20260930085500,,HE
2026-09-30T00:00:48.694611+00:00,HE240221,01,2,20260930085200,20260930080900,20260930085200,,HE
2026-09-30T00:00:48.694611+00:00,HE240401,01,2,20260930090000,20260929160347,20260930061003,,HE
2026-09-30T00:00:48.694611+00:00,HE240401,02,2,20260930090000,20260927194253,20260928025657,,HE
2026-09-30T00:00:48.694611+00:00,HE240401,03,2,20260930090000,20260926114201,20260926150132,,HE
2026-09-30T00:00:48.694611+00:00,HE240415,05,3,20260930085400,20260930085400,20260930085300,20260930085400,HE
2026-09-30T00:00:48.694611+00:00,HJ000005,05,3,20260930085400,20260929160938,20260929163448,20260929160938,HJ
2026-09-30T00:00:48.694611+00:00,HJ000005,06,3,20260930085200,20260929082320,20260929091750,20260929082320,HJ
2026-09-30T00:00:48.694611+00:00,HM000034,01,3,20260930085200,20260929054335,20260929141512,20260930085148,HM
2026-09-30T00:00:48.694611+00:00,HM000034,03,3,20260930085800,20260929134638,20260929144953,20260930085750,HM
2026-09-30T00:00:48.694611+00:00,HM000064,04,2,20260930085400,20260930074323,20260930085230,,HM
2026-09-30T00:00:48.694611+00:00,HM000082,02,2,20260930085201,20260929215901,20260930053617,,HM
2026-09-30T00:00:48.694611+00:00,HM000106,03,3,20260930085601,20260922085523,20260922202034,20260930085527,HM
2026-09-30T00:00:48.694611+00:00,HM000122,03,3,20260930085401,20260928082742,20260928130241,20260930085343,HM
2026-09-30T00:00:48.694611+00:00,HM000126,09,3,20260930085601,20260929090852,20260929112714,20260930085506,HM
2026-09-30T00:00:48.694611+00:00,HM000455,38,3,20260930085607,20260929201825,20260929213009,20260930085517,HM
2026-09-30T00:00:48.694611+00:00,HM000680,08,3,20260930085410,20260930071515,20260930081716,20260930085351,HM
2026-09-30T00:00:48.694611+00:00,HM000680,09,2,20260930085410,20260930075625,20260930083508,,HM
2026-09-30T00:00:48.694611+00:00,HM001012,03,3,20260930085215,20260923072808,20260923111843,20260930085158,HM
2026-09-30T00:00:48.694611+00:00,HM001251,03,3,20260930085217,20260929084043,20260929111029,20260930085001,HM
2026-09-30T00:00:48.694611+00:00,HM001579,04,2,20260930085418,20260929212217,20260930041612,,HM
2026-09-30T00:00:48.694611+00:00,HM110016,06,3,20260930085421,20260909084942,20260909120537,20260930085327,HM
2026-09-30T00:00:48.694611+00:00,HM110101,01,3,20260930085225,20260929084019,20260929151147,20260930085036,HM
2026-09-30T00:00:48.694611+00:00,HM110102,01,3,20260930085623,20260930071130,20260930080023,20260930085552,HM
2026-09-30T00:00:48.694611+00:00,HM110116,05,3,20260930085225,20260928090519,20260928094224,20260930085114,HM
2026-09-30T00:00:48.694611+00:00,HM110128,03,3,20260930085422,20260929101629,20260929145114,20260930085304,HM
2026-09-30T00:00:48.694611+00:00,HM110128,05,3,20260930085422,20260929090014,20260929102912,20260930085232,HM
2026-09-30T00:00:48.694611+00:00,HM110129,01,3,20260930085623,20260930085024,20260930085226,20260930085024,HM
2026-09-30T00:00:48.694611+00:00,HM110135,07,2,20260930085623,20260930073617,20260930085526,,HM
2026-09-30T00:00:48.694611+00:00,HM110195,01,3,20260930085824,20260930064741,20260930081222,20260930085624,HM
2026-09-30T00:00:48.694611+00:00,HM110198,17,3,20260930085624,20260929092744,20260929140039,20260930085408,HM
2026-09-30T00:00:48.694611+00:00,HM110219,07,3,20260930085423,20260929143950,20260929160113,20260929143950,HM
2026-09-30T00:00:48.694611+00:00,HM110226,01,3,20260930085825,20260929094140,20260929151624,20260930085725,HM
2026-09-30T00:00:48.694611+00:00,HM110247,02,3,20260930085227,20260929085155,20260929111720,20260930085009,HM
2026-09-30T00:00:48.694611+00:00,HM110249,05,2,20260930085624,20260930055527,20260930085338,,HM
2026-09-30T00:00:48.694611+00:00,HM110251,02,2,20260930085227,20260929171831,20260929185840,,HM
2026-09-30T00:00:48.694611+00:00,HM110268,06,3,20260930085424,20260929082102,20260929112852,20260930085223,HM
2026-09-30T00:00:48.694611+00:00,HM110333,01,3,20260930085826,20260921182735,20260921182858,20260930085740,HM
2026-09-30T00:00:48.694611+00:00,HM110335,05,3,20260930085228,20260929111109,20260929151412,20260930085106,HM
2026-09-30T00:00:48.694611+00:00,HM110360,01,3,20260930085425,20260929083632,20260929181540,20260930085351,HM
2026-09-30T00:00:48.694611+00:00,HP250010,02,2,20260930085527,20260930064800,20260930085527,,HP
2026-09-30T00:00:48.694611+00:00,HP250010,04,2,20260930085207,20260930074448,20260930085207,,HP
2026-09-30T00:00:48.694611+00:00,HP250010,08,3,20260930085701,20260930085701,20260930074213,20260930085701,HP
2026-09-30T00:00:48.694611+00:00,HU200002,01,2,20260930085501,20260930025204,20260930085244,,HU
2026-09-30T00:00:48.694611+00:00,HU200034,07,3,20260930085505,20260929111125,20260929130337,20260930085009,HU
2026-09-30T00:00:48.694611+00:00,HU200034,09,3,20260930085505,20260929115026,20260929151326,20260930085419,HU
2026-09-30T00:00:48.694611+00:00,HY000003,03,2,20260930090001,20260709154228,20260820145526,,HY
2026-09-30T00:00:48.694611+00:00,HY000003,04,2,20260930090001,20260929104502,20260929104502,,HY
2026-09-30T00:00:48.694611+00:00,HY000004,07,3,20260930085201,20260930085147,20260930075836,20260930085147,HY
2026-09-30T00:00:48.694611+00:00,HY000019,02,2,20260930090002,20260923070532,20260923123724,,HY
2026-09-30T00:00:48.694611+00:00,HY000019,03,2,20260930090002,20260929121346,20260930073340,,HY
2026-09-30T00:00:48.694611+00:00,HY000019,05,2,20260930090002,20260929183313,20260930070131,,HY
2026-09-30T00:00:48.694611+00:00,HY000019,06,2,20260930085501,20260930071853,20260930085439,,HY
2026-09-30T00:00:48.694611+00:00,HY000019,08,2,20260930090002,20260923130632,20260923160304,,HY
2026-09-30T00:00:48.694611+00:00,HY000019,09,2,20260930090002,20260929152351,20260929160723,,HY
2026-09-30T00:00:48.694611+00:00,HY000019,11,2,20260930090002,20260923141829,20260924122953,,HY
2026-09-30T00:00:48.694611+00:00,HY000530,20,2,20260930085705,20260929191212,20260930085659,,HY
2026-09-30T00:00:48.694611+00:00,HY000842,04,3,20260930085604,20260930085516,20260930001925,20260930085516,HY
2026-09-30T00:00:48.694611+00:00,HY000867,01,2,20260930085105,20260929183548,20260930085014,,HY
2026-09-30T00:00:48.694611+00:00,HY001057,03,2,20260930085704,20260929225020,20260930085638,,HY
2026-09-30T00:00:48.694611+00:00,HY001118,02,2,20260930085507,20260930015342,20260930085428,,HY
2026-09-30T00:00:48.694611+00:00,HY001231,14,2,20260930085703,20260929181830,20260930000532,,HY
2026-09-30T00:00:48.694611+00:00,HY001247,03,2,20260930085403,20260929215028,20260930030047,,HY
2026-09-30T00:00:48.694611+00:00,HY001323,01,2,20260930085404,20260929185806,20260929202601,,HY
2026-09-30T00:00:48.694611+00:00,HY001515,01,3,20260930085304,20260930085241,20260929225821,20260930085241,HY
2026-09-30T00:00:48.694611+00:00,HY001540,19,2,20260930090006,20260929190415,20260929215909,,HY
2026-09-30T00:00:48.694611+00:00,HY001553,03,2,20260930085405,20260930023730,20260930085347,,HY
2026-09-30T00:00:48.694611+00:00,HY001681,06,3,20260930090006,20260930085924,20260930073446,20260930085924,HY
2026-09-30T00:00:48.694611+00:00,HY001792,03,3,20260930085507,20260930085455,20260930004755,20260930085455,HY
2026-09-30T00:00:48.694611+00:00,IM000319,03,3,20260930085437,20260930085147,20260929172351,20260930085437,IM
2026-09-30T00:00:48.694611+00:00,JA110012,01,2,20260930090006,20260930054900,20260930090006,,JA
2026-09-30T00:00:48.694611+00:00,JA110019,03,3,20260930085601,20260930085601,20260929182801,20260930085601,JA
2026-09-30T00:00:48.694611+00:00,JA110025,05,3,20260930085602,20260930085602,20260930084902,20260930085602,JA
2026-09-30T00:00:48.694611+00:00,JA110027,10,3,20260930085602,20260930085602,20260929164902,20260930085602,JA
2026-09-30T00:00:48.694611+00:00,JA110029,07,3,20260930085602,20260930085602,20260929182003,20260930085602,JA
2026-09-30T00:00:48.694611+00:00,JA110042,09,3,20260930085605,20260930085605,20260930074004,20260930085605,JA
2026-09-30T00:00:48.694611+00:00,JA110054,01,2,20260930085606,20260930003506,20260930085606,,JA
2026-09-30T00:00:48.694611+00:00,JA110060,11,3,20260930085606,20260930085606,20260929165606,20260930085606,JA
2026-09-30T00:00:48.694611+00:00,JA110078,01,2,20260930085607,20260930075607,20260930085607,,JA
2026-09-30T00:00:48.694611+00:00,JA110081,01,2,20260930085607,20260930054907,20260930085607,,JA
2026-09-30T00:00:48.694611+00:00,JA110108,02,3,20260930085609,20260930085609,20260929150018,20260930085609,JA
2026-09-30T00:00:48.694611+00:00,JA110169,02,3,20260930085616,20260930085616,20260929142814,20260930085616,JA
2026-09-30T00:00:48.694611+00:00,JA110197,04,3,20260930085620,20260930085620,20260930060717,20260930085620,JA
2026-09-30T00:00:48.694611+00:00,JA110197,08,3,20260930085620,20260930085620,20260930082818,20260930085620,JA
2026-09-30T00:00:48.694611+00:00,JA110197,10,2,20260930085620,20260930083518,20260930085620,,JA
2026-09-30T00:00:48.694611+00:00,JA110197,11,3,20260930085620,20260930085620,20260930040720,20260930085620,JA
2026-09-30T00:00:48.694611+00:00,JA110198,05,2,20260930085620,20260930084919,20260930085620,,JA
2026-09-30T00:00:48.694611+00:00,JA110200,03,3,20260930085620,20260930085620,20260929132818,20260930085620,JA
2026-09-30T00:00:48.694611+00:00,JA110201,10,2,20260930085620,20260930084219,20260930085620,,JA
2026-09-30T00:00:48.694611+00:00,JA110202,07,3,20260930085620,20260930085620,20260930074217,20260930085620,JA
2026-09-30T00:00:48.694611+00:00,JA110203,10,2,20260930085620,20260930080720,20260930085620,,JA
2026-09-30T00:00:48.694611+00:00,JA110203,20,2,20260930085620,20260930080720,20260930085620,,JA
2026-09-30T00:00:48.694611+00:00,JA110203,25,3,20260930085620,20260930085620,20260930080720,20260930085620,JA
2026-09-30T00:00:48.694611+00:00,JA110203,31,3,20260930085620,20260930085620,20260930074217,20260930085620,JA
2026-09-30T00:00:48.694611+00:00,JA110210,02,3,20260930085620,20260930085620,20260930083519,20260930085620,JA
2026-09-30T00:00:48.694611+00:00,JA110210,03,3,20260930085620,20260930085620,20260930015617,20260930085620,JA
2026-09-30T00:00:48.694611+00:00,JA110210,05,3,20260930085620,20260930085620,20260930074917,20260930085620,JA
2026-09-30T00:00:48.694611+00:00,JA110210,06,3,20260930085620,20260930085620,20260930081417,20260930085620,JA
2026-09-30T00:00:48.694611+00:00,JA110210,13,2,20260930085620,20260930081417,20260930085620,,JA
2026-09-30T00:00:48.694611+00:00,JA110210,14,2,20260930085620,20260930081417,20260930085620,,JA
2026-09-30T00:00:48.694611+00:00,JA110210,15,2,20260930085620,20260930082021,20260930085620,,JA
2026-09-30T00:00:48.694611+00:00,JA110210,16,2,20260930085620,20260930081417,20260930085620,,JA
2026-09-30T00:00:48.694611+00:00,JA110210,17,2,20260930085620,20260930080720,20260930085620,,JA
2026-09-30T00:00:48.694611+00:00,JA110210,19,2,20260930085620,20260930083519,20260930085620,,JA
2026-09-30T00:00:48.694611+00:00,KE000481,02,2,20260930085200,20260930012835,20260930085156,,KE
2026-09-30T00:00:48.694611+00:00,KE000678,01,3,20260930085459,20260930085430,20260928173910,20260930085430,KE
2026-09-30T00:00:48.694611+00:00,KE000699,05,2,20260930085800,20260930082910,20260930085705,,KE
2026-09-30T00:00:48.694611+00:00,KE000718,02,3,20260930085259,20260930085236,20260929222427,20260930085236,KE
2026-09-30T00:00:48.694611+00:00,KE000869,01,3,20260930085800,20260930085725,20260930044339,20260930085725,KE
2026-09-30T00:00:48.694611+00:00,KE000958,10,3,20260930085459,20260930085400,20260929095119,20260930085400,KE
2026-09-30T00:00:48.694611+00:00,KE000988,02,3,20260930090001,20260930085937,20260929222052,20260930085937,KE
2026-09-30T00:00:48.694611+00:00,KE000999,01,3,20260930085059,20260930085017,20260929140407,20260930085017,KE
2026-09-30T00:00:48.694611+00:00,KE001259,05,3,20260930085500,20260930085440,20260929213818,20260930085440,KE
2026-09-30T00:00:48.694611+00:00,KE001318,07,3,20260930085600,20260930085515,20260930012249,20260930085515,KE
2026-09-30T00:00:48.694611+00:00,KKKK0004,02,3,20260930085619,20260929235849,20260929235849,20260930085618,KK
2026-09-30T00:00:48.694611+00:00,KL001925,05,3,20260930085802,20260930085802,20260930013950,20260930084731,KL
2026-09-30T00:00:48.694611+00:00,KL001943,02,3,20260930085901,20260930085901,20260929152550,20260930084753,KL
2026-09-30T00:00:48.694611+00:00,KL002454,02,2,20260930085901,20260930015158,20260930085227,,KL
2026-09-30T00:00:48.694611+00:00,KL002585,99,3,20260930090005,20260930090005,20260929134048,20260930085906,KL
2026-09-30T00:00:48.694611+00:00,KL002736,01,3,20260930090002,20260930074311,20260930085508,,KL
2026-09-30T00:00:48.694611+00:00,KL200171,78,2,20260930085541,20260929215337,20260929232837,,KL
2026-09-30T00:00:48.694611+00:00,KL200176,30,2,20260930085107,20260930083557,20260930085102,,KL
2026-09-30T00:00:48.694611+00:00,KP000114,01,3,20260930090010,20260929112729,20260929122533,20260930085102,KP
2026-09-30T00:00:48.694611+00:00,KP000827,01,3,20260930090010,20260928233900,20260929022001,20260930085237,KP
2026-09-30T00:00:48.694611+00:00,KP003149,04,3,20260930090010,20260929191241,20260929235501,20260930085152,KP
2026-09-30T00:00:48.694611+00:00,LI000358,01,2,20260930085153,20260930085028,20260930085153,,LI
2026-09-30T00:00:48.694611+00:00,LI000358,03,3,20260930085525,20260930085525,20260930085026,20260930085525,LI
2026-09-30T00:00:48.694611+00:00,LU000161,01,3,20260930085619,20260930085638,20260928190158,20260928122453,LU
2026-09-30T00:00:48.694611+00:00,LU000578,04,3,20260930090009,20260929141907,20260929200740,20260929141907,LU
2026-09-30T00:00:48.694611+00:00,LU000601,01,2,20260930085244,20260929205342,20260930085025,,LU
2026-09-30T00:00:48.694611+00:00,LU000880,01,3,20260930085232,20260928094601,20260928151002,20260928094601,LU
2026-09-30T00:00:48.694611+00:00,LU000942,01,3,20260930085202,20260930085205,20260929205649,20260929195157,LU
2026-09-30T00:00:48.694611+00:00,LU000942,02,2,20260930085522,20260930064329,20260930085515,,LU
2026-09-30T00:00:48.694611+00:00,LU001004,56,2,20260930085824,20260929214826,20260930065439,,LU
2026-09-30T00:00:48.694611+00:00,LU001004,60,2,20260930085932,20260929214923,20260929234247,,LU
2026-09-30T00:00:48.694611+00:00,LU001013,02,3,20260930085248,20260930085311,20260929193253,20260929172514,LU
2026-09-30T00:00:48.694611+00:00,LU001013,05,3,20260930085845,20260930085858,20260928174353,20260928081929,LU
2026-09-30T00:00:48.694611+00:00,LU001272,01,3,20260930085751,20260930085802,20260922180422,20260930085751,LU
2026-09-30T00:00:48.694611+00:00,LU001272,05,3,20260930085101,20260930085112,20260922082158,20260930085101,LU
2026-09-30T00:00:48.694611+00:00,LU001344,05,3,20260930085820,20260930085832,20260929163244,20260929114317,LU
2026-09-30T00:00:48.694611+00:00,LU001582,03,2,20260930085356,20260930072715,20260930085354,,LU
2026-09-30T00:00:48.694611+00:00,LU001983,01,3,20260930085708,20260930085729,20260928111650,20260928083101,LU
2026-09-30T00:00:48.694611+00:00,LU001988,11,3,20260930085349,20260930085400,20260928150113,20260928081904,LU
2026-09-30T00:00:48.694611+00:00,LU002024,03,2,20260930085439,20260930080707,20260930085346,,LU
2026-09-30T00:00:48.694611+00:00,LU002024,04,2,20260930085218,20260930070725,20260930081251,,LU
2026-09-30T00:00:48.694611+00:00,LU002024,14,3,20260930085221,20260930085242,20260929121148,20260929091651,LU
2026-09-30T00:00:48.694611+00:00,LU002050,01,2,20260930085832,20260930000358,20260930013753,,LU
2026-09-30T00:00:48.694611+00:00,LU002067,01,3,20260930085407,20260930085425,20260928160246,20260928134025,LU
2026-09-30T00:00:48.694611+00:00,LU002067,04,3,20260930085614,20260930073552,20260930085612,20260930073552,LU
2026-09-30T00:00:48.694611+00:00,LU002090,09,3,20260930085800,20260930085804,20260929173221,20260929121200,LU
2026-09-30T00:00:48.694611+00:00,LU002166,28,3,20260930085703,20260930085745,20260929091018,20260929080207,LU
2026-09-30T00:00:48.694611+00:00,LU002295,02,3,20260930085744,20260930085753,20260921091504,20260930085744,LU
2026-09-30T00:00:48.694611+00:00,LU002295,23,3,20260930085729,20260930085738,20260923144155,20260930085729,LU
2026-09-30T00:00:48.694611+00:00,LU002513,03,3,20260930085420,20260930085441,20260928120915,20260928081556,LU
2026-09-30T00:00:48.694611+00:00,LU002751,01,2,20260930085128,20260929220852,20260929230558,,LU
2026-09-30T00:00:48.694611+00:00,LU002841,02,2,20260930085852,20260929212705,20260929223738,,LU
2026-09-30T00:00:48.694611+00:00,LU002862,04,2,20260930085230,20260929154740,20260929191956,,LU
2026-09-30T00:00:48.694611+00:00,LU002979,08,3,20260930085953,20260930070326,20260930085950,20260930070326,LU
2026-09-30T00:00:48.694611+00:00,LU003210,12,2,20260930085210,20260929235252,20260930085202,,LU
2026-09-30T00:00:48.694611+00:00,LU003307,09,2,20260930085050,20260928201034,20260929013226,,LU
2026-09-30T00:00:48.694611+00:00,LU003390,03,3,20260930085112,20260930085355,20260930015308,20260929181310,LU
2026-09-30T00:00:48.694611+00:00,LU003447,02,3,20260930085534,20260930013428,20260930085532,20260930013428,LU
2026-09-30T00:00:48.694611+00:00,LU003467,05,3,20260930085754,20260930085759,20260929114652,20260929080944,LU
2026-09-30T00:00:48.694611+00:00,LU003595,01,3,20260930085640,20260930085731,20260922160338,20260930085640,LU
2026-09-30T00:00:48.694611+00:00,LU003606,04,3,20260930085449,20260930085503,20260929090931,20260929083830,LU
2026-09-30T00:00:48.694611+00:00,LU003653,04,2,20260930085207,20260930084503,20260930085157,,LU
2026-09-30T00:00:48.694611+00:00,LU003677,04,2,20260930085857,20260929200258,20260929220203,,LU
2026-09-30T00:00:48.694611+00:00,LU003755,13,3,20260930085547,20260930085555,20260929131947,20260929065516,LU
2026-09-30T00:00:48.694611+00:00,LU003835,18,2,20260930085516,20260929174414,20260929202547,,LU
2026-09-30T00:00:48.694611+00:00,LU003835,39,3,20260930085841,20260930085904,20260927203554,20260927183910,LU
2026-09-30T00:00:48.694611+00:00,LU003922,12,2,20260930085457,20260929231315,20260930013101,,LU
2026-09-30T00:00:48.694611+00:00,LU003927,02,2,20260930085316,20260929175732,20260929220759,,LU
2026-09-30T00:00:48.694611+00:00,LU003977,19,3,20260930085957,20260929233035,20260930014255,20260929233035,LU
2026-09-30T00:00:48.694611+00:00,LU003983,02,2,20260930085535,20260929213321,20260930005319,,LU
2026-09-30T00:00:48.694611+00:00,LU004023,03,2,20260930085656,20260929215604,20260930045405,,LU
2026-09-30T00:00:48.694611+00:00,LU004070,02,2,20260930085510,20260929191854,20260930080022,,LU
2026-09-30T00:00:48.694611+00:00,LU004210,23,2,20260930085825,20260929191512,20260929214836,,LU
2026-09-30T00:00:48.694611+00:00,LU004210,25,2,20260930085529,20260929160549,20260929193548,,LU
2026-09-30T00:00:48.694611+00:00,LU100138,02,2,20260930085655,20260929163753,20260929175711,,LU
2026-09-30T00:00:48.694611+00:00,LU100200,14,2,20260930085051,20260929125405,20260929212508,,LU
2026-09-30T00:00:48.694611+00:00,LU100308,20,2,20260930085208,20260930002442,20260930003952,,LU
2026-09-30T00:00:48.694611+00:00,LU100332,15,3,20260930085256,20260930085318,20260929202941,20260929164344,LU
2026-09-30T00:00:48.694611+00:00,LU100338,06,2,20260930085057,20260929185533,20260930055457,,LU
2026-09-30T00:00:48.694611+00:00,LU100368,03,3,20260930085536,20260930085547,20260929104700,20260929090159,LU
2026-09-30T00:00:48.694611+00:00,LU100368,21,2,20260930085050,20260928202408,20260929004253,,LU
2026-09-30T00:00:48.694611+00:00,LU100376,06,3,20260930085054,20260930085119,20260930015333,20260929185824,LU
2026-09-30T00:00:48.694611+00:00,LU100683,04,3,20260930085836,20260930085854,20260929230036,20260929193317,LU
2026-09-30T00:00:48.694611+00:00,LU100687,01,2,20260930085141,20260929201226,20260930015133,,LU
2026-09-30T00:00:48.694611+00:00,LU100763,08,2,20260930085415,20260906195819,20260907015756,,LU
2026-09-30T00:00:48.694611+00:00,LU100784,06,3,20260930085751,20260930085755,20260929142903,20260929105207,LU
2026-09-30T00:00:48.694611+00:00,LU100806,06,3,20260930085315,20260930085329,20260929210036,20260929170139,LU
2026-09-30T00:00:48.694611+00:00,LU100856,38,3,20260930085658,20260930085714,20260928134730,20260928081655,LU
2026-09-30T00:00:48.694611+00:00,LU100944,20,2,20260930085938,20260929220129,20260930013405,,LU
2026-09-30T00:00:48.694611+00:00,LU101069,01,3,20260930085944,20260929222706,20260930001946,20260929222706,LU
2026-09-30T00:00:48.694611+00:00,LU101144,06,2,20260930085716,20260929205418,20260930005613,,LU
2026-09-30T00:00:48.694611+00:00,LU101354,07,2,20260930085412,20260930074708,20260930085356,,LU
2026-09-30T00:00:48.694611+00:00,LU101401,06,2,20260930085953,20260929201144,20260929211841,,LU
2026-09-30T00:00:48.694611+00:00,LU101460,01,3,20260930085108,20260930085132,20260929205601,20260929194607,LU
2026-09-30T00:00:48.694611+00:00,LU101504,05,3,20260930085441,20260930085452,20260929114016,20260929083817,LU
2026-09-30T00:00:48.694611+00:00,LU101504,15,3,20260930085904,20260930085912,20260930085831,20260930085655,LU
2026-09-30T00:00:48.694611+00:00,LU101528,08,2,20260930085129,20260929155342,20260929202812,,LU
2026-09-30T00:00:48.694611+00:00,LU101573,23,2,20260930085219,20260929183422,20260930001337,,LU
2026-09-30T00:00:48.694611+00:00,LU101573,26,2,20260930085358,20260929193417,20260929211814,,LU
2026-09-30T00:00:48.694611+00:00,LU101578,28,2,20260930085729,20260929223431,20260930022547,,LU
2026-09-30T00:00:48.694611+00:00,LU101683,16,3,20260930085757,20260930085812,20260929002118,20260928092908,LU
2026-09-30T00:00:48.694611+00:00,LU101686,15,2,20260930085936,20260929213751,20260930015842,,LU
2026-09-30T00:00:48.694611+00:00,LU101686,22,3,20260930085953,20260928142104,20260928165524,20260928142104,LU
2026-09-30T00:00:48.694611+00:00,LU101686,32,3,20260930085856,20260930075527,20260930085854,20260930075527,LU
2026-09-30T00:00:48.694611+00:00,LU101707,38,2,20260930085408,20260929152311,20260929184537,,LU
2026-09-30T00:00:48.694611+00:00,MO112910,02,2,20260930090010,20260930090009,20260930090010,,MO
2026-09-30T00:00:48.694611+00:00,MO112910,03,2,20260930090010,20260901220003,20260901220005,,MO
2026-09-30T00:00:48.694611+00:00,MO112911,01,2,20260930090010,20260827235909,20260827235937,,MO
2026-09-30T00:00:48.694611+00:00,MO114401,01,2,20260930090010,20260919201150,20260920052309,,MO
2026-09-30T00:00:48.694611+00:00,MO114401,02,2,20260930090010,20260917193804,20260918025432,,MO
2026-09-30T00:00:48.694611+00:00,MO114403,01,2,20260930090010,20260915105045,20260915175804,,MO
2026-09-30T00:00:48.694611+00:00,MO114701,01,3,20260930090010,20260930090010,20260930090009,20260930090010,MO
2026-09-30T00:00:48.694611+00:00,MO114703,01,9,20260930090010,20260930090009,20260930090010,,MO
2026-09-30T00:00:48.694611+00:00,MO114703,03,2,20260930090010,20260930090009,20260930090010,,MO
2026-09-30T00:00:48.694611+00:00,MO115004,01,2,20260930090010,20240801062802,20240801062812,,MO
2026-09-30T00:00:48.694611+00:00,MO115004,02,2,20260930090010,20240730062802,20240730062816,,MO
2026-09-30T00:00:48.694611+00:00,MO115004,03,2,20260930090010,20240731202116,20240731202127,,MO
2026-09-30T00:00:48.694611+00:00,MO115307,01,2,20260930090010,20260708070003,20260708070004,,MO
2026-09-30T00:00:48.694611+00:00,MO115309,01,2,20260930090010,20260615090004,20260615090004,,MO
2026-09-30T00:00:48.694611+00:00,MO116803,01,2,20260930090010,20260930070001,20260930070004,,MO
2026-09-30T00:00:48.694611+00:00,MO116804,01,2,20260930090010,20260310125633,20260310125652,,MO
2026-09-30T00:00:48.694611+00:00,NS850107,04,2,20260930085303,20260929060937,20260929080927,,NS
2026-09-30T00:00:48.694611+00:00,NS850121,12,3,20260930085838,20260926120921,20260926080934,20260930085838,NS
2026-09-30T00:00:48.694611+00:00,NT100032,20,2,20260930085050,20260929221850,20260930085050,,NT
2026-09-30T00:00:48.694611+00:00,NT100044,02,3,20260930085350,20260930085350,20260929220450,20260930085350,NT
2026-09-30T00:00:48.694611+00:00,NT100060,03,3,20260930085050,20260930085050,20260928121250,20260930085050,NT
2026-09-30T00:00:48.694611+00:00,NT100133,02,2,20260930085150,20260929225450,20260930085150,,NT
2026-09-30T00:00:48.694611+00:00,NT100133,13,3,20260930085550,20260930085550,20260930062050,20260930085550,NT
2026-09-30T00:00:48.694611+00:00,NT100185,05,3,20260930085050,20260930085050,20260929112450,20260930085050,NT
2026-09-30T00:00:48.694611+00:00,NT100373,01,2,20260930085650,20260930084950,20260930085650,,NT
2026-09-30T00:00:48.694611+00:00,NT100373,34,2,20260930085550,20260929155450,20260930085550,,NT
2026-09-30T00:00:48.694611+00:00,NT100477,29,3,20260930085450,20260930085450,20260930083950,20260930085450,NT
2026-09-30T00:00:48.694611+00:00,NT100491,01,2,20260930085150,20260929211850,20260930085150,,NT
2026-09-30T00:00:48.694611+00:00,NT100508,32,2,20260930085550,20260930073650,20260930085550,,NT
2026-09-30T00:00:48.694611+00:00,NT100541,01,3,20260930085450,20260930085450,20260929061850,20260930085450,NT
2026-09-30T00:00:48.694611+00:00,NT100601,01,3,20260930085150,20260930085150,20260929081750,20260930085150,NT
2026-09-30T00:00:48.694611+00:00,NT100680,03,3,20260930085350,20260930085350,20260929174650,20260930085350,NT
2026-09-30T00:00:48.694611+00:00,NT100844,12,2,20260930085050,20260929213450,20260930085050,,NT
2026-09-30T00:00:48.694611+00:00,NT100855,04,2,20260930085950,20260929142050,20260930085950,,NT
2026-09-30T00:00:48.694611+00:00,NT100899,02,3,20260930085250,20260930085250,20260929123350,20260930085250,NT
2026-09-30T00:00:48.694611+00:00,NT101212,04,2,20260930085950,20260929215850,20260930085950,,NT
2026-09-30T00:00:48.694611+00:00,NT101212,06,2,20260930085950,20260930023150,20260930085950,,NT
2026-09-30T00:00:48.694611+00:00,NT101342,05,2,20260930085350,20260929221350,20260930085350,,NT
2026-09-30T00:00:48.694611+00:00,NT101346,11,2,20260930085150,20260929224450,20260930085150,,NT
2026-09-30T00:00:48.694611+00:00,NT101468,01,2,20260930085650,20260930071250,20260930085650,,NT
2026-09-30T00:00:48.694611+00:00,NT101519,03,2,20260930085450,20260930081350,20260930085450,,NT
2026-09-30T00:00:48.694611+00:00,NT101545,21,3,20260930085550,20260930085550,20260929173850,20260930085550,NT
2026-09-30T00:00:48.694611+00:00,NT101819,01,2,20260930085750,20260929232350,20260930085750,,NT
2026-09-30T00:00:48.694611+00:00,NT101820,02,2,20260930085350,20260929200350,20260930085350,,NT
2026-09-30T00:00:48.694611+00:00,NT101896,15,3,20260930085850,20260930085850,20260930075050,20260930085850,NT
2026-09-30T00:00:48.694611+00:00,NT101897,18,2,20260930085250,20260929230050,20260930085250,,NT
2026-09-30T00:00:48.694611+00:00,NT102002,05,2,20260930085350,20260929235250,20260930085350,,NT
2026-09-30T00:00:48.694611+00:00,NT102058,05,2,20260930085150,20260929205950,20260930085150,,NT
2026-09-30T00:00:48.694611+00:00,NT102109,01,3,20260930085550,20260930085550,20260929090650,20260930085550,NT
2026-09-30T00:00:48.694611+00:00,NT102120,07,2,20260930085250,20260929214450,20260930085250,,NT
2026-09-30T00:00:48.694611+00:00,NT102153,62,2,20260930085250,20260929201250,20260930085250,,NT
2026-09-30T00:00:48.694611+00:00,NT102262,03,2,20260930085250,20260929234150,20260930085250,,NT
2026-09-30T00:00:48.694611+00:00,NT102276,07,2,20260930085150,20260929223050,20260930085150,,NT
2026-09-30T00:00:48.694611+00:00,NT102277,07,2,20260930085950,20260930002750,20260930085950,,NT
2026-09-30T00:00:48.694611+00:00,NT102295,01,9,20260930085250,20260930072050,20260930085250,,NT
2026-09-30T00:00:48.694611+00:00,NT102295,09,2,20260930085450,20260930010850,20260930085450,,NT
2026-09-30T00:00:48.694611+00:00,NT102297,05,2,20260930085050,20260930011450,20260930085050,,NT
2026-09-30T00:00:48.694611+00:00,NT102319,02,2,20260930085450,20260929225550,20260930085450,,NT
2026-09-30T00:00:48.694611+00:00,NT102378,04,2,20260930085650,20260929194550,20260930085650,,NT
2026-09-30T00:00:48.694611+00:00,NT102482,19,9,20260930085650,20260930030850,20260930085650,,NT
2026-09-30T00:00:48.694611+00:00,NT102489,02,2,20260930085150,20260929233350,20260930085150,,NT
2026-09-30T00:00:48.694611+00:00,NT102502,08,2,20260930085550,20260930003350,20260930085550,,NT
2026-09-30T00:00:48.694611+00:00,NT102614,07,2,20260930085950,20260929163150,20260930085950,,NT
2026-09-30T00:00:48.694611+00:00,NT102614,23,2,20260930085350,20260929200950,20260930085350,,NT
2026-09-30T00:00:48.694611+00:00,NT102625,13,3,20260930085050,20260930085050,20260930070350,20260930085050,NT
2026-09-30T00:00:48.694611+00:00,NT102799,04,2,20260930085450,20260929135750,20260930085450,,NT
2026-09-30T00:00:48.694611+00:00,NT102799,12,3,20260930085950,20260930085950,20260929171050,20260930085950,NT
2026-09-30T00:00:48.694611+00:00,NT102799,16,2,20260930085350,20260929230750,20260930085350,,NT
2026-09-30T00:00:48.694611+00:00,NT102848,04,2,20260930085950,20260930084050,20260930085950,,NT
2026-09-30T00:00:48.694611+00:00,NT102874,13,2,20260930085450,20260929180750,20260930085450,,NT
2026-09-30T00:00:48.694611+00:00,NT102885,90,2,20260930085250,20260929182050,20260930085250,,NT
2026-09-30T00:00:48.694611+00:00,NT102886,02,3,20260930085850,20260930085850,20260929190350,20260930085850,NT
2026-09-30T00:00:48.694611+00:00,OS300138,03,3,20260930085704,20260930085704,20260930085604,20260930085704,OS
2026-09-30T00:00:48.694611+00:00,PC000070,42,2,20260930085915,20260930075205,20260930085746,,PC
2026-09-30T00:00:48.694611+00:00,PC000075,20,3,20260930085733,20260929201410,20260930072607,20260930085733,PC
2026-09-30T00:00:48.694611+00:00,PC000086,02,3,20260930085519,20260918133519,20260918133737,20260930085519,PC
2026-09-30T00:00:48.694611+00:00,PC000150,04,3,20260930085532,20260929081542,20260929220235,20260930085532,PC
2026-09-30T00:00:48.694611+00:00,PC000154,04,3,20260930085409,20260928083633,20260928181013,20260930085409,PC
2026-09-30T00:00:48.694611+00:00,PC000163,01,3,20260930085700,20260929065321,20260929091938,20260930085700,PC
2026-09-30T00:00:48.694611+00:00,PC000216,06,2,20260930085644,20260930075326,20260930085643,,PC
2026-09-30T00:00:48.694611+00:00,PC000301,03,2,20260930085830,20260929200409,20260930085732,,PC
2026-09-30T00:00:48.694611+00:00,PC000301,04,2,20260930085812,20260929202638,20260930085713,,PC
2026-09-30T00:00:48.694611+00:00,PC000342,03,3,20260930085459,20260929150315,20260929225030,20260930085459,PC
2026-09-30T00:00:48.694611+00:00,PC000342,04,2,20260930085641,20260930082225,20260930020048,,PC
2026-09-30T00:00:48.694611+00:00,PC000416,10,2,20260930085048,20260930072910,20260930084937,,PC
2026-09-30T00:00:48.694611+00:00,PC000421,05,3,20260930085904,20260928171606,20260928172533,20260930085904,PC
2026-09-30T00:00:48.694611+00:00,PC000545,01,2,20260930085137,20260929173056,20260929200245,,PC
2026-09-30T00:00:48.694611+00:00,PC000621,01,3,20260930085335,20260929115252,20260929205253,20260930085335,PC
2026-09-30T00:00:48.694611+00:00,PC000658,04,3,20260930085843,20260921175109,20260922011111,20260930085843,PC
2026-09-30T00:00:48.694611+00:00,PC000664,15,3,20260930085535,20260928190210,20260928214758,20260930085535,PC
2026-09-30T00:00:48.694611+00:00,PC000672,29,2,20260930085127,20260929193429,20260930055538,,PC
2026-09-30T00:00:48.694611+00:00,PC000721,03,3,20260930085817,20260929082920,20260929112854,20260930085817,PC
2026-09-30T00:00:48.694611+00:00,PC000723,04,2,20260930085337,20260929190731,20260930085306,,PC
2026-09-30T00:00:48.694611+00:00,PC000723,06,2,20260930085918,20260929182532,20260930082534,,PC
2026-09-30T00:00:48.694611+00:00,PC001108,26,2,20260930085935,20260929233821,20260930075438,,PC
2026-09-30T00:00:48.694611+00:00,PC001125,02,2,20260930085307,20260929230305,20260930061718,,PC
2026-09-30T00:00:48.694611+00:00,PC001164,01,3,20260930085459,20260929085739,20260929175342,20260930085459,PC
2026-09-30T00:00:48.694611+00:00,PC001244,01,3,20260930085714,20260929114217,20260930085628,20260930085714,PC
2026-09-30T00:00:48.694611+00:00,PC001244,08,3,20260930085521,20260929084154,20260928093654,20260930085521,PC
2026-09-30T00:00:48.694611+00:00,PC001488,01,2,20260930085354,20260929184512,20260930030504,,PC
2026-09-30T00:00:48.694611+00:00,PC001819,02,3,20260930085623,20260929085642,20260929134755,20260930085623,PC
2026-09-30T00:00:48.694611+00:00,PC001861,02,3,20260930085652,20260928182430,20260928224650,20260930085652,PC
2026-09-30T00:00:48.694611+00:00,PC001956,11,3,20260930085110,20260928075208,20260928112616,20260930085110,PC
2026-09-30T00:00:48.694611+00:00,PI000309,02,3,20260930085615,20260930085241,20260929214145,20260930085615,PI
2026-09-30T00:00:48.694611+00:00,PI000453,02,2,20260930085642,20260930085141,20260930063152,,PI
2026-09-30T00:00:48.694611+00:00,PI000557,02,2,20260930085146,20260930075214,20260930085011,,PI
2026-09-30T00:00:48.694611+00:00,PI000599,02,2,20260930085808,20260929140424,20260929171249,,PI
2026-09-30T00:00:48.694611+00:00,PI000668,01,3,20260930085120,20260930084744,20260929135519,20260930085120,PI
2026-09-30T00:00:48.694611+00:00,PI019146,05,3,20260930085117,20260930084651,20260929180921,20260930085117,PI
2026-09-30T00:00:48.694611+00:00,PI053318,04,2,20260930085115,20260929231612,20260930064732,,PI
2026-09-30T00:00:48.694611+00:00,PI067373,10,3,20260930085604,20260930085215,20260929134603,20260930085604,PI
2026-09-30T00:00:48.694611+00:00,PI069280,63,2,20260930085110,20260930073931,20260930082306,,PI
2026-09-30T00:00:48.694611+00:00,PI121435,06,3,20260930085125,20260930085058,20260928210506,20260930085125,PI
2026-09-30T00:00:48.694611+00:00,PI122387,14,2,20260930085909,20260929215947,20260930002858,,PI
2026-09-30T00:00:48.694611+00:00,PI200348,01,3,20260930085122,20260930084840,20260923160945,20260930085122,PI
2026-09-30T00:00:48.694611+00:00,PI200386,03,3,20260930085619,20260930085258,20260929203809,20260930085619,PI
2026-09-30T00:00:48.694611+00:00,PI200571,01,2,20260930085622,20260929234343,20260930075136,,PI
2026-09-30T00:00:48.694611+00:00,PI200726,11,2,20260930085637,20260929174538,20260930074544,,PI
2026-09-30T00:00:48.694611+00:00,PI200788,04,3,20260930085130,20260930084708,20260929115901,20260930085130,PI
2026-09-30T00:00:48.694611+00:00,PI200806,09,3,20260930085217,20260930085144,20260929132611,20260930085217,PI
2026-09-30T00:00:48.694611+00:00,PI200810,11,3,20260930085131,20260930084926,20260930041832,20260930085131,PI
2026-09-30T00:00:48.694611+00:00,PI200812,11,2,20260930085131,20260930080123,20260930084831,,PI
2026-09-30T00:00:48.694611+00:00,PI200812,12,2,20260930085131,20260930080619,20260930084800,,PI
2026-09-30T00:00:48.694611+00:00,PI200813,03,3,20260930085755,20260930085616,20260929163828,20260930085755,PI
2026-09-30T00:00:48.694611+00:00,PI200858,02,3,20260930085628,20260930085345,20260928112720,20260930085628,PI
2026-09-30T00:00:48.694611+00:00,PI200885,16,2,20260930085133,20260929192030,20260929204225,,PI
2026-09-30T00:00:48.694611+00:00,PI200915,04,9,20260930085310,20260930051052,20260924073042,20260930051127,PI
2026-09-30T00:00:48.694611+00:00,PI200941,14,3,20260930085135,20260930085126,20260928121146,20260930085135,PI
2026-09-30T00:00:48.694611+00:00,PI200963,02,3,20260930085138,20260930084902,20260923125027,20260930085138,PI
2026-09-30T00:00:48.694611+00:00,PI200963,03,3,20260930085138,20260930084818,20260923115640,20260930085138,PI
2026-09-30T00:00:48.694611+00:00,PI200963,04,3,20260930085633,20260930085445,20260919213828,20260930085633,PI
2026-09-30T00:00:48.694611+00:00,PI200968,10,3,20260930085138,20260930084642,20260929171448,20260930085138,PI
2026-09-30T00:00:48.694611+00:00,PI200973,01,3,20260930085635,20260930085618,20260928160302,20260930085635,PI
2026-09-30T00:00:48.694611+00:00,PI200976,14,3,20260930085637,20260930085235,20260926134304,20260930085637,PI
2026-09-30T00:00:48.694611+00:00,PI200993,07,2,20260930085141,20260922123851,20260922190328,,PI
2026-09-30T00:00:48.694611+00:00,PI200993,08,2,20260930085141,20260922173628,20260922184010,,PI
2026-09-30T00:00:48.694611+00:00,PI200993,09,2,20260930085141,20260921132954,20260921183702,,PI
2026-09-30T00:00:48.694611+00:00,PI200994,03,2,20260930085635,20260929165333,20260929200049,,PI
2026-09-30T00:00:48.694611+00:00,PI200999,05,2,20260930085141,20260927204303,20260928000931,,PI
2026-09-30T00:00:48.694611+00:00,PI201575,06,3,20260930085656,20260930085209,20260929155743,20260930085656,PI
2026-09-30T00:00:48.694611+00:00,PI202574,02,3,20260930085632,20260930085403,20260929113304,20260930085632,PI
2026-09-30T00:00:48.694611+00:00,PI202819,01,3,20260930085817,20260930085520,20260928124012,20260930085817,PI
2026-09-30T00:00:48.694611+00:00,PI203027,02,3,20260930085125,20260930085042,20260928154149,20260930085125,PI
2026-09-30T00:00:48.694611+00:00,PI203027,06,3,20260930085632,20260930085421,20260927230409,20260930085632,PI
2026-09-30T00:00:48.694611+00:00,PI203049,11,2,20260930085656,20260930071219,20260930085419,,PI
2026-09-30T00:00:48.694611+00:00,PI204007,01,3,20260930085638,20260930085443,20260928131408,20260930085638,PI
2026-09-30T00:00:48.694611+00:00,PI204010,11,2,20260930085638,20260930034508,20260930074519,,PI
2026-09-30T00:00:48.694611+00:00,PI204048,01,3,20260930085144,20260930085002,20260928094701,20260930085144,PI
2026-09-30T00:00:48.694611+00:00,PI204051,03,3,20260930085144,20260930084707,20260929234903,20260930085144,PI
2026-09-30T00:00:48.694611+00:00,PI204052,03,3,20260930085640,20260930085326,20260929163558,20260930085640,PI
2026-09-30T00:00:48.694611+00:00,PI204071,02,3,20260930085147,20260930084744,20260930082524,20260930085147,PI
2026-09-30T00:00:48.694611+00:00,PI204072,01,3,20260930085643,20260930085453,20260929214446,20260930085643,PI
2026-09-30T00:00:48.694611+00:00,PI204092,02,3,20260930085147,20260930085031,20260928211939,20260930085147,PI
2026-09-30T00:00:48.694611+00:00,PI204092,06,3,20260930085643,20260930085328,20260923022741,20260930085643,PI
2026-09-30T00:00:48.694611+00:00,PI204098,03,3,20260930085643,20260930085542,20260929170318,20260930085643,PI
2026-09-30T00:00:48.694611+00:00,PI204109,01,3,20260930085644,20260930085528,20260927091028,20260930085644,PI
2026-09-30T00:00:48.694611+00:00,PI204109,03,3,20260930085644,20260930085417,20260929193814,20260930085644,PI
2026-09-30T00:00:48.694611+00:00,PI204119,34,3,20260930085149,20260930084853,20260929160328,20260930085149,PI
2026-09-30T00:00:48.694611+00:00,PI204153,22,3,20260930085154,20260930085103,20260929140248,20260930085154,PI
2026-09-30T00:00:48.694611+00:00,PI204154,13,3,20260930085154,20260930084942,20260929161706,20260930085154,PI
2026-09-30T00:00:48.694611+00:00,PI204162,15,2,20260930085154,20260930074754,20260930083349,,PI
2026-09-30T00:00:48.694611+00:00,PI204164,01,3,20260930085650,20260930085613,20260929120633,20260930085650,PI
2026-09-30T00:00:48.694611+00:00,PI204169,05,3,20260930085323,20260930084852,20260929151649,20260930085323,PI
2026-09-30T00:00:48.694611+00:00,PI204179,05,3,20260930085157,20260930084849,20260930082401,20260930085157,PI
2026-09-30T00:00:48.694611+00:00,PI204183,02,3,20260930085157,20260930085150,20260929165449,20260930085157,PI
2026-09-30T00:00:48.694611+00:00,PI204207,17,3,20260930085654,20260930085602,20260905114543,20260930085654,PI
2026-09-30T00:00:48.694611+00:00,PI204222,02,3,20260930085815,20260930085521,20260929204034,20260930085815,PI
2026-09-30T00:00:48.694611+00:00,PI204227,06,3,20260930085207,20260930085130,20260928181119,20260930085207,PI
2026-09-30T00:00:48.694611+00:00,PI204227,08,3,20260930085207,20260930085136,20260923143401,20260930085207,PI
2026-09-30T00:00:48.694611+00:00,PI204234,01,3,20260930085203,20260930084836,20260929132940,20260930085203,PI
2026-09-30T00:00:48.694611+00:00,PI204250,02,3,20260930085700,20260930085316,20260907175410,20260930085700,PI
2026-09-30T00:00:48.694611+00:00,PI204273,02,2,20260930085704,20260930011428,20260930074739,,PI
2026-09-30T00:00:48.694611+00:00,PI204322,04,3,20260930085213,20260930084722,20260929184717,20260930085213,PI
2026-09-30T00:00:48.694611+00:00,PI204340,04,3,20260930085707,20260930085457,20260928141630,20260930085707,PI
2026-09-30T00:00:48.694611+00:00,PI306224,05,3,20260930085627,20260930085428,20260924145456,20260930085627,PI
2026-09-30T00:00:48.694611+00:00,PI306224,06,3,20260930085627,20260930085409,20260928124853,20260930085627,PI
2026-09-30T00:00:48.694611+00:00,PI306224,09,3,20260930085627,20260930085134,20260929181515,20260930085627,PI
2026-09-30T00:00:48.694611+00:00,PI645059,03,2,20260930085712,20260930060056,20260930085014,,PI
2026-09-30T00:00:48.694611+00:00,PI645447,02,2,20260930085818,20260930063210,20260930085527,,PI
2026-09-30T00:00:48.694611+00:00,PI700015,01,3,20260930085505,20260930085052,20260929133538,20260930085505,PI
2026-09-30T00:00:48.694611+00:00,PI700025,07,2,20260930085908,20260929232929,20260930053856,,PI
2026-09-30T00:00:48.694611+00:00,PI700041,04,2,20260930085506,20260930061715,20260930085309,,PI
2026-09-30T00:00:48.694611+00:00,PI700043,10,3,20260930085506,20260930085039,20260929193921,20260930085506,PI
2026-09-30T00:00:48.694611+00:00,PI707214,12,3,20260930085358,20260930085124,20260930014750,20260930085358,PI
2026-09-30T00:00:48.694611+00:00,PI707758,25,2,20260930085512,20260929175247,20260930084047,,PI
2026-09-30T00:00:48.694611+00:00,PI707844,03,2,20260930085513,20260929203234,20260930085202,,PI
2026-09-30T00:00:48.694611+00:00,PI708578,04,3,20260930085515,20260930085108,20260930072034,20260930085515,PI
2026-09-30T00:00:48.694611+00:00,PI708901,01,2,20260930085515,20260930055435,20260930084158,,PI
2026-09-30T00:00:48.694611+00:00,PI709498,03,2,20260930085517,20260929220318,20260930085219,,PI
2026-09-30T00:00:48.694611+00:00,PI709626,04,3,20260930085517,20260930085336,20260930082718,20260930085517,PI
2026-09-30T00:00:48.694611+00:00,PI711602,11,2,20260930085525,20260929235159,20260930085320,,PI
2026-09-30T00:00:48.694611+00:00,PI711602,12,2,20260930085525,20260929230555,20260930085103,,PI
2026-09-30T00:00:48.694611+00:00,PI711602,15,2,20260930085525,20260929230123,20260930011938,,PI
2026-09-30T00:00:48.694611+00:00,PI712178,06,3,20260930085529,20260930085123,20260929154352,20260930085529,PI
2026-09-30T00:00:48.694611+00:00,PI712247,33,2,20260930085529,20260929171341,20260930002907,,PI
2026-09-30T00:00:48.694611+00:00,PI712282,04,2,20260930085529,20260929193915,20260929230918,,PI
2026-09-30T00:00:48.694611+00:00,PI712282,17,2,20260930085529,20260929211251,20260929213833,,PI
2026-09-30T00:00:48.694611+00:00,PI712346,14,2,20260930085519,20260929221947,20260930004443,,PI
2026-09-30T00:00:48.694611+00:00,PI712449,42,2,20260930085534,20260929234409,20260930074331,,PI
2026-09-30T00:00:48.694611+00:00,PI713370,18,2,20260930085535,20260929224808,20260930044033,,PI
2026-09-30T00:00:48.694611+00:00,PI713370,21,2,20260930085535,20260929162313,20260929182453,,PI
2026-09-30T00:00:48.694611+00:00,PI713430,71,2,20260930085535,20260929142728,20260930030522,,PI
2026-09-30T00:00:48.694611+00:00,PI714521,08,2,20260930085614,20260929201029,20260930043630,,PI
2026-09-30T00:00:48.694611+00:00,PI718548,01,3,20260930085222,20260930084740,20260929114337,20260930085222,PI
2026-09-30T00:00:48.694611+00:00,PI719648,03,3,20260930085224,20260930085101,20260929143155,20260930085224,PI
2026-09-30T00:00:48.694611+00:00,PI721051,06,2,20260930085119,20260929174600,20260930000404,,PI
2026-09-30T00:00:48.694611+00:00,PI721126,16,2,20260930085908,20260929195840,20260929231040,,PI
2026-09-30T00:00:48.694611+00:00,PI722283,17,2,20260930085710,20260929203804,20260930022705,,PI
2026-09-30T00:00:48.694611+00:00,PI722666,15,2,20260930085842,20260929231840,20260930073600,,PI
2026-09-30T00:00:48.694611+00:00,PI722718,24,2,20260930085839,20260929204049,20260929233207,,PI
2026-09-30T00:00:48.694611+00:00,PI723121,17,2,20260930085223,20260929235829,20260930000030,,PI
2026-09-30T00:00:48.694611+00:00,PI723171,03,2,20260930085336,20260929231034,20260930035152,,PI
2026-09-30T00:00:48.694611+00:00,PI740766,01,3,20260930085547,20260930085321,20260929084300,20260930085547,PI
2026-09-30T00:00:48.694611+00:00,PI740766,06,3,20260930085325,20260930084908,20260930085108,20260930085325,PI
2026-09-30T00:00:48.694611+00:00,PI740766,09,2,20260930085815,20260930081853,20260930084705,,PI
2026-09-30T00:00:48.694611+00:00,PI747534,04,3,20260930085334,20260930085150,20260929184323,20260930085334,PI
2026-09-30T00:00:48.694611+00:00,PI752192,27,2,20260930085050,20260930005916,20260930044055,,PI
2026-09-30T00:00:48.694611+00:00,PI752392,02,3,20260930085059,20260930084843,20260928150237,20260930085059,PI
2026-09-30T00:00:48.694611+00:00,PI752983,03,3,20260930085600,20260930085137,20260929171938,20260930085600,PI
2026-09-30T00:00:48.694611+00:00,PI761352,01,2,20260930085522,20260929193129,20260929213129,,PI
2026-09-30T00:00:48.694611+00:00,PI761352,23,2,20260930085522,20260929191856,20260929220129,,PI
2026-09-30T00:00:48.694611+00:00,PI761352,73,2,20260930085522,20260929221734,20260930023204,,PI
2026-09-30T00:00:48.694611+00:00,PI763338,02,2,20260930085537,20260929235943,20260930021433,,PI
2026-09-30T00:00:48.694611+00:00,PI763958,04,3,20260930085539,20260930085500,20260928215757,20260930085539,PI
2026-09-30T00:00:48.694611+00:00,PI764138,02,2,20260930085538,20260929190517,20260930013750,,PI
2026-09-30T00:00:48.694611+00:00,PI764398,05,2,20260930085050,20260929201255,20260930054623,,PI
2026-09-30T00:00:48.694611+00:00,PI766538,04,3,20260930085101,20260930084623,20260930042852,20260930085101,PI
2026-09-30T00:00:48.694611+00:00,PI766662,28,2,20260930085104,20260929203421,20260929222333,,PI
2026-09-30T00:00:48.694611+00:00,PI766662,54,2,20260930085104,20260929192847,20260929213444,,PI
2026-09-30T00:00:48.694611+00:00,PI766993,09,2,20260930085059,20260929214718,20260930025320,,PI
2026-09-30T00:00:48.694611+00:00,PI767274,06,3,20260930085556,20260930085252,20260929110021,20260930085556,PI
2026-09-30T00:00:48.694611+00:00,PI767274,15,3,20260930085100,20260930084937,20260929111221,20260930085100,PI
2026-09-30T00:00:48.694611+00:00,PI767322,03,2,20260930085557,20260929204135,20260930023445,,PI
2026-09-30T00:00:48.694611+00:00,PI768078,01,3,20260930085112,20260930084654,20260929191751,20260930085112,PI
2026-09-30T00:00:48.694611+00:00,PI769618,14,2,20260930085606,20260929203259,20260930052548,,PI
2026-09-30T00:00:48.694611+00:00,PI770215,01,3,20260930085714,20260930085405,20260930084823,20260930085714,PI
2026-09-30T00:00:48.694611+00:00,PI772069,22,2,20260930085803,20260929214029,20260929225047,,PI
2026-09-30T00:00:48.694611+00:00,PI772283,08,2,20260930085757,20260929232259,20260930032441,,PI
2026-09-30T00:00:48.694611+00:00,PI773498,03,2,20260930085313,20260929225349,20260930051012,,PI
2026-09-30T00:00:48.694611+00:00,PI773738,01,3,20260930085315,20260930084928,20260929103541,20260930085315,PI
2026-09-30T00:00:48.694611+00:00,PI773904,01,3,20260930085804,20260930085746,20260929134618,20260930085804,PI
2026-09-30T00:00:48.694611+00:00,PI775277,09,2,20260930085349,20260930072157,20260930085245,,PI
2026-09-30T00:00:48.694611+00:00,PI775277,10,3,20260930085839,20260930085817,20260929180708,20260930085839,PI
2026-09-30T00:00:48.694611+00:00,PI780120,01,3,20260930085508,20260930085045,20260928110224,20260930085508,PI
2026-09-30T00:00:48.694611+00:00,PI793802,03,3,20260930085338,20260930084843,20260928230414,20260930085338,PI
2026-09-30T00:00:48.694611+00:00,PI793888,02,2,20260930085339,20260929204940,20260929222432,,PI
2026-09-30T00:00:48.694611+00:00,PI794299,24,3,20260930085333,20260930085203,20260928160840,20260930085333,PI
2026-09-30T00:00:48.694611+00:00,PI794634,12,2,20260930085338,20260929195226,20260930010431,,PI
2026-09-30T00:00:48.694611+00:00,PI795073,01,2,20260930085334,20260929235416,20260930052515,,PI
2026-09-30T00:00:48.694611+00:00,PI795179,02,2,20260930085335,20260929124526,20260929142543,,PI
2026-09-30T00:00:48.694611+00:00,PI795182,04,2,20260930085824,20260929203901,20260930033901,,PI
2026-09-30T00:00:48.694611+00:00,PI796562,20,2,20260930085837,20260929220135,20260930014823,,PI
2026-09-30T00:00:48.694611+00:00,PI800774,03,2,20260930085316,20260929193943,20260929223813,,PI
2026-09-30T00:00:48.694611+00:00,PI801810,10,2,20260930085321,20260930001243,20260930085148,,PI
2026-09-30T00:00:48.694611+00:00,PI803208,02,3,20260930085815,20260930085502,20260928230150,20260930085815,PI
2026-09-30T00:00:48.694611+00:00,PI807782,03,3,20260930085842,20260930085622,20260930001717,20260930085842,PI
2026-09-30T00:00:48.694611+00:00,PI807782,07,2,20260930085352,20260929182036,20260930034908,,PI
2026-09-30T00:00:48.694611+00:00,PI807841,03,2,20260930085352,20260929180926,20260930040555,,PI
2026-09-30T00:00:48.694611+00:00,PI807977,05,2,20260930085842,20260929194548,20260930011838,,PI
2026-09-30T00:00:48.694611+00:00,PI808426,05,2,20260930085353,20260929193150,20260929220023,,PI
2026-09-30T00:00:48.694611+00:00,PI808443,17,2,20260930085843,20260930084814,20260930085320,,PI
2026-09-30T00:00:48.694611+00:00,PI808443,19,3,20260930085843,20260930085750,20260930001756,20260930085843,PI
2026-09-30T00:00:48.694611+00:00,PI808828,16,2,20260930085354,20260929164823,20260929205247,,PI
2026-09-30T00:00:48.694611+00:00,PI810614,07,2,20260930085908,20260929195622,20260930015049,,PI
2026-09-30T00:00:48.694611+00:00,PIA00212,01,3,20260930085847,20260930085527,20260929154735,20260930085847,PI
2026-09-30T00:00:48.694611+00:00,PIA00265,40,3,20260930085355,20260930085344,20260929114655,20260930085355,PI
2026-09-30T00:00:48.694611+00:00,PIA00265,47,9,20260930085810,20260927113118,20260927120745,,PI
2026-09-30T00:00:48.694611+00:00,PIH00029,02,3,20260930085740,20260930085407,20260930030850,20260930085740,PI
2026-09-30T00:00:48.694611+00:00,PIH00110,05,2,20260930085738,20260929230818,20260930085316,,PI
2026-09-30T00:00:48.694611+00:00,PIH00174,03,3,20260930085740,20260930085308,20260930085048,20260930085740,PI
2026-09-30T00:00:48.694611+00:00,PIH00211,04,3,20260930085740,20260930085413,20260804214344,20260930085740,PI
2026-09-30T00:00:48.694611+00:00,PIH00211,11,2,20260930085252,20260930073728,20260930084905,,PI
2026-09-30T00:00:48.694611+00:00,PIH00401,04,3,20260930085741,20260930085605,20260910122659,20260930085741,PI
2026-09-30T00:00:48.694611+00:00,PIH00427,03,2,20260930085240,20260929183650,20260929194158,,PI
2026-09-30T00:00:48.694611+00:00,PIH00497,02,9,20260930085810,20260927233137,20260928093846,,PI
2026-09-30T00:00:48.694611+00:00,PIH00598,17,2,20260930085727,20260929175125,20260929200443,,PI
2026-09-30T00:00:48.694611+00:00,PIH00815,02,3,20260930085254,20260930084945,20260929191551,20260930085254,PI
2026-09-30T00:00:48.694611+00:00,PIH01047,03,2,20260930085728,20260930081031,20260930085619,,PI
2026-09-30T00:00:48.694611+00:00,PIH01703,02,3,20260930085241,20260930085230,20260929080634,20260930085241,PI
2026-09-30T00:00:48.694611+00:00,PIH01989,02,3,20260930085727,20260930085402,20260928172527,20260930085727,PI
2026-09-30T00:00:48.694611+00:00,PIH02074,02,3,20260930085300,20260930085007,20260924165545,20260930085300,PI
2026-09-30T00:00:48.694611+00:00,PIH02099,01,2,20260930085301,20260929211547,20260930051732,,PI
2026-09-30T00:00:48.694611+00:00,PIS00010,04,3,20260930085358,20260930085201,20260929092357,20260930085358,PI
2026-09-30T00:00:48.694611+00:00,PIS00049,03,3,20260930085849,20260930085458,20260929133434,20260930085849,PI
2026-09-30T00:00:48.694611+00:00,PIS00050,04,3,20260930085359,20260930085034,20260930003208,20260930085359,PI
2026-09-30T00:00:48.694611+00:00,PIS00059,02,3,20260930085849,20260930085456,20260929130538,20260930085849,PI
2026-09-30T00:00:48.694611+00:00,PIS00063,01,3,20260930085359,20260930085059,20260929150136,20260930085359,PI
2026-09-30T00:00:48.694611+00:00,PIS00065,01,3,20260930085359,20260930085057,20260929123153,20260930085359,PI
2026-09-30T00:00:48.694611+00:00,PIS00069,05,3,20260930085359,20260930084906,20260923075747,20260930085359,PI
2026-09-30T00:00:48.694611+00:00,PIS00080,06,2,20260930085400,20260929194246,20260930005351,,PI
2026-09-30T00:00:48.694611+00:00,PK000005,01,2,20260930085201,20260930083257,20260930084950,,PK
2026-09-30T00:00:48.694611+00:00,PK000005,04,2,20260930085201,20260930075458,20260930084620,,PK
2026-09-30T00:00:48.694611+00:00,PK000005,05,2,20260930085201,20260930082600,20260930085030,,PK
2026-09-30T00:00:48.694611+00:00,PK000005,10,2,20260930085201,20260930082530,20260930084810,,PK
2026-09-30T00:00:48.694611+00:00,PK000007,43,2,20260930085203,20260930082028,20260930084952,,PK
2026-09-30T00:00:48.694611+00:00,PK000007,44,2,20260930085203,20260930082102,20260930084953,,PK
2026-09-30T00:00:48.694611+00:00,PK000007,45,3,20260930085203,20260930080846,20260930082412,20260930085113,PK
2026-09-30T00:00:48.694611+00:00,PK000007,46,3,20260930085203,20260930075723,20260930082412,20260930085148,PK
2026-09-30T00:00:48.694611+00:00,PK000008,05,3,20260930085204,20260930073054,20260930081239,20260930084439,PK
2026-09-30T00:00:48.694611+00:00,PK000008,07,2,20260930085204,20260930082134,20260930084744,,PK
2026-09-30T00:00:48.694611+00:00,PK000009,28,2,20260930085049,20260930083004,20260930085049,,PK
2026-09-30T00:00:48.694611+00:00,PK000011,05,2,20260930085049,20260930083005,20260930085049,,PK
2026-09-30T00:00:48.694611+00:00,PK000011,06,2,20260930085049,20260930083005,20260930085049,,PK
2026-09-30T00:00:48.694611+00:00,PK000011,09,2,20260930085049,20260930084057,20260930085049,,PK
2026-09-30T00:00:48.694611+00:00,PK000011,10,2,20260930085049,20260930084057,20260930085049,,PK
2026-09-30T00:00:48.694611+00:00,PK000011,15,3,20260930085049,20260930085049,20250909150239,20260930085049,PK
2026-09-30T00:00:48.694611+00:00,PK000011,16,3,20260930085049,20260930085049,20260930081123,20260930085049,PK
2026-09-30T00:00:48.694611+00:00,PK000012,05,2,20260930085052,20260930084059,20260930085052,,PK
2026-09-30T00:00:48.694611+00:00,PK000012,06,2,20260930085052,20260930084059,20260930085052,,PK
2026-09-30T00:00:48.694611+00:00,PK000012,09,3,20260930085052,20260930085052,20250212140315,20260930085052,PK
2026-09-30T00:00:48.694611+00:00,PK000012,10,3,20260930085052,20260930085052,20260930083009,20260930085052,PK
2026-09-30T00:00:48.694611+00:00,PK000013,05,3,20260930085053,20260930085053,20241023165034,20260930085053,PK
2026-09-30T00:00:48.694611+00:00,PK000013,06,3,20260930085053,20260930085053,20241023155452,20260930085053,PK
2026-09-30T00:00:48.694611+00:00,PK000014,01,3,20260930085055,20260930085055,20260930010317,20260930085055,PK
2026-09-30T00:00:48.694611+00:00,PK000014,02,3,20260930085055,20260930085055,20260929212118,20260930085055,PK
2026-09-30T00:00:48.694611+00:00,PK000014,05,2,20260930085055,20260930082050,20260930085055,,PK
2026-09-30T00:00:48.694611+00:00,PK000014,06,2,20260930085055,20260930082050,20260930085055,,PK
2026-09-30T00:00:48.694611+00:00,PK000017,01,2,20260930085057,20260930083014,20260930085057,,PK
2026-09-30T00:00:48.694611+00:00,PK000017,02,2,20260930085057,20260930083014,20260930085057,,PK
2026-09-30T00:00:48.694611+00:00,PK000017,05,3,20260930085057,20260930085057,20260206154136,20260930085057,PK
2026-09-30T00:00:48.694611+00:00,PK000017,06,3,20260930085057,20260930085057,20250618155006,20260930085057,PK
2026-09-30T00:00:48.694611+00:00,PK000018,01,2,20260930085057,20260930083014,20260930085057,,PK
2026-09-30T00:00:48.694611+00:00,PK000018,02,2,20260930085057,20260930083014,20260930085057,,PK
2026-09-30T00:00:48.694611+00:00,PK000018,07,2,20260930085057,20260930084103,20260930085057,,PK
2026-09-30T00:00:48.694611+00:00,PK000018,08,2,20260930085057,20260930084103,20260930085057,,PK
2026-09-30T00:00:48.694611+00:00,PK000018,09,3,20260930085057,20260930085057,20260930083014,20260930085057,PK
2026-09-30T00:00:48.694611+00:00,PK000019,03,2,20260930085057,20260930084103,20240912200025,,PK
2026-09-30T00:00:48.694611+00:00,PK000019,04,2,20260930085057,20260930084103,20260130131214,,PK
2026-09-30T00:00:48.694611+00:00,PK000019,05,3,20260930085057,20260930085057,20241209115503,20260930085057,PK
2026-09-30T00:00:48.694611+00:00,PK000019,06,3,20260930085057,20260930085057,20260929212121,20260930085057,PK
2026-09-30T00:00:48.694611+00:00,PK000021,05,3,20260930085057,20260930085057,20251001140000,20260930085057,PK
2026-09-30T00:00:48.694611+00:00,PK000021,06,3,20260930085057,20260930085057,20260930021119,20260930085057,PK
2026-09-30T00:00:48.694611+00:00,PK000023,05,3,20260930085059,20260930085059,20260930083017,20260930085059,PK
2026-09-30T00:00:48.694611+00:00,PK000024,09,2,20260930085100,20260930084107,20260930085100,,PK
2026-09-30T00:00:48.694611+00:00,PK000024,13,3,20260930085100,20260930085100,20260915153016,20260930085100,PK
2026-09-30T00:00:48.694611+00:00,PK000025,01,2,20260930085059,20260930084105,20260930085059,,PK
2026-09-30T00:00:48.694611+00:00,PK000025,02,2,20260930085059,20260930084105,20260930085059,,PK
2026-09-30T00:00:48.694611+00:00,PK000025,09,3,20260930085059,20260930085059,20260930084105,20260930085059,PK
2026-09-30T00:00:48.694611+00:00,PK000025,10,3,20260930085059,20260930085059,20260930084105,20260930085059,PK
2026-09-30T00:00:48.694611+00:00,PK000025,13,3,20260930085059,20260930085059,20240715140820,20260930085059,PK
2026-09-30T00:00:48.694611+00:00,PK000025,14,3,20260930085059,20260930085059,20240715140936,20260930085059,PK
2026-09-30T00:00:48.694611+00:00,PK000025,17,9,20260930085201,20260930083115,20260930084942,,PK
2026-09-30T00:00:48.694611+00:00,PK000025,19,2,20260930085201,20260930082743,20260930084242,,PK
2026-09-30T00:00:48.694611+00:00,PK000025,20,9,20260930085201,20260930082821,20260930084240,,PK
2026-09-30T00:00:48.694611+00:00,PK000025,23,3,20260930085059,20260930085059,20260120144708,20260930085059,PK
2026-09-30T00:00:48.694611+00:00,PK000025,24,3,20260930085059,20260930085059,20260930084105,20260930085059,PK
2026-09-30T00:00:48.694611+00:00,PK000025,25,2,20260930085059,20260930084105,20260930085059,,PK
2026-09-30T00:00:48.694611+00:00,PK000025,27,3,20260930085059,20260930085059,20260930084105,20260930085059,PK
2026-09-30T00:00:48.694611+00:00,PK000025,28,3,20260930085059,20260930085059,20260930014049,20260930085059,PK
2026-09-30T00:00:48.694611+00:00,PK000027,11,2,20260930085101,20260930083019,20260824160058,,PK
2026-09-30T00:00:48.694611+00:00,PK000028,09,3,20260930085101,20260930085101,20240905141314,20260930085101,PK
2026-09-30T00:00:48.694611+00:00,PK000028,21,3,20260930085200,20260930080244,20260930081533,20260930084831,PK
2026-09-30T00:00:48.694611+00:00,PK000028,22,3,20260930085200,20260930080327,20260930081534,20260930084915,PK
2026-09-30T00:00:48.694611+00:00,PK000028,23,2,20260930085200,20260930082356,20260930084427,,PK
2026-09-30T00:00:48.694611+00:00,PK000028,24,2,20260930085200,20260930082436,20260930084717,,PK
2026-09-30T00:00:48.694611+00:00,PK000077,15,9,20260930085201,20260930084541,20260930085058,,PK
2026-09-30T00:00:48.694611+00:00,PK000077,16,9,20260930085202,20260930084626,20260930085100,,PK
2026-09-30T00:00:48.694611+00:00,PK000148,01,2,20260930085158,20260930081829,20260930084334,,PK
2026-09-30T00:00:48.694611+00:00,PK000148,02,2,20260930085158,20260930082206,20260930084642,,PK
2026-09-30T00:00:48.694611+00:00,PK000148,05,3,20260930085158,20260930074225,20260930081232,20260930084856,PK
2026-09-30T00:00:48.694611+00:00,PK000148,06,3,20260930085157,20260930075057,20260930082454,20260930084933,PK
2026-09-30T00:00:48.694611+00:00,PK000148,08,2,20260930085158,20260930075854,20260930083114,,PK
2026-09-30T00:00:48.694611+00:00,PK000148,19,3,20260930085202,20260930080034,20260930083154,20260930084821,PK
2026-09-30T00:00:48.694611+00:00,PK000148,20,3,20260930085202,20260930080108,20260930083154,20260930084855,PK
2026-09-30T00:00:48.694611+00:00,PK000148,23,2,20260930085202,20260930074855,20260930084956,,PK
2026-09-30T00:00:48.694611+00:00,PK000156,06,3,20260930085159,20260930070330,20260930073021,20260930084352,PK
2026-09-30T00:00:48.694611+00:00,PK000156,10,2,20260930085159,20260930081337,20260930084520,,PK
2026-09-30T00:00:48.694611+00:00,PK000156,12,3,20260930085159,20260929221720,20260929231408,20260930084614,PK
2026-09-30T00:00:48.694611+00:00,PK000156,15,3,20260930085159,20260930075551,20260930082041,20260930084717,PK
2026-09-30T00:00:48.694611+00:00,PK000161,05,2,20260930085202,20260930081747,20260930083912,,PK
2026-09-30T00:00:48.694611+00:00,PK000161,12,3,20260930085104,20260930084916,20260930084916,20260929190332,PK
2026-09-30T00:00:48.694611+00:00,PK000179,11,2,20260930085104,20260930082857,20260930082857,,PK
2026-09-30T00:00:48.694611+00:00,PK000179,21,3,20260930085104,20260930084613,20260930084613,20260930080126,PK
2026-09-30T00:00:48.694611+00:00,PK000179,23,2,20260930085104,20260930083648,20260930083648,,PK
2026-09-30T00:00:48.694611+00:00,PK000179,24,2,20260930085104,20260930083610,20260930083610,,PK
2026-09-30T00:00:48.694611+00:00,PK000180,08,3,20260930085104,20260930084135,20260930084135,20260930081026,PK
2026-09-30T00:00:48.694611+00:00,PK000180,12,3,20260930085104,20260930084552,20260930084552,20260930083632,PK
2026-09-30T00:00:48.694611+00:00,PK000181,05,2,20260930085104,20260930083834,20260930083834,,PK
2026-09-30T00:00:48.694611+00:00,PK000181,06,2,20260930085104,20260930083915,20260930083915,,PK
2026-09-30T00:00:48.694611+00:00,PK000183,01,3,20260930085104,20260930084252,20260930084252,20260930083239,PK
2026-09-30T00:00:48.694611+00:00,PK000183,02,3,20260930085104,20260930084331,20260930084331,20260930083244,PK
2026-09-30T00:00:48.694611+00:00,PK000183,05,3,20260930085104,20260930084930,20260930084930,20260929175146,PK
2026-09-30T00:00:48.694611+00:00,PK000183,06,3,20260930085104,20260930085011,20260930085011,20260929175151,PK
2026-09-30T00:00:48.694611+00:00,PK000186,09,3,20260930085203,20260930080019,20260930084028,20260930084609,PK
2026-09-30T00:00:48.694611+00:00,PK000186,10,3,20260930085203,20260930080058,20260930084031,20260930085039,PK
2026-09-30T00:00:48.694611+00:00,PK000288,01,3,20260930085200,20260930080244,20260930081533,20260930084831,PK
2026-09-30T00:00:48.694611+00:00,PK000288,02,3,20260930085200,20260930080327,20260930081534,20260930084915,PK
2026-09-30T00:00:48.694611+00:00,PK000288,03,2,20260930085200,20260930082356,20260930084427,,PK
2026-09-30T00:00:48.694611+00:00,PK000288,04,2,20260930085200,20260930082436,20260930084717,,PK
2026-09-30T00:00:48.694611+00:00,PK000289,03,3,20260930085158,20260930075306,20260930081712,20260930084704,PK
2026-09-30T00:00:48.694611+00:00,PK000289,06,2,20260930085158,20260930082546,20260930084909,,PK
2026-09-30T00:00:48.694611+00:00,PK000291,01,3,20260930085158,20260930075359,20260930080453,20260930084234,PK
2026-09-30T00:00:48.694611+00:00,PK000291,02,3,20260930085158,20260930075436,20260930080439,20260930084319,PK
2026-09-30T00:00:48.694611+00:00,PK000291,03,2,20260930085157,20260930082613,20260930084129,,PK
2026-09-30T00:00:48.694611+00:00,PK000291,04,2,20260930085157,20260930082650,20260930084129,,PK
2026-09-30T00:00:48.694611+00:00,PK000294,02,2,20260930085158,20260930083730,20260930084640,,PK
2026-09-30T00:00:48.694611+00:00,PK000295,05,2,20260930085200,20260930080823,20260930081435,,PK
2026-09-30T00:00:48.694611+00:00,PK000297,03,9,20260930085201,20260930083115,20260930084942,,PK
2026-09-30T00:00:48.694611+00:00,PK000297,05,2,20260930085201,20260930082743,20260930084242,,PK
2026-09-30T00:00:48.694611+00:00,PK000297,06,9,20260930085201,20260930082821,20260930084240,,PK
2026-09-30T00:00:48.694611+00:00,PK000322,07,3,20260930085201,20260930080337,20260930081819,20260930084721,PK
2026-09-30T00:00:48.694611+00:00,PK000322,15,9,20260930085201,20260930084541,20260930085058,,PK
2026-09-30T00:00:48.694611+00:00,PK000322,16,9,20260930085202,20260930084626,20260930085100,,PK
2026-09-30T00:00:48.694611+00:00,PK000437,04,2,20260930085049,20260930080125,20260930085049,,PK
2026-09-30T00:00:48.694611+00:00,PK000474,21,9,20260930085200,20260930083259,20260930084936,,PK
2026-09-30T00:00:48.694611+00:00,PL000069,01,2,20260930085448,20260929155913,20260930085448,,PL
2026-09-30T00:00:48.694611+00:00,PL000245,03,2,20260930085734,20260930082245,20260930085734,,PL
2026-09-30T00:00:48.694611+00:00,PL000284,07,2,20260930085314,20260929200526,20260930085314,,PL
2026-09-30T00:00:48.694611+00:00,PL000285,06,3,20260930085302,20260930085302,20260929173926,20260930085302,PL
2026-09-30T00:00:48.694611+00:00,PL000464,01,2,20260930085418,20260929222952,20260930085418,,PL
2026-09-30T00:00:48.694611+00:00,PL000474,12,3,20260930085329,20260930085329,20260929110620,20260930085329,PL
2026-09-30T00:00:48.694611+00:00,PL000706,42,2,20260930085250,20260930072333,20260930085250,,PL
2026-09-30T00:00:48.694611+00:00,PL000718,02,3,20260930085916,20260930085916,20260929193823,20260930085916,PL
2026-09-30T00:00:48.694611+00:00,PL000718,05,3,20260930085443,20260930085443,20260929182520,20260930085443,PL
2026-09-30T00:00:48.694611+00:00,PL000809,67,2,20260930085728,20260929141722,20260930085728,,PL
2026-09-30T00:00:48.694611+00:00,PL000809,78,2,20260930085433,20260929191258,20260930085433,,PL
2026-09-30T00:00:48.694611+00:00,PL000873,00,2,20260930085958,20260929223112,20260930085958,,PL
2026-09-30T00:00:48.694611+00:00,PL001244,14,3,20260930085746,20260930085746,20260930080217,20260930085746,PL
2026-09-30T00:00:48.694611+00:00,PL001618,19,2,20260930085208,20260929191829,20260930085208,,PL
2026-09-30T00:00:48.694611+00:00,PL001850,05,2,20260930085337,20260929151651,20260930085337,,PL
2026-09-30T00:00:48.694611+00:00,PL002338,02,2,20260930085300,20260929201259,20260930085300,,PL
2026-09-30T00:00:48.694611+00:00,PL002467,11,2,20260930085613,20260929231120,20260930085613,,PL
2026-09-30T00:00:48.694611+00:00,PL003342,00,3,20260930085511,20260930085511,20260930071844,20260930085511,PL
2026-09-30T00:00:48.694611+00:00,PL003509,07,3,20260930085146,20260930085146,20260929102332,20260930085146,PL
2026-09-30T00:00:48.694611+00:00,PL003817,34,2,20260930085519,20260929151339,20260930085519,,PL
2026-09-30T00:00:48.694611+00:00,PL004048,02,2,20260930085757,20260929165927,20260930085757,,PL
2026-09-30T00:00:48.694611+00:00,PL004212,25,2,20260930085237,20260929215356,20260930085237,,PL
2026-09-30T00:00:48.694611+00:00,PL004295,08,2,20260930085916,20260929195848,20260930085916,,PL
2026-09-30T00:00:48.694611+00:00,PL005279,02,3,20260930085339,20260930085339,20260921194256,20260930085339,PL
2026-09-30T00:00:48.694611+00:00,PL027987,23,2,20260930085251,20260929220552,20260930085251,,PL
2026-09-30T00:00:48.694611+00:00,PL030271,10,2,20260930085306,20260929142834,20260930085306,,PL
2026-09-30T00:00:48.694611+00:00,PL030380,00,3,20260930085138,20260930085138,20260929214118,20260930085138,PL
2026-09-30T00:00:48.694611+00:00,PL030468,21,2,20260930085137,20260930000436,20260930085137,,PL
2026-09-30T00:00:48.694611+00:00,PL030582,01,2,20260930085349,20260929235553,20260930085349,,PL
2026-09-30T00:00:48.694611+00:00,PL030592,00,2,20260930085901,20260929235546,20260930085901,,PL
2026-09-30T00:00:48.694611+00:00,PL030940,24,2,20260930085210,20260929201932,20260930085210,,PL
2026-09-30T00:00:48.694611+00:00,PL030970,04,3,20260930085719,20260930085719,20260930084457,20260930085719,PL
2026-09-30T00:00:48.694611+00:00,PL031001,06,2,20260930085345,20260928130747,20260930085345,,PL
2026-09-30T00:00:48.694611+00:00,PL031129,00,3,20260930085137,20260930085137,20260930084544,20260930085137,PL
2026-09-30T00:00:48.694611+00:00,PL031157,05,3,20260930085154,20260930085154,20260929213106,20260930085154,PL
2026-09-30T00:00:48.694611+00:00,PL031444,04,2,20260930085736,20260930063553,20260930085736,,PL
2026-09-30T00:00:48.694611+00:00,PL031632,05,3,20260930085617,20260930085617,20260929203655,20260930085617,PL
2026-09-30T00:00:48.694611+00:00,PL031760,09,2,20260930085223,20260929232420,20260930085223,,PL
2026-09-30T00:00:48.694611+00:00,PL031902,02,2,20260930085222,20260929210229,20260930085222,,PL
2026-09-30T00:00:48.694611+00:00,PL031938,17,2,20260930090002,20260929193206,20260930090002,,PL
2026-09-30T00:00:48.694611+00:00,PL032125,02,2,20260930085948,20260930074147,20260930085948,,PL
2026-09-30T00:00:48.694611+00:00,PL032398,04,3,20260930085725,20260930085725,20260929203608,20260930085725,PL
2026-09-30T00:00:48.694611+00:00,PL032398,08,2,20260930085912,20260929224948,20260930085912,,PL
2026-09-30T00:00:48.694611+00:00,PL032467,06,2,20260930085417,20260929171256,20260930085417,,PL
2026-09-30T00:00:48.694611+00:00,PL032476,06,2,20260930085947,20260930002908,20260930085947,,PL
2026-09-30T00:00:48.694611+00:00,PL032568,00,2,20260930085504,20260929222530,20260930085504,,PL
2026-09-30T00:00:48.694611+00:00,PL032609,00,2,20260930085621,20260929162552,20260930085621,,PL
2026-09-30T00:00:48.694611+00:00,PL032609,03,2,20260930085606,20260929161357,20260930085606,,PL
2026-09-30T00:00:48.694611+00:00,PL032609,06,2,20260930085428,20260929155041,20260930085428,,PL
2026-09-30T00:00:48.694611+00:00,PL032609,14,2,20260930085719,20260929215136,20260930085719,,PL
2026-09-30T00:00:48.694611+00:00,PL032701,13,3,20260930085359,20260930085359,20260930055907,20260930085359,PL
2026-09-30T00:00:48.694611+00:00,PL032701,15,2,20260930085231,20260929173324,20260930085231,,PL
2026-09-30T00:00:48.694611+00:00,PL032708,56,2,20260930085055,20260929234917,20260930085055,,PL
2026-09-30T00:00:48.694611+00:00,PL032708,62,3,20260930085529,20260930085529,20260929192529,20260930085529,PL
2026-09-30T00:00:48.694611+00:00,PL032708,65,2,20260930085809,20260929200450,20260930085809,,PL
2026-09-30T00:00:48.694611+00:00,PL032710,06,2,20260930085951,20260929202304,20260930085951,,PL
2026-09-30T00:00:48.694611+00:00,PL032711,03,2,20260930085917,20260929195428,20260930085917,,PL
2026-09-30T00:00:48.694611+00:00,PL032736,04,3,20260930085257,20260930085257,20260930063626,20260930085257,PL
2026-09-30T00:00:48.694611+00:00,PL032853,15,2,20260930085616,20260930004304,20260930085616,,PL
2026-09-30T00:00:48.694611+00:00,PL032929,01,2,20260930085456,20260929201403,20260930085456,,PL
2026-09-30T00:00:48.694611+00:00,PL033097,00,3,20260930085957,20260930085957,20260930081913,20260930085957,PL
2026-09-30T00:00:48.694611+00:00,PL033100,03,2,20260930085122,20260929220027,20260930085122,,PL
2026-09-30T00:00:48.694611+00:00,PL033272,02,2,20260930085353,20260929223346,20260930085353,,PL
2026-09-30T00:00:48.694611+00:00,PL033316,02,2,20260930085352,20260929193259,20260930085352,,PL
2026-09-30T00:00:48.694611+00:00,PL033380,02,2,20260930085401,20260929225917,20260930085401,,PL
2026-09-30T00:00:48.694611+00:00,PL033416,03,2,20260930085554,20260929154047,20260930085554,,PL
2026-09-30T00:00:48.694611+00:00,PL033416,20,2,20260930085434,20260929152951,20260930085434,,PL
2026-09-30T00:00:48.694611+00:00,PL033487,02,2,20260930085807,20260929195322,20260930085807,,PL
2026-09-30T00:00:48.694611+00:00,PL033728,05,2,20260930085852,20260929213418,20260930085852,,PL
2026-09-30T00:00:48.694611+00:00,PL033735,05,2,20260930085524,20260929194347,20260930085524,,PL
2026-09-30T00:00:48.694611+00:00,PL033757,03,2,20260930085330,20260929201344,20260930085330,,PL
2026-09-30T00:00:48.694611+00:00,PL100027,11,3,20260930085445,20260930085445,20260929083649,20260930085445,PL
2026-09-30T00:00:48.694611+00:00,PL832708,15,3,20260930085058,20260930085058,20260930084702,20260930085058,PL
2026-09-30T00:00:48.694611+00:00,PL832708,19,2,20260930085217,20260929161319,20260930085217,,PL
2026-09-30T00:00:48.694611+00:00,PL832708,31,2,20260930085659,20260930001823,20260930085659,,PL
2026-09-30T00:00:48.694611+00:00,PL832708,63,2,20260930085155,20260929214530,20260930085155,,PL
2026-09-30T00:00:48.694611+00:00,PL900245,04,2,20260930085946,20260929174338,20260930085946,,PL
2026-09-30T00:00:48.694611+00:00,PL900972,21,3,20260930085426,20260930085426,20260926181510,20260930085426,PL
2026-09-30T00:00:48.694611+00:00,PMP00502,03,2,20260930085302,20260930081301,20260930085302,,PM
2026-09-30T00:00:48.694611+00:00,PMP00502,05,3,20260930085302,20260930085302,20260929223302,20260930085302,PM
2026-09-30T00:00:48.694611+00:00,PMP00503,14,3,20260930085302,20260930085302,20260929233302,20260930085302,PM
2026-09-30T00:00:48.694611+00:00,PMP00503,19,3,20260930085302,20260930085302,20260930075301,20260930085302,PM
2026-09-30T00:00:48.694611+00:00,PMP00503,20,3,20260930085302,20260930085302,20260930075301,20260930085302,PM
2026-09-30T00:00:48.694611+00:00,PMP00503,23,3,20260930085302,20260930085302,20260929183301,20260930085302,PM
2026-09-30T00:00:48.694611+00:00,PMP00503,24,3,20260930085302,20260930085302,20260929235301,20260930085302,PM
2026-09-30T00:00:48.694611+00:00,PMP00503,32,2,20260930085302,20260930083301,20260930085302,,PM
2026-09-30T00:00:48.694611+00:00,PMP00504,07,2,20260930085302,20260930081301,20260930085302,,PM
2026-09-30T00:00:48.694611+00:00,PMP00504,09,3,20260930085302,20260930085302,20260930073301,20260930085302,PM
2026-09-30T00:00:48.694611+00:00,PMP00504,10,3,20260930085302,20260930085302,20260930083301,20260930085302,PM
2026-09-30T00:00:48.694611+00:00,PMP00504,13,3,20260930085302,20260930085302,20260930075301,20260930085302,PM
2026-09-30T00:00:48.694611+00:00,PMP00504,16,2,20260930085302,20260930081301,20260930085302,,PM
2026-09-30T00:00:48.694611+00:00,PMP00505,03,3,20260930085302,20260930085302,20260930075302,20260930085302,PM
2026-09-30T00:00:48.694611+00:00,PMP00505,04,3,20260930085302,20260930085302,20260930075302,20260930085302,PM
2026-09-30T00:00:48.694611+00:00,PMP00505,12,2,20260930085302,20260930081302,20260930085302,,PM
2026-09-30T00:00:48.694611+00:00,PMP00509,09,2,20260930085302,20260930083301,20260930085302,,PM
2026-09-30T00:00:48.694611+00:00,PMP00512,02,3,20260930085302,20260930085302,20260930081301,20260930085302,PM
2026-09-30T00:00:48.694611+00:00,PMP00512,03,3,20260930085302,20260930085302,20260930083301,20260930085302,PM
2026-09-30T00:00:48.694611+00:00,PMP00512,04,3,20260930085302,20260930085302,20260930083301,20260930085302,PM
2026-09-30T00:00:48.694611+00:00,PMP00513,08,2,20260930085302,20260930083302,20260930085302,,PM
2026-09-30T00:00:48.694611+00:00,PMP00513,09,3,20260930085302,20260930085302,20260930083302,20260930085302,PM
2026-09-30T00:00:48.694611+00:00,PMP00513,10,3,20260930085302,20260930085302,20260930083302,20260930085302,PM
2026-09-30T00:00:48.694611+00:00,PMP00514,02,3,20260930085302,20260930085302,20260930083301,20260930085302,PM
2026-09-30T00:00:48.694611+00:00,PMP00514,03,3,20260930085302,20260930085302,20260930081301,20260930085302,PM
2026-09-30T00:00:48.694611+00:00,PMP00514,04,3,20260930085302,20260930085302,20260930075301,20260930085302,PM
2026-09-30T00:00:48.694611+00:00,PMP00516,05,2,20260930085302,20260930083301,20260930085302,,PM
2026-09-30T00:00:48.694611+00:00,PMP00519,01,1,20260930085819,20260930085301,20260930085819,,PM
2026-09-30T00:00:48.694611+00:00,PMP00519,02,1,20260930085819,20260930085301,20260930085819,,PM
2026-09-30T00:00:48.694611+00:00,PMP00519,03,1,20260930085819,20260930071301,20260930071819,,PM
2026-09-30T00:00:48.694611+00:00,PMP00519,04,1,20260930085819,20260930001301,20260930001819,,PM
2026-09-30T00:00:48.694611+00:00,PMP00519,05,1,20260930085819,20260930075301,20260930075819,,PM
2026-09-30T00:00:48.694611+00:00,PMP00519,06,1,20260930085819,20260929235301,20260929235819,,PM
2026-09-30T00:00:48.694611+00:00,PMP00519,07,1,20260930085819,20260929221301,20260929221819,,PM
2026-09-30T00:00:48.694611+00:00,PMP00519,08,1,20260930085819,20260930001301,20260930001819,,PM
2026-09-30T00:00:48.694611+00:00,PMP00519,09,1,20260930085819,20260929231301,20260929231819,,PM
2026-09-30T00:00:48.694611+00:00,PMP00519,10,1,20260930085819,20260929235301,20260929235819,,PM
2026-09-30T00:00:48.694611+00:00,PMP00519,11,1,20260930085819,20260930081301,20260930081819,,PM
2026-09-30T00:00:48.694611+00:00,PMP00519,12,1,20260930085819,20260930071301,20260930071819,,PM
2026-09-30T00:00:48.694611+00:00,PMP00519,13,1,20260930085819,20260930073301,20260930073819,,PM
2026-09-30T00:00:48.694611+00:00,PMP00519,14,1,20260930085819,20260930075301,20260930075819,,PM
2026-09-30T00:00:48.694611+00:00,PMP00519,15,1,20260930085819,20260930085301,20260930085819,,PM
2026-09-30T00:00:48.694611+00:00,PMP00519,16,1,20260930085819,20260930043301,20260930043819,,PM
2026-09-30T00:00:48.694611+00:00,PMP00525,04,3,20260930085302,20260930085302,20260930063301,20260930085302,PM
2026-09-30T00:00:48.694611+00:00,PMP00526,03,3,20260930085301,20260930085301,20260930083301,20260930085301,PM
2026-09-30T00:00:48.694611+00:00,PW000494,02,2,20260930085112,20260929205739,20260929221251,,PW
2026-09-30T00:00:48.694611+00:00,PW000608,01,2,20260930085313,20260929182210,20260930063756,,PW
2026-09-30T00:00:48.694611+00:00,PW012678,04,2,20260930085113,20260929200721,20260930085059,,PW
2026-09-30T00:00:48.694611+00:00,PW012945,04,2,20260930085115,20260929190816,20260929224536,,PW
2026-09-30T00:00:48.694611+00:00,PW013123,03,3,20260930085124,20260930085124,20260930053050,20260930084801,PW
2026-09-30T00:00:48.694611+00:00,PW013190,07,3,20260930085126,20260930085126,20260929203052,20260930084916,PW
2026-09-30T00:00:48.694611+00:00,PW013334,11,2,20260930085138,20260929210908,20260930053953,,PW
2026-09-30T00:00:48.694611+00:00,PW013432,11,2,20260930085646,20260929192828,20260930050103,,PW
2026-09-30T00:00:48.694611+00:00,PW013432,26,2,20260930085646,20260929164810,20260930023049,,PW
2026-09-30T00:00:48.694611+00:00,PW013448,18,2,20260930085645,20260929225011,20260930043543,,PW
2026-09-30T00:00:48.694611+00:00,PW013460,25,2,20260930085647,20260929194523,20260930043100,,PW
2026-09-30T00:00:48.694611+00:00,PW014027,03,2,20260930085711,20260929164009,20260930012053,,PW
2026-09-30T00:00:48.694611+00:00,PW014156,12,3,20260930085215,20260930085215,20260929140709,20260930084926,PW
2026-09-30T00:00:48.694611+00:00,PW014214,06,2,20260930085721,20260929193257,20260930004603,,PW
2026-09-30T00:00:48.694611+00:00,PW014228,11,2,20260930085220,20260929181157,20260929231226,,PW
2026-09-30T00:00:48.694611+00:00,PW014228,13,3,20260930085220,20260930085220,20260929235907,20260930084909,PW
2026-09-30T00:00:48.694611+00:00,PW014453,01,3,20260930085225,20260930085225,20260929175322,20260930084938,PW
2026-09-30T00:00:48.694611+00:00,PW014495,01,2,20260930085733,20260930080242,20260930085318,,PW
2026-09-30T00:00:48.694611+00:00,PW014495,09,3,20260930085232,20260930085232,20260929182547,20260930085025,PW
2026-09-30T00:00:48.694611+00:00,PW014514,03,3,20260930085733,20260930085733,20260930021623,20260930085301,PW
2026-09-30T00:00:48.694611+00:00,PW014687,11,2,20260930085237,20260929202024,20260930085028,,PW
2026-09-30T00:00:48.694611+00:00,PW014904,06,2,20260930085809,20260928201933,20260928223139,,PW
2026-09-30T00:00:48.694611+00:00,PW015078,03,2,20260930085311,20260929192237,20260930003128,,PW
2026-09-30T00:00:48.694611+00:00,PW100202,05,3,20260930085811,20260930085811,20260930031547,20260930085524,PW
2026-09-30T00:00:48.694611+00:00,PW100647,03,2,20260930085809,20260929193947,20260930054023,,PW
2026-09-30T00:00:48.694611+00:00,PW100813,02,3,20260930085811,20260930085811,20260929005354,20260930085401,PW
2026-09-30T00:00:48.694611+00:00,PW800253,12,2,20260930085508,20260929200928,20260929214936,,PW
2026-09-30T00:00:48.694611+00:00,PW800566,10,2,20260930085522,20260929130105,20260930085302,,PW
2026-09-30T00:00:48.694611+00:00,PW800803,05,2,20260930085613,20260929223437,20260930040140,,PW
2026-09-30T00:00:48.694611+00:00,PW801068,19,2,20260930085324,20260929165026,20260930012139,,PW
2026-09-30T00:00:48.694611+00:00,PW801466,29,2,20260930085743,20260929213315,20260930011532,,PW
2026-09-30T00:00:48.694611+00:00,PW801494,08,2,20260930085744,20260929202436,20260930085338,,PW
2026-09-30T00:00:48.694611+00:00,PW801494,17,2,20260930085349,20260929152132,20260930085122,,PW
2026-09-30T00:00:48.694611+00:00,PWE00625,01,2,20260930085317,20260930074920,20260930085317,,PW
2026-09-30T00:00:48.694611+00:00,RE000038,02,2,20260930085603,20260927120459,20260927182517,,RE
2026-09-30T00:00:48.694611+00:00,RE000182,03,2,20260930085803,20260930065930,20260930085246,,RE
2026-09-30T00:00:48.694611+00:00,RE000334,01,3,20260930090003,20260929162334,20260929171202,,RE
2026-09-30T00:00:48.694611+00:00,SE000019,01,3,20260930085641,20260930085556,20260928170706,20260930085556,SE
2026-09-30T00:00:48.694611+00:00,SE000042,01,2,20260930085541,20260930084422,20260930085514,,SE
2026-09-30T00:00:48.694611+00:00,SE000047,01,3,20260930085841,20260930085748,20260929214655,20260930085748,SE
2026-09-30T00:00:48.694611+00:00,SE000076,01,2,20260930085441,20260930080357,20260930085349,,SE
2026-09-30T00:00:48.694611+00:00,SE000086,04,3,20260930085941,20260930085917,20260929175147,20260930085917,SE
2026-09-30T00:00:48.694611+00:00,SE000118,01,2,20260930085441,20260930083555,20260930085435,,SE
2026-09-30T00:00:48.694611+00:00,SE000141,04,3,20260930085641,20260930085609,20260929220722,20260930085609,SE
2026-09-30T00:00:48.694611+00:00,SE000146,05,2,20260930085841,20260930085242,20260930085839,,SE
2026-09-30T00:00:48.694611+00:00,SE000147,10,2,20260930085941,20260930082223,20260930085914,,SE
2026-09-30T00:00:48.694611+00:00,SE000149,01,3,20260930085241,20260930085154,20260930064144,20260930085154,SE
2026-09-30T00:00:48.694611+00:00,SE000164,02,3,20260930085441,20260930085431,20260930081222,20260930085431,SE
2026-09-30T00:00:48.694611+00:00,SE000174,01,3,20260930085841,20260930085754,20260929062011,20260930085754,SE
2026-09-30T00:00:48.694611+00:00,SE000175,01,3,20260930085641,20260930085629,20260930062212,20260930085629,SE
2026-09-30T00:00:48.694611+00:00,SE000191,01,2,20260930085741,20260930082437,20260930085730,,SE
2026-09-30T00:00:48.694611+00:00,SE000197,02,2,20260930085241,20260930083542,20260930085202,,SE
2026-09-30T00:00:48.694611+00:00,SE000197,04,2,20260930085241,20260930080521,20260930085207,,SE
2026-09-30T00:00:48.694611+00:00,SE000197,05,2,20260930085241,20260930080047,20260930085145,,SE
2026-09-30T00:00:48.694611+00:00,SE000203,04,3,20260930085841,20260930085835,20260929220137,20260930085835,SE
2026-09-30T00:00:48.694611+00:00,SE000207,01,3,20260930085442,20260930085350,20260930062512,20260930085350,SE
2026-09-30T00:00:48.694611+00:00,SE000232,01,3,20260930085442,20260930085358,20260928145552,20260930085358,SE
2026-09-30T00:00:48.694611+00:00,SF000110,01,2,20260930085647,20260930072933,20260930082805,,SF
2026-09-30T00:00:48.694611+00:00,SF000424,20,3,20260930085659,20260930085659,20260929115738,20260930084702,SF
2026-09-30T00:00:48.694611+00:00,SF000817,79,2,20260930085644,20260929180048,20260930085037,,SF
2026-09-30T00:00:48.694611+00:00,SF001303,03,3,20260930085624,20260930085624,20260808221454,20260930082757,SF
2026-09-30T00:00:48.694611+00:00,SF001656,00,3,20260930085649,20260930085649,20260922183016,20260930085053,SF
2026-09-30T00:00:48.694611+00:00,SF001900,04,3,20260930085631,20260930085631,20260923170705,20260930085151,SF
2026-09-30T00:00:48.694611+00:00,SF002749,98,2,20260930085644,20260929174615,20260930085111,,SF
2026-09-30T00:00:48.694611+00:00,SF002992,02,2,20260930085623,20260929185840,20260930082730,,SF
2026-09-30T00:00:48.694611+00:00,SF002992,10,2,20260930085642,20260929174834,20260930084659,,SF
2026-09-30T00:00:48.694611+00:00,SF002992,39,3,20260930085645,20260930085645,20260930062308,20260929203507,SF
2026-09-30T00:00:48.694611+00:00,SF003005,00,3,20260930085650,20260930085650,20260929073418,20260930084754,SF
2026-09-30T00:00:48.694611+00:00,SF003020,12,2,20260930085652,20260930061201,20260930085200,,SF
2026-09-30T00:00:48.694611+00:00,SF003049,05,3,20260930085656,20260930085656,20260929124949,20260930082741,SF
2026-09-30T00:00:48.694611+00:00,SF003319,11,3,20260930085651,20260930085651,20260929135314,20260930082939,SF
2026-09-30T00:00:48.694611+00:00,SF003532,04,3,20260930085653,20260930085653,20260929143452,20260930083004,SF
2026-09-30T00:00:48.694611+00:00,SF003669,03,3,20260930085640,20260930085640,20260929174856,20260930084913,SF
2026-09-30T00:00:48.694611+00:00,ST112605,02,3,20260930085347,20260929234221,20260930004241,20260930085347,ST
2026-09-30T00:00:48.694611+00:00,ST113802,12,3,20260930085558,20260930085558,20260930084159,20260929125122,ST
2026-09-30T00:00:48.694611+00:00,ST113808,01,3,20260930085555,20260930045249,20260930055249,20260930085555,ST
2026-09-30T00:00:48.694611+00:00,ST114401,04,3,20260930085959,20260925090013,20260929152738,20260930085959,ST
2026-09-30T00:00:48.694611+00:00,ST115011,02,2,20260930085747,20260927122750,20260929094053,,ST
2026-09-30T00:00:48.694611+00:00,ST115310,01,3,20260930085751,20260930085751,20260930063301,20260930085424,ST
2026-09-30T00:00:48.694611+00:00,ST115417,12,3,20260930085526,20260930085526,20260929163642,20260929153354,ST
2026-09-30T00:00:48.694611+00:00,ST115605,03,2,20260930085925,20260930081532,20260930085925,,ST
2026-09-30T00:00:48.694611+00:00,ST115606,01,3,20260930085929,20260922173833,20260922211628,20260930085929,ST
2026-09-30T00:00:48.694611+00:00,ST115625,01,2,20260930085410,20260930083144,20260930085236,,ST
2026-09-30T00:00:48.694611+00:00,ST116211,02,2,20260930085936,20260930083136,20260930085936,,ST
2026-09-30T00:00:48.694611+00:00,ST116510,01,3,20260930085143,20260930085143,20260929214040,20260929195546,ST
2026-09-30T00:00:48.694611+00:00,ST116516,01,3,20260930085740,20260930085740,20260904174131,20260930085451,ST
2026-09-30T00:00:48.694611+00:00,ST116517,05,2,20260930085541,20260929202043,20260930085405,,ST
2026-09-30T00:00:48.694611+00:00,ST116518,03,3,20260930085610,20260930085610,20260930070006,20260930060925,ST
2026-09-30T00:00:48.694611+00:00,ST116535,09,3,20260930085354,20260929090218,20260929202843,20260930085354,ST
2026-09-30T00:00:48.694611+00:00,ST116801,05,3,20260930085540,20260928101837,20260928175305,20260930085540,ST
2026-09-30T00:00:48.694611+00:00,ST600270,04,2,20260930085753,20260926114254,20260926165732,,ST
2026-09-30T00:00:48.694611+00:00,ST600294,01,3,20260930085206,20260927053326,20260929054510,20260930085206,ST
2026-09-30T00:00:48.694611+00:00,ST600294,03,4,20260930085926,20260928211838,20260930085926,,ST
2026-09-30T00:00:48.694611+00:00,ST600324,04,3,20260930085344,20260929132959,20260929141413,20260930085344,ST
2026-09-30T00:00:48.694611+00:00,ST600985,02,3,20260930085223,20260930085223,20260930084621,20260930082741,ST
2026-09-30T00:00:48.694611+00:00,ST601050,01,3,20260930085406,20260930021649,20260930024322,20260930085406,ST
2026-09-30T00:00:48.694611+00:00,ST601200,02,3,20260930085808,20260930085808,20260930041014,20260930085342,ST
2026-09-30T00:00:48.694611+00:00,ST601499,02,3,20260930085957,20260923074516,20260930005007,20260930085957,ST
2026-09-30T00:00:48.694611+00:00,ST601636,02,3,20260930085201,20260924110555,20260929154629,20260930085201,ST
2026-09-30T00:00:48.694611+00:00,SZBA0008,05,3,20260930085156,20260930085156,20260930083245,20260930085156,SZ
2026-09-30T00:00:48.694611+00:00,SZBA0008,06,3,20260930085115,20260930085115,20260930083246,20260930085115,SZ
2026-09-30T00:00:48.694611+00:00,SZBA0008,09,2,20260930085339,20260930082830,20260930085339,,SZ
2026-09-30T00:00:48.694611+00:00,SZBA0008,10,2,20260930085339,20260930082904,20260930085339,,SZ
2026-09-30T00:00:48.694611+00:00,SZBA0008,13,2,20260930085522,20260930083729,20260930085522,,SZ
2026-09-30T00:00:48.694611+00:00,SZBA0008,14,2,20260930085523,20260930083632,20260930085523,,SZ
2026-09-30T00:00:48.694611+00:00,SZBA0008,19,3,20260930085809,20260930085809,20260930082708,20260930085809,SZ
2026-09-30T00:00:48.694611+00:00,SZBA0008,20,3,20260930085730,20260930085730,20260930082709,20260930085730,SZ
2026-09-30T00:00:48.694611+00:00,SZBA0008,25,2,20260930085227,20260930081359,20260930085227,,SZ
2026-09-30T00:00:48.694611+00:00,SZBA0017,01,3,20260930085521,20260930085521,20260930063121,20260930085521,SZ
2026-09-30T00:00:48.694611+00:00,SZBA0025,01,2,20260930085552,20260930084859,20260930085552,,SZ
2026-09-30T00:00:48.694611+00:00,SZBA0025,02,2,20260930085553,20260930084944,20260930085553,,SZ
2026-09-30T00:00:48.694611+00:00,TDA00023,03,3,20260930090005,20260930085740,20260929140527,20260930085740,TD
2026-09-30T00:00:48.694611+00:00,TDA00061,12,3,20260930090003,20260929082647,20260929125840,20260929082647,TD
2026-09-30T00:00:48.694611+00:00,TDA00064,08,3,20260930090002,20260930085236,20260929174526,20260930085236,TD
2026-09-30T00:00:48.694611+00:00,TDA00073,03,3,20260930090002,20260929221805,20260930000713,20260929221805,TD
2026-09-30T00:00:48.694611+00:00,TDMD0006,01,3,20260930090005,20260930084825,20260923093441,20260930084825,TD
2026-09-30T00:00:48.694611+00:00,TS111701,03,3,20260930090001,20260930090001,20260929084627,20260930085530,TS
2026-09-30T00:00:48.694611+00:00,TS111701,05,3,20260930090001,20260930090001,20260928184109,20260930085613,TS
2026-09-30T00:00:48.694611+00:00,UP013567,01,3,20260930090003,20260930090003,20260923130000,20260930090003,UP
