fetched_at,statId,chgerId,stat,statUpdDt,lastTsdt,lastTedt,nowTsdt,busiId
2026-09-29T00:00:45.674176+00:00,ME174013,01,2,20260929085736,20260928183533,20260928191453,,ME
2026-09-29T00:00:45.674176+00:00,ME174027,01,2,20260929085740,20260928085856,20260928093653,,ME
2026-09-29T00:00:45.674176+00:00,ME178009,01,2,20260929085742,20260929065629,20260929074200,,ME
2026-09-29T00:00:45.674176+00:00,ME178009,02,2,20260929085754,20260929070524,20260929073048,,ME
2026-09-29T00:00:45.674176+00:00,ME181102,01,2,20260929085753,20260928155625,20260928163429,,ME
2026-09-29T00:00:45.674176+00:00,ME181150,12,2,20260929085751,20260928184224,20260928192849,,ME
2026-09-29T00:00:45.674176+00:00,ME181150,13,2,20260929085755,20260926151936,20260926160257,,ME
2026-09-29T00:00:45.674176+00:00,ME183001,01,2,20260929085807,20260927110559,20260927113634,,ME
2026-09-29T00:00:45.674176+00:00,ME183002,01,2,20260929085809,20260928172214,20260928180520,,ME
2026-09-29T00:00:45.674176+00:00,ME183003,01,2,20260929085812,20260926130147,20260926134221,,ME
2026-09-29T00:00:45.674176+00:00,ME183004,01,2,20260929085530,20260929054039,20260929062131,,ME
2026-09-29T00:00:45.674176+00:00,ME183006,01,2,20260929085817,20260928182015,20260928184425,,ME
2026-09-29T00:00:45.674176+00:00,ME183008,01,2,20260929085827,20260928100231,20260928104426,,ME
2026-09-29T00:00:45.674176+00:00,ME183009,01,2,20260929085830,20260928212720,20260928221025,,ME
2026-09-29T00:00:45.674176+00:00,ME183103,01,2,20260929085454,20260929061819,20260929065926,,ME
2026-09-29T00:00:45.674176+00:00,ME183103,02,2,20260929085843,20260928175427,20260928181744,,ME
2026-09-29T00:00:45.674176+00:00,ME183103,52,2,20260929085838,20260928183548,20260928190753,,ME
2026-09-29T00:00:45.674176+00:00,ME183219,01,2,20260929085840,20260928230905,20260928235054,,ME
2026-09-29T00:00:45.674176+00:00,ME183219,02,2,20260929085853,20260929075637,20260929083337,,ME
2026-09-29T00:00:45.674176+00:00,ME183219,52,3,20260929085850,20260929072614,20260929075838,20260929085439,ME
2026-09-29T00:00:45.674176+00:00,ME184075,01,2,20260929085858,20260928034912,20260928043235,,ME
2026-09-29T00:00:45.674176+00:00,ME184076,01,3,20260929085904,20260929071229,20260929074330,20260929085734,ME
2026-09-29T00:00:45.674176+00:00,ME18B159,01,2,20260929085904,20260928210359,20260928213619,,ME
2026-09-29T00:00:45.674176+00:00,ME18B163,01,2,20260929085909,20260929060220,20260929061801,,ME
2026-09-29T00:00:45.674176+00:00,ME18B164,01,2,20260929085909,20260928154850,20260928162710,,ME
2026-09-29T00:00:45.674176+00:00,ME18B165,01,2,20260929085416,20260928174453,20260928182512,,ME
2026-09-29T00:00:45.674176+00:00,ME18B166,01,3,20260929085518,20260929065434,20260929073739,20260929083010,ME
2026-09-29T00:00:45.674176+00:00,ME18B168,01,2,20260929085419,20260927112733,20260927120328,,ME
2026-09-29T00:00:45.674176+00:00,ME18B169,01,2,20260929085426,20260928224217,20260928232342,,ME
2026-09-29T00:00:45.674176+00:00,ME18B170,01,2,20260929085433,20260928221024,20260928222834,,ME
2026-09-29T00:00:45.674176+00:00,ME18B175,01,2,20260929085438,20260928103019,20260928110434,,ME
2026-09-29T00:00:45.674176+00:00,ME18B176,01,2,20260929085434,20260928071404,20260928075505,,ME
2026-09-29T00:00:45.674176+00:00,ME18B179,01,2,20260929085446,20260928213159,20260928215748,,ME
2026-09-29T00:00:45.674176+00:00,ME18B180,01,2,20260929085450,20260928194959,20260928202041,,ME
2026-09-29T00:00:45.674176+00:00,ME18B181,01,2,20260929085446,20260929053317,20260929060302,,ME
2026-09-29T00:00:45.674176+00:00,ME18B183,01,2,20260929085455,20260928170138,20260928173933,,ME
2026-09-29T00:00:45.674176+00:00,ME18B278,11,2,20260929085501,20260929061305,20260929063050,,ME
2026-09-29T00:00:45.674176+00:00,ME18B278,12,2,20260929085459,20260929072742,20260929075633,,ME
2026-09-29T00:00:45.674176+00:00,ME18B279,11,2,20260929085507,20260929004616,20260929011528,,ME
2026-09-29T00:00:45.674176+00:00,ME18B279,12,2,20260929085508,20260929004704,20260929011243,,ME
2026-09-29T00:00:45.674176+00:00,ME18B284,11,2,20260929085516,20260928204443,20260928205840,,ME
2026-09-29T00:00:45.674176+00:00,ME18B284,12,3,20260929085513,20260929072048,20260929075237,20260929084952,ME
2026-09-29T00:00:45.674176+00:00,ME18B288,11,2,20260929085520,20260929044905,20260929051345,,ME
2026-09-29T00:00:45.674176+00:00,ME18B288,12,2,20260929085522,20260927163402,20260927171236,,ME
2026-09-29T00:00:45.674176+00:00,ME18B408,01,3,20260929085756,20260929073223,20260929081330,20260929083532,ME
2026-09-29T00:00:45.674176+00:00,ME19A152,01,2,20260929085514,20260929021505,20260929023426,,ME
2026-09-29T00:00:45.674176+00:00,ME19A153,01,2,20260929085527,20260928224721,20260928232757,,ME
2026-09-29T00:00:45.674176+00:00,ME19A160,01,2,20260929085524,20260929003451,20260929010435,,ME
2026-09-29T00:00:45.674176+00:00,ME19A164,01,2,20260929085537,20260929071908,20260929074429,,ME
2026-09-29T00:00:45.674176+00:00,ME19A170,01,2,20260929085812,20260929075441,20260929082453,,ME
2026-09-29T00:00:45.674176+00:00,ME19D118,01,2,20260929085645,20260927174552,20260927182552,,ME
2026-09-29T00:00:45.674176+00:00,ME19X403,42,2,20260929085649,20260929065929,20260929073929,,ME
2026-09-29T00:00:45.674176+00:00,ME19X403,43,2,20260929085617,20260929070924,20260929074924,,ME
2026-09-29T00:00:45.674176+00:00,ME19X403,44,2,20260929085816,20260929063945,20260929071945,,ME
2026-09-29T00:00:45.674176+00:00,ME19X403,45,2,20260929085727,20260928182402,20260928190402,,ME
2026-09-29T00:00:45.674176+00:00,ME19X417,42,2,20260929085818,20260929073812,20260929081812,,ME
2026-09-29T00:00:45.674176+00:00,ME19X417,43,2,20260929085720,20260928071644,20260928075644,,ME
2026-09-29T00:00:45.674176+00:00,ME19X417,44,3,20260929085834,20260929080519,20260929084519,20260929084828,ME
2026-09-29T00:00:45.674176+00:00,ME19X417,45,3,20260929085656,20260929080347,20260929084347,20260929084655,ME
2026-09-29T00:00:45.674176+00:00,ME19Y284,21,2,20260929085752,20260927122200,20260927130200,,ME
2026-09-29T00:00:45.674176+00:00,ME19Y284,22,2,20260929085752,20260929060250,20260929064250,,ME
2026-09-29T00:00:45.674176+00:00,ME19Y601,21,2,20260929085721,20260929055612,20260929063612,,ME
2026-09-29T00:00:45.674176+00:00,ME19Y601,22,2,20260929085722,20260929043303,20260929051020,,ME
2026-09-29T00:00:45.674176+00:00,ME19Y601,23,2,20260929085823,20260929011134,20260929015134,,ME
2026-09-29T00:00:45.674176+00:00,ME19Y601,24,2,20260929085824,20260929061305,20260929064638,,ME
2026-09-29T00:00:45.674176+00:00,ME19Y601,25,2,20260929085803,20260929035821,20260929041337,,ME
2026-09-29T00:00:45.674176+00:00,ME19Y601,26,2,20260929085803,20260929070024,20260929074024,,ME
2026-09-29T00:00:45.674176+00:00,ME20A193,01,2,20260929085739,20260928203918,20260928210645,,ME
2026-09-29T00:00:45.674176+00:00,ME20A194,01,2,20260929085743,20260929061534,20260929065223,,ME
2026-09-29T00:00:45.674176+00:00,ME20A195,01,3,20260929085552,20260929062841,20260929070841,20260929083544,ME
2026-09-29T00:00:45.674176+00:00,ME20A196,01,3,20260929085904,20260929051345,20260929055345,20260929082851,ME
2026-09-29T00:00:45.674176+00:00,ME20A197,01,2,20260929085738,20260929002157,20260929010157,,ME
2026-09-29T00:00:45.674176+00:00,ME20A198,01,2,20260929085740,20260924114711,20260924120154,,ME
2026-09-29T00:00:45.674176+00:00,ME20A199,01,2,20260929085730,20260929013453,20260929021453,,ME
2026-09-29T00:00:45.674176+00:00,ME20A1a0,01,2,20260929085749,20260928102414,20260928104402,,ME
2026-09-29T00:00:45.674176+00:00,ME20A1a1,01,2,20260929085745,20260927132040,20260927135101,,ME
2026-09-29T00:00:45.674176+00:00,ME20A1a2,01,2,20260929085743,20260929081412,20260929085412,,ME
2026-09-29T00:00:45.674176+00:00,ME20A1a3,01,2,20260929085731,20260928094104,20260928102104,,ME
2026-09-29T00:00:45.674176+00:00,ME20A1a4,01,2,20260929085744,20260928064143,20260928072143,,ME
2026-09-29T00:00:45.674176+00:00,ME20A1a5,01,2,20260929085738,20260929045631,20260929053046,,ME
2026-09-29T00:00:45.674176+00:00,ME20A1a7,01,2,20260929085744,20260928150702,20260928153249,,ME
2026-09-29T00:00:45.674176+00:00,ME20A1a8,01,2,20260929085802,20260928213931,20260928221931,,ME
2026-09-29T00:00:45.674176+00:00,ME20A1a9,01,2,20260929085801,20260927204543,20260927211438,,ME
2026-09-29T00:00:45.674176+00:00,ME20A1b0,01,2,20260929085756,20260928165250,20260928172838,,ME
2026-09-29T00:00:45.674176+00:00,ME20A278,21,2,20260929085509,20260928223659,20260928230641,,ME
2026-09-29T00:00:45.674176+00:00,ME20A278,22,2,20260929085509,20260926174941,20260926182941,,ME
2026-09-29T00:00:45.674176+00:00,ME20A279,21,2,20260929085756,20260927202104,20260927202500,,ME
2026-09-29T00:00:45.674176+00:00,ME20A279,22,2,20260929085756,20260928164131,20260928170913,,ME
2026-09-29T00:00:45.674176+00:00,ME20A280,01,2,20260929085822,20260928135015,20260928141032,,ME
2026-09-29T00:00:45.674176+00:00,ME20A280,02,2,20260929085635,20260928111449,20260928115449,,ME
2026-09-29T00:00:45.674176+00:00,ME20A301,01,2,20260929085456,20260927133632,20260927135428,,ME
2026-09-29T00:00:45.674176+00:00,ME20A301,21,2,20260929085453,20260928133826,20260928141637,,ME
2026-09-29T00:00:45.674176+00:00,ME20A301,22,2,20260929085453,20260928202803,20260928210126,,ME
2026-09-29T00:00:45.674176+00:00,ME20A409,21,2,20260929085815,20260928173055,20260928181055,,ME
2026-09-29T00:00:45.674176+00:00,ME20A409,22,2,20260929085815,20260929064350,20260929072350,,ME
2026-09-29T00:00:45.674176+00:00,ME20A409,23,2,20260929085516,20260929075218,20260929082129,,ME
2026-09-29T00:00:45.674176+00:00,ME20A409,24,2,20260929085516,20260929063118,20260929071118,,ME
2026-09-29T00:00:45.674176+00:00,ME20A410,01,2,20260929085856,20260928201447,20260928204025,,ME
2026-09-29T00:00:45.674176+00:00,ME20A410,02,2,20260929085715,20260928151919,20260928155919,,ME
2026-09-29T00:00:45.674176+00:00,ME20A410,03,3,20260929085859,20260928101926,20260928102430,20260929085858,ME
2026-09-29T00:00:45.674176+00:00,ME20A410,91,3,20260929085550,20260928171112,20260928175112,20260929085549,ME
2026-09-29T00:00:45.674176+00:00,ME20A411,01,2,20260929085431,20260928133815,20260928141815,,ME
2026-09-29T00:00:45.674176+00:00,ME20A411,02,2,20260929085430,20260928135538,20260928135638,,ME
2026-09-29T00:00:45.674176+00:00,ME20A411,03,2,20260929085425,20260928135236,20260928135343,,ME
2026-09-29T00:00:45.674176+00:00,ME20A411,04,3,20260929085601,20260928135800,20260928135900,20260929084557,ME
2026-09-29T00:00:45.674176+00:00,ME21C250,21,2,20260929085904,20260928184708,20260928191424,,ME
2026-09-29T00:00:45.674176+00:00,ME21C250,22,2,20260929085905,20260928180547,20260928182925,,ME
2026-09-29T00:00:45.674176+00:00,ME21C251,21,2,20260929085853,20260929074217,20260929082218,,ME
2026-09-29T00:00:45.674176+00:00,ME21C251,22,2,20260929085853,20260928163316,20260928170840,,ME
2026-09-29T00:00:45.674176+00:00,ME22C1B8,01,2,20260929085909,20260929024436,20260929030627,,ME
2026-09-29T00:00:45.674176+00:00,ME22C1B9,01,2,20260929085848,20260929070238,20260929073314,,ME
2026-09-29T00:00:45.674176+00:00,ME22C1C0,01,2,20260929085833,20260927112449,20260927120450,,ME
2026-09-29T00:00:45.674176+00:00,ME22C802,01,2,20260929085819,20260928134054,20260928135437,,ME
2026-09-29T00:00:45.674176+00:00,ME22C802,02,2,20260929085849,20260928134440,20260928141455,,ME
2026-09-29T00:00:45.674176+00:00,ME22C802,03,3,20260929085846,20260928154205,20260928154551,20260929084341,ME
2026-09-29T00:00:45.674176+00:00,ME22C802,04,2,20260929085849,20260928095057,20260928101035,,ME
2026-09-29T00:00:45.674176+00:00,ME22C802,05,2,20260929085844,20260928083117,20260928084930,,ME
2026-09-29T00:00:45.674176+00:00,ME22C802,06,2,20260929085825,20260928161249,20260928163712,,ME
2026-09-29T00:00:45.674176+00:00,ME22C802,07,2,20260929085835,20260929082819,20260929084211,,ME
2026-09-29T00:00:45.674176+00:00,ME22C802,08,2,20260929085822,20260928161213,20260928164529,,ME
2026-09-29T00:00:45.674176+00:00,ME22D121,01,2,20260929085845,20260927150358,20260927151825,,ME
2026-09-29T00:00:45.674176+00:00,ME22D134,01,2,20260929085859,20260929074951,20260929082954,,ME
2026-09-29T00:00:45.674176+00:00,ME22D152,01,2,20260929085856,20260926114927,20260926122929,,ME
2026-09-29T00:00:45.674176+00:00,ME22D205,01,3,20260929085906,20260928192427,20260928194642,20260929085805,ME
2026-09-29T00:00:45.674176+00:00,ME22D205,02,2,20260929085843,20260928185920,20260928191036,,ME
2026-09-29T00:00:45.674176+00:00,ME22D402,01,2,20260929085815,20260928125211,20260928133214,,ME
2026-09-29T00:00:45.674176+00:00,ME22D402,02,2,20260929085852,20260928202319,20260928210322,,ME
2026-09-29T00:00:45.674176+00:00,ME22D402,03,2,20260929085903,20260929080044,20260929081240,,ME
2026-09-29T00:00:45.674176+00:00,ME22D402,04,2,20260929085831,20260928234358,20260928235955,,ME
2026-09-29T00:00:45.674176+00:00,ME22M301,01,2,20260929085906,20260928143447,20260928144203,,ME
2026-09-29T00:00:45.674176+00:00,ME22M301,02,2,20260929085839,20260928124115,20260928132117,,ME
2026-09-29T00:00:45.674176+00:00,ME22M301,81,2,20260929085842,20260929082424,20260929084339,,ME
2026-09-29T00:00:45.674176+00:00,ME22M301,82,2,20260929085902,20260928225805,20260928231259,,ME
2026-09-29T00:00:45.674176+00:00,ME22M301,83,2,20260929085859,20260929061936,20260929062523,,ME
2026-09-29T00:00:45.674176+00:00,ME22M301,84,2,20260929085904,20260927145733,20260927150941,,ME
2026-09-29T00:00:45.674176+00:00,ME22M302,13,9,20260929085310,20260921151455,20260921151511,,ME
2026-09-29T00:00:45.674176+00:00,ME22M302,33,2,20260929085843,20260929062312,20260929065146,,ME
2026-09-29T00:00:45.674176+00:00,ME22M302,34,2,20260929085837,20260928104130,20260928112131,,ME
2026-09-29T00:00:45.674176+00:00,ME22M302,35,2,20260929085834,20260926140047,20260926144048,,ME
2026-09-29T00:00:45.674176+00:00,ME22M302,36,2,20260929085843,20260926162026,20260926164044,,ME
2026-09-29T00:00:45.674176+00:00,ME25A102,01,2,20260929085604,20260928135709,20260928143728,,ME
2026-09-29T00:00:45.674176+00:00,ME25A107,01,2,20260929085603,20260928075203,20260928082134,,ME
2026-09-29T00:00:45.674176+00:00,ME25A108,01,2,20260929085709,20260916152726,20260916155313,,ME
2026-09-29T00:00:45.674176+00:00,ME25A109,01,2,20260929085710,20260923105520,20260923113539,,ME
2026-09-29T00:00:45.674176+00:00,ME25A401,21,2,20260929085829,20260928072142,20260928080034,,ME
2026-09-29T00:00:45.674176+00:00,ME25A401,22,2,20260929085831,20260927172330,20260927173405,,ME
2026-09-29T00:00:45.674176+00:00,ME25A401,23,2,20260929085849,20260928220852,20260928224702,,ME
2026-09-29T00:00:45.674176+00:00,ME25A401,24,2,20260929085851,20260928165936,20260928172317,,ME
2026-09-29T00:00:45.674176+00:00,ME25A403,21,2,20260929085642,20260916152734,20260916160739,,ME
2026-09-29T00:00:45.674176+00:00,ME25A403,22,2,20260929085644,20260923065817,20260923073818,,ME
2026-09-29T00:00:45.674176+00:00,ME25A403,23,2,20260929085839,20260924140639,20260924143045,,ME
2026-09-29T00:00:45.674176+00:00,ME25A403,24,2,20260929085841,20260919131936,20260919132044,,ME
2026-09-29T00:00:45.674176+00:00,ME25A404,21,2,20260929085428,20260928231005,20260928233315,,ME
2026-09-29T00:00:45.674176+00:00,ME25A404,22,2,20260929085431,20260925131141,20260925135208,,ME
2026-09-29T00:00:45.674176+00:00,ME25A404,23,2,20260929085445,20260920160342,20260920161036,,ME
2026-09-29T00:00:45.674176+00:00,ME25A404,24,2,20260929085447,20260915112557,20260915120602,,ME
2026-09-29T00:00:45.674176+00:00,ME25A405,21,5,20260929085500,20260926153925,20260926160702,,ME
2026-09-29T00:00:45.674176+00:00,ME25A405,22,5,20260929085502,20260926010559,20260926014604,,ME
2026-09-29T00:00:45.674176+00:00,ME25A405,23,2,20260929085816,20260928153419,20260928154002,,ME
2026-09-29T00:00:45.674176+00:00,ME25A405,24,2,20260929085818,20260928115508,20260928121659,,ME
2026-09-29T00:00:45.674176+00:00,ME25A406,21,2,20260929085830,20260925122414,20260925124242,,ME
2026-09-29T00:00:45.674176+00:00,ME25A406,22,2,20260929085832,20260924161637,20260924163459,,ME
2026-09-29T00:00:45.674176+00:00,ME25A406,23,2,20260929085547,20260926002047,20260926010051,,ME
2026-09-29T00:00:45.674176+00:00,ME25A406,24,2,20260929085550,20260928125427,20260928131758,,ME
2026-09-29T00:00:45.674176+00:00,AM900012,05,3,20260929085409,20260917080939,20260917070931,20260929085409,AM
2026-09-29T00:00:45.674176+00:00,AMAM0020,02,3,20260929085130,20260928235135,20260928235135,20260929085130,AM
2026-09-29T00:00:45.674176+00:00,BE111108,13,3,20260929085434,20260929085434,20260928203220,20260929085434,BE
2026-09-29T00:00:45.674176+00:00,BE240104,04,3,20260929085337,20260929085337,20260928142307,20260929085337,BE
2026-09-29T00:00:45.674176+00:00,BNBN0838,02,2,20260929085708,20260929083737,20260929085543,,BN
2026-09-29T00:00:45.674176+00:00,BT000131,01,2,20260929085945,20260929084600,20260929084631,,BT
2026-09-29T00:00:45.674176+00:00,BT000131,04,9,20260929085310,20260929082101,20260928213226,20260929082101,BT
2026-09-29T00:00:45.674176+00:00,BT000149,03,3,20260929085542,20260929085542,20260929084922,20260929085542,BT
2026-09-29T00:00:45.674176+00:00,BT200001,08,3,20260929090010,20260929090010,20260929090010,20260929090010,BT
2026-09-29T00:00:45.674176+00:00,BT200001,15,3,20260929090010,20260929090010,20260929090010,20260929090010,BT
2026-09-29T00:00:45.674176+00:00,BT200001,18,3,20260929090010,20260929090010,20260929090010,20260929090010,BT
2026-09-29T00:00:45.674176+00:00,CA000107,11,9,20260929085310,20260928174950,20260928174950,,CA
2026-09-29T00:00:45.674176+00:00,CA000107,21,9,20260929085310,20260909115450,20260909115450,,CA
2026-09-29T00:00:45.674176+00:00,CI0I0007,04,2,20260929085751,20260929071416,20260929085751,,CI
2026-09-29T00:00:45.674176+00:00,CPCP1072,07,3,20260929085053,20260928235058,20260928235058,20260929085052,CP
2026-09-29T00:00:45.674176+00:00,CPCP1072,13,3,20260929085802,20260928235807,20260928235807,20260929085802,CP
2026-09-29T00:00:45.674176+00:00,CR000244,01,2,20260929085955,20260929082229,20260929085955,,CR
2026-09-29T00:00:45.674176+00:00,CR000244,03,2,20260929085744,20260929085539,20260929085744,,CR
2026-09-29T00:00:45.674176+00:00,CRCR0033,01,2,20260929085831,20260928211414,20260928211914,,CR
2026-09-29T00:00:45.674176+00:00,CSCS1023,02,3,20260929085806,20260928235811,20260928235811,20260929085805,CS
2026-09-29T00:00:45.674176+00:00,CSCS1033,01,3,20260929085333,20260928235339,20260928235339,20260929085333,CS
2026-09-29T00:00:45.674176+00:00,CV000913,02,3,20260929085519,20260929085301,20260929085304,20260929085519,CV
2026-09-29T00:00:45.674176+00:00,CV001088,02,2,20260929085522,20260929082844,20260929085016,,CV
2026-09-29T00:00:45.674176+00:00,CV001098,02,3,20260929085522,20260929085120,20260929085131,20260929085522,CV
2026-09-29T00:00:45.674176+00:00,CV001301,01,3,20260929085523,20260929085328,20260929085339,20260929085328,CV
2026-09-29T00:00:45.674176+00:00,CV001301,02,2,20260929085523,20260929075347,20260929085347,,CV
2026-09-29T00:00:45.674176+00:00,CV001321,04,2,20260929085523,20260929082623,20260929085359,,CV
2026-09-29T00:00:45.674176+00:00,CV001946,01,2,20260929085528,20260929071257,20260929085459,,CV
2026-09-29T00:00:45.674176+00:00,CV002673,21,3,20260929085552,20260929083438,20260929083440,20260929083438,CV
2026-09-29T00:00:45.674176+00:00,CV003196,01,2,20260929085045,20260929041845,20260929084945,,CV
2026-09-29T00:00:45.674176+00:00,CV003700,01,3,20260929085548,20260929085225,20260929085224,20260929085225,CV
2026-09-29T00:00:45.674176+00:00,CV003814,01,2,20260929085548,20260929082222,20260929085357,,CV
2026-09-29T00:00:45.674176+00:00,CV003814,06,3,20260929085050,20260929084710,20260929084711,20260929085050,CV
2026-09-29T00:00:45.674176+00:00,CV003815,04,3,20260929085549,20260929085054,20260929085054,20260929085549,CV
2026-09-29T00:00:45.674176+00:00,CV003816,06,3,20260929085050,20260929084645,20260929084645,20260929085050,CV
2026-09-29T00:00:45.674176+00:00,CV003940,05,3,20260929085549,20260929085016,20260929085016,20260929085549,CV
2026-09-29T00:00:45.674176+00:00,CV004090,01,3,20260929085551,20260929085238,20260929085231,20260929085238,CV
2026-09-29T00:00:45.674176+00:00,CV004156,06,2,20260929085551,20260929072718,20260929085115,,CV
2026-09-29T00:00:45.674176+00:00,CV004156,09,2,20260929085542,20260929072747,20260929085430,,CV
2026-09-29T00:00:45.674176+00:00,CV004159,02,2,20260929085549,20260929081848,20260929085202,,CV
2026-09-29T00:00:45.674176+00:00,CV004159,04,2,20260929085550,20260929081836,20260929085244,,CV
2026-09-29T00:00:45.674176+00:00,CV004328,02,3,20260929085549,20260929085203,20260929085203,20260929085203,CV
2026-09-29T00:00:45.674176+00:00,CV004337,01,3,20260929085534,20260929085231,20260929085232,20260929085231,CV
2026-09-29T00:00:45.674176+00:00,CV004395,01,3,20260929085049,20260929084607,20260929084612,20260929085049,CV
2026-09-29T00:00:45.674176+00:00,CV004473,04,2,20260929085053,20260929074959,20260929084958,,CV
2026-09-29T00:00:45.674176+00:00,CV004694,01,3,20260929085554,20260929085507,20260929085505,20260929085507,CV
2026-09-29T00:00:45.674176+00:00,CV004703,01,3,20260929085554,20260929085509,20260929085513,20260929085509,CV
2026-09-29T00:00:45.674176+00:00,CV004747,06,2,20260929085554,20260929082328,20260929085051,,CV
2026-09-29T00:00:45.674176+00:00,CV004772,02,3,20260929085058,20260929084749,20260929084758,20260929084749,CV
2026-09-29T00:00:45.674176+00:00,DO000048,03,2,20260929085541,20260929070415,20260929085541,,DO
2026-09-29T00:00:45.674176+00:00,DO000050,01,2,20260929085239,20260929084932,20260929085239,,DO
2026-09-29T00:00:45.674176+00:00,DO000053,01,3,20260929085848,20260929085848,20260929085844,20260929085848,DO
2026-09-29T00:00:45.674176+00:00,DYME2017,10,3,20260929085700,20260929085700,20260927193500,20260929085700,DY
2026-09-29T00:00:45.674176+00:00,DYME2030,06,2,20260929085500,20260929063100,20260929085500,,DY
2026-09-29T00:00:45.674176+00:00,DYME2066,03,2,20260929085702,20260929005701,20260929085702,,DY
2026-09-29T00:00:45.674176+00:00,EC000389,02,2,20260929085201,20260928200702,20260929041019,,EC
2026-09-29T00:00:45.674176+00:00,EC001018,10,3,20260929085401,20260929085304,20260929025520,20260929085304,EC
2026-09-29T00:00:45.674176+00:00,EC001023,01,3,20260929085601,20260929085521,20260928210711,20260929085521,EC
2026-09-29T00:00:45.674176+00:00,EC001043,04,2,20260929090002,20260928091711,20260929012614,,EC
2026-09-29T00:00:45.674176+00:00,EC004802,02,3,20260929085602,20260921205127,20260922025557,20260929085602,EC
2026-09-29T00:00:45.674176+00:00,EC004810,01,2,20260929085602,20260929072857,20260929085510,,EC
2026-09-29T00:00:45.674176+00:00,EC004863,01,2,20260929085202,20260928223228,20260929041650,,EC
2026-09-29T00:00:45.674176+00:00,EC004867,02,2,20260929090004,20260928222258,20260929051956,,EC
2026-09-29T00:00:45.674176+00:00,EC004960,03,3,20260929085402,20260929085217,20260928210119,20260929085217,EC
2026-09-29T00:00:45.674176+00:00,EC110021,01,3,20260929085402,20260929085338,20260928143819,20260929085338,EC
2026-09-29T00:00:45.674176+00:00,EC110104,11,2,20260929090005,20260929082038,20260929085837,,EC
2026-09-29T00:00:45.674176+00:00,EC110112,02,3,20260929090005,20260929005929,20260929011542,20260929005929,EC
2026-09-29T00:00:45.674176+00:00,EP210026,03,3,20260929085406,20260928090902,20260929120939,20260929085406,EP
2026-09-29T00:00:45.674176+00:00,EP210167,02,5,20260929085209,20260929030922,20260929050927,,EP
2026-09-29T00:00:45.674176+00:00,EP210167,03,3,20260929085955,20260929030952,20260929050953,20260929083955,EP
2026-09-29T00:00:45.674176+00:00,EP210224,01,3,20260929085223,20260929085223,20260928060926,20260929081223,EP
2026-09-29T00:00:45.674176+00:00,EP210287,02,2,20260929085413,20260928060902,20260928090951,,EP
2026-09-29T00:00:45.674176+00:00,ER000397,31,2,20260929085842,20260928234540,20260928195017,,ER
2026-09-29T00:00:45.674176+00:00,ER000399,09,3,20260929085305,20260928194615,20260928160442,20260929085236,ER
2026-09-29T00:00:45.674176+00:00,ER000477,12,2,20260929085534,20260929085010,20260928220040,,ER
2026-09-29T00:00:45.674176+00:00,ER000542,02,3,20260929085122,20260928184011,20260928135922,20260929085117,ER
2026-09-29T00:00:45.674176+00:00,ER000542,19,2,20260929085130,20260929051454,20260928212236,,ER
2026-09-29T00:00:45.674176+00:00,EV000077,01,2,20260929085940,20260928161336,20260929001220,,EV
2026-09-29T00:00:45.674176+00:00,EV000080,03,3,20260929085939,20260926222207,20260927035954,20260929011954,EV
2026-09-29T00:00:45.674176+00:00,EV000411,01,3,20260929085337,20260923084702,20260923140829,20260929085124,EV
2026-09-29T00:00:45.674176+00:00,EV000475,07,3,20260929085739,20260928161850,20260928190021,20260929085651,EV
2026-09-29T00:00:45.674176+00:00,EV001359,01,3,20260929085941,20260928130125,20260928153124,20260929085844,EV
2026-09-29T00:00:45.674176+00:00,EV001576,01,2,20260929085740,20260928193210,20260928222506,,EV
2026-09-29T00:00:45.674176+00:00,EV001630,02,2,20260929085133,20260928165241,20260929005445,,EV
2026-09-29T00:00:45.674176+00:00,EV001701,01,2,20260929085135,20260929065720,20260929075859,,EV
2026-09-29T00:00:45.674176+00:00,EV001760,01,3,20260929085135,20260928083139,20260928140443,20260929085029,EV
2026-09-29T00:00:45.674176+00:00,EV001923,05,3,20260929085137,20260927155428,20260927181119,20260929085114,EV
2026-09-29T00:00:45.674176+00:00,EV002138,02,2,20260929085340,20260928202218,20260928234841,,EV
2026-09-29T00:00:45.674176+00:00,EV003065,01,2,20260929085338,20260929063124,20260929085139,,EV
2026-09-29T00:00:45.674176+00:00,EV003438,01,3,20260929085538,20260928192232,20260928203650,20260929085400,EV
2026-09-29T00:00:45.674176+00:00,EV003441,02,2,20260929085511,20260929070405,20260929073339,,EV
2026-09-29T00:00:45.674176+00:00,EV003459,06,2,20260929085739,20260928200936,20260929014902,,EV
2026-09-29T00:00:45.674176+00:00,EV003668,01,3,20260929085334,20260928072612,20260928165420,20260929085334,EV
2026-09-29T00:00:45.674176+00:00,EV003740,05,3,20260929085942,20260928085244,20260928133640,20260929085844,EV
2026-09-29T00:00:45.674176+00:00,EV003753,02,3,20260929085942,20260926174349,20260927013247,20260929085942,EV
2026-09-29T00:00:45.674176+00:00,EV003800,01,3,20260929085135,20260928090148,20260928174408,20260929085036,EV
2026-09-29T00:00:45.674176+00:00,EV003905,03,3,20260929085941,20260928135206,20260928165423,20260929085941,EV
2026-09-29T00:00:45.674176+00:00,EV004025,03,2,20260929085340,20260928210645,20260929002506,,EV
2026-09-29T00:00:45.674176+00:00,EV004034,01,3,20260929085539,20260928191315,20260929013611,20260929085518,EV
2026-09-29T00:00:45.674176+00:00,EV004040,02,2,20260929085938,20260928184253,20260929014236,,EV
2026-09-29T00:00:45.674176+00:00,EV004117,01,3,20260929085742,20260929085617,20260929085700,20260929085742,EV
2026-09-29T00:00:45.674176+00:00,EV004340,01,2,20260929085941,20260928210039,20260929033723,,EV
2026-09-29T00:00:45.674176+00:00,EV004692,04,3,20260929085135,20260928094237,20260928124142,20260929085037,EV
2026-09-29T00:00:45.674176+00:00,EV004692,07,3,20260929085941,20260923090106,20260923135716,20260929085839,EV
2026-09-29T00:00:45.674176+00:00,EV004877,02,3,20260929085513,20260928204405,20260929040357,20260929085338,EV
2026-09-29T00:00:45.674176+00:00,EV005017,05,2,20260929085135,20260928175801,20260928205252,,EV
2026-09-29T00:00:45.674176+00:00,EV005021,01,2,20260929085137,20260929081731,20260929090607,,EV
2026-09-29T00:00:45.674176+00:00,EV005021,05,2,20260929085339,20260929075149,20260929084732,,EV
2026-09-29T00:00:45.674176+00:00,EV005099,01,2,20260929085137,20260929030503,20260929062523,,EV
2026-09-29T00:00:45.674176+00:00,EV005509,02,2,20260929085338,20260927191933,20260927223853,,EV
2026-09-29T00:00:45.674176+00:00,EV005521,01,2,20260929085338,20260929080501,20260929085126,,EV
2026-09-29T00:00:45.674176+00:00,EV005672,01,3,20260929085511,20260929021144,20260929023244,20260929085326,EV
2026-09-29T00:00:45.674176+00:00,EV005672,02,3,20260929085136,20260929084802,20260929084831,20260929085031,EV
2026-09-29T00:00:45.674176+00:00,EV005690,03,3,20260929085944,20260928073051,20260928101557,20260929085753,EV
2026-09-29T00:00:45.674176+00:00,EV005989,05,2,20260929085539,20260928192620,20260928222354,,EV
2026-09-29T00:00:45.674176+00:00,EV006004,02,3,20260929085538,20260918204638,20260919102059,20260928213818,EV
2026-09-29T00:00:45.674176+00:00,EV006267,04,2,20260929085741,20260929084821,20260929092326,,EV
2026-09-29T00:00:45.674176+00:00,EV006289,02,3,20260929085338,20260928214140,20260929041049,20260929085149,EV
2026-09-29T00:00:45.674176+00:00,EV006555,01,2,20260929085136,20260929021249,20260929085038,,EV
2026-09-29T00:00:45.674176+00:00,EV006555,02,2,20260929085741,20260928191623,20260928222920,,EV
2026-09-29T00:00:45.674176+00:00,EV006695,02,3,20260929085135,20260928073730,20260928172050,20260929085135,EV
2026-09-29T00:00:45.674176+00:00,EV007090,04,2,20260929085941,20260928222718,20260929055730,,EV
2026-09-29T00:00:45.674176+00:00,EV007280,04,3,20260929085940,20260929085754,20260929085838,20260929085940,EV
2026-09-29T00:00:45.674176+00:00,EV007913,05,3,20260929085132,20260924221323,20260924235715,20260929085012,EV
2026-09-29T00:00:45.674176+00:00,EV007954,01,2,20260929085939,20260927063124,20260927091454,,EV
2026-09-29T00:00:45.674176+00:00,EV007954,02,2,20260929085939,20260927082557,20260927112332,,EV
2026-09-29T00:00:45.674176+00:00,EV008026,01,2,20260929085737,20260928184848,20260928232506,,EV
2026-09-29T00:00:45.674176+00:00,EV008205,03,2,20260929085941,20260928172451,20260928234052,,EV
2026-09-29T00:00:45.674176+00:00,EV008493,01,3,20260929085539,20260927103912,20260927141433,20260929085539,EV
2026-09-29T00:00:45.674176+00:00,EV008520,01,2,20260929085135,20260928195856,20260929014209,,EV
2026-09-29T00:00:45.674176+00:00,EV008755,05,2,20260929085137,20260928210751,20260929050554,,EV
2026-09-29T00:00:45.674176+00:00,EV008955,02,3,20260929085133,20260928145637,20260928150758,20260929085120,EV
2026-09-29T00:00:45.674176+00:00,EV008984,02,3,20260929085510,20260929015639,20260929021316,20260929085405,EV
2026-09-29T00:00:45.674176+00:00,EV009037,03,2,20260929085339,20260928183857,20260928234048,,EV
2026-09-29T00:00:45.674176+00:00,EV010094,02,2,20260929085738,20260928143855,20260928172955,,EV
2026-09-29T00:00:45.674176+00:00,EV010096,02,2,20260929085738,20260928180943,20260928223835,,EV
2026-09-29T00:00:45.674176+00:00,EV010230,01,2,20260929085741,20260928173835,20260929054116,,EV
2026-09-29T00:00:45.674176+00:00,EV010372,03,3,20260929085738,20260928125052,20260928204312,20260929085723,EV
2026-09-29T00:00:45.674176+00:00,EV010703,03,2,20260929085943,20260928184734,20260928211821,,EV
2026-09-29T00:00:45.674176+00:00,EV010703,05,2,20260929085339,20260928180234,20260928220332,,EV
2026-09-29T00:00:45.674176+00:00,EV010703,06,2,20260929085136,20260928212529,20260929084946,,EV
2026-09-29T00:00:45.674176+00:00,EV010792,01,3,20260929085134,20260927095954,20260927122555,20260929085107,EV
2026-09-29T00:00:45.674176+00:00,EV011045,05,2,20260929085740,20260928235820,20260929081554,,EV
2026-09-29T00:00:45.674176+00:00,EV011046,01,2,20260929085740,20260928210334,20260929052914,,EV
2026-09-29T00:00:45.674176+00:00,EV011254,01,2,20260929085337,20260928223309,20260929020819,,EV
2026-09-29T00:00:45.674176+00:00,EV011531,02,2,20260929085737,20260927203922,20260928001106,,EV
2026-09-29T00:00:45.674176+00:00,EV011850,03,2,20260929085133,20260928195944,20260929023048,,EV
2026-09-29T00:00:45.674176+00:00,EV011948,04,2,20260929085511,20260928170108,20260929020007,,EV
2026-09-29T00:00:45.674176+00:00,EV011948,08,2,20260929085137,20260928231632,20260929064935,,EV
2026-09-29T00:00:45.674176+00:00,EV012060,03,2,20260929085940,20260928210430,20260929035243,,EV
2026-09-29T00:00:45.674176+00:00,EV012083,02,2,20260929085945,20260929082820,20260929085853,,EV
2026-09-29T00:00:45.674176+00:00,EV012689,05,3,20260929085738,20260926163916,20260926223207,20260929085659,EV
2026-09-29T00:00:45.674176+00:00,EV012790,02,2,20260929085742,20260928230843,20260929042924,,EV
2026-09-29T00:00:45.674176+00:00,EV012826,02,3,20260929085539,20260928075950,20260928091350,20260929075851,EV
2026-09-29T00:00:45.674176+00:00,EV012827,03,3,20260929085338,20260929074418,20260929081024,20260929085338,EV
2026-09-29T00:00:45.674176+00:00,EV012999,02,2,20260929085742,20260928225932,20260929011821,,EV
2026-09-29T00:00:45.674176+00:00,EV013173,05,3,20260929085137,20260928111100,20260928140618,20260929085008,EV
2026-09-29T00:00:45.674176+00:00,EV013173,09,3,20260929085137,20260928151140,20260928185140,20260929085016,EV
2026-09-29T00:00:45.674176+00:00,EV013174,04,3,20260929085944,20260928083824,20260928141854,20260929085810,EV
2026-09-29T00:00:45.674176+00:00,EV013198,05,3,20260929085941,20260927183829,20260927200146,20260929085941,EV
2026-09-29T00:00:45.674176+00:00,EV013199,02,3,20260929085134,20260928081959,20260928121239,20260929085134,EV
2026-09-29T00:00:45.674176+00:00,EV013199,07,3,20260929085337,20260928141027,20260928171456,20260929085303,EV
2026-09-29T00:00:45.674176+00:00,EV013199,08,3,20260929085740,20260928084924,20260928170049,20260929085609,EV
2026-09-29T00:00:45.674176+00:00,EV013537,06,3,20260929085944,20260926174037,20260927045732,20260929085820,EV
2026-09-29T00:00:45.674176+00:00,EV013653,01,3,20260929085538,20260928073453,20260928115403,20260929085459,EV
2026-09-29T00:00:45.674176+00:00,EV013812,01,3,20260929085737,20260926070548,20260926152232,20260929085737,EV
2026-09-29T00:00:45.674176+00:00,EV013819,04,2,20260929085338,20260928222029,20260929040912,,EV
2026-09-29T00:00:45.674176+00:00,EV013820,04,2,20260929085941,20260928191611,20260929031748,,EV
2026-09-29T00:00:45.674176+00:00,EV013840,02,1,20260929085515,20260929002509,20260929044332,,EV
2026-09-29T00:00:45.674176+00:00,EV013900,04,2,20260929085535,20260928210305,20260929001750,,EV
2026-09-29T00:00:45.674176+00:00,EV013950,03,2,20260929085336,20260928193845,20260928225402,,EV
2026-09-29T00:00:45.674176+00:00,EV014055,02,3,20260929085339,20260928092841,20260928180644,20260929085339,EV
2026-09-29T00:00:45.674176+00:00,EV014383,01,3,20260929085338,20260928064230,20260928110051,20260929085247,EV
2026-09-29T00:00:45.674176+00:00,EV014398,02,3,20260929085741,20260928084304,20260928141017,20260929085723,EV
2026-09-29T00:00:45.674176+00:00,EV014437,02,3,20260929085514,20260928120216,20260928152708,20260929085514,EV
2026-09-29T00:00:45.674176+00:00,EV014480,01,2,20260929085938,20260929083001,20260929085800,,EV
2026-09-29T00:00:45.674176+00:00,EV014495,04,3,20260929085134,20260928085036,20260928150104,20260929085041,EV
2026-09-29T00:00:45.674176+00:00,EV014495,07,3,20260929085515,20260928173540,20260928183350,20260929085348,EV
2026-09-29T00:00:45.674176+00:00,EV014498,01,3,20260929085940,20260922090936,20260922150257,20260929085940,EV
2026-09-29T00:00:45.674176+00:00,EV014498,03,3,20260929085134,20260928084902,20260928113257,20260929085134,EV
2026-09-29T00:00:45.674176+00:00,EV014607,03,2,20260929085133,20260928213343,20260928233845,,EV
2026-09-29T00:00:45.674176+00:00,EV014734,02,3,20260929085335,20260927150513,20260927191426,20260929085233,EV
2026-09-29T00:00:45.674176+00:00,EV015002,03,3,20260929085739,20260928114851,20260928121606,20260929085528,EV
2026-09-29T00:00:45.674176+00:00,EV015099,01,3,20260929085334,20260927153833,20260927175618,20260929085235,EV
2026-09-29T00:00:45.674176+00:00,EV015104,02,3,20260929085738,20260929081844,20260929085222,20260929085703,EV
2026-09-29T00:00:45.674176+00:00,EV015134,03,3,20260929085940,20260928171650,20260928225107,20260929053352,EV
2026-09-29T00:00:45.674176+00:00,EV015311,04,3,20260929085136,20260923150705,20260923173345,20260929085034,EV
2026-09-29T00:00:45.674176+00:00,EV015330,01,3,20260929085943,20260928085120,20260928130326,20260929085910,EV
2026-09-29T00:00:45.674176+00:00,EV015457,03,2,20260929085136,20260929004803,20260929024453,,EV
2026-09-29T00:00:45.674176+00:00,EV015652,03,3,20260929085737,20260928090733,20260928124428,20260929085706,EV
2026-09-29T00:00:45.674176+00:00,EV015714,01,3,20260929085513,20260925175759,20260925203226,20260929085410,EV
2026-09-29T00:00:45.674176+00:00,EV015998,04,2,20260929085535,20260928102102,20260928221223,,EV
2026-09-29T00:00:45.674176+00:00,EV016447,06,3,20260929085540,20260928213416,20260929015953,20260929085500,EV
2026-09-29T00:00:45.674176+00:00,EV016745,01,2,20260929085511,20260928190513,20260929040921,,EV
2026-09-29T00:00:45.674176+00:00,EV016930,01,2,20260929085938,20260928195917,20260928221546,,EV
2026-09-29T00:00:45.674176+00:00,EV016932,01,2,20260929085133,20260928184252,20260928235458,,EV
2026-09-29T00:00:45.674176+00:00,EV016952,02,2,20260929085939,20260928160516,20260929085851,,EV
2026-09-29T00:00:45.674176+00:00,EV017502,05,2,20260929085944,20260928213721,20260929010856,,EV
2026-09-29T00:00:45.674176+00:00,EV017503,01,2,20260929085514,20260927182441,20260927193546,,EV
2026-09-29T00:00:45.674176+00:00,EV017509,04,2,20260929085944,20260928194258,20260928215143,,EV
2026-09-29T00:00:45.674176+00:00,EV017510,07,2,20260929085137,20260929004807,20260929023311,,EV
2026-09-29T00:00:45.674176+00:00,EV017712,03,2,20260929085137,20260928083135,20260928110806,,EV
2026-09-29T00:00:45.674176+00:00,EV017758,04,3,20260929085536,20260927193746,20260927205415,20260929085536,EV
2026-09-29T00:00:45.674176+00:00,EV017832,02,2,20260929085336,20260928230016,20260929021737,,EV
2026-09-29T00:00:45.674176+00:00,EV017832,03,2,20260929085940,20260928214857,20260929085731,,EV
2026-09-29T00:00:45.674176+00:00,EV017924,05,2,20260929085742,20260928163201,20260928212512,,EV
2026-09-29T00:00:45.674176+00:00,EV017933,03,3,20260929085339,20260928175555,20260929013337,20260929085339,EV
2026-09-29T00:00:45.674176+00:00,EV018115,02,3,20260929085938,20260922165737,20260922182552,20260929085823,EV
2026-09-29T00:00:45.674176+00:00,EV018243,01,3,20260929085514,20260928180641,20260929045524,20260929085412,EV
2026-09-29T00:00:45.674176+00:00,EV018361,01,3,20260929085944,20260928154708,20260928154724,20260929085914,EV
2026-09-29T00:00:45.674176+00:00,EV018361,08,3,20260929085944,20260928155057,20260928165001,20260929085842,EV
2026-09-29T00:00:45.674176+00:00,EV018531,04,2,20260929085741,20260928224454,20260928232233,,EV
2026-09-29T00:00:45.674176+00:00,EV018542,05,3,20260929085939,20260929004907,20260929024907,20260929085856,EV
2026-09-29T00:00:45.674176+00:00,EV018548,03,3,20260929085741,20260928205057,20260929001615,20260929085741,EV
2026-09-29T00:00:45.674176+00:00,EV018565,03,2,20260929085939,20260928213502,20260929000757,,EV
2026-09-29T00:00:45.674176+00:00,EV018598,02,2,20260929085740,20260928184038,20260928210249,,EV
2026-09-29T00:00:45.674176+00:00,EV018847,04,1,20260929085513,20260928094737,20260928153203,,EV
2026-09-29T00:00:45.674176+00:00,EV018852,06,2,20260929085338,20260928173056,20260929071701,,EV
2026-09-29T00:00:45.674176+00:00,EV018912,01,2,20260929085537,20260928160239,20260928180429,,EV
2026-09-29T00:00:45.674176+00:00,EV019212,06,9,20260929085938,20260925204703,20260926041809,,EV
2026-09-29T00:00:45.674176+00:00,EV019213,08,2,20260929085938,20260928170322,20260928230205,,EV
2026-09-29T00:00:45.674176+00:00,EV019221,05,2,20260929085938,20260928202611,20260928211545,,EV
2026-09-29T00:00:45.674176+00:00,EV019283,02,2,20260929085334,20260928201839,20260928223338,,EV
2026-09-29T00:00:45.674176+00:00,EV019320,04,2,20260929085136,20260929080049,20260929085017,,EV
2026-09-29T00:00:45.674176+00:00,EV019394,03,2,20260929085133,20260928220841,20260929000446,,EV
2026-09-29T00:00:45.674176+00:00,EV019395,05,2,20260929085938,20260926222202,20260926233552,,EV
2026-09-29T00:00:45.674176+00:00,EV019409,01,2,20260929085335,20260928225129,20260929031858,,EV
2026-09-29T00:00:45.674176+00:00,EV019410,01,3,20260929085938,20260928155058,20260928230410,20260929070533,EV
2026-09-29T00:00:45.674176+00:00,EV019410,02,2,20260929085335,20260927235836,20260928060518,,EV
2026-09-29T00:00:45.674176+00:00,EV019432,01,2,20260929085539,20260928201155,20260929023222,,EV
2026-09-29T00:00:45.674176+00:00,EV019478,03,2,20260929085511,20260928143051,20260928151325,,EV
2026-09-29T00:00:45.674176+00:00,EV019689,03,2,20260929085942,20260928210454,20260929051302,,EV
2026-09-29T00:00:45.674176+00:00,EV019746,01,2,20260929085538,20260928184921,20260929023224,,EV
2026-09-29T00:00:45.674176+00:00,EV019836,03,3,20260929085515,20260924231656,20260925071946,20260929085353,EV
2026-09-29T00:00:45.674176+00:00,EV019962,02,2,20260929085515,20260928204727,20260929033414,,EV
2026-09-29T00:00:45.674176+00:00,EV019967,01,2,20260929085514,20260928222739,20260929085333,,EV
2026-09-29T00:00:45.674176+00:00,EV020166,04,2,20260929085339,20260928182717,20260928214138,,EV
2026-09-29T00:00:45.674176+00:00,EV020407,03,2,20260929085538,20260929081111,20260929085458,,EV
2026-09-29T00:00:45.674176+00:00,EV020415,05,2,20260929085941,20260928185701,20260928192948,,EV
2026-09-29T00:00:45.674176+00:00,EV020517,01,2,20260929085943,20260927181209,20260927183214,,EV
2026-09-29T00:00:45.674176+00:00,EV021013,05,3,20260929085134,20260925001728,20260925030649,20260929085015,EV
2026-09-29T00:00:45.674176+00:00,HD000013,01,3,20260929090001,20260929074644,20260929083054,20260929074644,HD
2026-09-29T00:00:45.674176+00:00,HD000013,02,2,20260929090001,20260929072921,20260929074945,,HD
2026-09-29T00:00:45.674176+00:00,HD000013,03,2,20260929090001,20260929074243,20260929080205,,HD
2026-09-29T00:00:45.674176+00:00,HD000013,04,2,20260929090001,20260927181105,20260927182627,,HD
2026-09-29T00:00:45.674176+00:00,HD000013,05,2,20260929090001,20260928161009,20260928162012,,HD
2026-09-29T00:00:45.674176+00:00,HD000013,06,2,20260929090001,20260929082428,20260929085140,,HD
2026-09-29T00:00:45.674176+00:00,HD000017,01,2,20260929090001,20260929040203,20260929043040,,HD
2026-09-29T00:00:45.674176+00:00,HD000017,02,2,20260929090001,20260929013735,20260929015807,,HD
2026-09-29T00:00:45.674176+00:00,HD000017,03,2,20260929090001,20260928173342,20260928175828,,HD
2026-09-29T00:00:45.674176+00:00,HD000023,01,2,20260929090002,20260929040547,20260929043257,,HD
2026-09-29T00:00:45.674176+00:00,HD000023,03,3,20260929090002,20260929081847,20260929072528,20260929081847,HD
2026-09-29T00:00:45.674176+00:00,HD000023,04,2,20260929090002,20260910071838,20260910071918,,HD
2026-09-29T00:00:45.674176+00:00,HD000023,05,2,20260929090002,20260929080131,20260929085611,,HD
2026-09-29T00:00:45.674176+00:00,HD000023,06,2,20260929090002,20260929075239,20260929082916,,HD
2026-09-29T00:00:45.674176+00:00,HD000039,01,2,20260929090003,20260927173549,20260927182501,,HD
2026-09-29T00:00:45.674176+00:00,HD000039,02,2,20260929090003,20260929064924,20260929070854,,HD
2026-09-29T00:00:45.674176+00:00,HD000039,03,2,20260929090003,20260928085722,20260928090809,,HD
2026-09-29T00:00:45.674176+00:00,HD000039,04,2,20260929090003,20260928185057,20260928191344,,HD
2026-09-29T00:00:45.674176+00:00,HD000040,01,2,20260929090003,20260927101508,20260927103430,,HD
2026-09-29T00:00:45.674176+00:00,HD000040,02,2,20260929090003,20260928213959,20260928220752,,HD
2026-09-29T00:00:45.674176+00:00,HD000040,03,2,20260929090003,20260928195300,20260928201640,,HD
2026-09-29T00:00:45.674176+00:00,HD000040,04,2,20260929090003,20260928174509,20260928180447,,HD
2026-09-29T00:00:45.674176+00:00,HE000138,11,3,20260929085700,20260929085700,20260923143400,20260929085700,HE
2026-09-29T00:00:45.674176+00:00,HE000423,02,3,20260929085800,20260929085800,20260928155400,20260929085800,HE
2026-09-29T00:00:45.674176+00:00,HE000423,12,3,20260929085700,20260929085700,20260928124600,20260929085700,HE
2026-09-29T00:00:45.674176+00:00,HE001015,01,3,20260929085100,20260929085100,20260929043100,20260929085100,HE
2026-09-29T00:00:45.674176+00:00,HE001015,04,2,20260929085600,20260929075000,20260929085600,,HE
2026-09-29T00:00:45.674176+00:00,HE191963,02,3,20260929085900,20260929085900,20260928220500,20260929085900,HE
2026-09-29T00:00:45.674176+00:00,HE240192,06,3,20260929085300,20260929085300,20260929022335,20260929085300,HE
2026-09-29T00:00:45.674176+00:00,HE240401,02,2,20260929090000,20260927194253,20260928025657,,HE
2026-09-29T00:00:45.674176+00:00,HE240401,03,2,20260929090000,20260926114201,20260926150132,,HE
2026-09-29T00:00:45.674176+00:00,HE240415,04,3,20260929085900,20260929085900,20260929030807,20260929085900,HE
2026-09-29T00:00:45.674176+00:00,HM000001,07,3,20260929085600,20260917131735,20260917142345,20260929085454,HM
2026-09-29T00:00:45.674176+00:00,HM000063,01,3,20260929085400,20260925224823,20260926034537,20260929085322,HM
2026-09-29T00:00:45.674176+00:00,HM000065,07,3,20260929085800,20260928235211,20260928235428,20260929085609,HM
2026-09-29T00:00:45.674176+00:00,HM000065,08,3,20260929090001,20260929033704,20260929035936,20260929033704,HM
2026-09-29T00:00:45.674176+00:00,HM000466,07,3,20260929085406,20260925195032,20260925212138,20260929085228,HM
2026-09-29T00:00:45.674176+00:00,HM000617,01,2,20260929085608,20260929065941,20260929085425,,HM
2026-09-29T00:00:45.674176+00:00,HM000617,11,2,20260929085408,20260929075614,20260929085349,,HM
2026-09-29T00:00:45.674176+00:00,HM000617,31,3,20260929085809,20260928075518,20260928142945,20260929085605,HM
2026-09-29T00:00:45.674176+00:00,HM000761,09,2,20260929085813,20260929071010,20260929085650,,HM
2026-09-29T00:00:45.674176+00:00,HM001078,05,2,20260929085816,20260928220614,20260929003027,,HM
2026-09-29T00:00:45.674176+00:00,HM001577,08,3,20260929085617,20260928211510,20260928223831,20260929085556,HM
2026-09-29T00:00:45.674176+00:00,HM001630,03,3,20260929085821,20260928195311,20260928211434,20260929085728,HM
2026-09-29T00:00:45.674176+00:00,HM001714,02,3,20260929085220,20260928090822,20260928165447,20260929085124,HM
2026-09-29T00:00:45.674176+00:00,HM100099,05,3,20260929085420,20260928172226,20260928185922,20260929085323,HM
2026-09-29T00:00:45.674176+00:00,HM110005,01,3,20260929085824,20260928093804,20260928131513,20260929085731,HM
2026-09-29T00:00:45.674176+00:00,HM110082,01,3,20260929085825,20260922071432,20260922071554,20260929085647,HM
2026-09-29T00:00:45.674176+00:00,HM110095,02,3,20260929085825,20260929054353,20260929072657,20260929085646,HM
2026-09-29T00:00:45.674176+00:00,HM110116,36,3,20260929085622,20260929055208,20260929084453,20260929085414,HM
2026-09-29T00:00:45.674176+00:00,HM110129,04,2,20260929085825,20260929074652,20260929085613,,HM
2026-09-29T00:00:45.674176+00:00,HM110198,14,3,20260929085623,20260928103953,20260928135449,20260929085423,HM
2026-09-29T00:00:45.674176+00:00,HM110200,01,3,20260929085422,20260928162929,20260928173706,20260929085255,HM
2026-09-29T00:00:45.674176+00:00,HM110247,02,3,20260929085226,20260928084927,20260928130434,20260929085155,HM
2026-09-29T00:00:45.674176+00:00,HM110261,01,3,20260929085423,20260928154353,20260928160802,20260929085228,HM
2026-09-29T00:00:45.674176+00:00,HM110289,04,2,20260929085423,20260929001713,20260929085327,,HM
2026-09-29T00:00:45.674176+00:00,HM110314,02,3,20260929085624,20260928083838,20260928091648,20260929085504,HM
2026-09-29T00:00:45.674176+00:00,HM110333,04,3,20260929085424,20260928183728,20260928224420,20260929085243,HM
2026-09-29T00:00:45.674176+00:00,HP160001,01,3,20260929090001,20260929090001,20260929050912,20260929090001,HP
2026-09-29T00:00:45.674176+00:00,HP250010,02,3,20260929085130,20260929085130,20260929074123,20260929085130,HP
2026-09-29T00:00:45.674176+00:00,HP250010,03,2,20260929085121,20260929074558,20260929085121,,HP
2026-09-29T00:00:45.674176+00:00,HP250010,04,2,20260929085110,20260929050123,20260929085110,,HP
2026-09-29T00:00:45.674176+00:00,HP250010,05,2,20260929085057,20260929065555,20260929085057,,HP
2026-09-29T00:00:45.674176+00:00,HU200011,06,2,20260929085503,20260929035250,20260929085329,,HU
2026-09-29T00:00:45.674176+00:00,HY000003,03,2,20260929090002,20260709154228,20260820145526,,HY
2026-09-29T00:00:45.674176+00:00,HY000003,04,2,20260929090002,20260929010219,20260929010219,,HY
2026-09-29T00:00:45.674176+00:00,HY000004,02,2,20260929085202,20260928201414,20260929085121,,HY
2026-09-29T00:00:45.674176+00:00,HY000019,02,2,20260929090004,20260923070532,20260923123724,,HY
2026-09-29T00:00:45.674176+00:00,HY000019,03,2,20260929090004,20260923135312,20260924102523,,HY
2026-09-29T00:00:45.674176+00:00,HY000019,05,2,20260929090004,20260923140545,20260923160636,,HY
2026-09-29T00:00:45.674176+00:00,HY000019,08,2,20260929090004,20260923130632,20260923160304,,HY
2026-09-29T00:00:45.674176+00:00,HY000019,09,2,20260929090004,20260922161911,20260923071010,,HY
2026-09-29T00:00:45.674176+00:00,HY000019,11,2,20260929090004,20260923141829,20260924122953,,HY
2026-09-29T00:00:45.674176+00:00,HY000411,02,3,20260929085704,20260929085650,20260929085650,20260929085650,HY
2026-09-29T00:00:45.674176+00:00,HY000530,17,2,20260929085505,20260928191644,20260929085413,,HY
2026-09-29T00:00:45.674176+00:00,HY000538,01,3,20260929085506,20260929085458,20260927104845,20260929085458,HY
2026-09-29T00:00:45.674176+00:00,HY000552,15,2,20260929085405,20260928191526,20260929085330,,HY
2026-09-29T00:00:45.674176+00:00,HY000606,01,2,20260929085606,20260929083420,20260929085417,,HY
2026-09-29T00:00:45.674176+00:00,HY000606,06,3,20260929085806,20260929085719,20260927123834,20260929085719,HY
2026-09-29T00:00:45.674176+00:00,HY000616,03,3,20260929085207,20260929085148,20260928122922,20260929085148,HY
2026-09-29T00:00:45.674176+00:00,HY000890,01,2,20260929085605,20260929070918,20260929085532,,HY
2026-09-29T00:00:45.674176+00:00,HY001056,01,2,20260929085303,20260929012423,20260929085244,,HY
2026-09-29T00:00:45.674176+00:00,HY001231,24,2,20260929085402,20260928231008,20260929040839,,HY
2026-09-29T00:00:45.674176+00:00,HY001368,08,2,20260929085507,20260928174030,20260929000157,,HY
2026-09-29T00:00:45.674176+00:00,HY001515,02,3,20260929085304,20260929085215,20260928133819,20260929085215,HY
2026-09-29T00:00:45.674176+00:00,HY001552,05,2,20260929085205,20260928202340,20260929085115,,HY
2026-09-29T00:00:45.674176+00:00,HY001657,10,2,20260929085807,20260929004004,20260929085709,,HY
2026-09-29T00:00:45.674176+00:00,IM000317,04,1,20260929085437,20260911195959,20260912020252,,IM
2026-09-29T00:00:45.674176+00:00,JA110024,04,3,20260929085601,20260929085601,20260922174901,20260929085601,JA
2026-09-29T00:00:45.674176+00:00,JA110026,20,3,20260929085600,20260929085600,20260928192002,20260929085600,JA
2026-09-29T00:00:45.674176+00:00,JA110031,21,3,20260929085602,20260929085602,20260928214203,20260929085602,JA
2026-09-29T00:00:45.674176+00:00,JA110041,04,3,20260929085604,20260929085604,20260929004903,20260929085604,JA
2026-09-29T00:00:45.674176+00:00,JA110048,07,3,20260929085607,20260929085607,20260929012805,20260929085607,JA
2026-09-29T00:00:45.674176+00:00,JA110069,02,3,20260929085607,20260929085607,20260927084007,20260929085607,JA
2026-09-29T00:00:45.674176+00:00,JA110083,02,3,20260929085608,20260929085608,20260928222806,20260929085608,JA
2026-09-29T00:00:45.674176+00:00,JA110095,02,3,20260929085608,20260929085608,20260927184907,20260929085608,JA
2026-09-29T00:00:45.674176+00:00,JA110098,01,3,20260929085609,20260929085609,20260927230009,20260929085609,JA
2026-09-29T00:00:45.674176+00:00,JA110103,03,3,20260929085609,20260929085609,20260928164909,20260929085609,JA
2026-09-29T00:00:45.674176+00:00,JA110124,01,3,20260929085612,20260929085612,20260928182010,20260929085612,JA
2026-09-29T00:00:45.674176+00:00,JA110197,12,2,20260929085625,20260929084018,20260929085625,,JA
2026-09-29T00:00:45.674176+00:00,JA110202,13,3,20260929085625,20260929085625,20260929073517,20260929085625,JA
2026-09-29T00:00:45.674176+00:00,JA110202,14,3,20260929085625,20260929085625,20260929073517,20260929085625,JA
2026-09-29T00:00:45.674176+00:00,JA110202,16,3,20260929085625,20260929085625,20260929084218,20260929085625,JA
2026-09-29T00:00:45.674176+00:00,JA110202,17,2,20260929085625,20260929083518,20260929085625,,JA
2026-09-29T00:00:45.674176+00:00,JA110203,22,3,20260929085625,20260929085625,20260929071416,20260929085625,JA
2026-09-29T00:00:45.674176+00:00,KE000638,01,3,20260929085459,20260929085458,20260923151808,20260929085458,KE
2026-09-29T00:00:45.674176+00:00,KE000666,03,2,20260929085700,20260929074559,20260929085623,,KE
2026-09-29T00:00:45.674176+00:00,KE000710,01,3,20260929085401,20260929085318,20260924012641,20260929085318,KE
2026-09-29T00:00:45.674176+00:00,KE000906,06,3,20260929085901,20260929085803,20260928140254,20260929085803,KE
2026-09-29T00:00:45.674176+00:00,KE000958,07,3,20260929085959,20260929085918,20260928200758,20260929085918,KE
2026-09-29T00:00:45.674176+00:00,KE000988,04,3,20260929085700,20260929085606,20260929044540,20260929085606,KE
2026-09-29T00:00:45.674176+00:00,KE000999,01,3,20260929085500,20260929085422,20260929084739,20260929085422,KE
2026-09-29T00:00:45.674176+00:00,KL001242,02,3,20260929090003,20260929090003,20260927201316,20260929083908,KL
2026-09-29T00:00:45.674176+00:00,KL001794,01,3,20260929085701,20260929085701,20260928061118,20260929085116,KL
2026-09-29T00:00:45.674176+00:00,KL001794,02,3,20260929085501,20260929085501,20260928121654,20260929084738,KL
2026-09-29T00:00:45.674176+00:00,KL002146,05,3,20260929085901,20260929085901,20260929083031,20260929083502,KL
2026-09-29T00:00:45.674176+00:00,KL200184,19,2,20260929085344,20260928202422,20260928230459,,KL
2026-09-29T00:00:45.674176+00:00,KL200203,01,2,20260929085801,20260929072210,20260929082715,,KL
2026-09-29T00:00:45.674176+00:00,KL200203,19,3,20260929085111,20260929085111,20260928111817,20260929085110,KL
2026-09-29T00:00:45.674176+00:00,KP000689,03,3,20260929090006,20260928210916,20260929000722,20260929085345,KP
2026-09-29T00:00:45.674176+00:00,KP000699,03,3,20260929090004,20260928182738,20260928234739,20260929085208,KP
2026-09-29T00:00:45.674176+00:00,KP001802,03,3,20260929090006,20260928221656,20260929030012,20260929085344,KP
2026-09-29T00:00:45.674176+00:00,KP005238,02,3,20260929090005,20260928143144,20260928153202,20260929085405,KP
2026-09-29T00:00:45.674176+00:00,KP005639,02,3,20260929090004,20260929060443,20260929070445,20260929085422,KP
2026-09-29T00:00:45.674176+00:00,KRC10141,04,3,20260929085618,20260928235623,20260928235623,20260929085618,KR
2026-09-29T00:00:45.674176+00:00,LCSLCGP1,12,3,20260929090010,20260929090010,20260928181510,20260929090010,LC
2026-09-29T00:00:45.674176+00:00,LI000089,01,2,20260929085701,20260929085700,20260929085701,,LI
2026-09-29T00:00:45.674176+00:00,LI000358,01,3,20260929085803,20260929085803,20260929084122,20260929085803,LI
2026-09-29T00:00:45.674176+00:00,LI000358,02,2,20260929085557,20260929085556,20260929085557,,LI
2026-09-29T00:00:45.674176+00:00,LI000358,03,2,20260929085310,20260929084201,20260929085310,,LI
2026-09-29T00:00:45.674176+00:00,LU000161,04,2,20260929085259,20260929075019,20260929085257,,LU
2026-09-29T00:00:45.674176+00:00,LU000177,04,3,20260929085826,20260929085840,20260928150903,20260928093211,LU
2026-09-29T00:00:45.674176+00:00,LU000482,02,2,20260929085515,20260928184338,20260928203952,,LU
2026-09-29T00:00:45.674176+00:00,LU000948,06,3,20260929085550,20260929013739,20260929085545,20260929013739,LU
2026-09-29T00:00:45.674176+00:00,LU001015,01,2,20260929085438,20260928195946,20260929024203,,LU
2026-09-29T00:00:45.674176+00:00,LU001165,04,2,20260929085623,20260929082927,20260929085604,,LU
2026-09-29T00:00:45.674176+00:00,LU001582,03,2,20260929085359,20260929072409,20260929085357,,LU
2026-09-29T00:00:45.674176+00:00,LU001717,04,3,20260929085454,20260929085504,20260928193138,20260928162747,LU
2026-09-29T00:00:45.674176+00:00,LU001719,02,3,20260929085045,20260929085044,20260928113648,20260929085044,LU
2026-09-29T00:00:45.674176+00:00,LU001838,01,2,20260929085311,20260928173540,20260929003743,,LU
2026-09-29T00:00:45.674176+00:00,LU001982,02,3,20260929085342,20260929085342,20260928114930,20260929085342,LU
2026-09-29T00:00:45.674176+00:00,LU001983,03,3,20260929085249,20260929085305,20260928170944,20260928084216,LU
2026-09-29T00:00:45.674176+00:00,LU001988,02,3,20260929085616,20260929085623,20260923104408,20260929085616,LU
2026-09-29T00:00:45.674176+00:00,LU001989,02,2,20260929085520,20260928160406,20260928234111,,LU
2026-09-29T00:00:45.674176+00:00,LU002024,22,3,20260929085119,20260929085125,20260928183539,20260928162611,LU
2026-09-29T00:00:45.674176+00:00,LU002067,04,3,20260929085233,20260929073429,20260929085231,20260929073429,LU
2026-09-29T00:00:45.674176+00:00,LU002090,05,3,20260929085826,20260929085832,20260928230727,20260928184403,LU
2026-09-29T00:00:45.674176+00:00,LU002091,01,3,20260929085937,20260929085945,20260924231609,20260929085937,LU
2026-09-29T00:00:45.674176+00:00,LU002228,06,2,20260929085933,20260928171025,20260928185203,,LU
2026-09-29T00:00:45.674176+00:00,LU002297,74,2,20260929085452,20260929073357,20260929085234,,LU
2026-09-29T00:00:45.674176+00:00,LU002376,01,3,20260929085958,20260928105447,20260928172204,20260928105447,LU
2026-09-29T00:00:45.674176+00:00,LU002411,01,2,20260929085806,20260929011647,20260929053343,,LU
2026-09-29T00:00:45.674176+00:00,LU002518,02,3,20260929085408,20260929065405,20260929085407,20260929065405,LU
2026-09-29T00:00:45.674176+00:00,LU002518,04,3,20260929085220,20260929085229,20260928141855,20260928091103,LU
2026-09-29T00:00:45.674176+00:00,LU002525,01,2,20260929085608,20260928232830,20260929021931,,LU
2026-09-29T00:00:45.674176+00:00,LU002654,03,2,20260929085703,20260929081422,20260929085655,,LU
2026-09-29T00:00:45.674176+00:00,LU002734,04,2,20260929085533,20260928120228,20260928215513,,LU
2026-09-29T00:00:45.674176+00:00,LU002796,05,3,20260929085650,20260929074733,20260929085648,20260929074733,LU
2026-09-29T00:00:45.674176+00:00,LU002933,03,2,20260929085941,20260928214628,20260928223807,,LU
2026-09-29T00:00:45.674176+00:00,LU003210,08,3,20260929085338,20260928231652,20260929085336,20260928231652,LU
2026-09-29T00:00:45.674176+00:00,LU003312,03,3,20260929085404,20260929085423,20260927181921,20260927160156,LU
2026-09-29T00:00:45.674176+00:00,LU003518,05,2,20260929085350,20260928220509,20260929035546,,LU
2026-09-29T00:00:45.674176+00:00,LU003606,05,3,20260929085254,20260929085306,20260928235907,20260928210315,LU
2026-09-29T00:00:45.674176+00:00,LU003752,06,2,20260929085727,20260928190650,20260929001101,,LU
2026-09-29T00:00:45.674176+00:00,LU003755,16,2,20260929085757,20260929064715,20260929085732,,LU
2026-09-29T00:00:45.674176+00:00,LU003775,10,2,20260929085328,20260928180442,20260928224747,,LU
2026-09-29T00:00:45.674176+00:00,LU003817,29,3,20260929085213,20260929085225,20260929022256,20260928191953,LU
2026-09-29T00:00:45.674176+00:00,LU003835,30,3,20260929085110,20260929085118,20260929085057,20260929084842,LU
2026-09-29T00:00:45.674176+00:00,LU003910,06,2,20260929085710,20260928204732,20260929005442,,LU
2026-09-29T00:00:45.674176+00:00,LU003979,09,2,20260929085834,20260928211851,20260929012454,,LU
2026-09-29T00:00:45.674176+00:00,LU004023,07,3,20260929085200,20260929075601,20260929085159,20260929075601,LU
2026-09-29T00:00:45.674176+00:00,LU004257,07,3,20260929085628,20260929085638,20260926032233,20260929085628,LU
2026-09-29T00:00:45.674176+00:00,LU004310,01,3,20260929085852,20260929085855,20260928105301,20260928081702,LU
2026-09-29T00:00:45.674176+00:00,LU004315,03,3,20260929085200,20260928144319,20260928171405,20260928144319,LU
2026-09-29T00:00:45.674176+00:00,LU100200,02,2,20260929085627,20260928210529,20260928215718,,LU
2026-09-29T00:00:45.674176+00:00,LU100248,21,2,20260929085208,20260928224125,20260928234632,,LU
2026-09-29T00:00:45.674176+00:00,LU100332,10,2,20260929085113,20260928225705,20260929022441,,LU
2026-09-29T00:00:45.674176+00:00,LU100338,07,3,20260929085853,20260929071221,20260929085851,20260929071221,LU
2026-09-29T00:00:45.674176+00:00,LU100368,07,2,20260929085431,20260928203036,20260929013953,,LU
2026-09-29T00:00:45.674176+00:00,LU100368,60,2,20260929085049,20260928200049,20260929011130,,LU
2026-09-29T00:00:45.674176+00:00,LU100368,66,2,20260929085239,20260928200319,20260928225356,,LU
2026-09-29T00:00:45.674176+00:00,LU100436,02,3,20260929085337,20260929085345,20260928153523,20260928091137,LU
2026-09-29T00:00:45.674176+00:00,LU100683,01,2,20260929085601,20260928204300,20260929000314,,LU
2026-09-29T00:00:45.674176+00:00,LU100856,19,3,20260929085554,20260929085606,20260928150449,20260928120525,LU
2026-09-29T00:00:45.674176+00:00,LU101354,11,2,20260929085534,20260928231652,20260929022123,,LU
2026-09-29T00:00:45.674176+00:00,LU101450,02,2,20260929085302,20260928183728,20260929014526,,LU
2026-09-29T00:00:45.674176+00:00,LU101504,04,3,20260929085656,20260929071639,20260929085655,20260929071639,LU
2026-09-29T00:00:45.674176+00:00,LU101640,02,3,20260929085701,20260928232922,20260929085700,20260928232922,LU
2026-09-29T00:00:45.674176+00:00,LU101681,04,3,20260929085455,20260929085458,20260928202240,20260928193653,LU
2026-09-29T00:00:45.674176+00:00,LU101683,09,2,20260929085131,20260928230831,20260929023549,,LU
2026-09-29T00:00:45.674176+00:00,LU101683,14,2,20260929085045,20260928171356,20260929034742,,LU
2026-09-29T00:00:45.674176+00:00,LU101683,77,2,20260929085115,20260928181430,20260928192032,,LU
2026-09-29T00:00:45.674176+00:00,LU101686,28,2,20260929085610,20260928184057,20260928203101,,LU
2026-09-29T00:00:45.674176+00:00,LU101706,06,2,20260929085644,20260928202010,20260928220120,,LU
2026-09-29T00:00:45.674176+00:00,LU101706,22,2,20260929085916,20260927173440,20260927223645,,LU
2026-09-29T00:00:45.674176+00:00,LU101706,30,2,20260929085355,20260928125716,20260928155913,,LU
2026-09-29T00:00:45.674176+00:00,LU101707,12,2,20260929085122,20260928204331,20260929043807,,LU
2026-09-29T00:00:45.674176+00:00,LU101707,15,2,20260929085623,20260928142534,20260928194941,,LU
2026-09-29T00:00:45.674176+00:00,MO112910,03,2,20260929090005,20260901220003,20260901220005,,MO
2026-09-29T00:00:45.674176+00:00,MO112911,01,2,20260929090005,20260827235909,20260827235937,,MO
2026-09-29T00:00:45.674176+00:00,MO114401,01,2,20260929090005,20260919201150,20260920052309,,MO
2026-09-29T00:00:45.674176+00:00,MO114401,02,2,20260929090005,20260917193804,20260918025432,,MO
2026-09-29T00:00:45.674176+00:00,MO114403,01,2,20260929090005,20260915105045,20260915175804,,MO
2026-09-29T00:00:45.674176+00:00,MO114701,01,3,20260929090005,20260929090005,20260929090003,20260929090005,MO
2026-09-29T00:00:45.674176+00:00,MO114703,01,9,20260929090005,20260929090002,20260929090005,,MO
2026-09-29T00:00:45.674176+00:00,MO115004,01,2,20260929090005,20240801062802,20240801062812,,MO
2026-09-29T00:00:45.674176+00:00,MO115004,02,2,20260929090005,20240730062802,20240730062816,,MO
2026-09-29T00:00:45.674176+00:00,MO115004,03,2,20260929090005,20240731202116,20240731202127,,MO
2026-09-29T00:00:45.674176+00:00,MO115307,01,2,20260929090005,20260708070003,20260708070004,,MO
2026-09-29T00:00:45.674176+00:00,MO115309,01,2,20260929090005,20260615090004,20260615090004,,MO
2026-09-29T00:00:45.674176+00:00,MO116803,01,2,20260929090005,20260929070002,20260929070004,,MO
2026-09-29T00:00:45.674176+00:00,MO116804,01,2,20260929090005,20260310125633,20260310125652,,MO
2026-09-29T00:00:45.674176+00:00,MO910140,06,3,20260929085607,20260929085607,20260929085506,20260929085607,MO
2026-09-29T00:00:45.674176+00:00,NS850107,04,2,20260929085226,20260922090906,20260922040903,,NS
2026-09-29T00:00:45.674176+00:00,NS850118,12,3,20260929085843,20260928090951,20260928020931,20260929085843,NS
2026-09-29T00:00:45.674176+00:00,NS850157,02,2,20260929085929,20260921070916,20260921070913,,NS
2026-09-29T00:00:45.674176+00:00,NT100032,01,2,20260929085050,20260928194150,20260929085050,,NT
2026-09-29T00:00:45.674176+00:00,NT100032,21,2,20260929085250,20260928202850,20260929085250,,NT
2026-09-29T00:00:45.674176+00:00,NT100185,02,2,20260929085450,20260929082350,20260929085450,,NT
2026-09-29T00:00:45.674176+00:00,NT100241,02,2,20260929085150,20260928210950,20260929085150,,NT
2026-09-29T00:00:45.674176+00:00,NT100403,01,2,20260929085550,20260929081650,20260929085550,,NT
2026-09-29T00:00:45.674176+00:00,NT100420,04,3,20260929085450,20260929085450,20260928095750,20260929085450,NT
2026-09-29T00:00:45.674176+00:00,NT100582,01,3,20260929085450,20260929085450,20260928173350,20260929085450,NT
2026-09-29T00:00:45.674176+00:00,NT100582,08,3,20260929085450,20260929085450,20260928174150,20260929085450,NT
2026-09-29T00:00:45.674176+00:00,NT100905,03,2,20260929085650,20260929050450,20260929085650,,NT
2026-09-29T00:00:45.674176+00:00,NT101145,08,2,20260929085450,20260928201450,20260929085450,,NT
2026-09-29T00:00:45.674176+00:00,NT101179,02,2,20260929085450,20260929071750,20260929085450,,NT
2026-09-29T00:00:45.674176+00:00,NT101179,07,2,20260929085750,20260928235550,20260929085750,,NT
2026-09-29T00:00:45.674176+00:00,NT101182,01,2,20260929085250,20260928220750,20260929085250,,NT
2026-09-29T00:00:45.674176+00:00,NT101182,05,3,20260929085150,20260929085150,20260925023850,20260929085150,NT
2026-09-29T00:00:45.674176+00:00,NT101244,01,3,20260929085550,20260929085550,20260923123850,20260929085550,NT
2026-09-29T00:00:45.674176+00:00,NT101387,01,3,20260929085750,20260929085750,20260928135750,20260929085750,NT
2026-09-29T00:00:45.674176+00:00,NT101451,01,3,20260929085350,20260929085350,20260922183850,20260929085350,NT
2026-09-29T00:00:45.674176+00:00,NT101527,03,3,20260929085350,20260929085350,20260926122450,20260929085350,NT
2026-09-29T00:00:45.674176+00:00,NT101545,16,3,20260929085850,20260929085850,20260928194950,20260929085850,NT
2026-09-29T00:00:45.674176+00:00,NT101545,19,3,20260929085850,20260929085850,20260923111550,20260929085850,NT
2026-09-29T00:00:45.674176+00:00,NT101677,04,3,20260929085250,20260929085250,20260928192750,20260929085250,NT
2026-09-29T00:00:45.674176+00:00,NT101741,01,2,20260929085450,20260929082950,20260929085450,,NT
2026-09-29T00:00:45.674176+00:00,NT101833,78,2,20260929085950,20260927154050,20260929085950,,NT
2026-09-29T00:00:45.674176+00:00,NT101896,01,2,20260929085350,20260928174350,20260929085350,,NT
2026-09-29T00:00:45.674176+00:00,NT101896,16,2,20260929085550,20260928220750,20260929085550,,NT
2026-09-29T00:00:45.674176+00:00,NT101897,03,2,20260929085650,20260929082750,20260929085650,,NT
2026-09-29T00:00:45.674176+00:00,NT101939,02,2,20260929085750,20260928224450,20260929085750,,NT
2026-09-29T00:00:45.674176+00:00,NT101998,01,2,20260929085150,20260928181950,20260929085150,,NT
2026-09-29T00:00:45.674176+00:00,NT102058,12,2,20260929085650,20260928220450,20260929085650,,NT
2026-09-29T00:00:45.674176+00:00,NT102083,03,3,20260929085750,20260929085750,20260929050450,20260929085750,NT
2026-09-29T00:00:45.674176+00:00,NT102121,02,3,20260929085950,20260929085950,20260925121950,20260929085950,NT
2026-09-29T00:00:45.674176+00:00,NT102262,04,2,20260929085051,20260929021350,20260929085051,,NT
2026-09-29T00:00:45.674176+00:00,NT102275,02,2,20260929085950,20260929012550,20260929085950,,NT
2026-09-29T00:00:45.674176+00:00,NT102275,07,2,20260929085250,20260928210150,20260929085250,,NT
2026-09-29T00:00:45.674176+00:00,NT102289,03,2,20260929085051,20260928231850,20260929085051,,NT
2026-09-29T00:00:45.674176+00:00,NT102371,02,3,20260929085950,20260929085950,20260929085850,20260929085950,NT
2026-09-29T00:00:45.674176+00:00,NT102421,09,2,20260929085150,20260929043750,20260929085150,,NT
2026-09-29T00:00:45.674176+00:00,NT102430,11,2,20260929085750,20260928230850,20260929085750,,NT
2026-09-29T00:00:45.674176+00:00,NT102589,07,2,20260929085450,20260928224350,20260929085450,,NT
2026-09-29T00:00:45.674176+00:00,NT102590,05,3,20260929085051,20260929085051,20260929044750,20260929085051,NT
2026-09-29T00:00:45.674176+00:00,NT102717,01,3,20260929085650,20260929085650,20260928211150,20260929085650,NT
2026-09-29T00:00:45.674176+00:00,NT102730,02,3,20260929085250,20260929085250,20260927105150,20260929085250,NT
2026-09-29T00:00:45.674176+00:00,NT102765,40,3,20260929085550,20260929085550,20260929072750,20260929085550,NT
2026-09-29T00:00:45.674176+00:00,NT102798,15,2,20260929085051,20260928210050,20260929085051,,NT
2026-09-29T00:00:45.674176+00:00,NT102799,19,2,20260929085450,20260928171050,20260929085450,,NT
2026-09-29T00:00:45.674176+00:00,NT102848,05,2,20260929085450,20260928213150,20260929085450,,NT
2026-09-29T00:00:45.674176+00:00,NT102848,06,2,20260929085550,20260925132750,20260929085550,,NT
2026-09-29T00:00:45.674176+00:00,NT102885,23,2,20260929085051,20260928213250,20260929085051,,NT
2026-09-29T00:00:45.674176+00:00,NT102885,59,2,20260929085350,20260928213050,20260929085350,,NT
2026-09-29T00:00:45.674176+00:00,NT102885,98,2,20260929085250,20260928163950,20260929085250,,NT
2026-09-29T00:00:45.674176+00:00,NT102886,69,3,20260929085750,20260929085750,20260929073850,20260929085750,NT
2026-09-29T00:00:45.674176+00:00,NT102907,01,3,20260929085051,20260929085051,20260928172350,20260929085051,NT
2026-09-29T00:00:45.674176+00:00,NT102907,06,3,20260929085750,20260929085750,20260928182850,20260929085750,NT
2026-09-29T00:00:45.674176+00:00,NT102949,15,2,20260929085250,20260927193650,20260929085250,,NT
2026-09-29T00:00:45.674176+00:00,NT102949,24,2,20260929085850,20260928200550,20260929085850,,NT
2026-09-29T00:00:45.674176+00:00,NX000003,02,2,20260929085105,20260929075646,20260929085105,,NX
2026-09-29T00:00:45.674176+00:00,PC000070,01,3,20260929085859,20260928182916,20260928193200,20260929085859,PC
2026-09-29T00:00:45.674176+00:00,PC000070,30,2,20260929085716,20260929074036,20260929085616,,PC
2026-09-29T00:00:45.674176+00:00,PC000070,41,3,20260929085158,20260928200706,20260928205548,20260929085158,PC
2026-09-29T00:00:45.674176+00:00,PC000075,05,2,20260929085822,20260928201648,20260929085719,,PC
2026-09-29T00:00:45.674176+00:00,PC000076,10,2,20260929085050,20260928180839,20260928212244,,PC
2026-09-29T00:00:45.674176+00:00,PC000110,01,2,20260929085215,20260928200734,20260929085117,,PC
2026-09-29T00:00:45.674176+00:00,PC000163,04,3,20260929085628,20260928221828,20260928235516,20260929085628,PC
2026-09-29T00:00:45.674176+00:00,PC000163,06,3,20260929085446,20260928165808,20260928170348,20260929085446,PC
2026-09-29T00:00:45.674176+00:00,PC000172,03,2,20260929085715,20260928194938,20260929085616,,PC
2026-09-29T00:00:45.674176+00:00,PC000188,03,2,20260929085144,20260929080248,20260929082414,,PC
2026-09-29T00:00:45.674176+00:00,PC000301,03,2,20260929085851,20260928164740,20260929085752,,PC
2026-09-29T00:00:45.674176+00:00,PC000301,05,2,20260929085950,20260928192134,20260929085853,,PC
2026-09-29T00:00:45.674176+00:00,PC000342,04,3,20260929085735,20260928172315,20260928180836,20260929085735,PC
2026-09-29T00:00:45.674176+00:00,PC000382,02,3,20260929085138,20260928101035,20260928172003,20260929085138,PC
2026-09-29T00:00:45.674176+00:00,PC000434,05,3,20260929085537,20260928130921,20260928160325,20260929085537,PC
2026-09-29T00:00:45.674176+00:00,PC000464,27,2,20260929085605,20260928223845,20260929043617,,PC
2026-09-29T00:00:45.674176+00:00,PC000464,35,2,20260929085243,20260929000252,20260929031902,,PC
2026-09-29T00:00:45.674176+00:00,PC000481,02,3,20260929085154,20260928095010,20260928121516,20260929085154,PC
2026-09-29T00:00:45.674176+00:00,PC000515,02,3,20260929085752,20260928091555,20260928112352,20260929085752,PC
2026-09-29T00:00:45.674176+00:00,PC000541,01,3,20260929085503,20260928162649,20260928200747,20260929085503,PC
2026-09-29T00:00:45.674176+00:00,PC000621,01,2,20260929085922,20260929080844,20260929085820,,PC
2026-09-29T00:00:45.674176+00:00,PC000657,01,3,20260929085500,20260928115507,20260928142022,20260929085500,PC
2026-09-29T00:00:45.674176+00:00,PC000664,17,3,20260929085658,20260924065803,20260924073554,20260929085658,PC
2026-09-29T00:00:45.674176+00:00,PC000672,31,2,20260929085417,20260928220636,20260929032057,,PC
2026-09-29T00:00:45.674176+00:00,PC000705,42,2,20260929085923,20260928202603,20260929024430,,PC
2026-09-29T00:00:45.674176+00:00,PC000722,03,3,20260929085233,20260928093527,20260928101950,20260929085233,PC
2026-09-29T00:00:45.674176+00:00,PC000728,01,3,20260929085118,20260812013231,20260812131630,20260929085118,PC
2026-09-29T00:00:45.674176+00:00,PC001087,02,3,20260929085641,20260928094019,20260925203119,20260929085641,PC
2026-09-29T00:00:45.674176+00:00,PC001164,01,3,20260929085727,20260928081316,20260928153225,20260929085727,PC
2026-09-29T00:00:45.674176+00:00,PC001222,08,3,20260929085206,20260923101818,20260923114509,20260929085206,PC
2026-09-29T00:00:45.674176+00:00,PC001244,04,3,20260929085256,20260928160144,20260928194252,20260929085256,PC
2026-09-29T00:00:45.674176+00:00,PC001501,18,3,20260929085823,20260928124048,20260928130847,20260929085823,PC
2026-09-29T00:00:45.674176+00:00,PC001819,02,3,20260929085627,20260928095859,20260928105605,20260929085627,PC
2026-09-29T00:00:45.674176+00:00,PI000446,02,3,20260929085846,20260929085535,20260928091233,20260929085846,PI
2026-09-29T00:00:45.674176+00:00,PI000551,01,2,20260929085123,20260929075345,20260928200317,,PI
2026-09-29T00:00:45.674176+00:00,PI000710,24,3,20260929085713,20260929085534,20260927115607,20260929085713,PI
2026-09-29T00:00:45.674176+00:00,PI018892,01,3,20260929085119,20260929085115,20260929080742,20260929085119,PI
2026-09-29T00:00:45.674176+00:00,PI121485,03,2,20260929085358,20260928143906,20260928184027,,PI
2026-09-29T00:00:45.674176+00:00,PI122387,13,2,20260929085926,20260928214322,20260929003441,,PI
2026-09-29T00:00:45.674176+00:00,PI200788,04,3,20260929085135,20260929084634,20260928110714,20260929085135,PI
2026-09-29T00:00:45.674176+00:00,PI200806,09,3,20260929085219,20260929084901,20260928123749,20260929085219,PI
2026-09-29T00:00:45.674176+00:00,PI200917,05,2,20260929085139,20260928201217,20260929042858,,PI
2026-09-29T00:00:45.674176+00:00,PI200918,12,2,20260929085138,20260928201439,20260928223454,,PI
2026-09-29T00:00:45.674176+00:00,PI200928,01,3,20260929085635,20260929085602,20260924172116,20260929085635,PI
2026-09-29T00:00:45.674176+00:00,PI200946,01,2,20260929085636,20260928210808,20260927185430,,PI
2026-09-29T00:00:45.674176+00:00,PI200961,02,2,20260929085638,20260929080908,20260929083816,,PI
2026-09-29T00:00:45.674176+00:00,PI200968,05,3,20260929085638,20260929085555,20260928142347,20260929085638,PI
2026-09-29T00:00:45.674176+00:00,PI200968,07,3,20260929085638,20260929085538,20260928101042,20260929085638,PI
2026-09-29T00:00:45.674176+00:00,PI200976,04,2,20260929085143,20260928180806,20260928111021,,PI
2026-09-29T00:00:45.674176+00:00,PI202255,04,3,20260929085649,20260929085510,20260927131633,20260929085649,PI
2026-09-29T00:00:45.674176+00:00,PI202584,14,2,20260929085321,20260928184927,20260928201912,,PI
2026-09-29T00:00:45.674176+00:00,PI203049,07,3,20260929085144,20260929085106,20260928180223,20260929085144,PI
2026-09-29T00:00:45.674176+00:00,PI204008,09,3,20260929085641,20260929085552,20260929021126,20260929085641,PI
2026-09-29T00:00:45.674176+00:00,PI204016,01,3,20260929085642,20260929085438,20260928170850,20260929085642,PI
2026-09-29T00:00:45.674176+00:00,PI204039,03,2,20260929085146,20260929083911,20260928124855,,PI
2026-09-29T00:00:45.674176+00:00,PI204059,02,3,20260929085643,20260929085503,20260928103501,20260929085643,PI
2026-09-29T00:00:45.674176+00:00,PI204116,01,3,20260929085150,20260929084820,20260926033956,20260929085150,PI
2026-09-29T00:00:45.674176+00:00,PI204119,15,3,20260929085150,20260929084952,20260928164545,20260929085150,PI
2026-09-29T00:00:45.674176+00:00,PI204119,18,3,20260929085150,20260929084752,20260928192311,20260929085150,PI
2026-09-29T00:00:45.674176+00:00,PI204119,20,9,20260929085310,20260929073621,20260928191711,20260929073628,PI
2026-09-29T00:00:45.674176+00:00,PI204119,21,3,20260929085647,20260929085450,20260928202146,20260929085647,PI
2026-09-29T00:00:45.674176+00:00,PI204136,22,2,20260929085153,20260927133500,20260914124553,,PI
2026-09-29T00:00:45.674176+00:00,PI204136,23,3,20260929085650,20260929085409,20260929070734,20260929085650,PI
2026-09-29T00:00:45.674176+00:00,PI204148,01,3,20260929085651,20260929085314,20260927224243,20260929085651,PI
2026-09-29T00:00:45.674176+00:00,PI204162,13,2,20260929085156,20260929081418,20260928195800,,PI
2026-09-29T00:00:45.674176+00:00,PI204212,15,3,20260929085209,20260929085115,20260929004508,20260929085209,PI
2026-09-29T00:00:45.674176+00:00,PI204227,01,3,20260929085209,20260929084752,20260928083207,20260929085209,PI
2026-09-29T00:00:45.674176+00:00,PI204227,04,3,20260929085704,20260929085529,20260928102855,20260929085704,PI
2026-09-29T00:00:45.674176+00:00,PI204237,09,3,20260929085700,20260929085409,20260928180628,20260929085700,PI
2026-09-29T00:00:45.674176+00:00,PI204277,09,3,20260929085707,20260929085653,20260918170001,20260929085707,PI
2026-09-29T00:00:45.674176+00:00,PI204283,01,2,20260929085707,20260929033457,20260929084607,,PI
2026-09-29T00:00:45.674176+00:00,PI204295,01,3,20260929085708,20260929085326,20260928121557,20260929085708,PI
2026-09-29T00:00:45.674176+00:00,PI204322,04,3,20260929085709,20260929085405,20260928214552,20260929085709,PI
2026-09-29T00:00:45.674176+00:00,PI204334,03,3,20260929085710,20260929085459,20260928162506,20260929085710,PI
2026-09-29T00:00:45.674176+00:00,PI204334,10,2,20260929085710,20260929050347,20260929074900,,PI
2026-09-29T00:00:45.674176+00:00,PI204346,02,3,20260929085217,20260929085152,20260925210135,20260929085217,PI
2026-09-29T00:00:45.674176+00:00,PI204351,01,2,20260929085218,20260929081214,20260929085153,,PI
2026-09-29T00:00:45.674176+00:00,PI306208,11,2,20260929085637,20260929062852,20260928224657,,PI
2026-09-29T00:00:45.674176+00:00,PI645183,01,2,20260929085305,20260929084731,20260929084806,,PI
2026-09-29T00:00:45.674176+00:00,PI645210,03,2,20260929085801,20260928231603,20260929075104,,PI
2026-09-29T00:00:45.674176+00:00,PI645479,01,3,20260929085833,20260929085556,20260928181357,20260929085833,PI
2026-09-29T00:00:45.674176+00:00,PI690027,02,3,20260929085338,20260929085321,20260927164457,20260929085338,PI
2026-09-29T00:00:45.674176+00:00,PI700014,07,3,20260929085426,20260929085220,20260928210148,20260929085426,PI
2026-09-29T00:00:45.674176+00:00,PI700025,07,3,20260929085925,20260929085534,20260928150049,20260929085925,PI
2026-09-29T00:00:45.674176+00:00,PI700119,02,3,20260929085855,20260929085531,20260929084714,20260929085855,PI
2026-09-29T00:00:45.674176+00:00,PI707214,12,2,20260929085403,20260928133509,20260928153427,,PI
2026-09-29T00:00:45.674176+00:00,PI708629,01,3,20260929085514,20260929085155,20260929084111,20260929085514,PI
2026-09-29T00:00:45.674176+00:00,PI708629,03,3,20260929085514,20260929085149,20260928190436,20260929085514,PI
2026-09-29T00:00:45.674176+00:00,PI709168,03,3,20260929085516,20260929085049,20260928215643,20260929085516,PI
2026-09-29T00:00:45.674176+00:00,PI709519,04,2,20260929085517,20260929015031,20260929084416,,PI
2026-09-29T00:00:45.674176+00:00,PI709940,05,3,20260929085529,20260929085443,20260929061915,20260929085529,PI
2026-09-29T00:00:45.674176+00:00,PI710316,23,2,20260929085601,20260928181425,20260928202415,,PI
2026-09-29T00:00:45.674176+00:00,PI711405,04,2,20260929085526,20260928185028,20260928212118,,PI
2026-09-29T00:00:45.674176+00:00,PI712346,24,2,20260929085520,20260929015655,20260929053801,,PI
2026-09-29T00:00:45.674176+00:00,PI713370,01,2,20260929085537,20260928193226,20260928235227,,PI
2026-09-29T00:00:45.674176+00:00,PI715314,01,2,20260929085045,20260928182318,20260928224853,,PI
2026-09-29T00:00:45.674176+00:00,PI715645,03,3,20260929085049,20260929084848,20260929065617,20260929085049,PI
2026-09-29T00:00:45.674176+00:00,PI716479,02,3,20260929085051,20260929084906,20260928130354,20260929085051,PI
2026-09-29T00:00:45.674176+00:00,PI717089,04,2,20260929085054,20260928205938,20260928230220,,PI
2026-09-29T00:00:45.674176+00:00,PI717284,04,2,20260929085554,20260928135648,20260928195548,,PI
2026-09-29T00:00:45.674176+00:00,PI717284,05,3,20260929085554,20260929085509,20260928111437,20260929085554,PI
2026-09-29T00:00:45.674176+00:00,PI717284,08,3,20260929085058,20260929084654,20260928205512,20260929085058,PI
2026-09-29T00:00:45.674176+00:00,PI717572,01,3,20260929085056,20260929084642,20260924175101,20260929085056,PI
2026-09-29T00:00:45.674176+00:00,PI717726,06,3,20260929085551,20260929085113,20260920051117,20260929085551,PI
2026-09-29T00:00:45.674176+00:00,PI718321,03,2,20260929085556,20260928203047,20260929045022,,PI
2026-09-29T00:00:45.674176+00:00,PI719648,04,3,20260929085226,20260929085050,20260929073503,20260929085226,PI
2026-09-29T00:00:45.674176+00:00,PI721016,07,2,20260929085850,20260928150519,20260928184637,,PI
2026-09-29T00:00:45.674176+00:00,PI721751,12,2,20260929085122,20260928145956,20260928161622,,PI
2026-09-29T00:00:45.674176+00:00,PI722283,17,2,20260929085219,20260927170414,20260927182751,,PI
2026-09-29T00:00:45.674176+00:00,PI722283,18,3,20260929085219,20260929084938,20260928225628,20260929085219,PI
2026-09-29T00:00:45.674176+00:00,PI722718,14,2,20260929085354,20260928204036,20260928220232,,PI
2026-09-29T00:00:45.674176+00:00,PI724041,01,2,20260929085716,20260929070015,20260929085353,,PI
2026-09-29T00:00:45.674176+00:00,PI724834,02,3,20260929085306,20260929085111,20260928233651,20260929085306,PI
2026-09-29T00:00:45.674176+00:00,PI740766,05,3,20260929085050,20260929084707,20260928204830,20260929085050,PI
2026-09-29T00:00:45.674176+00:00,PI747512,01,3,20260929085832,20260929085434,20260928190034,20260929085832,PI
2026-09-29T00:00:45.674176+00:00,PI751167,05,3,20260929085544,20260929085341,20260923140344,20260929085544,PI
2026-09-29T00:00:45.674176+00:00,PI752192,02,2,20260929085048,20260928161838,20260928201256,,PI
2026-09-29T00:00:45.674176+00:00,PI752192,16,3,20260929085548,20260929085130,20260928065911,20260929085548,PI
2026-09-29T00:00:45.674176+00:00,PI753110,02,2,20260929085113,20260928104741,20260928131813,,PI
2026-09-29T00:00:45.674176+00:00,PI753299,01,2,20260929085613,20260928201442,20260928231852,,PI
2026-09-29T00:00:45.674176+00:00,PI754257,09,3,20260929085817,20260929085347,20260928103015,20260929085817,PI
2026-09-29T00:00:45.674176+00:00,PI755202,05,3,20260929085547,20260929085317,20260928113533,20260929085547,PI
2026-09-29T00:00:45.674176+00:00,PI761352,06,2,20260929085523,20260929070428,20260929085201,,PI
2026-09-29T00:00:45.674176+00:00,PI761352,09,2,20260929085523,20260928203922,20260929040353,,PI
2026-09-29T00:00:45.674176+00:00,PI762040,13,3,20260929085528,20260929085442,20260928075913,20260929085528,PI
2026-09-29T00:00:45.674176+00:00,PI764997,28,3,20260929085048,20260929084620,20260928231742,20260929085048,PI
2026-09-29T00:00:45.674176+00:00,PI766662,04,2,20260929085107,20260928205849,20260929011907,,PI
2026-09-29T00:00:45.674176+00:00,PI767274,08,3,20260929085104,20260929084714,20260928134449,20260929085104,PI
2026-09-29T00:00:45.674176+00:00,PI767274,14,3,20260929085104,20260929084756,20260928124652,20260929085104,PI
2026-09-29T00:00:45.674176+00:00,PI767274,17,3,20260929085559,20260929085343,20260928163348,20260929085559,PI
2026-09-29T00:00:45.674176+00:00,PI767322,07,2,20260929085600,20260928232136,20260929062703,,PI
2026-09-29T00:00:45.674176+00:00,PI767383,02,3,20260929085606,20260929085352,20260926192424,20260929085606,PI
2026-09-29T00:00:45.674176+00:00,PI768775,04,2,20260929085111,20260928205127,20260928222632,,PI
2026-09-29T00:00:45.674176+00:00,PI768986,03,3,20260929085607,20260929085202,20260928071822,20260929085607,PI
2026-09-29T00:00:45.674176+00:00,PI768986,24,2,20260929085112,20260928192035,20260928214842,,PI
2026-09-29T00:00:45.674176+00:00,PI769680,28,2,20260929085114,20260928211320,20260929044044,,PI
2026-09-29T00:00:45.674176+00:00,PI770243,02,2,20260929085121,20260929071346,20260929084722,,PI
2026-09-29T00:00:45.674176+00:00,PI771881,01,2,20260929085219,20260928160915,20260928174748,,PI
2026-09-29T00:00:45.674176+00:00,PI772327,04,2,20260929085311,20260928221148,20260929021154,,PI
2026-09-29T00:00:45.674176+00:00,PI773274,01,3,20260929085808,20260929085723,20260928213225,20260929085808,PI
2026-09-29T00:00:45.674176+00:00,PI773274,03,2,20260929085313,20260929012027,20260929051628,,PI
2026-09-29T00:00:45.674176+00:00,PI773353,01,2,20260929085808,20260928191253,20260928224323,,PI
2026-09-29T00:00:45.674176+00:00,PI773589,04,2,20260929085812,20260928182941,20260929052359,,PI
2026-09-29T00:00:45.674176+00:00,PI775220,07,2,20260929085846,20260929075208,20260929085554,,PI
2026-09-29T00:00:45.674176+00:00,PI775275,01,3,20260929085849,20260929085611,20260928183839,20260929085849,PI
2026-09-29T00:00:45.674176+00:00,PI793300,28,3,20260929085330,20260929085219,20260929004303,20260929085330,PI
2026-09-29T00:00:45.674176+00:00,PI793789,08,3,20260929085337,20260929085220,20260928125910,20260929085337,PI
2026-09-29T00:00:45.674176+00:00,PI793855,37,2,20260929085838,20260928215441,20260928231110,,PI
2026-09-29T00:00:45.674176+00:00,PI795518,02,2,20260929085340,20260928215526,20260929003820,,PI
2026-09-29T00:00:45.674176+00:00,PI796107,20,2,20260929085846,20260928193011,20260928234452,,PI
2026-09-29T00:00:45.674176+00:00,PI800774,13,2,20260929085814,20260928192641,20260928221822,,PI
2026-09-29T00:00:45.674176+00:00,PI801810,07,2,20260929085819,20260928225431,20260929085734,,PI
2026-09-29T00:00:45.674176+00:00,PI801810,15,2,20260929085819,20260928182629,20260928203134,,PI
2026-09-29T00:00:45.674176+00:00,PI807720,02,3,20260929085356,20260929085327,20260929015724,20260929085356,PI
2026-09-29T00:00:45.674176+00:00,PI807817,03,3,20260929085356,20260929085013,20260928094241,20260929085356,PI
2026-09-29T00:00:45.674176+00:00,PI807817,08,3,20260929085852,20260929085523,20260928141333,20260929085852,PI
2026-09-29T00:00:45.674176+00:00,PI807857,04,2,20260929085356,20260928182058,20260929043701,,PI
2026-09-29T00:00:45.674176+00:00,PI807986,01,2,20260929085852,20260928223641,20260929035636,,PI
2026-09-29T00:00:45.674176+00:00,PI808337,04,3,20260929085854,20260929085841,20260928201209,20260929085854,PI
2026-09-29T00:00:45.674176+00:00,PI808426,05,2,20260929085358,20260928230651,20260929013316,,PI
2026-09-29T00:00:45.674176+00:00,PI809564,10,2,20260929085857,20260928211735,20260928223904,,PI
2026-09-29T00:00:45.674176+00:00,PI809605,03,2,20260929085857,20260929005203,20260929072555,,PI
2026-09-29T00:00:45.674176+00:00,PI809652,05,2,20260929085401,20260928202106,20260929033704,,PI
2026-09-29T00:00:45.674176+00:00,PI809659,09,2,20260929085857,20260929004759,20260929024231,,PI
2026-09-29T00:00:45.674176+00:00,PI810621,02,3,20260929085425,20260929085258,20260928142642,20260929085425,PI
2026-09-29T00:00:45.674176+00:00,PIA00085,01,3,20260929085858,20260929085629,20260908171129,20260929085858,PI
2026-09-29T00:00:45.674176+00:00,PIA01164,03,2,20260929085425,20260928224745,20260929010223,,PI
2026-09-29T00:00:45.674176+00:00,PIH00030,20,2,20260929085747,20260928185626,20260929085627,,PI
2026-09-29T00:00:45.674176+00:00,PIH00031,18,3,20260929085251,20260929085118,20260928193546,20260929085251,PI
2026-09-29T00:00:45.674176+00:00,PIH00055,03,3,20260929085748,20260929085354,20260928171658,20260929085748,PI
2026-09-29T00:00:45.674176+00:00,PIH00194,04,3,20260929085748,20260929085333,20260928215520,20260929085748,PI
2026-09-29T00:00:45.674176+00:00,PIH00248,09,3,20260929085250,20260929085200,20260929004736,20260929085250,PI
2026-09-29T00:00:45.674176+00:00,PIH00304,12,2,20260929085251,20260929084626,20260929084954,,PI
2026-09-29T00:00:45.674176+00:00,PIH00304,14,3,20260929085251,20260929085241,20260928201919,20260929085251,PI
2026-09-29T00:00:45.674176+00:00,PIH00550,05,2,20260929085241,20260926192325,20260927001104,,PI
2026-09-29T00:00:45.674176+00:00,PIH00550,06,9,20260929085810,20260928171010,20260928223409,,PI
2026-09-29T00:00:45.674176+00:00,PIH00663,01,3,20260929085241,20260929085210,20260928140404,20260929085241,PI
2026-09-29T00:00:45.674176+00:00,PIH00789,03,3,20260929085251,20260929084910,20260929084413,20260929085251,PI
2026-09-29T00:00:45.674176+00:00,PIH01011,06,2,20260929085757,20260929063713,20260929085746,,PI
2026-09-29T00:00:45.674176+00:00,PIH01046,08,3,20260929085750,20260929085713,20260929001306,20260929085750,PI
2026-09-29T00:00:45.674176+00:00,PIH01125,02,3,20260929085240,20260929085110,20260928174228,20260929085240,PI
2026-09-29T00:00:45.674176+00:00,PIH01139,03,3,20260929085749,20260929085636,20260928143028,20260929085749,PI
2026-09-29T00:00:45.674176+00:00,PIH01531,02,3,20260929085240,20260929085044,20260918141009,20260929085240,PI
2026-09-29T00:00:45.674176+00:00,PIH01542,02,3,20260929085240,20260929085203,20260928171630,20260929085240,PI
2026-09-29T00:00:45.674176+00:00,PIH01586,01,2,20260929085240,20260928172722,20260928201539,,PI
2026-09-29T00:00:45.674176+00:00,PIH01596,01,2,20260929085732,20260928223156,20260929013805,,PI
2026-09-29T00:00:45.674176+00:00,PIH01991,03,2,20260929085751,20260929085211,20260929085510,,PI
2026-09-29T00:00:45.674176+00:00,PIS00004,05,2,20260929085859,20260928214137,20260929004657,,PI
2026-09-29T00:00:45.674176+00:00,PIS00010,05,3,20260929085403,20260929085022,20260928130210,20260929085403,PI
2026-09-29T00:00:45.674176+00:00,PIS00028,07,2,20260929085859,20260928202142,20260929015543,,PI
2026-09-29T00:00:45.674176+00:00,PIS00028,17,2,20260929085404,20260928201715,20260929032209,,PI
2026-09-29T00:00:45.674176+00:00,PIS00030,03,3,20260929085859,20260929085526,20260928143624,20260929085859,PI
2026-09-29T00:00:45.674176+00:00,PIS00036,01,3,20260929085404,20260929084935,20260928152936,20260929085404,PI
2026-09-29T00:00:45.674176+00:00,PIS00057,05,3,20260929085900,20260929085755,20260923143745,20260929085900,PI
2026-09-29T00:00:45.674176+00:00,PIS00064,02,3,20260929085404,20260929085338,20260928143407,20260929085404,PI
2026-09-29T00:00:45.674176+00:00,PIS00066,04,3,20260929085858,20260929085552,20260928171609,20260929085858,PI
2026-09-29T00:00:45.674176+00:00,PIS00069,21,3,20260929085404,20260929085124,20260926160839,20260929085404,PI
2026-09-29T00:00:45.674176+00:00,PIS00075,08,2,20260929085405,20260928210111,20260928210312,,PI
2026-09-29T00:00:45.674176+00:00,PIS00077,28,2,20260929085405,20260928172804,20260928203414,,PI
2026-09-29T00:00:45.674176+00:00,PIS00092,01,3,20260929085405,20260929085253,20260928140901,20260929085405,PI
2026-09-29T00:00:45.674176+00:00,PK000002,03,2,20260929085147,20260929074918,20260929084547,,PK
2026-09-29T00:00:45.674176+00:00,PK000005,02,2,20260929085148,20260929082913,20260929084519,,PK
2026-09-29T00:00:45.674176+00:00,PK000005,10,2,20260929085148,20260929082540,20260929084255,,PK
2026-09-29T00:00:45.674176+00:00,PK000007,02,3,20260929085150,20260929073942,20260929080337,20260929084607,PK
2026-09-29T00:00:45.674176+00:00,PK000007,16,2,20260929085150,20260929083317,20260929084957,,PK
2026-09-29T00:00:45.674176+00:00,PK000007,19,2,20260929085150,20260929082444,20260929084248,,PK
2026-09-29T00:00:45.674176+00:00,PK000007,23,3,20260929085150,20260929073749,20260929081153,20260929084530,PK
2026-09-29T00:00:45.674176+00:00,PK000007,27,3,20260929085150,20260929074756,20260929081101,20260929084143,PK
2026-09-29T00:00:45.674176+00:00,PK000007,28,3,20260929085150,20260929074832,20260929081101,20260929084217,PK
2026-09-29T00:00:45.674176+00:00,PK000008,03,2,20260929085150,20260929083740,20260929084824,,PK
2026-09-29T00:00:45.674176+00:00,PK000008,04,2,20260929085150,20260929082326,20260929084556,,PK
2026-09-29T00:00:45.674176+00:00,PK000009,06,2,20260929085148,20260929083223,20260929084911,,PK
2026-09-29T00:00:45.674176+00:00,PK000009,09,3,20260929085148,20260929075946,20260929080948,20260929084605,PK
2026-09-29T00:00:45.674176+00:00,PK000009,10,3,20260929085148,20260929075918,20260929080947,20260929084633,PK
2026-09-29T00:00:45.674176+00:00,PK000009,13,3,20260929085148,20260929081119,20260929083009,20260929084831,PK
2026-09-29T00:00:45.674176+00:00,PK000009,14,3,20260929085148,20260929081147,20260929083009,20260929084916,PK
2026-09-29T00:00:45.674176+00:00,PK000009,19,3,20260929090009,20260929090009,20260929083044,20260929090009,PK
2026-09-29T00:00:45.674176+00:00,PK000009,20,3,20260929090009,20260929090009,20260929083044,20260929090009,PK
2026-09-29T00:00:45.674176+00:00,PK000009,27,2,20260929085054,20260929084059,20260929085054,,PK
2026-09-29T00:00:45.674176+00:00,PK000009,28,2,20260929085054,20260929084059,20260929085054,,PK
2026-09-29T00:00:45.674176+00:00,PK000010,07,3,20260929090009,20260929090009,20260929084059,20260929090009,PK
2026-09-29T00:00:45.674176+00:00,PK000010,08,2,20260929085054,20260929084059,20260929085054,,PK
2026-09-29T00:00:45.674176+00:00,PK000011,03,2,20260929085054,20260929084100,20260929085054,,PK
2026-09-29T00:00:45.674176+00:00,PK000011,04,2,20260929085054,20260929084100,20260929085054,,PK
2026-09-29T00:00:45.674176+00:00,PK000011,05,2,20260929090010,20260929084100,20260929090010,,PK
2026-09-29T00:00:45.674176+00:00,PK000011,06,2,20260929090010,20260929085054,20260929090010,,PK
2026-09-29T00:00:45.674176+00:00,PK000011,09,2,20260929090010,20260929085054,20260929090010,,PK
2026-09-29T00:00:45.674176+00:00,PK000011,10,3,20260929085054,20260929085054,20260928225235,20260929085054,PK
2026-09-29T00:00:45.674176+00:00,PK000012,01,3,20260929085057,20260929085057,20260928205035,20260929085057,PK
2026-09-29T00:00:45.674176+00:00,PK000012,02,3,20260929085057,20260929085057,20260929010302,20260929085057,PK
2026-09-29T00:00:45.674176+00:00,PK000012,03,3,20260929085057,20260929085057,20260929021057,20260929085057,PK
2026-09-29T00:00:45.674176+00:00,PK000012,04,3,20260929085057,20260929085057,20260929012052,20260929085057,PK
2026-09-29T00:00:45.674176+00:00,PK000013,03,3,20260929085057,20260929085057,20260929083047,20260929085057,PK
2026-09-29T00:00:45.674176+00:00,PK000013,04,3,20260929085058,20260929085058,20260929083047,20260929085058,PK
2026-09-29T00:00:45.674176+00:00,PK000014,05,3,20260929085059,20260929085059,20260929084103,20260929085059,PK
2026-09-29T00:00:45.674176+00:00,PK000014,06,3,20260929085059,20260929085059,20260929084103,20260929085059,PK
2026-09-29T00:00:45.674176+00:00,PK000019,05,3,20260929085101,20260929085101,20241209115503,20260929085101,PK
2026-09-29T00:00:45.674176+00:00,PK000019,06,3,20260929085101,20260929085101,20260929013015,20260929085101,PK
2026-09-29T00:00:45.674176+00:00,PK000021,15,3,20260929085146,20260929072136,20260929074224,20260929084838,PK
2026-09-29T00:00:45.674176+00:00,PK000021,16,3,20260929085146,20260929004229,20260929011749,20260929084913,PK
2026-09-29T00:00:45.674176+00:00,PK000022,05,3,20260929085103,20260929085103,20260928222042,20260929085103,PK
2026-09-29T00:00:45.674176+00:00,PK000022,06,3,20260929085103,20260929085103,20241218081621,20260929085103,PK
2026-09-29T00:00:45.674176+00:00,PK000023,01,2,20260929085103,20260929084107,20260929085103,,PK
2026-09-29T00:00:45.674176+00:00,PK000023,02,2,20260929085103,20260929084107,20260929085103,,PK
2026-09-29T00:00:45.674176+00:00,PK000024,09,3,20260929085105,20260929085105,20260928223027,20260929085105,PK
2026-09-29T00:00:45.674176+00:00,PK000024,10,3,20260929085105,20260929085105,20260928223027,20260929085105,PK
2026-09-29T00:00:45.674176+00:00,PK000025,10,2,20260929085103,20260929083053,20260929085103,,PK
2026-09-29T00:00:45.674176+00:00,PK000025,12,3,20260929085103,20260929085103,20251121113223,20260929085103,PK
2026-09-29T00:00:45.674176+00:00,PK000025,15,3,20260929085147,20260929075944,20260929082111,20260929084747,PK
2026-09-29T00:00:45.674176+00:00,PK000025,17,3,20260929085148,20260929074945,20260929081324,20260929084551,PK
2026-09-29T00:00:45.674176+00:00,PK000025,18,3,20260929085148,20260929075025,20260929081324,20260929084632,PK
2026-09-29T00:00:45.674176+00:00,PK000025,19,2,20260929085148,20260929082321,20260929084712,,PK
2026-09-29T00:00:45.674176+00:00,PK000025,20,9,20260929085148,20260929082242,20260929084708,,PK
2026-09-29T00:00:45.674176+00:00,PK000025,21,9,20260929085148,20260929082632,20260929084835,,PK
2026-09-29T00:00:45.674176+00:00,PK000025,22,9,20260929085148,20260929082713,20260929084836,,PK
2026-09-29T00:00:45.674176+00:00,PK000025,23,3,20260929085103,20260929085103,20260120144708,20260929085103,PK
2026-09-29T00:00:45.674176+00:00,PK000025,24,3,20260929085103,20260929085103,20260928232104,20260929085103,PK
2026-09-29T00:00:45.674176+00:00,PK000025,26,2,20260929085103,20260929082041,20260929085103,,PK
2026-09-29T00:00:45.674176+00:00,PK000028,23,3,20260929085147,20260929074011,20260929075604,20260929084703,PK
2026-09-29T00:00:45.674176+00:00,PK000028,24,3,20260929085147,20260929074054,20260929075603,20260929084742,PK
2026-09-29T00:00:45.674176+00:00,PK000028,25,2,20260929085147,20260929082247,20260929084712,,PK
2026-09-29T00:00:45.674176+00:00,PK000028,26,2,20260929085147,20260929082204,20260929084714,,PK
2026-09-29T00:00:45.674176+00:00,PK000028,27,3,20260929085147,20260929081354,20260929083046,20260929084700,PK
2026-09-29T00:00:45.674176+00:00,PK000028,28,3,20260929085147,20260929081444,20260929083046,20260929084740,PK
2026-09-29T00:00:45.674176+00:00,PK000059,01,3,20260929085146,20260924112345,20260924113256,20260929084910,PK
2026-09-29T00:00:45.674176+00:00,PK000148,04,3,20260929085145,20260929075657,20260929082853,20260929084305,PK
2026-09-29T00:00:45.674176+00:00,PK000148,12,2,20260929085145,20260929081832,20260929084548,,PK
2026-09-29T00:00:45.674176+00:00,PK000148,13,3,20260929085145,20260929074711,20260929081122,20260929084323,PK
2026-09-29T00:00:45.674176+00:00,PK000148,14,3,20260929085145,20260929081342,20260929084030,20260929084357,PK
2026-09-29T00:00:45.674176+00:00,PK000148,16,3,20260929085145,20260929081113,20260929083945,20260929084138,PK
2026-09-29T00:00:45.674176+00:00,PK000148,19,2,20260929085149,20260929081438,20260929084411,,PK
2026-09-29T00:00:45.674176+00:00,PK000148,20,2,20260929085149,20260929081406,20260929084411,,PK
2026-09-29T00:00:45.674176+00:00,PK000156,07,2,20260929085146,20260929082256,20260929084549,,PK
2026-09-29T00:00:45.674176+00:00,PK000156,08,2,20260929085146,20260929082200,20260929084550,,PK
2026-09-29T00:00:45.674176+00:00,PK000156,09,3,20260929085146,20260929064526,20260929072146,20260929084416,PK
2026-09-29T00:00:45.674176+00:00,PK000156,10,3,20260929085146,20260929001907,20260929011520,20260929084458,PK
2026-09-29T00:00:45.674176+00:00,PK000161,05,2,20260929085149,20260929082308,20260929084817,,PK
2026-09-29T00:00:45.674176+00:00,PK000161,06,2,20260929085149,20260929082343,20260929084817,,PK
2026-09-29T00:00:45.674176+00:00,PK000179,09,3,20260929085108,20260929084548,20260929084548,20260929075434,PK
2026-09-29T00:00:45.674176+00:00,PK000179,10,3,20260929085108,20260929084507,20260929084507,20260929075439,PK
2026-09-29T00:00:45.674176+00:00,PK000179,19,3,20260929085108,20260929084954,20260929084954,20260929075103,PK
2026-09-29T00:00:45.674176+00:00,PK000179,20,3,20260929085108,20260929084902,20260929084902,20260929083929,PK
2026-09-29T00:00:45.674176+00:00,PK000180,05,3,20260929085108,20260929084601,20260929084601,20260929071708,PK
2026-09-29T00:00:45.674176+00:00,PK000180,06,3,20260929085108,20260929084526,20260929084526,20260929071708,PK
2026-09-29T00:00:45.674176+00:00,PK000185,06,2,20260929085149,20260929083254,20260929084201,,PK
2026-09-29T00:00:45.674176+00:00,PK000186,06,9,20260929085150,20260929084907,20260929085134,,PK
2026-09-29T00:00:45.674176+00:00,PK000186,10,2,20260929085150,20260929080428,20260929085051,,PK
2026-09-29T00:00:45.674176+00:00,PK000253,01,3,20260929085150,20260929065625,20260929072636,20260929084906,PK
2026-09-29T00:00:45.674176+00:00,PK000288,03,3,20260929085147,20260929074011,20260929075604,20260929084703,PK
2026-09-29T00:00:45.674176+00:00,PK000288,04,3,20260929085147,20260929074054,20260929075603,20260929084742,PK
2026-09-29T00:00:45.674176+00:00,PK000288,05,2,20260929085147,20260929082247,20260929084712,,PK
2026-09-29T00:00:45.674176+00:00,PK000288,06,2,20260929085147,20260929082204,20260929084714,,PK
2026-09-29T00:00:45.674176+00:00,PK000288,07,3,20260929085147,20260929081354,20260929083046,20260929084700,PK
2026-09-29T00:00:45.674176+00:00,PK000288,08,3,20260929085147,20260929081444,20260929083046,20260929084740,PK
2026-09-29T00:00:45.674176+00:00,PK000289,05,3,20260929085145,20260929071423,20260929073725,20260929084317,PK
2026-09-29T00:00:45.674176+00:00,PK000291,01,2,20260929085145,20260929083528,20260929084212,,PK
2026-09-29T00:00:45.674176+00:00,PK000291,02,2,20260929085145,20260929083605,20260929084214,,PK
2026-09-29T00:00:45.674176+00:00,PK000291,08,3,20260929085145,20260929081700,20260929082622,20260929084655,PK
2026-09-29T00:00:45.674176+00:00,PK000295,01,3,20260929085146,20260929075047,20260929081625,20260929084825,PK
2026-09-29T00:00:45.674176+00:00,PK000295,02,3,20260929085145,20260929074617,20260929083003,20260929084903,PK
2026-09-29T00:00:45.674176+00:00,PK000295,04,3,20260929085145,20260929070458,20260929072449,20260929084117,PK
2026-09-29T00:00:45.674176+00:00,PK000295,07,3,20260929085148,20260929074436,20260929080542,20260929084651,PK
2026-09-29T00:00:45.674176+00:00,PK000296,05,3,20260929085146,20260929072136,20260929074224,20260929084838,PK
2026-09-29T00:00:45.674176+00:00,PK000296,06,3,20260929085146,20260929004229,20260929011749,20260929084913,PK
2026-09-29T00:00:45.674176+00:00,PK000297,01,3,20260929085147,20260929075944,20260929082111,20260929084747,PK
2026-09-29T00:00:45.674176+00:00,PK000297,03,3,20260929085148,20260929074945,20260929081324,20260929084551,PK
2026-09-29T00:00:45.674176+00:00,PK000297,04,3,20260929085148,20260929075025,20260929081324,20260929084632,PK
2026-09-29T00:00:45.674176+00:00,PK000297,05,2,20260929085148,20260929082321,20260929084712,,PK
2026-09-29T00:00:45.674176+00:00,PK000297,06,9,20260929085148,20260929082242,20260929084708,,PK
2026-09-29T00:00:45.674176+00:00,PK000297,07,9,20260929085148,20260929082632,20260929084835,,PK
2026-09-29T00:00:45.674176+00:00,PK000297,08,9,20260929085148,20260929082713,20260929084836,,PK
2026-09-29T00:00:45.674176+00:00,PK000322,23,2,20260929085106,20260929084110,20241120135517,,PK
2026-09-29T00:00:45.674176+00:00,PK000474,01,2,20260929085148,20260929083719,20260929084845,,PK
2026-09-29T00:00:45.674176+00:00,PK000474,21,2,20260929085147,20260929083141,20260929084208,,PK
2026-09-29T00:00:45.674176+00:00,PK000474,25,3,20260929085147,20260929082219,20260929083502,20260929084716,PK
2026-09-29T00:00:45.674176+00:00,PL000006,02,2,20260929085904,20260928233453,20260929085904,,PL
2026-09-29T00:00:45.674176+00:00,PL000019,02,2,20260929085838,20260928181017,20260929085838,,PL
2026-09-29T00:00:45.674176+00:00,PL000038,21,2,20260929085833,20260928225952,20260929085833,,PL
2026-09-29T00:00:45.674176+00:00,PL000106,01,2,20260929085716,20260928164019,20260929085716,,PL
2026-09-29T00:00:45.674176+00:00,PL000179,01,2,20260929085937,20260928211010,20260929085937,,PL
2026-09-29T00:00:45.674176+00:00,PL000252,00,2,20260929085119,20260928162117,20260929085119,,PL
2026-09-29T00:00:45.674176+00:00,PL000411,03,3,20260929085641,20260929085641,20260929082014,20260929085641,PL
2026-09-29T00:00:45.674176+00:00,PL000618,28,2,20260929085404,20260928222413,20260929085404,,PL
2026-09-29T00:00:45.674176+00:00,PL000689,03,2,20260929085514,20260928211339,20260929085514,,PL
2026-09-29T00:00:45.674176+00:00,PL000696,01,2,20260929085615,20260928234842,20260929085615,,PL
2026-09-29T00:00:45.674176+00:00,PL000706,38,3,20260929085814,20260929085814,20260929082133,20260929085814,PL
2026-09-29T00:00:45.674176+00:00,PL000746,18,2,20260929085202,20260929084049,20260929085202,,PL
2026-09-29T00:00:45.674176+00:00,PL000809,24,2,20260929085529,20260928184328,20260929085529,,PL
2026-09-29T00:00:45.674176+00:00,PL000809,29,2,20260929085527,20260928131703,20260929085527,,PL
2026-09-29T00:00:45.674176+00:00,PL000809,68,2,20260929085651,20260928181659,20260929085651,,PL
2026-09-29T00:00:45.674176+00:00,PL001618,09,2,20260929085741,20260928230319,20260929085741,,PL
2026-09-29T00:00:45.674176+00:00,PL001618,76,2,20260929085438,20260928203219,20260929085438,,PL
2026-09-29T00:00:45.674176+00:00,PL001850,25,3,20260929085524,20260929085524,20260929083326,20260929085524,PL
2026-09-29T00:00:45.674176+00:00,PL001899,01,2,20260929085536,20260928230223,20260929085536,,PL
2026-09-29T00:00:45.674176+00:00,PL001951,37,2,20260929085834,20260928205904,20260929085834,,PL
2026-09-29T00:00:45.674176+00:00,PL001951,79,2,20260929085411,20260929085410,20260929085411,,PL
2026-09-29T00:00:45.674176+00:00,PL002227,00,2,20260929085111,20260928163029,20260929085111,,PL
2026-09-29T00:00:45.674176+00:00,PL002562,05,2,20260929085102,20260928200006,20260929085102,,PL
2026-09-29T00:00:45.674176+00:00,PL002994,01,2,20260929085930,20260928170535,20260929085930,,PL
2026-09-29T00:00:45.674176+00:00,PL003342,01,2,20260929085454,20260929080836,20260929085454,,PL
2026-09-29T00:00:45.674176+00:00,PL003367,06,2,20260929085911,20260928171119,20260929085911,,PL
2026-09-29T00:00:45.674176+00:00,PL003371,06,2,20260929085929,20260928234900,20260929085929,,PL
2026-09-29T00:00:45.674176+00:00,PL003371,19,3,20260929085457,20260929085457,20260929074108,20260929085457,PL
2026-09-29T00:00:45.674176+00:00,PL003387,04,2,20260929085426,20260929010148,20260929085426,,PL
2026-09-29T00:00:45.674176+00:00,PL003526,11,3,20260929085954,20260929085954,20260929084611,20260929085954,PL
2026-09-29T00:00:45.674176+00:00,PL003526,37,2,20260929085116,20260928231003,20260929085116,,PL
2026-09-29T00:00:45.674176+00:00,PL003526,81,2,20260929085603,20260928193706,20260929085603,,PL
2026-09-29T00:00:45.674176+00:00,PL003563,02,2,20260929085411,20260929070536,20260929085411,,PL
2026-09-29T00:00:45.674176+00:00,PL004364,09,2,20260929085822,20260928205818,20260929085822,,PL
2026-09-29T00:00:45.674176+00:00,PL004573,26,2,20260929085304,20260928210224,20260929085304,,PL
2026-09-29T00:00:45.674176+00:00,PL005109,03,3,20260929085653,20260929085653,20260929045049,20260929085653,PL
2026-09-29T00:00:45.674176+00:00,PL027987,33,2,20260929085651,20260928154852,20260929085651,,PL
2026-09-29T00:00:45.674176+00:00,PL030250,02,2,20260929085905,20260928194845,20260929085905,,PL
2026-09-29T00:00:45.674176+00:00,PL030345,00,2,20260929085544,20260928172832,20260929085544,,PL
2026-09-29T00:00:45.674176+00:00,PL030468,39,2,20260929085753,20260928223825,20260929085753,,PL
2026-09-29T00:00:45.674176+00:00,PL030579,03,2,20260929085234,20260929000033,20260929085234,,PL
2026-09-29T00:00:45.674176+00:00,PL030866,07,2,20260929085138,20260928132201,20260929085138,,PL
2026-09-29T00:00:45.674176+00:00,PL031100,00,2,20260929090005,20260929090003,20260929090005,,PL
2026-09-29T00:00:45.674176+00:00,PL031105,05,2,20260929085949,20260928223534,20260929085949,,PL
2026-09-29T00:00:45.674176+00:00,PL031232,00,2,20260929085951,20260928223755,20260929085951,,PL
2026-09-29T00:00:45.674176+00:00,PL031232,02,2,20260929085755,20260928190945,20260929064855,,PL
2026-09-29T00:00:45.674176+00:00,PL031461,15,3,20260929085859,20260929085859,20260929082558,20260929085859,PL
2026-09-29T00:00:45.674176+00:00,PL031462,03,2,20260929085419,20260928195127,20260929085419,,PL
2026-09-29T00:00:45.674176+00:00,PL031656,04,3,20260929085958,20260929085958,20260928140730,20260929085958,PL
2026-09-29T00:00:45.674176+00:00,PL031907,05,2,20260929085436,20260928153607,20260929085436,,PL
2026-09-29T00:00:45.674176+00:00,PL032107,00,2,20260929085321,20260928221138,20260929085321,,PL
2026-09-29T00:00:45.674176+00:00,PL032107,02,2,20260929085723,20260928201516,20260929085723,,PL
2026-09-29T00:00:45.674176+00:00,PL032428,05,2,20260929085717,20260928215244,20260929085717,,PL
2026-09-29T00:00:45.674176+00:00,PL032449,04,2,20260929085353,20260928155053,20260929085353,,PL
2026-09-29T00:00:45.674176+00:00,PL032511,07,3,20260929085807,20260929085807,20260929071238,20260929085807,PL
2026-09-29T00:00:45.674176+00:00,PL032552,04,2,20260929085941,20260928160651,20260929085941,,PL
2026-09-29T00:00:45.674176+00:00,PL032605,35,2,20260929085324,20260928121132,20260929085324,,PL
2026-09-29T00:00:45.674176+00:00,PL032609,04,2,20260929085143,20260928165801,20260929085143,,PL
2026-09-29T00:00:45.674176+00:00,PL032709,09,2,20260929085258,20260928144941,20260929085258,,PL
2026-09-29T00:00:45.674176+00:00,PL032816,02,2,20260929085823,20260928150948,20260929085823,,PL
2026-09-29T00:00:45.674176+00:00,PL032853,15,2,20260929085717,20260928211821,20260929085717,,PL
2026-09-29T00:00:45.674176+00:00,PL033048,05,2,20260929085818,20260929023552,20260929085818,,PL
2026-09-29T00:00:45.674176+00:00,PL033111,00,2,20260929085647,20260928172502,20260929085647,,PL
2026-09-29T00:00:45.674176+00:00,PL033152,03,2,20260929085857,20260928182224,20260929085857,,PL
2026-09-29T00:00:45.674176+00:00,PL033272,05,2,20260929085159,20260928223600,20260929085159,,PL
2026-09-29T00:00:45.674176+00:00,PL033290,15,2,20260929085145,20260928205919,20260929085145,,PL
2026-09-29T00:00:45.674176+00:00,PL033324,15,2,20260929085805,20260928135917,20260929085805,,PL
2026-09-29T00:00:45.674176+00:00,PL033728,04,2,20260929085752,20260928165239,20260929085752,,PL
2026-09-29T00:00:45.674176+00:00,PL100027,08,2,20260929085645,20260929085600,20260929085645,,PL
2026-09-29T00:00:45.674176+00:00,PL900972,02,3,20260929085332,20260929085332,20260928192441,20260929085332,PL
2026-09-29T00:00:45.674176+00:00,PMP00502,01,2,20260929085302,20260929083301,20260929085302,,PM
2026-09-29T00:00:45.674176+00:00,PMP00502,02,2,20260929085302,20260929083301,20260929085302,,PM
2026-09-29T00:00:45.674176+00:00,PMP00502,05,3,20260929085302,20260929085302,20260928151301,20260929085302,PM
2026-09-29T00:00:45.674176+00:00,PMP00502,06,3,20260929085302,20260929085302,20260928225301,20260929085302,PM
2026-09-29T00:00:45.674176+00:00,PMP00503,08,3,20260929085301,20260929085301,20260928195302,20260929085301,PM
2026-09-29T00:00:45.674176+00:00,PMP00503,09,3,20260929085301,20260929085301,20260929011302,20260929085301,PM
2026-09-29T00:00:45.674176+00:00,PMP00503,10,3,20260929085301,20260929085301,20260929063301,20260929085301,PM
2026-09-29T00:00:45.674176+00:00,PMP00503,19,3,20260929085301,20260929085301,20260928231301,20260929085301,PM
2026-09-29T00:00:45.674176+00:00,PMP00503,20,3,20260929085301,20260929085301,20260928235301,20260929085301,PM
2026-09-29T00:00:45.674176+00:00,PMP00503,23,3,20260929085301,20260929085301,20260929051301,20260929085301,PM
2026-09-29T00:00:45.674176+00:00,PMP00503,24,3,20260929085301,20260929085301,20260928235301,20260929085301,PM
2026-09-29T00:00:45.674176+00:00,PMP00503,27,3,20260929085301,20260929085301,20260928223301,20260929085301,PM
2026-09-29T00:00:45.674176+00:00,PMP00503,28,3,20260929085301,20260929085301,20260929061301,20260929085301,PM
2026-09-29T00:00:45.674176+00:00,PMP00504,06,2,20260929085301,20260929081301,20260929085301,,PM
2026-09-29T00:00:45.674176+00:00,PMP00504,14,3,20260929085301,20260929085301,20260929081301,20260929085301,PM
2026-09-29T00:00:45.674176+00:00,PMP00504,17,2,20260929085301,20260929083301,20260929085301,,PM
2026-09-29T00:00:45.674176+00:00,PMP00504,18,2,20260929085301,20260929083301,20260929085301,,PM
2026-09-29T00:00:45.674176+00:00,PMP00504,23,3,20260929085301,20260929085301,20260929081301,20260929085301,PM
2026-09-29T00:00:45.674176+00:00,PMP00504,25,2,20260929085301,20260929083301,20260929085301,,PM
2026-09-29T00:00:45.674176+00:00,PMP00504,26,2,20260929085301,20260929083301,20260929085301,,PM
2026-09-29T00:00:45.674176+00:00,PMP00505,01,2,20260929085302,20260929075302,20260929085302,,PM
2026-09-29T00:00:45.674176+00:00,PMP00505,02,2,20260929085302,20260929075302,20260929085302,,PM
2026-09-29T00:00:45.674176+00:00,PMP00505,21,3,20260929085302,20260929085302,20260929065302,20260929085302,PM
2026-09-29T00:00:45.674176+00:00,PMP00505,23,2,20260929085302,20260929083302,20260929085302,,PM
2026-09-29T00:00:45.674176+00:00,PMP00506,02,2,20260929085302,20260929081301,20260929085302,,PM
2026-09-29T00:00:45.674176+00:00,PMP00506,08,3,20260929085302,20260929085302,20260928225301,20260929085302,PM
2026-09-29T00:00:45.674176+00:00,PMP00509,02,2,20260929085301,20260929081301,20260929085301,,PM
2026-09-29T00:00:45.674176+00:00,PMP00509,03,3,20260929085301,20260929085301,20260929001301,20260929085301,PM
2026-09-29T00:00:45.674176+00:00,PMP00512,01,3,20260929085301,20260929085301,20260929083301,20260929085301,PM
2026-09-29T00:00:45.674176+00:00,PMP00512,02,3,20260929085301,20260929085301,20260929083301,20260929085301,PM
2026-09-29T00:00:45.674176+00:00,PMP00512,03,2,20260929085301,20260929083301,20260929085301,,PM
2026-09-29T00:00:45.674176+00:00,PMP00512,04,2,20260929085301,20260929083301,20260929085301,,PM
2026-09-29T00:00:45.674176+00:00,PMP00513,05,2,20260929085302,20260929083302,20260929085302,,PM
2026-09-29T00:00:45.674176+00:00,PMP00513,06,2,20260929085302,20260929083302,20260929085302,,PM
2026-09-29T00:00:45.674176+00:00,PMP00513,07,2,20260929085302,20260929081302,20260929085302,,PM
2026-09-29T00:00:45.674176+00:00,PMP00513,08,2,20260929085302,20260929081302,20260929085302,,PM
2026-09-29T00:00:45.674176+00:00,PMP00513,09,2,20260929085302,20260929075302,20260929085302,,PM
2026-09-29T00:00:45.674176+00:00,PMP00513,10,2,20260929085302,20260929081302,20260929085302,,PM
2026-09-29T00:00:45.674176+00:00,PMP00514,04,2,20260929085301,20260929083301,20260929085301,,PM
2026-09-29T00:00:45.674176+00:00,PMP00516,01,2,20260929085301,20260929083301,20260929085301,,PM
2026-09-29T00:00:45.674176+00:00,PMP00516,03,3,20260929085301,20260929085301,20260929083301,20260929085301,PM
2026-09-29T00:00:45.674176+00:00,PMP00516,04,3,20260929085301,20260929085301,20260929083301,20260929085301,PM
2026-09-29T00:00:45.674176+00:00,PMP00516,05,3,20260929085301,20260929085301,20260929075301,20260929085301,PM
2026-09-29T00:00:45.674176+00:00,PMP00516,06,3,20260929085301,20260929085301,20260929075301,20260929085301,PM
2026-09-29T00:00:45.674176+00:00,PMP00519,01,1,20260929085819,20260929071301,20260929071819,,PM
2026-09-29T00:00:45.674176+00:00,PMP00519,02,1,20260929085819,20260929081301,20260929081819,,PM
2026-09-29T00:00:45.674176+00:00,PMP00519,03,1,20260929085819,20260929073301,20260929073819,,PM
2026-09-29T00:00:45.674176+00:00,PMP00519,04,1,20260929085819,20260929065301,20260929065819,,PM
2026-09-29T00:00:45.674176+00:00,PMP00519,05,1,20260929085819,20260929073301,20260929073819,,PM
2026-09-29T00:00:45.674176+00:00,PMP00519,06,1,20260929085819,20260929001301,20260929001819,,PM
2026-09-29T00:00:45.674176+00:00,PMP00519,07,1,20260929085819,20260929065301,20260929065819,,PM
2026-09-29T00:00:45.674176+00:00,PMP00519,08,1,20260929085819,20260929085301,20260929085819,,PM
2026-09-29T00:00:45.674176+00:00,PMP00519,09,1,20260929085819,20260929065301,20260929065819,,PM
2026-09-29T00:00:45.674176+00:00,PMP00519,10,1,20260929085819,20260929085301,20260929085819,,PM
2026-09-29T00:00:45.674176+00:00,PMP00519,11,1,20260929085819,20260929075301,20260929075819,,PM
2026-09-29T00:00:45.674176+00:00,PMP00519,12,1,20260929085819,20260928231301,20260928231819,,PM
2026-09-29T00:00:45.674176+00:00,PMP00519,13,1,20260929085819,20260929085301,20260929085819,,PM
2026-09-29T00:00:45.674176+00:00,PMP00519,14,1,20260929085819,20260929083301,20260929083819,,PM
2026-09-29T00:00:45.674176+00:00,PMP00519,15,1,20260929085819,20260929073301,20260929073819,,PM
2026-09-29T00:00:45.674176+00:00,PMP00519,16,1,20260929085819,20260929053301,20260929053819,,PM
2026-09-29T00:00:45.674176+00:00,PMP00525,02,2,20260929085301,20260929083301,20260929085301,,PM
2026-09-29T00:00:45.674176+00:00,PMP00525,06,3,20260929085301,20260929085301,20260929083301,20260929085301,PM
2026-09-29T00:00:45.674176+00:00,PW000425,01,2,20260929085311,20260928234042,20260929001050,,PW
2026-09-29T00:00:45.674176+00:00,PW000428,03,2,20260929085810,20260928195811,20260929004333,,PW
2026-09-29T00:00:45.674176+00:00,PW000494,02,2,20260929085109,20260928184624,20260928200135,,PW
2026-09-29T00:00:45.674176+00:00,PW011045,10,2,20260929085814,20260928220105,20260929064646,,PW
2026-09-29T00:00:45.674176+00:00,PW011178,08,2,20260929085312,20260928171927,20260928194948,,PW
2026-09-29T00:00:45.674176+00:00,PW011629,01,2,20260929085313,20260928182236,20260928220807,,PW
2026-09-29T00:00:45.674176+00:00,PW011756,02,3,20260929085313,20260929085313,20260925143918,20260929085221,PW
2026-09-29T00:00:45.674176+00:00,PW011854,01,2,20260929085313,20260928220812,20260929030031,,PW
2026-09-29T00:00:45.674176+00:00,PW012050,03,2,20260929085816,20260928195002,20260929022036,,PW
2026-09-29T00:00:45.674176+00:00,PW012811,03,2,20260929085913,20260928224913,20260929014549,,PW
2026-09-29T00:00:45.674176+00:00,PW013058,01,3,20260929085924,20260929085924,20260929081012,20260929085535,PW
2026-09-29T00:00:45.674176+00:00,PW013084,10,2,20260929085423,20260928195108,20260928220628,,PW
2026-09-29T00:00:45.674176+00:00,PW013100,01,2,20260929085423,20260928214245,20260929041320,,PW
2026-09-29T00:00:45.674176+00:00,PW013100,05,3,20260929085423,20260929085423,20260929070245,20260929085050,PW
2026-09-29T00:00:45.674176+00:00,PW013101,08,2,20260929085423,20260928181935,20260929085247,,PW
2026-09-29T00:00:45.674176+00:00,PW013139,71,2,20260929085952,20260928212738,20260929043053,,PW
2026-09-29T00:00:45.674176+00:00,PW013396,01,2,20260929085447,20260928213357,20260929024926,,PW
2026-09-29T00:00:45.674176+00:00,PW013396,02,2,20260929085049,20260928192253,20260929013825,,PW
2026-09-29T00:00:45.674176+00:00,PW013447,16,2,20260929085951,20260928223400,20260929021931,,PW
2026-09-29T00:00:45.674176+00:00,PW013457,02,2,20260929085448,20260928181519,20260929053108,,PW
2026-09-29T00:00:45.674176+00:00,PW013757,05,2,20260929085104,20260928234719,20260929010237,,PW
2026-09-29T00:00:45.674176+00:00,PW013757,07,2,20260929090009,20260929001411,20260929025938,,PW
2026-09-29T00:00:45.674176+00:00,PW014214,04,2,20260929085518,20260929002051,20260929085259,,PW
2026-09-29T00:00:45.674176+00:00,PW014214,05,2,20260929085518,20260929001537,20260929061609,,PW
2026-09-29T00:00:45.674176+00:00,PW014318,05,2,20260929085525,20260928143304,20260929001558,,PW
2026-09-29T00:00:45.674176+00:00,PW014514,02,3,20260929085536,20260929085536,20260928230117,20260929085507,PW
2026-09-29T00:00:45.674176+00:00,PW014672,06,3,20260929085540,20260929085540,20260928110700,20260929085501,PW
2026-09-29T00:00:45.674176+00:00,PW014838,01,3,20260929085156,20260929085156,20260928112210,20260929084809,PW
2026-09-29T00:00:45.674176+00:00,PW015148,18,2,20260929085213,20260928211129,20260928223126,,PW
2026-09-29T00:00:45.674176+00:00,PW015149,07,2,20260929085613,20260929011318,20260929035840,,PW
2026-09-29T00:00:45.674176+00:00,PW015224,05,2,20260929085705,20260929043741,20260929060800,,PW
2026-09-29T00:00:45.674176+00:00,PW015353,01,2,20260929085707,20260929064029,20260929085601,,PW
2026-09-29T00:00:45.674176+00:00,PW100023,03,2,20260929085107,20260928164318,20260928211339,,PW
2026-09-29T00:00:45.674176+00:00,PW800110,07,3,20260929085111,20260929085111,20260924152546,20260929085029,PW
2026-09-29T00:00:45.674176+00:00,PW800158,03,2,20260929085911,20260928233420,20260929085636,,PW
2026-09-29T00:00:45.674176+00:00,PW800158,18,3,20260929085112,20260929085112,20260928091104,20260929084730,PW
2026-09-29T00:00:45.674176+00:00,PW800566,09,3,20260929085625,20260929085625,20260929064503,20260929085348,PW
2026-09-29T00:00:45.674176+00:00,PW800803,01,2,20260929085313,20260928222507,20260929062425,,PW
2026-09-29T00:00:45.674176+00:00,PW801392,01,2,20260929085439,20260928115131,20260928135055,,PW
2026-09-29T00:00:45.674176+00:00,PW801481,12,3,20260929085448,20260929085448,20260929011932,20260929085053,PW
2026-09-29T00:00:45.674176+00:00,PW801494,04,2,20260929085048,20260928170023,20260929085033,,PW
2026-09-29T00:00:45.674176+00:00,PW801496,12,2,20260929085048,20260928183646,20260929084734,,PW
2026-09-29T00:00:45.674176+00:00,PWE03874,06,3,20260929085933,20260929085933,20260929083226,20260929085933,PW
2026-09-29T00:00:45.674176+00:00,PWE04021,11,3,20260929085934,20260929085934,20260929083226,20260929085934,PW
2026-09-29T00:00:45.674176+00:00,PWE04916,22,3,20260929085110,20260929085110,20260929030710,20260929085110,PW
2026-09-29T00:00:45.674176+00:00,PWE06385,64,2,20260929085310,20260929073908,20260929085310,,PW
2026-09-29T00:00:45.674176+00:00,RE000040,03,3,20260929085603,20260929085603,20260927200002,20260929085510,RE
2026-09-29T00:00:45.674176+00:00,RE000183,02,2,20260929085802,20260928094524,20260928123537,,RE
2026-09-29T00:00:45.674176+00:00,RE000317,08,3,20260929085603,20260929085603,20260929084514,20260929054317,RE
2026-09-29T00:00:45.674176+00:00,RE000317,28,3,20260929085203,20260929085203,20260929084945,20260929084945,RE
2026-09-29T00:00:45.674176+00:00,SDSD0005,04,3,20260929085311,20260929085311,20260928182658,20260929085311,SD
2026-09-29T00:00:45.674176+00:00,SE000004,02,3,20260929085241,20260929085154,20260928141922,20260929085154,SE
2026-09-29T00:00:45.674176+00:00,SE000028,01,2,20260929085641,20260929082811,20260929085630,,SE
2026-09-29T00:00:45.674176+00:00,SE000034,02,3,20260929085541,20260929085450,20260929031656,20260929085450,SE
2026-09-29T00:00:45.674176+00:00,SE000063,01,2,20260929085641,20260929083554,20260929085722,,SE
2026-09-29T00:00:45.674176+00:00,SE000069,01,3,20260929085441,20260929085357,20260928155331,20260929085357,SE
2026-09-29T00:00:45.674176+00:00,SE000078,01,2,20260929085941,20260929084652,20260929085933,,SE
2026-09-29T00:00:45.674176+00:00,SE000119,01,2,20260929085741,20260929081936,20260929085723,,SE
2026-09-29T00:00:45.674176+00:00,SE000132,01,2,20260929085941,20260929084549,20260929085836,,SE
2026-09-29T00:00:45.674176+00:00,SE000144,02,3,20260929085141,20260929085051,20260922112222,20260929085051,SE
2026-09-29T00:00:45.674176+00:00,SE000151,03,2,20260929085241,20260929080447,20260929084859,,SE
2026-09-29T00:00:45.674176+00:00,SE000154,03,2,20260929085641,20260929072107,20260929085039,,SE
2026-09-29T00:00:45.674176+00:00,SE000193,01,3,20260929085241,20260929085229,20260929004434,20260929085229,SE
2026-09-29T00:00:45.674176+00:00,SE000203,08,3,20260929085941,20260929085908,20260928171529,20260929085908,SE
2026-09-29T00:00:45.674176+00:00,SE000234,01,2,20260929085241,20260929081732,20260929085237,,SE
2026-09-29T00:00:45.674176+00:00,SF000424,20,3,20260929085807,20260929085807,20260928114248,20260929084947,SF
2026-09-29T00:00:45.674176+00:00,SF000694,31,3,20260929085733,20260929085733,20260929064433,20260928222353,SF
2026-09-29T00:00:45.674176+00:00,SF000830,01,3,20260929085755,20260929085755,20260910195038,20260929084713,SF
2026-09-29T00:00:45.674176+00:00,SF001010,04,2,20260929085806,20260929082821,20260929083332,,SF
2026-09-29T00:00:45.674176+00:00,SF001012,19,3,20260929085118,20260929085118,20260923165415,20260929084445,SF
2026-09-29T00:00:45.674176+00:00,SF001104,05,3,20260929085746,20260929085746,20260115104823,20260929084923,SF
2026-09-29T00:00:45.674176+00:00,SF001247,36,2,20260929085057,20260929001313,20260929084559,,SF
2026-09-29T00:00:45.674176+00:00,SF001315,21,3,20260929085733,20260929085733,20260928191305,20260929084901,SF
2026-09-29T00:00:45.674176+00:00,SF002068,07,3,20260929085754,20260929085754,20260922182725,20260929085148,SF
2026-09-29T00:00:45.674176+00:00,SF002072,45,2,20260929085757,20260929012509,20260929084849,,SF
2026-09-29T00:00:45.674176+00:00,SF002417,13,3,20260929085113,20260929085113,20260928211616,20260929082211,SF
2026-09-29T00:00:45.674176+00:00,SF002462,01,3,20260929085111,20260929085111,20260928192500,20260929084649,SF
2026-09-29T00:00:45.674176+00:00,SF002519,00,3,20260929085115,20260929085115,20260928093207,20260929082249,SF
2026-09-29T00:00:45.674176+00:00,SF002754,13,2,20260929085114,20260928204228,20260929084529,,SF
2026-09-29T00:00:45.674176+00:00,SF002993,27,2,20260929085737,20260928170924,20260929084726,,SF
2026-09-29T00:00:45.674176+00:00,SF003433,00,3,20260929085800,20260929085800,20260928205037,20260929082821,SF
2026-09-29T00:00:45.674176+00:00,SF003532,01,3,20260929085800,20260929085800,20260928094008,20260929085000,SF
2026-09-29T00:00:45.674176+00:00,SF003663,04,3,20260929085746,20260929085746,20260919175405,20260929082809,SF
2026-09-29T00:00:45.674176+00:00,SF003725,00,2,20260929085738,20260928233517,20260929085103,,SF
2026-09-29T00:00:45.674176+00:00,ST111101,08,3,20260929085331,20260929085331,20260926200714,20260929085119,ST
2026-09-29T00:00:45.674176+00:00,ST111105,01,3,20260929085732,20260929085732,20260929082310,20260929085536,ST
2026-09-29T00:00:45.674176+00:00,ST112102,04,2,20260929085933,20260929085733,20260929085933,,ST
2026-09-29T00:00:45.674176+00:00,ST112103,02,2,20260929085142,20260929014756,20260929084920,,ST
2026-09-29T00:00:45.674176+00:00,ST112607,11,3,20260929085342,20260929085342,20260929034136,20260929025823,ST
2026-09-29T00:00:45.674176+00:00,ST112615,03,2,20260929085802,20260929062153,20260929085402,,ST
2026-09-29T00:00:45.674176+00:00,ST114415,01,2,20260929085142,20260929062207,20260929085050,,ST
2026-09-29T00:00:45.674176+00:00,ST114704,04,2,20260929085733,20260928233023,20260929085450,,ST
2026-09-29T00:00:45.674176+00:00,ST114708,01,3,20260929085543,20260929085543,20260928170544,20260929085355,ST
2026-09-29T00:00:45.674176+00:00,ST115012,02,3,20260929085941,20260929085941,20260929033619,20260929085721,ST
2026-09-29T00:00:45.674176+00:00,ST115417,11,3,20260929085536,20260929085536,20260928101539,20260929085228,ST
2026-09-29T00:00:45.674176+00:00,ST115604,03,3,20260929085931,20260929085931,20260928135735,20260929085740,ST
2026-09-29T00:00:45.674176+00:00,ST115608,02,3,20260929085534,20260929085534,20260928154050,20260929085249,ST
2026-09-29T00:00:45.674176+00:00,ST115624,01,3,20260929085949,20260929085949,20260929054317,20260929085609,ST
2026-09-29T00:00:45.674176+00:00,ST116505,02,2,20260929085530,20260929082528,20260929085403,,ST
2026-09-29T00:00:45.674176+00:00,ST116801,01,3,20260929085734,20260929085734,20260928140134,20260929085429,ST
2026-09-29T00:00:45.674176+00:00,ST116810,02,3,20260929085737,20260929085737,20260928194227,20260929085555,ST
2026-09-29T00:00:45.674176+00:00,ST600005,01,3,20260929085549,20260929085549,20260929065935,20260929085153,ST
2026-09-29T00:00:45.674176+00:00,ST600041,09,3,20260929085225,20260928142232,20260928174756,20260929085225,ST
2026-09-29T00:00:45.674176+00:00,ST600078,02,3,20260929085753,20260929085753,20260929050048,20260929085533,ST
2026-09-29T00:00:45.674176+00:00,ST600101,01,2,20260929085401,20260929020102,20260929085052,,ST
2026-09-29T00:00:45.674176+00:00,ST600323,01,2,20260929085759,20260929082112,20260929085544,,ST
2026-09-29T00:00:45.674176+00:00,ST600323,02,2,20260929090000,20260928200509,20260929085701,,ST
2026-09-29T00:00:45.674176+00:00,ST600323,04,3,20260929085759,20260929085759,20260928210716,20260929085455,ST
2026-09-29T00:00:45.674176+00:00,ST600430,04,3,20260929085355,20260929085446,20260929085547,20260928074153,ST
2026-09-29T00:00:45.674176+00:00,ST601046,02,2,20260929085405,20260929061551,20260929085054,,ST
2026-09-29T00:00:45.674176+00:00,ST601051,01,2,20260929085806,20260929074815,20260929085525,,ST
2026-09-29T00:00:45.674176+00:00,ST601186,02,3,20260929085412,20260929085412,20260929085018,20260929085019,ST
2026-09-29T00:00:45.674176+00:00,ST601187,02,2,20260929085809,20260929082452,20260929085546,,ST
2026-09-29T00:00:45.674176+00:00,ST601273,02,3,20260929085214,20260929061949,20260929071040,20260929085214,ST
2026-09-29T00:00:45.674176+00:00,ST601333,10,3,20260929085814,20260929085814,20260928092214,20260929085529,ST
2026-09-29T00:00:45.674176+00:00,ST601472,01,3,20260929085414,20260929085414,20260928190613,20260929085034,ST
2026-09-29T00:00:45.674176+00:00,SZBA0008,01,3,20260929085254,20260929085254,20260929080826,20260929085254,SZ
2026-09-29T00:00:45.674176+00:00,SZBA0008,02,3,20260929085218,20260929085218,20260929080825,20260929085218,SZ
2026-09-29T00:00:45.674176+00:00,SZBA0008,13,3,20260929085822,20260929085822,20260929085311,20260929085822,SZ
2026-09-29T00:00:45.674176+00:00,SZBA0008,14,3,20260929085822,20260929085822,20260929085310,20260929085822,SZ
2026-09-29T00:00:45.674176+00:00,SZBA0008,27,2,20260929085821,20260929082849,20260929085821,,SZ
2026-09-29T00:00:45.674176+00:00,SZBA0025,01,3,20260929085810,20260929085810,20260929085004,20260929085810,SZ
2026-09-29T00:00:45.674176+00:00,SZBA0025,02,3,20260929085731,20260929085731,20260929085005,20260929085731,SZ
2026-09-29T00:00:45.674176+00:00,SZBA0038,01,3,20260929085423,20260929085423,20260929082553,20260929085423,SZ
2026-09-29T00:00:45.674176+00:00,SZBA0038,02,2,20260929085950,20260929085511,20260929085950,,SZ
2026-09-29T00:00:45.674176+00:00,SZBA0108,02,3,20260929085813,20260929085813,20260929085310,20260929085813,SZ
2026-09-29T00:00:45.674176+00:00,TDA00007,02,2,20260929090004,20260928212443,20260929032321,,TD
2026-09-29T00:00:45.674176+00:00,TDA00032,03,3,20260929090010,20260928082656,20260928112408,20260928082656,TD
2026-09-29T00:00:45.674176+00:00,TDA00064,20,3,20260929090004,20260929084825,20260928123156,20260929084825,TD
2026-09-29T00:00:45.674176+00:00,TDA00064,23,3,20260929090005,20260929085947,20260928180624,20260929085947,TD
2026-09-29T00:00:45.674176+00:00,TDA00072,01,3,20260929090002,20260929085153,20260928111325,20260929085153,TD
2026-09-29T00:00:45.674176+00:00,TDA00072,03,3,20260929090002,20260929085146,20260928105857,20260929085146,TD
