fetched_at,statId,chgerId,stat,statUpdDt,lastTsdt,lastTedt,nowTsdt,busiId
2026-09-15T08:12:19.606842+00:00,ME174013,01,2,20260915170910,20260915161440,20260915163650,,ME
2026-09-15T08:12:19.606842+00:00,ME174027,01,2,20260915170916,20260915120140,20260915123310,,ME
2026-09-15T08:12:19.606842+00:00,ME174039,01,2,20260915170919,20260915114120,20260915122429,,ME
2026-09-15T08:12:19.606842+00:00,ME178009,01,2,20260915170926,20260915140930,20260915144946,,ME
2026-09-15T08:12:19.606842+00:00,ME178009,02,2,20260915170935,20260915154935,20260915160151,,ME
2026-09-15T08:12:19.606842+00:00,ME181102,01,2,20260915170931,20260915155123,20260915163210,,ME
2026-09-15T08:12:19.606842+00:00,ME181150,12,2,20260915170944,20260913141437,20260913144553,,ME
2026-09-15T08:12:19.606842+00:00,ME181150,13,2,20260915170949,20260915094119,20260915094308,,ME
2026-09-15T08:12:19.606842+00:00,ME183001,01,2,20260915170948,20260915145748,20260915152722,,ME
2026-09-15T08:12:19.606842+00:00,ME183002,01,2,20260915171054,20260915160311,20260915164239,,ME
2026-09-15T08:12:19.606842+00:00,ME183003,01,2,20260915170958,20260915043349,20260915051655,,ME
2026-09-15T08:12:19.606842+00:00,ME183004,01,2,20260915171013,20260914203248,20260914211440,,ME
2026-09-15T08:12:19.606842+00:00,ME183006,01,2,20260915171005,20260915083257,20260915091603,,ME
2026-09-15T08:12:19.606842+00:00,ME183008,01,2,20260915171011,20260915123243,20260915130707,,ME
2026-09-15T08:12:19.606842+00:00,ME183009,01,2,20260915171033,20260915112227,20260915113829,,ME
2026-09-15T08:12:19.606842+00:00,ME183103,01,2,20260915171020,20260915114723,20260915121427,,ME
2026-09-15T08:12:19.606842+00:00,ME183103,02,2,20260915171024,20260915133835,20260915142141,,ME
2026-09-15T08:12:19.606842+00:00,ME183103,52,2,20260915171027,20260915112322,20260915113043,,ME
2026-09-15T08:12:19.606842+00:00,ME183219,01,2,20260915171030,20260915112425,20260915120730,,ME
2026-09-15T08:12:19.606842+00:00,ME183219,02,2,20260915171037,20260915080818,20260915083519,,ME
2026-09-15T08:12:19.606842+00:00,ME183219,52,2,20260915171034,20260914210331,20260914212350,,ME
2026-09-15T08:12:19.606842+00:00,ME184075,01,2,20260915171038,20260912095303,20260912102400,,ME
2026-09-15T08:12:19.606842+00:00,ME184076,01,2,20260915171044,20260915161022,20260915163821,,ME
2026-09-15T08:12:19.606842+00:00,ME18B159,01,3,20260915171054,20260915075626,20260915083653,20260915163707,ME
2026-09-15T08:12:19.606842+00:00,ME18B163,01,3,20260915171050,20260915151251,20260915153511,20260915164941,ME
2026-09-15T08:12:19.606842+00:00,ME18B164,01,2,20260915171055,20260915090128,20260915094433,,ME
2026-09-15T08:12:19.606842+00:00,ME18B165,01,3,20260915171101,20260915155321,20260915163626,20260915164050,ME
2026-09-15T08:12:19.606842+00:00,ME18B166,01,2,20260915171106,20260915162620,20260915170926,,ME
2026-09-15T08:12:19.606842+00:00,ME18B168,01,2,20260915171110,20260913154610,20260913160015,,ME
2026-09-15T08:12:19.606842+00:00,ME18B169,01,3,20260915170751,20260915143358,20260915151704,20260915164744,ME
2026-09-15T08:12:19.606842+00:00,ME18B170,01,2,20260915170616,20260915100224,20260915104315,,ME
2026-09-15T08:12:19.606842+00:00,ME18B175,01,2,20260915170621,20260914202818,20260914211428,,ME
2026-09-15T08:12:19.606842+00:00,ME18B176,01,2,20260915170624,20260915111339,20260915114444,,ME
2026-09-15T08:12:19.606842+00:00,ME18B179,01,2,20260915170632,20260915123307,20260915124743,,ME
2026-09-15T08:12:19.606842+00:00,ME18B180,01,2,20260915170649,20260915161627,20260915165747,,ME
2026-09-15T08:12:19.606842+00:00,ME18B181,01,2,20260915171048,20260915115612,20260915122018,,ME
2026-09-15T08:12:19.606842+00:00,ME18B183,01,2,20260915170701,20260915154628,20260915161034,,ME
2026-09-15T08:12:19.606842+00:00,ME18B278,11,2,20260915170625,20260915054911,20260915060729,,ME
2026-09-15T08:12:19.606842+00:00,ME18B278,12,2,20260915170626,20260915152807,20260915160123,,ME
2026-09-15T08:12:19.606842+00:00,ME18B279,11,3,20260915170723,20260915152919,20260915155002,20260915170723,ME
2026-09-15T08:12:19.606842+00:00,ME18B279,12,2,20260915170624,20260915142320,20260915150625,,ME
2026-09-15T08:12:19.606842+00:00,ME18B284,11,2,20260915170647,20260915155213,20260915163014,,ME
2026-09-15T08:12:19.606842+00:00,ME18B284,12,3,20260915170751,20260915135304,20260915143608,20260915170249,ME
2026-09-15T08:12:19.606842+00:00,ME18B288,11,2,20260915170701,20260915143350,20260915150833,,ME
2026-09-15T08:12:19.606842+00:00,ME18B288,12,2,20260915170659,20260915151855,20260915153727,,ME
2026-09-15T08:12:19.606842+00:00,ME18B408,01,9,20260915170310,20260915111512,20260915115402,,ME
2026-09-15T08:12:19.606842+00:00,ME18B408,02,9,20260915170310,20260915075913,20260915083118,,ME
2026-09-15T08:12:19.606842+00:00,ME18B408,03,9,20260915170310,20260913200329,20260913202459,,ME
2026-09-15T08:12:19.606842+00:00,ME18B408,04,2,20260915170231,20260915120654,20260915124657,,ME
2026-09-15T08:12:19.606842+00:00,ME19A152,01,2,20260915170818,20260910180646,20260910182307,,ME
2026-09-15T08:12:19.606842+00:00,ME19A153,01,2,20260915170718,20260915060634,20260915064840,,ME
2026-09-15T08:12:19.606842+00:00,ME19A160,01,2,20260915170717,20260915152254,20260915160105,,ME
2026-09-15T08:12:19.606842+00:00,ME19A164,01,3,20260915170733,20260915145427,20260915153731,20260915170112,ME
2026-09-15T08:12:19.606842+00:00,ME19A170,01,2,20260915171050,20260915105752,20260915112021,,ME
2026-09-15T08:12:19.606842+00:00,ME19A243,21,2,20260915170343,20260915164237,20260915170344,,ME
2026-09-15T08:12:19.606842+00:00,ME19A243,22,3,20260915171034,20260915113428,20260915121520,20260915165015,ME
2026-09-15T08:12:19.606842+00:00,ME19A245,21,9,20260915170310,20260914205410,20260914212814,,ME
2026-09-15T08:12:19.606842+00:00,ME19A245,22,9,20260915170310,20260914175557,20260914183603,,ME
2026-09-15T08:12:19.606842+00:00,ME19A265,21,9,20260915170310,20260915130141,20260915134149,,ME
2026-09-15T08:12:19.606842+00:00,ME19A274,21,2,20260915170238,20260915102017,20260915105339,,ME
2026-09-15T08:12:19.606842+00:00,ME19A274,22,2,20260915170240,20260914193810,20260914195906,,ME
2026-09-15T08:12:19.606842+00:00,ME19A601,22,3,20260915170911,20260915160205,20260915161904,20260915163431,ME
2026-09-15T08:12:19.606842+00:00,ME19A601,23,9,20260915170310,20260915115221,20260915123228,,ME
2026-09-15T08:12:19.606842+00:00,ME19A601,26,3,20260915171011,20260915140149,20260915144216,20260915164945,ME
2026-09-15T08:12:19.606842+00:00,ME19D118,01,3,20260915171044,20260914190036,20260914192227,20260915170547,ME
2026-09-15T08:12:19.606842+00:00,ME19X403,41,2,20260915171032,20260915163030,20260915171030,,ME
2026-09-15T08:12:19.606842+00:00,ME19X403,42,2,20260915170819,20260915162816,20260915170816,,ME
2026-09-15T08:12:19.606842+00:00,ME19X403,44,2,20260915170914,20260915122512,20260915130512,,ME
2026-09-15T08:12:19.606842+00:00,ME19X403,45,5,20260915170735,20260915131612,20260915134210,,ME
2026-09-15T08:12:19.606842+00:00,ME19X417,41,2,20260915170740,20260914184156,20260914191215,,ME
2026-09-15T08:12:19.606842+00:00,ME19X417,42,3,20260915170703,20260915161421,20260915164307,20260915170249,ME
2026-09-15T08:12:19.606842+00:00,ME19X417,43,2,20260915170710,20260915150439,20260915152916,,ME
2026-09-15T08:12:19.606842+00:00,ME19X417,44,2,20260915170709,20260915150805,20260915153621,,ME
2026-09-15T08:12:19.606842+00:00,ME19X417,45,2,20260915170714,20260915110038,20260915111713,,ME
2026-09-15T08:12:19.606842+00:00,ME19Y284,21,2,20260915170722,20260915160310,20260915160940,,ME
2026-09-15T08:12:19.606842+00:00,ME19Y284,22,2,20260915170722,20260915103021,20260915105308,,ME
2026-09-15T08:12:19.606842+00:00,ME19Y601,21,2,20260915170714,20260915155707,20260915162305,,ME
2026-09-15T08:12:19.606842+00:00,ME19Y601,22,2,20260915170715,20260915111242,20260915113939,,ME
2026-09-15T08:12:19.606842+00:00,ME19Y601,23,2,20260915170859,20260915115653,20260915123653,,ME
2026-09-15T08:12:19.606842+00:00,ME19Y601,24,2,20260915170859,20260915151858,20260915155858,,ME
2026-09-15T08:12:19.606842+00:00,ME20A193,01,2,20260915170222,20260915133806,20260915135926,,ME
2026-09-15T08:12:19.606842+00:00,ME20A194,01,2,20260915171006,20260915143120,20260915151120,,ME
2026-09-15T08:12:19.606842+00:00,ME20A195,01,2,20260915170809,20260915061419,20260915064657,,ME
2026-09-15T08:12:19.606842+00:00,ME20A196,01,3,20260915171022,20260915053751,20260915061751,20260915163506,ME
2026-09-15T08:12:19.606842+00:00,ME20A197,01,2,20260915170733,20260915163751,20260915170213,,ME
2026-09-15T08:12:19.606842+00:00,ME20A198,01,2,20260915170731,20260913145301,20260913153031,,ME
2026-09-15T08:12:19.606842+00:00,ME20A199,01,2,20260915170730,20260915133733,20260915141124,,ME
2026-09-15T08:12:19.606842+00:00,ME20A1a0,01,2,20260915170735,20260915122104,20260915130104,,ME
2026-09-15T08:12:19.606842+00:00,ME20A1a1,01,2,20260915170730,20260915013951,20260915021218,,ME
2026-09-15T08:12:19.606842+00:00,ME20A1a2,01,2,20260915170734,20260915151437,20260915155138,,ME
2026-09-15T08:12:19.606842+00:00,ME20A1a3,01,2,20260915170724,20260914133601,20260914141319,,ME
2026-09-15T08:12:19.606842+00:00,ME20A1a4,01,2,20260915170729,20260914180939,20260914182311,,ME
2026-09-15T08:12:19.606842+00:00,ME20A1a5,01,2,20260915170730,20260915114121,20260915120512,,ME
2026-09-15T08:12:19.606842+00:00,ME20A1a6,01,2,20260915170736,20260915135715,20260915143715,,ME
2026-09-15T08:12:19.606842+00:00,ME20A1a7,01,2,20260915170722,20260915105411,20260915110050,,ME
2026-09-15T08:12:19.606842+00:00,ME20A1a8,01,2,20260915170734,20260915162319,20260915164403,,ME
2026-09-15T08:12:19.606842+00:00,ME20A1a9,01,2,20260915170727,20260915150033,20260915151917,,ME
2026-09-15T08:12:19.606842+00:00,ME20A1b0,01,2,20260915170728,20260915145004,20260915153004,,ME
2026-09-15T08:12:19.606842+00:00,ME20A278,21,2,20260915171018,20260914161408,20260914164135,,ME
2026-09-15T08:12:19.606842+00:00,ME20A278,22,2,20260915170718,20260915133720,20260915140309,,ME
2026-09-15T08:12:19.606842+00:00,ME20A279,21,2,20260915170738,20260915102428,20260915105529,,ME
2026-09-15T08:12:19.606842+00:00,ME20A279,22,2,20260915170738,20260915123002,20260915131002,,ME
2026-09-15T08:12:19.606842+00:00,ME20A280,01,2,20260915170755,20260915141030,20260915145030,,ME
2026-09-15T08:12:19.606842+00:00,ME20A280,02,3,20260915170846,20260915153711,20260915161711,20260915165841,ME
2026-09-15T08:12:19.606842+00:00,ME20A301,01,2,20260915170716,20260913160647,20260913164034,,ME
2026-09-15T08:12:19.606842+00:00,ME20A301,21,2,20260915170714,20260913174543,20260913182543,,ME
2026-09-15T08:12:19.606842+00:00,ME20A301,22,2,20260915170715,20260913140333,20260913141638,,ME
2026-09-15T08:12:19.606842+00:00,ME20A409,21,2,20260915170628,20260915155852,20260915163852,,ME
2026-09-15T08:12:19.606842+00:00,ME20A409,22,2,20260915170628,20260915154408,20260915160929,,ME
2026-09-15T08:12:19.606842+00:00,ME20A409,23,2,20260915170854,20260915155850,20260915163850,,ME
2026-09-15T08:12:19.606842+00:00,ME20A409,24,2,20260915170854,20260915161529,20260915165529,,ME
2026-09-15T08:12:19.606842+00:00,ME20A410,01,2,20260915170942,20260915155739,20260915163224,,ME
2026-09-15T08:12:19.606842+00:00,ME20A410,02,2,20260915170816,20260915090619,20260915094128,,ME
2026-09-15T08:12:19.606842+00:00,ME20A410,03,2,20260915170840,20260915155404,20260915162003,,ME
2026-09-15T08:12:19.606842+00:00,ME20A410,91,2,20260915170823,20260915124852,20260915132852,,ME
2026-09-15T08:12:19.606842+00:00,ME20A411,01,2,20260915170847,20260915150306,20260915153037,,ME
2026-09-15T08:12:19.606842+00:00,ME20A411,02,2,20260915170824,20260915152537,20260915155456,,ME
2026-09-15T08:12:19.606842+00:00,ME20A411,03,2,20260915171037,20260915134703,20260915135043,,ME
2026-09-15T08:12:19.606842+00:00,ME20A411,04,2,20260915170731,20260915113329,20260915113429,,ME
2026-09-15T08:12:19.606842+00:00,ME21A114,01,3,20260915170910,20260915070114,20260915073429,20260915170912,ME
2026-09-15T08:12:19.606842+00:00,ME21A128,01,2,20260915170233,20260914120254,20260914124257,,ME
2026-09-15T08:12:19.606842+00:00,ME21B131,01,2,20260915170228,20260914122839,20260914124844,,ME
2026-09-15T08:12:19.606842+00:00,ME21B132,01,2,20260915170658,20260915162350,20260915170659,,ME
2026-09-15T08:12:19.606842+00:00,ME21B133,01,2,20260915170236,20260915023102,20260915024211,,ME
2026-09-15T08:12:19.606842+00:00,ME21B164,01,2,20260915170237,20260915142140,20260915144937,,ME
2026-09-15T08:12:19.606842+00:00,ME21B168,01,9,20260915170310,20260915155254,20260915163300,,ME
2026-09-15T08:12:19.606842+00:00,ME21B180,01,3,20260915170924,20260915145947,20260915153953,20260915170109,ME
2026-09-15T08:12:19.606842+00:00,ME21B1C3,01,3,20260915171006,20260915154101,20260915162104,20260915163333,ME
2026-09-15T08:12:19.606842+00:00,ME21B211,01,9,20260915170310,20260915153538,20260915161544,,ME
2026-09-15T08:12:19.606842+00:00,ME21B211,02,2,20260915170221,20260914122825,20260914125833,,ME
2026-09-15T08:12:19.606842+00:00,ME21B234,02,2,20260915170400,20260915132239,20260915134449,,ME
2026-09-15T08:12:19.606842+00:00,ME21B244,01,9,20260915170310,20260915151016,20260915153109,,ME
2026-09-15T08:12:19.606842+00:00,ME21B244,02,9,20260915170310,20260915151410,20260915153221,,ME
2026-09-15T08:12:19.606842+00:00,ME21B245,02,2,20260915170220,20260915160552,20260915164555,,ME
2026-09-15T08:12:19.606842+00:00,ME21B305,03,2,20260915170230,20260915152146,20260915160150,,ME
2026-09-15T08:12:19.606842+00:00,ME21B309,01,9,20260915170310,20260914165331,20260914172107,,ME
2026-09-15T08:12:19.606842+00:00,ME21B309,02,2,20260915170223,20260915151010,20260915155016,,ME
2026-09-15T08:12:19.606842+00:00,ME21B404,01,9,20260915170310,20260915103055,20260915111100,,ME
2026-09-15T08:12:19.606842+00:00,ME21B404,02,2,20260915170232,20260915162438,20260915165801,,ME
2026-09-15T08:12:19.606842+00:00,ME21B404,04,2,20260915170227,20260915141217,20260915143715,,ME
2026-09-15T08:12:19.606842+00:00,ME21B412,01,2,20260915170231,20260912001137,20260912002127,,ME
2026-09-15T08:12:19.606842+00:00,ME21B412,02,9,20260915170310,20260913194251,20260913201401,,ME
2026-09-15T08:12:19.606842+00:00,ME21B412,03,9,20260915170310,20260914213114,20260914221117,,ME
2026-09-15T08:12:19.606842+00:00,ME21B412,04,9,20260915170310,20260912185801,20260912191324,,ME
2026-09-15T08:12:19.606842+00:00,ME21C250,21,3,20260915171100,20260915155234,20260915163151,20260915163449,ME
2026-09-15T08:12:19.606842+00:00,ME21C250,22,2,20260915171023,20260915161053,20260915165103,,ME
2026-09-15T08:12:19.606842+00:00,ME21C251,21,2,20260915171030,20260915164151,20260915170143,,ME
2026-09-15T08:12:19.606842+00:00,ME21C251,22,3,20260915171031,20260915160331,20260915163003,20260915163524,ME
2026-09-15T08:12:19.606842+00:00,ME22C1B8,01,2,20260915171027,20260915113746,20260915120716,,ME
2026-09-15T08:12:19.606842+00:00,ME22C1B9,01,2,20260915171035,20260915154944,20260915162946,,ME
2026-09-15T08:12:19.606842+00:00,ME22C1C0,01,2,20260915171018,20260914142104,20260914150106,,ME
2026-09-15T08:12:19.606842+00:00,ME22C802,01,2,20260915171047,20260915162329,20260915170331,,ME
2026-09-15T08:12:19.606842+00:00,ME22C802,02,2,20260915171105,20260915105120,20260915112137,,ME
2026-09-15T08:12:19.606842+00:00,ME22C802,03,2,20260915171047,20260915113240,20260915113727,,ME
2026-09-15T08:12:19.606842+00:00,ME22C802,04,2,20260915171024,20260914165514,20260914173515,,ME
2026-09-15T08:12:19.606842+00:00,ME22C802,05,2,20260915171059,20260915155050,20260915163051,,ME
2026-09-15T08:12:19.606842+00:00,ME22C802,06,2,20260915171041,20260915150238,20260915152325,,ME
2026-09-15T08:12:19.606842+00:00,ME22C802,07,2,20260915171103,20260915160034,20260915164036,,ME
2026-09-15T08:12:19.606842+00:00,ME22C802,08,2,20260915171102,20260915111831,20260915115833,,ME
2026-09-15T08:12:19.606842+00:00,ME22D121,01,2,20260915171026,20260915161316,20260915164659,,ME
2026-09-15T08:12:19.606842+00:00,ME22D152,01,2,20260915171043,20260913150915,20260913153858,,ME
2026-09-15T08:12:19.606842+00:00,ME22D205,01,2,20260915171011,20260914221622,20260914223955,,ME
2026-09-15T08:12:19.606842+00:00,ME22D205,02,2,20260915171106,20260914183103,20260914184446,,ME
2026-09-15T08:12:19.606842+00:00,ME22D402,01,2,20260915171036,20260915145559,20260915153120,,ME
2026-09-15T08:12:19.606842+00:00,ME22D402,02,2,20260915171043,20260914082336,20260914090339,,ME
2026-09-15T08:12:19.606842+00:00,ME22D402,03,2,20260915171024,20260914115631,20260914123634,,ME
2026-09-15T08:12:19.606842+00:00,ME22D402,04,2,20260915171045,20260915003431,20260915004822,,ME
2026-09-15T08:12:19.606842+00:00,ME22M301,01,2,20260915171022,20260913191659,20260913193137,,ME
2026-09-15T08:12:19.606842+00:00,ME22M301,02,2,20260915171033,20260915162253,20260915163623,,ME
2026-09-15T08:12:19.606842+00:00,ME22M301,81,2,20260915171036,20260915163057,20260915170139,,ME
2026-09-15T08:12:19.606842+00:00,ME22M301,82,2,20260915170936,20260915150525,20260915150928,,ME
2026-09-15T08:12:19.606842+00:00,ME22M301,83,2,20260915171048,20260915152548,20260915154108,,ME
2026-09-15T08:12:19.606842+00:00,ME22M301,84,2,20260915171056,20260914222032,20260914223619,,ME
2026-09-15T08:12:19.606842+00:00,ME22M302,04,2,20260915170440,20260913152204,20260913160209,,ME
2026-09-15T08:12:19.606842+00:00,ME22M302,27,9,20260915170810,20260828120035,20260828124039,,ME
2026-09-15T08:12:19.606842+00:00,ME22M302,28,2,20260915170312,20260913153914,20260913161419,,ME
2026-09-15T08:12:19.606842+00:00,ME22M302,33,2,20260915171048,20260914194358,20260914202359,,ME
2026-09-15T08:12:19.606842+00:00,ME22M302,34,2,20260915171027,20260915152740,20260915154016,,ME
2026-09-15T08:12:19.606842+00:00,ME22M302,35,2,20260915171031,20260912150416,20260912154417,,ME
2026-09-15T08:12:19.606842+00:00,ME22M302,36,2,20260915171057,20260915105206,20260915110209,,ME
2026-09-15T08:12:19.606842+00:00,ME25A102,01,2,20260915170617,20260915160237,20260915164248,,ME
2026-09-15T08:12:19.606842+00:00,ME25A107,01,2,20260915170619,20260914084323,20260914091011,,ME
2026-09-15T08:12:19.606842+00:00,ME25A108,01,2,20260915170940,20260908091808,20260908093242,,ME
2026-09-15T08:12:19.606842+00:00,ME25A401,21,2,20260915171104,20260915120910,20260915122324,,ME
2026-09-15T08:12:19.606842+00:00,ME25A401,22,2,20260915171107,20260914091405,20260914093613,,ME
2026-09-15T08:12:19.606842+00:00,ME25A401,23,2,20260915170925,20260914062516,20260914062834,,ME
2026-09-15T08:12:19.606842+00:00,ME25A401,24,2,20260915170927,20260915063833,20260915071429,,ME
2026-09-15T08:12:19.606842+00:00,ME25A403,21,2,20260915170709,20260909162422,20260909170235,,ME
2026-09-15T08:12:19.606842+00:00,ME25A403,22,2,20260915170711,20260909063942,20260909071244,,ME
2026-09-15T08:12:19.606842+00:00,ME25A403,23,2,20260915170725,20260910115739,20260910123744,,ME
2026-09-15T08:12:19.606842+00:00,ME25A403,24,2,20260915170727,20260915120109,20260915124114,,ME
2026-09-15T08:12:19.606842+00:00,ME25A404,21,2,20260915170636,20260915154959,20260915155721,,ME
2026-09-15T08:12:19.606842+00:00,ME25A404,22,2,20260915170636,20260908001904,20260908005910,,ME
2026-09-15T08:12:19.606842+00:00,ME25A404,23,2,20260915170823,20260910162426,20260910170430,,ME
2026-09-15T08:12:19.606842+00:00,ME25A404,24,2,20260915170825,20260915112557,20260915120602,,ME
2026-09-15T08:12:19.606842+00:00,ME25A405,21,2,20260915170733,20260914043410,20260914044150,,ME
2026-09-15T08:12:19.606842+00:00,ME25A405,22,2,20260915170735,20260915111259,20260915112417,,ME
2026-09-15T08:12:19.606842+00:00,ME25A405,23,2,20260915170925,20260915110611,20260915112629,,ME
2026-09-15T08:12:19.606842+00:00,ME25A405,24,2,20260915170927,20260913020129,20260913022127,,ME
2026-09-15T08:12:19.606842+00:00,ME25A406,21,2,20260915170748,20260914161320,20260914163457,,ME
2026-09-15T08:12:19.606842+00:00,ME25A406,22,2,20260915170750,20260915095126,20260915100629,,ME
2026-09-15T08:12:19.606842+00:00,ME25A406,23,2,20260915170759,20260914092517,20260914094523,,ME
2026-09-15T08:12:19.606842+00:00,ME25A406,24,2,20260915170801,20260908000932,20260908003215,,ME
2026-09-15T08:12:19.606842+00:00,AH000021,05,3,20260915171208,20260915171208,20260915125639,20260915171208,AH
2026-09-15T08:12:19.606842+00:00,AH000100,01,2,20260915171208,20260915141154,20260915171208,,AH
2026-09-15T08:12:19.606842+00:00,AM900044,01,3,20260915170415,20260913110911,20260913020926,20260915074420,AM
2026-09-15T08:12:19.606842+00:00,BNBN0058,02,2,20260915170602,20260915164457,20260915170453,,BN
2026-09-15T08:12:19.606842+00:00,BNBN0058,03,3,20260915170302,20260915160042,20260915163918,20260915160042,BN
2026-09-15T08:12:19.606842+00:00,BNBN0058,04,3,20260915170602,20260915160042,20260915163918,20260915160042,BN
2026-09-15T08:12:19.606842+00:00,BNBN0177,01,2,20260915170903,20260915090709,20260915170601,,BN
2026-09-15T08:12:19.606842+00:00,BNBN0416,02,3,20260915170304,20260914221148,20260915024118,20260914221148,BN
2026-09-15T08:12:19.606842+00:00,BNBN0581,06,3,20260915171207,20260914154941,20260914235427,20260914154941,BN
2026-09-15T08:12:19.606842+00:00,BNBN0822,04,2,20260915170911,20260915163718,20260915170728,,BN
2026-09-15T08:12:19.606842+00:00,BNBN0828,01,3,20260915170907,20260914144756,20260914174516,20260914144756,BN
2026-09-15T08:12:19.606842+00:00,BNBN0831,01,3,20260915171208,20260912154210,20260912205553,20260915171208,BN
2026-09-15T08:12:19.606842+00:00,BNBN0864,01,3,20260915170608,20260915161344,20260915165613,20260915161344,BN
2026-09-15T08:12:19.606842+00:00,BNBN0866,05,2,20260915170908,20260915140125,20260915170847,,BN
2026-09-15T08:12:19.606842+00:00,BNBN0904,04,3,20260915170307,20260915144355,20260915162250,20260915144355,BN
2026-09-15T08:12:19.606842+00:00,BT000131,03,9,20260915171201,20260915165622,20260915165715,,BT
2026-09-15T08:12:19.606842+00:00,BT000147,01,2,20260915170553,20260915170552,20260915170553,,BT
2026-09-15T08:12:19.606842+00:00,BT000165,01,2,20260915170801,20260915163431,20260915164002,,BT
2026-09-15T08:12:19.606842+00:00,BT000174,01,2,20260915170612,20260911074253,20260911100224,,BT
2026-09-15T08:12:19.606842+00:00,BT200001,03,4,20260915171205,20260915171203,20260915171205,,BT
2026-09-15T08:12:19.606842+00:00,BT200001,06,4,20260915171209,20260915171203,20260915171209,,BT
2026-09-15T08:12:19.606842+00:00,BT200001,07,3,20260915171203,20260915171203,20260915171203,20260915171203,BT
2026-09-15T08:12:19.606842+00:00,BT200001,13,3,20260915171203,20260915171203,20260915171203,20260915171203,BT
2026-09-15T08:12:19.606842+00:00,BT200001,14,3,20260915171203,20260915171203,20260915171203,20260915171203,BT
2026-09-15T08:12:19.606842+00:00,CO000019,16,3,20260915171200,20260915171200,20260911085802,20260915171200,CO
2026-09-15T08:12:19.606842+00:00,CR000244,02,3,20260915170405,20260915170405,20260915170335,20260915170405,CR
2026-09-15T08:12:19.606842+00:00,CR000244,03,2,20260915170744,20260915160033,20260915170744,,CR
2026-09-15T08:12:19.606842+00:00,CR000244,04,3,20260915170413,20260915170413,20260915170324,20260915170413,CR
2026-09-15T08:12:19.606842+00:00,CR000260,01,2,20260915171111,20260915004024,20260915004356,,CR
2026-09-15T08:12:19.606842+00:00,CRCR0030,01,2,20260915170343,20260915164833,20260915170343,,CR
2026-09-15T08:12:19.606842+00:00,CRCR0030,02,2,20260915170914,20260915164852,20260915170914,,CR
2026-09-15T08:12:19.606842+00:00,CSSGI012,01,2,20260915170822,20260913233109,20260915170822,,CS
2026-09-15T08:12:19.606842+00:00,CV000289,02,2,20260915170517,20260915081345,20260915152634,,CV
2026-09-15T08:12:19.606842+00:00,CV000643,02,3,20260915171018,20260915170629,20260915170632,20260915171018,CV
2026-09-15T08:12:19.606842+00:00,CV000643,04,2,20260915170518,20260915160251,20260915170137,,CV
2026-09-15T08:12:19.606842+00:00,CV000781,02,2,20260915170518,20260915160322,20260915170323,,CV
2026-09-15T08:12:19.606842+00:00,CV000826,01,2,20260915170519,20260915164852,20260915170051,,CV
2026-09-15T08:12:19.606842+00:00,CV000826,04,2,20260915170552,20260915162936,20260915170048,,CV
2026-09-15T08:12:19.606842+00:00,CV000857,04,2,20260915170519,20260915113820,20260915122854,,CV
2026-09-15T08:12:19.606842+00:00,CV000857,05,3,20260915170519,20260915170130,20260915170132,20260915170519,CV
2026-09-15T08:12:19.606842+00:00,CV000883,02,3,20260915171019,20260915170701,20260915170703,20260915171019,CV
2026-09-15T08:12:19.606842+00:00,CV000963,01,3,20260915170520,20260915170053,20260915170059,20260915170520,CV
2026-09-15T08:12:19.606842+00:00,CV000993,02,2,20260915171020,20260915121949,20260915170820,,CV
2026-09-15T08:12:19.606842+00:00,CV001050,01,2,20260915171021,20260915171014,20260915171013,,CV
2026-09-15T08:12:19.606842+00:00,CV001061,01,2,20260915171021,20260915080157,20260915170722,,CV
2026-09-15T08:12:19.606842+00:00,CV001087,01,2,20260915171021,20260915161105,20260915170507,,CV
2026-09-15T08:12:19.606842+00:00,CV001098,02,3,20260915171021,20260915144233,20260915151542,20260915171021,CV
2026-09-15T08:12:19.606842+00:00,CV001112,07,2,20260915170527,20260915163922,20260915170336,,CV
2026-09-15T08:12:19.606842+00:00,CV001275,01,3,20260915171022,20260915171007,20260915171012,20260915171022,CV
2026-09-15T08:12:19.606842+00:00,CV001276,01,2,20260915170522,20260914212802,20260915065245,,CV
2026-09-15T08:12:19.606842+00:00,CV001282,04,2,20260915170523,20260915163214,20260915170106,,CV
2026-09-15T08:12:19.606842+00:00,CV001288,01,2,20260915170523,20260915163513,20260915170243,,CV
2026-09-15T08:12:19.606842+00:00,CV001364,01,2,20260915170524,20260915163343,20260915170342,,CV
2026-09-15T08:12:19.606842+00:00,CV001364,04,3,20260915171024,20260915170921,20260915170923,20260915170921,CV
2026-09-15T08:12:19.606842+00:00,CV001364,07,2,20260915170524,20260915162246,20260915170429,,CV
2026-09-15T08:12:19.606842+00:00,CV001442,04,2,20260915170523,20260915161428,20260915170144,,CV
2026-09-15T08:12:19.606842+00:00,CV001539,04,3,20260915171052,20260915170757,20260915170806,20260915170757,CV
2026-09-15T08:12:19.606842+00:00,CV001550,01,3,20260915170525,20260915170424,20260915170428,20260915170424,CV
2026-09-15T08:12:19.606842+00:00,CV001550,02,2,20260915170525,20260915163158,20260915170059,,CV
2026-09-15T08:12:19.606842+00:00,CV001588,04,2,20260915171049,20260915164319,20260915171015,,CV
2026-09-15T08:12:19.606842+00:00,CV001588,06,2,20260915171027,20260915163509,20260915170636,,CV
2026-09-15T08:12:19.606842+00:00,CV001677,02,2,20260915171027,20260915163900,20260915170909,,CV
2026-09-15T08:12:19.606842+00:00,CV001789,03,1,20260915171026,20260914215529,20260915002036,,CV
2026-09-15T08:12:19.606842+00:00,CV001968,01,3,20260915170526,20260915170233,20260915170235,20260915170526,CV
2026-09-15T08:12:19.606842+00:00,CV002010,01,3,20260915171032,20260915170923,20260915170934,20260915171032,CV
2026-09-15T08:12:19.606842+00:00,CV002027,02,1,20260915171032,20260909225007,20260910035749,,CV
2026-09-15T08:12:19.606842+00:00,CV002038,01,3,20260915171032,20260915170927,20260915170937,20260915171032,CV
2026-09-15T08:12:19.606842+00:00,CV002039,01,3,20260915170532,20260915170438,20260915170439,20260915170532,CV
2026-09-15T08:12:19.606842+00:00,CV002593,02,3,20260915171032,20260915170625,20260915170717,20260915170625,CV
2026-09-15T08:12:19.606842+00:00,CV002673,21,1,20260915171051,20260915071735,20260915071744,,CV
2026-09-15T08:12:19.606842+00:00,CV002900,02,2,20260915171039,20260915161647,20260915171001,,CV
2026-09-15T08:12:19.606842+00:00,CV003202,02,3,20260915170542,20260915170023,20260915170031,20260915170542,CV
2026-09-15T08:12:19.606842+00:00,CV003291,01,2,20260915171042,20260915160526,20260915170526,,CV
2026-09-15T08:12:19.606842+00:00,CV003877,03,2,20260915171049,20260915075147,20260915170747,,CV
2026-09-15T08:12:19.606842+00:00,CV004073,01,2,20260915171048,20260915162746,20260915170608,,CV
2026-09-15T08:12:19.606842+00:00,CV004073,03,3,20260915171048,20260915170631,20260915170629,20260915170631,CV
2026-09-15T08:12:19.606842+00:00,CV004073,04,2,20260915170547,20260915162431,20260915170324,,CV
2026-09-15T08:12:19.606842+00:00,CV004159,03,3,20260915171050,20260915170843,20260915170843,20260915170843,CV
2026-09-15T08:12:19.606842+00:00,CV004297,01,2,20260915170548,20260915140318,20260915142051,,CV
2026-09-15T08:12:19.606842+00:00,CV004297,02,2,20260915170548,20260915124046,20260915131601,,CV
2026-09-15T08:12:19.606842+00:00,CV004618,04,3,20260915171053,20260915170548,20260915170551,20260915170548,CV
2026-09-15T08:12:19.606842+00:00,DO000009,01,2,20260915170516,20260915165506,20260915170516,,DO
2026-09-15T08:12:19.606842+00:00,DO000015,01,2,20260915171116,20260915162326,20260915171116,,DO
2026-09-15T08:12:19.606842+00:00,DO000017,01,2,20260915170747,20260915152800,20260915170747,,DO
2026-09-15T08:12:19.606842+00:00,DO000048,04,3,20260915170412,20260915170412,20260915121955,20260915170412,DO
2026-09-15T08:12:19.606842+00:00,DO000058,01,3,20260915170844,20260915170844,20260915084647,20260915170844,DO
2026-09-15T08:12:19.606842+00:00,DO000061,01,3,20260915171023,20260915171023,20260915132603,20260915171023,DO
2026-09-15T08:12:19.606842+00:00,DYME2062,21,3,20260915170302,20260915170302,20260915104302,20260915170302,DY
2026-09-15T08:12:19.606842+00:00,EC000584,01,2,20260915170601,20260618153423,20260618171459,,EC
2026-09-15T08:12:19.606842+00:00,EC001006,01,3,20260915170401,20260915170341,20260806182245,20260915170341,EC
2026-09-15T08:12:19.606842+00:00,EC001041,02,3,20260915170401,20260915170413,20260914173004,20260914154314,EC
2026-09-15T08:12:19.606842+00:00,EC001046,02,3,20260915170801,20260915170817,20260914205641,20260914162500,EC
2026-09-15T08:12:19.606842+00:00,EC004070,02,2,20260915171202,20260915100145,20260915145110,,EC
2026-09-15T08:12:19.606842+00:00,EC004865,03,2,20260915171202,20260914194708,20260915001942,,EC
2026-09-15T08:12:19.606842+00:00,EC004867,01,3,20260915171202,20260915171126,20260915155337,20260915171126,EC
2026-09-15T08:12:19.606842+00:00,EC110080,03,3,20260915171002,20260915170840,20260914202436,20260915170840,EC
2026-09-15T08:12:19.606842+00:00,EO000121,04,2,20260915171139,20260915125939,20260915130014,,EO
2026-09-15T08:12:19.606842+00:00,EP210167,02,5,20260915170301,20260915020943,20260915030921,,EP
2026-09-15T08:12:19.606842+00:00,EP210224,11,3,20260915170359,20260915170359,20260910080947,20260915165358,EP
2026-09-15T08:12:19.606842+00:00,EP210350,02,3,20260915170233,20260915100913,20260915120951,20260915170233,EP
2026-09-15T08:12:19.606842+00:00,ER000565,03,2,20260915171141,20260915131434,20260915171141,,ER
2026-09-15T08:12:19.606842+00:00,EV000080,08,3,20260915170859,20260915021951,20260915065053,20260915155320,EV
2026-09-15T08:12:19.606842+00:00,EV001630,03,2,20260915170657,20260914072411,20260914115452,,EV
2026-09-15T08:12:19.606842+00:00,EV001631,01,3,20260915171100,20260914182231,20260914201956,20260915171002,EV
2026-09-15T08:12:19.606842+00:00,EV001658,01,3,20260915170700,20260914171019,20260914201811,20260915170532,EV
2026-09-15T08:12:19.606842+00:00,EV001740,02,2,20260915171131,20260915084329,20260915095841,,EV
2026-09-15T08:12:19.606842+00:00,EV002698,01,2,20260915170659,20260915130552,20260915170400,,EV
2026-09-15T08:12:19.606842+00:00,EV002777,02,2,20260915170429,20260915084410,20260915170145,,EV
2026-09-15T08:12:19.606842+00:00,EV002851,01,3,20260915170430,20260915131257,20260915145202,20260915170231,EV
2026-09-15T08:12:19.606842+00:00,EV003251,02,3,20260915171103,20260914170737,20260914202103,20260915170859,EV
2026-09-15T08:12:19.606842+00:00,EV003441,01,2,20260915171130,20260915150002,20260915160754,,EV
2026-09-15T08:12:19.606842+00:00,EV003441,02,2,20260915171130,20260915151701,20260915161045,,EV
2026-09-15T08:12:19.606842+00:00,EV003444,03,3,20260915171100,20260915161524,20260915165608,20260915170310,EV
2026-09-15T08:12:19.606842+00:00,EV003473,03,3,20260915170659,20260915122328,20260915141028,20260915170453,EV
2026-09-15T08:12:19.606842+00:00,EV003473,08,2,20260915170457,20260915151431,20260915170238,,EV
2026-09-15T08:12:19.606842+00:00,EV003513,03,2,20260915170455,20260915130726,20260915144347,,EV
2026-09-15T08:12:19.606842+00:00,EV003584,01,3,20260915170259,20260914173924,20260914190549,20260915170229,EV
2026-09-15T08:12:19.606842+00:00,EV003821,01,2,20260915170859,20260914211514,20260915025615,,EV
2026-09-15T08:12:19.606842+00:00,EV003846,02,3,20260915170257,20260914155258,20260914215720,20260915170257,EV
2026-09-15T08:12:19.606842+00:00,EV003854,04,3,20260915170258,20260913124453,20260913172449,20260915170102,EV
2026-09-15T08:12:19.606842+00:00,EV003900,12,3,20260915170456,20260913222846,20260914045627,20260915170408,EV
2026-09-15T08:12:19.606842+00:00,EV003905,02,3,20260915170257,20260914140148,20260914151552,20260915170210,EV
2026-09-15T08:12:19.606842+00:00,EV005021,01,3,20260915170903,20260915160309,20260915164430,20260915172509,EV
2026-09-15T08:12:19.606842+00:00,EV005111,01,3,20260915170426,20260913165650,20260913190855,20260915170247,EV
2026-09-15T08:12:19.606842+00:00,EV005396,02,2,20260915170255,20260915105716,20260915170044,,EV
2026-09-15T08:12:19.606842+00:00,EV005576,01,2,20260915171101,20260915161011,20260915170931,,EV
2026-09-15T08:12:19.606842+00:00,EV005594,03,2,20260915170427,20260914195901,20260915075057,,EV
2026-09-15T08:12:19.606842+00:00,EV005606,05,2,20260915170902,20260915141244,20260915170641,,EV
2026-09-15T08:12:19.606842+00:00,EV006067,10,3,20260915170459,20260915025802,20260915101036,20260915170459,EV
2026-09-15T08:12:19.606842+00:00,EV006209,01,3,20260915170258,20260914171223,20260914185249,20260915170141,EV
2026-09-15T08:12:19.606842+00:00,EV006280,03,3,20260915170859,20260915141253,20260915144809,20260915172633,EV
2026-09-15T08:12:19.606842+00:00,EV006371,01,3,20260915170256,20260913194221,20260914052324,20260915170256,EV
2026-09-15T08:12:19.606842+00:00,EV006612,01,3,20260915170255,20260915071157,20260915102928,20260915170106,EV
2026-09-15T08:12:19.606842+00:00,EV007442,01,2,20260915170257,20260915164017,20260915171301,,EV
2026-09-15T08:12:19.606842+00:00,EV008142,02,3,20260915171100,20260914194302,20260915005023,20260915171014,EV
2026-09-15T08:12:19.606842+00:00,EV008355,01,3,20260915170900,20260914183023,20260914221514,20260915170900,EV
2026-09-15T08:12:19.606842+00:00,EV008453,04,3,20260915171103,20260915074711,20260915085516,20260915170856,EV
2026-09-15T08:12:19.606842+00:00,EV008741,02,3,20260915170428,20260915052345,20260915065834,20260915170322,EV
2026-09-15T08:12:19.606842+00:00,EV008756,01,3,20260915170259,20260915124023,20260915160557,20260915170116,EV
2026-09-15T08:12:19.606842+00:00,EV008808,01,2,20260915170658,20260915112228,20260915170600,,EV
2026-09-15T08:12:19.606842+00:00,EV008812,03,3,20260915170256,20260914170328,20260915064741,20260915170114,EV
2026-09-15T08:12:19.606842+00:00,EV008957,01,2,20260915170658,20260915100856,20260915113141,,EV
2026-09-15T08:12:19.606842+00:00,EV008979,02,3,20260915170901,20260915163240,20260915164614,20260915170504,EV
2026-09-15T08:12:19.606842+00:00,EV009004,03,2,20260915170859,20260915085421,20260915170410,,EV
2026-09-15T08:12:19.606842+00:00,EV009026,01,2,20260915170701,20260915083517,20260915170223,,EV
2026-09-15T08:12:19.606842+00:00,EV009027,03,3,20260915171104,20260913185505,20260913210902,20260915170910,EV
2026-09-15T08:12:19.606842+00:00,EV010080,02,3,20260915170900,20260915062946,20260915072246,20260915170735,EV
2026-09-15T08:12:19.606842+00:00,EV010583,01,2,20260915170902,20260912185503,20260912205016,,EV
2026-09-15T08:12:19.606842+00:00,EV010971,01,9,20260915171132,20260914194950,20260915013236,,EV
2026-09-15T08:12:19.606842+00:00,EV011071,02,3,20260915170657,20260915163159,20260915163423,20260915170632,EV
2026-09-15T08:12:19.606842+00:00,EV011073,01,3,20260915170858,20260912233637,20260913021123,20260915170820,EV
2026-09-15T08:12:19.606842+00:00,EV011253,02,2,20260915170431,20260915154101,20260915170252,,EV
2026-09-15T08:12:19.606842+00:00,EV011435,09,3,20260915171103,20260913213442,20260914062903,20260915171031,EV
2026-09-15T08:12:19.606842+00:00,EV011608,03,2,20260915170458,20260915114412,20260915170351,,EV
2026-09-15T08:12:19.606842+00:00,EV011836,02,2,20260915170701,20260915141241,20260915170313,,EV
2026-09-15T08:12:19.606842+00:00,EV012323,02,2,20260915170257,20260915160528,20260915170130,,EV
2026-09-15T08:12:19.606842+00:00,EV012384,01,3,20260915170257,20260914190116,20260914202226,20260915170155,EV
2026-09-15T08:12:19.606842+00:00,EV012393,01,3,20260915170901,20260915092042,20260915100254,20260915170901,EV
2026-09-15T08:12:19.606842+00:00,EV012393,05,3,20260915170458,20260915122855,20260915162052,20260915170458,EV
2026-09-15T08:12:19.606842+00:00,EV012566,03,2,20260915170257,20260915144352,20260915164107,,EV
2026-09-15T08:12:19.606842+00:00,EV012789,01,3,20260915170459,20260913133020,20260913211039,20260915170459,EV
2026-09-15T08:12:19.606842+00:00,EV012795,03,3,20260915170902,20260914215216,20260915031324,20260915170724,EV
2026-09-15T08:12:19.606842+00:00,EV013174,09,3,20260915170902,20260915084029,20260915131919,20260915170744,EV
2026-09-15T08:12:19.606842+00:00,EV013379,02,2,20260915170657,20260914121302,20260914203059,,EV
2026-09-15T08:12:19.606842+00:00,EV013539,01,2,20260915170701,20260915065253,20260915120323,,EV
2026-09-15T08:12:19.606842+00:00,EV013686,01,3,20260915170903,20260915072703,20260915145905,20260915170731,EV
2026-09-15T08:12:19.606842+00:00,EV013808,03,2,20260915170456,20260901182658,20260901231244,,EV
2026-09-15T08:12:19.606842+00:00,EV013811,01,3,20260915171104,20260915170945,20260915170948,20260915171104,EV
2026-09-15T08:12:19.606842+00:00,EV013823,01,3,20260915170901,20260915110544,20260915115032,20260915170808,EV
2026-09-15T08:12:19.606842+00:00,EV013891,03,3,20260915170902,20260914203755,20260914214308,20260915170709,EV
2026-09-15T08:12:19.606842+00:00,EV014030,01,3,20260915170458,20260914181300,20260915033425,20260915170341,EV
2026-09-15T08:12:19.606842+00:00,EV014121,01,3,20260915171104,20260914192332,20260915061556,20260915170310,EV
2026-09-15T08:12:19.606842+00:00,EV014122,03,3,20260915170429,20260915005936,20260915094550,20260915170329,EV
2026-09-15T08:12:19.606842+00:00,EV014498,01,2,20260915170658,20260911145146,20260911160216,,EV
2026-09-15T08:12:19.606842+00:00,EV014522,03,2,20260915170902,20260915143655,20260915165447,,EV
2026-09-15T08:12:19.606842+00:00,EV014654,06,3,20260915171104,20260914174232,20260914233634,20260915170909,EV
2026-09-15T08:12:19.606842+00:00,EV014674,02,3,20260915170427,20260915124848,20260915141311,20260915170427,EV
2026-09-15T08:12:19.606842+00:00,EV014688,02,3,20260915170431,20260915170344,20260915170353,20260915170431,EV
2026-09-15T08:12:19.606842+00:00,EV014733,04,3,20260915170859,20260914114514,20260914134533,20260915170714,EV
2026-09-15T08:12:19.606842+00:00,EV015051,01,2,20260915170257,20260910173714,20260911004208,,EV
2026-09-15T08:12:19.606842+00:00,EV015103,02,2,20260915170859,20260915074721,20260915111812,,EV
2026-09-15T08:12:19.606842+00:00,EV015104,02,2,20260915170859,20260915131001,20260915170744,,EV
2026-09-15T08:12:19.606842+00:00,EV015250,01,2,20260915170701,20260915152605,20260915170536,,EV
2026-09-15T08:12:19.606842+00:00,EV015431,03,2,20260915170901,20260915074955,20260915170700,,EV
2026-09-15T08:12:19.606842+00:00,EV015584,01,2,20260915170901,20260915141439,20260915164014,,EV
2026-09-15T08:12:19.606842+00:00,EV015766,01,2,20260915171101,20260915093937,20260915170935,,EV
2026-09-15T08:12:19.606842+00:00,EV015785,01,3,20260915170901,20260913201821,20260914053223,20260915170746,EV
2026-09-15T08:12:19.606842+00:00,EV015849,03,3,20260915170902,20260914190601,20260914212906,20260915170743,EV
2026-09-15T08:12:19.606842+00:00,EV016032,02,3,20260915170901,20260914180926,20260914200335,20260915170732,EV
2026-09-15T08:12:19.606842+00:00,EV016328,03,3,20260915170457,20260914200825,20260914211428,20260915170408,EV
2026-09-15T08:12:19.606842+00:00,EV016402,01,2,20260915170432,20260915091907,20260915170243,,EV
2026-09-15T08:12:19.606842+00:00,EV016470,03,2,20260915170256,20260915131232,20260915170152,,EV
2026-09-15T08:12:19.606842+00:00,EV016764,03,3,20260915171102,20260914175952,20260914222515,20260915171007,EV
2026-09-15T08:12:19.606842+00:00,EV017148,05,3,20260915170903,20260914165914,20260914185753,20260915170722,EV
2026-09-15T08:12:19.606842+00:00,EV017507,02,3,20260915171104,20260913104358,20260913190015,20260915171003,EV
2026-09-15T08:12:19.606842+00:00,EV017511,06,2,20260915171133,20260914225522,20260915040707,,EV
2026-09-15T08:12:19.606842+00:00,EV017695,03,2,20260915171103,20260915094015,20260915114057,,EV
2026-09-15T08:12:19.606842+00:00,EV017788,02,3,20260915170427,20260914193341,20260914230236,20260915170427,EV
2026-09-15T08:12:19.606842+00:00,EV017924,04,3,20260915170902,20260914214904,20260915015529,20260915170747,EV
2026-09-15T08:12:19.606842+00:00,EV017930,09,3,20260915171104,20260914173547,20260915030813,20260915170932,EV
2026-09-15T08:12:19.606842+00:00,EV018008,01,3,20260915170430,20260914175316,20260915032628,20260915170252,EV
2026-09-15T08:12:19.606842+00:00,EV018228,02,2,20260915170458,20260915074425,20260915103400,,EV
2026-09-15T08:12:19.606842+00:00,EV018548,01,3,20260915170258,20260915114223,20260915124012,20260915170047,EV
2026-09-15T08:12:19.606842+00:00,EV018618,04,3,20260915170457,20260913212105,20260914004001,20260915170457,EV
2026-09-15T08:12:19.606842+00:00,EV018644,06,3,20260915170255,20260913140431,20260913191230,20260915152456,EV
2026-09-15T08:12:19.606842+00:00,EV018672,02,3,20260915170455,20260914172724,20260914234050,20260915170455,EV
2026-09-15T08:12:19.606842+00:00,EV018786,06,2,20260915170701,20260915051509,20260915092055,,EV
2026-09-15T08:12:19.606842+00:00,EV018888,03,2,20260915170859,20260915130931,20260915131021,,EV
2026-09-15T08:12:19.606842+00:00,EV018894,02,3,20260915170456,20260914145005,20260914212211,20260915170456,EV
2026-09-15T08:12:19.606842+00:00,EV018906,03,2,20260915170456,20260915163204,20260915170331,,EV
2026-09-15T08:12:19.606842+00:00,EV018986,01,2,20260915170700,20260915072619,20260915122835,,EV
2026-09-15T08:12:19.606842+00:00,EV018986,09,2,20260915170458,20260915150333,20260915170348,,EV
2026-09-15T08:12:19.606842+00:00,EV019206,01,2,20260915170430,20260912140759,20260913015838,,EV
2026-09-15T08:12:19.606842+00:00,EV019206,02,2,20260915170430,20260914182213,20260915001829,,EV
2026-09-15T08:12:19.606842+00:00,EV019207,01,2,20260915170430,20260913182635,20260913232946,,EV
2026-09-15T08:12:19.606842+00:00,EV019207,02,2,20260915170430,20260906192526,20260907005607,,EV
2026-09-15T08:12:19.606842+00:00,EV019207,03,2,20260915170430,20260912104725,20260912171644,,EV
2026-09-15T08:12:19.606842+00:00,EV019213,01,3,20260915171100,20260914143200,20260914190442,20260915170925,EV
2026-09-15T08:12:19.606842+00:00,EV019472,03,3,20260915170455,20260914171500,20260914230411,20260915123150,EV
2026-09-15T08:12:19.606842+00:00,EV019678,02,3,20260915171103,20260914185702,20260914221708,20260915171023,EV
2026-09-15T08:12:19.606842+00:00,EV019684,03,3,20260915171103,20260915120743,20260915151008,20260915171016,EV
2026-09-15T08:12:19.606842+00:00,EV019690,01,3,20260915170458,20260914215051,20260915033607,20260915170458,EV
2026-09-15T08:12:19.606842+00:00,EV019724,03,3,20260915170659,20260914161216,20260914212217,20260915170659,EV
2026-09-15T08:12:19.606842+00:00,EV019966,01,3,20260915170701,20260914125214,20260914153549,20260915161203,EV
2026-09-15T08:12:19.606842+00:00,EV020191,03,3,20260915170256,20260915074510,20260915095041,20260915170218,EV
2026-09-15T08:12:19.606842+00:00,EV020192,02,9,20260915171130,20260914162027,20260914183740,,EV
2026-09-15T08:12:19.606842+00:00,EV020331,02,3,20260915170430,20260914192854,20260915041437,20260915170307,EV
2026-09-15T08:12:19.606842+00:00,EV020440,01,3,20260915170257,20260915085443,20260915122448,20260915170127,EV
2026-09-15T08:12:19.606842+00:00,EV021581,02,2,20260915170455,20260915082047,20260915140246,,EV
2026-09-15T08:12:19.606842+00:00,GS000009,03,2,20260915170412,20260915164907,20260915170412,,GS
2026-09-15T08:12:19.606842+00:00,GS000022,02,2,20260915171013,20260915164607,20260915171013,,GS
2026-09-15T08:12:19.606842+00:00,GS000506,02,2,20260915171013,20260915163704,20260915171013,,GS
2026-09-15T08:12:19.606842+00:00,HD000017,01,2,20260915171000,20260914204156,20260914212229,,HD
2026-09-15T08:12:19.606842+00:00,HD000017,02,2,20260915171000,20260915120105,20260915122127,,HD
2026-09-15T08:12:19.606842+00:00,HD000017,03,2,20260915171000,20260915132314,20260915142443,,HD
2026-09-15T08:12:19.606842+00:00,HD000023,03,2,20260915171001,20260915153646,20260915155638,,HD
2026-09-15T08:12:19.606842+00:00,HD000023,04,2,20260915171001,20260910071838,20260910071918,,HD
2026-09-15T08:12:19.606842+00:00,HD000023,05,2,20260915171001,20260915160543,20260915162502,,HD
2026-09-15T08:12:19.606842+00:00,HD000023,06,2,20260915171001,20260915135747,20260914172711,,HD
2026-09-15T08:12:19.606842+00:00,HD000039,01,2,20260915171001,20260915162737,20260915164743,,HD
2026-09-15T08:12:19.606842+00:00,HD000039,02,2,20260915171001,20260915074103,20260915080959,,HD
2026-09-15T08:12:19.606842+00:00,HD000039,03,2,20260915171001,20260915153045,20260915154005,,HD
2026-09-15T08:12:19.606842+00:00,HD000039,04,2,20260915171001,20260915163114,20260915170511,,HD
2026-09-15T08:12:19.606842+00:00,HD000040,01,2,20260915171001,20260914184828,20260914190147,,HD
2026-09-15T08:12:19.606842+00:00,HD000040,02,2,20260915171001,20260913161355,20260913163501,,HD
2026-09-15T08:12:19.606842+00:00,HD000040,03,2,20260915171001,20260915131148,20260915132523,,HD
2026-09-15T08:12:19.606842+00:00,HD000040,04,2,20260915171001,20260915111334,20260915114259,,HD
2026-09-15T08:12:19.606842+00:00,HD000091,01,2,20260915170901,20260915164835,20260915170818,,HD
2026-09-15T08:12:19.606842+00:00,HE000543,04,2,20260915170400,20260915102200,20260915170400,,HE
2026-09-15T08:12:19.606842+00:00,HE000738,01,3,20260915171000,20260915171000,20260915162200,20260915171000,HE
2026-09-15T08:12:19.606842+00:00,HE000762,01,3,20260915170400,20260915170400,20260915104300,20260915170400,HE
2026-09-15T08:12:19.606842+00:00,HE001047,10,2,20260915171200,20260915153700,20260915171200,,HE
2026-09-15T08:12:19.606842+00:00,HE001105,02,2,20260915170900,20260915162700,20260915170900,,HE
2026-09-15T08:12:19.606842+00:00,HE191963,03,2,20260915170300,20260915151600,20260915151700,,HE
2026-09-15T08:12:19.606842+00:00,HE192472,06,2,20260915170400,20260915135000,20260915170400,,HE
2026-09-15T08:12:19.606842+00:00,HE202625,01,3,20260915170501,20260915170501,20260915022400,20260915170501,HE
2026-09-15T08:12:19.606842+00:00,HE212809,03,2,20260915171000,20260915130700,20260915171000,,HE
2026-09-15T08:12:19.606842+00:00,HE240198,01,2,20260915171100,20260915072500,20260915171100,,HE
2026-09-15T08:12:19.606842+00:00,HE240214,02,2,20260915171000,20260915161100,20260915171000,,HE
2026-09-15T08:12:19.606842+00:00,HE240444,04,3,20260915170600,20260915170600,20260915030927,20260915170600,HE
2026-09-15T08:12:19.606842+00:00,HJ000005,05,2,20260915171200,20260915165321,20260915171012,,HJ
2026-09-15T08:12:19.606842+00:00,HJ000005,22,2,20260915171000,20260915165457,20260915170900,,HJ
2026-09-15T08:12:19.606842+00:00,HM000065,03,2,20260915170801,20260915165509,20260915170636,,HM
2026-09-15T08:12:19.606842+00:00,HM000330,06,2,20260915170404,20260915114741,20260915170301,,HM
2026-09-15T08:12:19.606842+00:00,HM001233,03,3,20260915171017,20260915063937,20260915092533,20260915170832,HM
2026-09-15T08:12:19.606842+00:00,HM001237,12,2,20260915171017,20260915160609,20260915170953,,HM
2026-09-15T08:12:19.606842+00:00,HM110116,17,2,20260915170822,20260915090618,20260915160325,,HM
2026-09-15T08:12:19.606842+00:00,HM110116,25,2,20260915171023,20260915104913,20260915170803,,HM
2026-09-15T08:12:19.606842+00:00,HM110144,06,3,20260915170419,20260915121506,20260915142502,20260915170344,HM
2026-09-15T08:12:19.606842+00:00,HM110198,09,2,20260915170823,20260915124755,20260915154431,,HM
2026-09-15T08:12:19.606842+00:00,HM110219,04,2,20260915170420,20260915072225,20260915104328,,HM
2026-09-15T08:12:19.606842+00:00,HM110249,05,2,20260915171024,20260915122722,20260915164518,,HM
2026-09-15T08:12:19.606842+00:00,HM110249,09,3,20260915170623,20260915141032,20260915153542,20260915170521,HM
2026-09-15T08:12:19.606842+00:00,HM110323,14,2,20260915170422,20260915120415,20260915170206,,HM
2026-09-15T08:12:19.606842+00:00,HM110346,03,2,20260915170229,20260915115231,20260915170145,,HM
2026-09-15T08:12:19.606842+00:00,HM110348,02,2,20260915170422,20260915165453,20260915170331,,HM
2026-09-15T08:12:19.606842+00:00,HM110360,01,2,20260915171026,20260915124441,20260915170818,,HM
2026-09-15T08:12:19.606842+00:00,HM110368,03,3,20260915170229,20260914204348,20260915061429,20260915170157,HM
2026-09-15T08:12:19.606842+00:00,HP250010,01,3,20260915171154,20260915171154,20260915165004,20260915171154,HP
2026-09-15T08:12:19.606842+00:00,HP250010,07,3,20260915170300,20260915170300,20260915164911,20260915170300,HP
2026-09-15T08:12:19.606842+00:00,HP260001,01,2,20260915170430,20260915155630,20260915170430,,HP
2026-09-15T08:12:19.606842+00:00,HU200021,04,2,20260915171031,20260915151724,20260915170602,,HU
2026-09-15T08:12:19.606842+00:00,HY000003,03,5,20260915171201,20260709154228,20260820145526,,HY
2026-09-15T08:12:19.606842+00:00,HY000003,04,5,20260915171201,20260914015300,20260914015300,,HY
2026-09-15T08:12:19.606842+00:00,HY000019,02,2,20260915171201,20260915150844,20260915160755,,HY
2026-09-15T08:12:19.606842+00:00,HY000019,03,2,20260915171201,20260915125605,20260915160338,,HY
2026-09-15T08:12:19.606842+00:00,HY000019,05,3,20260915171201,20260915151324,20260915065132,20260915151324,HY
2026-09-15T08:12:19.606842+00:00,HY000019,06,2,20260915170501,20260915141741,20260915170426,,HY
2026-09-15T08:12:19.606842+00:00,HY000019,08,3,20260915171201,20260915160633,20260914154013,20260915160633,HY
2026-09-15T08:12:19.606842+00:00,HY000019,09,2,20260915171201,20260914162623,20260915140007,,HY
2026-09-15T08:12:19.606842+00:00,HY000019,11,2,20260915171201,20260914162720,20260915091136,,HY
2026-09-15T08:12:19.606842+00:00,HY000530,20,2,20260915171205,20260915131305,20260915171154,,HY
2026-09-15T08:12:19.606842+00:00,HY000538,02,2,20260915170504,20260915170402,20260915170402,,HY
2026-09-15T08:12:19.606842+00:00,HY000606,02,2,20260915170608,20260915170553,20260915170553,,HY
2026-09-15T08:12:19.606842+00:00,HY000606,11,2,20260915170906,20260915070019,20260915170848,,HY
2026-09-15T08:12:19.606842+00:00,HY000711,02,3,20260915171103,20260915171050,20260915164917,20260915171050,HY
2026-09-15T08:12:19.606842+00:00,HY000826,05,3,20260915170805,20260915170739,20260915170553,20260915170739,HY
2026-09-15T08:12:19.606842+00:00,HY000828,04,3,20260915170505,20260915170411,20260915120023,20260915170411,HY
2026-09-15T08:12:19.606842+00:00,HY000893,12,3,20260915170705,20260915170614,20260915132843,20260915170614,HY
2026-09-15T08:12:19.606842+00:00,HY000893,14,3,20260915170705,20260915170600,20260915105625,20260915170600,HY
2026-09-15T08:12:19.606842+00:00,HY000893,35,3,20260915170906,20260915170854,20260914192843,20260915170854,HY
2026-09-15T08:12:19.606842+00:00,HY000899,08,2,20260915170705,20260915152022,20260915170610,,HY
2026-09-15T08:12:19.606842+00:00,HY000916,15,2,20260915170806,20260915101833,20260915170745,,HY
2026-09-15T08:12:19.606842+00:00,HY001540,26,3,20260915171205,20260915171059,20260915131735,20260915171059,HY
2026-09-15T08:12:19.606842+00:00,HY001608,09,3,20260915170809,20260915170744,20260915084400,20260915170744,HY
2026-09-15T08:12:19.606842+00:00,HY001613,05,2,20260915170707,20260915163439,20260915170605,,HY
2026-09-15T08:12:19.606842+00:00,HY001613,08,3,20260915170306,20260915170158,20260915123629,20260915170158,HY
2026-09-15T08:12:19.606842+00:00,HY001792,03,2,20260915170508,20260915080046,20260915170448,,HY
2026-09-15T08:12:19.606842+00:00,IM000317,04,1,20260915170334,20260911195959,20260912020252,,IM
2026-09-15T08:12:19.606842+00:00,JA110022,04,2,20260915170701,20260915162002,20260915170701,,JA
2026-09-15T08:12:19.606842+00:00,JA110026,03,3,20260915171001,20260915171001,20260915125600,20260915171001,JA
2026-09-15T08:12:19.606842+00:00,JA110028,10,3,20260915170702,20260915170702,20260915143005,20260915170702,JA
2026-09-15T08:12:19.606842+00:00,JA110031,01,3,20260915170702,20260915170702,20260913201003,20260915170702,JA
2026-09-15T08:12:19.606842+00:00,JA110037,04,3,20260915170703,20260915170703,20260915141007,20260915170703,JA
2026-09-15T08:12:19.606842+00:00,JA110040,12,3,20260915170704,20260915170704,20260915140014,20260915170704,JA
2026-09-15T08:12:19.606842+00:00,JA110073,06,2,20260915170707,20260915072805,20260915170707,,JA
2026-09-15T08:12:19.606842+00:00,JA110075,01,3,20260915170707,20260915170707,20260914202807,20260915170707,JA
2026-09-15T08:12:19.606842+00:00,JA110075,10,2,20260915170707,20260915081407,20260915170707,,JA
2026-09-15T08:12:19.606842+00:00,JA110101,06,2,20260915170708,20260915142008,20260915170708,,JA
2026-09-15T08:12:19.606842+00:00,JA110150,01,2,20260915170713,20260915160714,20260915170713,,JA
2026-09-15T08:12:19.606842+00:00,JA110176,06,3,20260915171019,20260915171019,20260912100015,20260915171019,JA
2026-09-15T08:12:19.606842+00:00,JA110182,08,2,20260915170718,20260915074917,20260915170718,,JA
2026-09-15T08:12:19.606842+00:00,JA110197,07,2,20260915170719,20260915164023,20260915170719,,JA
2026-09-15T08:12:19.606842+00:00,JA110197,08,3,20260915170719,20260915170719,20260915155618,20260915170719,JA
2026-09-15T08:12:19.606842+00:00,JA110200,05,2,20260915170719,20260915152020,20260915170719,,JA
2026-09-15T08:12:19.606842+00:00,JA110200,06,2,20260915170719,20260915161419,20260915170719,,JA
2026-09-15T08:12:19.606842+00:00,JA110200,09,2,20260915170719,20260915162021,20260915170719,,JA
2026-09-15T08:12:19.606842+00:00,JA110200,10,2,20260915170719,20260915162021,20260915170719,,JA
2026-09-15T08:12:19.606842+00:00,JA110203,28,2,20260915170719,20260915164218,20260915170719,,JA
2026-09-15T08:12:19.606842+00:00,JA110210,05,3,20260915170719,20260915170719,20260915142022,20260915170719,JA
2026-09-15T08:12:19.606842+00:00,JA110210,06,3,20260915170719,20260915170719,20260915164218,20260915170719,JA
2026-09-15T08:12:19.606842+00:00,JA110210,09,3,20260915170719,20260915170719,20260915164023,20260915170719,JA
2026-09-15T08:12:19.606842+00:00,JA110210,13,3,20260915170719,20260915170719,20260915164023,20260915170719,JA
2026-09-15T08:12:19.606842+00:00,JA110210,14,3,20260915170719,20260915170719,20260915164919,20260915170719,JA
2026-09-15T08:12:19.606842+00:00,JA110210,15,3,20260915170719,20260915170719,20260915164218,20260915170719,JA
2026-09-15T08:12:19.606842+00:00,JA110210,16,3,20260915170719,20260915170719,20260915164218,20260915170719,JA
2026-09-15T08:12:19.606842+00:00,JA110210,18,2,20260915170719,20260915164023,20260915170719,,JA
2026-09-15T08:12:19.606842+00:00,JA110210,19,3,20260915170719,20260915170719,20260915164023,20260915170719,JA
2026-09-15T08:12:19.606842+00:00,JA110210,20,2,20260915170719,20260915153522,20260915170719,,JA
2026-09-15T08:12:19.606842+00:00,KE000040,01,3,20260915170459,20260915170415,20260913194040,20260915170415,KE
2026-09-15T08:12:19.606842+00:00,KE000096,01,3,20260915170559,20260915170516,20260914223410,20260915170516,KE
2026-09-15T08:12:19.606842+00:00,KE000671,01,3,20260915170459,20260915170408,20260911131118,20260915170408,KE
2026-09-15T08:12:19.606842+00:00,KE000674,02,3,20260915171159,20260915171104,20260915021115,20260915171104,KE
2026-09-15T08:12:19.606842+00:00,KE000676,01,2,20260915170300,20260915141134,20260915170159,,KE
2026-09-15T08:12:19.606842+00:00,KE000869,03,3,20260915171200,20260915171144,20260915101357,20260915171144,KE
2026-09-15T08:12:19.606842+00:00,KE000900,01,3,20260915170500,20260915170426,20260915104203,20260915170426,KE
2026-09-15T08:12:19.606842+00:00,KE000919,04,2,20260915170559,20260915123739,20260915170547,,KE
2026-09-15T08:12:19.606842+00:00,KE001174,01,9,20260915170810,20260915125932,20260915131209,,KE
2026-09-15T08:12:19.606842+00:00,KE001174,03,2,20260915170801,20260915143548,20260915162325,,KE
2026-09-15T08:12:19.606842+00:00,KE001199,05,3,20260915170301,20260915170207,20260915143209,20260915170207,KE
2026-09-15T08:12:19.606842+00:00,KE001237,03,3,20260915170559,20260915170558,20260915151826,20260915170558,KE
2026-09-15T08:12:19.606842+00:00,KL001242,04,3,20260915171202,20260915171202,20260915171049,20260915171049,KL
2026-09-15T08:12:19.606842+00:00,KL001290,05,2,20260915170701,20260915163125,20260915170634,,KL
2026-09-15T08:12:19.606842+00:00,KL001646,02,2,20260915171101,20260915151543,20260915170501,,KL
2026-09-15T08:12:19.606842+00:00,KL001646,04,2,20260915170901,20260915105832,20260915164932,,KL
2026-09-15T08:12:19.606842+00:00,KL001646,08,2,20260915171102,20260915090041,20260915170552,,KL
2026-09-15T08:12:19.606842+00:00,KL001948,01,3,20260915170402,20260915170402,20260914001651,20260915164847,KL
2026-09-15T08:12:19.606842+00:00,KP000224,02,2,20260915171022,20260915154757,20260915170436,,KP
2026-09-15T08:12:19.606842+00:00,KP000226,01,3,20260915171027,20260915131530,20260915142530,20260915170247,KP
2026-09-15T08:12:19.606842+00:00,KP000296,03,2,20260915171015,20260907134501,20260907160041,,KP
2026-09-15T08:12:19.606842+00:00,KP000689,02,3,20260915171006,20260914223600,20260915003144,20260915165609,KP
2026-09-15T08:12:19.606842+00:00,KP000828,01,2,20260915171007,20260915144227,20260915163329,,KP
2026-09-15T08:12:19.606842+00:00,KP000945,02,2,20260915171017,20260915141016,20260915170022,,KP
2026-09-15T08:12:19.606842+00:00,KP001285,01,3,20260915171008,20260914173219,20260914205608,20260915165511,KP
2026-09-15T08:12:19.606842+00:00,KP001802,03,3,20260915171005,20260914220305,20260915041728,20260915165838,KP
2026-09-15T08:12:19.606842+00:00,KP001808,01,3,20260915171006,20260915061858,20260915095742,20260915170211,KP
2026-09-15T08:12:19.606842+00:00,KP002540,01,3,20260915171027,20260915170317,20260915170322,20260915170419,KP
2026-09-15T08:12:19.606842+00:00,KP003068,01,3,20260915171009,20260915075251,20260915093233,20260915170536,KP
2026-09-15T08:12:19.606842+00:00,KP003995,02,3,20260915171026,20260915130111,20260915134558,20260915170633,KP
2026-09-15T08:12:19.606842+00:00,KP004628,02,3,20260915171027,20260915155723,20260915164826,20260915170136,KP
2026-09-15T08:12:19.606842+00:00,KP005164,02,2,20260915171014,20260915163824,20260915170223,,KP
2026-09-15T08:12:19.606842+00:00,KP006823,02,2,20260915171018,20260915151338,20260915170225,,KP
2026-09-15T08:12:19.606842+00:00,KRC10141,02,2,20260915170618,20260915081057,20260915081057,,KR
2026-09-15T08:12:19.606842+00:00,LD110001,01,2,20260915171023,20260915155619,20260915171023,,LD
2026-09-15T08:12:19.606842+00:00,LI000358,01,2,20260915170726,20260915170233,20260915170726,,LI
2026-09-15T08:12:19.606842+00:00,LU000258,02,3,20260915170602,20260915170611,20260911195723,20260915170602,LU
2026-09-15T08:12:19.606842+00:00,LU000359,10,2,20260915170335,20260915074630,20260915153152,,LU
2026-09-15T08:12:19.606842+00:00,LU000369,02,2,20260915170612,20260915015414,20260915044945,,LU
2026-09-15T08:12:19.606842+00:00,LU000387,04,2,20260915170309,20260915075757,20260915084109,,LU
2026-09-15T08:12:19.606842+00:00,LU000456,01,3,20260915170446,20260915170452,20260914214101,20260914162216,LU
2026-09-15T08:12:19.606842+00:00,LU000942,03,3,20260915171152,20260915134248,20260915143237,20260915134248,LU
2026-09-15T08:12:19.606842+00:00,LU000997,02,3,20260915170730,20260915170741,20260915124347,20260915112750,LU
2026-09-15T08:12:19.606842+00:00,LU000997,03,3,20260915170424,20260915170441,20260913184756,20260913175656,LU
2026-09-15T08:12:19.606842+00:00,LU000997,13,3,20260915170649,20260915170648,20260915150020,20260915170648,LU
2026-09-15T08:12:19.606842+00:00,LU001004,01,3,20260915170630,20260915170646,20260912221311,20260912185824,LU
2026-09-15T08:12:19.606842+00:00,LU001012,20,3,20260915171132,20260915154129,20260915171130,20260915154129,LU
2026-09-15T08:12:19.606842+00:00,LU001058,01,2,20260915170346,20260915162940,20260915170344,,LU
2026-09-15T08:12:19.606842+00:00,LU001165,01,2,20260915170531,20260915081640,20260915142759,,LU
2026-09-15T08:12:19.606842+00:00,LU001174,02,2,20260915170953,20260915150217,20260915170953,,LU
2026-09-15T08:12:19.606842+00:00,LU001272,03,2,20260915170625,20260915080005,20260915170024,,LU
2026-09-15T08:12:19.606842+00:00,LU001275,04,2,20260915170235,20260915151915,20260915170234,,LU
2026-09-15T08:12:19.606842+00:00,LU001836,07,3,20260915170614,20260915170620,20260915170545,20260915165046,LU
2026-09-15T08:12:19.606842+00:00,LU001988,14,2,20260915170752,20260915080250,20260915085835,,LU
2026-09-15T08:12:19.606842+00:00,LU001988,15,2,20260915170551,20260915075243,20260915102422,,LU
2026-09-15T08:12:19.606842+00:00,LU001988,22,2,20260915170705,20260915085232,20260915104848,,LU
2026-09-15T08:12:19.606842+00:00,LU001991,03,2,20260915170324,20260915072420,20260915122246,,LU
2026-09-15T08:12:19.606842+00:00,LU002024,04,2,20260915170319,20260915083241,20260915125802,,LU
2026-09-15T08:12:19.606842+00:00,LU002166,10,2,20260915170618,20260915073256,20260915105306,,LU
2026-09-15T08:12:19.606842+00:00,LU002297,62,3,20260915170946,20260915090218,20260915170944,20260915090218,LU
2026-09-15T08:12:19.606842+00:00,LU002370,06,3,20260915170453,20260915170459,20260915003300,20260914192629,LU
2026-09-15T08:12:19.606842+00:00,LU002518,06,3,20260915171033,20260915171047,20260914105312,20260914090459,LU
2026-09-15T08:12:19.606842+00:00,LU002518,07,3,20260915170601,20260915105109,20260915170558,20260915105109,LU
2026-09-15T08:12:19.606842+00:00,LU002528,08,3,20260915170421,20260915170431,20260915012611,20260914231815,LU
2026-09-15T08:12:19.606842+00:00,LU002734,02,3,20260915170426,20260915170447,20260915014530,20260914165522,LU
2026-09-15T08:12:19.606842+00:00,LU002806,04,3,20260915170734,20260915170804,20260915033652,20260914183040,LU
2026-09-15T08:12:19.606842+00:00,LU003012,07,2,20260915170537,20260915041305,20260915163808,,LU
2026-09-15T08:12:19.606842+00:00,LU003328,11,3,20260915170915,20260914094125,20260914163941,20260914094125,LU
2026-09-15T08:12:19.606842+00:00,LU003328,17,3,20260915171202,20260914112507,20260914120742,20260914112507,LU
2026-09-15T08:12:19.606842+00:00,LU003755,11,2,20260915170826,20260915070755,20260915132134,,LU
2026-09-15T08:12:19.606842+00:00,LU003755,20,2,20260915171139,20260915125724,20260915141022,,LU
2026-09-15T08:12:19.606842+00:00,LU003807,07,3,20260915170329,20260915101514,20260915170328,20260915101514,LU
2026-09-15T08:12:19.606842+00:00,LU003817,02,2,20260915171113,20260915155936,20260915171100,,LU
2026-09-15T08:12:19.606842+00:00,LU003817,41,2,20260915171026,20260915151451,20260915170613,,LU
2026-09-15T08:12:19.606842+00:00,LU003842,12,3,20260915170222,20260915170230,20260915033225,20260914232412,LU
2026-09-15T08:12:19.606842+00:00,LU003852,06,2,20260915171139,20260915163850,20260915164049,,LU
2026-09-15T08:12:19.606842+00:00,LU003977,02,3,20260915171111,20260915153133,20260915171110,20260915153133,LU
2026-09-15T08:12:19.606842+00:00,LU004070,16,3,20260915170513,20260915170535,20260914192420,20260914180428,LU
2026-09-15T08:12:19.606842+00:00,LU004181,06,3,20260915170947,20260915154546,20260915170944,20260915154546,LU
2026-09-15T08:12:19.606842+00:00,LU004206,06,3,20260915170425,20260915170449,20260915170452,20260914203142,LU
2026-09-15T08:12:19.606842+00:00,LU100338,11,3,20260915171000,20260915171010,20260914133853,20260914115833,LU
2026-09-15T08:12:19.606842+00:00,LU100368,05,3,20260915170805,20260915170809,20260913210444,20260913155559,LU
2026-09-15T08:12:19.606842+00:00,LU100368,21,3,20260915170410,20260915154303,20260915170407,20260915154303,LU
2026-09-15T08:12:19.606842+00:00,LU100436,03,2,20260915170546,20260915161645,20260915170537,,LU
2026-09-15T08:12:19.606842+00:00,LU100474,08,2,20260915170913,20260914152226,20260914231306,,LU
2026-09-15T08:12:19.606842+00:00,LU100474,40,2,20260915170754,20260915135110,20260915170746,,LU
2026-09-15T08:12:19.606842+00:00,LU100687,04,3,20260915170948,20260915170958,20260914232804,20260914190700,LU
2026-09-15T08:12:19.606842+00:00,LU100772,04,3,20260915170452,20260915054743,20260915170450,20260915054743,LU
2026-09-15T08:12:19.606842+00:00,LU100827,05,2,20260915170727,20260915160040,20260915170714,,LU
2026-09-15T08:12:19.606842+00:00,LU100856,08,3,20260915170706,20260915075631,20260915170704,20260915075631,LU
2026-09-15T08:12:19.606842+00:00,LU100856,36,3,20260915170747,20260915170758,20260915132445,20260915111159,LU
2026-09-15T08:12:19.606842+00:00,LU100913,09,3,20260915171039,20260915143327,20260915171037,20260915143327,LU
2026-09-15T08:12:19.606842+00:00,LU100918,10,3,20260915170629,20260915170634,20260914194743,20260914183324,LU
2026-09-15T08:12:19.606842+00:00,LU100944,14,3,20260915170918,20260915152648,20260915170916,20260915152648,LU
2026-09-15T08:12:19.606842+00:00,LU101184,04,3,20260915170219,20260915170227,20260915045112,20260914214835,LU
2026-09-15T08:12:19.606842+00:00,LU101184,06,3,20260915171204,20260911221842,20260912034410,20260915171204,LU
2026-09-15T08:12:19.606842+00:00,LU101279,01,3,20260915170414,20260915170420,20260913220252,20260913220223,LU
2026-09-15T08:12:19.606842+00:00,LU101359,08,3,20260915171003,20260915155556,20260915171001,20260915155556,LU
2026-09-15T08:12:19.606842+00:00,LU101400,01,3,20260915170841,20260915170908,20260914211055,20260914180610,LU
2026-09-15T08:12:19.606842+00:00,LU101402,07,3,20260915171131,20260913212801,20260914043931,20260913212801,LU
2026-09-15T08:12:19.606842+00:00,LU101446,13,3,20260915170510,20260915160156,20260915170509,20260915160156,LU
2026-09-15T08:12:19.606842+00:00,LU101504,13,3,20260915170245,20260915170307,20260915105604,20260915073444,LU
2026-09-15T08:12:19.606842+00:00,LU101509,06,3,20260915170838,20260915170842,20260915120649,20260915101918,LU
2026-09-15T08:12:19.606842+00:00,LU101528,09,2,20260915170834,20260915162552,20260915170825,,LU
2026-09-15T08:12:19.606842+00:00,LU101528,14,3,20260915170918,20260915170927,20260915030101,20260914194502,LU
2026-09-15T08:12:19.606842+00:00,LU101573,18,3,20260915170356,20260915133125,20260915170353,20260915133125,LU
2026-09-15T08:12:19.606842+00:00,LU101573,23,3,20260915170220,20260915170234,20260914230144,20260914213444,LU
2026-09-15T08:12:19.606842+00:00,LU101573,36,2,20260915171159,20260915113401,20260915121547,,LU
2026-09-15T08:12:19.606842+00:00,LU101578,32,3,20260915170743,20260915170913,20260914233236,20260914162428,LU
2026-09-15T08:12:19.606842+00:00,LU101631,07,3,20260915171158,20260915102513,20260915110648,20260915102513,LU
2026-09-15T08:12:19.606842+00:00,LU101631,38,2,20260915170945,20260915150402,20260915170941,,LU
2026-09-15T08:12:19.606842+00:00,LU101683,65,3,20260915170945,20260914124213,20260914190817,20260914124213,LU
2026-09-15T08:12:19.606842+00:00,LU101686,24,3,20260915170923,20260915170940,20260914143106,20260914100328,LU
2026-09-15T08:12:19.606842+00:00,LU101706,09,3,20260915170833,20260915170856,20260914141005,20260914123620,LU
2026-09-15T08:12:19.606842+00:00,LU101766,30,3,20260915170401,20260915170414,20260915144113,20260915120026,LU
2026-09-15T08:12:19.606842+00:00,LU101768,09,3,20260915171205,20260915145007,20260915171204,20260915145007,LU
2026-09-15T08:12:19.606842+00:00,LU101827,03,3,20260915170831,20260915074507,20260915170831,20260915074507,LU
2026-09-15T08:12:19.606842+00:00,NS850091,05,3,20260915170610,20260910090906,20260910010934,20260915170610,NS
2026-09-15T08:12:19.606842+00:00,NS850118,02,2,20260915170952,20260915050958,20260915050931,,NS
2026-09-15T08:12:19.606842+00:00,NS850118,12,2,20260915170901,20260915050918,20260915050934,,NS
2026-09-15T08:12:19.606842+00:00,NT100032,18,3,20260915170250,20260915170250,20260915063950,20260915170250,NT
2026-09-15T08:12:19.606842+00:00,NT100059,14,2,20260915170550,20260915090850,20260915170550,,NT
2026-09-15T08:12:19.606842+00:00,NT100060,05,3,20260915170250,20260915170250,20260914152850,20260915170250,NT
2026-09-15T08:12:19.606842+00:00,NT100084,10,3,20260915171050,20260915171050,20260914122350,20260915171050,NT
2026-09-15T08:12:19.606842+00:00,NT100090,02,2,20260915171050,20260915161850,20260915171050,,NT
2026-09-15T08:12:19.606842+00:00,NT100133,03,2,20260915170850,20260913155750,20260915170850,,NT
2026-09-15T08:12:19.606842+00:00,NT100211,04,3,20260915170950,20260915170950,20260915091050,20260915170950,NT
2026-09-15T08:12:19.606842+00:00,NT100334,06,9,20260915170350,20260915142450,20260915170350,,NT
2026-09-15T08:12:19.606842+00:00,NT100373,06,2,20260915170650,20260915155650,20260915170650,,NT
2026-09-15T08:12:19.606842+00:00,NT100373,13,2,20260915171050,20260915101750,20260915171050,,NT
2026-09-15T08:12:19.606842+00:00,NT100373,37,2,20260915170250,20260915140650,20260915170250,,NT
2026-09-15T08:12:19.606842+00:00,NT100416,14,2,20260915170550,20260914222550,20260915170550,,NT
2026-09-15T08:12:19.606842+00:00,NT100477,35,3,20260915170350,20260915170350,20260915144250,20260915170350,NT
2026-09-15T08:12:19.606842+00:00,NT100477,39,3,20260915170250,20260915170250,20260914135050,20260915170250,NT
2026-09-15T08:12:19.606842+00:00,NT100524,16,3,20260915171150,20260915171150,20260915110750,20260915171150,NT
2026-09-15T08:12:19.606842+00:00,NT100593,09,3,20260915170850,20260915170850,20260915145550,20260915170850,NT
2026-09-15T08:12:19.606842+00:00,NT100844,03,2,20260915170850,20260915170750,20260915170850,,NT
2026-09-15T08:12:19.606842+00:00,NT100844,04,3,20260915171050,20260915171050,20260915083850,20260915171050,NT
2026-09-15T08:12:19.606842+00:00,NT100985,04,3,20260915170550,20260915170550,20260915141750,20260915170550,NT
2026-09-15T08:12:19.606842+00:00,NT101161,09,2,20260915170350,20260915120050,20260915170350,,NT
2026-09-15T08:12:19.606842+00:00,NT101161,16,2,20260915170750,20260915085350,20260915170750,,NT
2026-09-15T08:12:19.606842+00:00,NT101177,05,2,20260915170950,20260915122150,20260915170950,,NT
2026-09-15T08:12:19.606842+00:00,NT101376,26,3,20260915171050,20260915171050,20260915170950,20260915171050,NT
2026-09-15T08:12:19.606842+00:00,NT101376,35,2,20260915170750,20260915124650,20260915170750,,NT
2026-09-15T08:12:19.606842+00:00,NT101522,03,2,20260915170550,20260915144250,20260915170550,,NT
2026-09-15T08:12:19.606842+00:00,NT101694,05,2,20260915170350,20260915130350,20260915170350,,NT
2026-09-15T08:12:19.606842+00:00,NT101773,21,2,20260915170250,20260915070350,20260915170250,,NT
2026-09-15T08:12:19.606842+00:00,NT101773,27,2,20260915170650,20260915101450,20260915170650,,NT
2026-09-15T08:12:19.606842+00:00,NT101897,01,2,20260915170550,20260915170450,20260915170550,,NT
2026-09-15T08:12:19.606842+00:00,NT101897,02,2,20260915170950,20260915161850,20260915170950,,NT
2026-09-15T08:12:19.606842+00:00,NT101915,01,3,20260915170250,20260915170250,20260915165050,20260915170250,NT
2026-09-15T08:12:19.606842+00:00,NT101945,20,9,20260915171051,20260915170950,20260915171051,,NT
2026-09-15T08:12:19.606842+00:00,NT102133,08,3,20260915170450,20260915170450,20260914071550,20260915170450,NT
2026-09-15T08:12:19.606842+00:00,NT102153,54,3,20260915171051,20260915171051,20260915002250,20260915171051,NT
2026-09-15T08:12:19.606842+00:00,NT102171,13,3,20260915170550,20260915170550,20260915044650,20260915170550,NT
2026-09-15T08:12:19.606842+00:00,NT102257,04,9,20260915170550,20260915162650,20260915170550,,NT
2026-09-15T08:12:19.606842+00:00,NT102277,10,3,20260915170250,20260915170250,20260915105550,20260915170250,NT
2026-09-15T08:12:19.606842+00:00,NT102301,16,3,20260915170950,20260915170950,20260913155350,20260915170950,NT
2026-09-15T08:12:19.606842+00:00,NT102319,02,3,20260915170450,20260915170450,20260915103150,20260915170450,NT
2026-09-15T08:12:19.606842+00:00,NT102319,08,3,20260915171051,20260915171051,20260915064950,20260915171051,NT
2026-09-15T08:12:19.606842+00:00,NT102414,06,9,20260915170850,20260915170050,20260915170850,,NT
2026-09-15T08:12:19.606842+00:00,NT102430,13,3,20260915170450,20260915170450,20260915164850,20260915170450,NT
2026-09-15T08:12:19.606842+00:00,NT102502,08,2,20260915170750,20260915160550,20260915170750,,NT
2026-09-15T08:12:19.606842+00:00,NT102510,10,3,20260915171051,20260915171051,20260915101350,20260915171051,NT
2026-09-15T08:12:19.606842+00:00,NT102510,13,9,20260915170310,20260912002150,20260912000550,20260912002150,NT
2026-09-15T08:12:19.606842+00:00,NT102531,10,3,20260915171150,20260915171150,20260915073450,20260915171150,NT
2026-09-15T08:12:19.606842+00:00,NT102543,04,2,20260915170650,20260915170550,20260915170650,,NT
2026-09-15T08:12:19.606842+00:00,NT102547,04,3,20260915170350,20260915170350,20260915164850,20260915170350,NT
2026-09-15T08:12:19.606842+00:00,NT102765,32,3,20260915170750,20260915170750,20260915062650,20260915170750,NT
2026-09-15T08:12:19.606842+00:00,NT102766,09,2,20260915170450,20260915153150,20260915170450,,NT
2026-09-15T08:12:19.606842+00:00,NT102766,25,2,20260915170350,20260915104350,20260915170350,,NT
2026-09-15T08:12:19.606842+00:00,NT102791,07,2,20260915170550,20260915132651,20260915170550,,NT
2026-09-15T08:12:19.606842+00:00,NT102799,10,9,20260915170310,20260829205151,20260830105150,,NT
2026-09-15T08:12:19.606842+00:00,NT102799,11,9,20260915170310,20260915044850,20260915073350,,NT
2026-09-15T08:12:19.606842+00:00,NT102839,06,2,20260915170750,20260915071750,20260915170750,,NT
2026-09-15T08:12:19.606842+00:00,NT102874,10,3,20260915171150,20260915171150,20260915063350,20260915171150,NT
2026-09-15T08:12:19.606842+00:00,NT102874,12,2,20260915170750,20260915170450,20260915170750,,NT
2026-09-15T08:12:19.606842+00:00,NT102885,22,3,20260915170450,20260915170450,20260915063950,20260915170450,NT
2026-09-15T08:12:19.606842+00:00,NT102949,08,2,20260915171150,20260915134950,20260915171150,,NT
2026-09-15T08:12:19.606842+00:00,NT102949,31,2,20260915170550,20260915104250,20260915170550,,NT
2026-09-15T08:12:19.606842+00:00,NT200139,01,3,20260915170450,20260915170450,20260915042850,20260915170450,NT
2026-09-15T08:12:19.606842+00:00,NT200246,01,3,20260915170550,20260915170550,20260915041250,20260915170550,NT
2026-09-15T08:12:19.606842+00:00,NX000025,02,2,20260915171152,20260915171151,20260915171152,,NX
2026-09-15T08:12:19.606842+00:00,OS300138,03,2,20260915170804,20260913145204,20260914092107,,OS
2026-09-15T08:12:19.606842+00:00,OS300142,01,5,20260915170504,20260912081609,20260912115305,,OS
2026-09-15T08:12:19.606842+00:00,PC000075,09,3,20260915170637,20260915043112,20260915153454,20260915170637,PC
2026-09-15T08:12:19.606842+00:00,PC000150,01,2,20260915170229,20260915065837,20260915170132,,PC
2026-09-15T08:12:19.606842+00:00,PC000342,04,2,20260915171035,20260915164506,20260915171005,,PC
2026-09-15T08:12:19.606842+00:00,PC000366,02,2,20260915170446,20260915161430,20260915170444,,PC
2026-09-15T08:12:19.606842+00:00,PC000376,03,2,20260915171208,20260915135244,20260915171138,,PC
2026-09-15T08:12:19.606842+00:00,PC000448,02,3,20260915170730,20260914115515,20260914194958,20260915170730,PC
2026-09-15T08:12:19.606842+00:00,PC000474,02,2,20260915170537,20260915155834,20260915170431,,PC
2026-09-15T08:12:19.606842+00:00,PC000565,07,3,20260915170432,20260914082010,20260912033056,20260915170432,PC
2026-09-15T08:12:19.606842+00:00,PC000565,11,3,20260915171001,20260912132338,20260912211042,20260915171001,PC
2026-09-15T08:12:19.606842+00:00,PC000664,01,2,20260915171008,20260915082334,20260915170906,,PC
2026-09-15T08:12:19.606842+00:00,PC000672,31,3,20260915170719,20260914213700,20260915014426,20260915170719,PC
2026-09-15T08:12:19.606842+00:00,PC000705,52,2,20260915170704,20260915160424,20260914012221,,PC
2026-09-15T08:12:19.606842+00:00,PC000722,04,2,20260915170618,20260915153637,20260915170612,,PC
2026-09-15T08:12:19.606842+00:00,PC001108,12,3,20260915170600,20260913213003,20260914043610,20260915170600,PC
2026-09-15T08:12:19.606842+00:00,PC001108,15,3,20260915171157,20260915093142,20260915115027,20260915171157,PC
2026-09-15T08:12:19.606842+00:00,PC001220,02,2,20260915170523,20260915134936,20260915170422,,PC
2026-09-15T08:12:19.606842+00:00,PC001266,01,3,20260915170642,20260915170617,20260915170624,20260915170642,PC
2026-09-15T08:12:19.606842+00:00,PC001282,02,2,20260915170808,20260915010303,20260915113935,,PC
2026-09-15T08:12:19.606842+00:00,PC001501,14,2,20260915171119,20260915094051,20260915171041,,PC
2026-09-15T08:12:19.606842+00:00,PC001568,01,2,20260915170759,20260915140021,20260915170753,,PC
2026-09-15T08:12:19.606842+00:00,PC001761,01,3,20260915170818,20260914170410,20260914223959,20260915170818,PC
2026-09-15T08:12:19.606842+00:00,PC001781,18,2,20260915170745,20260915161923,20260915170736,,PC
2026-09-15T08:12:19.606842+00:00,PI000259,01,3,20260915171117,20260915170915,20260915163107,20260915171117,PI
2026-09-15T08:12:19.606842+00:00,PI000438,01,3,20260915170615,20260915170607,20260915163135,20260915170615,PI
2026-09-15T08:12:19.606842+00:00,PI000456,01,3,20260915170615,20260915170442,20260915164141,20260915170615,PI
2026-09-15T08:12:19.606842+00:00,PI000557,02,3,20260915170640,20260915170236,20260915161924,20260915170640,PI
2026-09-15T08:12:19.606842+00:00,PI000575,01,2,20260915171118,20260915102240,20260915171059,,PI
2026-09-15T08:12:19.606842+00:00,PI000684,01,3,20260915171118,20260915170929,20260915162417,20260915162616,PI
2026-09-15T08:12:19.606842+00:00,PI069464,12,2,20260915170608,20260915074223,20260915111738,,PI
2026-09-15T08:12:19.606842+00:00,PI121403,01,3,20260915171121,20260915171117,20260914174239,20260915171121,PI
2026-09-15T08:12:19.606842+00:00,PI121430,11,3,20260915170307,20260915170104,20260911142700,20260915170307,PI
2026-09-15T08:12:19.606842+00:00,PI122387,01,3,20260915171121,20260915170848,20260915040930,20260915171121,PI
2026-09-15T08:12:19.606842+00:00,PI122387,08,3,20260915170752,20260915170423,20260913144140,20260915170752,PI
2026-09-15T08:12:19.606842+00:00,PI200361,11,3,20260915170906,20260915170626,20260914233519,20260915170906,PI
2026-09-15T08:12:19.606842+00:00,PI200396,02,2,20260915170619,20260915155447,20260915170517,,PI
2026-09-15T08:12:19.606842+00:00,PI200411,04,2,20260915171125,20260915140553,20260915162142,,PI
2026-09-15T08:12:19.606842+00:00,PI200715,04,3,20260915170624,20260915170434,20260915120404,20260915170624,PI
2026-09-15T08:12:19.606842+00:00,PI200716,09,2,20260915170226,20260915105230,20260913234017,,PI
2026-09-15T08:12:19.606842+00:00,PI200765,02,3,20260915171126,20260915170720,20260914232404,20260915171126,PI
2026-09-15T08:12:19.606842+00:00,PI200788,03,2,20260915171127,20260915160502,20260915170825,,PI
2026-09-15T08:12:19.606842+00:00,PI200810,21,2,20260915171128,20260915164239,20260915170749,,PI
2026-09-15T08:12:19.606842+00:00,PI200856,05,3,20260915171128,20260915170724,20260913200451,20260915171128,PI
2026-09-15T08:12:19.606842+00:00,PI200868,01,3,20260915170221,20260915170148,20260915143215,20260915170221,PI
2026-09-15T08:12:19.606842+00:00,PI200872,23,3,20260915170627,20260915170456,20260913005709,20260915170627,PI
2026-09-15T08:12:19.606842+00:00,PI200948,01,3,20260915171132,20260915170657,20260914115222,20260915171132,PI
2026-09-15T08:12:19.606842+00:00,PI200953,01,3,20260915171132,20260915170843,20260915055617,20260915171132,PI
2026-09-15T08:12:19.606842+00:00,PI200954,02,2,20260915170630,20260915125951,20260915155958,,PI
2026-09-15T08:12:19.606842+00:00,PI200959,03,3,20260915170632,20260915170328,20260915142719,20260915170632,PI
2026-09-15T08:12:19.606842+00:00,PI200963,03,2,20260915170632,20260915145027,20260913193219,,PI
2026-09-15T08:12:19.606842+00:00,PI200982,20,3,20260915170634,20260915170406,20260913213242,20260915170634,PI
2026-09-15T08:12:19.606842+00:00,PI200985,03,2,20260915171145,20260915064931,20260914145014,,PI
2026-09-15T08:12:19.606842+00:00,PI200990,06,2,20260915170650,20260915132428,20260915160514,,PI
2026-09-15T08:12:19.606842+00:00,PI202329,07,3,20260915171134,20260915170905,20260914205632,20260915171134,PI
2026-09-15T08:12:19.606842+00:00,PI202842,04,2,20260915170802,20260915055739,20260915110157,,PI
2026-09-15T08:12:19.606842+00:00,PI202988,10,3,20260915170842,20260915170748,20260914210338,20260915170842,PI
2026-09-15T08:12:19.606842+00:00,PI203002,01,2,20260915170623,20260915131840,20260915160153,,PI
2026-09-15T08:12:19.606842+00:00,PI203081,05,3,20260915170244,20260915165803,20260915161229,20260915170244,PI
2026-09-15T08:12:19.606842+00:00,PI204031,02,2,20260915170232,20260915162642,20260915165737,,PI
2026-09-15T08:12:19.606842+00:00,PI204033,04,3,20260915170638,20260915170410,20260914181836,20260915170638,PI
2026-09-15T08:12:19.606842+00:00,PI204034,11,2,20260915170845,20260915153359,20260915165610,,PI
2026-09-15T08:12:19.606842+00:00,PI204045,01,3,20260915170638,20260915170455,20260826211139,20260915170638,PI
2026-09-15T08:12:19.606842+00:00,PI204062,02,3,20260915170233,20260915170127,20260905155926,20260915170233,PI
2026-09-15T08:12:19.606842+00:00,PI204092,21,2,20260915170235,20260913065530,20260913100031,,PI
2026-09-15T08:12:19.606842+00:00,PI204092,47,2,20260915171146,20260915164328,20260915171045,,PI
2026-09-15T08:12:19.606842+00:00,PI204092,48,3,20260915171146,20260915171029,20260915154441,20260915171146,PI
2026-09-15T08:12:19.606842+00:00,PI204096,02,3,20260915171146,20260915171031,20260915081421,20260915171146,PI
2026-09-15T08:12:19.606842+00:00,PI204111,01,2,20260915170236,20260915155458,20260915165434,,PI
2026-09-15T08:12:19.606842+00:00,PI204119,23,2,20260915171147,20260915074229,20260915170700,,PI
2026-09-15T08:12:19.606842+00:00,PI204119,40,2,20260915170642,20260915125207,20260915160122,,PI
2026-09-15T08:12:19.606842+00:00,PI204124,03,3,20260915170237,20260915165653,20260915060420,20260915170237,PI
2026-09-15T08:12:19.606842+00:00,PI204136,22,2,20260915170645,20260914124444,20260914124553,,PI
2026-09-15T08:12:19.606842+00:00,PI204150,02,2,20260915170242,20260915144354,20260915162904,,PI
2026-09-15T08:12:19.606842+00:00,PI204150,07,2,20260915170242,20260915120902,20260915101005,,PI
2026-09-15T08:12:19.606842+00:00,PI204207,01,2,20260915170652,20260915131911,20260915170527,,PI
2026-09-15T08:12:19.606842+00:00,PI204214,01,2,20260915171158,20260915075035,20260915170925,,PI
2026-09-15T08:12:19.606842+00:00,PI204214,03,2,20260915170654,20260915154127,20260915160004,,PI
2026-09-15T08:12:19.606842+00:00,PI204218,05,3,20260915170249,20260915170144,20260913153157,20260915170249,PI
2026-09-15T08:12:19.606842+00:00,PI204235,07,2,20260915171201,20260915153608,20260915170952,,PI
2026-09-15T08:12:19.606842+00:00,PI204241,01,2,20260915170252,20260915153352,20260915165657,,PI
2026-09-15T08:12:19.606842+00:00,PI204262,01,3,20260915171205,20260915170815,20260915155852,20260915171205,PI
2026-09-15T08:12:19.606842+00:00,PI204275,03,2,20260915170257,20260915141300,20260915165831,,PI
2026-09-15T08:12:19.606842+00:00,PI204323,02,2,20260915170705,20260915162249,20260915170436,,PI
2026-09-15T08:12:19.606842+00:00,PI204334,05,2,20260915170301,20260915163030,20260915170117,,PI
2026-09-15T08:12:19.606842+00:00,PI306226,01,9,20260915170310,20260915161525,20260915161603,20260915161619,PI
2026-09-15T08:12:19.606842+00:00,PI700015,01,2,20260915171006,20260915094328,20260915170527,,PI
2026-09-15T08:12:19.606842+00:00,PI700970,01,2,20260915171008,20260915053400,20260915170531,,PI
2026-09-15T08:12:19.606842+00:00,PI700972,01,2,20260915170507,20260915155932,20260915170443,,PI
2026-09-15T08:12:19.606842+00:00,PI707314,03,3,20260915171013,20260915170716,20260915042603,20260915171013,PI
2026-09-15T08:12:19.606842+00:00,PI708719,13,3,20260915171017,20260915170634,20260915052240,20260915171017,PI
2026-09-15T08:12:19.606842+00:00,PI709244,02,3,20260915171018,20260915170548,20260915024612,20260915171018,PI
2026-09-15T08:12:19.606842+00:00,PI709336,02,3,20260915170517,20260915170112,20260914204837,20260915170517,PI
2026-09-15T08:12:19.606842+00:00,PI710357,02,2,20260915170530,20260915062158,20260915170155,,PI
2026-09-15T08:12:19.606842+00:00,PI711248,04,3,20260915170524,20260915170144,20260913144722,20260915170524,PI
2026-09-15T08:12:19.606842+00:00,PI712282,09,3,20260915171031,20260915170736,20260914202024,20260915171031,PI
2026-09-15T08:12:19.606842+00:00,PI712387,06,3,20260915171021,20260915170917,20260915162014,20260915171021,PI
2026-09-15T08:12:19.606842+00:00,PI712530,03,3,20260915171037,20260915170726,20260914234912,20260915171037,PI
2026-09-15T08:12:19.606842+00:00,PI713074,08,2,20260915171042,20260915070117,20260915105905,,PI
2026-09-15T08:12:19.606842+00:00,PI713370,24,3,20260915171038,20260915170855,20260914173859,20260915171038,PI
2026-09-15T08:12:19.606842+00:00,PI713430,14,3,20260915171037,20260915170726,20260914153910,20260915171037,PI
2026-09-15T08:12:19.606842+00:00,PI715645,06,2,20260915171049,20260915103228,20260915170943,,PI
2026-09-15T08:12:19.606842+00:00,PI717608,04,2,20260915170549,20260915104414,20260915144107,,PI
2026-09-15T08:12:19.606842+00:00,PI717723,01,2,20260915171059,20260914125126,20260915105938,,PI
2026-09-15T08:12:19.606842+00:00,PI718321,02,3,20260915171055,20260915170722,20260915112748,20260915171055,PI
2026-09-15T08:12:19.606842+00:00,PI718321,08,2,20260915171055,20260915092056,20260915145643,,PI
2026-09-15T08:12:19.606842+00:00,PI718321,10,2,20260915170553,20260915154602,20260915170408,,PI
2026-09-15T08:12:19.606842+00:00,PI718321,12,3,20260915170553,20260915170500,20260915143830,20260915170553,PI
2026-09-15T08:12:19.606842+00:00,PI722225,02,3,20260915170605,20260915170453,20260912152419,20260915170605,PI
2026-09-15T08:12:19.606842+00:00,PI722666,17,2,20260915170840,20260915125218,20260915141821,,PI
2026-09-15T08:12:19.606842+00:00,PI723240,04,3,20260915170836,20260915170459,20260915151704,20260915170836,PI
2026-09-15T08:12:19.606842+00:00,PI723258,04,3,20260915170439,20260915170220,20260915120209,20260915170439,PI
2026-09-15T08:12:19.606842+00:00,PI724453,24,2,20260915170344,20260915033333,20260915130932,,PI
2026-09-15T08:12:19.606842+00:00,PI724645,01,2,20260915170749,20260915153714,20260915170432,,PI
2026-09-15T08:12:19.606842+00:00,PI724711,03,2,20260915170343,20260915132023,20260915170219,,PI
2026-09-15T08:12:19.606842+00:00,PI748400,03,2,20260915170352,20260915160735,20260915163407,,PI
2026-09-15T08:12:19.606842+00:00,PI752102,09,2,20260915170546,20260915114823,20260915150549,,PI
2026-09-15T08:12:19.606842+00:00,PI752614,03,2,20260915171059,20260915020512,20260915053725,,PI
2026-09-15T08:12:19.606842+00:00,PI752801,04,2,20260915171054,20260915142241,20260915142448,,PI
2026-09-15T08:12:19.606842+00:00,PI760126,03,3,20260915171023,20260915170608,20260915132933,20260915171023,PI
2026-09-15T08:12:19.606842+00:00,PI760217,05,3,20260915171020,20260915170539,20260913172932,20260915171020,PI
2026-09-15T08:12:19.606842+00:00,PI761261,30,2,20260915171024,20260913234431,20260914033350,,PI
2026-09-15T08:12:19.606842+00:00,PI761352,27,2,20260915171024,20260915080545,20260915094742,,PI
2026-09-15T08:12:19.606842+00:00,PI761352,52,3,20260915171024,20260915170720,20260915170215,20260915171024,PI
2026-09-15T08:12:19.606842+00:00,PI761352,55,2,20260915171024,20260915164740,20260915170557,,PI
2026-09-15T08:12:19.606842+00:00,PI761432,12,2,20260915171024,20260915092451,20260915102832,,PI
2026-09-15T08:12:19.606842+00:00,PI761432,16,3,20260915170522,20260915170210,20260915083447,20260915170522,PI
2026-09-15T08:12:19.606842+00:00,PI762893,06,2,20260915171023,20260915140424,20260915170117,,PI
2026-09-15T08:12:19.606842+00:00,PI763341,16,3,20260915170837,20260915170505,20260914220238,20260915170837,PI
2026-09-15T08:12:19.606842+00:00,PI763792,02,2,20260915170538,20260915125501,20260915170208,,PI
2026-09-15T08:12:19.606842+00:00,PI763958,02,3,20260915171041,20260915170551,20260914153624,20260915171041,PI
2026-09-15T08:12:19.606842+00:00,PI763958,12,2,20260915170539,20260915120159,20260915170134,,PI
2026-09-15T08:12:19.606842+00:00,PI766530,02,2,20260915170555,20260915121851,20260915170504,,PI
2026-09-15T08:12:19.606842+00:00,PI766662,40,2,20260915170601,20260915132708,20260915170338,,PI
2026-09-15T08:12:19.606842+00:00,PI766931,09,3,20260915171101,20260915170751,20260915130022,20260915171101,PI
2026-09-15T08:12:19.606842+00:00,PI767274,04,3,20260915170557,20260915170243,20260915151030,20260915170557,PI
2026-09-15T08:12:19.606842+00:00,PI767274,18,2,20260915171057,20260915132446,20260915170732,,PI
2026-09-15T08:12:19.606842+00:00,PI768138,01,3,20260915170602,20260915170213,20260915005237,20260915170602,PI
2026-09-15T08:12:19.606842+00:00,PI768702,05,2,20260915171109,20260915072551,20260915081052,,PI
2026-09-15T08:12:19.606842+00:00,PI769680,42,3,20260915171109,20260915170932,20260908191225,20260915171109,PI
2026-09-15T08:12:19.606842+00:00,PI769833,02,2,20260915170708,20260915125111,20260915132129,,PI
2026-09-15T08:12:19.606842+00:00,PI770284,07,2,20260915170709,20260915151557,20260915162604,,PI
2026-09-15T08:12:19.606842+00:00,PI773222,02,2,20260915170757,20260915074819,20260915112620,,PI
2026-09-15T08:12:19.606842+00:00,PI773463,05,3,20260915170356,20260915170314,20260915121455,20260915170356,PI
2026-09-15T08:12:19.606842+00:00,PI773717,03,3,20260915170356,20260915165841,20260915091116,20260915170356,PI
2026-09-15T08:12:19.606842+00:00,PI775178,02,3,20260915170425,20260915170209,20260914114622,20260915170425,PI
2026-09-15T08:12:19.606842+00:00,PI780195,01,3,20260915171010,20260915170651,20260915130331,20260915171010,PI
2026-09-15T08:12:19.606842+00:00,PI793830,07,3,20260915170825,20260915170648,20260915120816,20260915170825,PI
2026-09-15T08:12:19.606842+00:00,PI794634,27,3,20260915170417,20260915170409,20260914161419,20260915170417,PI
2026-09-15T08:12:19.606842+00:00,PI796107,17,2,20260915170425,20260914230639,20260915081450,,PI
2026-09-15T08:12:19.606842+00:00,PI796562,13,3,20260915170427,20260915170235,20260915100858,20260915170427,PI
2026-09-15T08:12:19.606842+00:00,PI801383,03,3,20260915170359,20260915165919,20260915104729,20260915170359,PI
2026-09-15T08:12:19.606842+00:00,PI801622,03,2,20260915170403,20260915151918,20260915170034,,PI
2026-09-15T08:12:19.606842+00:00,PI802880,02,3,20260915170406,20260915170133,20260915110518,20260915170406,PI
2026-09-15T08:12:19.606842+00:00,PI805078,04,2,20260915170829,20260915095224,20260915143624,,PI
2026-09-15T08:12:19.606842+00:00,PI808443,04,3,20260915170435,20260915165938,20260914105010,20260915170435,PI
2026-09-15T08:12:19.606842+00:00,PI808741,03,3,20260915170435,20260915170028,20260915083617,20260915170435,PI
2026-09-15T08:12:19.606842+00:00,PI809659,03,3,20260915170844,20260915170530,20260915164353,20260915170844,PI
2026-09-15T08:12:19.606842+00:00,PI810614,02,3,20260915170459,20260915165945,20260913225128,20260915170459,PI
2026-09-15T08:12:19.606842+00:00,PI810621,05,3,20260915170907,20260915170823,20260915100358,20260915170907,PI
2026-09-15T08:12:19.606842+00:00,PIA00172,01,2,20260915170846,20260915081320,20260915142753,,PI
2026-09-15T08:12:19.606842+00:00,PIA00322,02,2,20260915170500,20260915131932,20260915164702,,PI
2026-09-15T08:12:19.606842+00:00,PIH00025,05,2,20260915170734,20260915152346,20260915170341,,PI
2026-09-15T08:12:19.606842+00:00,PIH00027,08,3,20260915170736,20260915170428,20260915095540,20260915170736,PI
2026-09-15T08:12:19.606842+00:00,PIH00062,08,3,20260915170333,20260915165754,20260910005933,20260915170333,PI
2026-09-15T08:12:19.606842+00:00,PIH00194,05,3,20260915170737,20260915170638,20260915163045,20260915170737,PI
2026-09-15T08:12:19.606842+00:00,PIH00210,83,3,20260915170735,20260915170521,20260915054605,20260915170735,PI
2026-09-15T08:12:19.606842+00:00,PIH00248,05,3,20260915170330,20260915170302,20260914234333,20260915170330,PI
2026-09-15T08:12:19.606842+00:00,PIH00270,03,2,20260915170332,20260915143404,20260915170024,,PI
2026-09-15T08:12:19.606842+00:00,PIH00287,26,2,20260915170334,20260915155306,20260915170000,,PI
2026-09-15T08:12:19.606842+00:00,PIH00340,01,3,20260915170320,20260915165926,20260914120801,20260915170320,PI
2026-09-15T08:12:19.606842+00:00,PIH00343,04,3,20260915170331,20260915170108,20260915151017,20260915170331,PI
2026-09-15T08:12:19.606842+00:00,PIH00563,03,2,20260915170321,20260915134258,20260915151348,,PI
2026-09-15T08:12:19.606842+00:00,PIH00929,07,3,20260915170740,20260915170355,20260915045235,20260915170740,PI
2026-09-15T08:12:19.606842+00:00,PIH01449,02,2,20260915170321,20260915164753,20260915170147,,PI
2026-09-15T08:12:19.606842+00:00,PIH01542,02,2,20260915170725,20260915084140,20260915121003,,PI
2026-09-15T08:12:19.606842+00:00,PIH01647,15,3,20260915170734,20260915170653,20260913014510,20260915170734,PI
2026-09-15T08:12:19.606842+00:00,PIH01945,05,2,20260915170725,20260915150115,20260915170625,,PI
2026-09-15T08:12:19.606842+00:00,PIH02002,02,2,20260915170726,20260915143034,20260915170430,,PI
2026-09-15T08:12:19.606842+00:00,PIS00032,11,3,20260915170439,20260915170212,20260913114136,20260915170439,PI
2026-09-15T08:12:19.606842+00:00,PIS00039,01,2,20260915170440,20260915083952,20260915164121,,PI
2026-09-15T08:12:19.606842+00:00,PIS00040,02,2,20260915170847,20260915120553,20260915170442,,PI
2026-09-15T08:12:19.606842+00:00,PIS00042,01,2,20260915170847,20260915060310,20260915102603,,PI
2026-09-15T08:12:19.606842+00:00,PIS00042,04,3,20260915170440,20260915165940,20260915105155,20260915170440,PI
2026-09-15T08:12:19.606842+00:00,PIS00064,05,2,20260915170440,20260915070037,20260915140715,,PI
2026-09-15T08:12:19.606842+00:00,PIS00067,02,2,20260915170440,20260915160439,20260915170323,,PI
2026-09-15T08:12:19.606842+00:00,PIS00069,18,2,20260915170847,20260915150418,20260915170824,,PI
2026-09-15T08:12:19.606842+00:00,PIS00083,03,2,20260915170905,20260915163628,20260915170704,,PI
2026-09-15T08:12:19.606842+00:00,PIS00083,05,2,20260915170906,20260915155033,20260915165050,,PI
2026-09-15T08:12:19.606842+00:00,PIS00812,04,3,20260915170439,20260915170146,20260915163409,20260915170439,PI
2026-09-15T08:12:19.606842+00:00,PK000001,02,3,20260915170553,20260915123640,20260915125850,20260915165117,PK
2026-09-15T08:12:19.606842+00:00,PK000002,02,3,20260915170553,20260915095214,20260915102116,20260915165727,PK
2026-09-15T08:12:19.606842+00:00,PK000002,04,3,20260915170555,20260915022944,20260915031438,20260915165514,PK
2026-09-15T08:12:19.606842+00:00,PK000005,02,3,20260915170556,20260915154506,20260915160844,20260915170404,PK
2026-09-15T08:12:19.606842+00:00,PK000005,05,2,20260915170556,20260915163106,20260915165114,,PK
2026-09-15T08:12:19.606842+00:00,PK000005,07,3,20260915170556,20260915152003,20260915152941,20260915165442,PK
2026-09-15T08:12:19.606842+00:00,PK000005,08,3,20260915170556,20260915152036,20260915152947,20260915165513,PK
2026-09-15T08:12:19.606842+00:00,PK000005,10,2,20260915170556,20260915163818,20260915165853,,PK
2026-09-15T08:12:19.606842+00:00,PK000006,13,2,20260915170555,20260915163138,20260915165447,,PK
2026-09-15T08:12:19.606842+00:00,PK000006,16,3,20260915170555,20260915153800,20260915155823,20260915170407,PK
2026-09-15T08:12:19.606842+00:00,PK000006,17,3,20260915170556,20260915154411,20260915162132,20260915165740,PK
2026-09-15T08:12:19.606842+00:00,PK000006,18,3,20260915170557,20260915154855,20260915161531,20260915165659,PK
2026-09-15T08:12:19.606842+00:00,PK000006,19,3,20260915170557,20260915160245,20260915163307,20260915170500,PK
2026-09-15T08:12:19.606842+00:00,PK000007,01,2,20260915170559,20260915164421,20260915170008,,PK
2026-09-15T08:12:19.606842+00:00,PK000007,06,2,20260915171129,20260915164625,20260915170956,,PK
2026-09-15T08:12:19.606842+00:00,PK000007,10,3,20260915170556,20260915144337,20260915150720,20260915165316,PK
2026-09-15T08:12:19.606842+00:00,PK000007,14,3,20260915171126,20260915141911,20260915144858,20260915170706,PK
2026-09-15T08:12:19.606842+00:00,PK000007,17,2,20260915171129,20260915163854,20260915171027,,PK
2026-09-15T08:12:19.606842+00:00,PK000007,20,3,20260915170559,20260915074600,20260915080556,20260915165332,PK
2026-09-15T08:12:19.606842+00:00,PK000007,24,3,20260915171129,20260915142236,20260915143444,20260915170832,PK
2026-09-15T08:12:19.606842+00:00,PK000007,31,3,20260915170559,20260915121520,20260915124538,20260915165524,PK
2026-09-15T08:12:19.606842+00:00,PK000007,45,2,20260915170559,20260915163651,20260915165744,,PK
2026-09-15T08:12:19.606842+00:00,PK000007,46,2,20260915170559,20260915163725,20260915165743,,PK
2026-09-15T08:12:19.606842+00:00,PK000008,01,3,20260915171130,20260915150934,20260915153424,20260915170747,PK
2026-09-15T08:12:19.606842+00:00,PK000008,03,2,20260915170559,20260915163344,20260915170059,,PK
2026-09-15T08:12:19.606842+00:00,PK000008,07,3,20260915170559,20260915152448,20260915155533,20260915165435,PK
2026-09-15T08:12:19.606842+00:00,PK000009,19,3,20260915170509,20260915170509,20260915165019,20260915170509,PK
2026-09-15T08:12:19.606842+00:00,PK000009,20,3,20260915170509,20260915170509,20260915165019,20260915170509,PK
2026-09-15T08:12:19.606842+00:00,PK000009,21,2,20260915170509,20260915165019,20260915170509,,PK
2026-09-15T08:12:19.606842+00:00,PK000009,22,2,20260915170509,20260915165019,20260915170509,,PK
2026-09-15T08:12:19.606842+00:00,PK000009,23,2,20260915170509,20260915162018,20260915170509,,PK
2026-09-15T08:12:19.606842+00:00,PK000009,28,2,20260915170509,20260915164031,20260915170509,,PK
2026-09-15T08:12:19.606842+00:00,PK000010,01,3,20260915170509,20260915170509,20250212134337,20260915170509,PK
2026-09-15T08:12:19.606842+00:00,PK000010,02,3,20260915170509,20260915170509,20250212135139,20260915170509,PK
2026-09-15T08:12:19.606842+00:00,PK000010,06,2,20260915170509,20260915163031,20260915170509,,PK
2026-09-15T08:12:19.606842+00:00,PK000010,07,3,20260915171024,20260915171024,20260915162018,20260915171024,PK
2026-09-15T08:12:19.606842+00:00,PK000012,01,3,20260915171027,20260915171027,20260915153007,20260915171027,PK
2026-09-15T08:12:19.606842+00:00,PK000012,02,3,20260915171027,20260915171027,20260915163034,20260915171027,PK
2026-09-15T08:12:19.606842+00:00,PK000012,13,3,20260915170512,20260915170512,20260812151049,20260915170512,PK
2026-09-15T08:12:19.606842+00:00,PK000012,14,3,20260915170512,20260915170512,20260812151115,20260915170512,PK
2026-09-15T08:12:19.606842+00:00,PK000013,01,2,20260915171029,20260915165022,20260915171029,,PK
2026-09-15T08:12:19.606842+00:00,PK000013,02,2,20260915171029,20260915165022,20260915171029,,PK
2026-09-15T08:12:19.606842+00:00,PK000013,03,3,20260915171029,20260915171029,20260915170512,20260915171029,PK
2026-09-15T08:12:19.606842+00:00,PK000013,05,2,20260915171029,20260915160028,20241023165034,,PK
2026-09-15T08:12:19.606842+00:00,PK000013,06,2,20260915171029,20260915160028,20241023155452,,PK
2026-09-15T08:12:19.606842+00:00,PK000014,01,2,20260915171030,20260915165023,20260915171030,,PK
2026-09-15T08:12:19.606842+00:00,PK000014,02,2,20260915171030,20260915165023,20260915171030,,PK
2026-09-15T08:12:19.606842+00:00,PK000014,03,3,20260915170513,20260915170513,20260915165023,20260915170513,PK
2026-09-15T08:12:19.606842+00:00,PK000014,04,3,20260915170513,20260915170513,20260915165023,20260915170513,PK
2026-09-15T08:12:19.606842+00:00,PK000014,05,3,20260915170513,20260915170513,20260915165023,20260915170513,PK
2026-09-15T08:12:19.606842+00:00,PK000014,06,3,20260915170513,20260915170513,20260915165023,20260915170513,PK
2026-09-15T08:12:19.606842+00:00,PK000017,01,3,20260915170515,20260915170515,20260915165025,20260915170515,PK
2026-09-15T08:12:19.606842+00:00,PK000017,02,3,20260915170515,20260915170515,20260915162025,20260915170515,PK
2026-09-15T08:12:19.606842+00:00,PK000017,03,2,20260915170515,20260915165025,20260915170515,,PK
2026-09-15T08:12:19.606842+00:00,PK000017,08,2,20260915170515,20260915163039,20250904160552,,PK
2026-09-15T08:12:19.606842+00:00,PK000017,09,2,20260915170515,20260915164038,20260915170515,,PK
2026-09-15T08:12:19.606842+00:00,PK000017,10,2,20260915170515,20260915165025,20260915170515,,PK
2026-09-15T08:12:19.606842+00:00,PK000017,11,3,20260915170515,20260915170515,20260915104041,20260915170515,PK
2026-09-15T08:12:19.606842+00:00,PK000017,12,3,20260915170515,20260915170515,20260915114035,20260915170515,PK
2026-09-15T08:12:19.606842+00:00,PK000018,01,3,20260915171033,20260915171033,20260915164038,20260915171033,PK
2026-09-15T08:12:19.606842+00:00,PK000018,02,3,20260915171033,20260915171033,20260915164038,20260915171033,PK
2026-09-15T08:12:19.606842+00:00,PK000018,09,3,20260915170516,20260915170516,20260915162025,20260915170516,PK
2026-09-15T08:12:19.606842+00:00,PK000018,10,3,20260915170516,20260915170516,20260915162025,20260915170516,PK
2026-09-15T08:12:19.606842+00:00,PK000019,01,3,20260915171033,20260915171033,20251110125923,20260915171033,PK
2026-09-15T08:12:19.606842+00:00,PK000019,03,2,20260915170516,20260915164038,20240912200025,,PK
2026-09-15T08:12:19.606842+00:00,PK000019,05,2,20260915170516,20260915162025,20241209115503,,PK
2026-09-15T08:12:19.606842+00:00,PK000021,01,3,20260915170516,20260915170516,20260211163435,20260915170516,PK
2026-09-15T08:12:19.606842+00:00,PK000021,02,3,20260915170516,20260915170516,20260915153012,20260915170516,PK
2026-09-15T08:12:19.606842+00:00,PK000021,07,2,20260915171034,20260915165026,20260915171034,,PK
2026-09-15T08:12:19.606842+00:00,PK000022,06,2,20260915170517,20260915164040,20241218081621,,PK
2026-09-15T08:12:19.606842+00:00,PK000023,01,3,20260915170517,20260915170517,20260915151033,20260915170517,PK
2026-09-15T08:12:19.606842+00:00,PK000023,02,3,20260915170517,20260915170517,20260915151033,20260915170517,PK
2026-09-15T08:12:19.606842+00:00,PK000024,01,2,20260915171037,20260915164041,20260915171037,,PK
2026-09-15T08:12:19.606842+00:00,PK000024,02,2,20260915171037,20260915164041,20260915171037,,PK
2026-09-15T08:12:19.606842+00:00,PK000024,05,3,20260915170519,20260915170519,20251027145247,20260915170519,PK
2026-09-15T08:12:19.606842+00:00,PK000024,06,3,20260915170519,20260915170519,20260915163043,20260915170519,PK
2026-09-15T08:12:19.606842+00:00,PK000024,07,3,20260915170519,20260915170519,20260915163043,20260915170519,PK
2026-09-15T08:12:19.606842+00:00,PK000024,08,3,20260915171037,20260915171037,20260915163043,20260915171037,PK
2026-09-15T08:12:19.606842+00:00,PK000025,02,2,20260915170517,20260915162027,20260915170517,,PK
2026-09-15T08:12:19.606842+00:00,PK000025,07,3,20260915171035,20260915171035,20240813124812,20260915171035,PK
2026-09-15T08:12:19.606842+00:00,PK000025,08,3,20260915171035,20260915171035,20251030110434,20260915171035,PK
2026-09-15T08:12:19.606842+00:00,PK000025,09,2,20260915171035,20260915165028,20260915171035,,PK
2026-09-15T08:12:19.606842+00:00,PK000025,10,2,20260915171035,20260915165028,20260915171035,,PK
2026-09-15T08:12:19.606842+00:00,PK000025,13,3,20260915170518,20260915170518,20240715140820,20260915170518,PK
2026-09-15T08:12:19.606842+00:00,PK000025,21,3,20260915170556,20260915115405,20260915122838,20260915165548,PK
2026-09-15T08:12:19.606842+00:00,PK000025,22,3,20260915170556,20260915115439,20260915122837,20260915165629,PK
2026-09-15T08:12:19.606842+00:00,PK000025,23,2,20260915170518,20260915164040,20260120144708,,PK
2026-09-15T08:12:19.606842+00:00,PK000025,24,2,20260915170518,20260915164040,20260915170518,,PK
2026-09-15T08:12:19.606842+00:00,PK000025,26,2,20260915170518,20260915163041,20260915170518,,PK
2026-09-15T08:12:19.606842+00:00,PK000027,07,3,20260915170519,20260915170519,20260824155721,20260915170519,PK
2026-09-15T08:12:19.606842+00:00,PK000027,11,2,20260915170519,20260915164042,20260824160058,,PK
2026-09-15T08:12:19.606842+00:00,PK000028,07,2,20260915171037,20260915164042,20241017171115,,PK
2026-09-15T08:12:19.606842+00:00,PK000028,08,2,20260915171037,20260915164042,20260915171037,,PK
2026-09-15T08:12:19.606842+00:00,PK000028,09,3,20260915170519,20260915170519,20240905141314,20260915170519,PK
2026-09-15T08:12:19.606842+00:00,PK000028,10,3,20260915170519,20260915170519,20240905140755,20260915170519,PK
2026-09-15T08:12:19.606842+00:00,PK000028,21,3,20260915170555,20260915160705,20260915163653,20260915165721,PK
2026-09-15T08:12:19.606842+00:00,PK000028,22,3,20260915170555,20260915160749,20260915161347,20260915165802,PK
2026-09-15T08:12:19.606842+00:00,PK000028,23,9,20260915170555,20260915164343,20260915170349,,PK
2026-09-15T08:12:19.606842+00:00,PK000028,24,9,20260915170555,20260915164423,20260915170349,,PK
2026-09-15T08:12:19.606842+00:00,PK000028,25,3,20260915171126,20260915162133,20260915164539,20260915170759,PK
2026-09-15T08:12:19.606842+00:00,PK000028,26,3,20260915171126,20260915162213,20260915164539,20260915170839,PK
2026-09-15T08:12:19.606842+00:00,PK000028,27,2,20260915171126,20260915163928,20260915170705,,PK
2026-09-15T08:12:19.606842+00:00,PK000028,28,2,20260915171126,20260915164018,20260915170705,,PK
2026-09-15T08:12:19.606842+00:00,PK000065,01,3,20260915170555,20260915170218,20260915170222,20260915170501,PK
2026-09-15T08:12:19.606842+00:00,PK000077,09,9,20260915170557,20260915163410,20260915165623,,PK
2026-09-15T08:12:19.606842+00:00,PK000077,15,3,20260915171127,20260915142646,20260915143624,20260915170654,PK
2026-09-15T08:12:19.606842+00:00,PK000102,01,3,20260915170554,20260915155925,20260915160826,20260915170148,PK
2026-09-15T08:12:19.606842+00:00,PK000114,05,2,20260915170557,20260915160200,20260915170252,,PK
2026-09-15T08:12:19.606842+00:00,PK000148,01,2,20260915170554,20260915155514,20260915162754,,PK
2026-09-15T08:12:19.606842+00:00,PK000148,04,3,20260915170553,20260915163231,20260915164816,20260915165911,PK
2026-09-15T08:12:19.606842+00:00,PK000148,05,3,20260915170553,20260915160023,20260915163604,20260915165209,PK
2026-09-15T08:12:19.606842+00:00,PK000148,06,3,20260915170553,20260915160857,20260915164108,20260915170017,PK
2026-09-15T08:12:19.606842+00:00,PK000148,07,3,20260915170553,20260915161148,20260915164232,20260915165146,PK
2026-09-15T08:12:19.606842+00:00,PK000148,08,3,20260915170553,20260915155102,20260915161843,20260915165220,PK
2026-09-15T08:12:19.606842+00:00,PK000148,09,9,20260915170553,20260915161647,20260915165929,,PK
2026-09-15T08:12:19.606842+00:00,PK000148,10,2,20260915170553,20260915155555,20260915164927,,PK
2026-09-15T08:12:19.606842+00:00,PK000148,11,3,20260915171123,20260915161209,20260915164132,20260915170737,PK
2026-09-15T08:12:19.606842+00:00,PK000148,12,3,20260915171123,20260915161652,20260915165040,20260915170815,PK
2026-09-15T08:12:19.606842+00:00,PK000148,14,3,20260915170553,20260915160735,20260915163543,20260915165855,PK
2026-09-15T08:12:19.606842+00:00,PK000148,16,2,20260915171124,20260915163705,20260915170432,,PK
2026-09-15T08:12:19.606842+00:00,PK000148,17,2,20260915170556,20260915162628,20260915170015,,PK
2026-09-15T08:12:19.606842+00:00,PK000148,21,2,20260915170557,20260915162114,20260915165935,,PK
2026-09-15T08:12:19.606842+00:00,PK000148,22,2,20260915170557,20260915162422,20260915164823,,PK
2026-09-15T08:12:19.606842+00:00,PK000148,23,2,20260915171128,20260915155531,20260915171016,,PK
2026-09-15T08:12:19.606842+00:00,PK000148,24,2,20260915171126,20260915155500,20260915171013,,PK
2026-09-15T08:12:19.606842+00:00,PK000161,03,3,20260915171128,20260915144027,20260915144550,20260915171057,PK
2026-09-15T08:12:19.606842+00:00,PK000161,05,3,20260915170557,20260915140902,20260915142041,20260915165159,PK
2026-09-15T08:12:19.606842+00:00,PK000161,06,3,20260915170557,20260915140936,20260915142042,20260915165231,PK
2026-09-15T08:12:19.606842+00:00,PK000162,01,3,20260915170518,20260915170518,20260915150017,20260915170518,PK
2026-09-15T08:12:19.606842+00:00,PK000162,02,3,20260915170518,20260915170518,20260915122050,20260915170518,PK
2026-09-15T08:12:19.606842+00:00,PK000179,12,2,20260915170522,20260915163548,20260915163548,,PK
2026-09-15T08:12:19.606842+00:00,PK000179,16,2,20260915170522,20260915162809,20260915162809,,PK
2026-09-15T08:12:19.606842+00:00,PK000179,19,3,20260915170522,20260915170030,20260915170030,20260915161035,PK
2026-09-15T08:12:19.606842+00:00,PK000179,20,3,20260915170522,20260915170108,20260915170108,20260915155337,PK
2026-09-15T08:12:19.606842+00:00,PK000179,22,2,20260915170522,20260915162649,20260915162649,,PK
2026-09-15T08:12:19.606842+00:00,PK000179,23,2,20260915171041,20260915165416,20260915165416,,PK
2026-09-15T08:12:19.606842+00:00,PK000179,24,2,20260915171041,20260915165342,20260915165342,,PK
2026-09-15T08:12:19.606842+00:00,PK000180,11,2,20260915170522,20260915154352,20260915154352,,PK
2026-09-15T08:12:19.606842+00:00,PK000180,12,3,20260915171041,20260915161539,20260915161539,20260915160524,PK
2026-09-15T08:12:19.606842+00:00,PK000181,06,2,20260915170522,20260915163626,20260915163626,,PK
2026-09-15T08:12:19.606842+00:00,PK000182,08,3,20260915170522,20260915165626,20260915165626,20260915103547,PK
2026-09-15T08:12:19.606842+00:00,PK000182,11,2,20260915171041,20260915164648,20260915164648,,PK
2026-09-15T08:12:19.606842+00:00,PK000182,12,2,20260915171041,20260915164618,20260915164618,,PK
2026-09-15T08:12:19.606842+00:00,PK000182,14,3,20260915171041,20260915170810,20260915170810,20260915154606,PK
2026-09-15T08:12:19.606842+00:00,PK000183,01,3,20260915171041,20260915170637,20260915170637,20260915163709,PK
2026-09-15T08:12:19.606842+00:00,PK000183,02,3,20260915171041,20260915170733,20260915170733,20260915163714,PK
2026-09-15T08:12:19.606842+00:00,PK000183,05,3,20260915170522,20260915170111,20260915170111,20260915164300,PK
2026-09-15T08:12:19.606842+00:00,PK000183,06,3,20260915170522,20260915170151,20260915170151,20260915164305,PK
2026-09-15T08:12:19.606842+00:00,PK000185,01,9,20260915171129,20260915163759,20260915170556,,PK
2026-09-15T08:12:19.606842+00:00,PK000185,02,9,20260915171129,20260915163834,20260915170557,,PK
2026-09-15T08:12:19.606842+00:00,PK000185,03,3,20260915170558,20260915162617,20260915164736,20260915170352,PK
2026-09-15T08:12:19.606842+00:00,PK000185,04,3,20260915170558,20260915162656,20260915164736,20260915170432,PK
2026-09-15T08:12:19.606842+00:00,PK000185,07,2,20260915170557,20260915162601,20260915165603,,PK
2026-09-15T08:12:19.606842+00:00,PK000185,09,3,20260915171129,20260915161518,20260915164913,20260915170555,PK
2026-09-15T08:12:19.606842+00:00,PK000185,11,9,20260915170558,20260915165757,20260915170516,,PK
2026-09-15T08:12:19.606842+00:00,PK000185,12,3,20260915170558,20260915161608,20260915163854,20260915165836,PK
2026-09-15T08:12:19.606842+00:00,PK000288,01,3,20260915170555,20260915160705,20260915163653,20260915165721,PK
2026-09-15T08:12:19.606842+00:00,PK000288,02,3,20260915170555,20260915160749,20260915161347,20260915165802,PK
2026-09-15T08:12:19.606842+00:00,PK000288,03,9,20260915170555,20260915164343,20260915170349,,PK
2026-09-15T08:12:19.606842+00:00,PK000288,04,9,20260915170555,20260915164423,20260915170349,,PK
2026-09-15T08:12:19.606842+00:00,PK000288,05,3,20260915171126,20260915162133,20260915164539,20260915170759,PK
2026-09-15T08:12:19.606842+00:00,PK000288,06,3,20260915171126,20260915162213,20260915164539,20260915170839,PK
2026-09-15T08:12:19.606842+00:00,PK000288,07,2,20260915171126,20260915163928,20260915170705,,PK
2026-09-15T08:12:19.606842+00:00,PK000288,08,2,20260915171126,20260915164018,20260915170705,,PK
2026-09-15T08:12:19.606842+00:00,PK000289,03,2,20260915170554,20260915162338,20260915170233,,PK
2026-09-15T08:12:19.606842+00:00,PK000289,05,2,20260915170554,20260915164313,20260915170059,,PK
2026-09-15T08:12:19.606842+00:00,PK000289,06,2,20260915170554,20260915164352,20260915170059,,PK
2026-09-15T08:12:19.606842+00:00,PK000291,02,3,20260915170553,20260915155458,20260915161952,20260915165111,PK
2026-09-15T08:12:19.606842+00:00,PK000291,07,2,20260915170553,20260915162924,20260915165705,,PK
2026-09-15T08:12:19.606842+00:00,PK000291,08,2,20260915170553,20260915163000,20260915165704,,PK
2026-09-15T08:12:19.606842+00:00,PK000292,03,9,20260915170557,20260915162411,20260915165616,,PK
2026-09-15T08:12:19.606842+00:00,PK000292,04,9,20260915170557,20260915162448,20260915165616,,PK
2026-09-15T08:12:19.606842+00:00,PK000293,01,2,20260915170556,20260915163918,20260915170348,,PK
2026-09-15T08:12:19.606842+00:00,PK000293,02,2,20260915170556,20260915164000,20260915170350,,PK
2026-09-15T08:12:19.606842+00:00,PK000294,01,2,20260915170554,20260915163442,20260915165901,,PK
2026-09-15T08:12:19.606842+00:00,PK000294,02,3,20260915170554,20260915160912,20260915162313,20260915165729,PK
2026-09-15T08:12:19.606842+00:00,PK000295,01,3,20260915170554,20260915160650,20260915164234,20260915165726,PK
2026-09-15T08:12:19.606842+00:00,PK000295,03,3,20260915170553,20260915144828,20260915150237,20260915170328,PK
2026-09-15T08:12:19.606842+00:00,PK000295,04,3,20260915171123,20260915162958,20260915164859,20260915170808,PK
2026-09-15T08:12:19.606842+00:00,PK000295,05,3,20260915170555,20260915161550,20260915164905,20260915170040,PK
2026-09-15T08:12:19.606842+00:00,PK000295,06,3,20260915170557,20260915161625,20260915163637,20260915165431,PK
2026-09-15T08:12:19.606842+00:00,PK000295,07,9,20260915170557,20260915162102,20260915165622,,PK
2026-09-15T08:12:19.606842+00:00,PK000295,08,2,20260915171127,20260915164312,20260915170059,,PK
2026-09-15T08:12:19.606842+00:00,PK000297,07,3,20260915170556,20260915115405,20260915122838,20260915165548,PK
2026-09-15T08:12:19.606842+00:00,PK000297,08,3,20260915170556,20260915115439,20260915122837,20260915165629,PK
2026-09-15T08:12:19.606842+00:00,PK000322,01,9,20260915170557,20260915163410,20260915165623,,PK
2026-09-15T08:12:19.606842+00:00,PK000322,15,3,20260915171127,20260915142646,20260915143624,20260915170654,PK
2026-09-15T08:12:19.606842+00:00,PK000322,17,3,20260915171039,20260915171039,20260915132604,20260915171039,PK
2026-09-15T08:12:19.606842+00:00,PK000322,18,3,20260915171039,20260915171039,20260915155101,20260915171039,PK
2026-09-15T08:12:19.606842+00:00,PK000322,23,2,20260915170520,20260915164042,20241120135517,,PK
2026-09-15T08:12:19.606842+00:00,PK000322,24,2,20260915170520,20260915165030,20260915170520,,PK
2026-09-15T08:12:19.606842+00:00,PK000437,03,3,20260915171025,20260915171025,20260915152031,20260915171025,PK
2026-09-15T08:12:19.606842+00:00,PK000437,04,3,20260915171025,20260915171025,20260915100017,20260915171025,PK
2026-09-15T08:12:19.606842+00:00,PK000474,05,2,20260915171126,20260915163926,20260915170915,,PK
2026-09-15T08:12:19.606842+00:00,PK000474,08,3,20260915170556,20260915114302,20260915121604,20260915165402,PK
2026-09-15T08:12:19.606842+00:00,PL000339,01,2,20260915170812,20260915160614,20260915170812,,PL
2026-09-15T08:12:19.606842+00:00,PL000368,01,3,20260915170743,20260915170743,20260915082604,20260915170743,PL
2026-09-15T08:12:19.606842+00:00,PL000706,40,2,20260915170411,20260915155954,20260915170411,,PL
2026-09-15T08:12:19.606842+00:00,PL000718,04,2,20260915170248,20260915094834,20260915170248,,PL
2026-09-15T08:12:19.606842+00:00,PL000809,46,3,20260915170357,20260915170357,20260915071208,20260915170357,PL
2026-09-15T08:12:19.606842+00:00,PL000809,92,2,20260915170406,20260915111956,20260915170406,,PL
2026-09-15T08:12:19.606842+00:00,PL000976,01,3,20260915170341,20260915170341,20260915071906,20260915170341,PL
2026-09-15T08:12:19.606842+00:00,PL001174,01,2,20260915171135,20260915080219,20260915171135,,PL
2026-09-15T08:12:19.606842+00:00,PL001209,02,2,20260915170411,20260915150501,20260915170411,,PL
2026-09-15T08:12:19.606842+00:00,PL001301,00,2,20260915170640,20260915143044,20260915170640,,PL
2026-09-15T08:12:19.606842+00:00,PL001618,52,3,20260915171021,20260915171021,20260908223909,20260915171021,PL
2026-09-15T08:12:19.606842+00:00,PL001944,59,3,20260915170439,20260915170439,20260915065349,20260915170439,PL
2026-09-15T08:12:19.606842+00:00,PL001951,79,2,20260915170616,20260915170615,20260915170616,,PL
2026-09-15T08:12:19.606842+00:00,PL002467,09,3,20260915171145,20260915171145,20260912203516,20260915171145,PL
2026-09-15T08:12:19.606842+00:00,PL002688,02,3,20260915170331,20260915170331,20260915103830,20260915170331,PL
2026-09-15T08:12:19.606842+00:00,PL002842,06,3,20260915170431,20260915170431,20260915081147,20260915170431,PL
2026-09-15T08:12:19.606842+00:00,PL002994,08,3,20260915170459,20260915170459,20260915170319,20260915170459,PL
2026-09-15T08:12:19.606842+00:00,PL003371,00,3,20260915171057,20260915171057,20260914084132,20260915171057,PL
2026-09-15T08:12:19.606842+00:00,PL003526,70,3,20260915170659,20260915170659,20260915081129,20260915170659,PL
2026-09-15T08:12:19.606842+00:00,PL003999,01,3,20260915170244,20260915170244,20260914202918,20260915170244,PL
2026-09-15T08:12:19.606842+00:00,PL004212,18,3,20260915170414,20260915170414,20260915083407,20260915170414,PL
2026-09-15T08:12:19.606842+00:00,PL004389,01,3,20260915170850,20260915170850,20260915083551,20260915170850,PL
2026-09-15T08:12:19.606842+00:00,PL004573,13,3,20260915170735,20260915170735,20260915170730,20260915170735,PL
2026-09-15T08:12:19.606842+00:00,PL005294,00,3,20260915170429,20260915170429,20260912114424,20260915170429,PL
2026-09-15T08:12:19.606842+00:00,PL030413,02,2,20260915170544,20260915110215,20260915170544,,PL
2026-09-15T08:12:19.606842+00:00,PL030413,14,3,20260915170256,20260915170256,20260915131714,20260915170256,PL
2026-09-15T08:12:19.606842+00:00,PL030415,01,2,20260915170544,20260914174243,20260915170544,,PL
2026-09-15T08:12:19.606842+00:00,PL030468,37,2,20260915171047,20260915085205,20260915171047,,PL
2026-09-15T08:12:19.606842+00:00,PL030940,05,2,20260915170704,20260915143550,20260915170704,,PL
2026-09-15T08:12:19.606842+00:00,PL030971,02,2,20260915170650,20260915170349,20260915170650,,PL
2026-09-15T08:12:19.606842+00:00,PL030979,04,2,20260915170954,20260915085816,20260915170954,,PL
2026-09-15T08:12:19.606842+00:00,PL031057,03,3,20260915170220,20260915170220,20260915101800,20260915170220,PL
2026-09-15T08:12:19.606842+00:00,PL031157,06,2,20260915170609,20260915103901,20260915170609,,PL
2026-09-15T08:12:19.606842+00:00,PL031171,03,2,20260915170744,20260915080300,20260915170744,,PL
2026-09-15T08:12:19.606842+00:00,PL031171,06,2,20260915170501,20260915170453,20260915170501,,PL
2026-09-15T08:12:19.606842+00:00,PL031249,08,2,20260915170808,20260914164031,20260915170808,,PL
2026-09-15T08:12:19.606842+00:00,PL031264,00,3,20260915170632,20260915170632,20260915073922,20260915170632,PL
2026-09-15T08:12:19.606842+00:00,PL031264,12,3,20260915171130,20260915171130,20260915071707,20260915171130,PL
2026-09-15T08:12:19.606842+00:00,PL031264,16,3,20260915170315,20260915170315,20260915083955,20260915170315,PL
2026-09-15T08:12:19.606842+00:00,PL031581,04,2,20260915170354,20260915024544,20260915170354,,PL
2026-09-15T08:12:19.606842+00:00,PL031599,00,2,20260915170434,20260915095543,20260915170434,,PL
2026-09-15T08:12:19.606842+00:00,PL031760,14,3,20260915170739,20260915170739,20260915092744,20260915170739,PL
2026-09-15T08:12:19.606842+00:00,PL031760,16,3,20260915170351,20260915170351,20260915115553,20260915170351,PL
2026-09-15T08:12:19.606842+00:00,PL031783,07,2,20260915170609,20260915075405,20260915170609,,PL
2026-09-15T08:12:19.606842+00:00,PL031843,08,3,20260915171103,20260915171103,20260915060026,20260915171103,PL
2026-09-15T08:12:19.606842+00:00,PL031884,02,2,20260915171140,20260915153644,20260915171140,,PL
2026-09-15T08:12:19.606842+00:00,PL031902,02,2,20260915170244,20260915161847,20260915170244,,PL
2026-09-15T08:12:19.606842+00:00,PL032041,05,2,20260915170948,20260915072925,20260915170948,,PL
2026-09-15T08:12:19.606842+00:00,PL032203,02,2,20260915170624,20260915155627,20260915170624,,PL
2026-09-15T08:12:19.606842+00:00,PL032203,07,2,20260915170359,20260915080047,20260915170359,,PL
2026-09-15T08:12:19.606842+00:00,PL032285,00,2,20260915170727,20260915121414,20260915170727,,PL
2026-09-15T08:12:19.606842+00:00,PL032476,02,3,20260915171037,20260915171037,20260914183538,20260915171037,PL
2026-09-15T08:12:19.606842+00:00,PL032653,08,3,20260915171147,20260915171147,20260915125041,20260915171147,PL
2026-09-15T08:12:19.606842+00:00,PL032779,00,2,20260915170847,20260914180336,20260915170847,,PL
2026-09-15T08:12:19.606842+00:00,PL032803,05,2,20260915170629,20260915143443,20260915170629,,PL
2026-09-15T08:12:19.606842+00:00,PL032863,00,3,20260915170236,20260915170236,20260915083058,20260915170236,PL
2026-09-15T08:12:19.606842+00:00,PL032868,01,3,20260915170625,20260915170625,20260915143845,20260915170625,PL
2026-09-15T08:12:19.606842+00:00,PL033100,19,2,20260915171013,20260915073859,20260915171013,,PL
2026-09-15T08:12:19.606842+00:00,PL033111,02,2,20260915170722,20260915145044,20260915170722,,PL
2026-09-15T08:12:19.606842+00:00,PL033112,00,3,20260915170821,20260915170821,20260915142934,20260915170821,PL
2026-09-15T08:12:19.606842+00:00,PL033249,04,3,20260915171011,20260915171011,20260915145727,20260915171011,PL
2026-09-15T08:12:19.606842+00:00,PL033276,02,3,20260915170915,20260915170915,20260914080017,20260915170915,PL
2026-09-15T08:12:19.606842+00:00,PL033357,06,2,20260915170547,20260915170455,20260915170547,,PL
2026-09-15T08:12:19.606842+00:00,PL033357,07,2,20260915170630,20260915170538,20260915170630,,PL
2026-09-15T08:12:19.606842+00:00,PL033357,08,2,20260915170712,20260915170621,20260915170712,,PL
2026-09-15T08:12:19.606842+00:00,PL033357,09,2,20260915170755,20260915170703,20260915170755,,PL
2026-09-15T08:12:19.606842+00:00,PL033357,10,2,20260915170840,20260915170749,20260915170840,,PL
2026-09-15T08:12:19.606842+00:00,PL033357,11,2,20260915170928,20260915170832,20260915170928,,PL
2026-09-15T08:12:19.606842+00:00,PL033509,04,3,20260915170813,20260915170813,20260915073235,20260915170813,PL
2026-09-15T08:12:19.606842+00:00,PL033735,10,2,20260915170729,20260915161954,20260915170729,,PL
2026-09-15T08:12:19.606842+00:00,PL832708,13,2,20260915170220,20260915152528,20260915170220,,PL
2026-09-15T08:12:19.606842+00:00,PL832708,19,2,20260915170924,20260915165848,20260915170924,,PL
2026-09-15T08:12:19.606842+00:00,PL832708,45,2,20260915171147,20260915155644,20260915171147,,PL
2026-09-15T08:12:19.606842+00:00,PL932708,50,3,20260915170452,20260915170452,20260914123641,20260915170452,PL
2026-09-15T08:12:19.606842+00:00,PL932708,51,3,20260915170407,20260915170407,20260915150027,20260915170407,PL
2026-09-15T08:12:19.606842+00:00,PMP00503,19,3,20260915170612,20260915170612,20260915162612,20260915170612,PM
2026-09-15T08:12:19.606842+00:00,PMP00503,20,3,20260915170612,20260915170612,20260915162612,20260915170612,PM
2026-09-15T08:12:19.606842+00:00,PMP00503,31,2,20260915170612,20260915164612,20260915170612,,PM
2026-09-15T08:12:19.606842+00:00,PMP00503,32,2,20260915170612,20260915164612,20260915170612,,PM
2026-09-15T08:12:19.606842+00:00,PMP00504,13,3,20260915170612,20260915170612,20260915164612,20260915170612,PM
2026-09-15T08:12:19.606842+00:00,PMP00506,01,3,20260915170612,20260915170612,20260915162612,20260915170612,PM
2026-09-15T08:12:19.606842+00:00,PMP00506,02,3,20260915170612,20260915170612,20260915162612,20260915170612,PM
2026-09-15T08:12:19.606842+00:00,PMP00506,06,3,20260915170612,20260915170612,20260915104612,20260915170612,PM
2026-09-15T08:12:19.606842+00:00,PMP00509,08,2,20260915170612,20260915164612,20260915170612,,PM
2026-09-15T08:12:19.606842+00:00,PMP00509,11,3,20260915170612,20260915170612,20260915004612,20260915170612,PM
2026-09-15T08:12:19.606842+00:00,PMP00509,12,3,20260915170612,20260915170612,20260915164612,20260915170612,PM
2026-09-15T08:12:19.606842+00:00,PMP00512,03,2,20260915170612,20260915164612,20260915170612,,PM
2026-09-15T08:12:19.606842+00:00,PMP00514,03,2,20260915170612,20260915164612,20260915170612,,PM
2026-09-15T08:12:19.606842+00:00,PMP00514,04,2,20260915170612,20260915164612,20260915170612,,PM
2026-09-15T08:12:19.606842+00:00,PMP00516,01,2,20260915170612,20260915164612,20260915170612,,PM
2026-09-15T08:12:19.606842+00:00,PMP00516,02,2,20260915170612,20260915164612,20260915170612,,PM
2026-09-15T08:12:19.606842+00:00,PMP00516,03,3,20260915170612,20260915170612,20260915162612,20260915170612,PM
2026-09-15T08:12:19.606842+00:00,PMP00516,04,3,20260915170612,20260915170612,20260915162612,20260915170612,PM
2026-09-15T08:12:19.606842+00:00,PMP00519,01,1,20260915170818,20260915160612,20260915160818,,PM
2026-09-15T08:12:19.606842+00:00,PMP00519,02,1,20260915170818,20260915160612,20260915160818,,PM
2026-09-15T08:12:19.606842+00:00,PMP00519,03,1,20260915170818,20260915170612,20260915170818,,PM
2026-09-15T08:12:19.606842+00:00,PMP00519,04,1,20260915170818,20260915160612,20260915160818,,PM
2026-09-15T08:12:19.606842+00:00,PMP00519,05,1,20260915170818,20260915160612,20260915160818,,PM
2026-09-15T08:12:19.606842+00:00,PMP00519,06,1,20260915170818,20260915164612,20260915164818,,PM
2026-09-15T08:12:19.606842+00:00,PMP00519,07,1,20260915170818,20260915152612,20260915152818,,PM
2026-09-15T08:12:19.606842+00:00,PMP00519,08,1,20260915170818,20260915160612,20260915160818,,PM
2026-09-15T08:12:19.606842+00:00,PMP00519,09,1,20260915170818,20260915150612,20260915150818,,PM
2026-09-15T08:12:19.606842+00:00,PMP00519,10,1,20260915170818,20260915142612,20260915142818,,PM
2026-09-15T08:12:19.606842+00:00,PMP00519,11,1,20260915170818,20260915170612,20260915170818,,PM
2026-09-15T08:12:19.606842+00:00,PMP00519,12,1,20260915170818,20260915164612,20260915164818,,PM
2026-09-15T08:12:19.606842+00:00,PMP00519,13,1,20260915170818,20260915152612,20260915152818,,PM
2026-09-15T08:12:19.606842+00:00,PMP00519,14,1,20260915170818,20260915164612,20260915164818,,PM
2026-09-15T08:12:19.606842+00:00,PMP00519,15,1,20260915170818,20260915154612,20260915154818,,PM
2026-09-15T08:12:19.606842+00:00,PMP00519,16,1,20260915170818,20260915104612,20260915104818,,PM
2026-09-15T08:12:19.606842+00:00,PMP00525,01,3,20260915170612,20260915170612,20260915162612,20260915170612,PM
2026-09-15T08:12:19.606842+00:00,PMP00525,02,2,20260915170612,20260915164612,20260915170612,,PM
2026-09-15T08:12:19.606842+00:00,PMP00525,03,3,20260915170612,20260915170612,20260915164612,20260915170612,PM
2026-09-15T08:12:19.606842+00:00,PMP00525,04,2,20260915170612,20260915162612,20260915170612,,PM
2026-09-15T08:12:19.606842+00:00,PMP00525,07,3,20260915170612,20260915170612,20260915164612,20260915170612,PM
2026-09-15T08:12:19.606842+00:00,PMP00525,08,3,20260915170612,20260915170612,20260915130612,20260915170612,PM
2026-09-15T08:12:19.606842+00:00,PMP00526,01,2,20260915170612,20260915164612,20260915170612,,PM
2026-09-15T08:12:19.606842+00:00,PMP00526,02,2,20260915170612,20260915164612,20260915170612,,PM
2026-09-15T08:12:19.606842+00:00,PW010747,01,2,20260915170310,20260915073734,20260915150804,,PW
2026-09-15T08:12:19.606842+00:00,PW012513,02,3,20260915170608,20260915170608,20260915084553,20260915170111,PW
2026-09-15T08:12:19.606842+00:00,PW012593,04,2,20260915170610,20260915154536,20260915170154,,PW
2026-09-15T08:12:19.606842+00:00,PW012593,05,2,20260915170610,20260915115509,20260915170610,,PW
2026-09-15T08:12:19.606842+00:00,PW012634,02,3,20260915170609,20260915170609,20260914153430,20260915170551,PW
2026-09-15T08:12:19.606842+00:00,PW012811,02,2,20260915170610,20260913202408,20260914033044,,PW
2026-09-15T08:12:19.606842+00:00,PW013500,04,3,20260915170226,20260915170226,20260915045500,20260915170039,PW
2026-09-15T08:12:19.606842+00:00,PW014156,13,3,20260915170757,20260915170757,20260915144213,20260915170308,PW
2026-09-15T08:12:19.606842+00:00,PW014193,13,3,20260915170304,20260915170304,20260915054615,20260915170029,PW
2026-09-15T08:12:19.606842+00:00,PW014214,06,3,20260915170304,20260915170304,20260915054620,20260915170206,PW
2026-09-15T08:12:19.606842+00:00,PW014228,13,2,20260915170305,20260915080726,20260915122253,,PW
2026-09-15T08:12:19.606842+00:00,PW014376,01,2,20260915170808,20260915072841,20260915152925,,PW
2026-09-15T08:12:19.606842+00:00,PW014784,13,2,20260915170319,20260915142750,20260915165941,,PW
2026-09-15T08:12:19.606842+00:00,PW014873,06,3,20260915170822,20260915170822,20260915011632,20260915170721,PW
2026-09-15T08:12:19.606842+00:00,PW015149,09,3,20260915170914,20260915170914,20260915065822,20260915170824,PW
2026-09-15T08:12:19.606842+00:00,PW015224,02,3,20260915171008,20260915171008,20260912202243,20260915170855,PW
2026-09-15T08:12:19.606842+00:00,PW800658,03,3,20260915170809,20260915170809,20260915155905,20260915170459,PW
2026-09-15T08:12:19.606842+00:00,PW801067,03,2,20260915170925,20260915080739,20260915142530,,PW
2026-09-15T08:12:19.606842+00:00,PW801455,12,2,20260915170549,20260915160158,20260915170331,,PW
2026-09-15T08:12:19.606842+00:00,PW801494,06,2,20260915170550,20260915132839,20260915170301,,PW
2026-09-15T08:12:19.606842+00:00,PWE00619,07,3,20260915170326,20260915170326,20260912014126,20260915170326,PW
2026-09-15T08:12:19.606842+00:00,PWE01500,02,2,20260915171018,20260915170121,20260915171018,,PW
2026-09-15T08:12:19.606842+00:00,PWE03874,09,2,20260915171127,20260915155941,20260915171127,,PW
2026-09-15T08:12:19.606842+00:00,PWE04021,25,2,20260915171128,20260915155942,20260915171128,,PW
2026-09-15T08:12:19.606842+00:00,PWE06165,07,2,20260915170807,20260915160507,20260915170807,,PW
2026-09-15T08:12:19.606842+00:00,PWE06385,04,3,20260915170511,20260915170511,20260915092310,20260915170511,PW
2026-09-15T08:12:19.606842+00:00,RE000041,01,1,20260915171004,20260915003038,20260915062106,,RE
2026-09-15T08:12:19.606842+00:00,RE000182,02,2,20260915171003,20260915144541,20260915165459,,RE
2026-09-15T08:12:19.606842+00:00,RE000182,06,1,20260915170603,20260915165254,20260915165317,,RE
2026-09-15T08:12:19.606842+00:00,RE000317,16,3,20260915170602,20260915170602,20260915004455,20260915170443,RE
2026-09-15T08:12:19.606842+00:00,RE000334,01,3,20260915170402,20260915170402,20260915170046,20260915170347,RE
2026-09-15T08:12:19.606842+00:00,SE000009,01,2,20260915170938,20260915162903,20260915170909,,SE
2026-09-15T08:12:19.606842+00:00,SE000014,05,2,20260915170938,20260915163058,20260915170800,,SE
2026-09-15T08:12:19.606842+00:00,SE000043,05,3,20260915170538,20260915170529,20260915130206,20260915170529,SE
2026-09-15T08:12:19.606842+00:00,SE000070,01,2,20260915170638,20260915165549,20260915170103,,SE
2026-09-15T08:12:19.606842+00:00,SE000121,02,2,20260915170638,20260915163817,20260915170600,,SE
2026-09-15T08:12:19.606842+00:00,SE000139,01,3,20260915170538,20260915170512,20260915153119,20260915170512,SE
2026-09-15T08:12:19.606842+00:00,SE000197,01,2,20260915170438,20260915153847,20260915170417,,SE
2026-09-15T08:12:19.606842+00:00,SE000201,01,2,20260915170438,20260915164930,20260915170343,,SE
2026-09-15T08:12:19.606842+00:00,SE000204,04,3,20260915170838,20260915170826,20260915154753,20260915170826,SE
2026-09-15T08:12:19.606842+00:00,SE000223,01,2,20260915170538,20260915163814,20260915170446,,SE
2026-09-15T08:12:19.606842+00:00,SF000617,16,3,20260915170438,20260915170438,20260915133154,20260915165423,SF
2026-09-15T08:12:19.606842+00:00,SF000617,19,3,20260915170438,20260915170438,20260915023842,20260915165305,SF
2026-09-15T08:12:19.606842+00:00,SF000817,55,3,20260915171131,20260915171131,20260914044252,20260915170403,SF
2026-09-15T08:12:19.606842+00:00,SF000900,04,2,20260915170436,20260915160445,20260915170436,,SF
2026-09-15T08:12:19.606842+00:00,SF001010,09,3,20260915171122,20260915171122,20260915115525,20260915170632,SF
2026-09-15T08:12:19.606842+00:00,SF001187,14,2,20260915171140,20260915092822,20260915170237,,SF
2026-09-15T08:12:19.606842+00:00,SF001203,18,3,20260915170456,20260915170456,20260915041147,20260915163750,SF
2026-09-15T08:12:19.606842+00:00,SF001214,57,2,20260915170503,20260915135848,20260915165338,,SF
2026-09-15T08:12:19.606842+00:00,SF001341,08,3,20260915170500,20260915170500,20260915130548,20260915165436,SF
2026-09-15T08:12:19.606842+00:00,SF002121,00,2,20260915170456,20260915144457,20260915170456,,SF
2026-09-15T08:12:19.606842+00:00,SF002369,02,2,20260915170454,20260915062618,20260915170108,,SF
2026-09-15T08:12:19.606842+00:00,SF002476,09,3,20260915170514,20260915170514,20260915150032,20260915163826,SF
2026-09-15T08:12:19.606842+00:00,SF002522,04,2,20260915170501,20260915104217,20260915170135,,SF
2026-09-15T08:12:19.606842+00:00,SF002542,03,2,20260915170510,20260915144217,20260915165426,,SF
2026-09-15T08:12:19.606842+00:00,SF002713,11,3,20260915171143,20260915171143,20260914192354,20260915170529,SF
2026-09-15T08:12:19.606842+00:00,SF002753,00,3,20260915171128,20260915171128,20260913090805,20260915164525,SF
2026-09-15T08:12:19.606842+00:00,SF002830,16,2,20260915170510,20260915110625,20260915165742,,SF
2026-09-15T08:12:19.606842+00:00,SF002866,01,3,20260915170501,20260915170501,20260915155819,20260915165710,SF
2026-09-15T08:12:19.606842+00:00,SF002992,25,3,20260915170442,20260915170442,20260915014341,20260915165257,SF
2026-09-15T08:12:19.606842+00:00,SF002992,30,2,20260915170456,20260915154438,20260915170121,,SF
2026-09-15T08:12:19.606842+00:00,SF002993,26,2,20260915170446,20260915090731,20260915163839,,SF
2026-09-15T08:12:19.606842+00:00,SF002993,27,2,20260915171122,20260915052123,20260915170633,,SF
2026-09-15T08:12:19.606842+00:00,SF003005,06,2,20260915170448,20260915141152,20260915170448,,SF
2026-09-15T08:12:19.606842+00:00,SF003035,03,2,20260915170510,20260915134811,20260915165934,,SF
2026-09-15T08:12:19.606842+00:00,SF003064,08,3,20260915170501,20260915170501,20260912194304,20260915165630,SF
2026-09-15T08:12:19.606842+00:00,SF003183,00,3,20260915170514,20260915170514,20260911141620,20260915165757,SF
2026-09-15T08:12:19.606842+00:00,SF003184,01,2,20260915171149,20260915095427,20260915170208,,SF
2026-09-15T08:12:19.606842+00:00,SF003523,03,3,20260915170453,20260915170453,20260912234459,20260915165452,SF
2026-09-15T08:12:19.606842+00:00,SF003603,02,2,20260915170447,20260915130024,20260915170140,,SF
2026-09-15T08:12:19.606842+00:00,SN000029,02,3,20260915170338,20260915170334,20260915162814,20260915170334,SN
2026-09-15T08:12:19.606842+00:00,SOEM0010,02,2,20260915170652,20260915115850,20260915123651,,SO
2026-09-15T08:12:19.606842+00:00,ST111105,02,2,20260915170931,20260915162655,20260915170656,,ST
2026-09-15T08:12:19.606842+00:00,ST112102,01,3,20260915170533,20260915170533,20260915144336,20260915170223,ST
2026-09-15T08:12:19.606842+00:00,ST112106,03,2,20260915171134,20260915144915,20260915170829,,ST
2026-09-15T08:12:19.606842+00:00,ST112106,04,3,20260915171134,20260915171134,20260915143339,20260915170931,ST
2026-09-15T08:12:19.606842+00:00,ST112302,01,2,20260915170533,20260915152935,20260915170229,,ST
2026-09-15T08:12:19.606842+00:00,ST112606,01,2,20260915170733,20260915072530,20260915170733,,ST
2026-09-15T08:12:19.606842+00:00,ST112606,02,2,20260915170339,20260915101713,20260915170039,,ST
2026-09-15T08:12:19.606842+00:00,ST113009,01,3,20260915170540,20260915170540,20260915134240,20260915064444,ST
2026-09-15T08:12:19.606842+00:00,ST113202,06,3,20260915171145,20260915171145,20260915060351,20260915170757,ST
2026-09-15T08:12:19.606842+00:00,ST114419,02,3,20260915170354,20260915170354,20260915165351,20260915161117,ST
2026-09-15T08:12:19.606842+00:00,ST114420,04,2,20260915170948,20260915162638,20260915170723,,ST
2026-09-15T08:12:19.606842+00:00,ST114708,01,2,20260915170544,20260915143744,20260915170544,,ST
2026-09-15T08:12:19.606842+00:00,ST115008,02,2,20260915171144,20260915161545,20260915170852,,ST
2026-09-15T08:12:19.606842+00:00,ST115017,01,3,20260915170549,20260915170549,20260915155151,20260915170212,ST
2026-09-15T08:12:19.606842+00:00,ST115020,03,1,20260915170744,20260912181516,20260915163544,,ST
2026-09-15T08:12:19.606842+00:00,ST115020,04,1,20260915170545,20260915160949,20260915163345,,ST
2026-09-15T08:12:19.606842+00:00,ST115020,06,3,20260915170744,20260915134206,20260915141741,20260915170744,ST
2026-09-15T08:12:19.606842+00:00,ST115311,02,3,20260915170544,20260915170544,20260915160415,20260915170210,ST
2026-09-15T08:12:19.606842+00:00,ST115403,04,2,20260915170526,20260914080358,20260914112147,,ST
2026-09-15T08:12:19.606842+00:00,ST115610,01,2,20260915170740,20260915130521,20260915155239,,ST
2026-09-15T08:12:19.606842+00:00,ST116211,02,3,20260915170744,20260915154046,20260915162233,20260915170744,ST
2026-09-15T08:12:19.606842+00:00,ST116213,02,2,20260915170353,20260915161320,20260915170154,,ST
2026-09-15T08:12:19.606842+00:00,ST116510,07,2,20260915171136,20260911115749,20260915170907,,ST
2026-09-15T08:12:19.606842+00:00,ST116513,05,3,20260915171145,20260915171145,20260915142139,20260915170802,ST
2026-09-15T08:12:19.606842+00:00,ST116518,01,2,20260915170346,20260915144440,20260915170117,,ST
2026-09-15T08:12:19.606842+00:00,ST116519,10,2,20260915170543,20260911115535,20260915170543,,ST
2026-09-15T08:12:19.606842+00:00,ST116524,04,2,20260915170347,20260915160442,20260915170136,,ST
2026-09-15T08:12:19.606842+00:00,ST116534,01,2,20260915171156,20260915165521,20260915170946,,ST
2026-09-15T08:12:19.606842+00:00,ST116534,03,3,20260915170357,20260915170357,20260915160358,20260915142908,ST
2026-09-15T08:12:19.606842+00:00,ST116810,03,2,20260915170538,20260912233356,20260914041941,,ST
2026-09-15T08:12:19.606842+00:00,ST117105,02,2,20260915170335,20260915161217,20260915170204,,ST
2026-09-15T08:12:19.606842+00:00,ST117105,03,3,20260915170930,20260915142337,20260915152701,20260915170930,ST
2026-09-15T08:12:19.606842+00:00,ST117106,01,3,20260915170730,20260915170730,20260914181730,20260913080547,ST
2026-09-15T08:12:19.606842+00:00,ST117106,02,2,20260915170730,20260915161217,20260915170429,,ST
2026-09-15T08:12:19.606842+00:00,ST117118,02,3,20260915170535,20260915170535,20260915170339,20260915170255,ST
2026-09-15T08:12:19.606842+00:00,ST117118,07,2,20260915170816,20260915051202,20260915135917,,ST
2026-09-15T08:12:19.606842+00:00,ST117119,01,3,20260915171149,20260915171149,20260915153117,20260915170924,ST
2026-09-15T08:12:19.606842+00:00,ST117119,02,2,20260915170746,20260915122316,20260915170406,,ST
2026-09-15T08:12:19.606842+00:00,ST117119,03,3,20260915170545,20260915170545,20260915142802,20260915170239,ST
2026-09-15T08:12:19.606842+00:00,ST117401,02,3,20260915170329,20260915170329,20260912154819,20260915100851,ST
2026-09-15T08:12:19.606842+00:00,ST117403,02,2,20260915171142,20260915153604,20260915170815,,ST
2026-09-15T08:12:19.606842+00:00,ST600507,02,2,20260915170404,20260915161312,20260915170022,,ST
2026-09-15T08:12:19.606842+00:00,ST601051,01,2,20260915170408,20260914130703,20260915170038,,ST
2026-09-15T08:12:19.606842+00:00,ST601200,02,3,20260915170413,20260915170413,20260915164216,20260915160842,ST
2026-09-15T08:12:19.606842+00:00,ST601293,02,2,20260915170809,20260915092903,20260915110907,,ST
2026-09-15T08:12:19.606842+00:00,ST601333,18,2,20260915170809,20260915083812,20260915170809,,ST
2026-09-15T08:12:19.606842+00:00,ST601472,01,3,20260915170813,20260915161015,20260915165321,20260915170813,ST
2026-09-15T08:12:19.606842+00:00,ST601488,01,2,20260915170815,20260915162215,20260915170815,,ST
2026-09-15T08:12:19.606842+00:00,ST601497,01,3,20260915171015,20260915162653,20260915165528,20260915171015,ST
2026-09-15T08:12:19.606842+00:00,ST601604,01,2,20260915170818,20260915063615,20260915170818,,ST
2026-09-15T08:12:19.606842+00:00,ST601882,09,2,20260915170819,20260915161422,20260915170819,,ST
2026-09-15T08:12:19.606842+00:00,SZBA0005,01,3,20260915170450,20260915170450,20260915103350,20260915170450,SZ
2026-09-15T08:12:19.606842+00:00,SZBA0005,04,2,20260915170538,20260915163410,20260915170538,,SZ
2026-09-15T08:12:19.606842+00:00,SZBA0007,01,2,20260915170428,20260915164734,20260915170428,,SZ
2026-09-15T08:12:19.606842+00:00,SZBA0007,02,2,20260915170430,20260915164813,20260915170430,,SZ
2026-09-15T08:12:19.606842+00:00,SZBA0008,09,3,20260915171154,20260915171154,20260915170411,20260915171154,SZ
2026-09-15T08:12:19.606842+00:00,SZBA0008,10,2,20260915170412,20260915164631,20260915170412,,SZ
2026-09-15T08:12:19.606842+00:00,SZBA0058,01,2,20260915170620,20260915165901,20260915170620,,SZ
2026-09-15T08:12:19.606842+00:00,SZBA0058,02,2,20260915170620,20260915165901,20260915170620,,SZ
2026-09-15T08:12:19.606842+00:00,SZBA0108,09,2,20260915170449,20260609122305,20260915170449,,SZ
