fetched_at,statId,chgerId,stat,statUpdDt,lastTsdt,lastTedt,nowTsdt,busiId
2026-10-01T00:00:50.755645+00:00,ME174013,01,2,20261001085733,20260930065644,20260930070436,,ME
2026-10-01T00:00:50.755645+00:00,ME174027,01,2,20261001085739,20261001070557,20261001074917,,ME
2026-10-01T00:00:50.755645+00:00,ME174039,01,2,20261001085739,20260929103213,20260929105255,,ME
2026-10-01T00:00:50.755645+00:00,ME178009,01,3,20261001085747,20261001075829,20261001084129,20261001084244,ME
2026-10-01T00:00:50.755645+00:00,ME178009,02,2,20261001085752,20261001075334,20261001082250,,ME
2026-10-01T00:00:50.755645+00:00,ME181102,01,2,20261001085754,20260930152444,20260930162055,,ME
2026-10-01T00:00:50.755645+00:00,ME181150,12,2,20261001085800,20260928184224,20260928192849,,ME
2026-10-01T00:00:50.755645+00:00,ME181150,13,2,20261001085804,20260926151936,20260926160257,,ME
2026-10-01T00:00:50.755645+00:00,ME183001,01,2,20261001085805,20260930204738,20260930213042,,ME
2026-10-01T00:00:50.755645+00:00,ME183002,01,2,20261001085817,20260930135453,20260930142024,,ME
2026-10-01T00:00:50.755645+00:00,ME183003,01,2,20261001085817,20260929212028,20260929215044,,ME
2026-10-01T00:00:50.755645+00:00,ME183004,01,2,20261001085824,20261001060632,20261001065117,,ME
2026-10-01T00:00:50.755645+00:00,ME183006,01,2,20261001085827,20260930100323,20260930103358,,ME
2026-10-01T00:00:50.755645+00:00,ME183008,01,2,20261001085833,20260930112056,20260930115108,,ME
2026-10-01T00:00:50.755645+00:00,ME183009,01,2,20261001085838,20260929151830,20260929160034,,ME
2026-10-01T00:00:50.755645+00:00,ME183103,01,2,20261001085843,20260930230035,20260930230731,,ME
2026-10-01T00:00:50.755645+00:00,ME183103,02,2,20261001085847,20260930132404,20260930133310,,ME
2026-10-01T00:00:50.755645+00:00,ME183103,52,2,20261001085854,20260930230629,20260930234033,,ME
2026-10-01T00:00:50.755645+00:00,ME183219,01,2,20261001085854,20260930121749,20260930130055,,ME
2026-10-01T00:00:50.755645+00:00,ME183219,02,2,20261001085900,20260930142156,20260930150244,,ME
2026-10-01T00:00:50.755645+00:00,ME183219,52,2,20261001085902,20260930131221,20260930133223,,ME
2026-10-01T00:00:50.755645+00:00,ME184075,01,2,20261001085905,20260928034912,20260928043235,,ME
2026-10-01T00:00:50.755645+00:00,ME184076,01,3,20261001085617,20261001085344,20261001085500,20261001085614,ME
2026-10-01T00:00:50.755645+00:00,ME18B159,01,2,20261001085411,20260930203328,20260930204704,,ME
2026-10-01T00:00:50.755645+00:00,ME18B163,01,2,20261001085416,20261001075029,20261001083308,,ME
2026-10-01T00:00:50.755645+00:00,ME18B164,01,2,20261001085418,20260929164001,20260929170721,,ME
2026-10-01T00:00:50.755645+00:00,ME18B165,01,2,20261001085425,20260930182604,20260930183439,,ME
2026-10-01T00:00:50.755645+00:00,ME18B166,01,3,20261001085525,20261001071620,20261001074809,20261001083014,ME
2026-10-01T00:00:50.755645+00:00,ME18B168,01,2,20261001085434,20260930110919,20260930114450,,ME
2026-10-01T00:00:50.755645+00:00,ME18B169,01,2,20261001085440,20260930141631,20260930145937,,ME
2026-10-01T00:00:50.755645+00:00,ME18B170,01,2,20261001085448,20260930210505,20260930213430,,ME
2026-10-01T00:00:50.755645+00:00,ME18B175,01,2,20261001085453,20260930063908,20260930064846,,ME
2026-10-01T00:00:50.755645+00:00,ME18B176,01,2,20261001085452,20260930183205,20260930191511,,ME
2026-10-01T00:00:50.755645+00:00,ME18B179,01,2,20261001085502,20261001064546,20261001072850,,ME
2026-10-01T00:00:50.755645+00:00,ME18B180,01,3,20261001085527,20261001073652,20261001082302,20261001084023,ME
2026-10-01T00:00:50.755645+00:00,ME18B181,01,2,20261001085508,20261001044944,20261001052109,,ME
2026-10-01T00:00:50.755645+00:00,ME18B183,01,2,20261001085523,20260930151257,20260930154108,,ME
2026-10-01T00:00:50.755645+00:00,ME18B278,11,2,20261001085515,20261001061256,20261001063323,,ME
2026-10-01T00:00:50.755645+00:00,ME18B278,12,2,20261001085518,20261001055524,20261001060925,,ME
2026-10-01T00:00:50.755645+00:00,ME18B279,11,3,20261001085505,20261001074012,20261001080214,20261001083422,ME
2026-10-01T00:00:50.755645+00:00,ME18B279,12,2,20261001085506,20261001032236,20261001032650,,ME
2026-10-01T00:00:50.755645+00:00,ME18B284,11,2,20261001085539,20260930110608,20260930112901,,ME
2026-10-01T00:00:50.755645+00:00,ME18B284,12,3,20261001085730,20260930235613,20261001003800,20261001085223,ME
2026-10-01T00:00:50.755645+00:00,ME18B288,11,2,20261001085533,20260930140003,20260930144216,,ME
2026-10-01T00:00:50.755645+00:00,ME18B288,12,2,20261001085534,20260930160758,20260930162256,,ME
2026-10-01T00:00:50.755645+00:00,ME18B408,01,2,20261001085241,20261001081312,20261001085235,,ME
2026-10-01T00:00:50.755645+00:00,ME19A152,01,2,20261001085444,20260929021505,20260929023426,,ME
2026-10-01T00:00:50.755645+00:00,ME19A153,01,2,20261001085541,20261001064237,20261001065948,,ME
2026-10-01T00:00:50.755645+00:00,ME19A160,01,2,20261001085543,20260930170330,20260930171834,,ME
2026-10-01T00:00:50.755645+00:00,ME19A164,01,3,20261001085905,20261001023002,20261001024004,20261001084402,ME
2026-10-01T00:00:50.755645+00:00,ME19A170,01,2,20261001085825,20261001025239,20261001032028,,ME
2026-10-01T00:00:50.755645+00:00,ME19A265,21,3,20261001085825,20261001030236,20261001031839,20261001085317,ME
2026-10-01T00:00:50.755645+00:00,ME19A265,22,2,20261001085147,20261001070712,20261001073633,,ME
2026-10-01T00:00:50.755645+00:00,ME19D118,01,2,20261001085645,20260930175511,20260930181057,,ME
2026-10-01T00:00:50.755645+00:00,ME19X403,42,3,20261001085600,20261001075656,20261001083656,20261001084057,ME
2026-10-01T00:00:50.755645+00:00,ME19X403,43,2,20261001085808,20260930174618,20260930182618,,ME
2026-10-01T00:00:50.755645+00:00,ME19X403,44,2,20261001085816,20261001065718,20261001073056,,ME
2026-10-01T00:00:50.755645+00:00,ME19X403,45,3,20261001085849,20260930183121,20260930191058,20261001085634,ME
2026-10-01T00:00:50.755645+00:00,ME19X417,42,2,20261001085727,20260930084220,20260930092220,,ME
2026-10-01T00:00:50.755645+00:00,ME19X417,43,2,20261001085723,20260930130551,20260930133537,,ME
2026-10-01T00:00:50.755645+00:00,ME19X417,44,3,20261001085500,20261001075239,20261001083239,20261001083456,ME
2026-10-01T00:00:50.755645+00:00,ME19X417,45,2,20261001085735,20261001075105,20261001083105,,ME
2026-10-01T00:00:50.755645+00:00,ME19Y284,21,2,20261001085740,20260929200231,20260929202035,,ME
2026-10-01T00:00:50.755645+00:00,ME19Y284,22,3,20261001085805,20261001081332,20261001085332,20261001085736,ME
2026-10-01T00:00:50.755645+00:00,ME19Y601,21,3,20261001085736,20261001061303,20261001064434,20261001083921,ME
2026-10-01T00:00:50.755645+00:00,ME19Y601,22,2,20261001085530,20261001055757,20261001063757,,ME
2026-10-01T00:00:50.755645+00:00,ME19Y601,23,3,20261001085729,20261001011106,20261001015106,20261001083417,ME
2026-10-01T00:00:50.755645+00:00,ME19Y601,24,2,20261001085826,20261001050023,20261001054023,,ME
2026-10-01T00:00:50.755645+00:00,ME19Y601,25,2,20261001085745,20260930051432,20260930055432,,ME
2026-10-01T00:00:50.755645+00:00,ME19Y601,26,3,20261001085815,20261001040620,20261001042736,20261001082022,ME
2026-10-01T00:00:50.755645+00:00,ME20A193,01,2,20261001085719,20261001075720,20261001083622,,ME
2026-10-01T00:00:50.755645+00:00,ME20A194,01,2,20261001085722,20260930130514,20260930134344,,ME
2026-10-01T00:00:50.755645+00:00,ME20A195,01,2,20261001085733,20260930193001,20260930194246,,ME
2026-10-01T00:00:50.755645+00:00,ME20A196,01,2,20261001085701,20261001052350,20261001060350,,ME
2026-10-01T00:00:50.755645+00:00,ME20A197,01,2,20261001085724,20261001005320,20261001013320,,ME
2026-10-01T00:00:50.755645+00:00,ME20A198,01,2,20261001085727,20260924114711,20260924120154,,ME
2026-10-01T00:00:50.755645+00:00,ME20A199,01,2,20261001085726,20261001011110,20261001014027,,ME
2026-10-01T00:00:50.755645+00:00,ME20A1a0,01,2,20261001085730,20260930211119,20260930212304,,ME
2026-10-01T00:00:50.755645+00:00,ME20A1a1,01,2,20261001085724,20260930202412,20260930203234,,ME
2026-10-01T00:00:50.755645+00:00,ME20A1a2,01,2,20261001085721,20260929081412,20260929085412,,ME
2026-10-01T00:00:50.755645+00:00,ME20A1a3,01,2,20261001085718,20260930155106,20260930163106,,ME
2026-10-01T00:00:50.755645+00:00,ME20A1a4,01,2,20261001085725,20260929172748,20260929180748,,ME
2026-10-01T00:00:50.755645+00:00,ME20A1a5,01,2,20261001085724,20260930131454,20260930132419,,ME
2026-10-01T00:00:50.755645+00:00,ME20A1a6,01,3,20261001085437,20261001081630,20261001081728,20261001081920,ME
2026-10-01T00:00:50.755645+00:00,ME20A1a7,01,2,20261001085718,20260930142439,20260930144230,,ME
2026-10-01T00:00:50.755645+00:00,ME20A1a8,01,2,20261001085808,20261001065223,20261001073223,,ME
2026-10-01T00:00:50.755645+00:00,ME20A1a9,01,2,20261001085723,20261001061914,20261001065228,,ME
2026-10-01T00:00:50.755645+00:00,ME20A1b0,01,2,20261001085625,20260930223722,20260930231722,,ME
2026-10-01T00:00:50.755645+00:00,ME20A278,21,2,20261001085802,20260930142047,20260930144534,,ME
2026-10-01T00:00:50.755645+00:00,ME20A278,22,2,20261001085802,20261001004204,20261001012204,,ME
2026-10-01T00:00:50.755645+00:00,ME20A279,21,2,20261001085651,20260930195919,20260930203919,,ME
2026-10-01T00:00:50.755645+00:00,ME20A279,22,2,20261001085652,20261001072310,20261001075800,,ME
2026-10-01T00:00:50.755645+00:00,ME20A280,01,2,20261001085741,20260929172140,20260929180140,,ME
2026-10-01T00:00:50.755645+00:00,ME20A280,02,2,20261001085642,20260930174804,20260930182804,,ME
2026-10-01T00:00:50.755645+00:00,ME20A301,01,2,20261001085739,20260929132007,20260929140007,,ME
2026-10-01T00:00:50.755645+00:00,ME20A301,21,2,20261001085743,20260929192540,20260929200141,,ME
2026-10-01T00:00:50.755645+00:00,ME20A301,22,2,20261001085743,20260930171540,20260930175540,,ME
2026-10-01T00:00:50.755645+00:00,ME20A409,21,2,20261001085646,20260930165046,20260930165623,,ME
2026-10-01T00:00:50.755645+00:00,ME20A409,22,2,20261001085647,20260930142222,20260930150222,,ME
2026-10-01T00:00:50.755645+00:00,ME20A409,23,2,20261001085739,20261001061751,20261001065626,,ME
2026-10-01T00:00:50.755645+00:00,ME20A409,24,2,20261001085739,20260930200829,20260930204829,,ME
2026-10-01T00:00:50.755645+00:00,ME20A410,01,3,20261001085838,20261001074624,20261001082624,20261001082830,ME
2026-10-01T00:00:50.755645+00:00,ME20A410,02,2,20261001085801,20261001085110,20261001085631,,ME
2026-10-01T00:00:50.755645+00:00,ME20A410,03,2,20261001085825,20260930170722,20260930173116,,ME
2026-10-01T00:00:50.755645+00:00,ME20A410,91,2,20261001085808,20261001080008,20261001084008,,ME
2026-10-01T00:00:50.755645+00:00,ME20A411,01,2,20261001085832,20260930164414,20260930172414,,ME
2026-10-01T00:00:50.755645+00:00,ME20A411,02,2,20261001085820,20260930133726,20260930133826,,ME
2026-10-01T00:00:50.755645+00:00,ME20A411,03,2,20261001085830,20260930161454,20260930163522,,ME
2026-10-01T00:00:50.755645+00:00,ME20A411,04,2,20261001085831,20260930135804,20260930143223,,ME
2026-10-01T00:00:50.755645+00:00,ME21B132,01,3,20261001085826,20261001063625,20261001065346,20261001082344,ME
2026-10-01T00:00:50.755645+00:00,ME21C250,21,2,20261001085821,20260930174613,20260930181459,,ME
2026-10-01T00:00:50.755645+00:00,ME21C250,22,2,20261001085822,20260930214421,20260930220921,,ME
2026-10-01T00:00:50.755645+00:00,ME21C251,21,2,20261001085814,20261001033223,20261001041224,,ME
2026-10-01T00:00:50.755645+00:00,ME21C251,22,2,20261001085814,20260930215902,20260930222134,,ME
2026-10-01T00:00:50.755645+00:00,ME21D048,01,2,20261001085825,20261001084429,20261001085828,,ME
2026-10-01T00:00:50.755645+00:00,ME22C1B8,01,2,20261001085810,20261001023344,20261001025502,,ME
2026-10-01T00:00:50.755645+00:00,ME22C1B9,01,2,20261001085903,20261001061836,20261001064459,,ME
2026-10-01T00:00:50.755645+00:00,ME22C1C0,01,2,20261001085812,20260927112449,20260927120450,,ME
2026-10-01T00:00:50.755645+00:00,ME22C802,01,2,20261001085831,20260930132523,20260930140525,,ME
2026-10-01T00:00:50.755645+00:00,ME22C802,02,3,20261001085859,20260930191114,20260930192030,20261001083733,ME
2026-10-01T00:00:50.755645+00:00,ME22C802,03,2,20261001085846,20260930154811,20260930160713,,ME
2026-10-01T00:00:50.755645+00:00,ME22C802,04,2,20261001085839,20260929153814,20260929155032,,ME
2026-10-01T00:00:50.755645+00:00,ME22C802,05,2,20261001085837,20260930080310,20260930084314,,ME
2026-10-01T00:00:50.755645+00:00,ME22C802,06,2,20261001085844,20260930142641,20260930145829,,ME
2026-10-01T00:00:50.755645+00:00,ME22C802,07,2,20261001085830,20260930133752,20260930134920,,ME
2026-10-01T00:00:50.755645+00:00,ME22C802,08,2,20261001085827,20260930180714,20260930181742,,ME
2026-10-01T00:00:50.755645+00:00,ME22D121,01,2,20261001085909,20260930164015,20260930164318,,ME
2026-10-01T00:00:50.755645+00:00,ME22D134,01,2,20261001085837,20260930200025,20260930202158,,ME
2026-10-01T00:00:50.755645+00:00,ME22D152,01,2,20261001085900,20260926114927,20260926122929,,ME
2026-10-01T00:00:50.755645+00:00,ME22D205,01,2,20261001085853,20260929085805,20260929093650,,ME
2026-10-01T00:00:50.755645+00:00,ME22D205,02,2,20261001085859,20260930192236,20260930192820,,ME
2026-10-01T00:00:50.755645+00:00,ME22D402,01,2,20261001085852,20261001062519,20261001064207,,ME
2026-10-01T00:00:50.755645+00:00,ME22D402,02,2,20261001085844,20260930104413,20260930112416,,ME
2026-10-01T00:00:50.755645+00:00,ME22D402,03,2,20261001085829,20260929235358,20260930000701,,ME
2026-10-01T00:00:50.755645+00:00,ME22D402,04,2,20261001085823,20261001080957,20261001085000,,ME
2026-10-01T00:00:50.755645+00:00,ME22M301,01,2,20261001085818,20261001065958,20261001071931,,ME
2026-10-01T00:00:50.755645+00:00,ME22M301,02,2,20261001085826,20261001064626,20261001065624,,ME
2026-10-01T00:00:50.755645+00:00,ME22M301,81,2,20261001085814,20261001072303,20261001074105,,ME
2026-10-01T00:00:50.755645+00:00,ME22M301,82,2,20261001085814,20261001063912,20261001070557,,ME
2026-10-01T00:00:50.755645+00:00,ME22M301,83,2,20261001085845,20260930174624,20260930175022,,ME
2026-10-01T00:00:50.755645+00:00,ME22M301,84,2,20261001085818,20260930161732,20260930161747,,ME
2026-10-01T00:00:50.755645+00:00,ME22M302,12,2,20261001085057,20260817104012,20260817112018,,ME
2026-10-01T00:00:50.755645+00:00,ME22M302,33,2,20261001085832,20261001060450,20261001062253,,ME
2026-10-01T00:00:50.755645+00:00,ME22M302,34,2,20261001085909,20260928104130,20260928112131,,ME
2026-10-01T00:00:50.755645+00:00,ME22M302,35,2,20261001085815,20260926140047,20260926144048,,ME
2026-10-01T00:00:50.755645+00:00,ME22M302,36,2,20261001085818,20260930065914,20260930073606,,ME
2026-10-01T00:00:50.755645+00:00,ME25A102,01,2,20261001085520,20260930150039,20260930153132,,ME
2026-10-01T00:00:50.755645+00:00,ME25A107,01,2,20261001085517,20260928075203,20260928082134,,ME
2026-10-01T00:00:50.755645+00:00,ME25A108,01,2,20261001085729,20260916152726,20260916155313,,ME
2026-10-01T00:00:50.755645+00:00,ME25A109,01,2,20261001085515,20260930123556,20260930131244,,ME
2026-10-01T00:00:50.755645+00:00,ME25A401,21,2,20261001085518,20260930190409,20260930193752,,ME
2026-10-01T00:00:50.755645+00:00,ME25A401,22,2,20261001085520,20260930135641,20260930135801,,ME
2026-10-01T00:00:50.755645+00:00,ME25A401,23,2,20261001085528,20260930065641,20260930070516,,ME
2026-10-01T00:00:50.755645+00:00,ME25A401,24,2,20261001085530,20260929102023,20260929102609,,ME
2026-10-01T00:00:50.755645+00:00,ME25A403,21,2,20261001085540,20260916152734,20260916160739,,ME
2026-10-01T00:00:50.755645+00:00,ME25A403,22,2,20261001085542,20260923065817,20260923073818,,ME
2026-10-01T00:00:50.755645+00:00,ME25A403,23,2,20261001085551,20260924140639,20260924143045,,ME
2026-10-01T00:00:50.755645+00:00,ME25A403,24,2,20261001085553,20260919131936,20260919132044,,ME
2026-10-01T00:00:50.755645+00:00,ME25A404,21,2,20261001085604,20260930155032,20260930160847,,ME
2026-10-01T00:00:50.755645+00:00,ME25A404,22,2,20261001085606,20261001070105,20261001071337,,ME
2026-10-01T00:00:50.755645+00:00,ME25A404,23,2,20261001085616,20260929155235,20260929155919,,ME
2026-10-01T00:00:50.755645+00:00,ME25A404,24,2,20261001085618,20260915112557,20260915120602,,ME
2026-10-01T00:00:50.755645+00:00,ME25A405,21,2,20261001085628,20260929215329,20260929222306,,ME
2026-10-01T00:00:50.755645+00:00,ME25A405,22,2,20261001085631,20260930170909,20260930195406,,ME
2026-10-01T00:00:50.755645+00:00,ME25A405,23,2,20261001085643,20260929143129,20260929150728,,ME
2026-10-01T00:00:50.755645+00:00,ME25A405,24,2,20261001085645,20260930185209,20260930191713,,ME
2026-10-01T00:00:50.755645+00:00,ME25A406,21,2,20261001085654,20260930185457,20260930190048,,ME
2026-10-01T00:00:50.755645+00:00,ME25A406,22,2,20261001085656,20260929113703,20260929120041,,ME
2026-10-01T00:00:50.755645+00:00,ME25A406,23,2,20261001085707,20260930124123,20260930124627,,ME
2026-10-01T00:00:50.755645+00:00,ME25A406,24,2,20261001085709,20260928125427,20260928131758,,ME
2026-10-01T00:00:50.755645+00:00,AH000021,04,2,20261001085625,20261001081121,20261001085625,,AH
2026-10-01T00:00:50.755645+00:00,AH000121,03,3,20261001085625,20261001085625,20260923162729,20261001085624,AH
2026-10-01T00:00:50.755645+00:00,AH000134,01,3,20261001085625,20261001085625,20260930100934,20261001085624,AH
2026-10-01T00:00:50.755645+00:00,AM900055,01,3,20261001085301,20260930030945,20260930060953,20261001085301,AM
2026-10-01T00:00:50.755645+00:00,AMAM0005,02,2,20261001085241,20260930235241,20260930235241,,AM
2026-10-01T00:00:50.755645+00:00,BNAG3302,03,3,20261001085444,20261001085444,20261001083844,20261001085444,BN
2026-10-01T00:00:50.755645+00:00,BNBN0106,03,2,20261001085702,20260930162128,20261001085419,,BN
2026-10-01T00:00:50.755645+00:00,BNBN0822,01,3,20261001085711,20260930191805,20260930202806,20260930191805,BN
2026-10-01T00:00:50.755645+00:00,BNBN0823,01,3,20261001085107,20260930142103,20260930152056,20260930142103,BN
2026-10-01T00:00:50.755645+00:00,BNBN0904,05,3,20261001085408,20260930134648,20260930144628,20260930134648,BN
2026-10-01T00:00:50.755645+00:00,BT200001,03,3,20261001085948,20261001085948,20261001085948,20261001085948,BT
2026-10-01T00:00:50.755645+00:00,BT200001,04,3,20261001085827,20261001085827,20261001085827,20261001085827,BT
2026-10-01T00:00:50.755645+00:00,BT200001,06,2,20261001090009,20261001090003,20261001090009,,BT
2026-10-01T00:00:50.755645+00:00,BT200001,08,2,20261001090004,20261001090003,20261001090004,,BT
2026-10-01T00:00:50.755645+00:00,BT200001,12,3,20261001090003,20261001090003,20261001090003,20261001090003,BT
2026-10-01T00:00:50.755645+00:00,CRCR0033,01,3,20261001085524,20260930152354,20260930161347,20261001085524,CR
2026-10-01T00:00:50.755645+00:00,CRCR0033,02,3,20261001085515,20260930160533,20260930165116,20261001085515,CR
2026-10-01T00:00:50.755645+00:00,CV000405,01,2,20261001085517,20261001081820,20261001085019,,CV
2026-10-01T00:00:50.755645+00:00,CV000685,02,3,20261001085519,20261001085022,20261001085030,20261001085022,CV
2026-10-01T00:00:50.755645+00:00,CV001061,03,3,20261001085521,20261001085330,20261001085335,20261001085521,CV
2026-10-01T00:00:50.755645+00:00,CV001088,01,2,20261001085521,20261001083417,20261001085318,,CV
2026-10-01T00:00:50.755645+00:00,CV001102,01,3,20261001085521,20261001085411,20261001085412,20261001085521,CV
2026-10-01T00:00:50.755645+00:00,CV001286,08,3,20261001085054,20261001084723,20261001084715,20261001084723,CV
2026-10-01T00:00:50.755645+00:00,CV001364,02,3,20261001085524,20261001085020,20261001085016,20261001085020,CV
2026-10-01T00:00:50.755645+00:00,CV001364,03,3,20261001085554,20261001085038,20261001085041,20261001085038,CV
2026-10-01T00:00:50.755645+00:00,CV001586,01,1,20261001085523,20261001050529,20261001062559,,CV
2026-10-01T00:00:50.755645+00:00,CV001698,03,3,20261001085524,20261001085025,20261001085035,20261001085524,CV
2026-10-01T00:00:50.755645+00:00,CV002086,03,2,20261001085529,20260912220607,20260913030022,,CV
2026-10-01T00:00:50.755645+00:00,CV002165,06,3,20261001085534,20261001085412,20261001085413,20261001085412,CV
2026-10-01T00:00:50.755645+00:00,CV002274,32,3,20261001085545,20261001085022,20261001085027,20261001085022,CV
2026-10-01T00:00:50.755645+00:00,CV003197,06,2,20261001085544,20261001025751,20261001085134,,CV
2026-10-01T00:00:50.755645+00:00,CV003473,09,3,20261001085547,20261001085129,20261001085130,20261001085129,CV
2026-10-01T00:00:50.755645+00:00,CV003814,03,3,20261001085050,20261001084939,20261001084939,20261001085050,CV
2026-10-01T00:00:50.755645+00:00,CV003816,10,3,20261001085050,20261001085005,20261001085007,20261001085050,CV
2026-10-01T00:00:50.755645+00:00,CV003990,02,2,20261001085550,20261001075642,20261001085114,,CV
2026-10-01T00:00:50.755645+00:00,CV004038,03,3,20261001085550,20261001085045,20261001085046,20261001085045,CV
2026-10-01T00:00:50.755645+00:00,CV004073,02,2,20261001085050,20261001082609,20261001084929,,CV
2026-10-01T00:00:50.755645+00:00,CV004322,09,2,20261001085053,20260926175931,20260926205435,,CV
2026-10-01T00:00:50.755645+00:00,CV004328,06,2,20261001085050,20261001081351,20261001084651,,CV
2026-10-01T00:00:50.755645+00:00,CV004473,04,3,20261001085053,20261001084540,20261001084542,20261001085053,CV
2026-10-01T00:00:50.755645+00:00,CV004685,03,3,20261001085053,20261001084545,20261001084546,20261001085053,CV
2026-10-01T00:00:50.755645+00:00,CV004754,05,2,20261001085555,20261001074118,20261001085018,,CV
2026-10-01T00:00:50.755645+00:00,DYME2017,10,3,20261001085100,20261001085100,20260930135900,20261001085100,DY
2026-10-01T00:00:50.755645+00:00,EASGGSSG,02,3,20261001090002,20261001090002,20260929173000,20261001090002,EA
2026-10-01T00:00:50.755645+00:00,EC000210,10,2,20261001085401,20260930231117,20261001054151,,EC
2026-10-01T00:00:50.755645+00:00,EC000388,01,2,20261001085401,20260930215425,20260930235928,,EC
2026-10-01T00:00:50.755645+00:00,EC001018,08,3,20261001085801,20261001085815,20260930192459,20260930180707,EC
2026-10-01T00:00:50.755645+00:00,EC001018,10,3,20261001085201,20261001085133,20261001052243,20261001085133,EC
2026-10-01T00:00:50.755645+00:00,EC002393,02,3,20261001085401,20261001085348,20260930141820,20261001085348,EC
2026-10-01T00:00:50.755645+00:00,EC003258,01,2,20261001090004,20260930214934,20260930230246,,EC
2026-10-01T00:00:50.755645+00:00,EC003258,02,3,20261001085401,20261001085340,20260930215503,20261001085340,EC
2026-10-01T00:00:50.755645+00:00,EC004920,02,2,20261001085402,20261001062523,20261001085234,,EC
2026-10-01T00:00:50.755645+00:00,EC004962,02,2,20261001085402,20261001051920,20261001065701,,EC
2026-10-01T00:00:50.755645+00:00,EC004965,04,3,20261001090005,20261001085947,20260930171903,20261001085947,EC
2026-10-01T00:00:50.755645+00:00,EC110042,01,3,20261001085202,20261001085058,20260930100733,20261001085058,EC
2026-10-01T00:00:50.755645+00:00,EC110043,01,3,20261001085602,20261001085610,20260930155400,20260930145023,EC
2026-10-01T00:00:50.755645+00:00,EP210167,02,5,20261001085131,20261001031030,20261001051032,,EP
2026-10-01T00:00:50.755645+00:00,EP210264,01,3,20261001085711,20260929080933,20260929110941,20261001085711,EP
2026-10-01T00:00:50.755645+00:00,ER000245,06,3,20261001085859,20260930104245,20260930085658,20261001085838,ER
2026-10-01T00:00:50.755645+00:00,ER000245,09,2,20261001085739,20261001072703,20260930175158,,ER
2026-10-01T00:00:50.755645+00:00,ER000397,28,2,20261001085500,20261001030345,20260930212212,,ER
2026-10-01T00:00:50.755645+00:00,ER000397,38,2,20261001085837,20261001020457,20260930201405,,ER
2026-10-01T00:00:50.755645+00:00,ER000398,03,2,20261001085900,20261001085302,20261001064823,,ER
2026-10-01T00:00:50.755645+00:00,ER000477,07,2,20261001085347,20261001053741,20260930234344,,ER
2026-10-01T00:00:50.755645+00:00,ER000477,12,2,20261001085530,20260930225321,20260930185359,,ER
2026-10-01T00:00:50.755645+00:00,ER000484,03,2,20261001085242,20261001015628,20260930194541,,ER
2026-10-01T00:00:50.755645+00:00,EV000050,03,3,20261001085053,20260926131219,20260926235606,20261001084957,EV
2026-10-01T00:00:50.755645+00:00,EV000077,01,2,20261001085901,20260930194019,20261001001925,,EV
2026-10-01T00:00:50.755645+00:00,EV000082,02,2,20261001085901,20261001003237,20261001044940,,EV
2026-10-01T00:00:50.755645+00:00,EV000493,02,3,20261001085701,20260929173747,20260929204233,20261001085528,EV
2026-10-01T00:00:50.755645+00:00,EV000516,01,2,20261001085257,20261001003915,20261001070326,,EV
2026-10-01T00:00:50.755645+00:00,EV001194,02,2,20261001085703,20260930232226,20261001065752,,EV
2026-10-01T00:00:50.755645+00:00,EV001578,02,2,20261001085257,20260930175135,20261001035229,,EV
2026-10-01T00:00:50.755645+00:00,EV001631,01,3,20261001085859,20260930214435,20261001004836,20261001085722,EV
2026-10-01T00:00:50.755645+00:00,EV002041,03,2,20261001085501,20260930210300,20261001012011,,EV
2026-10-01T00:00:50.755645+00:00,EV002138,02,2,20261001085904,20260930193050,20261001051908,,EV
2026-10-01T00:00:50.755645+00:00,EV002392,05,2,20261001085053,20260930224310,20261001005856,,EV
2026-10-01T00:00:50.755645+00:00,EV002803,02,3,20261001085702,20260930195218,20261001044540,20261001085528,EV
2026-10-01T00:00:50.755645+00:00,EV003254,03,3,20261001085702,20260930075548,20260930090345,20261001085522,EV
2026-10-01T00:00:50.755645+00:00,EV003321,02,2,20261001085459,20260930161352,20261001085257,,EV
2026-10-01T00:00:50.755645+00:00,EV003438,01,3,20261001085500,20261001001220,20261001005737,20261001085343,EV
2026-10-01T00:00:50.755645+00:00,EV003513,01,3,20261001085458,20260930123032,20260930142412,20261001085458,EV
2026-10-01T00:00:50.755645+00:00,EV003852,02,2,20261001085703,20261001071201,20261001081146,,EV
2026-10-01T00:00:50.755645+00:00,EV003900,09,2,20261001085901,20260930224553,20261001040324,,EV
2026-10-01T00:00:50.755645+00:00,EV003905,02,3,20261001085432,20260929180932,20260929190318,20261001085255,EV
2026-10-01T00:00:50.755645+00:00,EV004018,02,3,20261001085701,20260930203656,20260930232631,20261001085544,EV
2026-10-01T00:00:50.755645+00:00,EV004295,01,2,20261001085658,20260930204624,20261001051958,,EV
2026-10-01T00:00:50.755645+00:00,EV004427,04,3,20261001085052,20260930162622,20260930213321,20261001084954,EV
2026-10-01T00:00:50.755645+00:00,EV004875,03,3,20261001085501,20261001061758,20261001081211,20261001081609,EV
2026-10-01T00:00:50.755645+00:00,EV005016,02,3,20261001085700,20260928185602,20260928203217,20261001085534,EV
2026-10-01T00:00:50.755645+00:00,EV005104,02,2,20261001085900,20260930193247,20261001010156,,EV
2026-10-01T00:00:50.755645+00:00,EV005123,01,2,20261001085255,20260930225958,20261001023034,,EV
2026-10-01T00:00:50.755645+00:00,EV005237,03,2,20261001085256,20261001025615,20261001085128,,EV
2026-10-01T00:00:50.755645+00:00,EV005562,03,3,20261001085659,20260930184800,20261001000714,20261001085631,EV
2026-10-01T00:00:50.755645+00:00,EV005989,01,2,20261001085903,20260930194613,20260930220953,,EV
2026-10-01T00:00:50.755645+00:00,EV006067,04,2,20261001085904,20260930133202,20260930233356,,EV
2026-10-01T00:00:50.755645+00:00,EV006165,19,2,20261001085053,20261001014401,20261001062753,,EV
2026-10-01T00:00:50.755645+00:00,EV006266,01,2,20261001085659,20261001073547,20261001074156,,EV
2026-10-01T00:00:50.755645+00:00,EV006268,01,2,20261001085432,20260914085932,20260914090024,,EV
2026-10-01T00:00:50.755645+00:00,EV006268,02,1,20261001085432,20260918140545,20260918145018,,EV
2026-10-01T00:00:50.755645+00:00,EV006371,01,2,20261001085700,20260930183900,20261001014956,,EV
2026-10-01T00:00:50.755645+00:00,EV006555,02,2,20261001085055,20260930184408,20260930222923,,EV
2026-10-01T00:00:50.755645+00:00,EV006695,03,3,20261001085902,20260930215503,20261001070758,20261001085902,EV
2026-10-01T00:00:50.755645+00:00,EV006774,02,2,20261001085256,20261001074542,20261001085002,,EV
2026-10-01T00:00:50.755645+00:00,EV006967,02,3,20261001085054,20260930082745,20260930122911,20261001084941,EV
2026-10-01T00:00:50.755645+00:00,EV006968,01,3,20261001085054,20260930131106,20260930163136,20261001085027,EV
2026-10-01T00:00:50.755645+00:00,EV007308,03,2,20261001085903,20260930194014,20261001031012,,EV
2026-10-01T00:00:50.755645+00:00,EV007320,01,3,20261001085054,20260930073556,20260930095840,20261001074505,EV
2026-10-01T00:00:50.755645+00:00,EV007331,02,2,20261001085904,20260930174232,20261001034854,,EV
2026-10-01T00:00:50.755645+00:00,EV007450,02,2,20261001085658,20261001075134,20261001085318,,EV
2026-10-01T00:00:50.755645+00:00,EV007761,03,2,20261001085053,20260930223834,20261001003117,,EV
2026-10-01T00:00:50.755645+00:00,EV008352,02,3,20261001085901,20260930015242,20260930072728,20261001005726,EV
2026-10-01T00:00:50.755645+00:00,EV008445,03,2,20261001085258,20260930134717,20260930232556,,EV
2026-10-01T00:00:50.755645+00:00,EV008549,03,3,20261001085053,20260930214359,20261001043553,20261001084909,EV
2026-10-01T00:00:50.755645+00:00,EV008717,03,2,20261001085458,20260930203941,20261001065138,,EV
2026-10-01T00:00:50.755645+00:00,EV008817,02,2,20261001085700,20260930212236,20261001003348,,EV
2026-10-01T00:00:50.755645+00:00,EV008841,12,2,20261001085701,20260930201910,20260930231350,,EV
2026-10-01T00:00:50.755645+00:00,EV008856,03,9,20261001085901,20260928013713,20260928065047,,EV
2026-10-01T00:00:50.755645+00:00,EV008907,04,2,20261001085902,20260930213346,20261001031058,,EV
2026-10-01T00:00:50.755645+00:00,EV008946,02,2,20261001085859,20260930203628,20261001085742,,EV
2026-10-01T00:00:50.755645+00:00,EV008979,02,3,20261001085902,20261001073528,20261001084758,20261001085450,EV
2026-10-01T00:00:50.755645+00:00,EV009026,02,2,20261001085702,20260930205433,20260930223244,,EV
2026-10-01T00:00:50.755645+00:00,EV010096,03,2,20261001085901,20260930201932,20260930224645,,EV
2026-10-01T00:00:50.755645+00:00,EV010228,01,2,20261001085702,20260930173056,20260930222732,,EV
2026-10-01T00:00:50.755645+00:00,EV010230,05,2,20261001085055,20260930232816,20261001024958,,EV
2026-10-01T00:00:50.755645+00:00,EV010372,06,3,20261001085458,20260930104500,20260930154801,20261001085406,EV
2026-10-01T00:00:50.755645+00:00,EV010466,05,2,20261001085056,20260930205303,20261001031621,,EV
2026-10-01T00:00:50.755645+00:00,EV010580,09,3,20261001085056,20260930220115,20261001055308,20261001084845,EV
2026-10-01T00:00:50.755645+00:00,EV010598,01,3,20261001085701,20260930210117,20261001024445,20261001070125,EV
2026-10-01T00:00:50.755645+00:00,EV010701,05,2,20261001085258,20260930215905,20261001011348,,EV
2026-10-01T00:00:50.755645+00:00,EV010703,06,2,20261001085501,20260930184732,20260930225813,,EV
2026-10-01T00:00:50.755645+00:00,EV010734,01,9,20261001085904,20260930171641,20260930212123,,EV
2026-10-01T00:00:50.755645+00:00,EV010791,03,2,20261001085700,20260929122645,20260929163428,,EV
2026-10-01T00:00:50.755645+00:00,EV010833,05,2,20261001085255,20260930184628,20261001023000,,EV
2026-10-01T00:00:50.755645+00:00,EV010972,01,2,20261001085659,20260930195646,20261001012029,,EV
2026-10-01T00:00:50.755645+00:00,EV010981,01,3,20261001085054,20261001083015,20261001084542,20261001085054,EV
2026-10-01T00:00:50.755645+00:00,EV011149,03,2,20261001085258,20261001000930,20261001073017,,EV
2026-10-01T00:00:50.755645+00:00,EV011196,02,3,20261001085431,20260923083910,20260923103105,20261001085431,EV
2026-10-01T00:00:50.755645+00:00,EV011531,02,2,20261001085859,20260930175501,20260930192725,,EV
2026-10-01T00:00:50.755645+00:00,EV011641,10,2,20261001085052,20260930191806,20261001042019,,EV
2026-10-01T00:00:50.755645+00:00,EV012562,01,2,20261001085056,20260930205006,20261001024621,,EV
2026-10-01T00:00:50.755645+00:00,EV012773,03,3,20261001085433,20260930091630,20260930131745,20261001085308,EV
2026-10-01T00:00:50.755645+00:00,EV012804,01,2,20261001085056,20260930184514,20260930222209,,EV
2026-10-01T00:00:50.755645+00:00,EV012805,01,3,20261001085904,20260930090219,20260930100800,20261001085828,EV
2026-10-01T00:00:50.755645+00:00,EV013173,01,3,20261001085434,20260930110145,20260930180951,20261001085329,EV
2026-10-01T00:00:50.755645+00:00,EV013174,05,3,20261001085702,20260929092341,20260929160443,20261001085558,EV
2026-10-01T00:00:50.755645+00:00,EV013199,06,3,20261001085054,20260930165818,20260930185412,20261001085039,EV
2026-10-01T00:00:50.755645+00:00,EV013379,03,2,20261001085432,20260930213253,20261001002403,,EV
2026-10-01T00:00:50.755645+00:00,EV013537,01,3,20261001085258,20260930145532,20260930185026,20261001085114,EV
2026-10-01T00:00:50.755645+00:00,EV013537,02,3,20261001085501,20260930084636,20260930103027,20261001085436,EV
2026-10-01T00:00:50.755645+00:00,EV013538,01,3,20261001085435,20260930184114,20260930194816,20261001085435,EV
2026-10-01T00:00:50.755645+00:00,EV013829,06,2,20261001085257,20260930220443,20261001022554,,EV
2026-10-01T00:00:50.755645+00:00,EV013840,01,2,20261001085052,20260930135344,20260930140308,,EV
2026-10-01T00:00:50.755645+00:00,EV013937,06,3,20261001085054,20260930085328,20260930103859,20261001084932,EV
2026-10-01T00:00:50.755645+00:00,EV013961,02,2,20261001085430,20260930184443,20261001001213,,EV
2026-10-01T00:00:50.755645+00:00,EV014055,03,3,20261001085501,20260930183059,20260930211912,20261001085501,EV
2026-10-01T00:00:50.755645+00:00,EV014085,03,2,20261001085053,20260930203854,20261001010344,,EV
2026-10-01T00:00:50.755645+00:00,EV014106,06,2,20261001085256,20260930181801,20261001060307,,EV
2026-10-01T00:00:50.755645+00:00,EV014121,02,2,20261001085258,20260930232840,20261001070637,,EV
2026-10-01T00:00:50.755645+00:00,EV014122,02,2,20261001085432,20261001080422,20261001085229,,EV
2026-10-01T00:00:50.755645+00:00,EV014166,03,2,20261001085055,20260930205825,20261001061627,,EV
2026-10-01T00:00:50.755645+00:00,EV014321,01,2,20261001085902,20260930192909,20261001011020,,EV
2026-10-01T00:00:50.755645+00:00,EV014387,01,2,20261001085052,20260930225412,20261001084936,,EV
2026-10-01T00:00:50.755645+00:00,EV014398,01,1,20261001085430,20260930072725,20260930105853,,EV
2026-10-01T00:00:50.755645+00:00,EV014398,03,3,20261001085055,20260928085644,20260928110227,20261001084935,EV
2026-10-01T00:00:50.755645+00:00,EV014399,04,3,20261001085702,20260930143223,20260930170723,20261001085629,EV
2026-10-01T00:00:50.755645+00:00,EV014436,03,2,20261001085500,20260930173908,20260930210442,,EV
2026-10-01T00:00:50.755645+00:00,EV014495,07,3,20261001085256,20260930135136,20260930154635,20261001085130,EV
2026-10-01T00:00:50.755645+00:00,EV014718,02,3,20261001085457,20261001080425,20261001080910,20261001085400,EV
2026-10-01T00:00:50.755645+00:00,EV014970,08,2,20261001085432,20260930201443,20260930212709,,EV
2026-10-01T00:00:50.755645+00:00,EV015095,01,3,20261001085700,20260930072742,20260930092418,20261001071858,EV
2026-10-01T00:00:50.755645+00:00,EV015103,01,3,20261001085900,20260929152638,20260929175256,20261001085831,EV
2026-10-01T00:00:50.755645+00:00,EV015103,03,3,20261001085256,20260930075332,20260930104614,20261001085118,EV
2026-10-01T00:00:50.755645+00:00,EV015103,04,3,20261001085256,20260930135409,20260930153105,20261001085236,EV
2026-10-01T00:00:50.755645+00:00,EV015104,02,3,20261001085901,20260930142005,20260930170318,20261001085719,EV
2026-10-01T00:00:50.755645+00:00,EV015136,01,2,20261001085256,20260930191813,20260930211817,,EV
2026-10-01T00:00:50.755645+00:00,EV015180,02,3,20261001085430,20260930160622,20260930223345,20261001085430,EV
2026-10-01T00:00:50.755645+00:00,EV015250,01,2,20261001085430,20260930205922,20260930225649,,EV
2026-10-01T00:00:50.755645+00:00,EV015260,03,2,20261001085703,20260930174156,20260930225713,,EV
2026-10-01T00:00:50.755645+00:00,EV015311,04,3,20261001085258,20260930084802,20260930113047,20261001085258,EV
2026-10-01T00:00:50.755645+00:00,EV015329,02,3,20261001085055,20260930191030,20261001003222,20261001085035,EV
2026-10-01T00:00:50.755645+00:00,EV015652,04,2,20261001085052,20260930222321,20261001072503,,EV
2026-10-01T00:00:50.755645+00:00,EV015657,03,2,20261001085053,20260930191838,20260930214348,,EV
2026-10-01T00:00:50.755645+00:00,EV016023,02,2,20261001085433,20260930181644,20260930205732,,EV
2026-10-01T00:00:50.755645+00:00,EV016221,01,2,20261001085900,20260930230422,20261001085633,,EV
2026-10-01T00:00:50.755645+00:00,EV016221,05,2,20261001085052,20261001010530,20261001084905,,EV
2026-10-01T00:00:50.755645+00:00,EV016952,04,2,20261001085659,20260930160452,20260930211324,,EV
2026-10-01T00:00:50.755645+00:00,EV017148,07,3,20261001085904,20260930205044,20261001033406,20261001085836,EV
2026-10-01T00:00:50.755645+00:00,EV017509,06,2,20261001085501,20260930175620,20261001001535,,EV
2026-10-01T00:00:50.755645+00:00,EV017510,02,2,20261001085501,20260930221816,20261001052817,,EV
2026-10-01T00:00:50.755645+00:00,EV017795,07,3,20261001085434,20260930165821,20260930191215,20261001085323,EV
2026-10-01T00:00:50.755645+00:00,EV017832,02,2,20261001085256,20260930231957,20261001035848,,EV
2026-10-01T00:00:50.755645+00:00,EV017870,01,2,20261001085434,20260930233522,20261001012615,,EV
2026-10-01T00:00:50.755645+00:00,EV017872,01,3,20261001085052,20260930192908,20260930224928,20261001085026,EV
2026-10-01T00:00:50.755645+00:00,EV017914,01,2,20261001085055,20260930220307,20261001002712,,EV
2026-10-01T00:00:50.755645+00:00,EV017923,03,2,20261001085432,20260930222149,20261001042001,,EV
2026-10-01T00:00:50.755645+00:00,EV017927,02,2,20261001085055,20260930200929,20260930234804,,EV
2026-10-01T00:00:50.755645+00:00,EV018228,05,3,20261001085430,20260929152734,20260929183348,20261001085430,EV
2026-10-01T00:00:50.755645+00:00,EV018243,01,3,20261001085053,20260930134352,20260930142122,20261001084951,EV
2026-10-01T00:00:50.755645+00:00,EV018361,04,3,20261001085702,20260930134815,20260930161155,20261001085613,EV
2026-10-01T00:00:50.755645+00:00,EV018362,08,3,20261001085056,20260930151712,20260930161029,20261001085056,EV
2026-10-01T00:00:50.755645+00:00,EV018634,02,2,20261001085501,20260930180250,20260930231221,,EV
2026-10-01T00:00:50.755645+00:00,EV018798,05,2,20261001085903,20260930204805,20261001063543,,EV
2026-10-01T00:00:50.755645+00:00,EV018904,02,3,20261001085053,20260920205846,20260921003012,20261001085053,EV
2026-10-01T00:00:50.755645+00:00,EV018914,03,2,20261001085901,20260930172940,20261001010602,,EV
2026-10-01T00:00:50.755645+00:00,EV018995,02,2,20261001085701,20260930222430,20261001025427,,EV
2026-10-01T00:00:50.755645+00:00,EV019218,05,2,20261001085658,20260930211545,20260930231545,,EV
2026-10-01T00:00:50.755645+00:00,EV019221,05,2,20261001085432,20260930210243,20261001024951,,EV
2026-10-01T00:00:50.755645+00:00,EV019249,02,2,20261001085052,20260930173055,20261001035958,,EV
2026-10-01T00:00:50.755645+00:00,EV019396,03,2,20261001085457,20260930214526,20260930224441,,EV
2026-10-01T00:00:50.755645+00:00,EV019474,03,2,20261001085658,20261001083004,20261001085532,,EV
2026-10-01T00:00:50.755645+00:00,EV019476,01,2,20261001085658,20261001001716,20261001085555,,EV
2026-10-01T00:00:50.755645+00:00,EV019685,01,2,20261001085431,20260930164440,20260930192540,,EV
2026-10-01T00:00:50.755645+00:00,EV019690,02,2,20261001085702,20260930195121,20261001022625,,EV
2026-10-01T00:00:50.755645+00:00,EV019904,02,3,20261001085054,20261001085018,20261001085036,20261001085054,EV
2026-10-01T00:00:50.755645+00:00,EV020118,05,2,20261001085431,20260930190245,20261001010413,,EV
2026-10-01T00:00:50.755645+00:00,EV020266,01,3,20261001085902,20260929222042,20260930054802,20261001085745,EV
2026-10-01T00:00:50.755645+00:00,EV020381,03,2,20261001085500,20260930194316,20261001005003,,EV
2026-10-01T00:00:50.755645+00:00,EV020416,01,3,20261001085257,20260930204917,20261001051630,20261001085124,EV
2026-10-01T00:00:50.755645+00:00,EV020443,01,3,20261001085701,20260930134747,20260930232047,20261001085629,EV
2026-10-01T00:00:50.755645+00:00,EV020624,02,2,20261001085901,20261001072441,20261001075555,,EV
2026-10-01T00:00:50.755645+00:00,EV020642,03,2,20261001085256,20260930181834,20260930223454,,EV
2026-10-01T00:00:50.755645+00:00,EV020644,01,2,20261001085432,20261001080240,20261001085258,,EV
2026-10-01T00:00:50.755645+00:00,HD000013,01,2,20261001090001,20261001005342,20261001012347,,HD
2026-10-01T00:00:50.755645+00:00,HD000013,02,2,20261001090001,20261001041925,20261001045201,,HD
2026-10-01T00:00:50.755645+00:00,HD000013,03,2,20261001090001,20260930192753,20260930194034,,HD
2026-10-01T00:00:50.755645+00:00,HD000013,04,2,20261001090001,20260930234120,20261001000157,,HD
2026-10-01T00:00:50.755645+00:00,HD000013,05,2,20261001090001,20261001004526,20261001005159,,HD
2026-10-01T00:00:50.755645+00:00,HD000013,06,2,20261001090001,20261001012603,20261001012844,,HD
2026-10-01T00:00:50.755645+00:00,HD000017,01,2,20261001090001,20261001005018,20261001012550,,HD
2026-10-01T00:00:50.755645+00:00,HD000017,02,2,20261001090001,20260930232321,20260930234812,,HD
2026-10-01T00:00:50.755645+00:00,HD000017,03,2,20261001090001,20260930135957,20260930142630,,HD
2026-10-01T00:00:50.755645+00:00,HD000023,01,2,20261001090001,20261001033429,20261001041208,,HD
2026-10-01T00:00:50.755645+00:00,HD000023,02,3,20261001090001,20261001082710,20261001032838,20261001082710,HD
2026-10-01T00:00:50.755645+00:00,HD000023,03,2,20261001090001,20261001054805,20261001060826,,HD
2026-10-01T00:00:50.755645+00:00,HD000023,04,2,20261001090001,20261001060512,20261001063506,,HD
2026-10-01T00:00:50.755645+00:00,HD000023,05,2,20261001090001,20261001062016,20261001065416,,HD
2026-10-01T00:00:50.755645+00:00,HD000023,06,2,20261001090001,20261001061933,20261001065411,,HD
2026-10-01T00:00:50.755645+00:00,HD000039,01,2,20261001090002,20260929170102,20260929173038,,HD
2026-10-01T00:00:50.755645+00:00,HD000039,02,2,20261001090002,20260930110209,20260930111958,,HD
2026-10-01T00:00:50.755645+00:00,HD000039,03,2,20261001090002,20260928085722,20260928090809,,HD
2026-10-01T00:00:50.755645+00:00,HD000039,04,2,20261001090002,20260930154553,20260930155449,,HD
2026-10-01T00:00:50.755645+00:00,HD000040,01,2,20261001090002,20261001004157,20261001010413,,HD
2026-10-01T00:00:50.755645+00:00,HD000040,02,2,20261001090002,20260930123018,20260930131535,,HD
2026-10-01T00:00:50.755645+00:00,HD000040,03,2,20261001090002,20261001024148,20261001030425,,HD
2026-10-01T00:00:50.755645+00:00,HD000040,04,2,20261001090002,20260929155521,20260929160803,,HD
2026-10-01T00:00:50.755645+00:00,HD000091,01,2,20261001085901,20261001083135,20261001085803,,HD
2026-10-01T00:00:50.755645+00:00,HE000424,01,2,20261001085400,20261001085200,20261001085400,,HE
2026-10-01T00:00:50.755645+00:00,HE000867,05,3,20261001085200,20261001085200,20260930203400,20261001085200,HE
2026-10-01T00:00:50.755645+00:00,HE191963,02,3,20261001085600,20261001085600,20261001083400,20261001085600,HE
2026-10-01T00:00:50.755645+00:00,HE192187,01,3,20261001085800,20261001085800,20261001063500,20261001085800,HE
2026-10-01T00:00:50.755645+00:00,HE240193,03,2,20261001085900,20261001081600,20261001085900,,HE
2026-10-01T00:00:50.755645+00:00,HE240193,04,3,20261001085900,20261001085900,20260930175216,20261001085900,HE
2026-10-01T00:00:50.755645+00:00,HE240401,01,2,20261001090001,20260929160347,20260930061003,,HE
2026-10-01T00:00:50.755645+00:00,HE240401,02,2,20261001090001,20260927194253,20260928025657,,HE
2026-10-01T00:00:50.755645+00:00,HE240401,03,2,20261001090001,20260930215049,20260930233450,,HE
2026-10-01T00:00:50.755645+00:00,HE240404,03,3,20261001090001,20261001090001,20261001085100,20261001090001,HE
2026-10-01T00:00:50.755645+00:00,HE240415,05,2,20261001090001,20260930202603,20260930223514,,HE
2026-10-01T00:00:50.755645+00:00,HE240431,01,3,20261001085900,20261001085900,20260930101429,20261001085900,HE
2026-10-01T00:00:50.755645+00:00,HE240492,01,3,20261001090000,20261001090000,20260930110015,20261001090000,HE
2026-10-01T00:00:50.755645+00:00,HJ000002,02,2,20261001090001,20261001080919,20261001085815,,HJ
2026-10-01T00:00:50.755645+00:00,HJ000005,03,2,20261001085600,20261001083857,20261001085412,,HJ
2026-10-01T00:00:50.755645+00:00,HM000034,02,3,20261001085800,20260930112028,20260930124420,20261001085653,HM
2026-10-01T00:00:50.755645+00:00,HM000066,21,3,20261001085200,20260929202848,20260930023248,20261001085117,HM
2026-10-01T00:00:50.755645+00:00,HM000068,03,3,20261001085800,20260930125444,20260930201328,20261001085715,HM
2026-10-01T00:00:50.755645+00:00,HM000068,05,3,20261001085400,20260930183219,20260930215127,20261001085208,HM
2026-10-01T00:00:50.755645+00:00,HM000126,03,3,20261001085401,20260930131819,20260930193002,20261001085232,HM
2026-10-01T00:00:50.755645+00:00,HM000126,04,3,20261001090002,20260930155250,20260930192455,20261001085852,HM
2026-10-01T00:00:50.755645+00:00,HM000126,05,3,20261001085601,20260930123126,20260930144639,20261001085435,HM
2026-10-01T00:00:50.755645+00:00,HM000455,29,2,20261001085607,20261001010848,20261001050249,,HM
2026-10-01T00:00:50.755645+00:00,HM000680,02,3,20261001085611,20260922074653,20260922080840,20261001085449,HM
2026-10-01T00:00:50.755645+00:00,HM000680,07,3,20261001085810,20261001074939,20261001083535,20261001085637,HM
2026-10-01T00:00:50.755645+00:00,HM001078,05,2,20261001085813,20260930230357,20261001033230,,HM
2026-10-01T00:00:50.755645+00:00,HM001251,02,2,20261001085616,20261001081317,20261001085426,,HM
2026-10-01T00:00:50.755645+00:00,HM001251,06,3,20261001085216,20260930063332,20260930182531,20261001085020,HM
2026-10-01T00:00:50.755645+00:00,HM001290,03,3,20261001085414,20260930092117,20260930131238,20261001085243,HM
2026-10-01T00:00:50.755645+00:00,HM001396,40,3,20261001085217,20260930144802,20260930151809,20261001085141,HM
2026-10-01T00:00:50.755645+00:00,HM001548,01,3,20261001085218,20260930114030,20260930173209,20261001085048,HM
2026-10-01T00:00:50.755645+00:00,HM001714,03,3,20261001085220,20260930084701,20260930110320,20261001085023,HM
2026-10-01T00:00:50.755645+00:00,HM110102,01,3,20261001085822,20260930085552,20260930094806,20261001085726,HM
2026-10-01T00:00:50.755645+00:00,HM110103,03,2,20261001085621,20261001053956,20261001085455,,HM
2026-10-01T00:00:50.755645+00:00,HM110111,02,2,20261001085822,20261001073948,20261001081620,,HM
2026-10-01T00:00:50.755645+00:00,HM110116,25,3,20261001085822,20260929123950,20260929155830,20261001085646,HM
2026-10-01T00:00:50.755645+00:00,HM110198,18,3,20261001085823,20260930083447,20260930125934,20261001085613,HM
2026-10-01T00:00:50.755645+00:00,HM110200,01,3,20261001085823,20260930090418,20260930110107,20261001085626,HM
2026-10-01T00:00:50.755645+00:00,HM110206,03,3,20261001085422,20260930124507,20260930173233,20260930124507,HM
2026-10-01T00:00:50.755645+00:00,HM110219,03,3,20261001085623,20260930081835,20260930090238,20260930081835,HM
2026-10-01T00:00:50.755645+00:00,HM110237,09,3,20261001085824,20260930125311,20260930170858,20261001085742,HM
2026-10-01T00:00:50.755645+00:00,HM110306,06,3,20261001085224,20260923150104,20260923150906,20261001085003,HM
2026-10-01T00:00:50.755645+00:00,HM110314,01,3,20261001085224,20260928094226,20260928150325,20261001085051,HM
2026-10-01T00:00:50.755645+00:00,HM110333,01,3,20261001085825,20260930085740,20260930102742,20261001085614,HM
2026-10-01T00:00:50.755645+00:00,HM110343,03,3,20261001085825,20260921121930,20260921152716,20261001085729,HM
2026-10-01T00:00:50.755645+00:00,HP160001,05,3,20261001085854,20261001085854,20260930212919,20261001085854,HP
2026-10-01T00:00:50.755645+00:00,HP250010,02,2,20261001085435,20261001070336,20261001085435,,HP
2026-10-01T00:00:50.755645+00:00,HU200031,01,3,20261001085531,20260930080905,20260930161355,20261001085249,HU
2026-10-01T00:00:50.755645+00:00,HU200035,01,3,20261001085531,20260930214957,20260930231838,20261001085008,HU
2026-10-01T00:00:50.755645+00:00,HY000003,03,2,20261001090002,20260709154228,20260820145526,,HY
2026-10-01T00:00:50.755645+00:00,HY000003,04,2,20261001090002,20260930225458,20260930225458,,HY
2026-10-01T00:00:50.755645+00:00,HY000019,02,2,20261001090002,20260930134027,20260930160535,,HY
2026-10-01T00:00:50.755645+00:00,HY000019,03,3,20261001090002,20260930143614,20260930073340,20260930143614,HY
2026-10-01T00:00:50.755645+00:00,HY000019,05,2,20261001090002,20260930185352,20261001071822,,HY
2026-10-01T00:00:50.755645+00:00,HY000019,08,2,20261001090002,20260930175854,20261001065130,,HY
2026-10-01T00:00:50.755645+00:00,HY000019,09,2,20261001090002,20260930155931,20261001064127,,HY
2026-10-01T00:00:50.755645+00:00,HY000019,11,2,20261001090002,20260923141829,20260924122953,,HY
2026-10-01T00:00:50.755645+00:00,HY000105,03,3,20261001085401,20261001085355,20260923164359,20261001085355,HY
2026-10-01T00:00:50.755645+00:00,HY000109,05,3,20261001085903,20261001085845,20260930200103,20261001085845,HY
2026-10-01T00:00:50.755645+00:00,HY000152,06,2,20261001085102,20260929082258,20261001085054,,HY
2026-10-01T00:00:50.755645+00:00,HY000530,17,2,20261001085405,20260930163624,20261001085317,,HY
2026-10-01T00:00:50.755645+00:00,HY000555,01,3,20261001085205,20261001085124,20260930231639,20261001085124,HY
2026-10-01T00:00:50.755645+00:00,HY000893,29,3,20261001085905,20261001085857,20260921093931,20261001085857,HY
2026-10-01T00:00:50.755645+00:00,HY001552,05,2,20261001085505,20260930203640,20261001085355,,HY
2026-10-01T00:00:50.755645+00:00,HY001574,01,2,20261001085905,20260930204148,20261001085832,,HY
2026-10-01T00:00:50.755645+00:00,HY001574,03,3,20261001085105,20261001085035,20261001064117,20261001085035,HY
2026-10-01T00:00:50.755645+00:00,HY001687,02,2,20261001085705,20260930181503,20261001085607,,HY
2026-10-01T00:00:50.755645+00:00,HY001777,01,2,20261001085707,20261001000358,20261001085649,,HY
2026-10-01T00:00:50.755645+00:00,HY001792,01,3,20261001085205,20261001085141,20260930174503,20261001085141,HY
2026-10-01T00:00:50.755645+00:00,HY001809,02,2,20261001090007,20260930213200,20261001085942,,HY
2026-10-01T00:00:50.755645+00:00,HY001876,03,2,20261001085608,20260930211606,20261001085502,,HY
2026-10-01T00:00:50.755645+00:00,JA110012,03,2,20261001090005,20260930182001,20261001090005,,JA
2026-10-01T00:00:50.755645+00:00,JA110048,04,2,20261001085605,20261001080706,20261001085605,,JA
2026-10-01T00:00:50.755645+00:00,JA110059,02,3,20261001085606,20261001085606,20261001064905,20261001085606,JA
2026-10-01T00:00:50.755645+00:00,JA110064,03,2,20261001085606,20260930192109,20261001085606,,JA
2026-10-01T00:00:50.755645+00:00,JA110073,03,2,20261001085606,20260930190010,20261001085606,,JA
2026-10-01T00:00:50.755645+00:00,JA110104,01,3,20261001085608,20261001085608,20260930165011,20261001085608,JA
2026-10-01T00:00:50.755645+00:00,JA110104,03,2,20261001085608,20261001084909,20261001085608,,JA
2026-10-01T00:00:50.755645+00:00,JA110169,03,3,20261001085615,20261001085615,20260930102017,20261001085615,JA
2026-10-01T00:00:50.755645+00:00,JA110171,05,2,20261001085615,20260930164218,20261001085615,,JA
2026-10-01T00:00:50.755645+00:00,JA110171,12,3,20261001085615,20261001085615,20261001073017,20261001085615,JA
2026-10-01T00:00:50.755645+00:00,JA110172,07,3,20261001085615,20261001085615,20260929142016,20261001085615,JA
2026-10-01T00:00:50.755645+00:00,JA110174,02,3,20261001085616,20261001085616,20260930190716,20261001085616,JA
2026-10-01T00:00:50.755645+00:00,JA110188,05,2,20261001085617,20261001075617,20261001085617,,JA
2026-10-01T00:00:50.755645+00:00,JA110194,01,3,20261001085618,20261001085618,20261001084018,20261001085618,JA
2026-10-01T00:00:50.755645+00:00,JA110197,04,3,20261001085619,20261001085619,20261001084223,20261001085619,JA
2026-10-01T00:00:50.755645+00:00,JA110197,09,2,20261001085619,20261001084223,20261001085619,,JA
2026-10-01T00:00:50.755645+00:00,JA110197,10,3,20261001085619,20261001085619,20260930214920,20261001085619,JA
2026-10-01T00:00:50.755645+00:00,JA110198,01,2,20261001085619,20261001082117,20261001085619,,JA
2026-10-01T00:00:50.755645+00:00,JA110198,02,2,20261001085619,20261001082117,20261001085619,,JA
2026-10-01T00:00:50.755645+00:00,JA110198,03,2,20261001085619,20261001082817,20261001085619,,JA
2026-10-01T00:00:50.755645+00:00,JA110198,04,2,20261001085619,20261001082817,20261001085619,,JA
2026-10-01T00:00:50.755645+00:00,JA110201,06,2,20261001085619,20261001084223,20261001085619,,JA
2026-10-01T00:00:50.755645+00:00,JA110201,10,2,20261001085619,20261001084019,20261001085619,,JA
2026-10-01T00:00:50.755645+00:00,JA110202,04,3,20261001085619,20261001085619,20261001072818,20261001085619,JA
2026-10-01T00:00:50.755645+00:00,KE000645,01,2,20261001085659,20261001064900,20261001085601,,KE
2026-10-01T00:00:50.755645+00:00,KE000717,01,3,20261001085559,20261001085507,20260930154343,20261001085507,KE
2026-10-01T00:00:50.755645+00:00,KE000953,03,3,20261001085800,20261001085733,20260929181618,20261001085733,KE
2026-10-01T00:00:50.755645+00:00,KE000958,07,2,20261001085300,20261001082217,20261001085217,,KE
2026-10-01T00:00:50.755645+00:00,KE001258,02,3,20261001085400,20261001085333,20260930070930,20261001085333,KE
2026-10-01T00:00:50.755645+00:00,KKKK0004,02,3,20261001085847,20260930235852,20260930235852,20261001085846,KK
2026-10-01T00:00:50.755645+00:00,KL001463,02,3,20261001085502,20261001085502,20260930210414,20261001085103,KL
2026-10-01T00:00:50.755645+00:00,KL001812,02,3,20261001085202,20261001060331,20261001084838,,KL
2026-10-01T00:00:50.755645+00:00,KL002189,02,3,20261001085301,20261001085301,20261001085147,20261001085147,KL
2026-10-01T00:00:50.755645+00:00,KL200176,30,3,20261001085451,20261001085451,20261001064209,20261001085451,KL
2026-10-01T00:00:50.755645+00:00,KL200183,20,3,20261001085316,20261001085316,20260930170744,20261001085315,KL
2026-10-01T00:00:50.755645+00:00,KL200203,03,3,20261001085222,20261001085222,20260906211311,20261001085220,KL
2026-10-01T00:00:50.755645+00:00,KP002287,01,3,20261001090006,20260927135853,20260927141530,20261001085259,KP
2026-10-01T00:00:50.755645+00:00,KP003337,04,2,20261001090009,20260930214709,20260930221543,,KP
2026-10-01T00:00:50.755645+00:00,KP003605,01,3,20261001090007,20260930110350,20260930124440,20261001085017,KP
2026-10-01T00:00:50.755645+00:00,KP004810,01,2,20261001090009,20261001055200,20261001065229,,KP
2026-10-01T00:00:50.755645+00:00,KRC10141,04,3,20261001085836,20260930235841,20260930235841,20261001085835,KR
2026-10-01T00:00:50.755645+00:00,LCSLCGP1,11,3,20261001090010,20261001090010,20261001081510,20261001090010,LC
2026-10-01T00:00:50.755645+00:00,LCSLCGP1,30,2,20261001090010,20260930170010,20261001090010,,LC
2026-10-01T00:00:50.755645+00:00,LI000089,01,2,20261001085642,20261001085513,20261001085642,,LI
2026-10-01T00:00:50.755645+00:00,LI000089,02,2,20261001085543,20261001085533,20261001085543,,LI
2026-10-01T00:00:50.755645+00:00,LI000358,02,2,20261001085906,20261001084523,20261001085906,,LI
2026-10-01T00:00:50.755645+00:00,LU000161,04,2,20261001085722,20261001075537,20261001085720,,LU
2026-10-01T00:00:50.755645+00:00,LU000258,01,2,20261001085957,20260930200929,20260930235237,,LU
2026-10-01T00:00:50.755645+00:00,LU000387,07,3,20261001085130,20261001070304,20261001085129,20261001070304,LU
2026-10-01T00:00:50.755645+00:00,LU000634,01,2,20261001085600,20260930222513,20261001045640,,LU
2026-10-01T00:00:50.755645+00:00,LU000762,04,3,20261001085907,20261001085918,20260929151523,20260929140724,LU
2026-10-01T00:00:50.755645+00:00,LU000846,16,2,20261001085711,20260930222220,20261001042829,,LU
2026-10-01T00:00:50.755645+00:00,LU001004,51,3,20261001085248,20261001010705,20261001085246,20261001010705,LU
2026-10-01T00:00:50.755645+00:00,LU001013,03,3,20261001085216,20261001085223,20260930164400,20260930094114,LU
2026-10-01T00:00:50.755645+00:00,LU001015,03,2,20261001085821,20260930193633,20261001014334,,LU
2026-10-01T00:00:50.755645+00:00,LU001165,06,3,20261001085214,20261001085224,20260930152409,20260930075810,LU
2026-10-01T00:00:50.755645+00:00,LU001193,05,3,20261001085738,20261001085747,20260930153929,20260930142535,LU
2026-10-01T00:00:50.755645+00:00,LU001236,15,2,20261001085122,20260930192623,20261001020318,,LU
2026-10-01T00:00:50.755645+00:00,LU001248,05,3,20261001085901,20260920150025,20260920174553,20261001085901,LU
2026-10-01T00:00:50.755645+00:00,LU001344,01,3,20261001085440,20261001085445,20260929101229,20260929083909,LU
2026-10-01T00:00:50.755645+00:00,LU001344,05,3,20261001085956,20260930085832,20260930104038,20260930085832,LU
2026-10-01T00:00:50.755645+00:00,LU001456,09,3,20261001085956,20261001090002,20261001085954,20261001082026,LU
2026-10-01T00:00:50.755645+00:00,LU001467,02,3,20261001085230,20261001085238,20260923212854,20261001085230,LU
2026-10-01T00:00:50.755645+00:00,LU001582,03,2,20261001085150,20261001072747,20261001085150,,LU
2026-10-01T00:00:50.755645+00:00,LU001654,04,3,20261001085752,20261001085757,20260930162322,20260930084812,LU
2026-10-01T00:00:50.755645+00:00,LU001881,05,3,20261001085833,20261001085838,20261001053043,20260930232954,LU
2026-10-01T00:00:50.755645+00:00,LU001988,15,3,20261001085335,20261001085342,20260930172344,20260930125436,LU
2026-10-01T00:00:50.755645+00:00,LU002007,08,3,20261001085152,20261001085219,20260930095908,20260930082518,LU
2026-10-01T00:00:50.755645+00:00,LU002024,02,3,20261001085657,20261001085709,20260930150944,20260930071126,LU
2026-10-01T00:00:50.755645+00:00,LU002024,08,3,20261001085255,20261001085309,20260930130712,20260930081325,LU
2026-10-01T00:00:50.755645+00:00,LU002090,05,3,20261001085751,20261001085756,20260930211611,20260930152343,LU
2026-10-01T00:00:50.755645+00:00,LU002166,08,2,20261001085711,20261001082042,20261001085702,,LU
2026-10-01T00:00:50.755645+00:00,LU002224,08,3,20261001085810,20261001085817,20260930094331,20260929221017,LU
2026-10-01T00:00:50.755645+00:00,LU002295,03,3,20261001085822,20261001085831,20260929191218,20260929172535,LU
2026-10-01T00:00:50.755645+00:00,LU002297,74,2,20261001085635,20260930055958,20260930090508,,LU
2026-10-01T00:00:50.755645+00:00,LU002329,05,3,20261001085216,20261001085232,20260921121239,20261001085216,LU
2026-10-01T00:00:50.755645+00:00,LU002514,02,3,20261001085426,20261001085440,20260930114714,20260930111235,LU
2026-10-01T00:00:50.755645+00:00,LU002518,02,3,20261001085503,20261001065000,20261001085501,20261001065000,LU
2026-10-01T00:00:50.755645+00:00,LU002521,04,2,20261001085631,20261001042849,20261001081152,,LU
2026-10-01T00:00:50.755645+00:00,LU002691,35,2,20261001085352,20261001004358,20261001025501,,LU
2026-10-01T00:00:50.755645+00:00,LU002791,04,2,20261001085614,20260930233234,20261001063841,,LU
2026-10-01T00:00:50.755645+00:00,LU002964,03,2,20261001085214,20260930182700,20260930205349,,LU
2026-10-01T00:00:50.755645+00:00,LU002979,04,2,20261001090001,20260930230034,20261001010320,,LU
2026-10-01T00:00:50.755645+00:00,LU002998,12,3,20261001085120,20261001085128,20260929142207,20260929073555,LU
2026-10-01T00:00:50.755645+00:00,LU003194,09,3,20261001085303,20261001085311,20260927084622,20261001085303,LU
2026-10-01T00:00:50.755645+00:00,LU003242,01,2,20261001085233,20260930233903,20261001041700,,LU
2026-10-01T00:00:50.755645+00:00,LU003307,08,2,20261001085642,20260930205109,20260930234407,,LU
2026-10-01T00:00:50.755645+00:00,LU003307,09,2,20261001085445,20260928201034,20260929013226,,LU
2026-10-01T00:00:50.755645+00:00,LU003307,22,2,20261001085516,20260930143650,20260930163931,,LU
2026-10-01T00:00:50.755645+00:00,LU003312,07,3,20261001085709,20261001085718,20260928002647,20261001085709,LU
2026-10-01T00:00:50.755645+00:00,LU003467,05,3,20261001085055,20261001065808,20261001085053,20261001065808,LU
2026-10-01T00:00:50.755645+00:00,LU003564,05,2,20261001085514,20260930195625,20261001005744,,LU
2026-10-01T00:00:50.755645+00:00,LU003613,03,2,20261001085452,20260930184543,20261001010351,,LU
2026-10-01T00:00:50.755645+00:00,LU003685,01,2,20261001085205,20260930181120,20260930200312,,LU
2026-10-01T00:00:50.755645+00:00,LU003694,02,2,20261001085138,20260930215535,20261001002125,,LU
2026-10-01T00:00:50.755645+00:00,LU003694,05,3,20261001085746,20260929215814,20260930023005,20260929215814,LU
2026-10-01T00:00:50.755645+00:00,LU003817,03,2,20261001085500,20260930194341,20260930234556,,LU
2026-10-01T00:00:50.755645+00:00,LU003820,08,2,20261001085825,20260930211109,20261001064757,,LU
2026-10-01T00:00:50.755645+00:00,LU003922,01,2,20261001085833,20261001085732,20261001085753,,LU
2026-10-01T00:00:50.755645+00:00,LU004040,02,2,20261001085303,20260930184234,20260930205933,,LU
2026-10-01T00:00:50.755645+00:00,LU004070,06,3,20261001085252,20260930173033,20261001015539,20260930173033,LU
2026-10-01T00:00:50.755645+00:00,LU004149,04,2,20261001085953,20260930172419,20261001030431,,LU
2026-10-01T00:00:50.755645+00:00,LU004181,04,2,20261001085815,20260930205023,20260930222426,,LU
2026-10-01T00:00:50.755645+00:00,LU004274,03,2,20261001085516,20260930201222,20261001000758,,LU
2026-10-01T00:00:50.755645+00:00,LU004310,01,3,20261001085814,20261001085821,20260929110847,20260929085855,LU
2026-10-01T00:00:50.755645+00:00,LU100200,08,2,20261001085221,20260930223104,20261001031637,,LU
2026-10-01T00:00:50.755645+00:00,LU100200,12,2,20261001085401,20260930201822,20260930224546,,LU
2026-10-01T00:00:50.755645+00:00,LU100248,47,2,20261001085653,20260930182935,20260930214031,,LU
2026-10-01T00:00:50.755645+00:00,LU100368,06,2,20261001085541,20260930073316,20260930081254,,LU
2026-10-01T00:00:50.755645+00:00,LU100368,28,2,20261001085215,20260930185858,20260930221116,,LU
2026-10-01T00:00:50.755645+00:00,LU100368,32,2,20261001085852,20260930191753,20260930222146,,LU
2026-10-01T00:00:50.755645+00:00,LU100436,01,3,20261001085413,20261001085419,20260930142630,20260930094949,LU
2026-10-01T00:00:50.755645+00:00,LU100460,03,2,20261001085139,20261001070344,20261001085126,,LU
2026-10-01T00:00:50.755645+00:00,LU100473,05,2,20261001085455,20260930212741,20261001054852,,LU
2026-10-01T00:00:50.755645+00:00,LU100474,24,2,20261001085949,20260930172830,20260930192415,,LU
2026-10-01T00:00:50.755645+00:00,LU100772,03,3,20261001085605,20261001085633,20260929162623,20260929125318,LU
2026-10-01T00:00:50.755645+00:00,LU100800,02,2,20261001085720,20260930014226,20260930014339,,LU
2026-10-01T00:00:50.755645+00:00,LU100918,03,2,20261001085405,20260930204701,20261001010822,,LU
2026-10-01T00:00:50.755645+00:00,LU100918,05,2,20261001085556,20261001004216,20261001022037,,LU
2026-10-01T00:00:50.755645+00:00,LU100944,12,3,20261001085919,20261001023352,20261001085917,20261001023352,LU
2026-10-01T00:00:50.755645+00:00,LU101062,01,2,20261001085447,20260930185032,20260930221351,,LU
2026-10-01T00:00:50.755645+00:00,LU101062,03,3,20261001085953,20260930143909,20260930180120,20260930143909,LU
2026-10-01T00:00:50.755645+00:00,LU101144,08,2,20261001085609,20260930224512,20261001015744,,LU
2026-10-01T00:00:50.755645+00:00,LU101359,10,2,20261001085750,20260930192226,20261001055019,,LU
2026-10-01T00:00:50.755645+00:00,LU101401,06,2,20261001085631,20260930225617,20260930234954,,LU
2026-10-01T00:00:50.755645+00:00,LU101410,09,2,20261001085849,20261001032509,20261001051231,,LU
2026-10-01T00:00:50.755645+00:00,LU101445,02,2,20261001085641,20260930215105,20260930230249,,LU
2026-10-01T00:00:50.755645+00:00,LU101446,04,2,20261001085555,20260930174834,20261001013543,,LU
2026-10-01T00:00:50.755645+00:00,LU101451,13,2,20261001085729,20260930200236,20260930224144,,LU
2026-10-01T00:00:50.755645+00:00,LU101451,15,2,20261001085301,20260930210109,20260930231832,,LU
2026-10-01T00:00:50.755645+00:00,LU101451,18,2,20261001085448,20260930190757,20261001004802,,LU
2026-10-01T00:00:50.755645+00:00,LU101573,20,2,20261001085744,20260930221534,20260930231304,,LU
2026-10-01T00:00:50.755645+00:00,LU101573,24,2,20261001085227,20260930181216,20260930205543,,LU
2026-10-01T00:00:50.755645+00:00,LU101631,35,2,20261001085145,20260930135618,20260930185043,,LU
2026-10-01T00:00:50.755645+00:00,LU101684,08,2,20261001085744,20260930215326,20261001032727,,LU
2026-10-01T00:00:50.755645+00:00,LU101686,26,2,20261001085959,20260930201710,20261001012707,,LU
2026-10-01T00:00:50.755645+00:00,LU101686,29,3,20261001085236,20261001012633,20261001085236,20261001012633,LU
2026-10-01T00:00:50.755645+00:00,LU101706,23,2,20261001085407,20260930223218,20261001013831,,LU
2026-10-01T00:00:50.755645+00:00,LU101706,28,2,20261001085520,20260929195838,20260929215626,,LU
2026-10-01T00:00:50.755645+00:00,LU101707,17,3,20261001085640,20261001085704,20261001004727,20260930140048,LU
2026-10-01T00:00:50.755645+00:00,LU101758,07,3,20261001085828,20260930191526,20261001022932,20260930191526,LU
2026-10-01T00:00:50.755645+00:00,MO112910,03,1,20261001090008,20260901220003,20260901220005,,MO
2026-10-01T00:00:50.755645+00:00,MO112911,01,1,20261001090008,20260827235909,20260827235937,,MO
2026-10-01T00:00:50.755645+00:00,MO114401,01,1,20261001090008,20260919201150,20260920052309,,MO
2026-10-01T00:00:50.755645+00:00,MO114401,02,1,20261001090008,20260917193804,20260918025432,,MO
2026-10-01T00:00:50.755645+00:00,MO114403,01,1,20261001090008,20260915105045,20260915175804,,MO
2026-10-01T00:00:50.755645+00:00,MO114701,01,2,20261001090008,20261001085609,20261001090008,,MO
2026-10-01T00:00:50.755645+00:00,MO114703,01,2,20261001090008,20260930092802,20260930092809,,MO
2026-10-01T00:00:50.755645+00:00,MO115004,01,1,20261001090006,20240801062802,20240801062812,,MO
2026-10-01T00:00:50.755645+00:00,MO115004,02,1,20261001090006,20240730062802,20240730062816,,MO
2026-10-01T00:00:50.755645+00:00,MO115004,03,1,20261001090006,20240731202116,20240731202127,,MO
2026-10-01T00:00:50.755645+00:00,MO115307,01,1,20261001090008,20260708070003,20260708070004,,MO
2026-10-01T00:00:50.755645+00:00,MO115309,01,1,20261001090008,20260615090004,20260615090004,,MO
2026-10-01T00:00:50.755645+00:00,MO116803,01,2,20261001090005,20260930212800,20260930212809,,MO
2026-10-01T00:00:50.755645+00:00,MO116804,01,1,20261001090008,20260310125633,20260310125652,,MO
2026-10-01T00:00:50.755645+00:00,MO910140,01,3,20261001085923,20261001085923,20260930215730,20261001085923,MO
2026-10-01T00:00:50.755645+00:00,NT100059,06,3,20261001085750,20261001085750,20260929163650,20261001085750,NT
2026-10-01T00:00:50.755645+00:00,NT100133,06,2,20261001085750,20260930202050,20261001085750,,NT
2026-10-01T00:00:50.755645+00:00,NT100197,01,3,20261001085050,20261001085050,20260930201450,20261001085050,NT
2026-10-01T00:00:50.755645+00:00,NT100373,38,3,20261001085050,20261001085050,20260930155550,20261001085050,NT
2026-10-01T00:00:50.755645+00:00,NT100477,34,3,20261001085350,20261001085350,20260930150850,20261001085350,NT
2026-10-01T00:00:50.755645+00:00,NT100541,03,3,20261001085450,20261001085450,20260930165650,20261001085450,NT
2026-10-01T00:00:50.755645+00:00,NT100582,09,3,20261001085050,20261001085050,20261001073850,20261001085050,NT
2026-10-01T00:00:50.755645+00:00,NT100899,02,3,20261001085150,20261001085150,20261001061950,20261001085150,NT
2026-10-01T00:00:50.755645+00:00,NT101145,11,2,20261001085650,20260930182650,20261001085650,,NT
2026-10-01T00:00:50.755645+00:00,NT101179,06,2,20261001085250,20261001071950,20261001085250,,NT
2026-10-01T00:00:50.755645+00:00,NT101346,14,2,20261001085450,20260930195450,20261001085450,,NT
2026-10-01T00:00:50.755645+00:00,NT101387,01,3,20261001085550,20261001085550,20260930135450,20261001085550,NT
2026-10-01T00:00:50.755645+00:00,NT101440,03,3,20261001085950,20261001085950,20260930110950,20261001085950,NT
2026-10-01T00:00:50.755645+00:00,NT101535,01,2,20261001085450,20260930232150,20261001085450,,NT
2026-10-01T00:00:50.755645+00:00,NT101545,16,3,20261001085350,20261001085350,20260930165950,20261001085350,NT
2026-10-01T00:00:50.755645+00:00,NT101669,17,3,20261001085350,20261001085350,20261001062350,20261001085350,NT
2026-10-01T00:00:50.755645+00:00,NT101677,03,3,20261001085250,20261001085250,20261001085150,20261001085250,NT
2026-10-01T00:00:50.755645+00:00,NT101741,01,2,20261001085950,20261001081550,20261001085750,,NT
2026-10-01T00:00:50.755645+00:00,NT101784,04,3,20261001085450,20261001085450,20260930182050,20261001085450,NT
2026-10-01T00:00:50.755645+00:00,NT101784,07,3,20261001085550,20261001085550,20260930124550,20261001085550,NT
2026-10-01T00:00:50.755645+00:00,NT101820,03,2,20261001085850,20260930183550,20261001085850,,NT
2026-10-01T00:00:50.755645+00:00,NT101826,02,2,20261001085450,20260930205050,20261001085450,,NT
2026-10-01T00:00:50.755645+00:00,NT101833,11,2,20261001085750,20260930174950,20261001085750,,NT
2026-10-01T00:00:50.755645+00:00,NT101895,22,3,20261001085250,20261001085250,20261001085150,20261001085250,NT
2026-10-01T00:00:50.755645+00:00,NT101896,15,3,20261001085550,20261001085550,20260930230450,20261001085550,NT
2026-10-01T00:00:50.755645+00:00,NT101896,18,2,20261001085650,20260930231650,20261001085650,,NT
2026-10-01T00:00:50.755645+00:00,NT101945,18,2,20261001085250,20261001061350,20261001085250,,NT
2026-10-01T00:00:50.755645+00:00,NT102002,01,2,20261001085150,20260930224150,20261001085150,,NT
2026-10-01T00:00:50.755645+00:00,NT102003,01,2,20261001085850,20260930204150,20261001085850,,NT
2026-10-01T00:00:50.755645+00:00,NT102008,07,3,20261001085950,20261001085950,20261001071350,20261001085950,NT
2026-10-01T00:00:50.755645+00:00,NT102010,08,2,20261001085950,20260930184750,20261001085950,,NT
2026-10-01T00:00:50.755645+00:00,NT102140,06,2,20261001085950,20260929053050,20261001085950,,NT
2026-10-01T00:00:50.755645+00:00,NT102207,07,2,20261001085050,20260930003450,20261001085050,,NT
2026-10-01T00:00:50.755645+00:00,NT102262,02,2,20261001085350,20260930214750,20261001085350,,NT
2026-10-01T00:00:50.755645+00:00,NT102268,12,2,20261001085450,20261001041050,20261001085450,,NT
2026-10-01T00:00:50.755645+00:00,NT102275,11,2,20261001085750,20261001011650,20261001085750,,NT
2026-10-01T00:00:50.755645+00:00,NT102301,16,2,20261001085550,20260930213550,20261001085550,,NT
2026-10-01T00:00:50.755645+00:00,NT102328,18,3,20261001085550,20261001085550,20260930203850,20261001085550,NT
2026-10-01T00:00:50.755645+00:00,NT102353,05,2,20261001085850,20260930180150,20261001085850,,NT
2026-10-01T00:00:50.755645+00:00,NT102512,10,2,20261001085650,20261001080750,20261001085650,,NT
2026-10-01T00:00:50.755645+00:00,NT102512,12,2,20261001085350,20261001023850,20261001085350,,NT
2026-10-01T00:00:50.755645+00:00,NT102513,10,2,20261001085850,20261001012150,20261001085850,,NT
2026-10-01T00:00:50.755645+00:00,NT102514,09,2,20261001085550,20261001002050,20261001085550,,NT
2026-10-01T00:00:50.755645+00:00,NT102544,05,2,20261001085050,20261001080550,20261001085050,,NT
2026-10-01T00:00:50.755645+00:00,NT102562,02,2,20261001085450,20260930203850,20261001085450,,NT
2026-10-01T00:00:50.755645+00:00,NT102575,03,2,20261001085550,20261001012251,20261001085550,,NT
2026-10-01T00:00:50.755645+00:00,NT102604,01,2,20261001085050,20260930194750,20261001085050,,NT
2026-10-01T00:00:50.755645+00:00,NT102609,01,2,20261001085250,20260930200451,20261001085250,,NT
2026-10-01T00:00:50.755645+00:00,NT102617,02,2,20261001085650,20261001063550,20261001085650,,NT
2026-10-01T00:00:50.755645+00:00,NT102765,39,2,20261001085850,20260930180750,20261001085850,,NT
2026-10-01T00:00:50.755645+00:00,NT102765,40,2,20261001085950,20261001085850,20261001085950,,NT
2026-10-01T00:00:50.755645+00:00,NT102766,13,2,20261001085750,20260930222450,20261001085750,,NT
2026-10-01T00:00:50.755645+00:00,NT102781,01,2,20261001085250,20260930201150,20261001085250,,NT
2026-10-01T00:00:50.755645+00:00,NT102798,16,2,20261001085250,20260930213350,20261001085250,,NT
2026-10-01T00:00:50.755645+00:00,NT102799,03,2,20261001085250,20260930210150,20261001085250,,NT
2026-10-01T00:00:50.755645+00:00,NT102800,03,3,20261001085450,20261001085450,20260930144450,20261001085450,NT
2026-10-01T00:00:50.755645+00:00,NT102838,06,2,20261001085750,20260930203350,20261001085750,,NT
2026-10-01T00:00:50.755645+00:00,NT102874,03,2,20261001085950,20260930211850,20261001085950,,NT
2026-10-01T00:00:50.755645+00:00,NT102874,15,3,20261001085350,20261001085350,20261001084250,20261001085350,NT
2026-10-01T00:00:50.755645+00:00,NT102949,34,2,20261001085350,20260930223650,20261001085350,,NT
2026-10-01T00:00:50.755645+00:00,NT300099,01,2,20261001085050,20260930210650,20261001085050,,NT
2026-10-01T00:00:50.755645+00:00,OS300004,08,3,20261001085904,20261001085904,20260930162105,20261001085904,OS
2026-10-01T00:00:50.755645+00:00,PC000075,03,2,20261001085922,20260930200137,20261001085822,,PC
2026-10-01T00:00:50.755645+00:00,PC000076,09,3,20261001085843,20260930115150,20261001073729,20261001085843,PC
2026-10-01T00:00:50.755645+00:00,PC000110,16,2,20261001085849,20260930191702,20261001085848,,PC
2026-10-01T00:00:50.755645+00:00,PC000112,02,2,20261001085850,20261001070349,20261001085751,,PC
2026-10-01T00:00:50.755645+00:00,PC000150,03,3,20261001085144,20260930080540,20260930190610,20261001085144,PC
2026-10-01T00:00:50.755645+00:00,PC000241,03,3,20261001085105,20260930121757,20260930144913,20261001085105,PC
2026-10-01T00:00:50.755645+00:00,PC000281,01,3,20261001085818,20260930083543,20260930191826,20261001085818,PC
2026-10-01T00:00:50.755645+00:00,PC000391,03,2,20261001085318,20260930170643,20261001085215,,PC
2026-10-01T00:00:50.755645+00:00,PC000402,02,3,20261001085500,20260930100515,20260930100556,20261001085500,PC
2026-10-01T00:00:50.755645+00:00,PC000416,01,3,20261001085810,20260929125008,20260929141252,20261001085810,PC
2026-10-01T00:00:50.755645+00:00,PC000431,03,3,20261001085131,20260919040219,20261001085047,20261001085131,PC
2026-10-01T00:00:50.755645+00:00,PC000444,08,2,20261001085112,20260930224747,20261001045413,,PC
2026-10-01T00:00:50.755645+00:00,PC000490,02,2,20261001085429,20260930212852,20260930233619,,PC
2026-10-01T00:00:50.755645+00:00,PC000541,09,3,20261001085536,20260930105811,20260930191757,20261001085536,PC
2026-10-01T00:00:50.755645+00:00,PC000658,02,3,20261001085428,20260929210024,20260930022413,20261001085428,PC
2026-10-01T00:00:50.755645+00:00,PC000672,31,2,20261001085539,20260930224009,20261001004007,,PC
2026-10-01T00:00:50.755645+00:00,PC001222,09,3,20261001085224,20261001085306,20260930180233,20261001085224,PC
2026-10-01T00:00:50.755645+00:00,PC001385,09,2,20261001085159,20260930222323,20261001031440,,PC
2026-10-01T00:00:50.755645+00:00,PC001501,17,2,20261001085942,20261001085646,20261001085837,,PC
2026-10-01T00:00:50.755645+00:00,PC001819,01,3,20261001085657,20260930193847,20260930224149,20261001085657,PC
2026-10-01T00:00:50.755645+00:00,PC001895,01,3,20261001085347,20260930135032,20260930154013,20261001085347,PC
2026-10-01T00:00:50.755645+00:00,PC001955,01,3,20261001085633,20260928092126,20260928110232,20261001085633,PC
2026-10-01T00:00:50.755645+00:00,PI000302,01,9,20261001085810,20260928102605,20260922134818,,PI
2026-10-01T00:00:50.755645+00:00,PI000446,02,3,20261001085345,20261001085245,20260930090721,20261001085345,PI
2026-10-01T00:00:50.755645+00:00,PI000639,01,3,20261001085619,20261001085300,20261001021753,20261001085619,PI
2026-10-01T00:00:50.755645+00:00,PI014554,03,2,20261001085616,20260930183850,20260930232534,,PI
2026-10-01T00:00:50.755645+00:00,PI018892,03,3,20261001085614,20261001085126,20261001081856,20261001085614,PI
2026-10-01T00:00:50.755645+00:00,PI067373,10,3,20261001085109,20261001084745,20260930120933,20261001085109,PI
2026-10-01T00:00:50.755645+00:00,PI067416,03,3,20261001085104,20261001084636,20260930221828,20261001085104,PI
2026-10-01T00:00:50.755645+00:00,PI069349,01,3,20261001085110,20261001084841,20260930161705,20261001085110,PI
2026-10-01T00:00:50.755645+00:00,PI069464,02,3,20261001085112,20261001085040,20260930113553,20261001085112,PI
2026-10-01T00:00:50.755645+00:00,PI122365,04,3,20261001085202,20261001084739,20260929060502,20261001085202,PI
2026-10-01T00:00:50.755645+00:00,PI200330,03,2,20261001085620,20261001055952,20261001074929,,PI
2026-10-01T00:00:50.755645+00:00,PI200379,10,3,20261001085122,20261001084617,20260930123753,20261001085122,PI
2026-10-01T00:00:50.755645+00:00,PI200401,02,3,20261001085122,20261001084638,20260930202056,20261001085122,PI
2026-10-01T00:00:50.755645+00:00,PI200773,01,3,20261001085128,20261001084854,20260929141607,20261001085128,PI
2026-10-01T00:00:50.755645+00:00,PI200812,12,2,20261001085130,20261001073729,20261001083751,,PI
2026-10-01T00:00:50.755645+00:00,PI200850,02,2,20261001085630,20261001074210,20261001085141,,PI
2026-10-01T00:00:50.755645+00:00,PI200858,01,3,20261001085131,20261001085035,20260929143121,20261001085131,PI
2026-10-01T00:00:50.755645+00:00,PI200858,02,3,20261001085131,20261001085104,20260930131822,20261001085131,PI
2026-10-01T00:00:50.755645+00:00,PI200864,09,3,20261001085706,20261001085506,20260926060830,20261001085706,PI
2026-10-01T00:00:50.755645+00:00,PI200894,46,3,20261001085355,20261001085302,20260930221816,20261001085355,PI
2026-10-01T00:00:50.755645+00:00,PI200915,02,2,20261001085633,20260930232601,20260930205425,,PI
2026-10-01T00:00:50.755645+00:00,PI200915,05,2,20261001085633,20261001042730,20261001074515,,PI
2026-10-01T00:00:50.755645+00:00,PI200918,12,9,20261001085810,20260930220722,20260930201257,20260930221531,PI
2026-10-01T00:00:50.755645+00:00,PI200919,06,3,20261001085133,20261001084725,20260928145924,20261001085133,PI
2026-10-01T00:00:50.755645+00:00,PI200963,01,3,20261001085636,20261001085427,20260930150422,20261001085636,PI
2026-10-01T00:00:50.755645+00:00,PI200963,08,3,20261001085636,20261001085137,20260930092631,20261001085636,PI
2026-10-01T00:00:50.755645+00:00,PI200967,01,3,20261001085636,20261001085141,20260930094412,20261001085636,PI
2026-10-01T00:00:50.755645+00:00,PI200968,05,3,20261001085136,20261001085111,20260930112007,20261001085136,PI
2026-10-01T00:00:50.755645+00:00,PI200969,05,3,20261001085636,20261001085552,20260930091733,20261001085636,PI
2026-10-01T00:00:50.755645+00:00,PI200973,01,3,20261001085138,20261001085125,20260928160302,20261001085138,PI
2026-10-01T00:00:50.755645+00:00,PI200985,04,2,20261001085147,20261001063731,20261001085059,,PI
2026-10-01T00:00:50.755645+00:00,PI200993,01,3,20261001085639,20261001085230,20260930185633,20261001085639,PI
2026-10-01T00:00:50.755645+00:00,PI201575,05,3,20261001085659,20261001085254,20260930185704,20261001085659,PI
2026-10-01T00:00:50.755645+00:00,PI202057,01,3,20261001085626,20261001085150,20260928171859,20261001085626,PI
2026-10-01T00:00:50.755645+00:00,PI202057,02,9,20261001085310,20261001080734,20260928165918,20261001081121,PI
2026-10-01T00:00:50.755645+00:00,PI202584,14,2,20261001085818,20260930184237,20260930200314,,PI
2026-10-01T00:00:50.755645+00:00,PI202988,09,2,20261001085855,20260930230858,20261001041548,,PI
2026-10-01T00:00:50.755645+00:00,PI203027,01,9,20261001085810,20261001081244,20260930194751,20261001081615,PI
2026-10-01T00:00:50.755645+00:00,PI204011,08,2,20261001085142,20261001073851,20260930113822,,PI
2026-10-01T00:00:50.755645+00:00,PI204013,05,3,20261001085641,20261001085225,20261001082343,20261001085641,PI
2026-10-01T00:00:50.755645+00:00,PI204015,01,2,20261001085641,20261001082522,20261001085222,,PI
2026-10-01T00:00:50.755645+00:00,PI204032,03,2,20261001085641,20261001062514,20261001075024,,PI
2026-10-01T00:00:50.755645+00:00,PI204035,02,3,20261001085641,20261001085333,20260928095312,20261001085641,PI
2026-10-01T00:00:50.755645+00:00,PI204056,01,3,20261001085642,20261001085530,20261001050417,20261001085642,PI
2026-10-01T00:00:50.755645+00:00,PI204092,02,3,20261001085147,20261001084804,20260930135359,20261001085147,PI
2026-10-01T00:00:50.755645+00:00,PI204095,02,3,20261001085645,20261001085258,20260928092405,20261001085645,PI
2026-10-01T00:00:50.755645+00:00,PI204119,18,3,20261001085149,20261001085057,20260930191011,20261001085149,PI
2026-10-01T00:00:50.755645+00:00,PI204119,46,3,20261001085646,20261001085330,20260930130321,20261001085646,PI
2026-10-01T00:00:50.755645+00:00,PI204153,10,1,20261001085155,20260929221438,20260929231311,,PI
2026-10-01T00:00:50.755645+00:00,PI204153,12,3,20261001085155,20261001085129,20260930194301,20261001085155,PI
2026-10-01T00:00:50.755645+00:00,PI204154,07,3,20261001085155,20261001084710,20260930113906,20261001085155,PI
2026-10-01T00:00:50.755645+00:00,PI204162,05,3,20261001085653,20261001085600,20260930154924,20261001085653,PI
2026-10-01T00:00:50.755645+00:00,PI204162,06,3,20261001085156,20261001084927,20261001081346,20261001085156,PI
2026-10-01T00:00:50.755645+00:00,PI204227,05,3,20261001085208,20261001085147,20260930123104,20261001085208,PI
2026-10-01T00:00:50.755645+00:00,PI204227,06,3,20261001085707,20261001085642,20260930171443,20261001085707,PI
2026-10-01T00:00:50.755645+00:00,PI204263,02,2,20261001085707,20261001070415,20261001085349,,PI
2026-10-01T00:00:50.755645+00:00,PI204283,02,2,20261001085710,20261001031051,20261001085523,,PI
2026-10-01T00:00:50.755645+00:00,PI313756,02,3,20261001085208,20261001085127,20260930151505,20261001085208,PI
2026-10-01T00:00:50.755645+00:00,PI645104,05,3,20261001085302,20261001085200,20260930140229,20261001085302,PI
2026-10-01T00:00:50.755645+00:00,PI645178,02,3,20261001085259,20261001084751,20260929204529,20261001085259,PI
2026-10-01T00:00:50.755645+00:00,PI645240,02,3,20261001085720,20261001085353,20260930213248,20261001085720,PI
2026-10-01T00:00:50.755645+00:00,PI645261,04,3,20261001085721,20261001085407,20260928100736,20261001085721,PI
2026-10-01T00:00:50.755645+00:00,PI700014,09,3,20261001085922,20261001085828,20260930132819,20261001085922,PI
2026-10-01T00:00:50.755645+00:00,PI700043,06,2,20261001090006,20260930171332,20261001085926,,PI
2026-10-01T00:00:50.755645+00:00,PI700049,02,3,20261001090006,20260930091808,20260930193544,20261001090006,PI
2026-10-01T00:00:50.755645+00:00,PI707040,03,2,20261001085510,20260930195727,20261001085335,,PI
2026-10-01T00:00:50.755645+00:00,PI707758,13,2,20261001085513,20260930220737,20261001085457,,PI
2026-10-01T00:00:50.755645+00:00,PI707758,27,2,20261001085513,20260930151713,20261001084128,,PI
2026-10-01T00:00:50.755645+00:00,PI708002,03,2,20261001085514,20260930204638,20261001084036,,PI
2026-10-01T00:00:50.755645+00:00,PI708496,02,3,20261001085515,20261001085015,20260927074542,20261001085515,PI
2026-10-01T00:00:50.755645+00:00,PI708531,01,2,20261001085515,20260930170722,20261001060453,,PI
2026-10-01T00:00:50.755645+00:00,PI709940,01,3,20261001085530,20261001085231,20261001074144,20261001085530,PI
2026-10-01T00:00:50.755645+00:00,PI710321,04,2,20261001085532,20260930190403,20261001084342,,PI
2026-10-01T00:00:50.755645+00:00,PI711405,04,2,20261001085526,20260930220153,20260930225924,,PI
2026-10-01T00:00:50.755645+00:00,PI711602,13,2,20261001085526,20260930212816,20260930233644,,PI
2026-10-01T00:00:50.755645+00:00,PI712675,04,2,20261001085533,20260930225138,20260930235313,,PI
2026-10-01T00:00:50.755645+00:00,PI712977,15,2,20261001085536,20260930195107,20260930211723,,PI
2026-10-01T00:00:50.755645+00:00,PI715528,04,2,20261001085548,20260930220412,20261001083035,,PI
2026-10-01T00:00:50.755645+00:00,PI717642,05,2,20261001085556,20261001061435,20261001082521,,PI
2026-10-01T00:00:50.755645+00:00,PI717723,03,2,20261001085104,20260930191522,20260930214802,,PI
2026-10-01T00:00:50.755645+00:00,PI717726,04,3,20261001085553,20261001085440,20261001070343,20261001085553,PI
2026-10-01T00:00:50.755645+00:00,PI718548,04,2,20261001085721,20261001084141,20261001085310,,PI
2026-10-01T00:00:50.755645+00:00,PI720589,01,3,20261001085108,20261001084810,20260930132637,20261001085108,PI
2026-10-01T00:00:50.755645+00:00,PI721016,07,2,20261001085851,20260930184454,20261001010419,,PI
2026-10-01T00:00:50.755645+00:00,PI721051,04,2,20261001085618,20260929121443,20260929133117,,PI
2026-10-01T00:00:50.755645+00:00,PI721315,03,2,20261001085510,20260930162517,20261001035245,,PI
2026-10-01T00:00:50.755645+00:00,PI721671,12,2,20261001085853,20260930215134,20261001051704,,PI
2026-10-01T00:00:50.755645+00:00,PI721731,08,2,20261001085719,20260930192055,20261001031012,,PI
2026-10-01T00:00:50.755645+00:00,PI721846,09,2,20261001085558,20260930200519,20261001002835,,PI
2026-10-01T00:00:50.755645+00:00,PI722718,14,2,20261001085349,20260930190754,20260930210759,,PI
2026-10-01T00:00:50.755645+00:00,PI723256,04,3,20261001085355,20261001085318,20261001020631,20261001085355,PI
2026-10-01T00:00:50.755645+00:00,PI724420,01,3,20261001085220,20261001085110,20260930163449,20261001085220,PI
2026-10-01T00:00:50.755645+00:00,PI735246,02,2,20261001085607,20261001040905,20261001042549,,PI
2026-10-01T00:00:50.755645+00:00,PI740766,04,3,20261001085551,20261001085219,20260930122649,20261001085551,PI
2026-10-01T00:00:50.755645+00:00,PI750320,03,2,20261001085515,20260930185147,20260930203244,,PI
2026-10-01T00:00:50.755645+00:00,PI751167,05,3,20261001085545,20261001085242,20260929142742,20261001085545,PI
2026-10-01T00:00:50.755645+00:00,PI752192,05,2,20261001085549,20260930210510,20261001040233,,PI
2026-10-01T00:00:50.755645+00:00,PI752192,16,2,20261001085052,20261001011144,20261001084609,,PI
2026-10-01T00:00:50.755645+00:00,PI752337,01,3,20261001085051,20261001085047,20260929183820,20261001085051,PI
2026-10-01T00:00:50.755645+00:00,PI752614,02,2,20261001085104,20260930193140,20261001013821,,PI
2026-10-01T00:00:50.755645+00:00,PI752942,03,3,20261001085102,20261001084641,20260929105423,20261001085102,PI
2026-10-01T00:00:50.755645+00:00,PI754132,02,3,20261001085306,20261001085108,20260930162626,20261001085306,PI
2026-10-01T00:00:50.755645+00:00,PI760025,01,2,20261001085518,20260930192325,20261001003551,,PI
2026-10-01T00:00:50.755645+00:00,PI760126,08,2,20261001085523,20260930221627,20261001083256,,PI
2026-10-01T00:00:50.755645+00:00,PI760636,04,3,20261001085520,20261001085440,20260930125055,20261001085520,PI
2026-10-01T00:00:50.755645+00:00,PI763958,20,3,20261001085541,20261001085208,20260930134223,20261001085541,PI
2026-10-01T00:00:50.755645+00:00,PI764997,08,2,20261001085544,20260930185125,20260930203346,,PI
2026-10-01T00:00:50.755645+00:00,PI766538,05,3,20261001085103,20261001084807,20261001072014,20261001085103,PI
2026-10-01T00:00:50.755645+00:00,PI766906,06,3,20261001085101,20261001084654,20260930100852,20261001085101,PI
2026-10-01T00:00:50.755645+00:00,PI766931,07,3,20261001085604,20261001085217,20260930102902,20261001085604,PI
2026-10-01T00:00:50.755645+00:00,PI768702,12,3,20261001085112,20261001085001,20261001053939,20261001085112,PI
2026-10-01T00:00:50.755645+00:00,PI768716,01,3,20261001085114,20261001084742,20260921160031,20261001085114,PI
2026-10-01T00:00:50.755645+00:00,PI768775,07,2,20261001085607,20260930224929,20261001043705,,PI
2026-10-01T00:00:50.755645+00:00,PI769680,01,2,20261001085112,20260930194945,20260930221451,,PI
2026-10-01T00:00:50.755645+00:00,PI769680,29,2,20261001085611,20260930235646,20261001015746,,PI
2026-10-01T00:00:50.755645+00:00,PI770215,01,2,20261001085720,20261001071827,20261001085315,,PI
2026-10-01T00:00:50.755645+00:00,PI770651,03,3,20261001085221,20261001084751,20260930084024,20261001085221,PI
2026-10-01T00:00:50.755645+00:00,PI772823,05,2,20261001085812,20260930215106,20261001023237,,PI
2026-10-01T00:00:50.755645+00:00,PI772833,05,2,20261001085310,20261001004833,20261001031814,,PI
2026-10-01T00:00:50.755645+00:00,PI773810,03,2,20261001085822,20260930222012,20261001031710,,PI
2026-10-01T00:00:50.755645+00:00,PI774037,13,2,20261001085825,20261001082737,20261001085756,,PI
2026-10-01T00:00:50.755645+00:00,PI775258,02,2,20261001085847,20261001065342,20261001085230,,PI
2026-10-01T00:00:50.755645+00:00,PI793300,61,2,20261001085827,20260930203026,20260930223253,,PI
2026-10-01T00:00:50.755645+00:00,PI794109,02,2,20261001085337,20260930201607,20261001013125,,PI
2026-10-01T00:00:50.755645+00:00,PI794600,14,2,20261001085338,20260930214711,20261001021209,,PI
2026-10-01T00:00:50.755645+00:00,PI794600,17,2,20261001085338,20260930220925,20261001033135,,PI
2026-10-01T00:00:50.755645+00:00,PI794903,02,2,20261001085336,20260930172523,20260930210241,,PI
2026-10-01T00:00:50.755645+00:00,PI795080,01,2,20261001085333,20261001083853,20261001084839,,PI
2026-10-01T00:00:50.755645+00:00,PI795182,01,3,20261001085334,20261001084903,20261001064622,20261001085334,PI
2026-10-01T00:00:50.755645+00:00,PI795328,06,2,20261001085334,20260930195049,20260930225258,,PI
2026-10-01T00:00:50.755645+00:00,PI796107,07,3,20261001085346,20261001084920,20260929222037,20261001085346,PI
2026-10-01T00:00:50.755645+00:00,PI796107,22,2,20261001085346,20260930221634,20261001034636,,PI
2026-10-01T00:00:50.755645+00:00,PI796562,11,2,20261001085849,20260930202803,20261001030743,,PI
2026-10-01T00:00:50.755645+00:00,PI796661,10,2,20261001085849,20260930222403,20261001002958,,PI
2026-10-01T00:00:50.755645+00:00,PI807782,05,3,20261001085853,20261001085508,20261001003405,20261001085853,PI
2026-10-01T00:00:50.755645+00:00,PI807817,01,3,20261001085853,20261001085722,20260930170058,20261001085853,PI
2026-10-01T00:00:50.755645+00:00,PI808249,02,2,20261001085854,20260930224933,20261001020842,,PI
2026-10-01T00:00:50.755645+00:00,PI808443,19,2,20261001085353,20260930202551,20260930225338,,PI
2026-10-01T00:00:50.755645+00:00,PI809564,14,2,20261001085857,20260930204646,20261001051602,,PI
2026-10-01T00:00:50.755645+00:00,PI809605,01,2,20261001085356,20260930222732,20261001041108,,PI
2026-10-01T00:00:50.755645+00:00,PI809605,02,3,20261001085858,20261001085823,20261001085748,20261001085858,PI
2026-10-01T00:00:50.755645+00:00,PI809652,04,2,20261001085356,20260930210244,20261001014457,,PI
2026-10-01T00:00:50.755645+00:00,PIA00165,02,2,20261001085858,20260930185105,20261001005154,,PI
2026-10-01T00:00:50.755645+00:00,PIH00188,06,2,20261001085827,20261001042734,20261001085410,,PI
2026-10-01T00:00:50.755645+00:00,PIH00210,81,2,20261001085747,20261001074922,20261001085516,,PI
2026-10-01T00:00:50.755645+00:00,PIH00304,16,3,20261001085746,20261001085538,20261001081204,20261001085746,PI
2026-10-01T00:00:50.755645+00:00,PIH00363,01,3,20261001085736,20261001085553,20260930151427,20261001085736,PI
2026-10-01T00:00:50.755645+00:00,PIH00401,08,3,20261001085750,20261001085729,20260930085452,20261001085750,PI
2026-10-01T00:00:50.755645+00:00,PIH00455,01,2,20261001085250,20260930210226,20261001085000,,PI
2026-10-01T00:00:50.755645+00:00,PIH00815,02,3,20261001085751,20261001085517,20260930163737,20261001085751,PI
2026-10-01T00:00:50.755645+00:00,PIH01531,02,3,20261001085735,20261001085643,20260929143553,20261001085735,PI
2026-10-01T00:00:50.755645+00:00,PIH01703,06,3,20261001085235,20261001085038,20260930124137,20261001085235,PI
2026-10-01T00:00:50.755645+00:00,PIS00003,04,3,20261001085358,20261001084958,20260930172032,20261001085358,PI
2026-10-01T00:00:50.755645+00:00,PIS00005,02,2,20261001085900,20260930185245,20260930233127,,PI
2026-10-01T00:00:50.755645+00:00,PIS00005,06,2,20261001085900,20260930211738,20261001040749,,PI
2026-10-01T00:00:50.755645+00:00,PIS00010,02,3,20261001085417,20261001085252,20260930151041,20261001085417,PI
2026-10-01T00:00:50.755645+00:00,PIS00021,01,3,20261001085358,20261001085331,20260928140542,20261001085358,PI
2026-10-01T00:00:50.755645+00:00,PIS00042,02,3,20261001085358,20261001085041,20260930174236,20261001085358,PI
2026-10-01T00:00:50.755645+00:00,PIS00057,01,3,20261001085359,20261001085044,20260930141342,20261001085359,PI
2026-10-01T00:00:50.755645+00:00,PIS00071,01,3,20261001085901,20261001085439,20260930124742,20261001085901,PI
2026-10-01T00:00:50.755645+00:00,PIS00075,08,2,20261001085359,20260930210628,20261001004400,,PI
2026-10-01T00:00:50.755645+00:00,PIS00079,07,2,20261001085359,20260930211409,20261001040414,,PI
2026-10-01T00:00:50.755645+00:00,PK000005,04,2,20261001085143,20261001083201,20261001084805,,PK
2026-10-01T00:00:50.755645+00:00,PK000005,05,2,20261001085143,20261001083104,20261001085112,,PK
2026-10-01T00:00:50.755645+00:00,PK000006,15,3,20261001085143,20261001073106,20261001075053,20261001084657,PK
2026-10-01T00:00:50.755645+00:00,PK000006,16,3,20261001085142,20261001080201,20261001082409,20261001084736,PK
2026-10-01T00:00:50.755645+00:00,PK000006,17,2,20261001085143,20261001082656,20261001084527,,PK
2026-10-01T00:00:50.755645+00:00,PK000006,20,3,20261001085142,20261001075555,20261001081501,20261001084212,PK
2026-10-01T00:00:50.755645+00:00,PK000007,02,3,20261001085145,20261001072932,20261001075329,20261001084746,PK
2026-10-01T00:00:50.755645+00:00,PK000007,25,2,20261001085145,20261001082051,20261001084718,,PK
2026-10-01T00:00:50.755645+00:00,PK000007,26,2,20261001085145,20261001082129,20261001084718,,PK
2026-10-01T00:00:50.755645+00:00,PK000008,01,2,20261001085145,20261001083233,20261001084601,,PK
2026-10-01T00:00:50.755645+00:00,PK000009,13,2,20261001085143,20261001083249,20261001084944,,PK
2026-10-01T00:00:50.755645+00:00,PK000009,14,2,20261001085143,20261001083335,20261001084940,,PK
2026-10-01T00:00:50.755645+00:00,PK000009,19,3,20261001090009,20261001090009,20261001083052,20261001090009,PK
2026-10-01T00:00:50.755645+00:00,PK000009,20,3,20261001090009,20261001090009,20261001083052,20261001090009,PK
2026-10-01T00:00:50.755645+00:00,PK000009,21,3,20261001090009,20261001090009,20261001010217,20261001090009,PK
2026-10-01T00:00:50.755645+00:00,PK000009,22,3,20261001090009,20261001090009,20260930221044,20261001090009,PK
2026-10-01T00:00:50.755645+00:00,PK000009,27,2,20261001090009,20261001084047,20261001090009,,PK
2026-10-01T00:00:50.755645+00:00,PK000009,28,2,20261001090009,20261001084047,20261001090009,,PK
2026-10-01T00:00:50.755645+00:00,PK000011,05,3,20261001090010,20261001090010,20260930223023,20261001090010,PK
2026-10-01T00:00:50.755645+00:00,PK000011,06,3,20261001090010,20261001090010,20260930222024,20261001090010,PK
2026-10-01T00:00:50.755645+00:00,PK000011,15,2,20261001090010,20261001084049,20250909150239,,PK
2026-10-01T00:00:50.755645+00:00,PK000011,16,2,20261001090010,20261001084049,20261001090010,,PK
2026-10-01T00:00:50.755645+00:00,PK000021,13,2,20261001085141,20261001082253,20261001084242,,PK
2026-10-01T00:00:50.755645+00:00,PK000024,01,2,20261001085051,20261001083102,20261001085051,,PK
2026-10-01T00:00:50.755645+00:00,PK000024,02,2,20261001085051,20261001083102,20261001085051,,PK
2026-10-01T00:00:50.755645+00:00,PK000024,03,3,20261001085051,20261001085051,20261001083102,20261001085051,PK
2026-10-01T00:00:50.755645+00:00,PK000024,07,3,20261001085051,20261001085051,20260930223036,20261001085051,PK
2026-10-01T00:00:50.755645+00:00,PK000024,08,3,20261001085051,20261001085051,20261001083102,20261001085051,PK
2026-10-01T00:00:50.755645+00:00,PK000024,17,3,20261001085051,20261001085051,20261001083102,20261001085051,PK
2026-10-01T00:00:50.755645+00:00,PK000024,18,3,20261001085051,20261001085051,20261001080051,20261001085051,PK
2026-10-01T00:00:50.755645+00:00,PK000025,17,2,20261001085143,20261001082936,20261001084848,,PK
2026-10-01T00:00:50.755645+00:00,PK000025,18,2,20261001085143,20261001083016,20261001084848,,PK
2026-10-01T00:00:50.755645+00:00,PK000025,22,9,20261001085143,20261001082712,20261001084436,,PK
2026-10-01T00:00:50.755645+00:00,PK000027,07,2,20261001085051,20261001083103,20260824155721,,PK
2026-10-01T00:00:50.755645+00:00,PK000027,11,3,20261001085051,20261001085051,20260824160058,20261001085051,PK
2026-10-01T00:00:50.755645+00:00,PK000028,23,9,20261001085142,20261001082304,20261001085004,,PK
2026-10-01T00:00:50.755645+00:00,PK000028,24,9,20261001085142,20261001082220,20261001085004,,PK
2026-10-01T00:00:50.755645+00:00,PK000028,27,2,20261001085142,20261001083558,20261001085054,,PK
2026-10-01T00:00:50.755645+00:00,PK000028,28,2,20261001085142,20261001083640,20261001085058,,PK
2026-10-01T00:00:50.755645+00:00,PK000148,11,2,20261001085140,20261001080546,20261001084750,,PK
2026-10-01T00:00:50.755645+00:00,PK000148,12,2,20261001085140,20261001082914,20261001084750,,PK
2026-10-01T00:00:50.755645+00:00,PK000148,14,3,20261001085140,20261001075625,20261001081750,20261001084713,PK
2026-10-01T00:00:50.755645+00:00,PK000148,19,2,20261001085143,20261001082920,20261001084601,,PK
2026-10-01T00:00:50.755645+00:00,PK000148,23,9,20261001085144,20261001082502,20261001084908,,PK
2026-10-01T00:00:50.755645+00:00,PK000148,24,9,20261001085142,20261001082535,20261001084908,,PK
2026-10-01T00:00:50.755645+00:00,PK000156,03,2,20261001085141,20261001082552,20261001084446,,PK
2026-10-01T00:00:50.755645+00:00,PK000156,13,3,20261001085141,20261001082233,20261001083810,20261001084737,PK
2026-10-01T00:00:50.755645+00:00,PK000156,14,3,20261001085141,20261001082312,20261001083810,20261001084815,PK
2026-10-01T00:00:50.755645+00:00,PK000161,01,2,20261001085144,20261001082911,20261001084758,,PK
2026-10-01T00:00:50.755645+00:00,PK000161,02,2,20261001085144,20261001082943,20261001084758,,PK
2026-10-01T00:00:50.755645+00:00,PK000161,07,2,20261001085144,20261001083125,20261001084206,,PK
2026-10-01T00:00:50.755645+00:00,PK000161,08,2,20261001085144,20261001083159,20261001084206,,PK
2026-10-01T00:00:50.755645+00:00,PK000161,11,2,20261001085054,20261001083948,20261001083948,,PK
2026-10-01T00:00:50.755645+00:00,PK000161,12,2,20261001085054,20261001083921,20261001083921,,PK
2026-10-01T00:00:50.755645+00:00,PK000179,01,2,20261001085054,20261001083716,20261001083716,,PK
2026-10-01T00:00:50.755645+00:00,PK000180,04,3,20261001085054,20261001084849,20261001084849,20261001080735,PK
2026-10-01T00:00:50.755645+00:00,PK000180,07,3,20261001085054,20261001084849,20261001084849,20261001074806,PK
2026-10-01T00:00:50.755645+00:00,PK000180,08,3,20261001085054,20261001084924,20261001084924,20261001074805,PK
2026-10-01T00:00:50.755645+00:00,PK000181,01,2,20261001085054,20261001083202,20261001083202,,PK
2026-10-01T00:00:50.755645+00:00,PK000181,02,2,20261001085054,20261001083243,20261001083243,,PK
2026-10-01T00:00:50.755645+00:00,PK000181,08,3,20261001085054,20261001084402,20261001084402,20261001082712,PK
2026-10-01T00:00:50.755645+00:00,PK000182,03,3,20261001085054,20261001084725,20261001084725,20261001023343,PK
2026-10-01T00:00:50.755645+00:00,PK000182,04,3,20261001085054,20261001084831,20261001084831,20261001024539,PK
2026-10-01T00:00:50.755645+00:00,PK000182,15,2,20261001085054,20261001083413,20261001083413,,PK
2026-10-01T00:00:50.755645+00:00,PK000182,16,2,20261001085054,20261001083625,20261001083625,,PK
2026-10-01T00:00:50.755645+00:00,PK000183,01,2,20261001085054,20261001083835,20261001083835,,PK
2026-10-01T00:00:50.755645+00:00,PK000183,02,2,20261001085054,20261001083646,20261001083646,,PK
2026-10-01T00:00:50.755645+00:00,PK000183,03,3,20261001085054,20261001084434,20261001084434,20261001083659,PK
2026-10-01T00:00:50.755645+00:00,PK000183,04,3,20261001085054,20261001084516,20261001084516,20261001083704,PK
2026-10-01T00:00:50.755645+00:00,PK000183,05,2,20261001085054,20261001082300,20261001082300,,PK
2026-10-01T00:00:50.755645+00:00,PK000183,06,2,20261001085054,20261001082343,20261001082343,,PK
2026-10-01T00:00:50.755645+00:00,PK000185,04,3,20261001085144,20261001075839,20261001081939,20261001084331,PK
2026-10-01T00:00:50.755645+00:00,PK000185,07,2,20261001085144,20261001081916,20261001083356,,PK
2026-10-01T00:00:50.755645+00:00,PK000186,09,2,20261001085145,20261001081949,20261001084622,,PK
2026-10-01T00:00:50.755645+00:00,PK000186,10,2,20261001085145,20261001081843,20261001084621,,PK
2026-10-01T00:00:50.755645+00:00,PK000288,03,9,20261001085142,20261001082304,20261001085004,,PK
2026-10-01T00:00:50.755645+00:00,PK000288,04,9,20261001085142,20261001082220,20261001085004,,PK
2026-10-01T00:00:50.755645+00:00,PK000288,07,2,20261001085142,20261001083558,20261001085054,,PK
2026-10-01T00:00:50.755645+00:00,PK000288,08,2,20261001085142,20261001083640,20261001085058,,PK
2026-10-01T00:00:50.755645+00:00,PK000291,04,3,20261001085140,20261001075115,20261001080654,20261001084105,PK
2026-10-01T00:00:50.755645+00:00,PK000295,03,2,20261001085140,20261001082158,20261001084303,,PK
2026-10-01T00:00:50.755645+00:00,PK000295,07,3,20261001085143,20261001081316,20261001082804,20261001084418,PK
2026-10-01T00:00:50.755645+00:00,PK000296,03,2,20261001085141,20261001082253,20261001084242,,PK
2026-10-01T00:00:50.755645+00:00,PK000297,03,2,20261001085143,20261001082936,20261001084848,,PK
2026-10-01T00:00:50.755645+00:00,PK000297,04,2,20261001085143,20261001083016,20261001084848,,PK
2026-10-01T00:00:50.755645+00:00,PK000297,08,9,20261001085143,20261001082712,20261001084436,,PK
2026-10-01T00:00:50.755645+00:00,PK000322,23,2,20261001085051,20261001084059,20241120135517,,PK
2026-10-01T00:00:50.755645+00:00,PK000322,24,2,20261001085051,20261001084059,20261001085051,,PK
2026-10-01T00:00:50.755645+00:00,PK000437,01,3,20261001090010,20261001090010,20260930234035,20261001090010,PK
2026-10-01T00:00:50.755645+00:00,PK000437,02,3,20261001090010,20261001090010,20260930232102,20261001090010,PK
2026-10-01T00:00:50.755645+00:00,PL000106,01,2,20261001085615,20260930174637,20261001085615,,PL
2026-10-01T00:00:50.755645+00:00,PL000172,01,2,20261001085228,20260930194951,20261001085228,,PL
2026-10-01T00:00:50.755645+00:00,PL000172,19,2,20261001085826,20260930221741,20261001085826,,PL
2026-10-01T00:00:50.755645+00:00,PL000245,02,3,20261001085810,20261001085810,20260930183602,20261001085810,PL
2026-10-01T00:00:50.755645+00:00,PL000277,04,2,20261001085131,20260930223926,20261001085131,,PL
2026-10-01T00:00:50.755645+00:00,PL000304,02,3,20261001085107,20261001085107,20260930180805,20261001085107,PL
2026-10-01T00:00:50.755645+00:00,PL000339,04,3,20261001085201,20261001085201,20260930195233,20261001085201,PL
2026-10-01T00:00:50.755645+00:00,PL000464,01,2,20261001085516,20261001031839,20261001085516,,PL
2026-10-01T00:00:50.755645+00:00,PL000618,26,2,20261001085208,20260930224037,20261001085208,,PL
2026-10-01T00:00:50.755645+00:00,PL000618,28,2,20261001085259,20260930223028,20261001085259,,PL
2026-10-01T00:00:50.755645+00:00,PL000668,01,3,20261001085520,20261001085520,20261001052148,20261001085520,PL
2026-10-01T00:00:50.755645+00:00,PL000706,36,3,20261001085550,20261001085550,20261001083448,20261001085550,PL
2026-10-01T00:00:50.755645+00:00,PL000706,40,2,20261001085738,20260930201605,20261001085738,,PL
2026-10-01T00:00:50.755645+00:00,PL000718,01,3,20261001085623,20261001085623,20260930195019,20261001085623,PL
2026-10-01T00:00:50.755645+00:00,PL000808,14,2,20261001085415,20261001081511,20261001085415,,PL
2026-10-01T00:00:50.755645+00:00,PL000808,19,2,20261001085701,20261001071052,20261001085701,,PL
2026-10-01T00:00:50.755645+00:00,PL000993,01,2,20261001085838,20261001002727,20261001085838,,PL
2026-10-01T00:00:50.755645+00:00,PL001023,02,2,20261001085130,20260930224643,20261001085130,,PL
2026-10-01T00:00:50.755645+00:00,PL001092,18,2,20261001085313,20260930172205,20261001085313,,PL
2026-10-01T00:00:50.755645+00:00,PL001240,02,2,20261001085154,20260930181354,20261001085154,,PL
2026-10-01T00:00:50.755645+00:00,PL001489,04,2,20261001085357,20260930210821,20261001085357,,PL
2026-10-01T00:00:50.755645+00:00,PL001618,80,2,20261001085512,20261001002501,20261001085512,,PL
2026-10-01T00:00:50.755645+00:00,PL001944,51,2,20261001085217,20260930194045,20261001085217,,PL
2026-10-01T00:00:50.755645+00:00,PL001951,23,2,20261001085324,20261001002044,20261001085324,,PL
2026-10-01T00:00:50.755645+00:00,PL002562,01,2,20261001085115,20260930191113,20261001085115,,PL
2026-10-01T00:00:50.755645+00:00,PL003371,16,3,20261001085835,20261001085835,20260930102254,20261001085835,PL
2026-10-01T00:00:50.755645+00:00,PL003371,18,2,20261001085743,20260930205756,20261001085743,,PL
2026-10-01T00:00:50.755645+00:00,PL003817,25,2,20261001085636,20260930205653,20261001085636,,PL
2026-10-01T00:00:50.755645+00:00,PL005113,06,3,20261001085606,20261001085606,20260930193525,20261001085606,PL
2026-10-01T00:00:50.755645+00:00,PL005184,00,2,20261001085609,20261001082327,20261001085609,,PL
2026-10-01T00:00:50.755645+00:00,PL027905,02,2,20261001085749,20260930173234,20261001085749,,PL
2026-10-01T00:00:50.755645+00:00,PL027987,22,2,20261001085345,20260930211107,20261001085345,,PL
2026-10-01T00:00:50.755645+00:00,PL028183,02,2,20261001090000,20260930225106,20261001090000,,PL
2026-10-01T00:00:50.755645+00:00,PL030380,00,3,20261001085846,20261001085846,20260930203447,20261001085846,PL
2026-10-01T00:00:50.755645+00:00,PL030468,20,2,20261001085344,20260930222147,20261001085344,,PL
2026-10-01T00:00:50.755645+00:00,PL030468,30,2,20261001085237,20260930221122,20261001085237,,PL
2026-10-01T00:00:50.755645+00:00,PL030485,04,2,20261001085341,20260930225543,20261001085341,,PL
2026-10-01T00:00:50.755645+00:00,PL030511,01,2,20261001085208,20260930192314,20261001085208,,PL
2026-10-01T00:00:50.755645+00:00,PL030543,05,2,20261001085540,20260930160517,20261001085540,,PL
2026-10-01T00:00:50.755645+00:00,PL030579,03,2,20261001085139,20260930212438,20261001085139,,PL
2026-10-01T00:00:50.755645+00:00,PL030675,15,2,20261001085728,20261001005145,20261001085728,,PL
2026-10-01T00:00:50.755645+00:00,PL030920,00,2,20261001085210,20261001084209,20261001085210,,PL
2026-10-01T00:00:50.755645+00:00,PL031057,09,2,20261001085703,20261001003616,20261001085703,,PL
2026-10-01T00:00:50.755645+00:00,PL031171,05,3,20261001085555,20261001085555,20260930124240,20261001085555,PL
2026-10-01T00:00:50.755645+00:00,PL031425,08,2,20261001085522,20260930181418,20261001085522,,PL
2026-10-01T00:00:50.755645+00:00,PL031461,21,2,20261001085947,20260930225101,20261001085947,,PL
2026-10-01T00:00:50.755645+00:00,PL031462,10,2,20261001085230,20260930233444,20261001085230,,PL
2026-10-01T00:00:50.755645+00:00,PL031576,00,3,20261001085714,20261001085714,20260930141246,20261001085714,PL
2026-10-01T00:00:50.755645+00:00,PL031576,01,3,20261001085830,20261001085830,20260923234644,20261001085830,PL
2026-10-01T00:00:50.755645+00:00,PL031656,04,3,20261001085730,20261001085730,20260930234214,20261001085730,PL
2026-10-01T00:00:50.755645+00:00,PL031706,02,2,20261001085206,20260930165902,20261001085206,,PL
2026-10-01T00:00:50.755645+00:00,PL031740,02,2,20261001085459,20260930181130,20261001085459,,PL
2026-10-01T00:00:50.755645+00:00,PL031740,09,3,20261001085258,20261001085258,20261001070140,20261001085258,PL
2026-10-01T00:00:50.755645+00:00,PL031760,08,2,20261001085929,20260930153703,20261001085929,,PL
2026-10-01T00:00:50.755645+00:00,PL031768,21,2,20261001085217,20260930233757,20261001085217,,PL
2026-10-01T00:00:50.755645+00:00,PL031843,07,3,20261001085449,20261001085449,20261001055549,20261001085449,PL
2026-10-01T00:00:50.755645+00:00,PL031905,09,2,20261001085837,20260930154034,20261001085837,,PL
2026-10-01T00:00:50.755645+00:00,PL031907,05,2,20261001085311,20260930145054,20261001085311,,PL
2026-10-01T00:00:50.755645+00:00,PL032203,05,3,20261001085949,20261001085949,20260930224238,20261001085949,PL
2026-10-01T00:00:50.755645+00:00,PL032288,03,2,20261001085514,20260930221631,20261001085514,,PL
2026-10-01T00:00:50.755645+00:00,PL032398,14,2,20261001085447,20260930174110,20261001085447,,PL
2026-10-01T00:00:50.755645+00:00,PL032476,07,2,20261001085415,20261001001322,20261001085415,,PL
2026-10-01T00:00:50.755645+00:00,PL032568,04,2,20261001085420,20260930181721,20261001085420,,PL
2026-10-01T00:00:50.755645+00:00,PL032605,37,2,20261001085208,20260930193916,20261001085208,,PL
2026-10-01T00:00:50.755645+00:00,PL032653,25,3,20261001085930,20261001085930,20260930083047,20261001085930,PL
2026-10-01T00:00:50.755645+00:00,PL032673,13,2,20261001085114,20261001074547,20261001085114,,PL
2026-10-01T00:00:50.755645+00:00,PL032830,03,2,20261001085352,20260930224318,20261001085352,,PL
2026-10-01T00:00:50.755645+00:00,PL032832,11,2,20261001085858,20260930174902,20261001085858,,PL
2026-10-01T00:00:50.755645+00:00,PL032960,02,2,20261001085115,20261001023353,20261001085115,,PL
2026-10-01T00:00:50.755645+00:00,PL033048,09,2,20261001085558,20260930172422,20261001085558,,PL
2026-10-01T00:00:50.755645+00:00,PL033085,00,3,20261001085335,20261001085335,20260930064015,20261001085335,PL
2026-10-01T00:00:50.755645+00:00,PL033085,02,2,20261001085213,20260930193615,20261001085213,,PL
2026-10-01T00:00:50.755645+00:00,PL033100,20,2,20261001085111,20260930220444,20261001085111,,PL
2026-10-01T00:00:50.755645+00:00,PL033153,00,2,20261001085737,20261001072253,20261001085737,,PL
2026-10-01T00:00:50.755645+00:00,PL033246,06,2,20261001085402,20261001002222,20261001085402,,PL
2026-10-01T00:00:50.755645+00:00,PL033272,00,2,20261001085133,20260930224610,20261001085133,,PL
2026-10-01T00:00:50.755645+00:00,PL033396,06,3,20261001085816,20261001085816,20260928020024,20261001085816,PL
2026-10-01T00:00:50.755645+00:00,PL033396,08,3,20261001085521,20261001085521,20260930204111,20261001085521,PL
2026-10-01T00:00:50.755645+00:00,PL033509,05,2,20261001085914,20260930181145,20261001085914,,PL
2026-10-01T00:00:50.755645+00:00,PL033655,00,2,20261001085448,20260930182054,20261001085448,,PL
2026-10-01T00:00:50.755645+00:00,PL033666,35,2,20261001085719,20260930201438,20261001085719,,PL
2026-10-01T00:00:50.755645+00:00,PL033666,42,2,20261001085513,20260930205327,20261001085513,,PL
2026-10-01T00:00:50.755645+00:00,PL033735,01,2,20261001085757,20260930195859,20261001085757,,PL
2026-10-01T00:00:50.755645+00:00,PL100014,02,3,20261001085249,20261001085249,20260929190205,20261001085249,PL
2026-10-01T00:00:50.755645+00:00,PL832708,27,2,20261001085555,20260927190704,20261001085555,,PL
2026-10-01T00:00:50.755645+00:00,PL832708,35,2,20261001085404,20260930143907,20261001085404,,PL
2026-10-01T00:00:50.755645+00:00,PL832708,60,2,20261001085727,20260930205427,20261001085727,,PL
2026-10-01T00:00:50.755645+00:00,PMP00502,01,9,20261001085310,20260930123301,20260930125301,,PM
2026-10-01T00:00:50.755645+00:00,PMP00502,02,9,20261001085310,20260930190013,20260930204013,,PM
2026-10-01T00:00:50.755645+00:00,PMP00502,03,9,20261001085310,20261001074013,20261001080014,,PM
2026-10-01T00:00:50.755645+00:00,PMP00502,04,9,20261001085310,20261001074013,20261001080014,,PM
2026-10-01T00:00:50.755645+00:00,PMP00502,05,9,20261001085310,20260930222013,20260930230013,,PM
2026-10-01T00:00:50.755645+00:00,PMP00502,06,9,20261001085310,20260930230013,20261001002013,,PM
2026-10-01T00:00:50.755645+00:00,PMP00502,07,9,20261001085310,20260930145302,20260930170015,,PM
2026-10-01T00:00:50.755645+00:00,PMP00502,08,9,20261001085310,20261001002013,20261001010013,,PM
2026-10-01T00:00:50.755645+00:00,PMP00502,09,9,20261001085310,20260930145302,20260930151302,,PM
2026-10-01T00:00:50.755645+00:00,PMP00502,10,9,20261001085310,20260930204013,20260930220013,,PM
2026-10-01T00:00:50.755645+00:00,PMP00502,11,9,20261001085310,20260930204013,20260930210013,,PM
2026-10-01T00:00:50.755645+00:00,PMP00502,12,9,20261001085310,20261001080014,20261001082013,,PM
2026-10-01T00:00:50.755645+00:00,PMP00502,13,9,20261001085310,20260930180013,20260930204013,,PM
2026-10-01T00:00:50.755645+00:00,PMP00502,14,9,20261001085310,20260930180013,20260930204013,,PM
2026-10-01T00:00:50.755645+00:00,PMP00502,15,9,20261001085310,20260929013302,20260929023301,,PM
2026-10-01T00:00:50.755645+00:00,PMP00502,16,9,20261001085310,20260927085301,20260927091301,,PM
2026-10-01T00:00:50.755645+00:00,PMP00503,01,9,20261001085310,20261001064013,20261001074012,,PM
2026-10-01T00:00:50.755645+00:00,PMP00503,02,9,20261001085310,20261001064013,20261001070013,,PM
2026-10-01T00:00:50.755645+00:00,PMP00503,03,9,20261001085310,20261001050013,20261001054012,,PM
2026-10-01T00:00:50.755645+00:00,PMP00503,04,9,20261001085310,20261001050013,20261001054012,,PM
2026-10-01T00:00:50.755645+00:00,PMP00503,05,9,20261001085310,20261001010013,20261001024013,,PM
2026-10-01T00:00:50.755645+00:00,PMP00503,06,9,20261001085310,20261001064013,20261001080014,,PM
2026-10-01T00:00:50.755645+00:00,PMP00503,07,9,20261001085310,20260930230013,20261001010013,,PM
2026-10-01T00:00:50.755645+00:00,PMP00503,08,9,20261001085310,20261001002013,20261001042012,,PM
2026-10-01T00:00:50.755645+00:00,PMP00503,09,9,20261001085310,20261001060013,20261001064013,,PM
2026-10-01T00:00:50.755645+00:00,PMP00503,10,9,20261001085310,20261001082012,20261001064013,20261001082012,PM
2026-10-01T00:00:50.755645+00:00,PMP00503,11,9,20261001085310,20261001082012,20261001054012,20261001082012,PM
2026-10-01T00:00:50.755645+00:00,PMP00503,12,9,20261001085310,20261001050013,20261001054012,,PM
2026-10-01T00:00:50.755645+00:00,PMP00503,13,9,20261001085310,20260930230013,20261001002013,,PM
2026-10-01T00:00:50.755645+00:00,PMP00503,14,9,20261001085310,20261001010013,20261001024013,,PM
2026-10-01T00:00:50.755645+00:00,PMP00503,15,9,20261001085310,20260930133301,20260930135301,,PM
2026-10-01T00:00:50.755645+00:00,PMP00503,16,9,20261001085310,20260930230013,20261001010013,,PM
2026-10-01T00:00:50.755645+00:00,PMP00503,17,9,20261001085310,20260729081910,20260729091910,,PM
2026-10-01T00:00:50.755645+00:00,PMP00503,18,9,20261001085310,20260729081910,20260729091910,,PM
2026-10-01T00:00:50.755645+00:00,PMP00503,19,9,20261001085310,20260930220012,20260930230013,,PM
2026-10-01T00:00:50.755645+00:00,PMP00503,20,9,20261001085310,20261001080013,20261001002012,20261001080013,PM
2026-10-01T00:00:50.755645+00:00,PMP00503,21,9,20261001085310,20261001010013,20261001024012,,PM
2026-10-01T00:00:50.755645+00:00,PMP00503,22,9,20261001085310,20261001002012,20261001024012,,PM
2026-10-01T00:00:50.755645+00:00,PMP00503,23,9,20261001085310,20260930180012,20260930190012,,PM
2026-10-01T00:00:50.755645+00:00,PMP00503,24,9,20261001085310,20260930204012,20260930230013,,PM
2026-10-01T00:00:50.755645+00:00,PMP00503,25,9,20261001085310,20261001082012,20260930230013,20261001082012,PM
2026-10-01T00:00:50.755645+00:00,PMP00503,26,9,20261001085310,20261001082012,20260930204012,20261001082012,PM
2026-10-01T00:00:50.755645+00:00,PMP00503,27,9,20261001085310,20260930220012,20260930230013,,PM
2026-10-01T00:00:50.755645+00:00,PMP00503,28,9,20261001085310,20260930220012,20261001002012,,PM
2026-10-01T00:00:50.755645+00:00,PMP00503,29,9,20261001085310,20261001024012,20261001030013,,PM
2026-10-01T00:00:50.755645+00:00,PMP00503,30,9,20261001085310,20260930210012,20260930220012,,PM
2026-10-01T00:00:50.755645+00:00,PMP00503,31,9,20261001085310,20261001082012,20260930230013,20261001082012,PM
2026-10-01T00:00:50.755645+00:00,PMP00503,32,9,20261001085310,20261001082012,20261001002012,20261001082012,PM
2026-10-01T00:00:50.755645+00:00,PMP00503,33,9,20261001085310,20261001010013,20261001024012,,PM
2026-10-01T00:00:50.755645+00:00,PMP00503,34,9,20261001085310,20261001002012,20261001010013,,PM
2026-10-01T00:00:50.755645+00:00,PMP00504,01,9,20261001085310,20261001064013,20261001074012,,PM
2026-10-01T00:00:50.755645+00:00,PMP00504,02,9,20261001085310,20261001074012,20261001080014,,PM
2026-10-01T00:00:50.755645+00:00,PMP00504,03,9,20261001085310,20261001074012,20261001080014,,PM
2026-10-01T00:00:50.755645+00:00,PMP00504,04,9,20261001085310,20261001070013,20261001074012,,PM
2026-10-01T00:00:50.755645+00:00,PMP00504,05,9,20261001085310,20260930145302,20260930162013,,PM
2026-10-01T00:00:50.755645+00:00,PMP00504,06,9,20261001085310,20261001064013,20260930210012,20261001064013,PM
2026-10-01T00:00:50.755645+00:00,PMP00504,07,9,20261001085310,20261001080014,20261001070013,20261001080014,PM
2026-10-01T00:00:50.755645+00:00,PMP00504,08,9,20261001085310,20260930220013,20261001002013,,PM
2026-10-01T00:00:50.755645+00:00,PMP00504,09,9,20261001085310,20261001082012,20261001080014,20261001082012,PM
2026-10-01T00:00:50.755645+00:00,PMP00504,10,9,20261001085310,20261001070013,20261001074012,,PM
2026-10-01T00:00:50.755645+00:00,PMP00504,11,9,20261001085310,20261001064013,20261001074012,,PM
2026-10-01T00:00:50.755645+00:00,PMP00504,12,9,20261001085310,20260930220013,20260930230013,,PM
2026-10-01T00:00:50.755645+00:00,PMP00504,13,9,20261001085310,20261001070013,20261001074012,,PM
2026-10-01T00:00:50.755645+00:00,PMP00504,14,9,20261001085310,20261001074012,20261001082012,,PM
2026-10-01T00:00:50.755645+00:00,PMP00504,15,9,20261001085310,20261001080014,20261001082012,,PM
2026-10-01T00:00:50.755645+00:00,PMP00504,16,9,20261001085310,20261001002013,20261001010013,,PM
2026-10-01T00:00:50.755645+00:00,PMP00504,17,9,20261001085310,20260930210012,20260930220013,,PM
2026-10-01T00:00:50.755645+00:00,PMP00504,18,9,20261001085310,20260930210012,20260930230013,,PM
2026-10-01T00:00:50.755645+00:00,PMP00504,19,9,20261001085310,20261001082012,20261001080014,20261001082012,PM
2026-10-01T00:00:50.755645+00:00,PMP00504,20,9,20261001085310,20261001074012,20260930123301,20261001074012,PM
2026-10-01T00:00:50.755645+00:00,PMP00504,21,9,20261001085310,20261001024013,20261001034013,,PM
2026-10-01T00:00:50.755645+00:00,PMP00504,22,9,20261001085310,20260930220013,20260930222012,,PM
2026-10-01T00:00:50.755645+00:00,PMP00504,23,9,20261001085310,20260930172012,20260930180012,,PM
2026-10-01T00:00:50.755645+00:00,PMP00504,24,9,20261001085310,20261001002013,20261001010013,,PM
2026-10-01T00:00:50.755645+00:00,PMP00504,25,9,20261001085310,20261001070013,20261001074012,,PM
2026-10-01T00:00:50.755645+00:00,PMP00504,26,9,20261001085310,20260930190012,20260930230013,,PM
2026-10-01T00:00:50.755645+00:00,PMP00504,27,9,20261001085310,20260930230013,20261001002013,,PM
2026-10-01T00:00:50.755645+00:00,PMP00504,28,9,20261001085310,20260930230013,20261001002013,,PM
2026-10-01T00:00:50.755645+00:00,PMP00505,01,9,20261001085310,20261001042013,20261001050014,,PM
2026-10-01T00:00:50.755645+00:00,PMP00505,02,9,20261001085310,20261001042013,20261001050014,,PM
2026-10-01T00:00:50.755645+00:00,PMP00505,03,9,20261001085310,20261001074013,20261001082013,,PM
2026-10-01T00:00:50.755645+00:00,PMP00505,04,9,20261001085310,20261001074013,20261001082013,,PM
2026-10-01T00:00:50.755645+00:00,PMP00505,05,9,20261001085310,20261001074013,20261001054013,20261001074013,PM
2026-10-01T00:00:50.755645+00:00,PMP00505,06,9,20261001085310,20261001074013,20261001050014,20261001074013,PM
2026-10-01T00:00:50.755645+00:00,PMP00505,07,9,20261001085310,20261001064013,20261001070013,,PM
2026-10-01T00:00:50.755645+00:00,PMP00505,08,9,20261001085310,20261001064013,20261001070013,,PM
2026-10-01T00:00:50.755645+00:00,PMP00505,09,9,20261001085310,20261001074013,20261001082013,,PM
2026-10-01T00:00:50.755645+00:00,PMP00505,10,9,20261001085310,20261001074013,20260930222013,20261001074013,PM
2026-10-01T00:00:50.755645+00:00,PMP00505,11,9,20261001085310,20261001070013,20261001074013,,PM
2026-10-01T00:00:50.755645+00:00,PMP00505,12,9,20261001085310,20261001070013,20261001074013,,PM
2026-10-01T00:00:50.755645+00:00,PMP00505,13,9,20261001085310,20261001024013,20261001034013,,PM
2026-10-01T00:00:50.755645+00:00,PMP00505,14,9,20261001085310,20261001024013,20261001034013,,PM
2026-10-01T00:00:50.755645+00:00,PMP00505,15,9,20261001085310,20260930011302,20260930025302,,PM
2026-10-01T00:00:50.755645+00:00,PMP00505,16,9,20261001085310,20261001002013,20261001024013,,PM
2026-10-01T00:00:50.755645+00:00,PMP00505,17,9,20261001085310,20260930005302,20260930013302,,PM
2026-10-01T00:00:50.755645+00:00,PMP00505,18,9,20261001085310,20261001010014,20261001024013,,PM
2026-10-01T00:00:50.755645+00:00,PMP00505,19,9,20261001085310,20261001074013,20261001080015,,PM
2026-10-01T00:00:50.755645+00:00,PMP00505,20,9,20261001085310,20261001074013,20261001080015,,PM
2026-10-01T00:00:50.755645+00:00,PMP00505,21,9,20261001085310,20261001070013,20261001074013,,PM
2026-10-01T00:00:50.755645+00:00,PMP00505,22,9,20261001085310,20260930220013,20261001002013,,PM
2026-10-01T00:00:50.755645+00:00,PMP00505,23,9,20261001085310,20261001074013,20261001080015,,PM
2026-10-01T00:00:50.755645+00:00,PMP00505,24,9,20261001085310,20261001074013,20261001080015,,PM
2026-10-01T00:00:50.755645+00:00,PMP00505,25,9,20261001085310,20261001074013,20261001080015,,PM
2026-10-01T00:00:50.755645+00:00,PMP00505,26,9,20261001085310,20261001074013,20261001080015,,PM
2026-10-01T00:00:50.755645+00:00,PMP00505,27,9,20261001085310,20260930170015,20260930172013,,PM
2026-10-01T00:00:50.755645+00:00,PMP00505,28,9,20261001085310,20260930061302,20260930063302,,PM
2026-10-01T00:00:50.755645+00:00,PMP00506,01,9,20261001085310,20261001064013,20261001070013,,PM
2026-10-01T00:00:50.755645+00:00,PMP00506,02,9,20261001085310,20261001064013,20261001070013,,PM
2026-10-01T00:00:50.755645+00:00,PMP00506,03,9,20261001085310,20260930190013,20261001002013,,PM
2026-10-01T00:00:50.755645+00:00,PMP00506,04,9,20261001085310,20260930190013,20260930230013,,PM
2026-10-01T00:00:50.755645+00:00,PMP00506,05,9,20261001085310,20260930222013,20261001002013,,PM
2026-10-01T00:00:50.755645+00:00,PMP00506,06,9,20261001085310,20260930222013,20261001002013,,PM
2026-10-01T00:00:50.755645+00:00,PMP00506,07,9,20261001085310,20261001074013,20261001080014,,PM
2026-10-01T00:00:50.755645+00:00,PMP00506,08,9,20261001085310,20261001074013,20261001080014,,PM
2026-10-01T00:00:50.755645+00:00,PMP00508,01,9,20261001085310,20260930230013,20261001002013,,PM
2026-10-01T00:00:50.755645+00:00,PMP00508,02,9,20261001085310,20260929141301,20260929145302,,PM
2026-10-01T00:00:50.755645+00:00,PMP00508,03,9,20261001085310,20260930230013,20261001010013,,PM
2026-10-01T00:00:50.755645+00:00,PMP00508,04,9,20261001085310,20260930230013,20261001010013,,PM
2026-10-01T00:00:50.755645+00:00,PMP00509,01,9,20261001085310,20260930172012,20260930180012,,PM
2026-10-01T00:00:50.755645+00:00,PMP00509,02,9,20261001085310,20261001010013,20261001024012,,PM
2026-10-01T00:00:50.755645+00:00,PMP00509,03,9,20261001085310,20260930133301,20260930141301,,PM
2026-10-01T00:00:50.755645+00:00,PMP00509,04,9,20261001085310,20260930135301,20260930141301,,PM
2026-10-01T00:00:50.755645+00:00,PMP00509,05,9,20261001085310,20260930170014,20260930180012,,PM
2026-10-01T00:00:50.755645+00:00,PMP00509,06,9,20261001085310,20260930230012,20261001002012,,PM
2026-10-01T00:00:50.755645+00:00,PMP00509,07,9,20261001085310,20261001074012,20261001080013,,PM
2026-10-01T00:00:50.755645+00:00,PMP00509,08,9,20261001085310,20261001074012,20261001080013,,PM
2026-10-01T00:00:50.755645+00:00,PMP00509,09,9,20261001085310,20261001002012,20261001010013,,PM
2026-10-01T00:00:50.755645+00:00,PMP00509,10,9,20261001085310,20260930230012,20261001002012,,PM
2026-10-01T00:00:50.755645+00:00,PMP00509,11,9,20261001085310,20261001082012,20260930170014,20261001082012,PM
2026-10-01T00:00:50.755645+00:00,PMP00509,12,9,20261001085310,20261001082012,20261001080013,20261001082012,PM
2026-10-01T00:00:50.755645+00:00,PMP00512,01,9,20261001085310,20261001082012,20261001074012,20261001082012,PM
2026-10-01T00:00:50.755645+00:00,PMP00512,02,9,20261001085310,20261001082012,20261001074012,20261001082012,PM
2026-10-01T00:00:50.755645+00:00,PMP00512,03,9,20261001085310,20261001080013,20261001082012,,PM
2026-10-01T00:00:50.755645+00:00,PMP00512,04,9,20261001085310,20261001070012,20261001082012,,PM
2026-10-01T00:00:50.755645+00:00,PMP00513,01,9,20261001085310,20261001060013,20261001064013,,PM
2026-10-01T00:00:50.755645+00:00,PMP00513,02,9,20261001085310,20261001060013,20261001064013,,PM
2026-10-01T00:00:50.755645+00:00,PMP00513,03,9,20261001085310,20261001064013,20261001080014,,PM
2026-10-01T00:00:50.755645+00:00,PMP00513,04,9,20261001085310,20261001064013,20261001080014,,PM
2026-10-01T00:00:50.755645+00:00,PMP00513,05,9,20261001085310,20261001074013,20261001082013,,PM
2026-10-01T00:00:50.755645+00:00,PMP00513,06,9,20261001085310,20261001074013,20261001082013,,PM
2026-10-01T00:00:50.755645+00:00,PMP00513,07,9,20261001085310,20261001080014,20261001082013,,PM
2026-10-01T00:00:50.755645+00:00,PMP00513,08,9,20261001085310,20260930222013,20260930230014,,PM
2026-10-01T00:00:50.755645+00:00,PMP00513,09,9,20261001085310,20261001064013,20261001070013,,PM
2026-10-01T00:00:50.755645+00:00,PMP00513,10,9,20261001085310,20261001080014,20261001082013,,PM
2026-10-01T00:00:50.755645+00:00,PMP00513,11,9,20261001085310,20261001074013,20261001080014,,PM
2026-10-01T00:00:50.755645+00:00,PMP00513,12,9,20261001085310,20260930230014,20261001010014,,PM
2026-10-01T00:00:50.755645+00:00,PMP00514,01,9,20261001085310,20261001050012,20261001064012,,PM
2026-10-01T00:00:50.755645+00:00,PMP00514,02,9,20261001085310,20261001080013,20261001074012,20261001080013,PM
2026-10-01T00:00:50.755645+00:00,PMP00514,03,9,20261001085310,20261001060012,20261001064012,,PM
2026-10-01T00:00:50.755645+00:00,PMP00514,04,9,20261001085310,20261001070012,20261001080013,,PM
2026-10-01T00:00:50.755645+00:00,PMP00515,01,9,20261001085310,20261001002012,20261001024012,,PM
2026-10-01T00:00:50.755645+00:00,PMP00515,02,9,20261001085310,20261001002012,20261001030013,,PM
2026-10-01T00:00:50.755645+00:00,PMP00515,03,9,20261001085310,20260818111657,20260818115657,,PM
2026-10-01T00:00:50.755645+00:00,PMP00515,04,9,20261001085310,20260818111657,20260818115657,,PM
2026-10-01T00:00:50.755645+00:00,PMP00516,01,9,20261001085310,20261001082012,20260930210012,20261001082012,PM
2026-10-01T00:00:50.755645+00:00,PMP00516,02,9,20261001085310,20261001002012,20261001010012,,PM
2026-10-01T00:00:50.755645+00:00,PMP00516,03,9,20261001085310,20261001082012,20260930230012,20261001082012,PM
2026-10-01T00:00:50.755645+00:00,PMP00516,04,9,20261001085310,20261001082012,20260930172012,20261001082012,PM
2026-10-01T00:00:50.755645+00:00,PMP00516,05,9,20261001085310,20261001074012,20261001024012,20261001074012,PM
2026-10-01T00:00:50.755645+00:00,PMP00516,06,9,20261001085310,20261001082012,20261001024012,20261001082012,PM
2026-10-01T00:00:50.755645+00:00,PMP00517,01,9,20261001085310,20261001080014,20261001082013,,PM
2026-10-01T00:00:50.755645+00:00,PMP00517,02,9,20261001085310,20260930230013,20261001010013,,PM
2026-10-01T00:00:50.755645+00:00,PMP00522,01,9,20261001085310,20260514105816,20260514110816,,PM
2026-10-01T00:00:50.755645+00:00,PMP00522,02,9,20261001085310,20261001002013,20261001024013,,PM
2026-10-01T00:00:50.755645+00:00,PMP00523,01,9,20261001085310,20260930135301,20260930141301,,PM
2026-10-01T00:00:50.755645+00:00,PMP00523,02,9,20261001085310,20260930135301,20260930141301,,PM
2026-10-01T00:00:50.755645+00:00,PMP00525,01,9,20261001085310,20261001070013,20261001074012,,PM
2026-10-01T00:00:50.755645+00:00,PMP00525,02,9,20261001085310,20261001060012,20261001070013,,PM
2026-10-01T00:00:50.755645+00:00,PMP00525,03,9,20261001085310,20261001070013,20261001074012,,PM
2026-10-01T00:00:50.755645+00:00,PMP00525,04,9,20261001085310,20261001064012,20261001070013,,PM
2026-10-01T00:00:50.755645+00:00,PMP00525,05,9,20261001085310,20261001060012,20261001070013,,PM
2026-10-01T00:00:50.755645+00:00,PMP00525,06,9,20261001085310,20261001064012,20261001070013,,PM
2026-10-01T00:00:50.755645+00:00,PMP00525,07,9,20261001085310,20261001054012,20261001060012,,PM
2026-10-01T00:00:50.755645+00:00,PMP00525,08,9,20261001085310,20261001054012,20261001060012,,PM
2026-10-01T00:00:50.755645+00:00,PMP00526,01,9,20261001085310,20260930143301,20260930145301,,PM
2026-10-01T00:00:50.755645+00:00,PMP00526,02,9,20261001085310,20260930153301,20260930162012,,PM
2026-10-01T00:00:50.755645+00:00,PMP00526,03,9,20261001085310,20260930222012,20260930230012,,PM
2026-10-01T00:00:50.755645+00:00,PMP00526,04,9,20261001085310,20260928183301,20260928191301,,PM
2026-10-01T00:00:50.755645+00:00,PMP00527,01,9,20261001085310,20260930162013,20260930170015,,PM
2026-10-01T00:00:50.755645+00:00,PMP00527,02,9,20261001085310,20261001080014,20261001082012,,PM
2026-10-01T00:00:50.755645+00:00,PMP00527,03,9,20261001085310,20260930204013,20260930220013,,PM
2026-10-01T00:00:50.755645+00:00,PMP00527,04,9,20261001085310,20260930162013,20260930170015,,PM
2026-10-01T00:00:50.755645+00:00,PW000212,04,2,20261001085112,20260930175224,20260930210742,,PW
2026-10-01T00:00:50.755645+00:00,PW011044,06,3,20261001085811,20261001085811,20261001053814,20261001085701,PW
2026-10-01T00:00:50.755645+00:00,PW011045,05,2,20261001085312,20260930151845,20260930222036,,PW
2026-10-01T00:00:50.755645+00:00,PW011178,01,3,20261001085811,20261001085811,20260930233717,20261001085749,PW
2026-10-01T00:00:50.755645+00:00,PW011194,08,2,20261001085410,20260930161815,20260930174828,,PW
2026-10-01T00:00:50.755645+00:00,PW012634,05,2,20261001085911,20260930230720,20261001021526,,PW
2026-10-01T00:00:50.755645+00:00,PW012681,01,2,20261001085411,20260930195540,20260930224526,,PW
2026-10-01T00:00:50.755645+00:00,PW012822,04,3,20261001085412,20261001085412,20261001012251,20261001085150,PW
2026-10-01T00:00:50.755645+00:00,PW013033,01,2,20261001085922,20260930235333,20261001040037,,PW
2026-10-01T00:00:50.755645+00:00,PW013084,10,2,20261001085923,20260930175407,20260930210930,,PW
2026-10-01T00:00:50.755645+00:00,PW013100,05,2,20261001085422,20260930125757,20260930222841,,PW
2026-10-01T00:00:50.755645+00:00,PW013112,01,3,20261001085423,20261001085423,20260930171650,20261001085240,PW
2026-10-01T00:00:50.755645+00:00,PW013231,28,2,20261001085437,20260930201013,20261001054056,,PW
2026-10-01T00:00:50.755645+00:00,PW013231,62,2,20261001085938,20260930220952,20261001034023,,PW
2026-10-01T00:00:50.755645+00:00,PW013335,10,2,20261001085939,20260930135838,20260930172903,,PW
2026-10-01T00:00:50.755645+00:00,PW013342,09,2,20261001085939,20261001011425,20261001081500,,PW
2026-10-01T00:00:50.755645+00:00,PW013432,19,2,20261001085951,20260930153526,20260930231534,,PW
2026-10-01T00:00:50.755645+00:00,PW013432,20,2,20261001085951,20260930152510,20260930181032,,PW
2026-10-01T00:00:50.755645+00:00,PW013448,12,2,20261001085950,20260930181047,20261001015625,,PW
2026-10-01T00:00:50.755645+00:00,PW014431,04,2,20261001085542,20260930234808,20261001043101,,PW
2026-10-01T00:00:50.755645+00:00,PW014875,02,3,20261001085559,20261001085559,20260930220905,20261001085438,PW
2026-10-01T00:00:50.755645+00:00,PW800110,10,2,20261001085612,20260930203001,20261001043710,,PW
2026-10-01T00:00:50.755645+00:00,PW800351,02,2,20261001085311,20260930221124,20261001035916,,PW
2026-10-01T00:00:50.755645+00:00,PW800803,04,2,20261001085412,20260930223409,20261001001436,,PW
2026-10-01T00:00:50.755645+00:00,PW801150,08,2,20261001085526,20260930110328,20260930193649,,PW
2026-10-01T00:00:50.755645+00:00,PW801369,01,2,20261001085937,20260929170716,20261001085630,,PW
2026-10-01T00:00:50.755645+00:00,PW801466,03,2,20261001085546,20260930220851,20261001021031,,PW
2026-10-01T00:00:50.755645+00:00,PW801466,10,2,20261001085546,20260930191735,20261001000539,,PW
2026-10-01T00:00:50.755645+00:00,PW801481,01,2,20261001085050,20260930230149,20261001023219,,PW
2026-10-01T00:00:50.755645+00:00,PW801496,18,2,20261001085547,20260930174707,20261001085517,,PW
2026-10-01T00:00:50.755645+00:00,PWE02589,08,2,20261001085309,20261001075912,20261001085309,,PW
2026-10-01T00:00:50.755645+00:00,RE000078,02,3,20261001085803,20261001085803,20260929063243,20261001085645,RE
2026-10-01T00:00:50.755645+00:00,RE000182,06,2,20261001085203,20261001072002,20261001085036,,RE
2026-10-01T00:00:50.755645+00:00,SE000002,03,3,20261001085941,20261001085913,20260930202001,20261001085913,SE
2026-10-01T00:00:50.755645+00:00,SE000061,01,3,20261001085241,20261001085149,20261001010527,20261001085149,SE
2026-10-01T00:00:50.755645+00:00,SE000086,04,2,20261001085941,20261001073302,20261001085939,,SE
2026-10-01T00:00:50.755645+00:00,SE000108,01,2,20261001085241,20261001034948,20261001175140,,SE
2026-10-01T00:00:50.755645+00:00,SE000113,03,2,20261001085541,20260827091153,20261001085533,,SE
2026-10-01T00:00:50.755645+00:00,SE000142,01,3,20261001085541,20261001085536,20260930140255,20261001085536,SE
2026-10-01T00:00:50.755645+00:00,SE000154,02,3,20261001085341,20261001085331,20261001074337,20261001085331,SE
2026-10-01T00:00:50.755645+00:00,SE000179,03,3,20261001085841,20261001085817,20260928095302,20261001085817,SE
2026-10-01T00:00:50.755645+00:00,SE000186,03,3,20261001085941,20261001085901,20260930213120,20261001085901,SE
2026-10-01T00:00:50.755645+00:00,SE000191,02,3,20261001085841,20261001085810,20261001084637,20261001085810,SE
2026-10-01T00:00:50.755645+00:00,SF000219,03,2,20261001085519,20260930204312,20261001084342,,SF
2026-10-01T00:00:50.755645+00:00,SF000422,04,3,20261001085438,20261001085438,20260921120545,20261001082908,SF
2026-10-01T00:00:50.755645+00:00,SF000424,20,3,20261001085522,20261001085522,20260930115415,20261001084518,SF
2026-10-01T00:00:50.755645+00:00,SF000918,01,3,20261001085454,20261001085454,20261001060458,20261001084304,SF
2026-10-01T00:00:50.755645+00:00,SF001104,00,3,20261001085505,20261001085505,20260902124834,20261001084431,SF
2026-10-01T00:00:50.755645+00:00,SF001185,81,3,20261001085506,20261001085506,20260930170121,20261001084908,SF
2026-10-01T00:00:50.755645+00:00,SF001196,40,2,20261001085521,20260930170859,20261001084613,,SF
2026-10-01T00:00:50.755645+00:00,SF001200,07,2,20261001085505,20260930192324,20261001084652,,SF
2026-10-01T00:00:50.755645+00:00,SF001315,21,3,20261001085439,20261001085439,20260929193448,20261001084359,SF
2026-10-01T00:00:50.755645+00:00,SF001729,29,2,20261001085505,20260930231642,20261001084410,,SF
2026-10-01T00:00:50.755645+00:00,SF001998,03,3,20261001085459,20261001085459,20261001051446,20261001085118,SF
2026-10-01T00:00:50.755645+00:00,SF002062,05,2,20261001085438,20260930232013,20261001085132,,SF
2026-10-01T00:00:50.755645+00:00,SF002068,07,3,20261001085500,20261001085500,20260929185156,20261001085149,SF
2026-10-01T00:00:50.755645+00:00,SF002069,14,2,20261001085453,20260930215722,20261001084524,,SF
2026-10-01T00:00:50.755645+00:00,SF002101,15,2,20261001085454,20260930181757,20261001084824,,SF
2026-10-01T00:00:50.755645+00:00,SF002476,13,3,20261001085455,20261001085455,20260930135113,20261001085156,SF
2026-10-01T00:00:50.755645+00:00,SF002521,02,3,20261001085522,20261001085522,20260929195714,20261001084556,SF
2026-10-01T00:00:50.755645+00:00,SF002531,12,3,20261001085457,20261001085457,20260930152245,20261001084601,SF
2026-10-01T00:00:50.755645+00:00,SF002542,04,2,20261001085447,20261001084036,20261001084548,,SF
2026-10-01T00:00:50.755645+00:00,SF002542,05,3,20261001085512,20261001085512,20260930160148,20261001084304,SF
2026-10-01T00:00:50.755645+00:00,SF002614,03,2,20261001085436,20261001014834,20261001084443,,SF
2026-10-01T00:00:50.755645+00:00,SF002649,34,2,20261001085521,20260930185849,20261001084902,,SF
2026-10-01T00:00:50.755645+00:00,SF002749,79,2,20261001085500,20260930184023,20261001084437,,SF
2026-10-01T00:00:50.755645+00:00,SF002754,13,2,20261001085455,20260930204923,20261001084512,,SF
2026-10-01T00:00:50.755645+00:00,SF002830,03,3,20261001085513,20261001085513,20261001001248,20261001085023,SF
2026-10-01T00:00:50.755645+00:00,SF002830,14,3,20261001085449,20261001085449,20260930201211,20261001085128,SF
2026-10-01T00:00:50.755645+00:00,SF002992,54,2,20261001085456,20260930153114,20261001084743,,SF
2026-10-01T00:00:50.755645+00:00,SF003005,00,3,20261001085510,20261001085510,20260930230514,20261001084200,SF
2026-10-01T00:00:50.755645+00:00,SF003020,09,2,20261001085450,20261001053845,20261001085048,,SF
2026-10-01T00:00:50.755645+00:00,SF003051,01,3,20261001085454,20261001085454,20260930121539,20261001084333,SF
2026-10-01T00:00:50.755645+00:00,SF003057,00,2,20261001085516,20261001062501,20261001084847,,SF
2026-10-01T00:00:50.755645+00:00,SF003603,00,2,20261001085513,20261001064835,20261001084929,,SF
2026-10-01T00:00:50.755645+00:00,SOEM0010,02,3,20261001085316,20261001085316,20261001053915,20261001085316,SO
2026-10-01T00:00:50.755645+00:00,ST111105,01,3,20261001085636,20261001085636,20261001083111,20261001085344,ST
2026-10-01T00:00:50.755645+00:00,ST111407,01,3,20261001085442,20260918085439,20260918141817,20261001085442,ST
2026-10-01T00:00:50.755645+00:00,ST111418,02,3,20261001085643,20260930131436,20261001054100,20261001085643,ST
2026-10-01T00:00:50.755645+00:00,ST111427,02,3,20261001085852,20261001064700,20261001070618,20261001085852,ST
2026-10-01T00:00:50.755645+00:00,ST112606,02,2,20261001085438,20261001083645,20261001085153,,ST
2026-10-01T00:00:50.755645+00:00,ST112607,03,3,20261001085442,20261001085442,20260930141632,20261001085253,ST
2026-10-01T00:00:50.755645+00:00,ST114415,03,3,20261001085238,20260930045028,20260930180034,20261001085238,ST
2026-10-01T00:00:50.755645+00:00,ST114419,01,3,20261001085653,20261001085653,20261001041029,20261001085336,ST
2026-10-01T00:00:50.755645+00:00,ST114705,04,3,20261001085241,20260928205123,20260929130957,20261001085241,ST
2026-10-01T00:00:50.755645+00:00,ST115020,03,3,20261001085849,20260930073343,20260930195052,20261001085849,ST
2026-10-01T00:00:50.755645+00:00,ST115415,02,3,20261001085443,20261001085443,20260929103346,20261001085239,ST
2026-10-01T00:00:50.755645+00:00,ST115604,06,3,20261001085458,20261001085150,20261001085224,20261001085458,ST
2026-10-01T00:00:50.755645+00:00,ST115616,01,3,20261001085641,20261001085641,20261001075838,20261001085305,ST
2026-10-01T00:00:50.755645+00:00,ST116509,01,3,20261001085643,20261001085643,20261001084442,20261001072434,ST
2026-10-01T00:00:50.755645+00:00,ST116513,04,3,20261001085238,20261001071534,20261001071654,20261001085238,ST
2026-10-01T00:00:50.755645+00:00,ST116524,08,2,20261001085238,20260930194628,20260930212734,,ST
2026-10-01T00:00:50.755645+00:00,ST116525,05,3,20261001085845,20261001085845,20260929110346,20260929094519,ST
2026-10-01T00:00:50.755645+00:00,ST116534,01,3,20261001085858,20261001045249,20261001083515,20261001085858,ST
2026-10-01T00:00:50.755645+00:00,ST116534,03,2,20261001085457,20261001071915,20261001085138,,ST
2026-10-01T00:00:50.755645+00:00,ST116535,01,2,20261001085851,20261001084644,20261001085851,,ST
2026-10-01T00:00:50.755645+00:00,ST116535,08,3,20261001085102,20260930201524,20260930203027,20261001085102,ST
2026-10-01T00:00:50.755645+00:00,ST117102,01,2,20261001085633,20261001080629,20261001085633,,ST
2026-10-01T00:00:50.755645+00:00,ST117109,01,3,20261001085240,20261001085240,20261001073439,20261001063119,ST
2026-10-01T00:00:50.755645+00:00,ST117118,05,3,20261001085645,20261001085645,20261001063609,20261001085351,ST
2026-10-01T00:00:50.755645+00:00,ST601190,02,3,20261001085913,20260930212229,20260930220638,20261001085913,ST
2026-10-01T00:00:50.755645+00:00,ST601333,12,3,20261001085916,20260928103638,20260929111347,20261001085916,ST
2026-10-01T00:00:50.755645+00:00,ST602160,02,3,20261001085524,20261001085524,20260930235843,20261001085030,ST
2026-10-01T00:00:50.755645+00:00,SZBA0008,09,3,20261001085511,20261001085511,20261001084628,20261001085511,SZ
2026-10-01T00:00:50.755645+00:00,SZBA0008,10,3,20261001085438,20261001085438,20261001084629,20261001085438,SZ
2026-10-01T00:00:50.755645+00:00,SZBA0008,15,3,20261001085200,20261001085200,20261001083348,20261001085200,SZ
2026-10-01T00:00:50.755645+00:00,SZBA0008,16,3,20261001085121,20261001085121,20261001083350,20261001085121,SZ
2026-10-01T00:00:50.755645+00:00,SZBA0017,01,2,20261001085455,20261001084832,20261001085455,,SZ
2026-10-01T00:00:50.755645+00:00,SZBA0017,02,2,20261001085500,20261001084746,20261001085500,,SZ
2026-10-01T00:00:50.755645+00:00,SZBA0017,04,3,20261001085821,20261001085821,20261001084018,20261001085821,SZ
2026-10-01T00:00:50.755645+00:00,SZBA0018,01,2,20261001085428,20261001084359,20261001085428,,SZ
2026-10-01T00:00:50.755645+00:00,SZBA0018,02,2,20261001085430,20261001084438,20261001085430,,SZ
2026-10-01T00:00:50.755645+00:00,SZBA0025,01,3,20261001085622,20261001085622,20261001084847,20261001085622,SZ
2026-10-01T00:00:50.755645+00:00,SZBA0025,02,3,20261001085538,20261001085538,20261001084848,20261001085538,SZ
2026-10-01T00:00:50.755645+00:00,SZBA0052,03,3,20261001085819,20261001085819,20261001005819,20261001085508,SZ
2026-10-01T00:00:50.755645+00:00,TDA00021,01,3,20261001090003,20261001085926,20260930111350,20261001085926,TD
2026-10-01T00:00:50.755645+00:00,TDA00028,07,3,20261001090008,20261001085107,20260930210926,20261001085107,TD
2026-10-01T00:00:50.755645+00:00,TDA00032,03,3,20261001090008,20261001084854,20260928112408,20261001084854,TD
2026-10-01T00:00:50.755645+00:00,UP811860,01,3,20261001090004,20261001090004,20260930212001,20261001090004,UP
