fetched_at,statId,chgerId,stat,statUpdDt,lastTsdt,lastTedt,nowTsdt,busiId
2026-10-03T00:10:35.728309+00:00,ME174013,01,2,20261003090726,20261002234643,20261003003309,,ME
2026-10-03T00:10:35.728309+00:00,ME174027,01,2,20261003090738,20261002075136,20261002083457,,ME
2026-10-03T00:10:35.728309+00:00,ME174039,01,2,20261003090745,20260929103213,20260929105255,,ME
2026-10-03T00:10:35.728309+00:00,ME178009,01,2,20261003090749,20261003054239,20261003060406,,ME
2026-10-03T00:10:35.728309+00:00,ME178009,02,2,20261003090752,20261003061907,20261003064517,,ME
2026-10-03T00:10:35.728309+00:00,ME181102,01,2,20261003090758,20261001150545,20261001152810,,ME
2026-10-03T00:10:35.728309+00:00,ME181150,12,2,20261003090758,20261001125333,20261001133654,,ME
2026-10-03T00:10:35.728309+00:00,ME181150,13,2,20261003090808,20260926151936,20260926160257,,ME
2026-10-03T00:10:35.728309+00:00,ME183001,01,2,20261003090815,20261002155404,20261002164014,,ME
2026-10-03T00:10:35.728309+00:00,ME183002,01,2,20261003090820,20261003070217,20261003072929,,ME
2026-10-03T00:10:35.728309+00:00,ME183003,01,2,20261003090822,20261002232940,20261002235428,,ME
2026-10-03T00:10:35.728309+00:00,ME183004,01,2,20261003090825,20261002190604,20261002190744,,ME
2026-10-03T00:10:35.728309+00:00,ME183006,01,2,20261003090841,20261003081946,20261003090253,,ME
2026-10-03T00:10:35.728309+00:00,ME183008,01,2,20261003090839,20261002215028,20261002223046,,ME
2026-10-03T00:10:35.728309+00:00,ME183009,01,2,20261003090839,20261002173338,20261002181645,,ME
2026-10-03T00:10:35.728309+00:00,ME183103,01,2,20261003090859,20261003080002,20261003084307,,ME
2026-10-03T00:10:35.728309+00:00,ME183103,02,2,20261003090527,20261002140511,20261002144638,,ME
2026-10-03T00:10:35.728309+00:00,ME183103,52,2,20261003090523,20261002214322,20261002220457,,ME
2026-10-03T00:10:35.728309+00:00,ME183219,01,2,20261003090858,20261002225815,20261002234120,,ME
2026-10-03T00:10:35.728309+00:00,ME183219,02,2,20261003090907,20261002154008,20261002160654,,ME
2026-10-03T00:10:35.728309+00:00,ME183219,52,2,20261003090906,20261002103223,20261002105447,,ME
2026-10-03T00:10:35.728309+00:00,ME184075,01,2,20261003090417,20261002111139,20261002125929,,ME
2026-10-03T00:10:35.728309+00:00,ME184076,01,3,20261003090740,20261002210619,20261002215244,20261003083732,ME
2026-10-03T00:10:35.728309+00:00,ME18B159,01,2,20261003090419,20261003014912,20261003015513,,ME
2026-10-03T00:10:35.728309+00:00,ME18B163,01,3,20261003090757,20261003024406,20261003031522,20261003090756,ME
2026-10-03T00:10:35.728309+00:00,ME18B164,01,2,20261003090440,20261003082058,20261003090403,,ME
2026-10-03T00:10:35.728309+00:00,ME18B165,01,2,20261003090650,20261002214520,20261002220600,,ME
2026-10-03T00:10:35.728309+00:00,ME18B166,01,2,20261003090511,20261003082859,20261003084153,,ME
2026-10-03T00:10:35.728309+00:00,ME18B168,01,2,20261003090438,20261003052235,20261003055606,,ME
2026-10-03T00:10:35.728309+00:00,ME18B169,01,2,20261003090441,20261003081940,20261003090022,,ME
2026-10-03T00:10:35.728309+00:00,ME18B170,01,3,20261003090825,20261002220122,20261002223646,20261003085321,ME
2026-10-03T00:10:35.728309+00:00,ME18B175,01,2,20261003090451,20261002194547,20261002200618,,ME
2026-10-03T00:10:35.728309+00:00,ME18B176,01,2,20261003090451,20261002183553,20261002190422,,ME
2026-10-03T00:10:35.728309+00:00,ME18B179,01,2,20261003090452,20261002183830,20261002191655,,ME
2026-10-03T00:10:35.728309+00:00,ME18B180,01,2,20261003090505,20261003081059,20261003085334,,ME
2026-10-03T00:10:35.728309+00:00,ME18B181,01,2,20261003090458,20261003080024,20261003084048,,ME
2026-10-03T00:10:35.728309+00:00,ME18B183,01,2,20261003090512,20261001220014,20261001224319,,ME
2026-10-03T00:10:35.728309+00:00,ME18B278,11,2,20261003090513,20261002130554,20261002132453,,ME
2026-10-03T00:10:35.728309+00:00,ME18B278,12,2,20261003090515,20261002122513,20261002130447,,ME
2026-10-03T00:10:35.728309+00:00,ME18B279,11,2,20261003090516,20261003074426,20261003081139,,ME
2026-10-03T00:10:35.728309+00:00,ME18B279,12,2,20261003090518,20261003063334,20261003071449,,ME
2026-10-03T00:10:35.728309+00:00,ME18B284,11,2,20261003090554,20261002124913,20261002133216,,ME
2026-10-03T00:10:35.728309+00:00,ME18B284,12,2,20261003090550,20261002110805,20261002115110,,ME
2026-10-03T00:10:35.728309+00:00,ME18B288,11,2,20261003090605,20261002153446,20261002160909,,ME
2026-10-03T00:10:35.728309+00:00,ME18B288,12,2,20261003090607,20261002120410,20261002124538,,ME
2026-10-03T00:10:35.728309+00:00,ME19A152,01,2,20261003090442,20261002231434,20261002232549,,ME
2026-10-03T00:10:35.728309+00:00,ME19A153,01,3,20261003090632,20261003084057,20261003090038,20261003090133,ME
2026-10-03T00:10:35.728309+00:00,ME19A160,01,2,20261003090506,20261001153032,20261001161048,,ME
2026-10-03T00:10:35.728309+00:00,ME19A164,01,2,20261003090651,20261003001559,20261003003622,,ME
2026-10-03T00:10:35.728309+00:00,ME19A170,01,2,20261003090448,20261003015649,20261003021141,,ME
2026-10-03T00:10:35.728309+00:00,ME19A243,21,9,20261003090310,20261003034725,20261003042732,,ME
2026-10-03T00:10:35.728309+00:00,ME19A243,22,2,20261003090217,20261002235355,20261003003402,,ME
2026-10-03T00:10:35.728309+00:00,ME19A245,21,3,20261003090851,20261002160210,20261002161156,20261003085227,ME
2026-10-03T00:10:35.728309+00:00,ME19A245,22,9,20261003090310,20261002212602,20261002220240,,ME
2026-10-03T00:10:35.728309+00:00,ME19A246,21,2,20261003090203,20260923151421,20260923154350,,ME
2026-10-03T00:10:35.728309+00:00,ME19A246,22,2,20261003090204,20260923104719,20260923111808,,ME
2026-10-03T00:10:35.728309+00:00,ME19A265,21,3,20261003090855,20261003073433,20261003081441,20261003085807,ME
2026-10-03T00:10:35.728309+00:00,ME19A265,22,9,20261003090310,20261003071201,20261003072620,,ME
2026-10-03T00:10:35.728309+00:00,ME19A274,21,9,20261003090310,20261002174606,20261002182613,,ME
2026-10-03T00:10:35.728309+00:00,ME19A274,22,9,20261003090310,20261003001209,20261003005216,,ME
2026-10-03T00:10:35.728309+00:00,ME19A601,23,2,20261003090212,20261003074209,20261003075223,,ME
2026-10-03T00:10:35.728309+00:00,ME19A601,24,2,20261003090212,20261002203900,20261002205855,,ME
2026-10-03T00:10:35.728309+00:00,ME19A601,25,2,20261003090214,20261003070931,20261003074939,,ME
2026-10-03T00:10:35.728309+00:00,ME19A601,26,9,20261003090310,20261002183807,20261002190522,,ME
2026-10-03T00:10:35.728309+00:00,ME19D118,01,2,20261003090849,20261002155908,20261002161500,,ME
2026-10-03T00:10:35.728309+00:00,ME19X403,41,2,20261003090434,20261003074343,20261003081342,,ME
2026-10-03T00:10:35.728309+00:00,ME19X403,42,2,20261003090803,20261002172311,20261002175849,,ME
2026-10-03T00:10:35.728309+00:00,ME19X403,43,2,20261003090803,20261002210152,20261002210410,,ME
2026-10-03T00:10:35.728309+00:00,ME19X403,44,2,20261003090443,20261003082218,20261003085934,,ME
2026-10-03T00:10:35.728309+00:00,ME19X403,45,2,20261003090519,20261002145350,20261002153350,,ME
2026-10-03T00:10:35.728309+00:00,ME19X417,41,2,20261003090715,20260928160118,20260928162510,,ME
2026-10-03T00:10:35.728309+00:00,ME19X417,42,2,20261003090715,20261002110113,20261002114113,,ME
2026-10-03T00:10:35.728309+00:00,ME19X417,43,2,20261003090710,20261001132853,20261001140853,,ME
2026-10-03T00:10:35.728309+00:00,ME19X417,44,2,20261003090659,20261002113359,20261002115059,,ME
2026-10-03T00:10:35.728309+00:00,ME19X417,45,2,20261003090711,20261002104645,20261002112645,,ME
2026-10-03T00:10:35.728309+00:00,ME19Y284,21,2,20261003090726,20261002081214,20261002085214,,ME
2026-10-03T00:10:35.728309+00:00,ME19Y284,22,2,20261003090726,20261003043700,20261003051700,,ME
2026-10-03T00:10:35.728309+00:00,ME19Y601,21,3,20261003090630,20261003063046,20261003071046,20261003085311,ME
2026-10-03T00:10:35.728309+00:00,ME19Y601,22,2,20261003090821,20261003044741,20261003052056,,ME
2026-10-03T00:10:35.728309+00:00,ME19Y601,23,2,20261003090537,20261002125914,20261002130046,,ME
2026-10-03T00:10:35.728309+00:00,ME19Y601,24,2,20261003090538,20261003043016,20261003043959,,ME
2026-10-03T00:10:35.728309+00:00,ME19Y601,25,2,20261003090738,20261002212412,20261002220412,,ME
2026-10-03T00:10:35.728309+00:00,ME19Y601,26,2,20261003090738,20261003045326,20261003053326,,ME
2026-10-03T00:10:35.728309+00:00,ME20A193,01,2,20261003090711,20261003084221,20261003085650,,ME
2026-10-03T00:10:35.728309+00:00,ME20A194,01,2,20261003090711,20261003052410,20261003060410,,ME
2026-10-03T00:10:35.728309+00:00,ME20A195,01,2,20261003090713,20261002125257,20261002133257,,ME
2026-10-03T00:10:35.728309+00:00,ME20A196,01,3,20261003090452,20261003075350,20261003080906,20261003084442,ME
2026-10-03T00:10:35.728309+00:00,ME20A197,01,2,20261003090715,20261003033650,20261003041650,,ME
2026-10-03T00:10:35.728309+00:00,ME20A198,01,2,20261003090535,20261003080802,20261003084802,,ME
2026-10-03T00:10:35.728309+00:00,ME20A199,01,2,20261003090704,20261002134604,20261002142604,,ME
2026-10-03T00:10:35.728309+00:00,ME20A1a0,01,2,20261003090717,20260930211119,20260930212304,,ME
2026-10-03T00:10:35.728309+00:00,ME20A1a1,01,2,20261003090712,20261002113810,20261002121810,,ME
2026-10-03T00:10:35.728309+00:00,ME20A1a2,01,2,20261003090712,20261003053006,20261003055101,,ME
2026-10-03T00:10:35.728309+00:00,ME20A1a3,01,2,20261003090703,20261003061633,20261003065633,,ME
2026-10-03T00:10:35.728309+00:00,ME20A1a4,01,2,20261003090713,20261002193854,20261002194819,,ME
2026-10-03T00:10:35.728309+00:00,ME20A1a5,01,3,20261003090509,20261002155053,20261002160638,20261003085003,ME
2026-10-03T00:10:35.728309+00:00,ME20A1a6,01,2,20261003090535,20261002211900,20261002215900,,ME
2026-10-03T00:10:35.728309+00:00,ME20A1a7,01,2,20261003090706,20261002174907,20261002182907,,ME
2026-10-03T00:10:35.728309+00:00,ME20A1a8,01,2,20261003090716,20261002231725,20261002233910,,ME
2026-10-03T00:10:35.728309+00:00,ME20A1a9,01,2,20261003090712,20261003085457,20261003090040,,ME
2026-10-03T00:10:35.728309+00:00,ME20A1b0,01,2,20261003090616,20261002135741,20261002143741,,ME
2026-10-03T00:10:35.728309+00:00,ME20A278,21,2,20261003090706,20261002035123,20261002041435,,ME
2026-10-03T00:10:35.728309+00:00,ME20A278,22,2,20261003090706,20261003014031,20261003020308,,ME
2026-10-03T00:10:35.728309+00:00,ME20A279,21,2,20261003090717,20260930195919,20260930203919,,ME
2026-10-03T00:10:35.728309+00:00,ME20A279,22,2,20261003090717,20261002100349,20261002103236,,ME
2026-10-03T00:10:35.728309+00:00,ME20A280,01,2,20261003090739,20261002165240,20261002173240,,ME
2026-10-03T00:10:35.728309+00:00,ME20A280,02,2,20261003090805,20261002180607,20261002184443,,ME
2026-10-03T00:10:35.728309+00:00,ME20A301,01,2,20261003090738,20261002192518,20261002195553,,ME
2026-10-03T00:10:35.728309+00:00,ME20A301,21,2,20261003090736,20261001090227,20261001092940,,ME
2026-10-03T00:10:35.728309+00:00,ME20A301,22,2,20261003090736,20260930171540,20260930175540,,ME
2026-10-03T00:10:35.728309+00:00,ME20A409,21,2,20261003090652,20261002222833,20261002230026,,ME
2026-10-03T00:10:35.728309+00:00,ME20A409,22,2,20261003090652,20261003074625,20261003082625,,ME
2026-10-03T00:10:35.728309+00:00,ME20A409,23,2,20261003090745,20261002230917,20261002234917,,ME
2026-10-03T00:10:35.728309+00:00,ME20A409,24,2,20261003090745,20261003080853,20261003084853,,ME
2026-10-03T00:10:35.728309+00:00,ME20A410,01,2,20261003090753,20261002202931,20261002205927,,ME
2026-10-03T00:10:35.728309+00:00,ME20A410,02,3,20261003090452,20261003060557,20261003064557,20261003083941,ME
2026-10-03T00:10:35.728309+00:00,ME20A410,03,2,20261003090812,20261002170627,20261002170757,,ME
2026-10-03T00:10:35.728309+00:00,ME20A410,91,2,20261003090755,20261002173633,20261002181633,,ME
2026-10-03T00:10:35.728309+00:00,ME20A411,01,2,20261003090826,20261002093219,20261002101219,,ME
2026-10-03T00:10:35.728309+00:00,ME20A411,02,2,20261003090822,20261002155437,20261002155549,,ME
2026-10-03T00:10:35.728309+00:00,ME20A411,03,2,20261003090830,20261002154854,20261002155033,,ME
2026-10-03T00:10:35.728309+00:00,ME20A411,04,2,20261003090825,20261002143421,20261002144242,,ME
2026-10-03T00:10:35.728309+00:00,ME21A114,01,2,20261003090139,20261003075216,20261003083525,,ME
2026-10-03T00:10:35.728309+00:00,ME21A128,01,2,20261003090224,20261003063410,20261003064808,,ME
2026-10-03T00:10:35.728309+00:00,ME21B131,01,9,20261003090310,20261002170704,20261002172943,,ME
2026-10-03T00:10:35.728309+00:00,ME21B132,01,9,20261003090310,20261003063705,20261003071336,,ME
2026-10-03T00:10:35.728309+00:00,ME21B133,01,2,20261003090227,20261003071739,20261003075842,,ME
2026-10-03T00:10:35.728309+00:00,ME21B157,01,2,20261003090850,20261003065032,20261003073039,,ME
2026-10-03T00:10:35.728309+00:00,ME21B164,01,9,20261003090310,20261002160916,20261002163733,,ME
2026-10-03T00:10:35.728309+00:00,ME21B168,01,2,20261003090228,20261003061759,20261003065310,,ME
2026-10-03T00:10:35.728309+00:00,ME21B171,01,2,20261003090140,20261002161401,20261002164458,,ME
2026-10-03T00:10:35.728309+00:00,ME21B180,01,2,20261003090214,20261002204629,20261002210257,,ME
2026-10-03T00:10:35.728309+00:00,ME21B211,01,9,20261003090310,20261003004104,20261003010707,,ME
2026-10-03T00:10:35.728309+00:00,ME21B211,02,9,20261003090310,20261001165918,20261001173924,,ME
2026-10-03T00:10:35.728309+00:00,ME21B234,01,2,20261003090145,20261003074349,20261003082036,,ME
2026-10-03T00:10:35.728309+00:00,ME21B234,02,2,20261003090709,20261002230036,20261002231256,,ME
2026-10-03T00:10:35.728309+00:00,ME21B244,01,9,20261003090310,20261001092550,20261001095012,,ME
2026-10-03T00:10:35.728309+00:00,ME21B244,02,9,20261003090310,20261002144624,20261002151909,,ME
2026-10-03T00:10:35.728309+00:00,ME21B245,01,2,20261003090128,20261003081709,20261003084938,,ME
2026-10-03T00:10:35.728309+00:00,ME21B245,02,2,20261003090220,20261002232934,20261002234252,,ME
2026-10-03T00:10:35.728309+00:00,ME21B305,01,9,20261003090310,20261003064633,20261003070725,,ME
2026-10-03T00:10:35.728309+00:00,ME21B305,02,9,20261003090310,20261002070903,20261002073908,,ME
2026-10-03T00:10:35.728309+00:00,ME21B305,03,9,20261003090310,20261002202326,20261002210348,,ME
2026-10-03T00:10:35.728309+00:00,ME21B309,01,9,20261003090310,20261003073823,20261003080934,,ME
2026-10-03T00:10:35.728309+00:00,ME21B309,02,2,20261003090219,20261002183942,20261002190225,,ME
2026-10-03T00:10:35.728309+00:00,ME21B309,03,2,20261003090134,20261003071009,20261003072733,,ME
2026-10-03T00:10:35.728309+00:00,ME21B404,01,2,20261003090221,20261003032901,20261003035538,,ME
2026-10-03T00:10:35.728309+00:00,ME21B404,02,2,20261003090221,20261003022556,20261003023819,,ME
2026-10-03T00:10:35.728309+00:00,ME21B404,03,2,20261003090233,20261002221413,20261002225419,,ME
2026-10-03T00:10:35.728309+00:00,ME21B404,04,9,20261003090310,20261002193732,20261002200358,,ME
2026-10-03T00:10:35.728309+00:00,ME21B412,01,9,20261003090310,20261002220432,20261002224250,,ME
2026-10-03T00:10:35.728309+00:00,ME21B412,02,9,20261003090310,20260929205906,20260929213028,,ME
2026-10-03T00:10:35.728309+00:00,ME21B412,03,9,20261003090310,20261002213304,20261002221307,,ME
2026-10-03T00:10:35.728309+00:00,ME21B412,04,2,20261003090216,20261002201037,20261002203930,,ME
2026-10-03T00:10:35.728309+00:00,ME21C250,21,3,20261003090857,20261002155810,20261002161236,20261003085155,ME
2026-10-03T00:10:35.728309+00:00,ME21C250,22,2,20261003090821,20261002163314,20261002171318,,ME
2026-10-03T00:10:35.728309+00:00,ME21C251,21,2,20261003090901,20261003073238,20261003074318,,ME
2026-10-03T00:10:35.728309+00:00,ME21C251,22,2,20261003090901,20261002184803,20261002191946,,ME
2026-10-03T00:10:35.728309+00:00,ME21D045,01,2,20261003090140,20261002125319,20261002132528,,ME
2026-10-03T00:10:35.728309+00:00,ME21D046,01,2,20261003090144,20261003070855,20261003074219,,ME
2026-10-03T00:10:35.728309+00:00,ME21D047,01,2,20261003090144,20261003080516,20261003081026,,ME
2026-10-03T00:10:35.728309+00:00,ME21D048,01,2,20261003090140,20261002124845,20261002124938,,ME
2026-10-03T00:10:35.728309+00:00,ME22C1B8,01,2,20261003090903,20261002224158,20261002232200,,ME
2026-10-03T00:10:35.728309+00:00,ME22C1B9,01,2,20261003090853,20261003061847,20261003065038,,ME
2026-10-03T00:10:35.728309+00:00,ME22C1C0,01,2,20261003090826,20261002214153,20261002222154,,ME
2026-10-03T00:10:35.728309+00:00,ME22C802,01,2,20261003090824,20261002152916,20261002154534,,ME
2026-10-03T00:10:35.728309+00:00,ME22C802,02,2,20261003090852,20261003073508,20261003074624,,ME
2026-10-03T00:10:35.728309+00:00,ME22C802,03,2,20261003090814,20261002095544,20261002101349,,ME
2026-10-03T00:10:35.728309+00:00,ME22C802,04,2,20261003090853,20261002155510,20261002163149,,ME
2026-10-03T00:10:35.728309+00:00,ME22C802,05,2,20261003090831,20261002164637,20261002164738,,ME
2026-10-03T00:10:35.728309+00:00,ME22C802,06,2,20261003090811,20261002164359,20261002164459,,ME
2026-10-03T00:10:35.728309+00:00,ME22C802,07,2,20261003090858,20261003065514,20261003073515,,ME
2026-10-03T00:10:35.728309+00:00,ME22C802,08,2,20261003090901,20261002090758,20261002094712,,ME
2026-10-03T00:10:35.728309+00:00,ME22D121,01,2,20261003090852,20261002102110,20261002110113,,ME
2026-10-03T00:10:35.728309+00:00,ME22D134,01,2,20261003090846,20261003080645,20261003084648,,ME
2026-10-03T00:10:35.728309+00:00,ME22D152,01,2,20261003090853,20261002113039,20261002121042,,ME
2026-10-03T00:10:35.728309+00:00,ME22D205,01,2,20261003090849,20261003061334,20261003062436,,ME
2026-10-03T00:10:35.728309+00:00,ME22D205,02,2,20261003090904,20261002201928,20261002205443,,ME
2026-10-03T00:10:35.728309+00:00,ME22D402,01,2,20261003090813,20261002112146,20261002112249,,ME
2026-10-03T00:10:35.728309+00:00,ME22D402,02,2,20261003090844,20261003071701,20261003072300,,ME
2026-10-03T00:10:35.728309+00:00,ME22D402,03,2,20261003090840,20261003010519,20261003013547,,ME
2026-10-03T00:10:35.728309+00:00,ME22D402,04,2,20261003090828,20261002190639,20261002190720,,ME
2026-10-03T00:10:35.728309+00:00,ME22M301,01,2,20261003090901,20261002211252,20261002214629,,ME
2026-10-03T00:10:35.728309+00:00,ME22M301,02,2,20261003090847,20261003052301,20261003055529,,ME
2026-10-03T00:10:35.728309+00:00,ME22M301,81,2,20261003090856,20261003065031,20261003073032,,ME
2026-10-03T00:10:35.728309+00:00,ME22M301,82,2,20261003090803,20261003081636,20261003084425,,ME
2026-10-03T00:10:35.728309+00:00,ME22M301,83,3,20261003090852,20261003062836,20261003065538,20261003090143,ME
2026-10-03T00:10:35.728309+00:00,ME22M301,84,2,20261003090824,20260930161732,20260930161747,,ME
2026-10-03T00:10:35.728309+00:00,ME22M302,01,2,20261003090148,20260921155947,20260921160006,,ME
2026-10-03T00:10:35.728309+00:00,ME22M302,02,2,20261003090203,20260921155715,20260921155742,,ME
2026-10-03T00:10:35.728309+00:00,ME22M302,03,2,20261003090147,20260921155300,20260921155336,,ME
2026-10-03T00:10:35.728309+00:00,ME22M302,04,2,20261003090435,20260921155018,20260921155041,,ME
2026-10-03T00:10:35.728309+00:00,ME22M302,05,2,20261003090138,20260823093756,20260823101759,,ME
2026-10-03T00:10:35.728309+00:00,ME22M302,06,2,20261003090152,20260921154337,20260921154404,,ME
2026-10-03T00:10:35.728309+00:00,ME22M302,07,2,20261003090151,20260926115558,20260926123604,,ME
2026-10-03T00:10:35.728309+00:00,ME22M302,09,2,20261003090141,20260926110850,20260926114857,,ME
2026-10-03T00:10:35.728309+00:00,ME22M302,10,2,20261003090203,20260921152834,20260921152913,,ME
2026-10-03T00:10:35.728309+00:00,ME22M302,11,2,20261003090142,20260926143629,20260926151730,,ME
2026-10-03T00:10:35.728309+00:00,ME22M302,12,2,20261003090617,20260817104012,20260817112018,,ME
2026-10-03T00:10:35.728309+00:00,ME22M302,13,2,20261003090141,20260921151455,20260921151511,,ME
2026-10-03T00:10:35.728309+00:00,ME22M302,14,2,20261003090200,20260921151212,20260921151231,,ME
2026-10-03T00:10:35.728309+00:00,ME22M302,15,2,20261003090146,20260921145157,20260921145213,,ME
2026-10-03T00:10:35.728309+00:00,ME22M302,16,2,20261003090202,20260926150958,20260926155002,,ME
2026-10-03T00:10:35.728309+00:00,ME22M302,17,2,20261003090152,20260926145717,20260926153723,,ME
2026-10-03T00:10:35.728309+00:00,ME22M302,18,2,20261003090145,20260921145613,20260921145630,,ME
2026-10-03T00:10:35.728309+00:00,ME22M302,19,2,20261003090149,20260926135623,20260926143630,,ME
2026-10-03T00:10:35.728309+00:00,ME22M302,20,2,20261003090154,20260921150428,20260921150443,,ME
2026-10-03T00:10:35.728309+00:00,ME22M302,21,2,20261003090144,20260928084325,20260928092332,,ME
2026-10-03T00:10:35.728309+00:00,ME22M302,22,2,20261003090146,20260921143854,20260921143914,,ME
2026-10-03T00:10:35.728309+00:00,ME22M302,23,2,20261003090133,20260930075634,20260930083640,,ME
2026-10-03T00:10:35.728309+00:00,ME22M302,24,2,20261003090158,20261002094704,20261002102710,,ME
2026-10-03T00:10:35.728309+00:00,ME22M302,25,2,20261003090202,20260926125145,20260926133230,,ME
2026-10-03T00:10:35.728309+00:00,ME22M302,26,2,20261003090146,20261002153611,20261002161615,,ME
2026-10-03T00:10:35.728309+00:00,ME22M302,28,2,20261003090245,20260921162323,20260921162348,,ME
2026-10-03T00:10:35.728309+00:00,ME22M302,29,2,20261003090148,20260927122538,20260927130542,,ME
2026-10-03T00:10:35.728309+00:00,ME22M302,30,2,20261003090131,20260927141254,20260927145257,,ME
2026-10-03T00:10:35.728309+00:00,ME22M302,31,2,20261003090149,20260921161305,20260921161338,,ME
2026-10-03T00:10:35.728309+00:00,ME22M302,32,2,20261003090150,20260921160914,20260921160942,,ME
2026-10-03T00:10:35.728309+00:00,ME22M302,33,3,20261003090908,20261002162231,20261002164007,20261003090111,ME
2026-10-03T00:10:35.728309+00:00,ME22M302,34,2,20261003090843,20261002171853,20261002175855,,ME
2026-10-03T00:10:35.728309+00:00,ME22M302,35,2,20261003090812,20260926140047,20260926144048,,ME
2026-10-03T00:10:35.728309+00:00,ME22M302,36,2,20261003090910,20260930065914,20260930073606,,ME
2026-10-03T00:10:35.728309+00:00,ME25A102,01,2,20261003090522,20261002124254,20261002132306,,ME
2026-10-03T00:10:35.728309+00:00,ME25A107,01,2,20261003090509,20261002103943,20261002111957,,ME
2026-10-03T00:10:35.728309+00:00,ME25A108,01,2,20261003090605,20260916152726,20260916155313,,ME
2026-10-03T00:10:35.728309+00:00,ME25A109,01,2,20261003090716,20261002200916,20261002201914,,ME
2026-10-03T00:10:35.728309+00:00,ME25A401,21,2,20261003090519,20261002232518,20261002233716,,ME
2026-10-03T00:10:35.728309+00:00,ME25A401,22,2,20261003090522,20261002222452,20261002223146,,ME
2026-10-03T00:10:35.728309+00:00,ME25A401,23,2,20261003090534,20261001214340,20261001221432,,ME
2026-10-03T00:10:35.728309+00:00,ME25A401,24,2,20261003090536,20261002223030,20261002223704,,ME
2026-10-03T00:10:35.728309+00:00,ME25A403,21,2,20261003090604,20261002180444,20261002182029,,ME
2026-10-03T00:10:35.728309+00:00,ME25A403,22,2,20261003090605,20260923065817,20260923073818,,ME
2026-10-03T00:10:35.728309+00:00,ME25A403,23,2,20261003090545,20261001125825,20261001174231,,ME
2026-10-03T00:10:35.728309+00:00,ME25A403,24,2,20261003090547,20261002073801,20261002081806,,ME
2026-10-03T00:10:35.728309+00:00,ME25A404,21,2,20261003090559,20261002234326,20261003002327,,ME
2026-10-03T00:10:35.728309+00:00,ME25A404,22,2,20261003090601,20261002065928,20261002071423,,ME
2026-10-03T00:10:35.728309+00:00,ME25A404,23,2,20261003090613,20261002090455,20261002211021,,ME
2026-10-03T00:10:35.728309+00:00,ME25A404,24,2,20261003090615,20260915112557,20260915120602,,ME
2026-10-03T00:10:35.728309+00:00,ME25A405,21,2,20261003090629,20261002180754,20261002182025,,ME
2026-10-03T00:10:35.728309+00:00,ME25A405,22,2,20261003090631,20261001230458,20261001231056,,ME
2026-10-03T00:10:35.728309+00:00,ME25A405,23,2,20261003090704,20261002130650,20261002194109,,ME
2026-10-03T00:10:35.728309+00:00,ME25A405,24,2,20261003090707,20260930185209,20260930191713,,ME
2026-10-03T00:10:35.728309+00:00,ME25A406,21,2,20261003090642,20261002162633,20261002164144,,ME
2026-10-03T00:10:35.728309+00:00,ME25A406,22,2,20261003090644,20261002175021,20261002180359,,ME
2026-10-03T00:10:35.728309+00:00,ME25A406,23,2,20261003090728,20260930124123,20260930124627,,ME
2026-10-03T00:10:35.728309+00:00,ME25A406,24,2,20261003090729,20260928125427,20260928131758,,ME
2026-10-03T00:10:35.728309+00:00,BE240104,10,3,20261003090650,20261003090650,20261001143327,20261003090650,BE
2026-10-03T00:10:35.728309+00:00,BNBN0855,02,2,20261003090907,20261003070235,20261003075812,,BN
2026-10-03T00:10:35.728309+00:00,BT000130,02,9,20261003090810,20261003083505,20261002212454,20261003083505,BT
2026-10-03T00:10:35.728309+00:00,BT000131,02,3,20261003090456,20261003090456,20261002212321,20261003090456,BT
2026-10-03T00:10:35.728309+00:00,BT000174,01,2,20261003090802,20261003081148,20261003090802,,BT
2026-10-03T00:10:35.728309+00:00,BT200001,12,3,20261003091001,20261003091001,20261003090954,20261003091001,BT
2026-10-03T00:10:35.728309+00:00,BT200001,13,3,20261003091002,20261003091002,20261003090952,20261003091002,BT
2026-10-03T00:10:35.728309+00:00,CR000244,03,3,20261003090914,20261003090914,20261003090758,20261003090914,CR
2026-10-03T00:10:35.728309+00:00,CRCR0030,01,3,20261003090057,20261003090057,20261003082755,20261003090057,CR
2026-10-03T00:10:35.728309+00:00,CRCR0030,02,3,20261003090134,20261003090134,20261003082749,20261003090134,CR
2026-10-03T00:10:35.728309+00:00,CRCR0031,01,3,20261003090826,20261003090826,20261003081952,20261003090826,CR
2026-10-03T00:10:35.728309+00:00,CU200009,04,2,20261003090957,20261003015349,20261003085430,,CU
2026-10-03T00:10:35.728309+00:00,CU200010,01,2,20261003090956,20261002200605,20261003033933,,CU
2026-10-03T00:10:35.728309+00:00,CU200010,03,2,20261003091001,20261002175619,20261002204713,,CU
2026-10-03T00:10:35.728309+00:00,CU200015,02,2,20261003090956,20261002215303,20261003032137,,CU
2026-10-03T00:10:35.728309+00:00,CU200016,04,2,20261003090958,20261002121731,20261002161317,,CU
2026-10-03T00:10:35.728309+00:00,CU200016,13,2,20261003091000,20261001223012,20261002053910,,CU
2026-10-03T00:10:35.728309+00:00,CU200016,18,2,20261003090957,20261002104641,20261002161151,,CU
2026-10-03T00:10:35.728309+00:00,CU200017,03,2,20261003090958,20261001204143,20261002031933,,CU
2026-10-03T00:10:35.728309+00:00,CU200032,02,2,20261003091002,20261002110704,20261002143203,,CU
2026-10-03T00:10:35.728309+00:00,CV000643,01,3,20261003090517,20261003090222,20261003090229,20261003090517,CV
2026-10-03T00:10:35.728309+00:00,CV000825,01,3,20261003090518,20261003090257,20261003090304,20261003090518,CV
2026-10-03T00:10:35.728309+00:00,CV000826,04,3,20261003090550,20261003090156,20261003090207,20261003090156,CV
2026-10-03T00:10:35.728309+00:00,CV000826,05,3,20261003090104,20261003085610,20261003085621,20261003085610,CV
2026-10-03T00:10:35.728309+00:00,CV001061,03,3,20261003090520,20261003090031,20261003090033,20261003090520,CV
2026-10-03T00:10:35.728309+00:00,CV001062,05,3,20261003090520,20261003090030,20261003090035,20261003090520,CV
2026-10-03T00:10:35.728309+00:00,CV001087,01,2,20261003090520,20261003083057,20261003090144,,CV
2026-10-03T00:10:35.728309+00:00,CV001276,02,2,20261003090521,20261002234551,20261003060122,,CV
2026-10-03T00:10:35.728309+00:00,CV001302,02,3,20261003090523,20261003090012,20261003090017,20261003090012,CV
2026-10-03T00:10:35.728309+00:00,CV001350,01,2,20261003090521,20261003082024,20261003090103,,CV
2026-10-03T00:10:35.728309+00:00,CV001466,01,2,20261003090521,20261003080724,20261003090048,,CV
2026-10-03T00:10:35.728309+00:00,CV001676,01,3,20261003090037,20261003085547,20261003085545,20261003085547,CV
2026-10-03T00:10:35.728309+00:00,CV001816,01,2,20261003090527,20261003081223,20261003090255,,CV
2026-10-03T00:10:35.728309+00:00,CV001890,01,2,20261003090527,20261003080418,20261003090422,,CV
2026-10-03T00:10:35.728309+00:00,CV001890,02,2,20261003090527,20261003080054,20261003090055,,CV
2026-10-03T00:10:35.728309+00:00,CV001983,02,2,20261003090526,20261002152800,20261002152811,,CV
2026-10-03T00:10:35.728309+00:00,CV002007,01,2,20261003090043,20261003085133,20261003090010,,CV
2026-10-03T00:10:35.728309+00:00,CV002022,02,2,20261003090531,20261002232305,20261003090107,,CV
2026-10-03T00:10:35.728309+00:00,CV002673,21,2,20261003090101,20261001185723,20261002003637,,CV
2026-10-03T00:10:35.728309+00:00,CV002748,16,2,20261003090053,20261003074919,20261003085946,,CV
2026-10-03T00:10:35.728309+00:00,CV003815,01,2,20261003090059,20261003075914,20261003085913,,CV
2026-10-03T00:10:35.728309+00:00,CV004038,06,2,20261003090100,20261003074011,20261003085654,,CV
2026-10-03T00:10:35.728309+00:00,CV004073,04,2,20261003090059,20261003082845,20261003085727,,CV
2026-10-03T00:10:35.728309+00:00,CV004090,01,3,20261003090546,20261003090113,20261003090106,20261003090113,CV
2026-10-03T00:10:35.728309+00:00,CV004159,03,2,20261003090546,20261003082632,20261003090302,,CV
2026-10-03T00:10:35.728309+00:00,CV004159,05,3,20261003090546,20261003090345,20261003090353,20261003090546,CV
2026-10-03T00:10:35.728309+00:00,CV004294,02,2,20261003090101,20261002194254,20261003085905,,CV
2026-10-03T00:10:35.728309+00:00,CV004322,12,1,20261003090547,20260925213722,20260925234132,,CV
2026-10-03T00:10:35.728309+00:00,CV004685,03,1,20261003090547,20261002100328,20261002141019,,CV
2026-10-03T00:10:35.728309+00:00,DO000009,01,3,20261003090854,20261003090854,20261003090848,20261003090854,DO
2026-10-03T00:10:35.728309+00:00,DO000048,04,2,20261003090321,20261003081209,20261003090321,,DO
2026-10-03T00:10:35.728309+00:00,DO000052,01,2,20261003090105,20261003084036,20261003090105,,DO
2026-10-03T00:10:35.728309+00:00,EC000392,03,2,20261003090801,20261003065925,20261003090653,,EC
2026-10-03T00:10:35.728309+00:00,EC000582,02,2,20261003090201,20261003003139,20261003041710,,EC
2026-10-03T00:10:35.728309+00:00,EC000700,02,2,20261003090801,20261002172848,20261002235950,,EC
2026-10-03T00:10:35.728309+00:00,EC001002,01,9,20261003091002,20261003023556,20261002181137,,EC
2026-10-03T00:10:35.728309+00:00,EC001039,03,3,20261003090401,20261003023514,20261003090212,20261003023514,EC
2026-10-03T00:10:35.728309+00:00,EC002659,01,2,20261003090801,20261003011952,20261003075021,,EC
2026-10-03T00:10:35.728309+00:00,EC004798,02,3,20261003090602,20261003090530,20261001051242,20261003090530,EC
2026-10-03T00:10:35.728309+00:00,EC007775,01,2,20261003090802,20261003024553,20261003085740,,EC
2026-10-03T00:10:35.728309+00:00,EC110008,02,3,20261003091002,20261003090909,20261002221305,20261003090909,EC
2026-10-03T00:10:35.728309+00:00,EC110104,12,3,20261003090802,20261003090754,20261003035426,20261003090754,EC
2026-10-03T00:10:35.728309+00:00,EC110111,04,3,20261003090802,20261003090644,20261002154822,20261003090644,EC
2026-10-03T00:10:35.728309+00:00,EC110124,02,2,20261003090602,20261002214441,20261002234421,,EC
2026-10-03T00:10:35.728309+00:00,EP210167,03,2,20261003090349,20261003031034,20261003061035,,EP
2026-10-03T00:10:35.728309+00:00,EP210167,51,3,20261003090755,20261002011024,20261002041044,20261003090755,EP
2026-10-03T00:10:35.728309+00:00,ER000329,02,2,20261003090134,20261003021724,20261002225435,,ER
2026-10-03T00:10:35.728309+00:00,ER000330,06,2,20261003090659,20261002195133,20261002165148,,ER
2026-10-03T00:10:35.728309+00:00,ER000398,03,2,20261003090452,20261002222343,20261002202601,,ER
2026-10-03T00:10:35.728309+00:00,ER000504,03,2,20261003090250,20261003085741,20261003075900,,ER
2026-10-03T00:10:35.728309+00:00,EREL0030,04,3,20261003090953,20261002103931,20261002100517,20261003090010,ER
2026-10-03T00:10:35.728309+00:00,EV000004,01,2,20261003090850,20260930223707,20261001002827,,EV
2026-10-03T00:10:35.728309+00:00,EV000119,03,2,20261003090246,20261002212017,20261003054659,,EV
2026-10-03T00:10:35.728309+00:00,EV000597,02,2,20261003090045,20261002201932,20261003021629,,EV
2026-10-03T00:10:35.728309+00:00,EV001495,01,2,20261003090650,20261002222544,20261003042342,,EV
2026-10-03T00:10:35.728309+00:00,EV001627,02,2,20261003090245,20261002201418,20261003080421,,EV
2026-10-03T00:10:35.728309+00:00,EV001942,04,3,20261003090448,20261002221425,20261003042526,20261003090330,EV
2026-10-03T00:10:35.728309+00:00,EV002670,03,2,20261003090246,20261002234856,20261003090120,,EV
2026-10-03T00:10:35.728309+00:00,EV002923,01,2,20261003090648,20261002221347,20261003003422,,EV
2026-10-03T00:10:35.728309+00:00,EV003160,02,2,20261003090853,20261002192639,20261003021419,,EV
2026-10-03T00:10:35.728309+00:00,EV003160,03,2,20261003090047,20261002205919,20261003024933,,EV
2026-10-03T00:10:35.728309+00:00,EV003167,03,3,20261003090248,20261003090033,20261003090211,20261003090248,EV
2026-10-03T00:10:35.728309+00:00,EV003436,01,2,20261003090246,20261003085052,20261003090206,,EV
2026-10-03T00:10:35.728309+00:00,EV003846,04,2,20261003090649,20261002194120,20261003022227,,EV
2026-10-03T00:10:35.728309+00:00,EV003850,05,3,20261003090852,20261003090649,20261003090811,20261003090852,EV
2026-10-03T00:10:35.728309+00:00,EV003879,01,2,20261003090045,20261003014002,20261003085725,,EV
2026-10-03T00:10:35.728309+00:00,EV003966,01,2,20261003090449,20261003081649,20261003090254,,EV
2026-10-03T00:10:35.728309+00:00,EV004017,02,2,20261003090045,20261002164403,20261002201949,,EV
2026-10-03T00:10:35.728309+00:00,EV004024,02,2,20261003090604,20261002193633,20261003001534,,EV
2026-10-03T00:10:35.728309+00:00,EV005021,01,2,20261003090607,20261003063247,20261003092157,,EV
2026-10-03T00:10:35.728309+00:00,EV005128,02,2,20261003090850,20261002223002,20261003062414,,EV
2026-10-03T00:10:35.728309+00:00,EV005142,04,3,20261003090850,20261002150320,20261002203226,20261003090850,EV
2026-10-03T00:10:35.728309+00:00,EV005434,03,3,20261003090246,20260930083702,20260930104340,20261003090143,EV
2026-10-03T00:10:35.728309+00:00,EV005435,01,2,20261003090851,20261003085142,20261003090808,,EV
2026-10-03T00:10:35.728309+00:00,EV005485,03,2,20261003090649,20261002230655,20261003021906,,EV
2026-10-03T00:10:35.728309+00:00,EV005592,02,2,20261003090448,20261003001921,20261003041926,,EV
2026-10-03T00:10:35.728309+00:00,EV005890,01,3,20261003090045,20261002190927,20261002210819,20261003085942,EV
2026-10-03T00:10:35.728309+00:00,EV005893,04,3,20261003090853,20261002101755,20261003001751,20261003090738,EV
2026-10-03T00:10:35.728309+00:00,EV006019,02,2,20261003090850,20261002162311,20261002200322,,EV
2026-10-03T00:10:35.728309+00:00,EV006067,07,9,20261003090853,20261002195634,20261003004205,,EV
2026-10-03T00:10:35.728309+00:00,EV006067,08,2,20261003090047,20261002201949,20261003042249,,EV
2026-10-03T00:10:35.728309+00:00,EV006338,01,2,20261003090853,20261003001959,20261003090559,,EV
2026-10-03T00:10:35.728309+00:00,EV006512,02,2,20261003090852,20261001155710,20261001172814,,EV
2026-10-03T00:10:35.728309+00:00,EV006611,05,2,20261003090046,20261002192431,20261003012914,,EV
2026-10-03T00:10:35.728309+00:00,EV006827,02,2,20261003090047,20261002222520,20261003032126,,EV
2026-10-03T00:10:35.728309+00:00,EV006968,01,9,20261003090810,20261001085027,20261001194133,,EV
2026-10-03T00:10:35.728309+00:00,EV006968,04,3,20261003090851,20261002090605,20261002153122,20261003090851,EV
2026-10-03T00:10:35.728309+00:00,EV007522,03,3,20261003090853,20261001205212,20261001205215,20261003090714,EV
2026-10-03T00:10:35.728309+00:00,EV007648,03,3,20261003090649,20261002185205,20261003054430,20261003090558,EV
2026-10-03T00:10:35.728309+00:00,EV007916,03,3,20261003090046,20261002172731,20261003023733,20261003090046,EV
2026-10-03T00:10:35.728309+00:00,EV008227,02,2,20261003090647,20261002204549,20261002231954,,EV
2026-10-03T00:10:35.728309+00:00,EV008438,01,2,20261003090248,20261002195748,20261002235543,,EV
2026-10-03T00:10:35.728309+00:00,EV008445,02,2,20261003090853,20261002175601,20261003005722,,EV
2026-10-03T00:10:35.728309+00:00,EV008748,01,2,20261003090448,20261003064659,20261003090244,,EV
2026-10-03T00:10:35.728309+00:00,EV008906,03,2,20261003090648,20261002204158,20261003041557,,EV
2026-10-03T00:10:35.728309+00:00,EV008931,01,2,20261003090246,20261002233114,20261003085932,,EV
2026-10-03T00:10:35.728309+00:00,EV008948,02,2,20261003090043,20261002192039,20261003033358,,EV
2026-10-03T00:10:35.728309+00:00,EV008990,02,3,20261003090648,20261003061609,20261003090244,20261003090600,EV
2026-10-03T00:10:35.728309+00:00,EV009014,01,2,20261003090448,20261002194957,20261002234807,,EV
2026-10-03T00:10:35.728309+00:00,EV009027,01,3,20261003090047,20261002230235,20261003045251,20261003085829,EV
2026-10-03T00:10:35.728309+00:00,EV009036,03,2,20261003090606,20261002225146,20261003014326,,EV
2026-10-03T00:10:35.728309+00:00,EV010095,03,2,20261003090850,20260930215843,20261001032200,,EV
2026-10-03T00:10:35.728309+00:00,EV010099,01,1,20261003090605,20260801092129,20260801092335,,EV
2026-10-03T00:10:35.728309+00:00,EV010583,06,2,20261003090047,20260930171329,20260930231331,,EV
2026-10-03T00:10:35.728309+00:00,EV010637,01,3,20261003090044,20261002181622,20261003072317,20261003090017,EV
2026-10-03T00:10:35.728309+00:00,EV010701,02,3,20261003090248,20261002165901,20261002231253,20261003090048,EV
2026-10-03T00:10:35.728309+00:00,EV010973,01,2,20261003090850,20261002191236,20261003021143,,EV
2026-10-03T00:10:35.728309+00:00,EV011039,01,3,20261003090047,20261002130352,20261002154923,20261003090001,EV
2026-10-03T00:10:35.728309+00:00,EV011148,01,2,20261003090248,20261002174047,20261002184821,,EV
2026-10-03T00:10:35.728309+00:00,EV011233,03,2,20261003090043,20261003070447,20261003072144,,EV
2026-10-03T00:10:35.728309+00:00,EV011246,06,2,20261003090649,20261002200437,20261003034239,,EV
2026-10-03T00:10:35.728309+00:00,EV011252,01,2,20261003090247,20261003030615,20261003063125,,EV
2026-10-03T00:10:35.728309+00:00,EV011288,01,2,20261003090045,20261002225510,20261003062624,,EV
2026-10-03T00:10:35.728309+00:00,EV011531,02,2,20261003090849,20261002182636,20261002195910,,EV
2026-10-03T00:10:35.728309+00:00,EV011802,02,3,20261003090046,20261001184747,20261001213739,20261003085926,EV
2026-10-03T00:10:35.728309+00:00,EV012059,03,2,20261003090246,20261002204723,20261003013144,,EV
2026-10-03T00:10:35.728309+00:00,EV012323,02,3,20261003090449,20261002080631,20261002104119,20261003021104,EV
2026-10-03T00:10:35.728309+00:00,EV012749,03,2,20261003090246,20261002202414,20261002220535,,EV
2026-10-03T00:10:35.728309+00:00,EV012751,01,2,20261003090447,20261002213353,20261003061857,,EV
2026-10-03T00:10:35.728309+00:00,EV012785,03,2,20261003090450,20261002203705,20261003002521,,EV
2026-10-03T00:10:35.728309+00:00,EV012803,02,2,20261003090450,20261002190012,20261002202507,,EV
2026-10-03T00:10:35.728309+00:00,EV012804,01,2,20261003090450,20261002174608,20261002213054,,EV
2026-10-03T00:10:35.728309+00:00,EV013819,01,2,20261003090046,20261002205327,20261003085748,,EV
2026-10-03T00:10:35.728309+00:00,EV013839,04,2,20261003090245,20261003031247,20261003090012,,EV
2026-10-03T00:10:35.728309+00:00,EV013910,02,3,20261003090852,20261002152630,20261002184215,20261003090834,EV
2026-10-03T00:10:35.728309+00:00,EV014316,02,3,20261003090649,20260718141954,20260718172033,20261003090558,EV
2026-10-03T00:10:35.728309+00:00,EV014596,01,3,20261003090605,20261002185624,20261002232908,20261003090605,EV
2026-10-03T00:10:35.728309+00:00,EV014597,04,2,20261003090047,20261002161141,20261002183542,,EV
2026-10-03T00:10:35.728309+00:00,EV014675,02,3,20261003090247,20261001174307,20261001235206,20261003090118,EV
2026-10-03T00:10:35.728309+00:00,EV014796,01,2,20261003090044,20261002195451,20261003040659,,EV
2026-10-03T00:10:35.728309+00:00,EV014972,06,2,20261003090850,20261002222135,20261003002051,,EV
2026-10-03T00:10:35.728309+00:00,EV015099,02,2,20261003090245,20261002220804,20261003003614,,EV
2026-10-03T00:10:35.728309+00:00,EV015136,01,3,20261003090045,20261002215706,20261003015055,20261003085906,EV
2026-10-03T00:10:35.728309+00:00,EV015457,03,3,20261003090649,20261003004942,20261003074759,20261003090529,EV
2026-10-03T00:10:35.728309+00:00,EV015584,01,2,20261003090247,20261002140359,20261002161352,,EV
2026-10-03T00:10:35.728309+00:00,EV015731,02,2,20261003090650,20261002174316,20261002231242,,EV
2026-10-03T00:10:35.728309+00:00,EV016135,01,2,20261003090650,20261002210440,20261003070937,,EV
2026-10-03T00:10:35.728309+00:00,EV016166,02,2,20261003090247,20261002193644,20261003035634,,EV
2026-10-03T00:10:35.728309+00:00,EV016174,05,3,20261003090245,20261002092455,20261002104710,20261003090106,EV
2026-10-03T00:10:35.728309+00:00,EV016328,01,3,20261003090648,20261002152953,20261002223253,20261003090610,EV
2026-10-03T00:10:35.728309+00:00,EV016470,03,2,20261003090647,20261003002509,20261003021742,,EV
2026-10-03T00:10:35.728309+00:00,EV017004,01,2,20261003090648,20261001215126,20261003090514,,EV
2026-10-03T00:10:35.728309+00:00,EV017502,05,2,20261003090650,20261002181042,20261002220927,,EV
2026-10-03T00:10:35.728309+00:00,EV017637,01,2,20261003090852,20261002224159,20261002235629,,EV
2026-10-03T00:10:35.728309+00:00,EV017668,02,2,20261003090045,20261002202744,20261002234335,,EV
2026-10-03T00:10:35.728309+00:00,EV017856,02,2,20261003090247,20261002230909,20261003035338,,EV
2026-10-03T00:10:35.728309+00:00,EV017925,01,2,20261003090604,20261002201022,20261003025503,,EV
2026-10-03T00:10:35.728309+00:00,EV017926,04,3,20261003090649,20261002004208,20261002011903,20261003002732,EV
2026-10-03T00:10:35.728309+00:00,EV017930,05,2,20261003090450,20261002225424,20261003040221,,EV
2026-10-03T00:10:35.728309+00:00,EV017935,01,2,20261003090450,20261002201845,20261002231620,,EV
2026-10-03T00:10:35.728309+00:00,EV018097,02,2,20261003090247,20261002154711,20261002221626,,EV
2026-10-03T00:10:35.728309+00:00,EV018331,01,2,20261003090648,20261002214315,20261002231040,,EV
2026-10-03T00:10:35.728309+00:00,EV018381,01,2,20261003090448,20261002203618,20261002221523,,EV
2026-10-03T00:10:35.728309+00:00,EV018531,06,3,20261003090046,20261001204330,20261001231255,20261003085839,EV
2026-10-03T00:10:35.728309+00:00,EV018542,05,3,20261003090246,20261001165539,20261001195429,20261003090118,EV
2026-10-03T00:10:35.728309+00:00,EV018619,05,2,20261003090851,20261002221224,20261002234014,,EV
2026-10-03T00:10:35.728309+00:00,EV018670,04,2,20261003090245,20261002212331,20261003023520,,EV
2026-10-03T00:10:35.728309+00:00,EV018799,01,2,20261003090852,20261002175504,20261003002001,,EV
2026-10-03T00:10:35.728309+00:00,EV018902,02,2,20261003090850,20261002203605,20261003003141,,EV
2026-10-03T00:10:35.728309+00:00,EV018986,08,2,20261003090450,20261002162108,20261002212522,,EV
2026-10-03T00:10:35.728309+00:00,EV019220,01,2,20261003090245,20261002183559,20261002212809,,EV
2026-10-03T00:10:35.728309+00:00,EV019249,02,2,20261003090245,20261003014212,20261003054248,,EV
2026-10-03T00:10:35.728309+00:00,EV019840,01,2,20261003090850,20261003081908,20261003090749,,EV
2026-10-03T00:10:35.728309+00:00,EV019953,05,2,20261003090450,20261002202621,20261003020342,,EV
2026-10-03T00:10:35.728309+00:00,EV020210,02,2,20261003090046,20261002183225,20261002202153,,EV
2026-10-03T00:10:35.728309+00:00,EV020212,03,3,20261003090852,20261002000853,20261002071717,20261003090710,EV
2026-10-03T00:10:35.728309+00:00,EV020215,03,2,20261003090852,20261002225655,20261002225708,,EV
2026-10-03T00:10:35.728309+00:00,EV020437,02,2,20261003090851,20261002165500,20261002210836,,EV
2026-10-03T00:10:35.728309+00:00,EV020857,02,2,20261003090449,20261002183106,20261002195626,,EV
2026-10-03T00:10:35.728309+00:00,EV020858,05,2,20261003090248,20261003085449,20261003090040,,EV
2026-10-03T00:10:35.728309+00:00,EV021600,03,3,20261003090248,20261002091109,20261002122244,20261003090109,EV
2026-10-03T00:10:35.728309+00:00,HD000013,01,2,20261003091000,20261003043005,20261003045137,,HD
2026-10-03T00:10:35.728309+00:00,HD000013,02,2,20261003091000,20261003073430,20261003074513,,HD
2026-10-03T00:10:35.728309+00:00,HD000013,03,2,20261003091000,20261003063958,20261003065245,,HD
2026-10-03T00:10:35.728309+00:00,HD000013,04,2,20261003091000,20261002181810,20261002185941,,HD
2026-10-03T00:10:35.728309+00:00,HD000013,05,2,20261003091000,20261002170702,20261002173217,,HD
2026-10-03T00:10:35.728309+00:00,HD000013,06,2,20261003091000,20261002231215,20261002233019,,HD
2026-10-03T00:10:35.728309+00:00,HD000014,01,2,20261003090100,20261002204904,20261002205941,,HD
2026-10-03T00:10:35.728309+00:00,HD000014,02,3,20261003090200,20261003090138,20261002201542,20261003090138,HD
2026-10-03T00:10:35.728309+00:00,HD000017,01,3,20261003091001,20261003085042,20261003083908,20261003085042,HD
2026-10-03T00:10:35.728309+00:00,HD000017,02,2,20261003091001,20261002222152,20261002222646,,HD
2026-10-03T00:10:35.728309+00:00,HD000017,03,2,20261003091001,20261002233332,20261002234131,,HD
2026-10-03T00:10:35.728309+00:00,HD000023,01,3,20261003091001,20261003090337,20261003075552,20261003090337,HD
2026-10-03T00:10:35.728309+00:00,HD000023,02,2,20261003091001,20261003031529,20261003040032,,HD
2026-10-03T00:10:35.728309+00:00,HD000023,03,2,20261003091001,20261003072035,20261003075353,,HD
2026-10-03T00:10:35.728309+00:00,HD000023,04,2,20261003091001,20261003063447,20261002180201,,HD
2026-10-03T00:10:35.728309+00:00,HD000023,05,2,20261003091001,20261003074647,20261003082602,,HD
2026-10-03T00:10:35.728309+00:00,HD000023,06,2,20261003091001,20261003080331,20261003084530,,HD
2026-10-03T00:10:35.728309+00:00,HD000039,01,2,20261003091002,20261002175707,20261002183328,,HD
2026-10-03T00:10:35.728309+00:00,HD000039,02,2,20261003091002,20261002131445,20261002133550,,HD
2026-10-03T00:10:35.728309+00:00,HD000039,03,2,20261003091002,20261002090204,20261002093114,,HD
2026-10-03T00:10:35.728309+00:00,HD000039,04,2,20261003091002,20261002221344,20261002224138,,HD
2026-10-03T00:10:35.728309+00:00,HD000040,01,2,20261003091002,20261001004157,20261001010413,,HD
2026-10-03T00:10:35.728309+00:00,HD000040,02,2,20261003091002,20261003041403,20261003044237,,HD
2026-10-03T00:10:35.728309+00:00,HD000040,03,2,20261003091002,20261002171136,20261002173525,,HD
2026-10-03T00:10:35.728309+00:00,HD000040,04,2,20261003091002,20261002220702,20261002223839,,HD
2026-10-03T00:10:35.728309+00:00,HD000089,01,2,20261003090101,20261002135023,20261002141059,,HD
2026-10-03T00:10:35.728309+00:00,HD000089,02,2,20261003090101,20261002090111,20261002092608,,HD
2026-10-03T00:10:35.728309+00:00,HE000443,01,5,20261003090700,20261002145600,20261002154400,,HE
2026-10-03T00:10:35.728309+00:00,HE001047,14,3,20261003090800,20261003090800,20261002204000,20261003090800,HE
2026-10-03T00:10:35.728309+00:00,HE240184,01,2,20261003090300,20261003051100,20261003090300,,HE
2026-10-03T00:10:35.728309+00:00,HE240415,08,2,20261003090600,20261002213000,20261003090600,,HE
2026-10-03T00:10:35.728309+00:00,HE240457,04,3,20261003090500,20261003090500,20261002214833,20261003090500,HE
2026-10-03T00:10:35.728309+00:00,HJ000005,06,2,20261003091000,20261003084758,20261003090831,,HJ
2026-10-03T00:10:35.728309+00:00,HM000024,09,2,20261003090600,20261002175257,20261003005405,,HM
2026-10-03T00:10:35.728309+00:00,HM000455,22,2,20261003090405,20261002221543,20261003090238,,HM
2026-10-03T00:10:35.728309+00:00,HM001630,10,2,20261003090216,20261003001334,20261003090034,,HM
2026-10-03T00:10:35.728309+00:00,HM001630,19,2,20261003090216,20261002183919,20261003090001,,HM
2026-10-03T00:10:35.728309+00:00,HM110030,03,3,20261003090219,20261001221943,20261002002223,20261003090149,HM
2026-10-03T00:10:35.728309+00:00,HM110111,03,2,20261003090220,20261003082802,20261003090026,,HM
2026-10-03T00:10:35.728309+00:00,HM110116,01,3,20261003090220,20261002072119,20261002152538,20261003090108,HM
2026-10-03T00:10:35.728309+00:00,HM110197,01,2,20261003090418,20261003025145,20261003090237,,HM
2026-10-03T00:10:35.728309+00:00,HM110250,17,3,20261003090222,20260925230001,20260926003005,20261003090127,HM
2026-10-03T00:10:35.728309+00:00,HM110251,06,3,20261003090036,20261002122006,20261002184736,20261003085908,HM
2026-10-03T00:10:35.728309+00:00,HM110289,02,3,20261003090036,20261002065912,20261002121529,20261003085922,HM
2026-10-03T00:10:35.728309+00:00,HM110348,02,3,20261003090820,20261002201051,20261002204850,20261003090719,HM
2026-10-03T00:10:35.728309+00:00,HP250010,01,2,20261003090348,20261003074952,20261003090348,,HP
2026-10-03T00:10:35.728309+00:00,HP250010,02,2,20261003090344,20261003083149,20261003090344,,HP
2026-10-03T00:10:35.728309+00:00,HP250010,07,2,20261003090712,20261003050828,20261003090712,,HP
2026-10-03T00:10:35.728309+00:00,HY000003,03,2,20261003091001,20260709154228,20260820145526,,HY
2026-10-03T00:10:35.728309+00:00,HY000003,04,2,20261003091001,20261002125806,20261002125806,,HY
2026-10-03T00:10:35.728309+00:00,HY000019,02,3,20261003091002,20261002101740,20260930160535,20261002101740,HY
2026-10-03T00:10:35.728309+00:00,HY000019,03,2,20261003091002,20261001200646,20261002064706,,HY
2026-10-03T00:10:35.728309+00:00,HY000019,05,3,20261003091002,20261002161751,20261001071822,20261002161751,HY
2026-10-03T00:10:35.728309+00:00,HY000019,08,3,20261003091002,20261002100945,20261001065130,20261002100945,HY
2026-10-03T00:10:35.728309+00:00,HY000019,09,3,20261003091002,20261002135730,20261002135600,20261002135730,HY
2026-10-03T00:10:35.728309+00:00,HY000019,11,3,20261003091002,20261002181513,20260924122953,20261002181513,HY
2026-10-03T00:10:35.728309+00:00,HY001159,03,2,20261003090904,20261002201300,20261003090759,,HY
2026-10-03T00:10:35.728309+00:00,HY001159,07,2,20261003090106,20261002224037,20261003090034,,HY
2026-10-03T00:10:35.728309+00:00,HY001231,20,2,20261003090602,20261002160420,20261002173201,,HY
2026-10-03T00:10:35.728309+00:00,HY001368,07,2,20261003090904,20261003003857,20261003090819,,HY
2026-10-03T00:10:35.728309+00:00,HY001368,08,2,20261003090406,20261002174302,20261002232512,,HY
2026-10-03T00:10:35.728309+00:00,HY001526,01,3,20261003090105,20261003090046,20260930051721,20261003090046,HY
2026-10-03T00:10:35.728309+00:00,HY001574,02,2,20261003090505,20261002231408,20261003090446,,HY
2026-10-03T00:10:35.728309+00:00,HY001657,01,2,20261003090307,20261002210007,20261003090229,,HY
2026-10-03T00:10:35.728309+00:00,HY001696,04,2,20261003090204,20261002112903,20261003090136,,HY
2026-10-03T00:10:35.728309+00:00,IM000317,02,3,20261003090637,20261003090550,20260927201055,20261003090637,IM
2026-10-03T00:10:35.728309+00:00,JA110048,02,3,20261003091006,20261003091006,20261002215605,20261003091006,JA
2026-10-03T00:10:35.728309+00:00,JA110048,06,2,20261003090708,20261003084905,20261003090708,,JA
2026-10-03T00:10:35.728309+00:00,JA110048,10,3,20261003091006,20261003091006,20261002152805,20261003091006,JA
2026-10-03T00:10:35.728309+00:00,JA110048,11,2,20261003091006,20261003084008,20261003091006,,JA
2026-10-03T00:10:35.728309+00:00,JA110072,03,3,20261003090708,20261003090708,20260930194008,20261003090708,JA
2026-10-03T00:10:35.728309+00:00,JA110094,03,3,20261003090709,20261003090709,20261002071406,20261003090709,JA
2026-10-03T00:10:35.728309+00:00,JA110102,01,2,20261003091008,20261003082108,20261003091008,,JA
2026-10-03T00:10:35.728309+00:00,JA110105,04,3,20261003090710,20261003090710,20261002202010,20261003090710,JA
2026-10-03T00:10:35.728309+00:00,JA110109,01,2,20261003090711,20261003070710,20261003090711,,JA
2026-10-03T00:10:35.728309+00:00,JA110136,01,3,20261003090712,20261003090712,20261002184911,20261003090712,JA
2026-10-03T00:10:35.728309+00:00,JA110137,02,3,20261003090712,20261003090712,20261002112810,20261003090712,JA
2026-10-03T00:10:35.728309+00:00,JA110170,08,2,20261003090716,20261002165615,20261003090716,,JA
2026-10-03T00:10:35.728309+00:00,JA110173,01,2,20261003090716,20261003081414,20261003090716,,JA
2026-10-03T00:10:35.728309+00:00,JA110178,01,2,20261003090716,20261003071415,20261003090716,,JA
2026-10-03T00:10:35.728309+00:00,JA110197,11,3,20261003090718,20261003090718,20261003080716,20261003090718,JA
2026-10-03T00:10:35.728309+00:00,JA110197,12,2,20261003090718,20261003084215,20261003090718,,JA
2026-10-03T00:10:35.728309+00:00,JA110198,03,3,20261003090718,20261003090718,20261003072115,20261003090718,JA
2026-10-03T00:10:35.728309+00:00,JA110200,03,3,20261003090718,20261003090718,20261003063518,20261003090718,JA
2026-10-03T00:10:35.728309+00:00,JA110200,04,3,20261003090718,20261003090718,20261003063518,20261003090718,JA
2026-10-03T00:10:35.728309+00:00,JA110210,01,2,20261003090719,20261003072818,20261003090719,,JA
2026-10-03T00:10:35.728309+00:00,JA110210,06,3,20261003090719,20261003090719,20261003084916,20261003090719,JA
2026-10-03T00:10:35.728309+00:00,JA110210,09,2,20261003090719,20261003084916,20261003090719,,JA
2026-10-03T00:10:35.728309+00:00,JA110210,11,3,20261003090719,20261003090719,20261003083517,20261003090719,JA
2026-10-03T00:10:35.728309+00:00,JA110210,14,2,20261003090719,20261003083517,20261003090719,,JA
2026-10-03T00:10:35.728309+00:00,JA110210,18,3,20261003090719,20261003090719,20261003084916,20261003090719,JA
2026-10-03T00:10:35.728309+00:00,JA110210,22,3,20261003090719,20261003090719,20261003083517,20261003090719,JA
2026-10-03T00:10:35.728309+00:00,KE001174,01,2,20261003090059,20261002155505,20261002155511,,KE
2026-10-03T00:10:35.728309+00:00,KE001199,01,9,20261003090310,20261002221015,20261003011937,,KE
2026-10-03T00:10:35.728309+00:00,KE001240,01,3,20261003090200,20261003090110,20261002095745,20261003090110,KE
2026-10-03T00:10:35.728309+00:00,KE001318,03,3,20261003090359,20261003090352,20261001124209,20261003090352,KE
2026-10-03T00:10:35.728309+00:00,KE001340,02,3,20261003090059,20261003090011,20261002081014,20261003090011,KE
2026-10-03T00:10:35.728309+00:00,KE001380,01,9,20261003090810,20261002085734,20261002144050,,KE
2026-10-03T00:10:35.728309+00:00,KL001378,01,3,20261003090801,20261003090801,20261003090648,20261003090648,KL
2026-10-03T00:10:35.728309+00:00,KL001933,05,3,20261003090702,20261003090702,20261002190226,20261003090635,KL
2026-10-03T00:10:35.728309+00:00,KL001971,02,3,20261003090302,20261003090302,20261003022903,20261003090126,KL
2026-10-03T00:10:35.728309+00:00,KL002022,01,2,20261003090701,20261002215800,20261003070826,,KL
2026-10-03T00:10:35.728309+00:00,KL002178,03,2,20261003090201,20261003070024,20261003085635,,KL
2026-10-03T00:10:35.728309+00:00,KL002358,04,3,20261003090302,20261003090302,20261002225344,20261003090119,KL
2026-10-03T00:10:35.728309+00:00,KL002373,01,3,20261003090601,20261003061107,20261003090116,,KL
2026-10-03T00:10:35.728309+00:00,KL002476,02,2,20261003090702,20261003032246,20261003090141,,KL
2026-10-03T00:10:35.728309+00:00,KL002476,22,3,20261003090801,20261002205357,20261003035145,,KL
2026-10-03T00:10:35.728309+00:00,KL200301,44,3,20261003090846,20261003090846,20261002095616,20261003090845,KL
2026-10-03T00:10:35.728309+00:00,KP000296,03,5,20261003091005,20260623164253,20260624091514,,KP
2026-10-03T00:10:35.728309+00:00,KP003193,01,2,20261003091008,20261003021544,20261003090501,,KP
2026-10-03T00:10:35.728309+00:00,KP003605,01,3,20261003091005,20261002095646,20261002125043,20261003090055,KP
2026-10-03T00:10:35.728309+00:00,KP004045,02,2,20261003091008,20261002182940,20261003083409,,KP
2026-10-03T00:10:35.728309+00:00,KP004045,03,2,20261003091007,20261002183352,20261003083817,,KP
2026-10-03T00:10:35.728309+00:00,KRC10013,01,3,20261003090350,20261003000901,20261003000901,20261003090349,KR
2026-10-03T00:10:35.728309+00:00,LI000358,01,3,20261003090119,20261003090119,20261003085325,20261003090119,LI
2026-10-03T00:10:35.728309+00:00,LI000358,02,2,20261003090701,20261003085239,20261003090701,,LI
2026-10-03T00:10:35.728309+00:00,LI000358,03,3,20261003090914,20261003090914,20261003085540,20261003090914,LI
2026-10-03T00:10:35.728309+00:00,LU000317,01,3,20261003090955,20261001152551,20261001162008,20261001152551,LU
2026-10-03T00:10:35.728309+00:00,LU000369,03,2,20261003090205,20261002192412,20261002233113,,LU
2026-10-03T00:10:35.728309+00:00,LU000644,01,2,20261003090705,20261002222113,20261003090705,,LU
2026-10-03T00:10:35.728309+00:00,LU000798,23,2,20261003090309,20261002212056,20261003001159,,LU
2026-10-03T00:10:35.728309+00:00,LU000846,06,2,20261003090548,20261002225908,20261003030936,,LU
2026-10-03T00:10:35.728309+00:00,LU000846,21,3,20261003090050,20261003005351,20261003090048,20261003005351,LU
2026-10-03T00:10:35.728309+00:00,LU001004,43,2,20261003090752,20261002164308,20261002164347,,LU
2026-10-03T00:10:35.728309+00:00,LU001149,01,3,20261003090936,20261003072408,20261003090935,20261003072408,LU
2026-10-03T00:10:35.728309+00:00,LU001170,03,2,20261003090640,20261002164136,20261002175106,,LU
2026-10-03T00:10:35.728309+00:00,LU001248,01,3,20261003090707,20261003090726,20261001125027,20261001095457,LU
2026-10-03T00:10:35.728309+00:00,LU001362,01,2,20261003090257,20261002210716,20261003015348,,LU
2026-10-03T00:10:35.728309+00:00,LU001362,02,2,20261003090049,20261003082200,20261003090040,,LU
2026-10-03T00:10:35.728309+00:00,LU001379,02,3,20261003090830,20261003090834,20261003003346,20261002183456,LU
2026-10-03T00:10:35.728309+00:00,LU001456,09,3,20261003090057,20261003090057,20261002165125,20261003090057,LU
2026-10-03T00:10:35.728309+00:00,LU001493,03,2,20261003090517,20261003002318,20261003025817,,LU
2026-10-03T00:10:35.728309+00:00,LU001691,04,2,20261003090125,20261002223312,20261003075359,,LU
2026-10-03T00:10:35.728309+00:00,LU002713,35,2,20261003090644,20261002214532,20261003001547,,LU
2026-10-03T00:10:35.728309+00:00,LU003069,06,2,20261003090159,20261002231059,20261003050145,,LU
2026-10-03T00:10:35.728309+00:00,LU003186,01,3,20261003090918,20261003090932,20261001084406,20260930221005,LU
2026-10-03T00:10:35.728309+00:00,LU003653,03,2,20261003090055,20261002190039,20261002213530,,LU
2026-10-03T00:10:35.728309+00:00,LU003804,08,3,20261003090631,20261003050203,20261003090630,20261003050203,LU
2026-10-03T00:10:35.728309+00:00,LU003807,04,3,20261003090359,20261003090408,20261002184123,20261002132316,LU
2026-10-03T00:10:35.728309+00:00,LU003885,01,2,20261003090538,20261002220707,20261003015211,,LU
2026-10-03T00:10:35.728309+00:00,LU003897,01,2,20261003091000,20261002230401,20261003003842,,LU
2026-10-03T00:10:35.728309+00:00,LU003897,02,2,20261003090043,20261002223648,20261003055446,,LU
2026-10-03T00:10:35.728309+00:00,LU004123,03,2,20261003090943,20261002203948,20261003002759,,LU
2026-10-03T00:10:35.728309+00:00,LU004193,13,2,20261003090317,20261002235837,20261003024049,,LU
2026-10-03T00:10:35.728309+00:00,LU004271,03,2,20261003090703,20261002202934,20261003044519,,LU
2026-10-03T00:10:35.728309+00:00,LU100071,03,2,20261003090218,20261003083945,20261003090139,,LU
2026-10-03T00:10:35.728309+00:00,LU100200,12,2,20261003090716,20261002200744,20261002230534,,LU
2026-10-03T00:10:35.728309+00:00,LU100308,02,2,20261003090326,20261002225050,20261003090319,,LU
2026-10-03T00:10:35.728309+00:00,LU100332,08,2,20261003090057,20261003090009,20261003090047,,LU
2026-10-03T00:10:35.728309+00:00,LU100368,23,2,20261003090422,20261002215454,20261002232604,,LU
2026-10-03T00:10:35.728309+00:00,LU100368,58,3,20261003090500,20261002165753,20261002222952,20261002165753,LU
2026-10-03T00:10:35.728309+00:00,LU100368,67,2,20261003090041,20261002225358,20261003080725,,LU
2026-10-03T00:10:35.728309+00:00,LU100474,25,2,20261003090816,20261002195115,20261002213857,,LU
2026-10-03T00:10:35.728309+00:00,LU100763,06,3,20261003090428,20261003090432,20261003015233,20261002220001,LU
2026-10-03T00:10:35.728309+00:00,LU100944,02,2,20261003090953,20261002222248,20261003061903,,LU
2026-10-03T00:10:35.728309+00:00,LU101359,04,2,20261003090253,20261003020420,20261003063852,,LU
2026-10-03T00:10:35.728309+00:00,LU101445,04,3,20261003091002,20261003025003,20261003091000,20261003025003,LU
2026-10-03T00:10:35.728309+00:00,LU101445,26,3,20261003090902,20260930022048,20260930053514,20261003090902,LU
2026-10-03T00:10:35.728309+00:00,LU101451,17,2,20261003090915,20261002234830,20261003070545,,LU
2026-10-03T00:10:35.728309+00:00,LU101509,02,2,20261003090108,20261002224724,20261003003851,,LU
2026-10-03T00:10:35.728309+00:00,LU101524,01,3,20261003090546,20261003090556,20261003012004,20261002152104,LU
2026-10-03T00:10:35.728309+00:00,LU101573,07,2,20261003090509,20261002174549,20261002200905,,LU
2026-10-03T00:10:35.728309+00:00,LU101587,09,2,20261003090504,20261002164617,20261002223227,,LU
2026-10-03T00:10:35.728309+00:00,LU101631,10,2,20261003090138,20261002203858,20261003025737,,LU
2026-10-03T00:10:35.728309+00:00,LU101631,12,2,20261003090755,20261002225642,20261003015054,,LU
2026-10-03T00:10:35.728309+00:00,LU101641,07,3,20261003091007,20261002164305,20261002202220,20261002164305,LU
2026-10-03T00:10:35.728309+00:00,LU101642,10,2,20261003090048,20261002191737,20261002212307,,LU
2026-10-03T00:10:35.728309+00:00,LU101683,12,2,20261003090452,20261002175006,20261002212804,,LU
2026-10-03T00:10:35.728309+00:00,LU101684,10,2,20261003090829,20261002223446,20261003051802,,LU
2026-10-03T00:10:35.728309+00:00,LU101686,16,3,20261003090437,20261003090500,20261002014044,20261001221842,LU
2026-10-03T00:10:35.728309+00:00,LU101686,26,3,20261003090421,20261003090448,20261002234614,20261002222405,LU
2026-10-03T00:10:35.728309+00:00,LU101695,03,3,20261003091005,20260925175525,20260926031238,20261003091005,LU
2026-10-03T00:10:35.728309+00:00,LU101706,26,2,20261003090640,20261002191316,20261002205257,,LU
2026-10-03T00:10:35.728309+00:00,LU101758,08,2,20261003090857,20261002175547,20261002184326,,LU
2026-10-03T00:10:35.728309+00:00,LU101796,01,3,20261003090107,20261003090119,20261003090016,20261003085923,LU
2026-10-03T00:10:35.728309+00:00,LU101819,02,2,20261003090928,20261002144945,20261002180316,,LU
2026-10-03T00:10:35.728309+00:00,MO116803,01,2,20261003091009,20261003090004,20261003090004,,MO
2026-10-03T00:10:35.728309+00:00,NT100059,14,3,20261003090750,20261003090750,20261002212850,20261003090750,NT
2026-10-03T00:10:35.728309+00:00,NT100084,04,3,20261003090950,20261003090950,20261003065950,20261003090950,NT
2026-10-03T00:10:35.728309+00:00,NT100129,21,3,20261003090350,20261003090350,20260930220150,20261003090350,NT
2026-10-03T00:10:35.728309+00:00,NT100133,14,2,20261003090750,20261002230350,20261003090750,,NT
2026-10-03T00:10:35.728309+00:00,NT100253,15,2,20261003090850,20261002171450,20261003090850,,NT
2026-10-03T00:10:35.728309+00:00,NT100296,01,2,20261003090550,20261002172250,20261003090550,,NT
2026-10-03T00:10:35.728309+00:00,NT100419,03,2,20261003090850,20261002192350,20261003090850,,NT
2026-10-03T00:10:35.728309+00:00,NT100434,04,1,20261003090850,20261003072550,20261003090850,,NT
2026-10-03T00:10:35.728309+00:00,NT100434,06,1,20261003090850,20261003072550,20261003090850,,NT
2026-10-03T00:10:35.728309+00:00,NT100523,06,2,20261003090750,20261002201850,20261003090750,,NT
2026-10-03T00:10:35.728309+00:00,NT100524,02,3,20261003090050,20261003090050,20261003082150,20261003090050,NT
2026-10-03T00:10:35.728309+00:00,NT100651,03,3,20261003090850,20261003090850,20260925121250,20261003090850,NT
2026-10-03T00:10:35.728309+00:00,NT100675,01,2,20261003090550,20261003083450,20261003090550,,NT
2026-10-03T00:10:35.728309+00:00,NT101133,03,2,20261003090250,20261002160250,20261003090250,,NT
2026-10-03T00:10:35.728309+00:00,NT101142,04,3,20261003090850,20261003090850,20261001163450,20261003090850,NT
2026-10-03T00:10:35.728309+00:00,NT101182,01,2,20261003090050,20261003082950,20261003090050,,NT
2026-10-03T00:10:35.728309+00:00,NT101293,02,2,20261003090450,20261002232350,20261003090450,,NT
2026-10-03T00:10:35.728309+00:00,NT101346,17,3,20261003090350,20261003090350,20261003084850,20261003090350,NT
2026-10-03T00:10:35.728309+00:00,NT101360,03,2,20261003090750,20261002232450,20261003090750,,NT
2026-10-03T00:10:35.728309+00:00,NT102010,11,2,20261003090850,20261002224150,20261003090850,,NT
2026-10-03T00:10:35.728309+00:00,NT102114,04,3,20261003090850,20261003090850,20261003084050,20261003090850,NT
2026-10-03T00:10:35.728309+00:00,NT102120,07,2,20261003090350,20261003034050,20261003090350,,NT
2026-10-03T00:10:35.728309+00:00,NT102153,37,3,20261003090250,20261003090250,20261002214150,20261003090250,NT
2026-10-03T00:10:35.728309+00:00,NT102153,50,2,20261003090550,20261002184850,20261003090550,,NT
2026-10-03T00:10:35.728309+00:00,NT102163,11,3,20261003090450,20261003090450,20261002103150,20261003090450,NT
2026-10-03T00:10:35.728309+00:00,NT102192,02,3,20261003090650,20261003090650,20261003085250,20261003090650,NT
2026-10-03T00:10:35.728309+00:00,NT102207,18,3,20261003090250,20261003090250,20261003062350,20261003090250,NT
2026-10-03T00:10:35.728309+00:00,NT102275,09,2,20261003090650,20261003090450,20261003090550,,NT
2026-10-03T00:10:35.728309+00:00,NT102290,06,2,20261003090550,20261002230750,20261003090550,,NT
2026-10-03T00:10:35.728309+00:00,NT102295,06,3,20261003090750,20261003090750,20261003085250,20261003090750,NT
2026-10-03T00:10:35.728309+00:00,NT102353,01,2,20261003090050,20261003083450,20261003090050,,NT
2026-10-03T00:10:35.728309+00:00,NT102369,05,9,20261003090350,20261003024350,20261003090350,,NT
2026-10-03T00:10:35.728309+00:00,NT102401,05,3,20261003090850,20261003090850,20261003085350,20261003090850,NT
2026-10-03T00:10:35.728309+00:00,NT102414,11,3,20261003090950,20261003090950,20261002203151,20261003090950,NT
2026-10-03T00:10:35.728309+00:00,NT102421,07,2,20261003090350,20261002222450,20261003090350,,NT
2026-10-03T00:10:35.728309+00:00,NT102430,08,2,20261003090650,20261002115750,20261003090650,,NT
2026-10-03T00:10:35.728309+00:00,NT102465,23,2,20261003090950,20261003000550,20261003090950,,NT
2026-10-03T00:10:35.728309+00:00,NT102510,15,9,20261003090650,20261002231850,20261003090650,,NT
2026-10-03T00:10:35.728309+00:00,NT102514,14,2,20261003090950,20261003022250,20261003090950,,NT
2026-10-03T00:10:35.728309+00:00,NT102541,05,9,20261003090150,20261003083350,20261003090150,,NT
2026-10-03T00:10:35.728309+00:00,NT102542,01,2,20261003090050,20261003061850,20261003090050,,NT
2026-10-03T00:10:35.728309+00:00,NT102542,03,2,20261003090650,20261003024850,20261003090650,,NT
2026-10-03T00:10:35.728309+00:00,NT102546,07,2,20261003090850,20261003062250,20261003090850,,NT
2026-10-03T00:10:35.728309+00:00,NT102590,12,2,20261003090750,20261002213050,20261003090750,,NT
2026-10-03T00:10:35.728309+00:00,NT102732,21,2,20261003090650,20260929192850,20260930071650,,NT
2026-10-03T00:10:35.728309+00:00,NT102732,23,2,20261003090450,20260924191550,20260925133750,,NT
2026-10-03T00:10:35.728309+00:00,NT102763,16,2,20261003090750,20261002193850,20261003090750,,NT
2026-10-03T00:10:35.728309+00:00,NT102765,10,2,20261003090450,20261002191950,20261003090450,,NT
2026-10-03T00:10:35.728309+00:00,NT102765,18,2,20261003090250,20261002193150,20261003090250,,NT
2026-10-03T00:10:35.728309+00:00,NT102765,37,2,20261003090150,20261002185850,20261003090150,,NT
2026-10-03T00:10:35.728309+00:00,NT102765,40,2,20261003090550,20261002140750,20261003090550,,NT
2026-10-03T00:10:35.728309+00:00,NT102765,43,2,20261003090750,20261002223250,20261003090750,,NT
2026-10-03T00:10:35.728309+00:00,NT102766,25,3,20261003090650,20261003090650,20261002202750,20261003090650,NT
2026-10-03T00:10:35.728309+00:00,NT102766,28,2,20261003090650,20261002182150,20261003090650,,NT
2026-10-03T00:10:35.728309+00:00,NT102790,01,3,20261003090228,20261002234250,20260927214550,20261002234250,NT
2026-10-03T00:10:35.728309+00:00,NT102790,02,2,20261003090228,20260927162950,20260927223650,,NT
2026-10-03T00:10:35.728309+00:00,NT102799,06,2,20261003090450,20261002194950,20261003090450,,NT
2026-10-03T00:10:35.728309+00:00,NT102841,11,2,20261003090350,20261002223850,20261003090350,,NT
2026-10-03T00:10:35.728309+00:00,NT102885,51,2,20261003090950,20261002184750,20261003090950,,NT
2026-10-03T00:10:35.728309+00:00,NT102885,55,2,20261003090850,20261002231850,20261003090850,,NT
2026-10-03T00:10:35.728309+00:00,NT102886,69,2,20261003090950,20261002222150,20261003090950,,NT
2026-10-03T00:10:35.728309+00:00,NX000014,01,3,20261003090953,20261003090953,20261002080401,20261003090953,NX
2026-10-03T00:10:35.728309+00:00,PC000070,20,3,20261003090628,20261002220137,20261003074810,20261003090628,PC
2026-10-03T00:10:35.728309+00:00,PC000075,07,2,20261003091000,20261003005347,20261003090932,,PC
2026-10-03T00:10:35.728309+00:00,PC000382,01,3,20261003090359,20261002095228,20261002160257,20261003090359,PC
2026-10-03T00:10:35.728309+00:00,PC000382,03,3,20261003090932,20261002074510,20261002172203,20261003090932,PC
2026-10-03T00:10:35.728309+00:00,PC000421,03,2,20261003090551,20261003085227,20261003090520,,PC
2026-10-03T00:10:35.728309+00:00,PC000421,05,3,20261003090646,20260930085931,20260930095146,20261003090646,PC
2026-10-03T00:10:35.728309+00:00,PC000464,17,2,20261003090350,20261002184908,20261002220635,,PC
2026-10-03T00:10:35.728309+00:00,PC000505,68,2,20261003090118,20261003082930,20261003090112,,PC
2026-10-03T00:10:35.728309+00:00,PC000505,75,2,20261003090203,20261002233616,20261003061924,,PC
2026-10-03T00:10:35.728309+00:00,PC000664,16,2,20261003090601,20261002190501,20261003031800,,PC
2026-10-03T00:10:35.728309+00:00,PC000705,08,2,20261003090343,20261002183743,20261003035934,,PC
2026-10-03T00:10:35.728309+00:00,PC001087,04,3,20261003090540,20261002074452,20261002172304,20261003090540,PC
2026-10-03T00:10:35.728309+00:00,PC001220,08,3,20261003090041,20261003090053,20261002140508,20261003090041,PC
2026-10-03T00:10:35.728309+00:00,PI000338,01,3,20261003090616,20261003090614,20261003020828,20261003090616,PI
2026-10-03T00:10:35.728309+00:00,PI000341,01,3,20261003090113,20261003085848,20261002195406,20261003090113,PI
2026-10-03T00:10:35.728309+00:00,PI000430,08,3,20261003090615,20261003090359,20261003022136,20261003090615,PI
2026-10-03T00:10:35.728309+00:00,PI000438,01,3,20261003090616,20261003090221,20261002180511,20261003090616,PI
2026-10-03T00:10:35.728309+00:00,PI064194,03,3,20261003090041,20261003085741,20261001223631,20261003090041,PI
2026-10-03T00:10:35.728309+00:00,PI070431,02,3,20261003090614,20261003090602,20261002145655,20261003090614,PI
2026-10-03T00:10:35.728309+00:00,PI121461,04,3,20261003090120,20261003085846,20261002174629,20261003090120,PI
2026-10-03T00:10:35.728309+00:00,PI121471,01,3,20261003090118,20261003085611,20260916110959,20261003090118,PI
2026-10-03T00:10:35.728309+00:00,PI200399,05,2,20261003090116,20261003053318,20261003085737,,PI
2026-10-03T00:10:35.728309+00:00,PI200401,02,2,20261003090619,20261003075632,20261003090536,,PI
2026-10-03T00:10:35.728309+00:00,PI200405,02,9,20261003090810,20261002232933,20261002231836,20261002233326,PI
2026-10-03T00:10:35.728309+00:00,PI200708,08,3,20261003090122,20261003085812,20261002114334,20261003090122,PI
2026-10-03T00:10:35.728309+00:00,PI200725,03,3,20261003090625,20261003090606,20260928223709,20261003090625,PI
2026-10-03T00:10:35.728309+00:00,PI200726,16,2,20261003090636,20261002180432,20261003080451,,PI
2026-10-03T00:10:35.728309+00:00,PI200751,02,2,20261003090625,20261002211409,20261003085530,,PI
2026-10-03T00:10:35.728309+00:00,PI200772,04,3,20261003090625,20261003090256,20261003052029,20261003090625,PI
2026-10-03T00:10:35.728309+00:00,PI200783,05,9,20261003090810,20261002221622,20261002033034,20261002221633,PI
2026-10-03T00:10:35.728309+00:00,PI200787,06,3,20261003090659,20261003090211,20261003041812,20261003090659,PI
2026-10-03T00:10:35.728309+00:00,PI200798,21,2,20261003090954,20261002161212,20261002214336,,PI
2026-10-03T00:10:35.728309+00:00,PI200809,12,3,20261003090627,20261003090458,20261003071722,20261003090627,PI
2026-10-03T00:10:35.728309+00:00,PI200872,35,3,20261003090123,20261003085841,20261002190018,20261003090123,PI
2026-10-03T00:10:35.728309+00:00,PI200887,02,2,20261003090628,20261003030224,20261003075759,,PI
2026-10-03T00:10:35.728309+00:00,PI200917,04,3,20261003090630,20261003090409,20261002135824,20261003090630,PI
2026-10-03T00:10:35.728309+00:00,PI200959,04,3,20261003090128,20261003085650,20261002153320,20261003090128,PI
2026-10-03T00:10:35.728309+00:00,PI200969,04,2,20261003090128,20261002202030,20261003085855,,PI
2026-10-03T00:10:35.728309+00:00,PI200979,05,2,20261003090129,20261003073117,20261001003324,,PI
2026-10-03T00:10:35.728309+00:00,PI200980,01,2,20261003090129,20261002221532,20260604075836,,PI
2026-10-03T00:10:35.728309+00:00,PI200988,02,3,20261003090129,20261003085906,20261002172333,20261003090129,PI
2026-10-03T00:10:35.728309+00:00,PI200998,06,2,20261003090635,20261003083203,20261003090537,,PI
2026-10-03T00:10:35.728309+00:00,PI201575,02,3,20261003090119,20261003090059,20260924104202,20261003090119,PI
2026-10-03T00:10:35.728309+00:00,PI202137,03,2,20261003090959,20261002221744,20261003031904,,PI
2026-10-03T00:10:35.728309+00:00,PI202317,07,2,20261003090307,20261002120549,20261002195558,,PI
2026-10-03T00:10:35.728309+00:00,PI202584,11,2,20261003090636,20261002224848,20261003075518,,PI
2026-10-03T00:10:35.728309+00:00,PI204011,03,2,20261003090132,20261003082051,20261002225207,,PI
2026-10-03T00:10:35.728309+00:00,PI204082,02,3,20261003090136,20261003085942,20261003074918,20261003090136,PI
2026-10-03T00:10:35.728309+00:00,PI204095,01,3,20261003090641,20261003090505,20261003005536,20261003090641,PI
2026-10-03T00:10:35.728309+00:00,PI204098,01,9,20261003090810,20260927111341,20260927111720,,PI
2026-10-03T00:10:35.728309+00:00,PI204172,03,3,20261003090145,20261003085955,20261002014700,20261003090145,PI
2026-10-03T00:10:35.728309+00:00,PI204207,05,3,20261003090652,20261003090421,20261002214851,20261003090652,PI
2026-10-03T00:10:35.728309+00:00,PI204215,02,3,20261003090147,20261003090038,20261001161055,20261003090147,PI
2026-10-03T00:10:35.728309+00:00,PI204236,02,2,20261003090259,20261002211021,20261003001311,,PI
2026-10-03T00:10:35.728309+00:00,PI204252,04,3,20261003090658,20261003090418,20261003015006,20261003090658,PI
2026-10-03T00:10:35.728309+00:00,PI204254,02,3,20261003090658,20261003090452,20261002201257,20261003090658,PI
2026-10-03T00:10:35.728309+00:00,PI204299,05,2,20261003090703,20261002232332,20261003080413,,PI
2026-10-03T00:10:35.728309+00:00,PI645011,02,3,20261003090240,20261003090217,20261002112350,20261003090240,PI
2026-10-03T00:10:35.728309+00:00,PI645055,07,3,20261003090746,20261003090641,20261003010302,20261003090746,PI
2026-10-03T00:10:35.728309+00:00,PI645374,05,3,20261003090243,20261003085752,20261002215301,20261003090243,PI
2026-10-03T00:10:35.728309+00:00,PI645478,13,3,20261003090302,20261003090050,20260912181328,20261003090302,PI
2026-10-03T00:10:35.728309+00:00,PI700010,01,2,20261003091002,20261002201245,20261003090805,,PI
2026-10-03T00:10:35.728309+00:00,PI707178,04,3,20261003091008,20261003090903,20261002195923,20261003091008,PI
2026-10-03T00:10:35.728309+00:00,PI707758,43,2,20261003091009,20261002202719,20261003090706,,PI
2026-10-03T00:10:35.728309+00:00,PI707758,48,2,20261003090510,20261002204235,20261003062020,,PI
2026-10-03T00:10:35.728309+00:00,PI708002,01,2,20261003091010,20261003004403,20261003085641,,PI
2026-10-03T00:10:35.728309+00:00,PI708064,05,2,20261003090511,20261002224911,20261003090022,,PI
2026-10-03T00:10:35.728309+00:00,PI708172,07,2,20261003090511,20261002173025,20261003090454,,PI
2026-10-03T00:10:35.728309+00:00,PI708450,10,2,20261003090512,20261002224858,20261003085430,,PI
2026-10-03T00:10:35.728309+00:00,PI708623,03,2,20261003090513,20261002212407,20261003090346,,PI
2026-10-03T00:10:35.728309+00:00,PI709559,47,2,20261003090515,20261003025006,20261003090237,,PI
2026-10-03T00:10:35.728309+00:00,PI711827,42,2,20261003090524,20261003013048,20261003081528,,PI
2026-10-03T00:10:35.728309+00:00,PI712172,01,2,20261003090528,20261002212749,20261003035827,,PI
2026-10-03T00:10:35.728309+00:00,PI712387,04,2,20261003090517,20261002195034,20261002230932,,PI
2026-10-03T00:10:35.728309+00:00,PI712449,13,2,20261003090533,20261003073744,20261003083805,,PI
2026-10-03T00:10:35.728309+00:00,PI712449,19,3,20261003090533,20261003090202,20260930065656,20261003090533,PI
2026-10-03T00:10:35.728309+00:00,PI712509,08,2,20261003090533,20261002192714,20261003023416,,PI
2026-10-03T00:10:35.728309+00:00,PI713007,14,3,20261003090035,20261003085711,20261003060718,20261003090035,PI
2026-10-03T00:10:35.728309+00:00,PI713430,08,3,20261003090037,20261003085725,20260928035537,20261003090037,PI
2026-10-03T00:10:35.728309+00:00,PI713648,13,2,20261003091008,20261002194649,20261003035159,,PI
2026-10-03T00:10:35.728309+00:00,PI715650,11,3,20261003090514,20261003090241,20261002161753,20261003090514,PI
2026-10-03T00:10:35.728309+00:00,PI717063,02,3,20261003090111,20261003085708,20261002105146,20261003090111,PI
2026-10-03T00:10:35.728309+00:00,PI717089,01,2,20261003090052,20261002185226,20261002215441,,PI
2026-10-03T00:10:35.728309+00:00,PI718321,11,9,20261003090810,20261002122108,20261002134648,,PI
2026-10-03T00:10:35.728309+00:00,PI718321,12,9,20261003090810,20261002090700,20261002180028,,PI
2026-10-03T00:10:35.728309+00:00,PI721271,04,2,20261003090708,20261003002512,20261003090436,,PI
2026-10-03T00:10:35.728309+00:00,PI721315,03,2,20261003090506,20261002171727,20261003003004,,PI
2026-10-03T00:10:35.728309+00:00,PI721671,19,2,20261003090318,20261001203041,20261002025045,,PI
2026-10-03T00:10:35.728309+00:00,PI722796,01,2,20261003090102,20261002163605,20261002214546,,PI
2026-10-03T00:10:35.728309+00:00,PI723121,15,2,20261003090713,20261002160734,20261002194812,,PI
2026-10-03T00:10:35.728309+00:00,PI751290,08,2,20261003090546,20261002235759,20261003014927,,PI
2026-10-03T00:10:35.728309+00:00,PI751290,09,2,20261003090546,20261002174730,20261002193554,,PI
2026-10-03T00:10:35.728309+00:00,PI751370,02,2,20261003090047,20261002154822,20261003085803,,PI
2026-10-03T00:10:35.728309+00:00,PI754116,10,2,20261003090242,20261003002719,20261003025507,,PI
2026-10-03T00:10:35.728309+00:00,PI755112,06,2,20261003090546,20261003084427,20261003090350,,PI
2026-10-03T00:10:35.728309+00:00,PI760025,05,3,20261003090515,20261003090353,20261002195906,20261003090515,PI
2026-10-03T00:10:35.728309+00:00,PI760043,01,2,20261003090515,20261002200345,20261003001803,,PI
2026-10-03T00:10:35.728309+00:00,PI760980,07,2,20261003090517,20261002143759,20261002175233,,PI
2026-10-03T00:10:35.728309+00:00,PI762424,06,3,20261003090530,20261003090217,20261002175255,20261003090530,PI
2026-10-03T00:10:35.728309+00:00,PI762630,01,3,20261003090532,20261003090322,20261002230553,20261003090532,PI
2026-10-03T00:10:35.728309+00:00,PI766662,46,2,20261003090601,20261002213928,20261003034340,,PI
2026-10-03T00:10:35.728309+00:00,PI766662,52,2,20261003090601,20261002202111,20261002231846,,PI
2026-10-03T00:10:35.728309+00:00,PI767322,08,2,20261003090559,20261003013329,20261003045327,,PI
2026-10-03T00:10:35.728309+00:00,PI768138,01,2,20261003090101,20261002185836,20261003051456,,PI
2026-10-03T00:10:35.728309+00:00,PI768495,07,2,20261003090106,20261002180454,20261003080452,,PI
2026-10-03T00:10:35.728309+00:00,PI768775,01,2,20261003090605,20261002233342,20261003090352,,PI
2026-10-03T00:10:35.728309+00:00,PI768986,01,3,20261003090104,20261003085955,20261003000005,20261003090104,PI
2026-10-03T00:10:35.728309+00:00,PI768986,02,2,20261003090104,20261001171652,20261002071651,,PI
2026-10-03T00:10:35.728309+00:00,PI768986,13,3,20261003090607,20261003090141,20261003070926,20261003090607,PI
2026-10-03T00:10:35.728309+00:00,PI769836,01,2,20261003090201,20261002210738,20261003090041,,PI
2026-10-03T00:10:35.728309+00:00,PI772283,13,2,20261003090241,20261003005317,20261003071827,,PI
2026-10-03T00:10:35.728309+00:00,PI773498,03,2,20261003090952,20261002211248,20261003035132,,PI
2026-10-03T00:10:35.728309+00:00,PI773589,02,2,20261003090954,20261002180742,20261002232926,,PI
2026-10-03T00:10:35.728309+00:00,PI774073,04,2,20261003090257,20261002234515,20261003051010,,PI
2026-10-03T00:10:35.728309+00:00,PI780123,13,2,20261003091005,20261003065453,20261003090605,,PI
2026-10-03T00:10:35.728309+00:00,PI793888,01,3,20261003090307,20261003090127,20261002150030,20261003090307,PI
2026-10-03T00:10:35.728309+00:00,PI794903,04,2,20261003090305,20261002190948,20261003033053,,PI
2026-10-03T00:10:35.728309+00:00,PI796562,14,2,20261003090314,20261002213727,20261003050334,,PI
2026-10-03T00:10:35.728309+00:00,PI800726,03,2,20261003090958,20261002222207,20261003014345,,PI
2026-10-03T00:10:35.728309+00:00,PI800774,14,2,20261003090956,20261002223247,20261003032915,,PI
2026-10-03T00:10:35.728309+00:00,PI808957,03,2,20261003090320,20261002191246,20261003020522,,PI
2026-10-03T00:10:35.728309+00:00,PI810468,05,3,20261003090341,20261003085932,20261003060136,20261003090341,PI
2026-10-03T00:10:35.728309+00:00,PI810468,07,2,20261003090341,20261002194723,20261003000424,,PI
2026-10-03T00:10:35.728309+00:00,PIH00030,02,2,20261003090227,20261003014118,20261003085924,,PI
2026-10-03T00:10:35.728309+00:00,PIH00091,07,2,20261003090735,20261002223629,20261003090349,,PI
2026-10-03T00:10:35.728309+00:00,PIH00202,01,2,20261003090226,20261003064323,20261003085823,,PI
2026-10-03T00:10:35.728309+00:00,PIH00287,01,3,20261003090229,20261003085800,20261003011028,20261003090229,PI
2026-10-03T00:10:35.728309+00:00,PIH00304,15,2,20261003090734,20261003051225,20261003090713,,PI
2026-10-03T00:10:35.728309+00:00,PIH00344,22,2,20261003090259,20261002194321,20261003034420,,PI
2026-10-03T00:10:35.728309+00:00,PIH00550,05,2,20261003090216,20261003012105,20261003020857,,PI
2026-10-03T00:10:35.728309+00:00,PIH01011,02,2,20261003090235,20261002211319,20261003003935,,PI
2026-10-03T00:10:35.728309+00:00,PIH01011,13,2,20261003090743,20261002211619,20261003090558,,PI
2026-10-03T00:10:35.728309+00:00,PIH01647,28,2,20261003090734,20261003072857,20261003090337,,PI
2026-10-03T00:10:35.728309+00:00,PIH01932,01,2,20261003090725,20261002200955,20261002224444,,PI
2026-10-03T00:10:35.728309+00:00,PIH02099,04,3,20261003090316,20261003090017,20261002101850,20261003090316,PI
2026-10-03T00:10:35.728309+00:00,PIS00007,06,2,20261003090323,20261002204044,20261003015456,,PI
2026-10-03T00:10:35.728309+00:00,PIS00065,01,3,20261003090324,20261003090101,20261002112707,20261003090324,PI
2026-10-03T00:10:35.728309+00:00,PK000005,01,2,20261003090142,20261003083929,20261003090029,,PK
2026-10-03T00:10:35.728309+00:00,PK000005,02,3,20261003090142,20261003080603,20261003082552,20261003085730,PK
2026-10-03T00:10:35.728309+00:00,PK000005,04,3,20261003090142,20261003065506,20261003073724,20261003085330,PK
2026-10-03T00:10:35.728309+00:00,PK000005,07,2,20261003090142,20261003082340,20261003085219,,PK
2026-10-03T00:10:35.728309+00:00,PK000006,15,2,20261003090142,20261003081732,20261003085249,,PK
2026-10-03T00:10:35.728309+00:00,PK000006,16,2,20261003090141,20261003083758,20261003085729,,PK
2026-10-03T00:10:35.728309+00:00,PK000006,17,3,20261003090142,20261003075720,20261003081646,20261003085244,PK
2026-10-03T00:10:35.728309+00:00,PK000006,19,3,20261003090142,20261003081333,20261003083403,20261003090031,PK
2026-10-03T00:10:35.728309+00:00,PK000007,09,2,20261003090142,20261003083158,20261003085754,,PK
2026-10-03T00:10:35.728309+00:00,PK000007,13,2,20261003090142,20261003083144,20261003085925,,PK
2026-10-03T00:10:35.728309+00:00,PK000007,19,3,20261003090144,20261003075230,20261003081428,20261003090037,PK
2026-10-03T00:10:35.728309+00:00,PK000007,22,2,20261003090144,20261003084327,20261003085939,,PK
2026-10-03T00:10:35.728309+00:00,PK000007,26,2,20261003090144,20261003084332,20261003090007,,PK
2026-10-03T00:10:35.728309+00:00,PK000007,38,3,20261003090144,20261003064834,20261003070244,20261003085215,PK
2026-10-03T00:10:35.728309+00:00,PK000007,45,2,20261003090144,20261003083254,20261003085446,,PK
2026-10-03T00:10:35.728309+00:00,PK000008,07,2,20261003090144,20261003080844,20261003085750,,PK
2026-10-03T00:10:35.728309+00:00,PK000009,06,2,20261003090142,20261003083855,20261003090032,,PK
2026-10-03T00:10:35.728309+00:00,PK000009,09,3,20261003090142,20261003080606,20261003083220,20261003085447,PK
2026-10-03T00:10:35.728309+00:00,PK000009,10,3,20261003090142,20261003080635,20261003083222,20261003085517,PK
2026-10-03T00:10:35.728309+00:00,PK000009,28,2,20261003090037,20261003083007,20261003090037,,PK
2026-10-03T00:10:35.728309+00:00,PK000010,08,3,20261003090037,20261003090037,20261002232032,20261003090037,PK
2026-10-03T00:10:35.728309+00:00,PK000011,06,3,20261003090038,20261003090038,20261002215023,20261003090038,PK
2026-10-03T00:10:35.728309+00:00,PK000012,13,3,20261003090040,20261003090040,20260812151049,20261003090040,PK
2026-10-03T00:10:35.728309+00:00,PK000013,03,2,20261003090041,20261003084037,20261003090041,,PK
2026-10-03T00:10:35.728309+00:00,PK000013,04,2,20261003090041,20261003085039,20261003090041,,PK
2026-10-03T00:10:35.728309+00:00,PK000014,03,2,20261003090042,20261003083017,20261003090042,,PK
2026-10-03T00:10:35.728309+00:00,PK000014,04,2,20261003090042,20261003083017,20261003090042,,PK
2026-10-03T00:10:35.728309+00:00,PK000017,05,2,20261003090045,20261003085043,20260206154136,,PK
2026-10-03T00:10:35.728309+00:00,PK000017,09,2,20261003090045,20261003082035,20261003090045,,PK
2026-10-03T00:10:35.728309+00:00,PK000018,01,2,20261003090045,20261003084040,20261003090045,,PK
2026-10-03T00:10:35.728309+00:00,PK000018,02,2,20261003090045,20261003084040,20261003090045,,PK
2026-10-03T00:10:35.728309+00:00,PK000018,10,2,20261003090045,20261003082035,20261003090045,,PK
2026-10-03T00:10:35.728309+00:00,PK000019,02,3,20261003090045,20261003090045,20250818103630,20261003090045,PK
2026-10-03T00:10:35.728309+00:00,PK000019,03,2,20261003090045,20261003083021,20240912200025,,PK
2026-10-03T00:10:35.728309+00:00,PK000019,04,2,20261003090045,20261003083021,20260130131214,,PK
2026-10-03T00:10:35.728309+00:00,PK000019,05,3,20261003090045,20261003090045,20241209115503,20261003090045,PK
2026-10-03T00:10:35.728309+00:00,PK000021,05,3,20261003090046,20261003090046,20251001140000,20261003090046,PK
2026-10-03T00:10:35.728309+00:00,PK000021,09,3,20261003090046,20261003090046,20261003073057,20261003090046,PK
2026-10-03T00:10:35.728309+00:00,PK000021,10,3,20261003090046,20261003090046,20261003073057,20261003090046,PK
2026-10-03T00:10:35.728309+00:00,PK000021,12,2,20261003090138,20261003083313,20261003090036,,PK
2026-10-03T00:10:35.728309+00:00,PK000021,19,2,20261003090138,20261003083652,20261003085845,,PK
2026-10-03T00:10:35.728309+00:00,PK000021,20,2,20261003090138,20261003083731,20261003085846,,PK
2026-10-03T00:10:35.728309+00:00,PK000022,06,2,20261003090047,20261003083024,20241218081621,,PK
2026-10-03T00:10:35.728309+00:00,PK000024,01,2,20261003090049,20261003084043,20261003090049,,PK
2026-10-03T00:10:35.728309+00:00,PK000024,02,2,20261003090049,20261003084043,20261003090049,,PK
2026-10-03T00:10:35.728309+00:00,PK000024,03,2,20261003090049,20261003085047,20261003090049,,PK
2026-10-03T00:10:35.728309+00:00,PK000024,13,2,20261003090049,20261003085047,20260915153016,,PK
2026-10-03T00:10:35.728309+00:00,PK000024,14,2,20261003090049,20261003085047,20260915152837,,PK
2026-10-03T00:10:35.728309+00:00,PK000024,15,3,20261003090049,20261003090049,20261003085047,20261003090049,PK
2026-10-03T00:10:35.728309+00:00,PK000024,16,3,20261003090049,20261003090049,20261003085047,20261003090049,PK
2026-10-03T00:10:35.728309+00:00,PK000025,03,3,20261003090047,20261003090047,20260225132839,20261003090047,PK
2026-10-03T00:10:35.728309+00:00,PK000025,04,3,20261003090047,20261003090047,20261002233017,20261003090047,PK
2026-10-03T00:10:35.728309+00:00,PK000025,08,2,20261003090047,20261003082039,20251030110434,,PK
2026-10-03T00:10:35.728309+00:00,PK000025,09,3,20261003090047,20261003090047,20261003083025,20261003090047,PK
2026-10-03T00:10:35.728309+00:00,PK000025,11,2,20261003090048,20261003081039,20261003090048,,PK
2026-10-03T00:10:35.728309+00:00,PK000025,18,3,20261003090142,20261003010441,20261003013406,20261003085447,PK
2026-10-03T00:10:35.728309+00:00,PK000025,20,9,20261003090142,20261003083021,20261003085721,,PK
2026-10-03T00:10:35.728309+00:00,PK000025,26,2,20261003090048,20261003083025,20261003090048,,PK
2026-10-03T00:10:35.728309+00:00,PK000025,27,3,20261003090048,20261003090048,20261003073058,20261003090048,PK
2026-10-03T00:10:35.728309+00:00,PK000025,28,3,20261003090048,20261003090048,20261003013015,20261003090048,PK
2026-10-03T00:10:35.728309+00:00,PK000027,08,2,20261003090050,20261003084044,20260824155856,,PK
2026-10-03T00:10:35.728309+00:00,PK000028,07,2,20261003090050,20261003085048,20241017171115,,PK
2026-10-03T00:10:35.728309+00:00,PK000028,08,2,20261003090050,20261003085048,20261003090050,,PK
2026-10-03T00:10:35.728309+00:00,PK000028,09,3,20261003090050,20261003090050,20240905141314,20261003090050,PK
2026-10-03T00:10:35.728309+00:00,PK000028,21,3,20261003090140,20261003081706,20261003083723,20261003085253,PK
2026-10-03T00:10:35.728309+00:00,PK000028,22,3,20261003090140,20261003081748,20261003083726,20261003085336,PK
2026-10-03T00:10:35.728309+00:00,PK000028,25,2,20261003090140,20261003083008,20261003085708,,PK
2026-10-03T00:10:35.728309+00:00,PK000028,26,2,20261003090140,20261003083049,20261003085709,,PK
2026-10-03T00:10:35.728309+00:00,PK000028,27,2,20261003090140,20261003083401,20261003085237,,PK
2026-10-03T00:10:35.728309+00:00,PK000028,28,2,20261003090140,20261003083444,20261003085236,,PK
2026-10-03T00:10:35.728309+00:00,PK000077,10,3,20261003090143,20261002233526,20261003002445,20261003090118,PK
2026-10-03T00:10:35.728309+00:00,PK000077,11,3,20261003090141,20261003061552,20261003065437,20261003085727,PK
2026-10-03T00:10:35.728309+00:00,PK000077,15,2,20261003090141,20261003083322,20261003090035,,PK
2026-10-03T00:10:35.728309+00:00,PK000077,16,2,20261003090142,20261003083402,20261003090035,,PK
2026-10-03T00:10:35.728309+00:00,PK000148,03,3,20261003090138,20261003075127,20261003082606,20261003085539,PK
2026-10-03T00:10:35.728309+00:00,PK000148,04,3,20261003090138,20261003075728,20261003083834,20261003085446,PK
2026-10-03T00:10:35.728309+00:00,PK000148,06,9,20261003090138,20261003082243,20261003085640,,PK
2026-10-03T00:10:35.728309+00:00,PK000148,07,9,20261003090138,20261003083458,20261003085646,,PK
2026-10-03T00:10:35.728309+00:00,PK000148,09,3,20261003090136,20261003080638,20261003083717,20261003085325,PK
2026-10-03T00:10:35.728309+00:00,PK000148,11,9,20261003090136,20261003082514,20261003085642,,PK
2026-10-03T00:10:35.728309+00:00,PK000148,12,2,20261003090138,20261003082547,20261003085642,,PK
2026-10-03T00:10:35.728309+00:00,PK000148,13,9,20261003090137,20261003082937,20261003085924,,PK
2026-10-03T00:10:35.728309+00:00,PK000148,19,3,20261003090142,20261003073408,20261003075714,20261003085716,PK
2026-10-03T00:10:35.728309+00:00,PK000148,20,3,20261003090142,20261003073441,20261003075715,20261003085749,PK
2026-10-03T00:10:35.728309+00:00,PK000148,23,2,20261003090142,20261003082008,20261003085010,,PK
2026-10-03T00:10:35.728309+00:00,PK000148,24,2,20261003090140,20261003082041,20261003085009,,PK
2026-10-03T00:10:35.728309+00:00,PK000156,02,3,20261003090139,20261003012229,20261003014422,20261003085227,PK
2026-10-03T00:10:35.728309+00:00,PK000156,04,2,20261003090139,20261003082630,20261003085136,,PK
2026-10-03T00:10:35.728309+00:00,PK000161,01,9,20261003090142,20261003084320,20261003090050,,PK
2026-10-03T00:10:35.728309+00:00,PK000161,02,9,20261003090142,20261003084355,20261003090050,,PK
2026-10-03T00:10:35.728309+00:00,PK000161,03,2,20261003090142,20261003083355,20261003085615,,PK
2026-10-03T00:10:35.728309+00:00,PK000161,04,2,20261003090142,20261003083430,20261003085616,,PK
2026-10-03T00:10:35.728309+00:00,PK000161,07,3,20261003090142,20261003083337,20261003084729,20261003085734,PK
2026-10-03T00:10:35.728309+00:00,PK000179,07,2,20261003090053,20261003083756,20261003083756,,PK
2026-10-03T00:10:35.728309+00:00,PK000179,08,2,20261003090053,20261003083712,20261003083712,,PK
2026-10-03T00:10:35.728309+00:00,PK000179,21,2,20261003090053,20261003084206,20261003084206,,PK
2026-10-03T00:10:35.728309+00:00,PK000179,22,2,20261003090053,20261003084243,20261003084243,,PK
2026-10-03T00:10:35.728309+00:00,PK000179,24,3,20261003090053,20261003085655,20261003085655,20261003084405,PK
2026-10-03T00:10:35.728309+00:00,PK000180,09,3,20261003090053,20261003085158,20261003085158,20261003002926,PK
2026-10-03T00:10:35.728309+00:00,PK000181,03,2,20261003090053,20261003084154,20261003084154,,PK
2026-10-03T00:10:35.728309+00:00,PK000181,04,2,20261003090053,20261003084234,20261003084234,,PK
2026-10-03T00:10:35.728309+00:00,PK000181,06,3,20261003090053,20261003085148,20261003085148,20261003082734,PK
2026-10-03T00:10:35.728309+00:00,PK000181,08,3,20261003090053,20261003085723,20261003085723,20261003075108,PK
2026-10-03T00:10:35.728309+00:00,PK000183,01,3,20261003090053,20261003085747,20261003085747,20261003075818,PK
2026-10-03T00:10:35.728309+00:00,PK000183,02,3,20261003090053,20261003085844,20261003085844,20261003075823,PK
2026-10-03T00:10:35.728309+00:00,PK000185,07,3,20261003090143,20261003082447,20261003084047,20261003090124,PK
2026-10-03T00:10:35.728309+00:00,PK000185,09,2,20261003090143,20261003083808,20261003085714,,PK
2026-10-03T00:10:35.728309+00:00,PK000185,12,9,20261003090143,20261003084954,20261003085741,,PK
2026-10-03T00:10:35.728309+00:00,PK000186,04,2,20261003090144,20261003083821,20261003085454,,PK
2026-10-03T00:10:35.728309+00:00,PK000252,01,3,20261003090140,20261003065853,20261003070305,20261003085550,PK
2026-10-03T00:10:35.728309+00:00,PK000252,02,3,20261003090145,20261003082634,20261003083045,20261003085623,PK
2026-10-03T00:10:35.728309+00:00,PK000288,01,3,20261003090140,20261003081706,20261003083723,20261003085253,PK
2026-10-03T00:10:35.728309+00:00,PK000288,02,3,20261003090140,20261003081748,20261003083726,20261003085336,PK
2026-10-03T00:10:35.728309+00:00,PK000288,05,2,20261003090140,20261003083008,20261003085708,,PK
2026-10-03T00:10:35.728309+00:00,PK000288,06,2,20261003090140,20261003083049,20261003085709,,PK
2026-10-03T00:10:35.728309+00:00,PK000288,07,2,20261003090140,20261003083401,20261003085237,,PK
2026-10-03T00:10:35.728309+00:00,PK000288,08,2,20261003090140,20261003083444,20261003085236,,PK
2026-10-03T00:10:35.728309+00:00,PK000289,01,3,20261003090139,20261003080722,20261003083215,20261003085813,PK
2026-10-03T00:10:35.728309+00:00,PK000291,08,2,20261003090138,20261003084551,20261003085220,,PK
2026-10-03T00:10:35.728309+00:00,PK000295,06,2,20261003090142,20261003085050,20261003085102,,PK
2026-10-03T00:10:35.728309+00:00,PK000295,07,9,20261003090142,20261003082522,20261003085826,,PK
2026-10-03T00:10:35.728309+00:00,PK000295,08,2,20261003090142,20261003083535,20261003085044,,PK
2026-10-03T00:10:35.728309+00:00,PK000296,02,2,20261003090138,20261003083313,20261003090036,,PK
2026-10-03T00:10:35.728309+00:00,PK000296,09,2,20261003090138,20261003083652,20261003085845,,PK
2026-10-03T00:10:35.728309+00:00,PK000296,10,2,20261003090138,20261003083731,20261003085846,,PK
2026-10-03T00:10:35.728309+00:00,PK000297,04,3,20261003090142,20261003010441,20261003013406,20261003085447,PK
2026-10-03T00:10:35.728309+00:00,PK000297,06,9,20261003090142,20261003083021,20261003085721,,PK
2026-10-03T00:10:35.728309+00:00,PK000322,02,3,20261003090143,20261002233526,20261003002445,20261003090118,PK
2026-10-03T00:10:35.728309+00:00,PK000322,11,3,20261003090141,20261003061552,20261003065437,20261003085727,PK
2026-10-03T00:10:35.728309+00:00,PK000322,15,2,20261003090141,20261003083322,20261003090035,,PK
2026-10-03T00:10:35.728309+00:00,PK000322,16,2,20261003090142,20261003083402,20261003090035,,PK
2026-10-03T00:10:35.728309+00:00,PK000322,20,2,20261003090050,20261003085048,20261003090050,,PK
2026-10-03T00:10:35.728309+00:00,PK000322,23,2,20261003090050,20261003085048,20241120135517,,PK
2026-10-03T00:10:35.728309+00:00,PK000437,05,3,20261003090038,20261003090038,20261003071049,20261003090038,PK
2026-10-03T00:10:35.728309+00:00,PL000247,01,2,20261003090158,20261002225243,20261003090158,,PL
2026-10-03T00:10:35.728309+00:00,PL000526,03,2,20261003090522,20261003014539,20261003090522,,PL
2026-10-03T00:10:35.728309+00:00,PL000598,04,2,20261003090135,20261003022725,20261003090135,,PL
2026-10-03T00:10:35.728309+00:00,PL000624,01,3,20261003090957,20261003090957,20261002095605,20261003090957,PL
2026-10-03T00:10:35.728309+00:00,PL000797,10,2,20261003090720,20261002180755,20261003090720,,PL
2026-10-03T00:10:35.728309+00:00,PL000806,01,2,20261003091006,20261002221040,20261003091006,,PL
2026-10-03T00:10:35.728309+00:00,PL000808,04,2,20261003090913,20261002201135,20261003090913,,PL
2026-10-03T00:10:35.728309+00:00,PL000808,24,2,20261003090804,20261002224023,20261003090804,,PL
2026-10-03T00:10:35.728309+00:00,PL000976,47,3,20261003090317,20261003090317,20261003084521,20261003090317,PL
2026-10-03T00:10:35.728309+00:00,PL001244,02,2,20261003090235,20261002175912,20261003090235,,PL
2026-10-03T00:10:35.728309+00:00,PL001301,02,2,20261003090850,20261002190447,20261003090850,,PL
2026-10-03T00:10:35.728309+00:00,PL001618,57,3,20261003090639,20261003090639,20260928092441,20261003090639,PL
2026-10-03T00:10:35.728309+00:00,PL002162,07,2,20261003090218,20261002214801,20261003090218,,PL
2026-10-03T00:10:35.728309+00:00,PL002162,15,3,20261003090922,20261003090922,20261003014537,20261003090922,PL
2026-10-03T00:10:35.728309+00:00,PL002688,05,3,20261003091002,20261003091002,20261003051241,20261003091002,PL
2026-10-03T00:10:35.728309+00:00,PL002994,13,2,20261003090609,20261002183447,20261003090609,,PL
2026-10-03T00:10:35.728309+00:00,PL003047,04,2,20261003090914,20261002185520,20261003090914,,PL
2026-10-03T00:10:35.728309+00:00,PL003047,08,3,20261003090535,20261003090535,20261003073450,20261003090535,PL
2026-10-03T00:10:35.728309+00:00,PL003509,12,2,20261003090136,20261002194100,20261003090136,,PL
2026-10-03T00:10:35.728309+00:00,PL004624,05,2,20261003090134,20261002180044,20261003090134,,PL
2026-10-03T00:10:35.728309+00:00,PL005225,03,3,20261003090041,20261003090041,20260926202518,20261003090041,PL
2026-10-03T00:10:35.728309+00:00,PL005256,00,2,20261003090758,20261002193423,20261003090758,,PL
2026-10-03T00:10:35.728309+00:00,PL005386,03,2,20261003090308,20261002185934,20261003090308,,PL
2026-10-03T00:10:35.728309+00:00,PL005522,01,2,20261003090126,20261002184147,20261003090126,,PL
2026-10-03T00:10:35.728309+00:00,PL027987,12,3,20261003090756,20261003090756,20261001080619,20261003090756,PL
2026-10-03T00:10:35.728309+00:00,PL030408,05,3,20261003090112,20261003090112,20261002202047,20261003090112,PL
2026-10-03T00:10:35.728309+00:00,PL030468,10,3,20261003090118,20261003090118,20260929182457,20261003090118,PL
2026-10-03T00:10:35.728309+00:00,PL030468,43,2,20261003090550,20261002221153,20261003090550,,PL
2026-10-03T00:10:35.728309+00:00,PL030592,05,2,20261003090652,20261002235938,20261003090652,,PL
2026-10-03T00:10:35.728309+00:00,PL030718,06,2,20261003090706,20261003081150,20261003090706,,PL
2026-10-03T00:10:35.728309+00:00,PL030785,00,2,20261003090128,20261003053646,20261003090128,,PL
2026-10-03T00:10:35.728309+00:00,PL031105,01,3,20261003090713,20261003090713,20261002143243,20261003090713,PL
2026-10-03T00:10:35.728309+00:00,PL031427,07,2,20261003090237,20261002222810,20261003090237,,PL
2026-10-03T00:10:35.728309+00:00,PL031444,10,2,20261003090052,20261003062252,20261003090052,,PL
2026-10-03T00:10:35.728309+00:00,PL031444,12,2,20261003090535,20261002134247,20261003090535,,PL
2026-10-03T00:10:35.728309+00:00,PL031576,00,3,20261003090418,20261003090418,20261002225705,20261003090418,PL
2026-10-03T00:10:35.728309+00:00,PL031581,00,3,20261003091004,20261003091004,20261002222228,20261003091004,PL
2026-10-03T00:10:35.728309+00:00,PL031760,09,2,20261003090626,20261002164311,20261003090626,,PL
2026-10-03T00:10:35.728309+00:00,PL032151,01,2,20261003090634,20261002213211,20261003090634,,PL
2026-10-03T00:10:35.728309+00:00,PL032196,11,2,20261003090935,20261003010840,20261003090935,,PL
2026-10-03T00:10:35.728309+00:00,PL032308,00,2,20261003090041,20261002175125,20261003090041,,PL
2026-10-03T00:10:35.728309+00:00,PL032431,11,2,20261003090439,20261002183616,20261003090439,,PL
2026-10-03T00:10:35.728309+00:00,PL032433,05,2,20261003090916,20261002203655,20261003090916,,PL
2026-10-03T00:10:35.728309+00:00,PL032609,12,3,20261003090743,20261003090743,20261003024345,20261003090743,PL
2026-10-03T00:10:35.728309+00:00,PL032639,00,2,20261003090730,20261002175025,20261003090730,,PL
2026-10-03T00:10:35.728309+00:00,PL032664,01,3,20261003090448,20261003090448,20261001082326,20261003090448,PL
2026-10-03T00:10:35.728309+00:00,PL032708,52,2,20261003090811,20261002220459,20261003090811,,PL
2026-10-03T00:10:35.728309+00:00,PL032709,12,2,20261003090239,20261002235601,20261003090239,,PL
2026-10-03T00:10:35.728309+00:00,PL032853,14,2,20261003091003,20261002220902,20261003091003,,PL
2026-10-03T00:10:35.728309+00:00,PL032962,02,3,20261003090956,20261003090956,20261003083946,20261003090956,PL
2026-10-03T00:10:35.728309+00:00,PL033017,04,2,20261003090341,20261002200858,20261003090341,,PL
2026-10-03T00:10:35.728309+00:00,PL033048,05,2,20261003090707,20261002194519,20261003090707,,PL
2026-10-03T00:10:35.728309+00:00,PL033102,01,2,20261003090944,20261002221505,20261003090944,,PL
2026-10-03T00:10:35.728309+00:00,PL033102,03,3,20261003090954,20261003090954,20261002105029,20261003090954,PL
2026-10-03T00:10:35.728309+00:00,PL033111,03,2,20261003090359,20261003085723,20261003090359,,PL
2026-10-03T00:10:35.728309+00:00,PL033112,00,3,20261003090959,20261003090959,20261003071852,20261003090959,PL
2026-10-03T00:10:35.728309+00:00,PL033112,02,2,20261003090321,20261002190333,20261003090321,,PL
2026-10-03T00:10:35.728309+00:00,PL033246,05,2,20261003090401,20261002225343,20261003090401,,PL
2026-10-03T00:10:35.728309+00:00,PL033272,06,3,20261003090853,20261003090853,20261003041640,20261003090853,PL
2026-10-03T00:10:35.728309+00:00,PL033275,12,3,20261003090843,20261003090843,20261003062224,20261003090843,PL
2026-10-03T00:10:35.728309+00:00,PL033324,07,2,20261003090217,20261003075053,20261003090217,,PL
2026-10-03T00:10:35.728309+00:00,PL033728,02,2,20261003090915,20261002185801,20261003090915,,PL
2026-10-03T00:10:35.728309+00:00,PL033735,07,2,20261003090642,20261002202207,20261003090642,,PL
2026-10-03T00:10:35.728309+00:00,PL832708,18,3,20261003090828,20261003090828,20261003073532,20261003090828,PL
2026-10-03T00:10:35.728309+00:00,PL900972,60,2,20261003090955,20261002211146,20261003090955,,PL
2026-10-03T00:10:35.728309+00:00,PL901618,11,2,20261003090307,20261002184859,20261003090307,,PL
2026-10-03T00:10:35.728309+00:00,PL901618,26,2,20261003090634,20261002201341,20261003090634,,PL
2026-10-03T00:10:35.728309+00:00,PMP00519,01,1,20261003090819,20261003090012,20261003090819,,PM
2026-10-03T00:10:35.728309+00:00,PMP00519,02,1,20261003090819,20261003084012,20261003084819,,PM
2026-10-03T00:10:35.728309+00:00,PMP00519,03,1,20261003090819,20261003090012,20261003090819,,PM
2026-10-03T00:10:35.728309+00:00,PMP00519,04,1,20261003090819,20261003080012,20261003080819,,PM
2026-10-03T00:10:35.728309+00:00,PMP00519,05,1,20261003090819,20261003074012,20261003074819,,PM
2026-10-03T00:10:35.728309+00:00,PMP00519,06,1,20261003090819,20261003080012,20261003080819,,PM
2026-10-03T00:10:35.728309+00:00,PMP00519,07,1,20261003090819,20261003000012,20261003000819,,PM
2026-10-03T00:10:35.728309+00:00,PMP00519,08,1,20261003090819,20261003000012,20261003000819,,PM
2026-10-03T00:10:35.728309+00:00,PMP00519,09,1,20261003090819,20261002234012,20261002234819,,PM
2026-10-03T00:10:35.728309+00:00,PMP00519,10,1,20261003090819,20261003084012,20261003084819,,PM
2026-10-03T00:10:35.728309+00:00,PMP00519,11,1,20261003090819,20261002194012,20261002194819,,PM
2026-10-03T00:10:35.728309+00:00,PMP00519,12,1,20261003090819,20261003084012,20261003084819,,PM
2026-10-03T00:10:35.728309+00:00,PMP00519,13,1,20261003090819,20261003084012,20261003084819,,PM
2026-10-03T00:10:35.728309+00:00,PMP00519,14,1,20261003090819,20261003074012,20261003074819,,PM
2026-10-03T00:10:35.728309+00:00,PMP00519,15,1,20261003090819,20261003090012,20261003090819,,PM
2026-10-03T00:10:35.728309+00:00,PMP00519,16,1,20261003090819,20261002224012,20261002224819,,PM
2026-10-03T00:10:35.728309+00:00,PW000494,01,2,20261003090408,20261002174944,20261002233511,,PW
2026-10-03T00:10:35.728309+00:00,PW000797,01,2,20261003090613,20261002211738,20261003041805,,PW
2026-10-03T00:10:35.728309+00:00,PW010768,07,2,20261003090110,20261002210030,20261003024556,,PW
2026-10-03T00:10:35.728309+00:00,PW011232,01,2,20261003090210,20261002223035,20261003023100,,PW
2026-10-03T00:10:35.728309+00:00,PW012051,01,2,20261003090211,20261002180226,20261002210249,,PW
2026-10-03T00:10:35.728309+00:00,PW012519,02,2,20261003090310,20261002211313,20261003084559,,PW
2026-10-03T00:10:35.728309+00:00,PW012634,02,3,20261003090711,20261003090711,20261003033329,20261003090605,PW
2026-10-03T00:10:35.728309+00:00,PW012967,03,3,20261003090314,20261003090314,20261001181622,20261003090008,PW
2026-10-03T00:10:35.728309+00:00,PW013139,34,2,20261003090325,20261002232743,20261003054553,,PW
2026-10-03T00:10:35.728309+00:00,PW013231,19,2,20261003090734,20261002202024,20261003032059,,PW
2026-10-03T00:10:35.728309+00:00,PW013241,10,2,20261003090335,20261002220922,20261003063056,,PW
2026-10-03T00:10:35.728309+00:00,PW013396,01,2,20261003090747,20261002193122,20261002223145,,PW
2026-10-03T00:10:35.728309+00:00,PW013757,11,2,20261003090401,20261002195233,20261002210424,,PW
2026-10-03T00:10:35.728309+00:00,PW014193,11,2,20261003090819,20261002220943,20261003014713,,PW
2026-10-03T00:10:35.728309+00:00,PW014495,01,3,20261003090827,20261003090827,20261002182321,20261003090513,PW
2026-10-03T00:10:35.728309+00:00,PW014689,02,2,20261003090434,20261002211537,20261003030143,,PW
2026-10-03T00:10:35.728309+00:00,PW014784,17,3,20261003090438,20261003090438,20260810081640,20261003090358,PW
2026-10-03T00:10:35.728309+00:00,PW014784,19,2,20261003090438,20261003012314,20261003050839,,PW
2026-10-03T00:10:35.728309+00:00,PW015148,14,2,20261003090110,20261002203023,20261003040207,,PW
2026-10-03T00:10:35.728309+00:00,PW015148,17,2,20261003090449,20261002184217,20261002214239,,PW
2026-10-03T00:10:35.728309+00:00,PW100551,07,2,20261003090511,20261003012411,20261003070935,,PW
2026-10-03T00:10:35.728309+00:00,PW100692,02,2,20261003090512,20261002192922,20261003080010,,PW
2026-10-03T00:10:35.728309+00:00,PW800117,09,2,20261003090510,20261002163721,20261003011938,,PW
2026-10-03T00:10:35.728309+00:00,PW800658,20,3,20261003090208,20261003090208,20261002184424,20261003085816,PW
2026-10-03T00:10:35.728309+00:00,PW800667,02,3,20261003090209,20261003090209,20261002161810,20261003090141,PW
2026-10-03T00:10:35.728309+00:00,PW801420,14,2,20261003090833,20261002183958,20261003090702,,PW
2026-10-03T00:10:35.728309+00:00,PW801494,02,2,20261003090344,20261002203856,20261003090333,,PW
2026-10-03T00:10:35.728309+00:00,PW801496,01,3,20261003090841,20261003090841,20261003083352,20261003090653,PW
2026-10-03T00:10:35.728309+00:00,PW801496,22,2,20261003090841,20261002075234,20261002174817,,PW
2026-10-03T00:10:35.728309+00:00,PW801512,08,2,20261003090842,20261002202703,20261002232834,,PW
2026-10-03T00:10:35.728309+00:00,PWE03874,01,2,20261003090226,20261002172531,20261003090226,,PW
2026-10-03T00:10:35.728309+00:00,RE000317,39,2,20261003090602,20261003020531,20261003090236,,RE
2026-10-03T00:10:35.728309+00:00,RE000330,01,2,20261003090803,20261001193556,20261002011242,,RE
2026-10-03T00:10:35.728309+00:00,SE000001,01,5,20261003090942,20261002191048,20261002195052,,SE
2026-10-03T00:10:35.728309+00:00,SE000002,06,2,20261003090542,20261003083226,20261003090520,,SE
2026-10-03T00:10:35.728309+00:00,SE000020,01,3,20261003090042,20261003085949,20261002225541,20261003085949,SE
2026-10-03T00:10:35.728309+00:00,SE000028,01,2,20261003090742,20261003084847,20261003090726,,SE
2026-10-03T00:10:35.728309+00:00,SE000078,01,3,20261003090642,20261003090620,20261003030549,20261003090620,SE
2026-10-03T00:10:35.728309+00:00,SE000118,01,3,20261003090542,20261003090514,20261002174345,20261003090514,SE
2026-10-03T00:10:35.728309+00:00,SE000142,03,3,20261003090942,20261003090919,20261001201329,20261003090919,SE
2026-10-03T00:10:35.728309+00:00,SE000180,01,3,20261003090942,20261003090912,20261002215550,20261003090912,SE
2026-10-03T00:10:35.728309+00:00,SE000185,01,3,20261003090742,20261003090646,20261003064307,20261003090646,SE
2026-10-03T00:10:35.728309+00:00,SE000187,01,3,20261003090442,20261003090347,20261003090123,20261003090347,SE
2026-10-03T00:10:35.728309+00:00,SE000188,03,2,20261003090742,20261003083335,20261003090720,,SE
2026-10-03T00:10:35.728309+00:00,SE000197,01,3,20261003090142,20261003090109,20261003020042,20261003090109,SE
2026-10-03T00:10:35.728309+00:00,SE000204,03,3,20261003090742,20261003090702,20261002172110,20261003090702,SE
2026-10-03T00:10:35.728309+00:00,SE000206,01,3,20261003090142,20261003090123,20261002230726,20261003090123,SE
2026-10-03T00:10:35.728309+00:00,SF001438,25,2,20261003090034,20261003031533,20261003083157,,SF
2026-10-03T00:10:35.728309+00:00,SF001625,04,2,20261003090600,20261002163645,20261003090104,,SF
2026-10-03T00:10:35.728309+00:00,SF002101,93,2,20261003090035,20261002201521,20261003085210,,SF
2026-10-03T00:10:35.728309+00:00,SF002630,02,2,20261003090618,20261003074413,20261003085817,,SF
2026-10-03T00:10:35.728309+00:00,SF002830,13,3,20261003090600,20261003090600,20261003022837,20261003083726,SF
2026-10-03T00:10:35.728309+00:00,SF002830,22,2,20261003090619,20261003061824,20261003085738,,SF
2026-10-03T00:10:35.728309+00:00,SF002866,03,3,20261003090038,20261003090038,20261002131006,20261003085346,SF
2026-10-03T00:10:35.728309+00:00,SF002892,07,3,20261003090627,20261003090627,20261003080542,20261003004637,SF
2026-10-03T00:10:35.728309+00:00,ST111105,01,2,20261003090311,20261003044846,20261003065451,,ST
2026-10-03T00:10:35.728309+00:00,ST111402,01,2,20261003090038,20261003083226,20261003090038,,ST
2026-10-03T00:10:35.728309+00:00,ST111421,02,3,20261003090846,20260929082725,20261001130849,20261003090846,ST
2026-10-03T00:10:35.728309+00:00,ST111704,01,2,20261003090714,20261003022406,20261003025807,,ST
2026-10-03T00:10:35.728309+00:00,ST111706,01,2,20261003090714,20261002080409,20261002220733,,ST
2026-10-03T00:10:35.728309+00:00,ST112606,01,3,20261003090721,20261003063442,20261003065129,20261003090721,ST
2026-10-03T00:10:35.728309+00:00,ST112606,02,2,20261003090919,20261003051136,20261003054642,,ST
2026-10-03T00:10:35.728309+00:00,ST112607,14,3,20261003090310,20261003090310,20261002175644,20261002105050,ST
2026-10-03T00:10:35.728309+00:00,ST113002,02,3,20261003090857,20261002221328,20261002223358,20261003090857,ST
2026-10-03T00:10:35.728309+00:00,ST113808,01,2,20261003090858,20261003084501,20261003090858,,ST
2026-10-03T00:10:35.728309+00:00,ST114420,06,2,20261003090839,20261003035732,20261003044316,,ST
2026-10-03T00:10:35.728309+00:00,ST114703,01,2,20261003090652,20261003075243,20261003090652,,ST
2026-10-03T00:10:35.728309+00:00,ST115004,07,2,20261003090839,20260922073022,20261003090839,,ST
2026-10-03T00:10:35.728309+00:00,ST115012,02,3,20261003090109,20261001201817,20261001211817,20261003090109,ST
2026-10-03T00:10:35.728309+00:00,ST115018,02,3,20261003090503,20261003020011,20261003022325,20261003090503,ST
2026-10-03T00:10:35.728309+00:00,ST115019,01,3,20261003090645,20261002065852,20261002113736,20261003090645,ST
2026-10-03T00:10:35.728309+00:00,ST115402,02,3,20261003090643,20261002171852,20261002223424,20261003090643,ST
2026-10-03T00:10:35.728309+00:00,ST115605,04,2,20261003090119,20260817172744,20260817183137,,ST
2026-10-03T00:10:35.728309+00:00,ST116211,01,2,20261003090505,20261003080303,20261003090505,,ST
2026-10-03T00:10:35.728309+00:00,ST116517,07,2,20261003090831,20261003071434,20261003090831,,ST
2026-10-03T00:10:35.728309+00:00,ST116528,04,3,20261003090720,20261003033929,20261003041443,20261003090720,ST
2026-10-03T00:10:35.728309+00:00,ST116804,02,3,20261003090644,20261002161011,20261003022841,20261003090644,ST
2026-10-03T00:10:35.728309+00:00,ST117114,02,3,20261003090716,20261002174951,20261002205859,20261003090716,ST
2026-10-03T00:10:35.728309+00:00,ST117407,01,3,20261003090708,20261003030056,20261003035647,20261003090708,ST
2026-10-03T00:10:35.728309+00:00,ST600087,01,2,20261003090433,20261003080637,20261003090433,,ST
2026-10-03T00:10:35.728309+00:00,ST601050,01,3,20261003090310,20261003053114,20261003075539,20261003090310,ST
2026-10-03T00:10:35.728309+00:00,ST601293,02,2,20261003090432,20261003084034,20261003090432,,ST
2026-10-03T00:10:35.728309+00:00,ST601497,01,3,20261003090852,20261003025609,20261003033051,20261003090852,ST
2026-10-03T00:10:35.728309+00:00,ST601555,02,3,20261003090232,20261001193941,20261002233332,20261003090232,ST
2026-10-03T00:10:35.728309+00:00,ST601636,01,2,20261003090726,20261002220541,20261002233635,,ST
2026-10-03T00:10:35.728309+00:00,ST601888,04,2,20261003090856,20261001200336,20261002031240,,ST
2026-10-03T00:10:35.728309+00:00,SZBA0008,07,2,20261003090459,20261003085553,20261003090459,,SZ
2026-10-03T00:10:35.728309+00:00,SZBA0008,08,2,20261003090500,20261003085510,20261003090500,,SZ
2026-10-03T00:10:35.728309+00:00,SZBA0008,17,2,20261003090508,20261003082926,20261003090508,,SZ
2026-10-03T00:10:35.728309+00:00,SZBA0008,18,2,20261003090509,20261003082849,20261003090509,,SZ
2026-10-03T00:10:35.728309+00:00,SZBA0008,27,3,20261003090902,20261003090902,20261003072650,20261003090902,SZ
2026-10-03T00:10:35.728309+00:00,SZBA0008,28,3,20261003091008,20261003091008,20261003072652,20261003091008,SZ
2026-10-03T00:20:36.422581+00:00,ME174013,01,2,20261003091728,20261002234643,20261003003309,,ME
2026-10-03T00:20:36.422581+00:00,ME174027,01,2,20261003091740,20261002075136,20261002083457,,ME
2026-10-03T00:20:36.422581+00:00,ME174039,01,2,20261003091746,20260929103213,20260929105255,,ME
2026-10-03T00:20:36.422581+00:00,ME178009,01,2,20261003091751,20261003054239,20261003060406,,ME
2026-10-03T00:20:36.422581+00:00,ME178009,02,2,20261003091756,20261003061907,20261003064517,,ME
2026-10-03T00:20:36.422581+00:00,ME181102,01,2,20261003091801,20261001150545,20261001152810,,ME
2026-10-03T00:20:36.422581+00:00,ME181150,12,2,20261003091800,20261001125333,20261001133654,,ME
2026-10-03T00:20:36.422581+00:00,ME181150,13,2,20261003091810,20260926151936,20260926160257,,ME
2026-10-03T00:20:36.422581+00:00,ME183001,01,2,20261003091817,20261002155404,20261002164014,,ME
2026-10-03T00:20:36.422581+00:00,ME183002,01,2,20261003091822,20261003070217,20261003072929,,ME
2026-10-03T00:20:36.422581+00:00,ME183003,01,2,20261003091825,20261002232940,20261002235428,,ME
2026-10-03T00:20:36.422581+00:00,ME183004,01,2,20261003091826,20261002190604,20261002190744,,ME
2026-10-03T00:20:36.422581+00:00,ME183006,01,3,20261003091844,20261003081946,20261003090253,20261003091322,ME
2026-10-03T00:20:36.422581+00:00,ME183008,01,2,20261003091841,20261002215028,20261002223046,,ME
2026-10-03T00:20:36.422581+00:00,ME183009,01,2,20261003091841,20261002173338,20261002181645,,ME
2026-10-03T00:20:36.422581+00:00,ME183103,01,2,20261003091901,20261003080002,20261003084307,,ME
2026-10-03T00:20:36.422581+00:00,ME183103,02,2,20261003091529,20261002140511,20261002144638,,ME
2026-10-03T00:20:36.422581+00:00,ME183103,52,2,20261003091525,20261002214322,20261002220457,,ME
2026-10-03T00:20:36.422581+00:00,ME183219,01,2,20261003091859,20261002225815,20261002234120,,ME
2026-10-03T00:20:36.422581+00:00,ME183219,02,2,20261003091909,20261002154008,20261002160654,,ME
2026-10-03T00:20:36.422581+00:00,ME183219,52,2,20261003091908,20261002103223,20261002105447,,ME
2026-10-03T00:20:36.422581+00:00,ME184075,01,2,20261003091420,20261002111139,20261002125929,,ME
2026-10-03T00:20:36.422581+00:00,ME184076,01,3,20261003091531,20261003091238,20261003091528,20261003091238,ME
2026-10-03T00:20:36.422581+00:00,ME18B159,01,2,20261003091422,20261003014912,20261003015513,,ME
2026-10-03T00:20:36.422581+00:00,ME18B163,01,3,20261003091759,20261003024406,20261003031522,20261003090756,ME
2026-10-03T00:20:36.422581+00:00,ME18B164,01,2,20261003091441,20261003082058,20261003090403,,ME
2026-10-03T00:20:36.422581+00:00,ME18B165,01,2,20261003091652,20261002214520,20261002220600,,ME
2026-10-03T00:20:36.422581+00:00,ME18B166,01,3,20261003091649,20261003082859,20261003084153,20261003091649,ME
2026-10-03T00:20:36.422581+00:00,ME18B168,01,2,20261003091440,20261003052235,20261003055606,,ME
2026-10-03T00:20:36.422581+00:00,ME18B169,01,2,20261003091444,20261003081940,20261003090022,,ME
2026-10-03T00:20:36.422581+00:00,ME18B170,01,3,20261003091827,20261002220122,20261002223646,20261003085321,ME
2026-10-03T00:20:36.422581+00:00,ME18B175,01,2,20261003091454,20261002194547,20261002200618,,ME
2026-10-03T00:20:36.422581+00:00,ME18B176,01,2,20261003091451,20261002183553,20261002190422,,ME
2026-10-03T00:20:36.422581+00:00,ME18B179,01,2,20261003091454,20261002183830,20261002191655,,ME
2026-10-03T00:20:36.422581+00:00,ME18B180,01,2,20261003091507,20261003081059,20261003085334,,ME
2026-10-03T00:20:36.422581+00:00,ME18B181,01,2,20261003091500,20261003080024,20261003084048,,ME
2026-10-03T00:20:36.422581+00:00,ME18B183,01,2,20261003091514,20261001220014,20261001224319,,ME
2026-10-03T00:20:36.422581+00:00,ME18B278,11,2,20261003091517,20261002130554,20261002132453,,ME
2026-10-03T00:20:36.422581+00:00,ME18B278,12,2,20261003091516,20261002122513,20261002130447,,ME
2026-10-03T00:20:36.422581+00:00,ME18B279,11,2,20261003091519,20261003074426,20261003081139,,ME
2026-10-03T00:20:36.422581+00:00,ME18B279,12,2,20261003091520,20261003063334,20261003071449,,ME
2026-10-03T00:20:36.422581+00:00,ME18B284,11,2,20261003091556,20261002124913,20261002133216,,ME
2026-10-03T00:20:36.422581+00:00,ME18B284,12,2,20261003091553,20261002110805,20261002115110,,ME
2026-10-03T00:20:36.422581+00:00,ME18B288,11,2,20261003091608,20261002153446,20261002160909,,ME
2026-10-03T00:20:36.422581+00:00,ME18B288,12,2,20261003091609,20261002120410,20261002124538,,ME
2026-10-03T00:20:36.422581+00:00,ME18B408,01,3,20261003091906,20261003080557,20261003082413,20261003091906,ME
2026-10-03T00:20:36.422581+00:00,ME18B408,02,2,20261003091431,20261002074554,20261002082557,,ME
2026-10-03T00:20:36.422581+00:00,ME18B408,03,2,20261003091426,20261003071817,20261003074526,,ME
2026-10-03T00:20:36.422581+00:00,ME18B408,04,2,20261003091424,20261002081703,20261002084751,,ME
2026-10-03T00:20:36.422581+00:00,ME19A152,01,2,20261003091444,20261002231434,20261002232549,,ME
2026-10-03T00:20:36.422581+00:00,ME19A153,01,3,20261003091635,20261003084057,20261003090038,20261003090133,ME
2026-10-03T00:20:36.422581+00:00,ME19A160,01,2,20261003091509,20261001153032,20261001161048,,ME
2026-10-03T00:20:36.422581+00:00,ME19A164,01,3,20261003091814,20261003001559,20261003003622,20261003091313,ME
2026-10-03T00:20:36.422581+00:00,ME19A170,01,2,20261003091448,20261003015649,20261003021141,,ME
2026-10-03T00:20:36.422581+00:00,ME19A245,21,3,20261003091900,20261002160210,20261002161156,20261003085227,ME
2026-10-03T00:20:36.422581+00:00,ME19A265,21,2,20261003091457,20261003085807,20261003091449,,ME
2026-10-03T00:20:36.422581+00:00,ME19D118,01,2,20261003091849,20261002155908,20261002161500,,ME
2026-10-03T00:20:36.422581+00:00,ME19X403,41,2,20261003091434,20261003074343,20261003081342,,ME
2026-10-03T00:20:36.422581+00:00,ME19X403,42,2,20261003091803,20261002172311,20261002175849,,ME
2026-10-03T00:20:36.422581+00:00,ME19X403,43,2,20261003091802,20261002210152,20261002210410,,ME
2026-10-03T00:20:36.422581+00:00,ME19X403,44,2,20261003091443,20261003082218,20261003085934,,ME
2026-10-03T00:20:36.422581+00:00,ME19X403,45,2,20261003091520,20261002145350,20261002153350,,ME
2026-10-03T00:20:36.422581+00:00,ME19X417,41,2,20261003091715,20260928160118,20260928162510,,ME
2026-10-03T00:20:36.422581+00:00,ME19X417,42,2,20261003091716,20261002110113,20261002114113,,ME
2026-10-03T00:20:36.422581+00:00,ME19X417,43,2,20261003091710,20261001132853,20261001140853,,ME
2026-10-03T00:20:36.422581+00:00,ME19X417,44,2,20261003091659,20261002113359,20261002115059,,ME
2026-10-03T00:20:36.422581+00:00,ME19X417,45,2,20261003091711,20261002104645,20261002112645,,ME
2026-10-03T00:20:36.422581+00:00,ME19Y284,21,2,20261003091726,20261002081214,20261002085214,,ME
2026-10-03T00:20:36.422581+00:00,ME19Y284,22,2,20261003091726,20261003043700,20261003051700,,ME
2026-10-03T00:20:36.422581+00:00,ME19Y601,21,2,20261003091821,20261003085311,20261003091351,,ME
2026-10-03T00:20:36.422581+00:00,ME19Y601,22,2,20261003091821,20261003044741,20261003052056,,ME
2026-10-03T00:20:36.422581+00:00,ME19Y601,23,2,20261003091538,20261002125914,20261002130046,,ME
2026-10-03T00:20:36.422581+00:00,ME19Y601,24,3,20261003091448,20261003043016,20261003043959,20261003091119,ME
2026-10-03T00:20:36.422581+00:00,ME19Y601,25,2,20261003091738,20261002212412,20261002220412,,ME
2026-10-03T00:20:36.422581+00:00,ME19Y601,26,2,20261003091738,20261003045326,20261003053326,,ME
2026-10-03T00:20:36.422581+00:00,ME20A193,01,2,20261003091711,20261003084221,20261003085650,,ME
2026-10-03T00:20:36.422581+00:00,ME20A194,01,2,20261003091711,20261003052410,20261003060410,,ME
2026-10-03T00:20:36.422581+00:00,ME20A195,01,2,20261003091713,20261002125257,20261002133257,,ME
2026-10-03T00:20:36.422581+00:00,ME20A196,01,3,20261003091456,20261003075350,20261003080906,20261003084442,ME
2026-10-03T00:20:36.422581+00:00,ME20A197,01,2,20261003091715,20261003033650,20261003041650,,ME
2026-10-03T00:20:36.422581+00:00,ME20A198,01,2,20261003091535,20261003080802,20261003084802,,ME
2026-10-03T00:20:36.422581+00:00,ME20A199,01,2,20261003091704,20261002134604,20261002142604,,ME
2026-10-03T00:20:36.422581+00:00,ME20A1a0,01,2,20261003091717,20260930211119,20260930212304,,ME
2026-10-03T00:20:36.422581+00:00,ME20A1a1,01,2,20261003091712,20261002113810,20261002121810,,ME
2026-10-03T00:20:36.422581+00:00,ME20A1a2,01,2,20261003091712,20261003053006,20261003055101,,ME
2026-10-03T00:20:36.422581+00:00,ME20A1a3,01,2,20261003091703,20261003061633,20261003065633,,ME
2026-10-03T00:20:36.422581+00:00,ME20A1a4,01,2,20261003091712,20261002193854,20261002194819,,ME
2026-10-03T00:20:36.422581+00:00,ME20A1a5,01,3,20261003091514,20261002155053,20261002160638,20261003085003,ME
2026-10-03T00:20:36.422581+00:00,ME20A1a6,01,2,20261003091535,20261002211900,20261002215900,,ME
2026-10-03T00:20:36.422581+00:00,ME20A1a7,01,2,20261003091706,20261002174907,20261002182907,,ME
2026-10-03T00:20:36.422581+00:00,ME20A1a8,01,2,20261003091717,20261002231725,20261002233910,,ME
2026-10-03T00:20:36.422581+00:00,ME20A1a9,01,2,20261003091712,20261003085457,20261003090040,,ME
2026-10-03T00:20:36.422581+00:00,ME20A1b0,01,2,20261003091616,20261002135741,20261002143741,,ME
2026-10-03T00:20:36.422581+00:00,ME20A278,21,2,20261003091706,20261002035123,20261002041435,,ME
2026-10-03T00:20:36.422581+00:00,ME20A278,22,2,20261003091706,20261003014031,20261003020308,,ME
2026-10-03T00:20:36.422581+00:00,ME20A279,21,2,20261003091717,20260930195919,20260930203919,,ME
2026-10-03T00:20:36.422581+00:00,ME20A279,22,2,20261003091717,20261002100349,20261002103236,,ME
2026-10-03T00:20:36.422581+00:00,ME20A280,01,2,20261003091739,20261002165240,20261002173240,,ME
2026-10-03T00:20:36.422581+00:00,ME20A280,02,2,20261003091805,20261002180607,20261002184443,,ME
2026-10-03T00:20:36.422581+00:00,ME20A301,01,2,20261003091738,20261002192518,20261002195553,,ME
2026-10-03T00:20:36.422581+00:00,ME20A301,21,2,20261003091736,20261001090227,20261001092940,,ME
2026-10-03T00:20:36.422581+00:00,ME20A301,22,2,20261003091736,20260930171540,20260930175540,,ME
2026-10-03T00:20:36.422581+00:00,ME20A409,21,2,20261003091652,20261002222833,20261002230026,,ME
2026-10-03T00:20:36.422581+00:00,ME20A409,22,2,20261003091652,20261003074625,20261003082625,,ME
2026-10-03T00:20:36.422581+00:00,ME20A409,23,2,20261003091745,20261002230917,20261002234917,,ME
2026-10-03T00:20:36.422581+00:00,ME20A409,24,2,20261003091745,20261003080853,20261003084853,,ME
2026-10-03T00:20:36.422581+00:00,ME20A410,01,2,20261003091753,20261002202931,20261002205927,,ME
2026-10-03T00:20:36.422581+00:00,ME20A410,02,3,20261003091457,20261003060557,20261003064557,20261003083941,ME
2026-10-03T00:20:36.422581+00:00,ME20A410,03,2,20261003091812,20261002170627,20261002170757,,ME
2026-10-03T00:20:36.422581+00:00,ME20A410,91,2,20261003091755,20261002173633,20261002181633,,ME
2026-10-03T00:20:36.422581+00:00,ME20A411,01,2,20261003091826,20261002093219,20261002101219,,ME
2026-10-03T00:20:36.422581+00:00,ME20A411,02,2,20261003091822,20261002155437,20261002155549,,ME
2026-10-03T00:20:36.422581+00:00,ME20A411,03,2,20261003091830,20261002154854,20261002155033,,ME
2026-10-03T00:20:36.422581+00:00,ME20A411,04,2,20261003091825,20261002143421,20261002144242,,ME
2026-10-03T00:20:36.422581+00:00,ME21A114,01,3,20261003091750,20261003075216,20261003083525,20261003091551,ME
2026-10-03T00:20:36.422581+00:00,ME21B133,01,3,20261003091736,20261003071739,20261003075842,20261003090921,ME
2026-10-03T00:20:36.422581+00:00,ME21B171,01,3,20261003091716,20261002161401,20261002164458,20261003091518,ME
2026-10-03T00:20:36.422581+00:00,ME21B1C3,01,2,20261003091838,20261003072010,20261003074458,,ME
2026-10-03T00:20:36.422581+00:00,ME21B234,02,3,20261003091840,20261003082656,20261003090915,20261003091631,ME
2026-10-03T00:20:36.422581+00:00,ME21B309,02,3,20261003091826,20261002183942,20261002190225,20261003091018,ME
2026-10-03T00:20:36.422581+00:00,ME21C250,21,3,20261003091859,20261002155810,20261002161236,20261003085155,ME
2026-10-03T00:20:36.422581+00:00,ME21C250,22,2,20261003091824,20261002163314,20261002171318,,ME
2026-10-03T00:20:36.422581+00:00,ME21C251,21,2,20261003091903,20261003073238,20261003074318,,ME
2026-10-03T00:20:36.422581+00:00,ME21C251,22,2,20261003091903,20261002184803,20261002191946,,ME
2026-10-03T00:20:36.422581+00:00,ME22C1B8,01,3,20261003091903,20261002224158,20261002232200,20261003091312,ME
2026-10-03T00:20:36.422581+00:00,ME22C1B9,01,2,20261003091857,20261003061847,20261003065038,,ME
2026-10-03T00:20:36.422581+00:00,ME22C1C0,01,2,20261003091832,20261002214153,20261002222154,,ME
2026-10-03T00:20:36.422581+00:00,ME22C802,01,2,20261003091826,20261002152916,20261002154534,,ME
2026-10-03T00:20:36.422581+00:00,ME22C802,02,2,20261003091854,20261003073508,20261003074624,,ME
2026-10-03T00:20:36.422581+00:00,ME22C802,03,2,20261003091816,20261002095544,20261002101349,,ME
2026-10-03T00:20:36.422581+00:00,ME22C802,04,2,20261003091856,20261002155510,20261002163149,,ME
2026-10-03T00:20:36.422581+00:00,ME22C802,05,2,20261003091833,20261002164637,20261002164738,,ME
2026-10-03T00:20:36.422581+00:00,ME22C802,06,2,20261003091814,20261002164359,20261002164459,,ME
2026-10-03T00:20:36.422581+00:00,ME22C802,07,2,20261003091900,20261003065514,20261003073515,,ME
2026-10-03T00:20:36.422581+00:00,ME22C802,08,2,20261003091904,20261002090758,20261002094712,,ME
2026-10-03T00:20:36.422581+00:00,ME22D121,01,2,20261003091854,20261002102110,20261002110113,,ME
2026-10-03T00:20:36.422581+00:00,ME22D134,01,2,20261003091848,20261003080645,20261003084648,,ME
2026-10-03T00:20:36.422581+00:00,ME22D152,01,2,20261003091855,20261002113039,20261002121042,,ME
2026-10-03T00:20:36.422581+00:00,ME22D205,01,2,20261003091850,20261003061334,20261003062436,,ME
2026-10-03T00:20:36.422581+00:00,ME22D205,02,2,20261003091908,20261002201928,20261002205443,,ME
2026-10-03T00:20:36.422581+00:00,ME22D402,01,2,20261003091816,20261002112146,20261002112249,,ME
2026-10-03T00:20:36.422581+00:00,ME22D402,02,2,20261003091846,20261003071701,20261003072300,,ME
2026-10-03T00:20:36.422581+00:00,ME22D402,03,2,20261003091843,20261003010519,20261003013547,,ME
2026-10-03T00:20:36.422581+00:00,ME22D402,04,3,20261003091832,20261002190639,20261002190720,20261003091129,ME
2026-10-03T00:20:36.422581+00:00,ME22M301,01,2,20261003091903,20261002211252,20261002214629,,ME
2026-10-03T00:20:36.422581+00:00,ME22M301,02,2,20261003091848,20261003052301,20261003055529,,ME
2026-10-03T00:20:36.422581+00:00,ME22M301,81,2,20261003091857,20261003065031,20261003073032,,ME
2026-10-03T00:20:36.422581+00:00,ME22M301,82,2,20261003091752,20261003081636,20261003084425,,ME
2026-10-03T00:20:36.422581+00:00,ME22M301,83,2,20261003091854,20261003090143,20261003091710,,ME
2026-10-03T00:20:36.422581+00:00,ME22M301,84,2,20261003091826,20260930161732,20260930161747,,ME
2026-10-03T00:20:36.422581+00:00,ME22M302,33,3,20261003091900,20261002162231,20261002164007,20261003090111,ME
2026-10-03T00:20:36.422581+00:00,ME22M302,34,2,20261003091844,20261002171853,20261002175855,,ME
2026-10-03T00:20:36.422581+00:00,ME22M302,35,2,20261003091814,20260926140047,20260926144048,,ME
2026-10-03T00:20:36.422581+00:00,ME22M302,36,2,20261003091812,20260930065914,20260930073606,,ME
2026-10-03T00:20:36.422581+00:00,ME25A102,01,2,20261003091523,20261002124254,20261002132306,,ME
2026-10-03T00:20:36.422581+00:00,ME25A107,01,2,20261003091510,20261002103943,20261002111957,,ME
2026-10-03T00:20:36.422581+00:00,ME25A108,01,2,20261003091606,20260916152726,20260916155313,,ME
2026-10-03T00:20:36.422581+00:00,ME25A109,01,2,20261003091716,20261002200916,20261002201914,,ME
2026-10-03T00:20:36.422581+00:00,ME25A401,21,2,20261003091519,20261002232518,20261002233716,,ME
2026-10-03T00:20:36.422581+00:00,ME25A401,22,2,20261003091522,20261002222452,20261002223146,,ME
2026-10-03T00:20:36.422581+00:00,ME25A401,23,2,20261003091534,20261001214340,20261001221432,,ME
2026-10-03T00:20:36.422581+00:00,ME25A401,24,2,20261003091536,20261002223030,20261002223704,,ME
2026-10-03T00:20:36.422581+00:00,ME25A403,21,2,20261003091604,20261002180444,20261002182029,,ME
2026-10-03T00:20:36.422581+00:00,ME25A403,22,2,20261003091606,20260923065817,20260923073818,,ME
2026-10-03T00:20:36.422581+00:00,ME25A403,23,2,20261003091545,20261001125825,20261001174231,,ME
2026-10-03T00:20:36.422581+00:00,ME25A403,24,2,20261003091547,20261002073801,20261002081806,,ME
2026-10-03T00:20:36.422581+00:00,ME25A404,21,2,20261003091559,20261002234326,20261003002327,,ME
2026-10-03T00:20:36.422581+00:00,ME25A404,22,2,20261003091601,20261002065928,20261002071423,,ME
2026-10-03T00:20:36.422581+00:00,ME25A404,23,2,20261003091613,20261002090455,20261002211021,,ME
2026-10-03T00:20:36.422581+00:00,ME25A404,24,2,20261003091615,20260915112557,20260915120602,,ME
2026-10-03T00:20:36.422581+00:00,ME25A405,21,2,20261003091629,20261002180754,20261002182025,,ME
2026-10-03T00:20:36.422581+00:00,ME25A405,22,2,20261003091631,20261001230458,20261001231056,,ME
2026-10-03T00:20:36.422581+00:00,ME25A405,23,2,20261003091704,20261002130650,20261002194109,,ME
2026-10-03T00:20:36.422581+00:00,ME25A405,24,2,20261003091707,20260930185209,20260930191713,,ME
2026-10-03T00:20:36.422581+00:00,ME25A406,21,2,20261003091642,20261002162633,20261002164144,,ME
2026-10-03T00:20:36.422581+00:00,ME25A406,22,2,20261003091644,20261002175021,20261002180359,,ME
2026-10-03T00:20:36.422581+00:00,ME25A406,23,2,20261003091728,20260930124123,20260930124627,,ME
2026-10-03T00:20:36.422581+00:00,ME25A406,24,2,20261003091730,20260928125427,20260928131758,,ME
2026-10-03T00:20:36.422581+00:00,BE240104,09,3,20261003091059,20261003091059,20261003085833,20261003091059,BE
2026-10-03T00:20:36.422581+00:00,BNAA0106,01,2,20261003091443,20261003074843,20261003091443,,BN
2026-10-03T00:20:36.422581+00:00,BNAA0203,02,3,20261003091442,20261003091442,20261003091043,20261003091442,BN
2026-10-03T00:20:36.422581+00:00,BNBN0859,01,2,20261003091208,20261003080940,20261003091204,,BN
2026-10-03T00:20:36.422581+00:00,BT000130,04,9,20261003091810,20261003084448,20261002221106,20261003084448,BT
2026-10-03T00:20:36.422581+00:00,BT200001,12,3,20261003092003,20261003092003,20261003092003,20261003092003,BT
2026-10-03T00:20:36.422581+00:00,BT200001,13,3,20261003092003,20261003092003,20261003092003,20261003092003,BT
2026-10-03T00:20:36.422581+00:00,CG000020,02,2,20261003091505,20261003074813,20261003090232,,CG
2026-10-03T00:20:36.422581+00:00,CG000021,01,2,20261003091509,20261003073646,20261003082434,,CG
2026-10-03T00:20:36.422581+00:00,CGA00001,09,1,20261003091507,20260928021410,20260928110640,,CG
2026-10-03T00:20:36.422581+00:00,CGA00027,02,3,20261003091517,20261002132440,20261002202754,20261002132440,CG
2026-10-03T00:20:36.422581+00:00,CGA00037,03,2,20261003091510,20261003085044,20261003090208,,CG
2026-10-03T00:20:36.422581+00:00,CGA00056,10,2,20261003091512,20260929173753,20260930021822,,CG
2026-10-03T00:20:36.422581+00:00,CGA00065,02,2,20261003091517,20261002191330,20261003083011,,CG
2026-10-03T00:20:36.422581+00:00,CGA00068,03,2,20261003091508,20261002231537,20261003040259,,CG
2026-10-03T00:20:36.422581+00:00,CGA00068,04,2,20261003091513,20261002190145,20261003025408,,CG
2026-10-03T00:20:36.422581+00:00,CGA00085,03,2,20261003091516,20261002172342,20261002224451,,CG
2026-10-03T00:20:36.422581+00:00,CGA00108,01,2,20261003091511,20261002223115,20261003043738,,CG
2026-10-03T00:20:36.422581+00:00,CGA00117,13,2,20261003091508,20261002203128,20261003021527,,CG
2026-10-03T00:20:36.422581+00:00,CGA00129,02,3,20261003091508,20261003090808,20261002125527,20261003090808,CG
2026-10-03T00:20:36.422581+00:00,CGA00153,06,2,20261003091513,20261002221951,20261003091255,,CG
2026-10-03T00:20:36.422581+00:00,CGA00175,05,2,20261003091512,20261002232752,20261003033819,,CG
2026-10-03T00:20:36.422581+00:00,CGA00177,02,2,20261003091511,20261003082256,20261003091138,,CG
2026-10-03T00:20:36.422581+00:00,CGA00177,06,2,20261003091510,20261003075416,20261003090958,,CG
2026-10-03T00:20:36.422581+00:00,CGA00178,02,1,20261003091517,20261002230503,20261003012831,,CG
2026-10-03T00:20:36.422581+00:00,CGA00183,04,3,20261003091509,20261003091241,20261003022716,20261003091241,CG
2026-10-03T00:20:36.422581+00:00,CGA00217,01,2,20261003091509,20261002174517,20261002202549,,CG
2026-10-03T00:20:36.422581+00:00,CGA00220,04,2,20261003091510,20261002133331,20261002143012,,CG
2026-10-03T00:20:36.422581+00:00,CGA00243,01,2,20261003091506,20261002181123,20261002225427,,CG
2026-10-03T00:20:36.422581+00:00,CGA00248,02,3,20261003091514,20261003090237,20261003013805,20261003090237,CG
2026-10-03T00:20:36.422581+00:00,CGA00265,02,2,20261003091509,20261002170014,20261002221538,,CG
2026-10-03T00:20:36.422581+00:00,CGA00281,01,3,20261003091512,20261003091309,20261001140936,20261003091309,CG
2026-10-03T00:20:36.422581+00:00,CGA00307,01,2,20261003091515,20261002205500,20261003082301,,CG
2026-10-03T00:20:36.422581+00:00,CI0I0007,03,3,20261003091813,20261003091813,20261002181526,20261003091813,CI
2026-10-03T00:20:36.422581+00:00,CPCP1072,26,3,20261003091743,20261003001748,20261003001748,20261003091742,CP
2026-10-03T00:20:36.422581+00:00,CR000244,03,3,20261003091526,20261003091526,20261003091438,20261003091526,CR
2026-10-03T00:20:36.422581+00:00,CRCR0030,01,2,20261003091957,20261003090057,20261003091957,,CR
2026-10-03T00:20:36.422581+00:00,CRCR0030,02,2,20261003092001,20261003090134,20261003092001,,CR
2026-10-03T00:20:36.422581+00:00,CSCS1023,01,3,20261003091958,20261003002003,20261003002003,20261003091957,CS
2026-10-03T00:20:36.422581+00:00,CV000826,04,2,20261003091552,20261003090156,20261003091144,,CV
2026-10-03T00:20:36.422581+00:00,CV000940,03,2,20261003091519,20261003083137,20261003091334,,CV
2026-10-03T00:20:36.422581+00:00,CV001362,02,3,20261003091525,20261003091412,20261003091410,20261003091412,CV
2026-10-03T00:20:36.422581+00:00,CV001676,02,2,20261003091527,20261003084640,20261003091447,,CV
2026-10-03T00:20:36.422581+00:00,CV001947,01,3,20261003091529,20261003091052,20261003091055,20261003091052,CV
2026-10-03T00:20:36.422581+00:00,CV002010,02,3,20261003091531,20261002161942,20261002161951,20261003091531,CV
2026-10-03T00:20:36.422581+00:00,CV002748,07,3,20261003091038,20261003090655,20261003090701,20261003091038,CV
2026-10-03T00:20:36.422581+00:00,CV002900,02,2,20261003091037,20261003084110,20261003090903,,CV
2026-10-03T00:20:36.422581+00:00,CV004038,04,2,20261003091046,20261003081948,20261003090605,,CV
2026-10-03T00:20:36.422581+00:00,CV004075,02,2,20261003091046,20261003081002,20261003091005,,CV
2026-10-03T00:20:36.422581+00:00,CV004156,06,2,20261003091549,20261003074655,20261003091438,,CV
2026-10-03T00:20:36.422581+00:00,CV004156,10,2,20261003091038,20261003064058,20261003090629,,CV
2026-10-03T00:20:36.422581+00:00,CV004159,04,3,20261003091548,20261003091401,20261003091459,20261003091401,CV
2026-10-03T00:20:36.422581+00:00,CV004322,12,2,20261003091048,20260925213722,20260925234132,,CV
2026-10-03T00:20:36.422581+00:00,CV004329,02,3,20261003091549,20261003091332,20261003091334,20261003091332,CV
2026-10-03T00:20:36.422581+00:00,CV004512,01,3,20261003091551,20261003091115,20261003091118,20261003091551,CV
2026-10-03T00:20:36.422581+00:00,CV004685,03,2,20261003091048,20261002100328,20261002141019,,CV
2026-10-03T00:20:36.422581+00:00,CV004692,01,2,20261003091050,20261003084551,20261003090927,,CV
2026-10-03T00:20:36.422581+00:00,CV004747,03,2,20261003091050,20261003081455,20261003090727,,CV
2026-10-03T00:20:36.422581+00:00,DO000048,03,2,20261003091223,20261003085419,20261003091223,,DO
2026-10-03T00:20:36.422581+00:00,DYME2060,44,2,20261003091902,20261002131105,20261003091902,,DY
2026-10-03T00:20:36.422581+00:00,EAPRIDMP,04,3,20261003091500,20261003091500,20260921133000,20261003091500,EA
2026-10-03T00:20:36.422581+00:00,EASELSLC,05,2,20261003091500,20261003084500,20261003091500,,EA
2026-10-03T00:20:36.422581+00:00,EC000001,08,3,20261003091601,20261003013731,20261003091447,20261003013731,EC
2026-10-03T00:20:36.422581+00:00,EC000385,03,2,20261003091601,20261002154747,20261002214703,,EC
2026-10-03T00:20:36.422581+00:00,EC000583,02,2,20261003091601,20261002204038,20261003034439,,EC
2026-10-03T00:20:36.422581+00:00,EC001002,01,3,20261003091401,20261003023556,20261003091230,20261003023556,EC
2026-10-03T00:20:36.422581+00:00,EC001041,02,2,20261003092002,20261002131938,20261002150132,,EC
2026-10-03T00:20:36.422581+00:00,EC002636,01,2,20261003091801,20261002215401,20261003062735,,EC
2026-10-03T00:20:36.422581+00:00,EC003206,01,3,20261003091202,20261003091158,20261003004258,20261003091158,EC
2026-10-03T00:20:36.422581+00:00,EC110081,04,2,20261003091202,20261002191409,20261003012627,,EC
2026-10-03T00:20:36.422581+00:00,EP210167,02,5,20261003091752,20261003051001,20261003071024,,EP
2026-10-03T00:20:36.422581+00:00,ER000462,12,2,20261003091620,20261003010823,20261002222654,,ER
2026-10-03T00:20:36.422581+00:00,ER000555,01,2,20261003091925,20261001010103,20260930225028,,ER
2026-10-03T00:20:36.422581+00:00,ER000555,03,2,20261003091712,20261002234948,20261002180436,,ER
2026-10-03T00:20:36.422581+00:00,EREL0030,04,2,20261003091948,20261002103931,20261002100517,,ER
2026-10-03T00:20:36.422581+00:00,EV000007,05,2,20261003091858,20261003021326,20261003085918,,EV
2026-10-03T00:20:36.422581+00:00,EV000062,03,2,20261003091657,20261002223047,20261003003207,,EV
2026-10-03T00:20:36.422581+00:00,EV000796,02,2,20261003091053,20261002153939,20261003032622,,EV
2026-10-03T00:20:36.422581+00:00,EV001109,04,2,20261003091656,20261002175930,20261002202419,,EV
2026-10-03T00:20:36.422581+00:00,EV001573,03,2,20261003091455,20261002163628,20261003031541,,EV
2026-10-03T00:20:36.422581+00:00,EV001727,01,3,20261003091457,20261002201939,20261003041205,20261003091209,EV
2026-10-03T00:20:36.422581+00:00,EV002041,02,2,20261003092004,20261002205731,20261003030038,,EV
2026-10-03T00:20:36.422581+00:00,EV002900,01,3,20261003091052,20261002212510,20261003063641,20261003091034,EV
2026-10-03T00:20:36.422581+00:00,EV003250,02,2,20261003091255,20261002184457,20261003010209,,EV
2026-10-03T00:20:36.422581+00:00,EV003683,03,3,20261003091255,20261002011256,20261002062352,20261002231353,EV
2026-10-03T00:20:36.422581+00:00,EV003900,11,2,20261003091455,20261003012005,20261003071211,,EV
2026-10-03T00:20:36.422581+00:00,EV004266,02,2,20261003091052,20261002214944,20261003040012,,EV
2026-10-03T00:20:36.422581+00:00,EV004659,02,2,20261003091455,20261002184211,20261003010510,,EV
2026-10-03T00:20:36.422581+00:00,EV004851,03,2,20261003091659,20261002195118,20261003041813,,EV
2026-10-03T00:20:36.422581+00:00,EV005017,05,3,20261003091858,20261001210046,20261002001341,20261003091814,EV
2026-10-03T00:20:36.422581+00:00,EV005142,04,3,20261003091254,20261003090950,20261003091016,20261003091254,EV
2026-10-03T00:20:36.422581+00:00,EV006020,01,2,20261003091857,20261002203809,20261003033625,,EV
2026-10-03T00:20:36.422581+00:00,EV006066,01,3,20261003091658,20261002204548,20261002231758,20261003091615,EV
2026-10-03T00:20:36.422581+00:00,EV006067,07,3,20261003091055,20261002195634,20261003004205,20261003090643,EV
2026-10-03T00:20:36.422581+00:00,EV006268,01,2,20261003092006,20260914085932,20260914090024,,EV
2026-10-03T00:20:36.422581+00:00,EV006794,02,3,20261003091858,20261002044831,20261002100054,20261003091745,EV
2026-10-03T00:20:36.422581+00:00,EV006967,04,3,20261003091255,20261002115356,20261002181025,20261003091134,EV
2026-10-03T00:20:36.422581+00:00,EV006968,04,2,20261003091053,20261002090605,20261002153122,,EV
2026-10-03T00:20:36.422581+00:00,EV007094,04,3,20261003091900,20261001082109,20261001123210,20261003004736,EV
2026-10-03T00:20:36.422581+00:00,EV007595,01,2,20261003091054,20261002205224,20261003055818,,EV
2026-10-03T00:20:36.422581+00:00,EV007740,02,2,20261003091656,20261002194445,20261003002143,,EV
2026-10-03T00:20:36.422581+00:00,EV007790,03,2,20261003091455,20261003081619,20261003091222,,EV
2026-10-03T00:20:36.422581+00:00,EV007912,04,2,20261003091856,20261002201101,20261002235842,,EV
2026-10-03T00:20:36.422581+00:00,EV008074,02,3,20261003091656,20261002213910,20261003043315,20261003091714,EV
2026-10-03T00:20:36.422581+00:00,EV008191,04,2,20261003091256,20261002225510,20261003064829,,EV
2026-10-03T00:20:36.422581+00:00,EV008192,01,2,20261003091900,20261002210926,20261003003702,,EV
2026-10-03T00:20:36.422581+00:00,EV008356,01,2,20261003091657,20261003073505,20261003081550,,EV
2026-10-03T00:20:36.422581+00:00,EV008356,02,3,20261003091255,20261002175211,20261002224427,20261003091124,EV
2026-10-03T00:20:36.422581+00:00,EV008357,02,3,20261003091053,20261002085018,20261002183453,20261003091022,EV
2026-10-03T00:20:36.422581+00:00,EV008493,01,2,20261003091859,20261002200207,20261002221241,,EV
2026-10-03T00:20:36.422581+00:00,EV008804,04,3,20261003091858,20261002192501,20261003012913,20261003091806,EV
2026-10-03T00:20:36.422581+00:00,EV008809,02,2,20261003091657,20261002182853,20261003011102,,EV
2026-10-03T00:20:36.422581+00:00,EV008876,01,2,20261003091455,20261002191312,20261003004705,,EV
2026-10-03T00:20:36.422581+00:00,EV009027,03,2,20261003091457,20261002211552,20261003071027,,EV
2026-10-03T00:20:36.422581+00:00,EV010099,01,2,20261003091304,20260801092129,20260801092335,,EV
2026-10-03T00:20:36.422581+00:00,EV010099,02,1,20261003092007,20260515105158,20260515105526,,EV
2026-10-03T00:20:36.422581+00:00,EV010792,01,2,20261003091053,20261002214854,20261003040825,,EV
2026-10-03T00:20:36.422581+00:00,EV010971,02,3,20261003091455,20261002165525,20261002234342,20261003091432,EV
2026-10-03T00:20:36.422581+00:00,EV011240,02,2,20261003091456,20261002213431,20261003051852,,EV
2026-10-03T00:20:36.422581+00:00,EV011745,02,3,20261003091658,20261001214144,20261002051043,20261003091601,EV
2026-10-03T00:20:36.422581+00:00,EV011746,01,3,20261003091900,20261002203323,20261003075609,20261003091831,EV
2026-10-03T00:20:36.422581+00:00,EV011750,09,9,20261003091900,20261002212022,20261003052532,,EV
2026-10-03T00:20:36.422581+00:00,EV012056,03,2,20261003091455,20261003074625,20261003091404,,EV
2026-10-03T00:20:36.422581+00:00,EV012083,01,3,20261003091900,20261003070250,20261003075941,20261003091736,EV
2026-10-03T00:20:36.422581+00:00,EV012105,05,2,20261003091257,20261002222913,20261003082122,,EV
2026-10-03T00:20:36.422581+00:00,EV012123,01,3,20261003091055,20261002224218,20261003043659,20261003090855,EV
2026-10-03T00:20:36.422581+00:00,EV012392,01,3,20261003091456,20261002235648,20261003001406,20261003091336,EV
2026-10-03T00:20:36.422581+00:00,EV012393,05,3,20261003091306,20261002152548,20261002203612,20261002225607,EV
2026-10-03T00:20:36.422581+00:00,EV012460,01,2,20261003091456,20261002160447,20261002231710,,EV
2026-10-03T00:20:36.422581+00:00,EV012714,03,2,20261003091657,20261002161117,20261002201048,,EV
2026-10-03T00:20:36.422581+00:00,EV012744,02,2,20261003091255,20261002203236,20261003070943,,EV
2026-10-03T00:20:36.422581+00:00,EV012786,02,3,20261003091055,20261002231024,20261003035051,20261003091020,EV
2026-10-03T00:20:36.422581+00:00,EV012793,02,2,20261003091055,20260928183915,20260928202804,,EV
2026-10-03T00:20:36.422581+00:00,EV012805,03,2,20261003091055,20261002195515,20261003010716,,EV
2026-10-03T00:20:36.422581+00:00,EV013380,02,3,20261003091454,20261002220645,20261003045917,20261003091319,EV
2026-10-03T00:20:36.422581+00:00,EV013380,03,2,20261003091253,20261003091004,20261003091021,,EV
2026-10-03T00:20:36.422581+00:00,EV013384,03,2,20261003091454,20261002213000,20261002230030,,EV
2026-10-03T00:20:36.422581+00:00,EV013404,01,2,20261003091256,20261002163528,20261003012502,,EV
2026-10-03T00:20:36.422581+00:00,EV013436,03,2,20261003091657,20261002170317,20261002200828,,EV
2026-10-03T00:20:36.422581+00:00,EV013810,02,2,20261003091900,20261002191817,20261003024808,,EV
2026-10-03T00:20:36.422581+00:00,EV013820,05,2,20261003091054,20261002233635,20261003070607,,EV
2026-10-03T00:20:36.422581+00:00,EV013823,02,2,20261003091859,20261002204149,20261003071504,,EV
2026-10-03T00:20:36.422581+00:00,EV013840,01,1,20261003091306,20260930135344,20260930140308,,EV
2026-10-03T00:20:36.422581+00:00,EV013840,02,1,20261003091306,20261001190234,20261002024128,,EV
2026-10-03T00:20:36.422581+00:00,EV013840,03,1,20261003092008,20260930202940,20260930221846,,EV
2026-10-03T00:20:36.422581+00:00,EV014245,02,2,20261003091857,20261002213036,20261003050557,,EV
2026-10-03T00:20:36.422581+00:00,EV014506,01,2,20261003091658,20261002183740,20261003030609,,EV
2026-10-03T00:20:36.422581+00:00,EV015132,01,2,20261003091455,20261002175709,20261003065903,,EV
2026-10-03T00:20:36.422581+00:00,EV015255,01,2,20261003091457,20261002233654,20261003055547,,EV
2026-10-03T00:20:36.422581+00:00,EV015457,01,2,20261003091859,20261002204700,20261003045103,,EV
2026-10-03T00:20:36.422581+00:00,EV015588,01,3,20261003091858,20261002142417,20261002160407,20261003091728,EV
2026-10-03T00:20:36.422581+00:00,EV015765,06,3,20261003091254,20261003091136,20261003091229,20261003091254,EV
2026-10-03T00:20:36.422581+00:00,EV016007,04,2,20261003091657,20261002181422,20261002210411,,EV
2026-10-03T00:20:36.422581+00:00,EV016023,05,2,20261003092006,20261002192530,20261003023857,,EV
2026-10-03T00:20:36.422581+00:00,EV016038,01,2,20261003091859,20261002193331,20261003021156,,EV
2026-10-03T00:20:36.422581+00:00,EV016217,01,2,20261003091454,20261003002031,20261003035114,,EV
2026-10-03T00:20:36.422581+00:00,EV016234,06,2,20261003091454,20261002174913,20261002195458,,EV
2026-10-03T00:20:36.422581+00:00,EV016289,03,2,20261003091657,20261002213222,20261003010018,,EV
2026-10-03T00:20:36.422581+00:00,EV016629,01,2,20261003091454,20261002215828,20261003061714,,EV
2026-10-03T00:20:36.422581+00:00,EV016770,01,2,20261003091052,20261002194355,20261002212500,,EV
2026-10-03T00:20:36.422581+00:00,EV016922,02,2,20261003091254,20261002170938,20261002224714,,EV
2026-10-03T00:20:36.422581+00:00,EV017504,01,3,20261003091457,20261002185059,20261003035115,20261003091417,EV
2026-10-03T00:20:36.422581+00:00,EV017506,02,3,20261003091457,20261002175947,20261002220337,20261003091258,EV
2026-10-03T00:20:36.422581+00:00,EV017639,01,2,20261003092003,20261002212837,20261003031129,,EV
2026-10-03T00:20:36.422581+00:00,EV017695,05,3,20261003091859,20261002090633,20261002120343,20261003091724,EV
2026-10-03T00:20:36.422581+00:00,EV017715,02,2,20261003091656,20261003013938,20261003083001,,EV
2026-10-03T00:20:36.422581+00:00,EV017758,05,2,20261003091454,20261002175256,20261003020706,,EV
2026-10-03T00:20:36.422581+00:00,EV017782,02,3,20261003091052,20261002144557,20261002174854,20261003091018,EV
2026-10-03T00:20:36.422581+00:00,EV017788,03,2,20261003091857,20261002203121,20261003013032,,EV
2026-10-03T00:20:36.422581+00:00,EV017792,02,3,20261003091456,20261002122711,20261002140552,20261003091225,EV
2026-10-03T00:20:36.422581+00:00,EV017795,09,3,20261003092009,20261001112016,20261001180317,20261003092009,EV
2026-10-03T00:20:36.422581+00:00,EV017876,01,2,20261003091858,20261002211226,20261003030437,,EV
2026-10-03T00:20:36.422581+00:00,EV017916,01,2,20261003091457,20261002192953,20261003065631,,EV
2026-10-03T00:20:36.422581+00:00,EV017917,04,2,20261003091658,20261002214410,20261003005425,,EV
2026-10-03T00:20:36.422581+00:00,EV017923,02,2,20261003091900,20261002183045,20261003053338,,EV
2026-10-03T00:20:36.422581+00:00,EV017925,02,2,20261003091457,20261002203310,20261003021901,,EV
2026-10-03T00:20:36.422581+00:00,EV018388,01,2,20261003091253,20261002192402,20261002232913,,EV
2026-10-03T00:20:36.422581+00:00,EV018671,02,2,20261003092007,20261003003523,20261003053007,,EV
2026-10-03T00:20:36.422581+00:00,EV018892,03,2,20261003091656,20261002215430,20261002231447,,EV
2026-10-03T00:20:36.422581+00:00,EV018986,06,2,20261003091900,20261002192352,20261002231751,,EV
2026-10-03T00:20:36.422581+00:00,EV019049,01,2,20261003091254,20261003004951,20261003013834,,EV
2026-10-03T00:20:36.422581+00:00,EV019203,05,3,20261003091858,20261001195727,20261001223527,20261003091838,EV
2026-10-03T00:20:36.422581+00:00,EV019320,02,3,20261003091256,20261002233225,20261003004910,20261003091220,EV
2026-10-03T00:20:36.422581+00:00,EV019431,01,2,20261003091054,20261002182727,20261003012537,,EV
2026-10-03T00:20:36.422581+00:00,EV019685,01,2,20261003091900,20261002170349,20261002195034,,EV
2026-10-03T00:20:36.422581+00:00,EV019689,01,3,20261003091456,20261002092409,20261002114004,20261003091414,EV
2026-10-03T00:20:36.422581+00:00,EV019748,06,3,20261003091859,20261002175638,20261003065754,20261003091728,EV
2026-10-03T00:20:36.422581+00:00,EV020081,03,2,20261003091658,20261001140328,20261001162710,,EV
2026-10-03T00:20:36.422581+00:00,EV020166,02,2,20261003091658,20261002200225,20261002225730,,EV
2026-10-03T00:20:36.422581+00:00,EV020264,01,2,20261003091456,20261002205425,20261002225159,,EV
2026-10-03T00:20:36.422581+00:00,EV020265,02,2,20261003091053,20261002224542,20261003045434,,EV
2026-10-03T00:20:36.422581+00:00,EV020328,02,2,20261003091456,20261002232400,20261003040120,,EV
2026-10-03T00:20:36.422581+00:00,EV020328,03,2,20261003091456,20261002233113,20261003032037,,EV
2026-10-03T00:20:36.422581+00:00,EV020442,01,3,20261003091456,20261002204859,20261003012808,20261003091435,EV
2026-10-03T00:20:36.422581+00:00,EV020469,04,3,20261003091656,20261002182440,20261003003646,20261003091513,EV
2026-10-03T00:20:36.422581+00:00,EV020693,02,2,20261003091900,20261002222257,20261003032923,,EV
2026-10-03T00:20:36.422581+00:00,EV020853,05,2,20261003091054,20261002215202,20261003034147,,EV
2026-10-03T00:20:36.422581+00:00,EV021600,03,2,20261003091457,20261003090109,20261003091317,,EV
2026-10-03T00:20:36.422581+00:00,GR000063,01,2,20261003091129,20261003085359,20261003091121,,GR
2026-10-03T00:20:36.422581+00:00,GS000022,03,2,20261003091523,20261003084817,20261003091523,,GS
2026-10-03T00:20:36.422581+00:00,GS000043,02,3,20261003091223,20261003091223,20261002202702,20261003091223,GS
2026-10-03T00:20:36.422581+00:00,GS000140,02,2,20261003091222,20261003070853,20261003091222,,GS
2026-10-03T00:20:36.422581+00:00,HD000014,01,3,20261003091900,20261003091827,20261002205941,20261003091827,HD
2026-10-03T00:20:36.422581+00:00,HD000023,01,3,20261003091500,20261003090337,20261003075552,20261003090337,HD
2026-10-03T00:20:36.422581+00:00,HD000023,02,2,20261003091500,20261003031529,20261003040032,,HD
2026-10-03T00:20:36.422581+00:00,HD000023,03,2,20261003091500,20261003072035,20261003075353,,HD
2026-10-03T00:20:36.422581+00:00,HD000023,04,2,20261003091500,20261003063447,20261002180201,,HD
2026-10-03T00:20:36.422581+00:00,HD000023,05,2,20261003091500,20261003074647,20261003082602,,HD
2026-10-03T00:20:36.422581+00:00,HD000023,06,2,20261003091500,20261003080331,20261003084530,,HD
2026-10-03T00:20:36.422581+00:00,HD000039,01,2,20261003091900,20261002175707,20261002183328,,HD
2026-10-03T00:20:36.422581+00:00,HD000039,02,2,20261003091900,20261002131445,20261002133550,,HD
2026-10-03T00:20:36.422581+00:00,HD000039,03,2,20261003091900,20261002090204,20261002093114,,HD
2026-10-03T00:20:36.422581+00:00,HD000039,04,2,20261003091900,20261002221344,20261002224138,,HD
2026-10-03T00:20:36.422581+00:00,HD000040,01,2,20261003091900,20261001004157,20261001010413,,HD
2026-10-03T00:20:36.422581+00:00,HD000040,02,2,20261003091900,20261003041403,20261003044237,,HD
2026-10-03T00:20:36.422581+00:00,HD000040,03,2,20261003091900,20261002171136,20261002173525,,HD
2026-10-03T00:20:36.422581+00:00,HD000040,04,2,20261003091900,20261002220702,20261002223839,,HD
2026-10-03T00:20:36.422581+00:00,HE000443,01,5,20261003091700,20261002145600,20261002154400,,HE
2026-10-03T00:20:36.422581+00:00,HE001015,05,3,20261003091900,20261003091900,20261003062800,20261003091900,HE
2026-10-03T00:20:36.422581+00:00,HE001022,03,3,20261003091500,20261003091500,20261002173700,20261003091500,HE
2026-10-03T00:20:36.422581+00:00,HE001047,14,2,20261003091200,20261003090800,20261003091200,,HE
2026-10-03T00:20:36.422581+00:00,HE001140,05,3,20261003091400,20261003091400,20261002195500,20261003091400,HE
2026-10-03T00:20:36.422581+00:00,HE192301,03,3,20261003091900,20261003091900,20261003083200,20261003091900,HE
2026-10-03T00:20:36.422581+00:00,HE240022,01,9,20261003091810,20261003080000,20261003083600,,HE
2026-10-03T00:20:36.422581+00:00,HE240022,04,9,20261003091810,20261003080400,20261003082100,,HE
2026-10-03T00:20:36.422581+00:00,HE240240,15,9,20261003091310,20261002203300,20261003083300,,HE
2026-10-03T00:20:36.422581+00:00,HE240415,08,3,20261003091200,20261003091200,20261003090600,20261003091200,HE
2026-10-03T00:20:36.422581+00:00,HJ000005,02,3,20261003091800,20261002144408,20261002151456,20261002144408,HJ
2026-10-03T00:20:36.422581+00:00,HM000019,03,3,20261003091800,20261003070805,20261003071301,20261003070805,HM
2026-10-03T00:20:36.422581+00:00,HM000077,07,2,20261003091600,20261002205952,20261003025924,,HM
2026-10-03T00:20:36.422581+00:00,HM000088,01,2,20261003091400,20261002173704,20261003020247,,HM
2026-10-03T00:20:36.422581+00:00,HM000999,09,3,20261003091211,20261002141941,20261002161200,20261003091036,HM
2026-10-03T00:20:36.422581+00:00,HM001396,37,3,20261003091813,20261002133605,20261002162817,20261003091734,HM
2026-10-03T00:20:36.422581+00:00,HM001659,08,3,20261003091416,20260930093807,20260930171508,20261003091254,HM
2026-10-03T00:20:36.422581+00:00,HM001659,10,3,20261003091416,20261002135333,20261002165542,20261003091321,HM
2026-10-03T00:20:36.422581+00:00,HM110128,07,2,20261003091419,20261003074918,20261003091212,,HM
2026-10-03T00:20:36.422581+00:00,HM110155,02,2,20261003091818,20261003083452,20261003091721,,HM
2026-10-03T00:20:36.422581+00:00,HM110241,01,3,20261003091219,20261002084337,20261002150437,20261003091148,HM
2026-10-03T00:20:36.422581+00:00,HM110368,02,2,20261003091820,20261002233556,20261003033005,,HM
2026-10-03T00:20:36.422581+00:00,HY000003,03,2,20261003092001,20260709154228,20260820145526,,HY
2026-10-03T00:20:36.422581+00:00,HY000003,04,2,20261003092001,20261002125806,20261002125806,,HY
2026-10-03T00:20:36.422581+00:00,HY000019,02,3,20261003092002,20261002101740,20260930160535,20261002101740,HY
2026-10-03T00:20:36.422581+00:00,HY000019,03,2,20261003092002,20261001200646,20261002064706,,HY
2026-10-03T00:20:36.422581+00:00,HY000019,05,3,20261003092002,20261002161751,20261001071822,20261002161751,HY
2026-10-03T00:20:36.422581+00:00,HY000019,08,3,20261003092002,20261002100945,20261001065130,20261002100945,HY
2026-10-03T00:20:36.422581+00:00,HY000019,09,3,20261003092002,20261002135730,20261002135600,20261002135730,HY
2026-10-03T00:20:36.422581+00:00,HY000019,11,3,20261003092002,20261002181513,20260924122953,20261002181513,HY
2026-10-03T00:20:36.422581+00:00,HY000606,22,3,20261003091306,20261003091226,20261002173227,20261003091226,HY
2026-10-03T00:20:36.422581+00:00,HY000711,03,2,20261003091302,20261002213157,20261003091206,,HY
2026-10-03T00:20:36.422581+00:00,HY000826,04,2,20261003091804,20261002193443,20261003091744,,HY
2026-10-03T00:20:36.422581+00:00,HY001057,03,2,20261003091103,20261002213551,20261003091010,,HY
2026-10-03T00:20:36.422581+00:00,HY001214,02,2,20261003091406,20261002213219,20261003091338,,HY
2026-10-03T00:20:36.422581+00:00,HY001383,19,2,20261003091405,20261002213556,20261003033545,,HY
2026-10-03T00:20:36.422581+00:00,HY001407,02,2,20261003091807,20261002193918,20261003091725,,HY
2026-10-03T00:20:36.422581+00:00,HY001407,04,2,20261003092007,20261002191735,20261003091938,,HY
2026-10-03T00:20:36.422581+00:00,HY001441,03,2,20261003091107,20261002161133,20261003003159,,HY
2026-10-03T00:20:36.422581+00:00,JA110036,02,3,20261003091403,20261003091403,20261003030023,20261003091403,JA
2026-10-03T00:20:36.422581+00:00,JA110040,05,2,20261003092006,20261003082803,20261003092006,,JA
2026-10-03T00:20:36.422581+00:00,JA110041,10,3,20261003092006,20261003092006,20261002194905,20261003092006,JA
2026-10-03T00:20:36.422581+00:00,JA110048,08,2,20261003092008,20261003084008,20261003092008,,JA
2026-10-03T00:20:36.422581+00:00,JA110064,03,2,20261003092008,20261002212008,20261003092008,,JA
2026-10-03T00:20:36.422581+00:00,JA110093,26,3,20261003092005,20261003092005,20261002200702,20261003092005,JA
2026-10-03T00:20:36.422581+00:00,JA110095,01,2,20261003092010,20261003081010,20261003092010,,JA
2026-10-03T00:20:36.422581+00:00,JA110104,08,2,20261003091407,20261003050708,20261003091407,,JA
2026-10-03T00:20:36.422581+00:00,JA110120,01,3,20261003091408,20261003091408,20261002235609,20261003091408,JA
2026-10-03T00:20:36.422581+00:00,JA110150,01,2,20261003091411,20261003082012,20261003091411,,JA
2026-10-03T00:20:36.422581+00:00,JA110167,04,3,20261003091412,20261003091412,20261002200019,20261003091412,JA
2026-10-03T00:20:36.422581+00:00,KE000722,06,3,20261003091759,20261003091728,20260926133717,20261003091728,KE
2026-10-03T00:20:36.422581+00:00,KE001321,03,3,20261003091159,20261003091147,20261003000851,20261003091147,KE
2026-10-03T00:20:36.422581+00:00,KE001340,02,2,20261003091559,20261003090011,20261003091557,,KE
2026-10-03T00:20:36.422581+00:00,KE001380,03,9,20261003091310,20261002124850,20261002161039,,KE
2026-10-03T00:20:36.422581+00:00,KL001794,02,2,20261003091302,20261003085059,20261003085059,,KL
2026-10-03T00:20:36.422581+00:00,KL002001,05,2,20261003091901,20261001210455,20261002065010,,KL
2026-10-03T00:20:36.422581+00:00,KL002373,01,2,20261003091401,20261003061107,20261003090116,,KL
2026-10-03T00:20:36.422581+00:00,KL002790,98,3,20261003091201,20261003091201,20261003091051,20261003091051,KL
2026-10-03T00:20:36.422581+00:00,KL200170,77,2,20261003091245,20261002195209,20261003020546,,KL
2026-10-03T00:20:36.422581+00:00,KP000296,03,5,20261003092006,20260623164253,20260624091514,,KP
2026-10-03T00:20:36.422581+00:00,KP000687,05,3,20261003092006,20261002151924,20261002232250,20261003090602,KP
2026-10-03T00:20:36.422581+00:00,KP000699,03,2,20261003092008,20261003001643,20261003091500,,KP
2026-10-03T00:20:36.422581+00:00,KP000743,02,3,20261003092005,20261002132138,20261002150635,20261003090646,KP
2026-10-03T00:20:36.422581+00:00,KP000828,04,3,20261003092004,20261002153249,20261002205501,20261003091224,KP
2026-10-03T00:20:36.422581+00:00,KP003896,01,3,20261003092005,20261002195136,20261003055848,20261003091217,KP
2026-10-03T00:20:36.422581+00:00,KP003993,02,2,20261003092009,20261003075908,20261003084024,,KP
2026-10-03T00:20:36.422581+00:00,KP004053,01,3,20261003092004,20261002235054,20261003001425,20261003091114,KP
2026-10-03T00:20:36.422581+00:00,KP004801,02,3,20261003092004,20261002211435,20261002211521,20261003091455,KP
2026-10-03T00:20:36.422581+00:00,KP005263,02,3,20261003092005,20261003072411,20261003075635,20261003091103,KP
2026-10-03T00:20:36.422581+00:00,LCSLCGP1,14,3,20261003091510,20261003091510,20261003090010,20261003091510,LC
2026-10-03T00:20:36.422581+00:00,LCSLCGP1,22,3,20261003091510,20261003091510,20261003090010,20261003091510,LC
2026-10-03T00:20:36.422581+00:00,LCSLCGP1,27,2,20261003091510,20261002184510,20261003091510,,LC
2026-10-03T00:20:36.422581+00:00,LI000358,01,2,20261003092008,20261003090119,20261003092008,,LI
2026-10-03T00:20:36.422581+00:00,LI000358,03,3,20261003091549,20261003091549,20261003091051,20261003091549,LI
2026-10-03T00:20:36.422581+00:00,LU000230,05,2,20261003091827,20261002212912,20261003045927,,LU
2026-10-03T00:20:36.422581+00:00,LU000559,04,3,20261003091154,20261003091155,20261003013051,20261002174910,LU
2026-10-03T00:20:36.422581+00:00,LU000798,12,2,20261003091855,20261002150312,20261002203940,,LU
2026-10-03T00:20:36.422581+00:00,LU001004,52,2,20261003091554,20261003085027,20261003091554,,LU
2026-10-03T00:20:36.422581+00:00,LU001004,58,2,20261003091620,20261001191547,20261001200012,,LU
2026-10-03T00:20:36.422581+00:00,LU001012,12,2,20261003091324,20261003001430,20261003072306,,LU
2026-10-03T00:20:36.422581+00:00,LU001013,04,3,20261003091720,20261003091725,20261002164151,20261002151132,LU
2026-10-03T00:20:36.422581+00:00,LU001650,05,2,20261003091052,20261002224503,20261003060111,,LU
2026-10-03T00:20:36.422581+00:00,LU002297,77,2,20261003091558,20261003084430,20261003091553,,LU
2026-10-03T00:20:36.422581+00:00,LU002378,01,2,20261003091210,20261002204840,20261002223115,,LU
2026-10-03T00:20:36.422581+00:00,LU002462,01,2,20261003091515,20261002214914,20261003042758,,LU
2026-10-03T00:20:36.422581+00:00,LU002670,12,3,20261003091844,20261003091844,20260925134007,20261003091844,LU
2026-10-03T00:20:36.422581+00:00,LU002772,03,2,20261003091614,20261002190047,20261002214212,,LU
2026-10-03T00:20:36.422581+00:00,LU002806,07,2,20261003092009,20261003083102,20261003091959,,LU
2026-10-03T00:20:36.422581+00:00,LU003210,04,2,20261003091824,20261002222324,20261003052012,,LU
2026-10-03T00:20:36.422581+00:00,LU003210,20,2,20261003091814,20261002181904,20261003005159,,LU
2026-10-03T00:20:36.422581+00:00,LU003307,22,2,20261003091839,20261003074745,20261003083508,,LU
2026-10-03T00:20:36.422581+00:00,LU003446,07,2,20261003091829,20261002203506,20261002232036,,LU
2026-10-03T00:20:36.422581+00:00,LU003518,08,3,20261003091641,20261003091708,20261002170039,20261002091904,LU
2026-10-03T00:20:36.422581+00:00,LU003842,12,2,20261003091558,20261002202330,20261003044403,,LU
2026-10-03T00:20:36.422581+00:00,LU003842,15,2,20261003091513,20261002130553,20261002224549,,LU
2026-10-03T00:20:36.422581+00:00,LU003897,05,2,20261003091205,20261002203039,20261003013532,,LU
2026-10-03T00:20:36.422581+00:00,LU003927,03,2,20261003091621,20261002164043,20261003045058,,LU
2026-10-03T00:20:36.422581+00:00,LU003981,04,2,20261003091729,20261003015647,20261003065700,,LU
2026-10-03T00:20:36.422581+00:00,LU004022,02,3,20261003091951,20261003091953,20261001190454,20261001142215,LU
2026-10-03T00:20:36.422581+00:00,LU004119,05,2,20261003091320,20261003091231,20261003091244,,LU
2026-10-03T00:20:36.422581+00:00,LU004119,07,3,20261003091438,20261003091447,20261002213852,20261002213011,LU
2026-10-03T00:20:36.422581+00:00,LU004256,03,3,20261003091832,20261003024253,20261003091830,20261003024253,LU
2026-10-03T00:20:36.422581+00:00,LU004274,03,2,20261003091641,20261002214141,20261003020049,,LU
2026-10-03T00:20:36.422581+00:00,LU100248,02,3,20261003091325,20261003000211,20261003091324,20261003000211,LU
2026-10-03T00:20:36.422581+00:00,LU100248,04,2,20261003091756,20261002211539,20261002221524,,LU
2026-10-03T00:20:36.422581+00:00,LU100362,03,3,20261003091619,20261003091627,20260925041223,20261003091619,LU
2026-10-03T00:20:36.422581+00:00,LU100368,57,2,20261003091406,20261003073625,20261003091351,,LU
2026-10-03T00:20:36.422581+00:00,LU100411,01,3,20261003091138,20261003091142,20261001102709,20261001065342,LU
2026-10-03T00:20:36.422581+00:00,LU100460,01,2,20261003091200,20261002202120,20261002231725,,LU
2026-10-03T00:20:36.422581+00:00,LU100716,01,2,20261003091824,20261003075747,20261003091814,,LU
2026-10-03T00:20:36.422581+00:00,LU100742,05,2,20261003091634,20261002213946,20261003001906,,LU
2026-10-03T00:20:36.422581+00:00,LU100772,01,2,20261003091616,20261002182823,20261002221147,,LU
2026-10-03T00:20:36.422581+00:00,LU100806,28,3,20261003091904,20261003091915,20260925153107,20261003091904,LU
2026-10-03T00:20:36.422581+00:00,LU100918,03,2,20261003091343,20261002221131,20261003020426,,LU
2026-10-03T00:20:36.422581+00:00,LU100944,10,2,20261003091759,20261002174342,20261003020810,,LU
2026-10-03T00:20:36.422581+00:00,LU101136,05,2,20261003091308,20261003091149,20261003091259,,LU
2026-10-03T00:20:36.422581+00:00,LU101136,07,3,20261003091412,20261003091423,20261003012333,20261002204322,LU
2026-10-03T00:20:36.422581+00:00,LU101364,02,2,20261003091927,20261002154624,20261002202554,,LU
2026-10-03T00:20:36.422581+00:00,LU101402,11,2,20261003091439,20261002204817,20261003051612,,LU
2026-10-03T00:20:36.422581+00:00,LU101573,07,3,20261003091304,20261003091322,20261002200905,20261002174549,LU
2026-10-03T00:20:36.422581+00:00,LU101573,23,2,20261003091910,20261002165827,20261002184239,,LU
2026-10-03T00:20:36.422581+00:00,LU101578,02,2,20261003091858,20261002191914,20261003053643,,LU
2026-10-03T00:20:36.422581+00:00,LU101578,04,2,20261003091244,20261001140909,20261001181037,,LU
2026-10-03T00:20:36.422581+00:00,LU101578,16,2,20261003091929,20261001211646,20261001214451,,LU
2026-10-03T00:20:36.422581+00:00,LU101641,07,3,20261003092004,20261002164305,20261002202220,20261002164305,LU
2026-10-03T00:20:36.422581+00:00,LU101642,02,2,20261003091045,20261002181516,20261002222243,,LU
2026-10-03T00:20:36.422581+00:00,LU101661,02,3,20261003091330,20261003091351,20261001193426,20261001181052,LU
2026-10-03T00:20:36.422581+00:00,LU101661,13,2,20261003091314,20261002214527,20261003025359,,LU
2026-10-03T00:20:36.422581+00:00,LU101683,08,2,20261003091317,20261002235150,20261003070738,,LU
2026-10-03T00:20:36.422581+00:00,LU101683,41,2,20261003091603,20261002185135,20261002210102,,LU
2026-10-03T00:20:36.422581+00:00,LU101686,05,2,20261003091414,20261002151018,20261003035403,,LU
2026-10-03T00:20:36.422581+00:00,LU101686,37,2,20261003091437,20261002205016,20261003002320,,LU
2026-10-03T00:20:36.422581+00:00,LU101692,05,2,20261003091037,20261002185137,20261002235340,,LU
2026-10-03T00:20:36.422581+00:00,LU101695,03,3,20261003092005,20260925175525,20260926031238,20261003092005,LU
2026-10-03T00:20:36.422581+00:00,LU101707,33,2,20261003091548,20261003064859,20261003091547,,LU
2026-10-03T00:20:36.422581+00:00,LU101707,41,2,20261003091318,20261002191614,20261002214845,,LU
2026-10-03T00:20:36.422581+00:00,LU101768,09,2,20261003091157,20261002214845,20261003001950,,LU
2026-10-03T00:20:36.422581+00:00,MO114703,01,9,20261003091809,20261003090009,20261003090010,,MO
2026-10-03T00:20:36.422581+00:00,MO116803,01,2,20261003091910,20261003091456,20261003091457,,MO
2026-10-03T00:20:36.422581+00:00,NT100032,15,2,20261003091550,20261003082050,20261003091550,,NT
2026-10-03T00:20:36.422581+00:00,NT100032,19,2,20261003091650,20261002215550,20261003091650,,NT
2026-10-03T00:20:36.422581+00:00,NT100059,10,3,20261003091850,20261003091850,20261003074050,20261003091850,NT
2026-10-03T00:20:36.422581+00:00,NT100163,01,2,20261003091650,20261003091250,20261003091650,,NT
2026-10-03T00:20:36.422581+00:00,NT100279,17,3,20261003091250,20261003091250,20261003085650,20261003091250,NT
2026-10-03T00:20:36.422581+00:00,NT100434,04,2,20261003091850,20261003072550,20261003090850,,NT
2026-10-03T00:20:36.422581+00:00,NT100434,05,2,20261003091850,20261003072550,20261003085850,,NT
2026-10-03T00:20:36.422581+00:00,NT100434,06,2,20261003091850,20261003072550,20261003090850,,NT
2026-10-03T00:20:36.422581+00:00,NT100471,01,2,20261003091550,20261003014850,20261003091550,,NT
2026-10-03T00:20:36.422581+00:00,NT100489,17,2,20261003091450,20261003062950,20261003091450,,NT
2026-10-03T00:20:36.422581+00:00,NT100489,21,2,20261003091850,20261002225950,20261003091850,,NT
2026-10-03T00:20:36.422581+00:00,NT100489,39,3,20261003091150,20261003091150,20261001075050,20261003091150,NT
2026-10-03T00:20:36.422581+00:00,NT100523,01,2,20261003091550,20261003072750,20261003091550,,NT
2026-10-03T00:20:36.422581+00:00,NT101142,04,2,20261003091750,20261003090850,20261003091750,,NT
2026-10-03T00:20:36.422581+00:00,NT101157,13,3,20261003091350,20261003091350,20261002151350,20261003091350,NT
2026-10-03T00:20:36.422581+00:00,NT101179,10,2,20261003091450,20261002194750,20261003091450,,NT
2026-10-03T00:20:36.422581+00:00,NT101293,01,2,20261003091450,20261002195550,20261003091450,,NT
2026-10-03T00:20:36.422581+00:00,NT101773,23,2,20261003091050,20261003080250,20261003091050,,NT
2026-10-03T00:20:36.422581+00:00,NT101819,03,2,20261003091950,20261003054950,20261003091950,,NT
2026-10-03T00:20:36.422581+00:00,NT101895,22,2,20261003091050,20261002160950,20261003091050,,NT
2026-10-03T00:20:36.422581+00:00,NT101910,03,3,20261003091450,20261003091450,20261003084150,20261003091450,NT
2026-10-03T00:20:36.422581+00:00,NT101954,09,2,20261003091850,20261003000750,20261003091850,,NT
2026-10-03T00:20:36.422581+00:00,NT102053,05,2,20261003091850,20261003002350,20261003091850,,NT
2026-10-03T00:20:36.422581+00:00,NT102058,13,2,20261003091250,20261002230950,20261003091250,,NT
2026-10-03T00:20:36.422581+00:00,NT102083,02,2,20261003091350,20261002224750,20261003091350,,NT
2026-10-03T00:20:36.422581+00:00,NT102116,07,3,20261003091450,20261003091450,20261002220350,20261003091450,NT
2026-10-03T00:20:36.422581+00:00,NT102153,16,2,20261003091050,20261002210950,20261003091050,,NT
2026-10-03T00:20:36.422581+00:00,NT102178,02,2,20261003091550,20261003002950,20261003091550,,NT
2026-10-03T00:20:36.422581+00:00,NT102190,04,2,20261003091550,20261003060950,20261003091550,,NT
2026-10-03T00:20:36.422581+00:00,NT102207,01,2,20261003091150,20261002223850,20261003091150,,NT
2026-10-03T00:20:36.422581+00:00,NT102257,02,9,20261003091150,20261002223350,20261003091150,,NT
2026-10-03T00:20:36.422581+00:00,NT102257,12,2,20261003091550,20261003052850,20261003091550,,NT
2026-10-03T00:20:36.422581+00:00,NT102275,09,2,20261003091250,20261003091050,20261003091150,,NT
2026-10-03T00:20:36.422581+00:00,NT102275,11,3,20261003091550,20261003091550,20261003084350,20261003091550,NT
2026-10-03T00:20:36.422581+00:00,NT102276,03,2,20261003091950,20261003030850,20261003091950,,NT
2026-10-03T00:20:36.422581+00:00,NT102277,13,2,20261003091750,20261003080750,20261003091750,,NT
2026-10-03T00:20:36.422581+00:00,NT102291,07,2,20261003091250,20261003083750,20261003091250,,NT
2026-10-03T00:20:36.422581+00:00,NT102301,11,2,20261003091650,20261002183450,20261003091650,,NT
2026-10-03T00:20:36.422581+00:00,NT102369,05,3,20261003091850,20261003091850,20261003090350,20261003091850,NT
2026-10-03T00:20:36.422581+00:00,NT102381,04,2,20261003091150,20261002201650,20261003091150,,NT
2026-10-03T00:20:36.422581+00:00,NT102512,11,2,20261003091450,20261003082450,20261003091450,,NT
2026-10-03T00:20:36.422581+00:00,NT102518,03,9,20261003091250,20261003032250,20261003091250,,NT
2026-10-03T00:20:36.422581+00:00,NT102540,08,2,20261003091250,20261003065250,20261003091250,,NT
2026-10-03T00:20:36.422581+00:00,NT102541,05,2,20261003091350,20261003083350,20261003090150,,NT
2026-10-03T00:20:36.422581+00:00,NT102544,06,2,20261003091650,20261003081450,20261003091650,,NT
2026-10-03T00:20:36.422581+00:00,NT102547,07,9,20261003091450,20261003012750,20261003091450,,NT
2026-10-03T00:20:36.422581+00:00,NT102575,02,3,20261003091550,20261003091550,20261001112750,20261003091550,NT
2026-10-03T00:20:36.422581+00:00,NT102614,05,2,20261003091450,20261002193450,20261003091450,,NT
2026-10-03T00:20:36.422581+00:00,NT102730,01,3,20261003091050,20261003091050,20261001072150,20261003091050,NT
2026-10-03T00:20:36.422581+00:00,NT102766,42,2,20261003091850,20261002180250,20261003091850,,NT
2026-10-03T00:20:36.422581+00:00,NT102766,50,2,20261003091250,20261002192950,20261003091250,,NT
2026-10-03T00:20:36.422581+00:00,NT102781,03,2,20261003091550,20261002193750,20261003091550,,NT
2026-10-03T00:20:36.422581+00:00,NT102799,14,2,20261003091550,20261002212950,20261003091550,,NT
2026-10-03T00:20:36.422581+00:00,NT102799,26,2,20261003091750,20261002222450,20261003091750,,NT
2026-10-03T00:20:36.422581+00:00,NT102848,01,3,20261003091850,20261003091850,20261002230750,20261003091850,NT
2026-10-03T00:20:36.422581+00:00,NT102874,02,2,20261003091450,20261002225150,20261003091450,,NT
2026-10-03T00:20:36.422581+00:00,NT102949,13,3,20261003091050,20261003091050,20261002224350,20261003091050,NT
2026-10-03T00:20:36.422581+00:00,NT200210,04,2,20261003091350,20261002210950,20261003091350,,NT
2026-10-03T00:20:36.422581+00:00,NX000014,01,2,20261003091352,20261003090953,20261003091352,,NX
2026-10-03T00:20:36.422581+00:00,NX000025,08,2,20261003091550,20261003040641,20261003091550,,NX
2026-10-03T00:20:36.422581+00:00,PC000070,39,3,20261003091217,20261002212314,20261002220944,20261003091217,PC
2026-10-03T00:20:36.422581+00:00,PC000070,41,3,20261003091107,20261002064901,20261002083924,20261003091107,PC
2026-10-03T00:20:36.422581+00:00,PC000110,15,2,20261003091249,20261002212826,20261003091218,,PC
2026-10-03T00:20:36.422581+00:00,PC000375,02,2,20261003091642,20261003065530,20261003085314,,PC
2026-10-03T00:20:36.422581+00:00,PC000505,69,2,20261003091324,20261002234511,20261003064315,,PC
2026-10-03T00:20:36.422581+00:00,PC000505,82,2,20261003091620,20261002224418,20261003071846,,PC
2026-10-03T00:20:36.422581+00:00,PC001220,01,3,20261003091622,20261002200814,20261002212254,20261003091622,PC
2026-10-03T00:20:36.422581+00:00,PC001221,08,2,20261003091544,20261002161800,20261003085808,,PC
2026-10-03T00:20:36.422581+00:00,PC001502,01,2,20261003091355,20261003075853,20261003091210,,PC
2026-10-03T00:20:36.422581+00:00,PC001861,04,2,20261003091359,20261002221450,20261003041615,,PC
2026-10-03T00:20:36.422581+00:00,PI000020,02,3,20261003091607,20261003091341,20261002233223,20261003091607,PI
2026-10-03T00:20:36.422581+00:00,PI000223,01,3,20261003091607,20261003091540,20261003033028,20261003091607,PI
2026-10-03T00:20:36.422581+00:00,PI000228,02,3,20261003091246,20261003091242,20260929144038,20261003091246,PI
2026-10-03T00:20:36.422581+00:00,PI000667,01,3,20261003091608,20261003091431,20261003021619,20261003091608,PI
2026-10-03T00:20:36.422581+00:00,PI015659,03,3,20261003091545,20261003082947,20261003090821,20261003091545,PI
2026-10-03T00:20:36.422581+00:00,PI053318,02,2,20261003091100,20261002195929,20261003020906,,PI
2026-10-03T00:20:36.422581+00:00,PI070808,02,2,20261003091101,20261003014818,20261003085510,,PI
2026-10-03T00:20:36.422581+00:00,PI070969,02,2,20261003091604,20261003082117,20261003091446,,PI
2026-10-03T00:20:36.422581+00:00,PI121481,04,2,20261003091610,20260925125343,20260925125346,,PI
2026-10-03T00:20:36.422581+00:00,PI122334,02,3,20261003091119,20261003091113,20261002155621,20261003091119,PI
2026-10-03T00:20:36.422581+00:00,PI200383,04,9,20261003091310,20261003030814,20260910090821,20261003031132,PI
2026-10-03T00:20:36.422581+00:00,PI200391,02,9,20261003091310,20261002175718,20261002195944,,PI
2026-10-03T00:20:36.422581+00:00,PI200720,35,1,20261003091654,20261003091132,20261002151940,,PI
2026-10-03T00:20:36.422581+00:00,PI200720,36,1,20261003091654,20260922081059,20260922082535,,PI
2026-10-03T00:20:36.422581+00:00,PI200740,04,2,20261003091615,20261002211519,20261003080553,,PI
2026-10-03T00:20:36.422581+00:00,PI200779,04,9,20261003091810,20261003035813,20261002202108,20261003040205,PI
2026-10-03T00:20:36.422581+00:00,PI200810,21,3,20261003091617,20261003091431,20261003073055,20261003091617,PI
2026-10-03T00:20:36.422581+00:00,PI200861,03,9,20261003091810,20261003070742,20261002005745,20261003071127,PI
2026-10-03T00:20:36.422581+00:00,PI200861,07,2,20261003091618,20261002233755,20261003081333,,PI
2026-10-03T00:20:36.422581+00:00,PI200861,09,3,20261003091618,20261003091452,20261001204636,20261003091618,PI
2026-10-03T00:20:36.422581+00:00,PI200903,01,9,20261003091810,20261003072436,20261002235611,20261003072621,PI
2026-10-03T00:20:36.422581+00:00,PI200973,03,3,20261003091122,20261003091111,20261002131507,20261003091122,PI
2026-10-03T00:20:36.422581+00:00,PI200990,06,3,20261003091137,20261003090848,20261002124818,20261003091137,PI
2026-10-03T00:20:36.422581+00:00,PI202404,03,2,20261003091040,20261002185339,20261002233654,,PI
2026-10-03T00:20:36.422581+00:00,PI202644,06,2,20261003091639,20261003020454,20261003091336,,PI
2026-10-03T00:20:36.422581+00:00,PI203027,10,3,20261003091622,20261003091342,20261002155015,20261003091622,PI
2026-10-03T00:20:36.422581+00:00,PI204050,01,2,20261003091125,20260926202131,20260926212004,,PI
2026-10-03T00:20:36.422581+00:00,PI204077,01,3,20261003091129,20261003091110,20261002225145,20261003091129,PI
2026-10-03T00:20:36.422581+00:00,PI204092,41,2,20261003091630,20261003085358,20261003031529,,PI
2026-10-03T00:20:36.422581+00:00,PI204128,07,2,20261003091133,20261003080114,20261003090045,,PI
2026-10-03T00:20:36.422581+00:00,PI204162,14,2,20261003091638,20261003084044,20261003090456,,PI
2026-10-03T00:20:36.422581+00:00,PI204168,01,3,20261003091640,20261003091441,20261002231233,20261003091640,PI
2026-10-03T00:20:36.422581+00:00,PI204212,06,2,20261003091642,20261002204107,20261003080603,,PI
2026-10-03T00:20:36.422581+00:00,PI204228,06,3,20261003091644,20261003091330,20261002120524,20261003091644,PI
2026-10-03T00:20:36.422581+00:00,PI204236,02,3,20261003091752,20261003091557,20261003001311,20261003091752,PI
2026-10-03T00:20:36.422581+00:00,PI204243,03,3,20261003091145,20261003090856,20261003065745,20261003091145,PI
2026-10-03T00:20:36.422581+00:00,PI204307,12,3,20261003091151,20261003091016,20261002120335,20261003091151,PI
2026-10-03T00:20:36.422581+00:00,PI645183,01,3,20261003091233,20261003091032,20261002181135,20261003091233,PI
2026-10-03T00:20:36.422581+00:00,PI645374,06,3,20261003091239,20261003091014,20261001210024,20261003091239,PI
2026-10-03T00:20:36.422581+00:00,PI645374,07,2,20261003091736,20261003080253,20261003081238,,PI
2026-10-03T00:20:36.422581+00:00,PI700643,05,2,20261003091504,20261002211242,20261003091323,,PI
2026-10-03T00:20:36.422581+00:00,PI710744,04,2,20261003091520,20261002204509,20261003051411,,PI
2026-10-03T00:20:36.422581+00:00,PI711602,14,2,20261003091522,20261002190417,20261002234950,,PI
2026-10-03T00:20:36.422581+00:00,PI712247,34,2,20261003091525,20261002153634,20261002223505,,PI
2026-10-03T00:20:36.422581+00:00,PI712449,17,2,20261003091530,20261002185842,20261003085847,,PI
2026-10-03T00:20:36.422581+00:00,PI712449,40,2,20261003091530,20261002235951,20261003091402,,PI
2026-10-03T00:20:36.422581+00:00,PI713944,02,2,20261003091538,20261002191416,20261003011425,,PI
2026-10-03T00:20:36.422581+00:00,PI714521,04,2,20261003091104,20261002183744,20261002200715,,PI
2026-10-03T00:20:36.422581+00:00,PI714521,09,2,20261003091104,20261002203425,20261003014024,,PI
2026-10-03T00:20:36.422581+00:00,PI716788,22,2,20261003091043,20261002152518,20261002221153,,PI
2026-10-03T00:20:36.422581+00:00,PI717063,02,2,20261003091606,20261003085708,20261003091044,,PI
2026-10-03T00:20:36.422581+00:00,PI717891,01,2,20261003091738,20261003083438,20261003091640,,PI
2026-10-03T00:20:36.422581+00:00,PI718321,11,2,20261003091549,20261002122108,20261002134648,,PI
2026-10-03T00:20:36.422581+00:00,PI718321,12,2,20261003091549,20261002090700,20261002180028,,PI
2026-10-03T00:20:36.422581+00:00,PI718321,13,3,20261003091549,20260930162426,20261003091117,20260930162555,PI
2026-10-03T00:20:36.422581+00:00,PI718622,02,3,20261003091552,20261003091452,20261003062647,20261003091552,PI
2026-10-03T00:20:36.422581+00:00,PI721671,14,2,20261003091035,20261002184247,20261003064757,,PI
2026-10-03T00:20:36.422581+00:00,PI723121,14,2,20261003091659,20261002192802,20261002195513,,PI
2026-10-03T00:20:36.422581+00:00,PI724427,01,2,20261003091158,20261002230105,20261003044306,,PI
2026-10-03T00:20:36.422581+00:00,PI724711,01,3,20261003091230,20261003090920,20261002182257,20261003091230,PI
2026-10-03T00:20:36.422581+00:00,PI740156,05,2,20261003091341,20261002232417,20261003020143,,PI
2026-10-03T00:20:36.422581+00:00,PI751544,12,2,20261003091040,20261002234048,20261003011537,,PI
2026-10-03T00:20:36.422581+00:00,PI752229,02,2,20261003091043,20261002232402,20261003054626,,PI
2026-10-03T00:20:36.422581+00:00,PI753808,04,3,20261003091158,20261003090945,20261003004057,20261003091158,PI
2026-10-03T00:20:36.422581+00:00,PI755112,05,2,20261003091038,20261003070022,20261003073139,,PI
2026-10-03T00:20:36.422581+00:00,PI760636,03,2,20261003091516,20261002184342,20261003055731,,PI
2026-10-03T00:20:36.422581+00:00,PI762555,04,2,20261003091529,20261002173739,20261002205409,,PI
2026-10-03T00:20:36.422581+00:00,PI764991,04,2,20261003091540,20261002201441,20261003003936,,PI
2026-10-03T00:20:36.422581+00:00,PI766662,09,2,20261003091052,20261002173117,20261003004327,,PI
2026-10-03T00:20:36.422581+00:00,PI766853,06,2,20261003091552,20261002205637,20261003024451,,PI
2026-10-03T00:20:36.422581+00:00,PI768702,14,2,20261003091058,20261002235844,20261003025315,,PI
2026-10-03T00:20:36.422581+00:00,PI768986,04,3,20261003091056,20261003091210,20261003023538,20261003091056,PI
2026-10-03T00:20:36.422581+00:00,PI769482,34,2,20261003091559,20261002224957,20261003013201,,PI
2026-10-03T00:20:36.422581+00:00,PI769482,36,2,20261003091057,20261002223448,20261003074411,,PI
2026-10-03T00:20:36.422581+00:00,PI770215,01,2,20261003091158,20261003082104,20261003091028,,PI
2026-10-03T00:20:36.422581+00:00,PI772283,12,2,20261003091735,20261002231325,20261003061046,,PI
2026-10-03T00:20:36.422581+00:00,PI772795,04,2,20261003091103,20261003011738,20261003082042,,PI
2026-10-03T00:20:36.422581+00:00,PI772795,09,2,20261003091605,20261002193614,20261003011636,,PI
2026-10-03T00:20:36.422581+00:00,PI772833,10,2,20261003091738,20261002130703,20261002210839,,PI
2026-10-03T00:20:36.422581+00:00,PI772848,11,2,20261003091738,20261002195610,20261002232834,,PI
2026-10-03T00:20:36.422581+00:00,PI773987,06,2,20261003091249,20261002213344,20261003023930,,PI
2026-10-03T00:20:36.422581+00:00,PI774037,06,2,20261003091749,20261002141322,20261002213932,,PI
2026-10-03T00:20:36.422581+00:00,PI774073,06,2,20261003091750,20261003065142,20261003091410,,PI
2026-10-03T00:20:36.422581+00:00,PI775033,02,3,20261003091311,20261003091055,20261003012144,20261003091311,PI
2026-10-03T00:20:36.422581+00:00,PI780145,03,2,20261003091505,20261002194133,20261003091127,,PI
2026-10-03T00:20:36.422581+00:00,PI793855,30,2,20261003091304,20261001180645,20261001195055,,PI
2026-10-03T00:20:36.422581+00:00,PI794634,28,2,20261003091758,20261002211157,20261003060348,,PI
2026-10-03T00:20:36.422581+00:00,PI795431,06,2,20261003091301,20261002191909,20261003012835,,PI
2026-10-03T00:20:36.422581+00:00,PI796308,07,2,20261003091312,20261003004203,20261003051955,,PI
2026-10-03T00:20:36.422581+00:00,PI796333,03,3,20261003091807,20261003091508,20261003072326,20261003091807,PI
2026-10-03T00:20:36.422581+00:00,PI796562,14,3,20261003091313,20261003091255,20261003050334,20261003091313,PI
2026-10-03T00:20:36.422581+00:00,PI796661,03,3,20261003091314,20261003091103,20261003000146,20261003091314,PI
2026-10-03T00:20:36.422581+00:00,PI800774,07,2,20261003091244,20261002175729,20261002213230,,PI
2026-10-03T00:20:36.422581+00:00,PI802804,06,2,20261003091747,20261002235416,20261003044121,,PI
2026-10-03T00:20:36.422581+00:00,PI807841,07,2,20261003091811,20261002132209,20261002165422,,PI
2026-10-03T00:20:36.422581+00:00,PI808249,05,2,20261003091036,20261002202535,20261003000951,,PI
2026-10-03T00:20:36.422581+00:00,PI809564,05,2,20261003091039,20261002200022,20261003030857,,PI
2026-10-03T00:20:36.422581+00:00,PI810628,07,2,20261003091101,20261002203422,20261003081516,,PI
2026-10-03T00:20:36.422581+00:00,PIA00265,19,3,20261003091038,20261003090835,20260927165721,20261003091038,PI
2026-10-03T00:20:36.422581+00:00,PIA00265,22,3,20261003091038,20261003090441,20260923141420,20261003091038,PI
2026-10-03T00:20:36.422581+00:00,PIA00319,02,2,20261003091102,20261003064158,20261003090707,,PI
2026-10-03T00:20:36.422581+00:00,PIH00148,05,2,20261003091720,20261002204006,20261003091556,,PI
2026-10-03T00:20:36.422581+00:00,PIH00168,04,3,20261003091224,20261003090822,20261002184822,20261003091224,PI
2026-10-03T00:20:36.422581+00:00,PIH00199,07,3,20261003091720,20261003091603,20261002152413,20261003091720,PI
2026-10-03T00:20:36.422581+00:00,PIH00213,23,2,20261003091722,20261003031340,20261003091554,,PI
2026-10-03T00:20:36.422581+00:00,PIH00248,32,3,20261003091719,20261003091351,20261003013619,20261003091719,PI
2026-10-03T00:20:36.422581+00:00,PIH00304,23,3,20261003091719,20261003091223,20261003002013,20261003091719,PI
2026-10-03T00:20:36.422581+00:00,PIH00326,04,2,20261003091710,20261003062645,20261003091505,,PI
2026-10-03T00:20:36.422581+00:00,PIH00592,11,3,20261003091211,20261003090946,20261003072704,20261003091211,PI
2026-10-03T00:20:36.422581+00:00,PIH00598,09,2,20261003091710,20261002174231,20261003042620,,PI
2026-10-03T00:20:36.422581+00:00,PIH00598,18,2,20261003091710,20261002204713,20261003052848,,PI
2026-10-03T00:20:36.422581+00:00,PIH00648,03,2,20261003091211,20261002141750,20261002173918,,PI
2026-10-03T00:20:36.422581+00:00,PIH00815,04,3,20261003091224,20261003091124,20261002160215,20261003091224,PI
2026-10-03T00:20:36.422581+00:00,PIH01007,02,2,20261003091211,20261002224247,20261003054243,,PI
2026-10-03T00:20:36.422581+00:00,PIH01059,11,2,20261003091225,20261002233657,20261003091115,,PI
2026-10-03T00:20:36.422581+00:00,PIH01059,15,2,20261003091724,20261003011023,20261003091706,,PI
2026-10-03T00:20:36.422581+00:00,PIH01085,07,3,20261003091722,20261003091634,20261002131229,20261003091722,PI
2026-10-03T00:20:36.422581+00:00,PIH01697,02,2,20261003091211,20261002220800,20261003032409,,PI
2026-10-03T00:20:36.422581+00:00,PIH01932,07,2,20261003091711,20261002185914,20261002211528,,PI
2026-10-03T00:20:36.422581+00:00,PIS00028,06,2,20261003091816,20261002194244,20261003003940,,PI
2026-10-03T00:20:36.422581+00:00,PIS00028,23,2,20261003091323,20261003063438,20261003091230,,PI
2026-10-03T00:20:36.422581+00:00,PIS00033,10,2,20261003091323,20261002181016,20261003004620,,PI
2026-10-03T00:20:36.422581+00:00,PIS00062,01,3,20261003091323,20261003091252,20261002143912,20261003091323,PI
2026-10-03T00:20:36.422581+00:00,PIS00065,02,3,20261003091817,20261003091807,20261003070513,20261003091817,PI
2026-10-03T00:20:36.422581+00:00,PIS00093,03,2,20261003091043,20261003001551,20261003061245,,PI
2026-10-03T00:20:36.422581+00:00,PK000005,03,3,20261003091211,20261003080822,20261003082519,20261003090640,PK
2026-10-03T00:20:36.422581+00:00,PK000005,04,2,20261003091211,20261003085330,20261003091010,,PK
2026-10-03T00:20:36.422581+00:00,PK000005,09,2,20261003091211,20261003082756,20261003090853,,PK
2026-10-03T00:20:36.422581+00:00,PK000005,10,2,20261003091211,20261003082832,20261003090852,,PK
2026-10-03T00:20:36.422581+00:00,PK000006,13,2,20261003091210,20261003084809,20261003090651,,PK
2026-10-03T00:20:36.422581+00:00,PK000006,14,2,20261003091211,20261003084855,20261003090651,,PK
2026-10-03T00:20:36.422581+00:00,PK000006,17,2,20261003091211,20261003085244,20261003091054,,PK
2026-10-03T00:20:36.422581+00:00,PK000006,18,3,20261003091212,20261003074840,20261003082442,20261003090601,PK
2026-10-03T00:20:36.422581+00:00,PK000006,20,3,20261003091210,20261003082527,20261003084457,20261003091104,PK
2026-10-03T00:20:36.422581+00:00,PK000007,06,3,20261003091213,20261003073419,20261003080132,20261003090957,PK
2026-10-03T00:20:36.422581+00:00,PK000007,20,2,20261003091213,20261003090112,20261003090716,,PK
2026-10-03T00:20:36.422581+00:00,PK000007,32,2,20261003091213,20261003082047,20261003090254,,PK
2026-10-03T00:20:36.422581+00:00,PK000007,36,2,20261003091213,20261003084430,20261003090703,,PK
2026-10-03T00:20:36.422581+00:00,PK000007,46,2,20261003091213,20261003084551,20261003090436,,PK
2026-10-03T00:20:36.422581+00:00,PK000008,08,3,20261003091213,20261003070717,20261003073608,20261003090445,PK
2026-10-03T00:20:36.422581+00:00,PK000009,03,3,20261003091211,20261003082136,20261003084132,20261003090125,PK
2026-10-03T00:20:36.422581+00:00,PK000009,04,3,20261003091211,20261003082222,20261003084128,20261003090206,PK
2026-10-03T00:20:36.422581+00:00,PK000009,13,3,20261003091211,20261003082503,20261003084855,20261003090514,PK
2026-10-03T00:20:36.422581+00:00,PK000009,14,3,20261003091211,20261003082532,20261003084854,20261003090543,PK
2026-10-03T00:20:36.422581+00:00,PK000009,27,3,20261003091049,20261003091049,20261003083007,20261003091049,PK
2026-10-03T00:20:36.422581+00:00,PK000009,28,3,20261003091049,20261003091049,20261003090037,20261003091049,PK
2026-10-03T00:20:36.422581+00:00,PK000010,01,3,20261003091049,20261003091049,20250212134337,20261003091049,PK
2026-10-03T00:20:36.422581+00:00,PK000010,07,2,20261003091049,20261003084034,20261003091049,,PK
2026-10-03T00:20:36.422581+00:00,PK000010,08,2,20261003091049,20261003090037,20261003091049,,PK
2026-10-03T00:20:36.422581+00:00,PK000013,01,2,20261003091053,20261003081034,20261003091053,,PK
2026-10-03T00:20:36.422581+00:00,PK000013,02,2,20261003091053,20261003080040,20261003091053,,PK
2026-10-03T00:20:36.422581+00:00,PK000014,07,3,20261003091054,20261003091054,20261003084038,20261003091054,PK
2026-10-03T00:20:36.422581+00:00,PK000014,08,3,20261003091054,20261003091054,20261003084038,20261003091054,PK
2026-10-03T00:20:36.422581+00:00,PK000016,01,2,20261003091057,20261003085043,20261003091057,,PK
2026-10-03T00:20:36.422581+00:00,PK000016,02,2,20261003091057,20261003085043,20261003091057,,PK
2026-10-03T00:20:36.422581+00:00,PK000017,01,2,20261003091057,20261003083020,20261003091057,,PK
2026-10-03T00:20:36.422581+00:00,PK000017,06,2,20261003091057,20261003085043,20250618155006,,PK
2026-10-03T00:20:36.422581+00:00,PK000017,07,3,20261003091057,20261003091057,20261003073056,20261003091057,PK
2026-10-03T00:20:36.422581+00:00,PK000018,01,3,20261003091057,20261003091057,20261003090045,20261003091057,PK
2026-10-03T00:20:36.422581+00:00,PK000018,02,3,20261003091057,20261003091057,20261003090045,20261003091057,PK
2026-10-03T00:20:36.422581+00:00,PK000018,05,3,20261003091057,20261003091057,20261003084040,20261003091057,PK
2026-10-03T00:20:36.422581+00:00,PK000018,06,3,20261003091057,20261003091057,20261003083021,20261003091057,PK
2026-10-03T00:20:36.422581+00:00,PK000018,09,3,20261003091057,20261003091057,20261003084040,20261003091057,PK
2026-10-03T00:20:36.422581+00:00,PK000018,10,3,20261003091057,20261003091057,20261003090045,20261003091057,PK
2026-10-03T00:20:36.422581+00:00,PK000019,02,2,20261003091058,20261003090045,20250818103630,,PK
2026-10-03T00:20:36.422581+00:00,PK000019,03,3,20261003091058,20261003091058,20240912200025,20261003091058,PK
2026-10-03T00:20:36.422581+00:00,PK000021,08,2,20261003091058,20261003084040,20261003091058,,PK
2026-10-03T00:20:36.422581+00:00,PK000021,16,3,20261003091209,20261003081717,20261003083528,20261003090221,PK
2026-10-03T00:20:36.422581+00:00,PK000022,03,2,20261003091059,20261003085045,20261003091059,,PK
2026-10-03T00:20:36.422581+00:00,PK000022,04,2,20261003091059,20261003085045,20261003091059,,PK
2026-10-03T00:20:36.422581+00:00,PK000024,05,3,20261003091101,20261003091101,20251027145247,20261003091101,PK
2026-10-03T00:20:36.422581+00:00,PK000024,06,3,20261003091101,20261003091101,20261003085047,20261003091101,PK
2026-10-03T00:20:36.422581+00:00,PK000024,15,2,20261003091101,20261003090049,20261003091101,,PK
2026-10-03T00:20:36.422581+00:00,PK000024,16,2,20261003091101,20261003090049,20261003091101,,PK
2026-10-03T00:20:36.422581+00:00,PK000025,07,3,20261003091059,20261003091059,20240813124812,20261003091059,PK
2026-10-03T00:20:36.422581+00:00,PK000025,08,3,20261003091059,20261003091059,20251030110434,20261003091059,PK
2026-10-03T00:20:36.422581+00:00,PK000025,13,3,20261003091059,20261003091059,20240715140820,20261003091059,PK
2026-10-03T00:20:36.422581+00:00,PK000025,21,2,20261003091211,20261003082727,20261003090434,,PK
2026-10-03T00:20:36.422581+00:00,PK000025,22,2,20261003091211,20261003082807,20261003090439,,PK
2026-10-03T00:20:36.422581+00:00,PK000025,23,2,20261003091059,20261003084042,20260120144708,,PK
2026-10-03T00:20:36.422581+00:00,PK000028,10,3,20261003091101,20261003091101,20240905140755,20261003091101,PK
2026-10-03T00:20:36.422581+00:00,PK000028,27,3,20261003091210,20261003083401,20261003085237,20261003090544,PK
2026-10-03T00:20:36.422581+00:00,PK000028,28,3,20261003091210,20261003083444,20261003085236,20261003090623,PK
2026-10-03T00:20:36.422581+00:00,PK000077,10,2,20261003091212,20261003090118,20261003090650,,PK
2026-10-03T00:20:36.422581+00:00,PK000148,03,9,20261003091209,20261003085539,20261003090356,,PK
2026-10-03T00:20:36.422581+00:00,PK000148,07,2,20261003091209,20261003083458,20261003085646,,PK
2026-10-03T00:20:36.422581+00:00,PK000148,08,9,20261003091209,20261003083921,20261003090529,,PK
2026-10-03T00:20:36.422581+00:00,PK000148,11,2,20261003091208,20261003082514,20261003085642,,PK
2026-10-03T00:20:36.422581+00:00,PK000148,12,3,20261003091208,20261003082547,20261003085642,20261003090058,PK
2026-10-03T00:20:36.422581+00:00,PK000148,13,2,20261003091208,20261003082937,20261003085924,,PK
2026-10-03T00:20:36.422581+00:00,PK000148,21,3,20261003091212,20261003082625,20261003084358,20261003090151,PK
2026-10-03T00:20:36.422581+00:00,PK000148,23,3,20261003091212,20261003082008,20261003085010,20261003090553,PK
2026-10-03T00:20:36.422581+00:00,PK000148,24,3,20261003091210,20261003082041,20261003085009,20261003090629,PK
2026-10-03T00:20:36.422581+00:00,PK000156,09,3,20261003091210,20261003072520,20261003081721,20261003090345,PK
2026-10-03T00:20:36.422581+00:00,PK000156,10,3,20261003091210,20261003072624,20261003081320,20261003090440,PK
2026-10-03T00:20:36.422581+00:00,PK000156,11,2,20261003091209,20261003081807,20261003090258,,PK
2026-10-03T00:20:36.422581+00:00,PK000156,12,2,20261003091209,20261003081412,20261003090309,,PK
2026-10-03T00:20:36.422581+00:00,PK000156,15,2,20261003091209,20261003081525,20261003090148,,PK
2026-10-03T00:20:36.422581+00:00,PK000156,16,2,20261003091209,20261003081604,20261003090149,,PK
2026-10-03T00:20:36.422581+00:00,PK000161,05,3,20261003091212,20261003080620,20261003082348,20261003090132,PK
2026-10-03T00:20:36.422581+00:00,PK000161,06,3,20261003091212,20261003081937,20261003083901,20261003090206,PK
2026-10-03T00:20:36.422581+00:00,PK000161,11,3,20261003091104,20261003090406,20261003090406,20261003023122,PK
2026-10-03T00:20:36.422581+00:00,PK000179,07,3,20261003091104,20261003090609,20261003090609,20261003085111,PK
2026-10-03T00:20:36.422581+00:00,PK000181,02,3,20261003091104,20261003090413,20261003090413,20261003084656,PK
2026-10-03T00:20:36.422581+00:00,PK000181,05,2,20261003091104,20261003085033,20261003085033,,PK
2026-10-03T00:20:36.422581+00:00,PK000181,06,2,20261003091104,20261003085148,20261003085148,,PK
2026-10-03T00:20:36.422581+00:00,PK000181,07,3,20261003091104,20261003090941,20261003090941,20261003075103,PK
2026-10-03T00:20:36.422581+00:00,PK000181,08,2,20261003091104,20261003090735,20261003090735,,PK
2026-10-03T00:20:36.422581+00:00,PK000182,15,3,20261003091104,20261003090945,20261003090945,20261003075227,PK
2026-10-03T00:20:36.422581+00:00,PK000183,03,2,20261003091104,20261003084444,20261003084444,,PK
2026-10-03T00:20:36.422581+00:00,PK000183,04,2,20261003091104,20261003084400,20261003084400,,PK
2026-10-03T00:20:36.422581+00:00,PK000185,12,2,20261003091212,20261003084954,20261003085741,,PK
2026-10-03T00:20:36.422581+00:00,PK000186,06,3,20261003091213,20261003061942,20261003070044,20261003090519,PK
2026-10-03T00:20:36.422581+00:00,PK000186,07,2,20261003091213,20261003084807,20261003090639,,PK
2026-10-03T00:20:36.422581+00:00,PK000186,08,2,20261003091213,20261003083713,20261003090427,,PK
2026-10-03T00:20:36.422581+00:00,PK000186,12,3,20261003091213,20261003075529,20261003084121,20261003090513,PK
2026-10-03T00:20:36.422581+00:00,PK000252,01,2,20261003091210,20261003085550,20261003090302,,PK
2026-10-03T00:20:36.422581+00:00,PK000252,02,2,20261003091214,20261003085623,20261003090302,,PK
2026-10-03T00:20:36.422581+00:00,PK000253,02,3,20261003091211,20261003082430,20261003084534,20261003090202,PK
2026-10-03T00:20:36.422581+00:00,PK000288,07,3,20261003091210,20261003083401,20261003085237,20261003090544,PK
2026-10-03T00:20:36.422581+00:00,PK000288,08,3,20261003091210,20261003083444,20261003085236,20261003090623,PK
2026-10-03T00:20:36.422581+00:00,PK000289,03,2,20261003091209,20261003084408,20261003090843,,PK
2026-10-03T00:20:36.422581+00:00,PK000289,05,2,20261003091209,20261003084135,20261003090533,,PK
2026-10-03T00:20:36.422581+00:00,PK000289,06,2,20261003091209,20261003084212,20261003090532,,PK
2026-10-03T00:20:36.422581+00:00,PK000295,02,2,20261003091209,20261003083414,20261003090550,,PK
2026-10-03T00:20:36.422581+00:00,PK000295,05,2,20261003091210,20261003085010,20261003090120,,PK
2026-10-03T00:20:36.422581+00:00,PK000295,06,3,20261003091211,20261003085050,20261003085102,20261003090803,PK
2026-10-03T00:20:36.422581+00:00,PK000296,06,3,20261003091209,20261003081717,20261003083528,20261003090221,PK
2026-10-03T00:20:36.422581+00:00,PK000297,07,2,20261003091211,20261003082727,20261003090434,,PK
2026-10-03T00:20:36.422581+00:00,PK000297,08,2,20261003091211,20261003082807,20261003090439,,PK
2026-10-03T00:20:36.422581+00:00,PK000322,02,2,20261003091212,20261003090118,20261003090650,,PK
2026-10-03T00:20:36.422581+00:00,PK000322,24,2,20261003091102,20261003085048,20261003091102,,PK
2026-10-03T00:20:36.422581+00:00,PK000474,11,3,20261003091211,20261003071409,20261003071828,20261003090654,PK
2026-10-03T00:20:36.422581+00:00,PK000474,21,2,20261003091210,20261003085054,20261003090615,,PK
2026-10-03T00:20:36.422581+00:00,PL000006,08,2,20261003091920,20261002221509,20261003091920,,PL
2026-10-03T00:20:36.422581+00:00,PL000006,10,2,20261003091220,20261002205055,20261003091220,,PL
2026-10-03T00:20:36.422581+00:00,PL000165,06,2,20261003091514,20261002212730,20261003091514,,PL
2026-10-03T00:20:36.422581+00:00,PL000280,01,2,20261003091457,20261002231850,20261003091457,,PL
2026-10-03T00:20:36.422581+00:00,PL000333,04,2,20261003091801,20261002220443,20261003091801,,PL
2026-10-03T00:20:36.422581+00:00,PL000333,14,3,20261003091828,20261003091828,20260930051123,20261003091828,PL
2026-10-03T00:20:36.422581+00:00,PL000376,02,2,20261003091826,20261003022144,20261003091826,,PL
2026-10-03T00:20:36.422581+00:00,PL000377,01,2,20261003091551,20261003003213,20261003091551,,PL
2026-10-03T00:20:36.422581+00:00,PL000598,00,2,20261003092009,20261002224353,20261003092009,,PL
2026-10-03T00:20:36.422581+00:00,PL000598,06,2,20261003091403,20261002194522,20261003091403,,PL
2026-10-03T00:20:36.422581+00:00,PL000706,40,2,20261003091315,20261002214515,20261003091315,,PL
2026-10-03T00:20:36.422581+00:00,PL000707,04,2,20261003091317,20261002235934,20261003091317,,PL
2026-10-03T00:20:36.422581+00:00,PL000809,59,2,20261003091334,20261002204629,20261003091334,,PL
2026-10-03T00:20:36.422581+00:00,PL000976,06,2,20261003091505,20261003091504,20261003091505,,PL
2026-10-03T00:20:36.422581+00:00,PL001023,02,2,20261003091608,20261002201440,20261003091608,,PL
2026-10-03T00:20:36.422581+00:00,PL001244,35,2,20261003091418,20261003003347,20261003091418,,PL
2026-10-03T00:20:36.422581+00:00,PL001314,00,3,20261003091628,20261003091628,20260926125638,20261003091628,PL
2026-10-03T00:20:36.422581+00:00,PL001618,71,2,20261003091508,20261002181606,20261003091508,,PL
2026-10-03T00:20:36.422581+00:00,PL001850,00,2,20261003091042,20261002170022,20261003091042,,PL
2026-10-03T00:20:36.422581+00:00,PL001945,09,2,20261003091657,20261002145523,20261003091657,,PL
2026-10-03T00:20:36.422581+00:00,PL002162,05,3,20261003091630,20261003091630,20261001061543,20261003091630,PL
2026-10-03T00:20:36.422581+00:00,PL002562,01,2,20261003091358,20261002222742,20261003091358,,PL
2026-10-03T00:20:36.422581+00:00,PL002690,08,3,20261003091231,20261003091231,20261002060105,20261003091231,PL
2026-10-03T00:20:36.422581+00:00,PL002994,16,2,20261003091711,20261002205027,20261003091711,,PL
2026-10-03T00:20:36.422581+00:00,PL003013,03,2,20261003091413,20261002201624,20261003091413,,PL
2026-10-03T00:20:36.422581+00:00,PL003062,03,3,20261003091809,20261003091809,20261002210842,20261003091809,PL
2026-10-03T00:20:36.422581+00:00,PL003359,04,2,20261003091126,20261002174651,20261003091126,,PL
2026-10-03T00:20:36.422581+00:00,PL003371,14,3,20261003091207,20261003091207,20261003071346,20261003091207,PL
2026-10-03T00:20:36.422581+00:00,PL003509,03,2,20261003091301,20261002183351,20261003091301,,PL
2026-10-03T00:20:36.422581+00:00,PL004212,10,2,20261003091625,20261002200444,20261003091625,,PL
2026-10-03T00:20:36.422581+00:00,PL005474,01,3,20261003091605,20261003091605,20261002224059,20261003091605,PL
2026-10-03T00:20:36.422581+00:00,PL012048,00,2,20261003091441,20261001183240,20261003091441,,PL
2026-10-03T00:20:36.422581+00:00,PL030552,04,2,20261003091719,20261002184042,20261003091719,,PL
2026-10-03T00:20:36.422581+00:00,PL030940,84,2,20261003091626,20261002121220,20261003091626,,PL
2026-10-03T00:20:36.422581+00:00,PL031057,15,2,20261003091151,20261003083116,20261003091151,,PL
2026-10-03T00:20:36.422581+00:00,PL031361,01,2,20261003091118,20261002204026,20261003091118,,PL
2026-10-03T00:20:36.422581+00:00,PL031938,07,2,20261003091631,20261002195522,20261003091631,,PL
2026-10-03T00:20:36.422581+00:00,PL032306,01,2,20261003091712,20261002190644,20261003091712,,PL
2026-10-03T00:20:36.422581+00:00,PL032397,12,2,20261003091115,20261002183059,20261003091115,,PL
2026-10-03T00:20:36.422581+00:00,PL032405,02,3,20261003091912,20261003091912,20261002221424,20261003091912,PL
2026-10-03T00:20:36.422581+00:00,PL032474,00,3,20261003091459,20261003091459,20261001130202,20261003091459,PL
2026-10-03T00:20:36.422581+00:00,PL032506,01,3,20261003091556,20261003091556,20261002103021,20261003091556,PL
2026-10-03T00:20:36.422581+00:00,PL032511,07,2,20261003091118,20261002182050,20261003091118,,PL
2026-10-03T00:20:36.422581+00:00,PL032568,01,2,20261003091952,20261002193400,20261003091952,,PL
2026-10-03T00:20:36.422581+00:00,PL032605,40,3,20261003091217,20261003091217,20261003082215,20261003091217,PL
2026-10-03T00:20:36.422581+00:00,PL032609,05,2,20261003091158,20261002214826,20261003091158,,PL
2026-10-03T00:20:36.422581+00:00,PL032653,02,2,20261003091953,20261002204919,20261003091953,,PL
2026-10-03T00:20:36.422581+00:00,PL032653,24,2,20261003091915,20261002213116,20261003091915,,PL
2026-10-03T00:20:36.422581+00:00,PL032673,07,2,20261003091229,20261002194212,20261003091229,,PL
2026-10-03T00:20:36.422581+00:00,PL032708,49,2,20261003091736,20261002220530,20261003091736,,PL
2026-10-03T00:20:36.422581+00:00,PL032711,06,2,20261003091724,20261002211201,20261003091724,,PL
2026-10-03T00:20:36.422581+00:00,PL032733,00,2,20261003091853,20261002174339,20261003091853,,PL
2026-10-03T00:20:36.422581+00:00,PL032796,00,2,20261003091733,20261003005119,20261003091733,,PL
2026-10-03T00:20:36.422581+00:00,PL032929,00,3,20261003091523,20261003091523,20261003080916,20261003091523,PL
2026-10-03T00:20:36.422581+00:00,PL033048,11,2,20261003091642,20261002194651,20261003091642,,PL
2026-10-03T00:20:36.422581+00:00,PL033249,00,2,20261003091240,20261002210257,20261003091240,,PL
2026-10-03T00:20:36.422581+00:00,PL033275,01,2,20261003091851,20260927195958,20261003091851,,PL
2026-10-03T00:20:36.422581+00:00,PL033276,03,2,20261003091512,20261002170311,20261003091512,,PL
2026-10-03T00:20:36.422581+00:00,PL033306,04,2,20261003091958,20261002180927,20261003091958,,PL
2026-10-03T00:20:36.422581+00:00,PL033400,00,2,20261003091248,20261002205245,20261003091248,,PL
2026-10-03T00:20:36.422581+00:00,PL033666,18,2,20261003091743,20261002202542,20261003091743,,PL
2026-10-03T00:20:36.422581+00:00,PL033711,05,2,20261003091820,20261002191018,20261003091820,,PL
2026-10-03T00:20:36.422581+00:00,PL033756,10,2,20261003091129,20261002195344,20261003091129,,PL
2026-10-03T00:20:36.422581+00:00,PL033756,27,2,20261003091904,20261002232947,20261003091904,,PL
2026-10-03T00:20:36.422581+00:00,PL033761,00,3,20261003091242,20261003091242,20261002162924,20261003091242,PL
2026-10-03T00:20:36.422581+00:00,PL033761,02,2,20261003091324,20261002222349,20261003091324,,PL
2026-10-03T00:20:36.422581+00:00,PL033768,00,2,20261003091741,20261002175305,20261003091741,,PL
2026-10-03T00:20:36.422581+00:00,PL832708,32,3,20261003091710,20261003091710,20261002235826,20261003091710,PL
2026-10-03T00:20:36.422581+00:00,PL832708,39,3,20261003091803,20261003091803,20261002213315,20261003091803,PL
2026-10-03T00:20:36.422581+00:00,PL832708,71,2,20261003091825,20261002204943,20261003091825,,PL
2026-10-03T00:20:36.422581+00:00,PL900972,02,2,20261003091435,20261002180325,20261003091435,,PL
2026-10-03T00:20:36.422581+00:00,PL901618,11,3,20261003091055,20261003091055,20261003090307,20261003091055,PL
2026-10-03T00:20:36.422581+00:00,PW010115,02,2,20261003091406,20261002200116,20261003091147,,PW
2026-10-03T00:20:36.422581+00:00,PW010769,07,2,20261003091211,20261002183549,20261002235113,,PW
2026-10-03T00:20:36.422581+00:00,PW012256,02,3,20261003091509,20261003091509,20261001041527,20261003091336,PW
2026-10-03T00:20:36.422581+00:00,PW012589,03,2,20261003091112,20261002215214,20261003040040,,PW
2026-10-03T00:20:36.422581+00:00,PW012811,05,2,20261003091113,20261002194438,20261002205955,,PW
2026-10-03T00:20:36.422581+00:00,PW013081,01,2,20261003091123,20260927175403,20260928010939,,PW
2026-10-03T00:20:36.422581+00:00,PW013100,03,3,20261003091123,20261003091123,20261002052220,20261003090820,PW
2026-10-03T00:20:36.422581+00:00,PW013139,24,2,20261003091922,20261002164620,20261003031545,,PW
2026-10-03T00:20:36.422581+00:00,PW013139,55,2,20261003091932,20261002221558,20261003034542,,PW
2026-10-03T00:20:36.422581+00:00,PW013190,08,2,20261003091126,20261002212643,20261003044553,,PW
2026-10-03T00:20:36.422581+00:00,PW013231,04,2,20261003091530,20261001204651,20261002001716,,PW
2026-10-03T00:20:36.422581+00:00,PW013342,16,2,20261003091935,20261002220030,20261003043106,,PW
2026-10-03T00:20:36.422581+00:00,PW013432,10,2,20261003091944,20261003013524,20261003091908,,PW
2026-10-03T00:20:36.422581+00:00,PW013432,18,2,20261003091148,20261002180451,20261002202012,,PW
2026-10-03T00:20:36.422581+00:00,PW013432,23,2,20261003091542,20261002184803,20261002210306,,PW
2026-10-03T00:20:36.422581+00:00,PW013434,01,2,20261003091944,20261002181018,20261003060100,,PW
2026-10-03T00:20:36.422581+00:00,PW013447,18,2,20261003091542,20261002223227,20261003021754,,PW
2026-10-03T00:20:36.422581+00:00,PW013499,05,2,20261003091149,20261002195418,20261003081010,,PW
2026-10-03T00:20:36.422581+00:00,PW013499,09,2,20261003091149,20261002232941,20261003011500,,PW
2026-10-03T00:20:36.422581+00:00,PW013810,01,2,20261003091202,20261002192710,20261002212729,,PW
2026-10-03T00:20:36.422581+00:00,PW014400,11,2,20261003091614,20261003003651,20261003091525,,PW
2026-10-03T00:20:36.422581+00:00,PW014431,06,2,20261003091615,20261002212326,20261003083141,,PW
2026-10-03T00:20:36.422581+00:00,PW014672,02,3,20261003091233,20261003091233,20261001221623,20261003091059,PW
2026-10-03T00:20:36.422581+00:00,PW014904,03,2,20261003091242,20261002170152,20261002234158,,PW
2026-10-03T00:20:36.422581+00:00,PW015224,03,2,20261003091711,20261002205456,20261003044033,,PW
2026-10-03T00:20:36.422581+00:00,PW800314,03,3,20261003091609,20261003091609,20261002202203,20261003091114,PW
2026-10-03T00:20:36.422581+00:00,PW800837,04,2,20261003091811,20261002205737,20261003020320,,PW
2026-10-03T00:20:36.422581+00:00,PW801393,01,2,20261003091336,20261002200841,20261003011215,,PW
2026-10-03T00:20:36.422581+00:00,PW801481,09,2,20261003091345,20261002175011,20261003061115,,PW
2026-10-03T00:20:36.422581+00:00,PWE00619,28,2,20261003091222,20261003080025,20261003091222,,PW
2026-10-03T00:20:36.422581+00:00,PWE01713,10,3,20261003091409,20261003091409,20261002073209,20261003091409,PW
2026-10-03T00:20:36.422581+00:00,PWE03874,09,2,20261003091132,20261003075929,20261003091132,,PW
2026-10-03T00:20:36.422581+00:00,PWE06341,11,2,20261003091408,20261002234609,20261003091408,,PW
2026-10-03T00:20:36.422581+00:00,RE000182,03,3,20261003091802,20261003091802,20261003091013,20261003091643,RE
2026-10-03T00:20:36.422581+00:00,SE000001,01,2,20261003091041,20261002191048,20261002195052,,SE
2026-10-03T00:20:36.422581+00:00,SE000062,01,3,20261003091642,20261003091616,20261003012017,20261003091616,SE
2026-10-03T00:20:36.422581+00:00,SE000074,01,3,20261003091042,20261003090947,20261003002815,20261003090947,SE
2026-10-03T00:20:36.422581+00:00,SE000147,01,2,20261003091442,20261003084633,20261003091428,,SE
2026-10-03T00:20:36.422581+00:00,SE000149,01,3,20261003091042,20261003091018,20261003064422,20261003091018,SE
2026-10-03T00:20:36.422581+00:00,SE000157,02,2,20261003091742,20261003085824,20261003091707,,SE
2026-10-03T00:20:36.422581+00:00,SE000177,02,2,20261003091942,20261003085632,20261003091910,,SE
2026-10-03T00:20:36.422581+00:00,SE000186,03,3,20261003091242,20261003091145,20261003074017,20261003091145,SE
2026-10-03T00:20:36.422581+00:00,SE000197,01,2,20261003091042,20261003090109,20261003090942,,SE
2026-10-03T00:20:36.422581+00:00,SE000204,08,2,20261003091542,20261003085934,20261003091510,,SE
2026-10-03T00:20:36.422581+00:00,SE000220,02,3,20261003091842,20261003091755,20261003002031,20261003091755,SE
2026-10-03T00:20:36.422581+00:00,SF000331,00,2,20261003091319,20261002195009,20261003090303,,SF
2026-10-03T00:20:36.422581+00:00,SF000617,00,2,20261003091953,20261002175722,20261003091301,,SF
2026-10-03T00:20:36.422581+00:00,SF000941,17,2,20261003092008,20261002170509,20261003090926,,SF
2026-10-03T00:20:36.422581+00:00,SF001214,67,3,20261003091310,20261003091310,20261003022744,20261003090302,SF
2026-10-03T00:20:36.422581+00:00,SF001247,35,2,20261003091251,20261002223246,20261003090433,,SF
2026-10-03T00:20:36.422581+00:00,SF001338,43,2,20261003091320,20261002212242,20261003090341,,SF
2026-10-03T00:20:36.422581+00:00,SF001354,04,2,20261003092003,20261003021052,20261003090715,,SF
2026-10-03T00:20:36.422581+00:00,SF002531,12,3,20261003091310,20261003091310,20261002160006,20261003084245,SF
2026-10-03T00:20:36.422581+00:00,SF002648,53,3,20261003091259,20261003091259,20261002040520,20261003090433,SF
2026-10-03T00:20:36.422581+00:00,SF002959,07,2,20261003091314,20261003040311,20261003091314,,SF
2026-10-03T00:20:36.422581+00:00,SF002992,08,2,20261003092007,20261002180651,20261003091344,,SF
2026-10-03T00:20:36.422581+00:00,SF002992,15,2,20261003092007,20261002152852,20261003091332,,SF
2026-10-03T00:20:36.422581+00:00,SF002992,84,2,20261003092008,20261002164202,20261003091133,,SF
2026-10-03T00:20:36.422581+00:00,SF002992,95,3,20261003091256,20261003091256,20261003023234,20261003090433,SF
2026-10-03T00:20:36.422581+00:00,SF002993,30,2,20261003091942,20261002225430,20261003091338,,SF
2026-10-03T00:20:36.422581+00:00,SF002993,50,2,20261003092000,20261003064550,20261003091505,,SF
2026-10-03T00:20:36.422581+00:00,SF002993,53,2,20261003091946,20261002195646,20261003091639,,SF
2026-10-03T00:20:36.422581+00:00,SF002993,64,3,20261003091945,20261003091945,20261003025308,20261003091345,SF
2026-10-03T00:20:36.422581+00:00,SF003721,07,3,20261003092001,20261003092001,20260928233941,20261003091458,SF
2026-10-03T00:20:36.422581+00:00,SF003721,28,3,20261003091312,20261003091312,20261003081118,20261003091312,SF
2026-10-03T00:20:36.422581+00:00,SN000033,05,2,20261003091641,20261002172953,20261002220150,,SN
2026-10-03T00:20:36.422581+00:00,ST112903,01,2,20261003091716,20261003083711,20261003091716,,ST
2026-10-03T00:20:36.422581+00:00,ST113805,02,3,20261003091239,20261002164529,20261002171451,20261003091239,ST
2026-10-03T00:20:36.422581+00:00,ST114401,02,3,20261003091651,20261003091651,20261002223040,20261002215003,ST
2026-10-03T00:20:36.422581+00:00,ST114705,02,3,20261003091840,20260929020302,20261002113048,20261003091840,ST
2026-10-03T00:20:36.422581+00:00,ST115004,09,2,20261003091054,20261001055711,20261001075121,,ST
2026-10-03T00:20:36.422581+00:00,ST115010,01,2,20261003091850,20261001080214,20261002152513,,ST
2026-10-03T00:20:36.422581+00:00,ST115017,01,3,20261003091050,20261003062319,20261003064520,20261003091050,ST
2026-10-03T00:20:36.422581+00:00,ST115017,02,2,20261003091713,20261003084516,20261003091713,,ST
2026-10-03T00:20:36.422581+00:00,ST115018,01,3,20261003091043,20261002145433,20261003022000,20261003091043,ST
2026-10-03T00:20:36.422581+00:00,ST115020,04,2,20261003091301,20261003084904,20261003091301,,ST
2026-10-03T00:20:36.422581+00:00,ST115608,01,3,20261003091825,20261003023351,20261003031211,20261003091825,ST
2026-10-03T00:20:36.422581+00:00,ST115624,01,2,20261003091910,20261002164356,20261003070828,,ST
2026-10-03T00:20:36.422581+00:00,ST116524,03,3,20261003091056,20261003091056,20261002175446,20261002164221,ST
2026-10-03T00:20:36.422581+00:00,ST116526,02,2,20261003091314,20261003083513,20261003091314,,ST
2026-10-03T00:20:36.422581+00:00,ST116535,04,3,20261003091653,20261002080409,20261002210132,20261003091653,ST
2026-10-03T00:20:36.422581+00:00,ST117118,13,2,20261003091638,20261003031638,20261003091638,,ST
2026-10-03T00:20:36.422581+00:00,ST600080,01,2,20261003091652,20261002014943,20261002140830,,ST
2026-10-03T00:20:36.422581+00:00,ST600292,01,3,20261003091716,20261003091716,20261001215200,20261001193910,ST
2026-10-03T00:20:36.422581+00:00,ST600292,05,2,20261003091859,20260929001644,20261001102259,,ST
2026-10-03T00:20:36.422581+00:00,ST600321,02,3,20261003091645,20261002221952,20261003051739,20261003091645,ST
2026-10-03T00:20:36.422581+00:00,ST601292,01,3,20261003091635,20261003091635,20261003034829,20261003031905,ST
2026-10-03T00:20:36.422581+00:00,ST601488,02,3,20261003091117,20261002171107,20261002174552,20261003091117,ST
2026-10-03T00:20:36.422581+00:00,ST601585,01,2,20261003091057,20261003040111,20261003091057,,ST
2026-10-03T00:20:36.422581+00:00,SZBA0008,07,3,20261003091608,20261003091608,20261003090459,20261003091608,SZ
2026-10-03T00:20:36.422581+00:00,SZBA0008,08,3,20261003091538,20261003091538,20261003090500,20261003091538,SZ
2026-10-03T00:20:36.422581+00:00,SZBA0008,11,3,20261003091316,20261003091316,20261003010233,20261003091316,SZ
2026-10-03T00:20:36.422581+00:00,SZBA0008,12,3,20261003091343,20261003091343,20261003091328,20261003091343,SZ
2026-10-03T00:20:36.422581+00:00,SZBA0018,01,3,20261003091429,20261003091429,20261003083128,20261003091429,SZ
2026-10-03T00:20:36.422581+00:00,SZBA0018,02,3,20261003091503,20261003091503,20261003083130,20261003091503,SZ
2026-10-03T00:20:36.422581+00:00,TDA00009,01,2,20261003091501,20261002142032,20261002222903,,TD
2026-10-03T00:20:36.422581+00:00,TDA00074,01,2,20261003091501,20260930094720,20260930115455,,TD
2026-10-03T00:20:36.422581+00:00,UN000099,01,2,20261003091135,20261003084021,20261003091059,,UN
2026-10-03T00:20:36.422581+00:00,UN000453,01,2,20261003091235,20261003023537,20261003091134,,UN
2026-10-03T00:40:35.730270+00:00,ME174013,01,2,20261003093731,20261002234643,20261003003309,,ME
2026-10-03T00:40:35.730270+00:00,ME174027,01,2,20261003093744,20261002075136,20261002083457,,ME
2026-10-03T00:40:35.730270+00:00,ME174039,01,2,20261003093750,20260929103213,20260929105255,,ME
2026-10-03T00:40:35.730270+00:00,ME178009,01,2,20261003093755,20261003054239,20261003060406,,ME
2026-10-03T00:40:35.730270+00:00,ME178009,02,2,20261003093800,20261003061907,20261003064517,,ME
2026-10-03T00:40:35.730270+00:00,ME181102,01,2,20261003093805,20261001150545,20261001152810,,ME
2026-10-03T00:40:35.730270+00:00,ME181150,12,2,20261003093803,20261001125333,20261001133654,,ME
2026-10-03T00:40:35.730270+00:00,ME181150,13,2,20261003093814,20260926151936,20260926160257,,ME
2026-10-03T00:40:35.730270+00:00,ME183001,01,2,20261003093822,20261002155404,20261002164014,,ME
2026-10-03T00:40:35.730270+00:00,ME183002,01,2,20261003093826,20261003070217,20261003072929,,ME
2026-10-03T00:40:35.730270+00:00,ME183003,01,2,20261003093829,20261002232940,20261002235428,,ME
2026-10-03T00:40:35.730270+00:00,ME183004,01,2,20261003093831,20261002190604,20261002190744,,ME
2026-10-03T00:40:35.730270+00:00,ME183006,01,2,20261003093848,20261003091322,20261003092217,,ME
2026-10-03T00:40:35.730270+00:00,ME183008,01,2,20261003093845,20261002215028,20261002223046,,ME
2026-10-03T00:40:35.730270+00:00,ME183009,01,2,20261003093845,20261002173338,20261002181645,,ME
2026-10-03T00:40:35.730270+00:00,ME183103,01,2,20261003093905,20261003080002,20261003084307,,ME
2026-10-03T00:40:35.730270+00:00,ME183103,02,2,20261003093535,20261002140511,20261002144638,,ME
2026-10-03T00:40:35.730270+00:00,ME183103,52,2,20261003093530,20261002214322,20261002220457,,ME
2026-10-03T00:40:35.730270+00:00,ME183219,01,2,20261003093904,20261002225815,20261002234120,,ME
2026-10-03T00:40:35.730270+00:00,ME183219,02,2,20261003093412,20261002154008,20261002160654,,ME
2026-10-03T00:40:35.730270+00:00,ME183219,52,2,20261003093411,20261002103223,20261002105447,,ME
2026-10-03T00:40:35.730270+00:00,ME184075,01,2,20261003093424,20261002111139,20261002125929,,ME
2026-10-03T00:40:35.730270+00:00,ME184076,01,2,20261003093419,20261003091238,20261003091528,,ME
2026-10-03T00:40:35.730270+00:00,ME18B159,01,2,20261003093425,20261003014912,20261003015513,,ME
2026-10-03T00:40:35.730270+00:00,ME18B163,01,3,20261003093803,20261003024406,20261003031522,20261003090756,ME
2026-10-03T00:40:35.730270+00:00,ME18B164,01,2,20261003093445,20261003082058,20261003090403,,ME
2026-10-03T00:40:35.730270+00:00,ME18B165,01,2,20261003093656,20261002214520,20261002220600,,ME
2026-10-03T00:40:35.730270+00:00,ME18B166,01,3,20261003093905,20261003091648,20261003093728,20261003093904,ME
2026-10-03T00:40:35.730270+00:00,ME18B168,01,2,20261003093444,20261003052235,20261003055606,,ME
2026-10-03T00:40:35.730270+00:00,ME18B169,01,2,20261003093446,20261003081940,20261003090022,,ME
2026-10-03T00:40:35.730270+00:00,ME18B170,01,2,20261003093627,20261003085321,20261003093625,,ME
2026-10-03T00:40:35.730270+00:00,ME18B175,01,2,20261003093456,20261002194547,20261002200618,,ME
2026-10-03T00:40:35.730270+00:00,ME18B176,01,2,20261003093456,20261002183553,20261002190422,,ME
2026-10-03T00:40:35.730270+00:00,ME18B179,01,2,20261003093458,20261002183830,20261002191655,,ME
2026-10-03T00:40:35.730270+00:00,ME18B180,01,2,20261003093512,20261003081059,20261003085334,,ME
2026-10-03T00:40:35.730270+00:00,ME18B181,01,2,20261003093505,20261003080024,20261003084048,,ME
2026-10-03T00:40:35.730270+00:00,ME18B183,01,2,20261003093517,20261001220014,20261001224319,,ME
2026-10-03T00:40:35.730270+00:00,ME18B278,11,2,20261003093520,20261002130554,20261002132453,,ME
2026-10-03T00:40:35.730270+00:00,ME18B278,12,2,20261003093523,20261002122513,20261002130447,,ME
2026-10-03T00:40:35.730270+00:00,ME18B279,11,2,20261003093522,20261003074426,20261003081139,,ME
2026-10-03T00:40:35.730270+00:00,ME18B279,12,2,20261003093524,20261003063334,20261003071449,,ME
2026-10-03T00:40:35.730270+00:00,ME18B284,11,2,20261003093559,20261002124913,20261002133216,,ME
2026-10-03T00:40:35.730270+00:00,ME18B284,12,2,20261003093557,20261002110805,20261002115110,,ME
2026-10-03T00:40:35.730270+00:00,ME18B288,11,2,20261003093612,20261002153446,20261002160909,,ME
2026-10-03T00:40:35.730270+00:00,ME18B288,12,2,20261003093614,20261002120410,20261002124538,,ME
2026-10-03T00:40:35.730270+00:00,ME18B408,01,2,20261003093426,20261003091906,20261003093102,,ME
2026-10-03T00:40:35.730270+00:00,ME18B408,02,2,20261003093438,20261002074554,20261002082557,,ME
2026-10-03T00:40:35.730270+00:00,ME18B408,03,2,20261003093431,20261003071817,20261003074526,,ME
2026-10-03T00:40:35.730270+00:00,ME18B408,04,2,20261003093426,20261002081703,20261002084751,,ME
2026-10-03T00:40:35.730270+00:00,ME19A152,01,2,20261003093518,20261002231434,20261002232549,,ME
2026-10-03T00:40:35.730270+00:00,ME19A153,01,3,20261003093639,20261003084057,20261003090038,20261003090133,ME
2026-10-03T00:40:35.730270+00:00,ME19A160,01,2,20261003093513,20261001153032,20261001161048,,ME
2026-10-03T00:40:35.730270+00:00,ME19A164,01,3,20261003093818,20261003001559,20261003003622,20261003091313,ME
2026-10-03T00:40:35.730270+00:00,ME19A170,01,2,20261003093448,20261003015649,20261003021141,,ME
2026-10-03T00:40:35.730270+00:00,ME19A243,21,2,20261003093218,20261003034725,20261003042732,,ME
2026-10-03T00:40:35.730270+00:00,ME19A243,22,9,20261003093310,20261002235355,20261003003402,,ME
2026-10-03T00:40:35.730270+00:00,ME19A245,21,2,20261003093348,20261003085227,20261003093339,,ME
2026-10-03T00:40:35.730270+00:00,ME19A245,22,2,20261003093221,20261002212602,20261002220240,,ME
2026-10-03T00:40:35.730270+00:00,ME19A246,21,2,20261003093204,20260923151421,20260923154350,,ME
2026-10-03T00:40:35.730270+00:00,ME19A246,22,2,20261003093204,20260923104719,20260923111808,,ME
2026-10-03T00:40:35.730270+00:00,ME19A265,21,2,20261003093217,20261003085807,20261003091449,,ME
2026-10-03T00:40:35.730270+00:00,ME19A265,22,2,20261003093218,20261003071201,20261003072620,,ME
2026-10-03T00:40:35.730270+00:00,ME19A274,21,2,20261003093227,20261002174606,20261002182613,,ME
2026-10-03T00:40:35.730270+00:00,ME19A274,22,2,20261003093228,20261003001209,20261003005216,,ME
2026-10-03T00:40:35.730270+00:00,ME19A601,23,9,20261003093310,20261003074209,20261003075223,,ME
2026-10-03T00:40:35.730270+00:00,ME19A601,24,9,20261003093310,20261002203900,20261002205855,,ME
2026-10-03T00:40:35.730270+00:00,ME19A601,25,9,20261003093310,20261003070931,20261003074939,,ME
2026-10-03T00:40:35.730270+00:00,ME19A601,26,2,20261003093216,20261002183807,20261002190522,,ME
2026-10-03T00:40:35.730270+00:00,ME19D118,01,2,20261003093849,20261002155908,20261002161500,,ME
2026-10-03T00:40:35.730270+00:00,ME19X403,41,2,20261003093434,20261003074343,20261003081342,,ME
2026-10-03T00:40:35.730270+00:00,ME19X403,42,2,20261003093803,20261002172311,20261002175849,,ME
2026-10-03T00:40:35.730270+00:00,ME19X403,43,2,20261003093802,20261002210152,20261002210410,,ME
2026-10-03T00:40:35.730270+00:00,ME19X403,44,2,20261003093443,20261003082218,20261003085934,,ME
2026-10-03T00:40:35.730270+00:00,ME19X403,45,2,20261003093520,20261002145350,20261002153350,,ME
2026-10-03T00:40:35.730270+00:00,ME19X417,41,2,20261003093715,20260928160118,20260928162510,,ME
2026-10-03T00:40:35.730270+00:00,ME19X417,42,2,20261003093715,20261002110113,20261002114113,,ME
2026-10-03T00:40:35.730270+00:00,ME19X417,43,2,20261003093710,20261001132853,20261001140853,,ME
2026-10-03T00:40:35.730270+00:00,ME19X417,44,2,20261003093659,20261002113359,20261002115059,,ME
2026-10-03T00:40:35.730270+00:00,ME19X417,45,2,20261003093711,20261002104645,20261002112645,,ME
2026-10-03T00:40:35.730270+00:00,ME19Y284,21,2,20261003093726,20261002081214,20261002085214,,ME
2026-10-03T00:40:35.730270+00:00,ME19Y284,22,3,20261003093818,20261003043700,20261003051700,20261003093245,ME
2026-10-03T00:40:35.730270+00:00,ME19Y601,21,2,20261003093821,20261003092126,20261003093502,,ME
2026-10-03T00:40:35.730270+00:00,ME19Y601,22,2,20261003093822,20261003044741,20261003052056,,ME
2026-10-03T00:40:35.730270+00:00,ME19Y601,23,2,20261003093537,20261002125914,20261002130046,,ME
2026-10-03T00:40:35.730270+00:00,ME19Y601,24,3,20261003093453,20261003043016,20261003043959,20261003091119,ME
2026-10-03T00:40:35.730270+00:00,ME19Y601,25,2,20261003093738,20261002212412,20261002220412,,ME
2026-10-03T00:40:35.730270+00:00,ME19Y601,26,2,20261003093738,20261003045326,20261003053326,,ME
2026-10-03T00:40:35.730270+00:00,ME20A193,01,2,20261003093711,20261003084221,20261003085650,,ME
2026-10-03T00:40:35.730270+00:00,ME20A194,01,2,20261003093711,20261003052410,20261003060410,,ME
2026-10-03T00:40:35.730270+00:00,ME20A195,01,2,20261003093713,20261002125257,20261002133257,,ME
2026-10-03T00:40:35.730270+00:00,ME20A196,01,3,20261003093640,20261003084442,20261003092141,20261003092635,ME
2026-10-03T00:40:35.730270+00:00,ME20A197,01,2,20261003093715,20261003033650,20261003041650,,ME
2026-10-03T00:40:35.730270+00:00,ME20A198,01,2,20261003093536,20261003080802,20261003084802,,ME
2026-10-03T00:40:35.730270+00:00,ME20A199,01,2,20261003093704,20261002134604,20261002142604,,ME
2026-10-03T00:40:35.730270+00:00,ME20A1a0,01,2,20261003093717,20260930211119,20260930212304,,ME
2026-10-03T00:40:35.730270+00:00,ME20A1a1,01,2,20261003093712,20261002113810,20261002121810,,ME
2026-10-03T00:40:35.730270+00:00,ME20A1a2,01,2,20261003093712,20261003053006,20261003055101,,ME
2026-10-03T00:40:35.730270+00:00,ME20A1a3,01,2,20261003093703,20261003061633,20261003065633,,ME
2026-10-03T00:40:35.730270+00:00,ME20A1a4,01,2,20261003093713,20261002193854,20261002194819,,ME
2026-10-03T00:40:35.730270+00:00,ME20A1a5,01,2,20261003093902,20261003085003,20261003093003,,ME
2026-10-03T00:40:35.730270+00:00,ME20A1a6,01,2,20261003093535,20261002211900,20261002215900,,ME
2026-10-03T00:40:35.730270+00:00,ME20A1a7,01,2,20261003093706,20261002174907,20261002182907,,ME
2026-10-03T00:40:35.730270+00:00,ME20A1a8,01,2,20261003093717,20261002231725,20261002233910,,ME
2026-10-03T00:40:35.730270+00:00,ME20A1a9,01,2,20261003093712,20261003085457,20261003090040,,ME
2026-10-03T00:40:35.730270+00:00,ME20A1b0,01,2,20261003093616,20261002135741,20261002143741,,ME
2026-10-03T00:40:35.730270+00:00,ME20A278,21,2,20261003093706,20261002035123,20261002041435,,ME
2026-10-03T00:40:35.730270+00:00,ME20A278,22,2,20261003093706,20261003014031,20261003020308,,ME
2026-10-03T00:40:35.730270+00:00,ME20A279,21,2,20261003093717,20260930195919,20260930203919,,ME
2026-10-03T00:40:35.730270+00:00,ME20A279,22,2,20261003093717,20261002100349,20261002103236,,ME
2026-10-03T00:40:35.730270+00:00,ME20A280,01,2,20261003093739,20261002165240,20261002173240,,ME
2026-10-03T00:40:35.730270+00:00,ME20A280,02,2,20261003093805,20261002180607,20261002184443,,ME
2026-10-03T00:40:35.730270+00:00,ME20A301,01,2,20261003093739,20261002192518,20261002195553,,ME
2026-10-03T00:40:35.730270+00:00,ME20A301,21,2,20261003093736,20261001090227,20261001092940,,ME
2026-10-03T00:40:35.730270+00:00,ME20A301,22,2,20261003093736,20260930171540,20260930175540,,ME
2026-10-03T00:40:35.730270+00:00,ME20A409,21,2,20261003093652,20261002222833,20261002230026,,ME
2026-10-03T00:40:35.730270+00:00,ME20A409,22,2,20261003093652,20261003074625,20261003082625,,ME
2026-10-03T00:40:35.730270+00:00,ME20A409,23,2,20261003093745,20261002230917,20261002234917,,ME
2026-10-03T00:40:35.730270+00:00,ME20A409,24,2,20261003093745,20261003080853,20261003084853,,ME
2026-10-03T00:40:35.730270+00:00,ME20A410,01,2,20261003093754,20261002202931,20261002205927,,ME
2026-10-03T00:40:35.730270+00:00,ME20A410,02,2,20261003093747,20261003083941,20261003091941,,ME
2026-10-03T00:40:35.730270+00:00,ME20A410,03,2,20261003093812,20261002170627,20261002170757,,ME
2026-10-03T00:40:35.730270+00:00,ME20A410,91,2,20261003093755,20261002173633,20261002181633,,ME
2026-10-03T00:40:35.730270+00:00,ME20A411,01,2,20261003093826,20261002093219,20261002101219,,ME
2026-10-03T00:40:35.730270+00:00,ME20A411,02,2,20261003093822,20261002155437,20261002155549,,ME
2026-10-03T00:40:35.730270+00:00,ME20A411,03,2,20261003093830,20261002154854,20261002155033,,ME
2026-10-03T00:40:35.730270+00:00,ME20A411,04,2,20261003093825,20261002143421,20261002144242,,ME
2026-10-03T00:40:35.730270+00:00,ME21A114,01,3,20261003093809,20261003075216,20261003083525,20261003091551,ME
2026-10-03T00:40:35.730270+00:00,ME21A128,01,9,20261003093310,20261003063410,20261003064808,,ME
2026-10-03T00:40:35.730270+00:00,ME21B131,01,2,20261003093216,20261002170704,20261002172943,,ME
2026-10-03T00:40:35.730270+00:00,ME21B132,01,3,20261003093843,20261003063705,20261003071336,20261003092830,ME
2026-10-03T00:40:35.730270+00:00,ME21B133,01,3,20261003093755,20261003071739,20261003075842,20261003090921,ME
2026-10-03T00:40:35.730270+00:00,ME21B157,01,2,20261003093850,20261003065032,20261003073039,,ME
2026-10-03T00:40:35.730270+00:00,ME21B164,01,2,20261003093238,20261002160916,20261002163733,,ME
2026-10-03T00:40:35.730270+00:00,ME21B168,01,9,20261003093310,20261003061759,20261003065310,,ME
2026-10-03T00:40:35.730270+00:00,ME21B171,01,2,20261003093620,20261003091518,20261003093624,,ME
2026-10-03T00:40:35.730270+00:00,ME21B180,01,9,20261003093310,20261002204629,20261002210257,,ME
2026-10-03T00:40:35.730270+00:00,ME21B211,01,2,20261003093228,20261003004104,20261003010707,,ME
2026-10-03T00:40:35.730270+00:00,ME21B211,02,2,20261003093227,20261001165918,20261001173924,,ME
2026-10-03T00:40:35.730270+00:00,ME21B234,01,2,20261003093145,20261003074349,20261003082036,,ME
2026-10-03T00:40:35.730270+00:00,ME21B234,02,3,20261003093858,20261003082656,20261003090915,20261003091631,ME
2026-10-03T00:40:35.730270+00:00,ME21B244,01,2,20261003093212,20261001092550,20261001095012,,ME
2026-10-03T00:40:35.730270+00:00,ME21B244,02,2,20261003093220,20261002144624,20261002151909,,ME
2026-10-03T00:40:35.730270+00:00,ME21B245,01,2,20261003093127,20261003081709,20261003084938,,ME
2026-10-03T00:40:35.730270+00:00,ME21B245,02,9,20261003093310,20261002232934,20261002234252,,ME
2026-10-03T00:40:35.730270+00:00,ME21B305,01,2,20261003093229,20261003064633,20261003070725,,ME
2026-10-03T00:40:35.730270+00:00,ME21B305,02,2,20261003093224,20261002070903,20261002073908,,ME
2026-10-03T00:40:35.730270+00:00,ME21B305,03,2,20261003093217,20261002202326,20261002210348,,ME
2026-10-03T00:40:35.730270+00:00,ME21B309,01,2,20261003093223,20261003073823,20261003080934,,ME
2026-10-03T00:40:35.730270+00:00,ME21B309,02,2,20261003093326,20261003091018,20261003093326,,ME
2026-10-03T00:40:35.730270+00:00,ME21B309,03,2,20261003093135,20261003071009,20261003072733,,ME
2026-10-03T00:40:35.730270+00:00,ME21B404,01,9,20261003093310,20261003032901,20261003035538,,ME
2026-10-03T00:40:35.730270+00:00,ME21B404,02,9,20261003093310,20261003022556,20261003023819,,ME
2026-10-03T00:40:35.730270+00:00,ME21B404,03,9,20261003093310,20261002221413,20261002225419,,ME
2026-10-03T00:40:35.730270+00:00,ME21B404,04,2,20261003093221,20261002193732,20261002200358,,ME
2026-10-03T00:40:35.730270+00:00,ME21B412,01,2,20261003093227,20261002220432,20261002224250,,ME
2026-10-03T00:40:35.730270+00:00,ME21B412,02,2,20261003093229,20260929205906,20260929213028,,ME
2026-10-03T00:40:35.730270+00:00,ME21B412,03,2,20261003093222,20261002213304,20261002221307,,ME
2026-10-03T00:40:35.730270+00:00,ME21B412,04,9,20261003093310,20261002201037,20261002203930,,ME
2026-10-03T00:40:35.730270+00:00,ME21C250,21,3,20261003093906,20261003085155,20261003092722,20261003092806,ME
2026-10-03T00:40:35.730270+00:00,ME21C250,22,2,20261003093828,20261002163314,20261002171318,,ME
2026-10-03T00:40:35.730270+00:00,ME21C251,21,2,20261003093908,20261003073238,20261003074318,,ME
2026-10-03T00:40:35.730270+00:00,ME21C251,22,2,20261003093908,20261002184803,20261002191946,,ME
2026-10-03T00:40:35.730270+00:00,ME21D045,01,2,20261003093141,20261002125319,20261002132528,,ME
2026-10-03T00:40:35.730270+00:00,ME21D046,01,2,20261003093145,20261003070855,20261003074219,,ME
2026-10-03T00:40:35.730270+00:00,ME21D047,01,2,20261003093144,20261003080516,20261003081026,,ME
2026-10-03T00:40:35.730270+00:00,ME21D048,01,2,20261003093140,20261002124845,20261002124938,,ME
2026-10-03T00:40:35.730270+00:00,ME22C1B8,01,3,20261003093906,20261002224158,20261002232200,20261003091312,ME
2026-10-03T00:40:35.730270+00:00,ME22C1B9,01,2,20261003093902,20261003061847,20261003065038,,ME
2026-10-03T00:40:35.730270+00:00,ME22C1C0,01,2,20261003093837,20261002214153,20261002222154,,ME
2026-10-03T00:40:35.730270+00:00,ME22C802,01,2,20261003093831,20261002152916,20261002154534,,ME
2026-10-03T00:40:35.730270+00:00,ME22C802,02,2,20261003093859,20261003073508,20261003074624,,ME
2026-10-03T00:40:35.730270+00:00,ME22C802,03,2,20261003093821,20261002095544,20261002101349,,ME
2026-10-03T00:40:35.730270+00:00,ME22C802,04,2,20261003093902,20261002155510,20261002163149,,ME
2026-10-03T00:40:35.730270+00:00,ME22C802,05,2,20261003093838,20261002164637,20261002164738,,ME
2026-10-03T00:40:35.730270+00:00,ME22C802,06,2,20261003093819,20261002164359,20261002164459,,ME
2026-10-03T00:40:35.730270+00:00,ME22C802,07,2,20261003093905,20261003065514,20261003073515,,ME
2026-10-03T00:40:35.730270+00:00,ME22C802,08,2,20261003093810,20261002090758,20261002094712,,ME
2026-10-03T00:40:35.730270+00:00,ME22D121,01,2,20261003093900,20261002102110,20261002110113,,ME
2026-10-03T00:40:35.730270+00:00,ME22D134,01,2,20261003093853,20261003080645,20261003084648,,ME
2026-10-03T00:40:35.730270+00:00,ME22D152,01,2,20261003093902,20261002113039,20261002121042,,ME
2026-10-03T00:40:35.730270+00:00,ME22D205,01,2,20261003093856,20261003061334,20261003062436,,ME
2026-10-03T00:40:35.730270+00:00,ME22D205,02,3,20261003093843,20261002201928,20261002205443,20261003091937,ME
2026-10-03T00:40:35.730270+00:00,ME22D402,01,2,20261003093822,20261002112146,20261002112249,,ME
2026-10-03T00:40:35.730270+00:00,ME22D402,02,2,20261003093850,20261003071701,20261003072300,,ME
2026-10-03T00:40:35.730270+00:00,ME22D402,03,2,20261003093847,20261003010519,20261003013547,,ME
2026-10-03T00:40:35.730270+00:00,ME22D402,04,3,20261003093837,20261002190639,20261002190720,20261003091129,ME
2026-10-03T00:40:35.730270+00:00,ME22M301,01,2,20261003093906,20261003092256,20261003092805,,ME
2026-10-03T00:40:35.730270+00:00,ME22M301,02,2,20261003093851,20261003052301,20261003055529,,ME
2026-10-03T00:40:35.730270+00:00,ME22M301,81,2,20261003093900,20261003065031,20261003073032,,ME
2026-10-03T00:40:35.730270+00:00,ME22M301,82,2,20261003093638,20261003081636,20261003084425,,ME
2026-10-03T00:40:35.730270+00:00,ME22M301,83,2,20261003093857,20261003090143,20261003091710,,ME
2026-10-03T00:40:35.730270+00:00,ME22M301,84,2,20261003093830,20260930161732,20260930161747,,ME
2026-10-03T00:40:35.730270+00:00,ME22M302,01,2,20261003093148,20260921155947,20260921160006,,ME
2026-10-03T00:40:35.730270+00:00,ME22M302,02,2,20261003093204,20260921155715,20260921155742,,ME
2026-10-03T00:40:35.730270+00:00,ME22M302,03,2,20261003093148,20260921155300,20260921155336,,ME
2026-10-03T00:40:35.730270+00:00,ME22M302,04,2,20261003093435,20260921155018,20260921155041,,ME
2026-10-03T00:40:35.730270+00:00,ME22M302,05,2,20261003093139,20260823093756,20260823101759,,ME
2026-10-03T00:40:35.730270+00:00,ME22M302,06,2,20261003093153,20260921154337,20260921154404,,ME
2026-10-03T00:40:35.730270+00:00,ME22M302,07,2,20261003093151,20260926115558,20260926123604,,ME
2026-10-03T00:40:35.730270+00:00,ME22M302,09,2,20261003093142,20260926110850,20260926114857,,ME
2026-10-03T00:40:35.730270+00:00,ME22M302,10,2,20261003093203,20260921152834,20260921152913,,ME
2026-10-03T00:40:35.730270+00:00,ME22M302,11,2,20261003093142,20260926143629,20260926151730,,ME
2026-10-03T00:40:35.730270+00:00,ME22M302,12,2,20261003093617,20260817104012,20260817112018,,ME
2026-10-03T00:40:35.730270+00:00,ME22M302,13,2,20261003093142,20260921151455,20260921151511,,ME
2026-10-03T00:40:35.730270+00:00,ME22M302,14,2,20261003093200,20260921151212,20260921151231,,ME
2026-10-03T00:40:35.730270+00:00,ME22M302,15,2,20261003093147,20260921145157,20260921145213,,ME
2026-10-03T00:40:35.730270+00:00,ME22M302,16,2,20261003093203,20260926150958,20260926155002,,ME
2026-10-03T00:40:35.730270+00:00,ME22M302,17,2,20261003093153,20260926145717,20260926153723,,ME
2026-10-03T00:40:35.730270+00:00,ME22M302,18,2,20261003093145,20260921145613,20260921145630,,ME
2026-10-03T00:40:35.730270+00:00,ME22M302,19,2,20261003093150,20260926135623,20260926143630,,ME
2026-10-03T00:40:35.730270+00:00,ME22M302,20,2,20261003093155,20260921150428,20260921150443,,ME
2026-10-03T00:40:35.730270+00:00,ME22M302,21,2,20261003093144,20260928084325,20260928092332,,ME
2026-10-03T00:40:35.730270+00:00,ME22M302,22,2,20261003093146,20260921143854,20260921143914,,ME
2026-10-03T00:40:35.730270+00:00,ME22M302,23,2,20261003093134,20260930075634,20260930083640,,ME
2026-10-03T00:40:35.730270+00:00,ME22M302,24,2,20261003093159,20261002094704,20261002102710,,ME
2026-10-03T00:40:35.730270+00:00,ME22M302,25,2,20261003093202,20260926125145,20260926133230,,ME
2026-10-03T00:40:35.730270+00:00,ME22M302,26,2,20261003093147,20261002153611,20261002161615,,ME
2026-10-03T00:40:35.730270+00:00,ME22M302,28,9,20261003093310,20260921162323,20260921162348,,ME
2026-10-03T00:40:35.730270+00:00,ME22M302,29,2,20261003093149,20260927122538,20260927130542,,ME
2026-10-03T00:40:35.730270+00:00,ME22M302,30,2,20261003093131,20260927141254,20260927145257,,ME
2026-10-03T00:40:35.730270+00:00,ME22M302,31,2,20261003093149,20260921161305,20260921161338,,ME
2026-10-03T00:40:35.730270+00:00,ME22M302,32,2,20261003093151,20260921160914,20260921160942,,ME
2026-10-03T00:40:35.730270+00:00,ME22M302,33,2,20261003093903,20261003090111,20261003093310,,ME
2026-10-03T00:40:35.730270+00:00,ME22M302,34,2,20261003093848,20261002171853,20261002175855,,ME
2026-10-03T00:40:35.730270+00:00,ME22M302,35,2,20261003093817,20260926140047,20260926144048,,ME
2026-10-03T00:40:35.730270+00:00,ME22M302,36,2,20261003093815,20260930065914,20260930073606,,ME
2026-10-03T00:40:35.730270+00:00,ME25A102,01,2,20261003093523,20261002124254,20261002132306,,ME
2026-10-03T00:40:35.730270+00:00,ME25A107,01,2,20261003093510,20261002103943,20261002111957,,ME
2026-10-03T00:40:35.730270+00:00,ME25A108,01,2,20261003093607,20260916152726,20260916155313,,ME
2026-10-03T00:40:35.730270+00:00,ME25A109,01,2,20261003093716,20261002200916,20261002201914,,ME
2026-10-03T00:40:35.730270+00:00,ME25A401,21,2,20261003093520,20261002232518,20261002233716,,ME
2026-10-03T00:40:35.730270+00:00,ME25A401,22,2,20261003093521,20261002222452,20261002223146,,ME
2026-10-03T00:40:35.730270+00:00,ME25A401,23,2,20261003093534,20261001214340,20261001221432,,ME
2026-10-03T00:40:35.730270+00:00,ME25A401,24,2,20261003093536,20261002223030,20261002223704,,ME
2026-10-03T00:40:35.730270+00:00,ME25A403,21,2,20261003093604,20261002180444,20261002182029,,ME
2026-10-03T00:40:35.730270+00:00,ME25A403,22,2,20261003093606,20260923065817,20260923073818,,ME
2026-10-03T00:40:35.730270+00:00,ME25A403,23,2,20261003093545,20261001125825,20261001174231,,ME
2026-10-03T00:40:35.730270+00:00,ME25A403,24,2,20261003093547,20261002073801,20261002081806,,ME
2026-10-03T00:40:35.730270+00:00,ME25A404,21,2,20261003093559,20261002234326,20261003002327,,ME
2026-10-03T00:40:35.730270+00:00,ME25A404,22,2,20261003093601,20261002065928,20261002071423,,ME
2026-10-03T00:40:35.730270+00:00,ME25A404,23,2,20261003093613,20261002090455,20261002211021,,ME
2026-10-03T00:40:35.730270+00:00,ME25A404,24,2,20261003093615,20260915112557,20260915120602,,ME
2026-10-03T00:40:35.730270+00:00,ME25A405,21,2,20261003093629,20261002180754,20261002182025,,ME
2026-10-03T00:40:35.730270+00:00,ME25A405,22,2,20261003093631,20261001230458,20261001231056,,ME
2026-10-03T00:40:35.730270+00:00,ME25A405,23,3,20261003093755,20261002130650,20261002194109,20261003092747,ME
2026-10-03T00:40:35.730270+00:00,ME25A405,24,2,20261003093705,20260930185209,20260930191713,,ME
2026-10-03T00:40:35.730270+00:00,ME25A406,21,2,20261003093642,20261002162633,20261002164144,,ME
2026-10-03T00:40:35.730270+00:00,ME25A406,22,2,20261003093644,20261002175021,20261002180359,,ME
2026-10-03T00:40:35.730270+00:00,ME25A406,23,2,20261003093728,20260930124123,20260930124627,,ME
2026-10-03T00:40:35.730270+00:00,ME25A406,24,2,20261003093730,20260928125427,20260928131758,,ME
2026-10-03T00:40:35.730270+00:00,AM900044,01,3,20261003093512,20260922010951,20260923110909,20261003093512,AM
2026-10-03T00:40:35.730270+00:00,AM900055,03,3,20261003093626,20261002061016,20261002081011,20261003093626,AM
2026-10-03T00:40:35.730270+00:00,BNBN0326,01,2,20261003093604,20261003061548,20261003093548,,BN
2026-10-03T00:40:35.730270+00:00,BNBN0381,02,2,20261003093303,20261003073524,20261003084550,,BN
2026-10-03T00:40:35.730270+00:00,BNBN0411,01,2,20261003093904,20261003082624,20261003093738,,BN
2026-10-03T00:40:35.730270+00:00,BNBN0991,02,3,20261003093608,20261003000225,20261003001914,20261003000225,BN
2026-10-03T00:40:35.730270+00:00,BT000149,03,2,20261003093404,20261003005123,20261003022954,,BT
2026-10-03T00:40:35.730270+00:00,BT000174,01,9,20261003093810,20261003081148,20261003090802,,BT
2026-10-03T00:40:35.730270+00:00,BT200001,12,3,20261003093956,20261003093956,20261003093956,20261003093956,BT
2026-10-03T00:40:35.730270+00:00,BT200001,13,3,20261003093957,20261003093957,20261003093957,20261003093957,BT
2026-10-03T00:40:35.730270+00:00,CI0I0007,04,3,20261003093658,20261003093658,20261003093656,20261003093658,CI
2026-10-03T00:40:35.730270+00:00,CPCT0057,05,3,20261003093826,20261003003831,20261003003831,20261003093825,CP
2026-10-03T00:40:35.730270+00:00,CR000244,01,3,20261003093905,20261003093905,20261003093826,20261003093905,CR
2026-10-03T00:40:35.730270+00:00,CSCS1006,03,2,20261003093707,20261003003721,20261003003721,,CS
2026-10-03T00:40:35.730270+00:00,CV000204,05,3,20261003093515,20261003093454,20261003093503,20261003093515,CV
2026-10-03T00:40:35.730270+00:00,CV000685,01,3,20261003093518,20261003093103,20261003093118,20261003093518,CV
2026-10-03T00:40:35.730270+00:00,CV000825,01,2,20261003093518,20261003090257,20261003093103,,CV
2026-10-03T00:40:35.730270+00:00,CV000826,01,2,20261003093517,20261003092748,20261003093415,,CV
2026-10-03T00:40:35.730270+00:00,CV000857,02,1,20261003093518,20261002201302,20261002220016,,CV
2026-10-03T00:40:35.730270+00:00,CV001086,01,3,20261003093519,20261003093433,20261003093435,20261003093519,CV
2026-10-03T00:40:35.730270+00:00,CV001302,02,2,20261003093522,20261003090012,20261003093108,,CV
2026-10-03T00:40:35.730270+00:00,CV001364,08,2,20261003093529,20261003084602,20261003093347,,CV
2026-10-03T00:40:35.730270+00:00,CV001834,01,3,20261003093525,20261003093132,20261003093132,20261003093525,CV
2026-10-03T00:40:35.730270+00:00,CV001947,01,2,20261003093527,20261003091052,20261003093358,,CV
2026-10-03T00:40:35.730270+00:00,CV002016,01,1,20261003093529,20261002164919,20261002180631,,CV
2026-10-03T00:40:35.730270+00:00,CV002039,03,2,20261003093529,20261002230134,20261003015426,,CV
2026-10-03T00:40:35.730270+00:00,CV002086,01,2,20261003093526,20261003001151,20261003093416,,CV
2026-10-03T00:40:35.730270+00:00,CV002636,08,3,20261003093528,20261003093359,20261003093400,20261003093528,CV
2026-10-03T00:40:35.730270+00:00,CV002673,21,2,20261003093046,20261001185723,20261002003637,,CV
2026-10-03T00:40:35.730270+00:00,CV002836,03,3,20261003093539,20261003093300,20261003093308,20261003093539,CV
2026-10-03T00:40:35.730270+00:00,CV002900,02,2,20261003093537,20261003092015,20261003093335,,CV
2026-10-03T00:40:35.730270+00:00,CV003197,02,2,20261003093542,20261003014005,20261003093105,,CV
2026-10-03T00:40:35.730270+00:00,CV003200,05,2,20261003093040,20261002221635,20261003092710,,CV
2026-10-03T00:40:35.730270+00:00,CV003473,09,3,20261003093042,20261003092842,20261003092843,20261003092842,CV
2026-10-03T00:40:35.730270+00:00,CV003788,02,3,20261003093515,20261003093229,20261003093233,20261003093515,CV
2026-10-03T00:40:35.730270+00:00,CV003814,08,3,20261003093545,20261003093346,20261003093347,20261003093545,CV
2026-10-03T00:40:35.730270+00:00,CV003990,02,3,20261003093044,20261003092542,20261003092544,20261003093044,CV
2026-10-03T00:40:35.730270+00:00,CV003990,04,3,20261003093546,20261003093250,20261003093251,20261003093250,CV
2026-10-03T00:40:35.730270+00:00,CV004073,03,3,20261003093043,20261003092849,20261003092851,20261003092849,CV
2026-10-03T00:40:35.730270+00:00,CV004156,14,3,20261003093539,20261003093117,20261003093118,20261003093539,CV
2026-10-03T00:40:35.730270+00:00,CV004156,19,3,20261003093045,20261003092532,20261003092533,20261003093045,CV
2026-10-03T00:40:35.730270+00:00,CV004159,02,3,20261003093043,20261003092849,20261003092852,20261003092849,CV
2026-10-03T00:40:35.730270+00:00,CV004159,04,2,20261003093044,20261003091401,20261003092756,,CV
2026-10-03T00:40:35.730270+00:00,CV004159,05,2,20261003093546,20261003090345,20261003092626,,CV
2026-10-03T00:40:35.730270+00:00,CV004617,02,3,20261003093047,20261003092712,20261003092720,20261003092712,CV
2026-10-03T00:40:35.730270+00:00,DO000012,01,2,20261003093412,20261003084309,20261003093412,,DO
2026-10-03T00:40:35.730270+00:00,EC000210,10,2,20261003094001,20261002192026,20261003014451,,EC
2026-10-03T00:40:35.730270+00:00,EC000217,04,2,20261003093801,20261002173725,20261003012726,,EC
2026-10-03T00:40:35.730270+00:00,EC000698,03,2,20261003093401,20261003004820,20261003072246,,EC
2026-10-03T00:40:35.730270+00:00,EC001039,02,9,20261003094001,20261002181849,20260930064327,,EC
2026-10-03T00:40:35.730270+00:00,EC001039,06,3,20261003093601,20261003093606,20260929021817,20261003093601,EC
2026-10-03T00:40:35.730270+00:00,EC001043,03,2,20261003093201,20261002203152,20261003031237,,EC
2026-10-03T00:40:35.730270+00:00,EC001049,01,2,20261003093601,20261003074203,20261003092526,,EC
2026-10-03T00:40:35.730270+00:00,EC004070,05,2,20261003093802,20261002163737,20261002202735,,EC
2026-10-03T00:40:35.730270+00:00,EC004870,03,2,20261003093202,20261003000225,20261003002028,,EC
2026-10-03T00:40:35.730270+00:00,EC004871,03,3,20261003093602,20261003093427,20261001204854,20261003093427,EC
2026-10-03T00:40:35.730270+00:00,EP210027,02,2,20261003093254,20261002031059,20261002111026,,EP
2026-10-03T00:40:35.730270+00:00,ER000329,05,2,20261003093039,20261003092525,20261003015829,,ER
2026-10-03T00:40:35.730270+00:00,ER000429,11,2,20261003093039,20261002231605,20261002220345,,ER
2026-10-03T00:40:35.730270+00:00,ER000466,01,2,20261003093252,20261002204220,20261002144413,,ER
2026-10-03T00:40:35.730270+00:00,ER000629,01,2,20261003093803,20261003003919,20261002205746,,ER
2026-10-03T00:40:35.730270+00:00,ER110088,02,3,20261003093141,20261001132535,20261001102139,20261003093121,ER
2026-10-03T00:40:35.730270+00:00,EREL0030,04,3,20261003094008,20261002103931,20261002100517,20261003090010,ER
2026-10-03T00:40:35.730270+00:00,EV000119,03,3,20261003093912,20261002212017,20261003054659,20261003093912,EV
2026-10-03T00:40:35.730270+00:00,EV000119,04,2,20261003093912,20261003041740,20261003093801,,EV
2026-10-03T00:40:35.730270+00:00,EV000927,01,3,20261003093914,20261002173305,20261002205558,20261003093822,EV
2026-10-03T00:40:35.730270+00:00,EV000929,01,3,20261003093711,20260927190922,20260927231603,20261003093548,EV
2026-10-03T00:40:35.730270+00:00,EV001572,01,2,20261003093309,20261002231118,20261003030123,,EV
2026-10-03T00:40:35.730270+00:00,EV001575,03,2,20261003093309,20261002192218,20261003005639,,EV
2026-10-03T00:40:35.730270+00:00,EV001626,02,2,20261003093508,20261002155750,20261002174550,,EV
2026-10-03T00:40:35.730270+00:00,EV003065,02,3,20261003093309,20261002194715,20261003000517,20261003093108,EV
2026-10-03T00:40:35.730270+00:00,EV003189,01,2,20261003093711,20261002232150,20261003033101,,EV
2026-10-03T00:40:35.730270+00:00,EV003312,03,3,20261003093509,20261003073928,20261003093126,20261003093425,EV
2026-10-03T00:40:35.730270+00:00,EV003833,03,3,20261003093914,20260929010133,20260929085622,20261003093914,EV
2026-10-03T00:40:35.730270+00:00,EV003851,02,2,20261003093711,20261002210247,20261003033654,,EV
2026-10-03T00:40:35.730270+00:00,EV005105,09,2,20261003093710,20261002194501,20261002205357,,EV
2026-10-03T00:40:35.730270+00:00,EV005123,02,2,20261003093412,20261002215937,20261003055154,,EV
2026-10-03T00:40:35.730270+00:00,EV005550,01,2,20261003093913,20261003084242,20261003093607,,EV
2026-10-03T00:40:35.730270+00:00,EV005592,01,2,20261003093308,20261002171445,20261002230417,,EV
2026-10-03T00:40:35.730270+00:00,EV005688,03,2,20261003093710,20261002180448,20261002194818,,EV
2026-10-03T00:40:35.730270+00:00,EV006082,09,3,20261003093105,20261001190608,20261001221233,20261003093021,EV
2026-10-03T00:40:35.730270+00:00,EV006181,06,2,20261003093308,20261002215039,20261003093027,,EV
2026-10-03T00:40:35.730270+00:00,EV006268,01,1,20261003093412,20260914085932,20260914090024,,EV
2026-10-03T00:40:35.730270+00:00,EV006798,01,2,20261003093308,20261002220221,20261003042618,,EV
2026-10-03T00:40:35.730270+00:00,EV006887,13,3,20261003093308,20261001201931,20261002051914,20261003093228,EV
2026-10-03T00:40:35.730270+00:00,EV007081,03,2,20261003093409,20261002210922,20261003061632,,EV
2026-10-03T00:40:35.730270+00:00,EV007090,02,2,20261003093309,20261002183413,20261003013851,,EV
2026-10-03T00:40:35.730270+00:00,EV007450,02,3,20261003093709,20261003065310,20261003071851,20261003093549,EV
2026-10-03T00:40:35.730270+00:00,EV008021,01,2,20261003093307,20261003024555,20261003090719,,EV
2026-10-03T00:40:35.730270+00:00,EV008194,02,2,20261003093511,20261002230422,20261003074531,,EV
2026-10-03T00:40:35.730270+00:00,EV008277,01,3,20261003093913,20261001192239,20261001210149,20261003033146,EV
2026-10-03T00:40:35.730270+00:00,EV008279,02,2,20261003093913,20261002190001,20261003021055,,EV
2026-10-03T00:40:35.730270+00:00,EV008817,03,2,20261003093107,20261002193543,20261003010519,,EV
2026-10-03T00:40:35.730270+00:00,EV010080,02,2,20261003093711,20261003083727,20261003093622,,EV
2026-10-03T00:40:35.730270+00:00,EV010468,02,2,20261003093712,20261003013743,20261003093425,,EV
2026-10-03T00:40:35.730270+00:00,EV010585,04,2,20261003093108,20261002184902,20261002203743,,EV
2026-10-03T00:40:35.730270+00:00,EV010700,02,2,20261003093310,20261002192726,20261003025430,,EV
2026-10-03T00:40:35.730270+00:00,EV010977,02,2,20261003093509,20261003001057,20261003053700,,EV
2026-10-03T00:40:35.730270+00:00,EV011071,02,2,20261003093912,20261002184036,20261002220738,,EV
2026-10-03T00:40:35.730270+00:00,EV011233,04,3,20261003093307,20261002080352,20261002085334,20261003093231,EV
2026-10-03T00:40:35.730270+00:00,EV011467,02,2,20261003093106,20261002214502,20261003003308,,EV
2026-10-03T00:40:35.730270+00:00,EV011744,03,2,20261003093510,20261002201248,20261003093244,,EV
2026-10-03T00:40:35.730270+00:00,EV011838,03,2,20261003093109,20261002190123,20261002234454,,EV
2026-10-03T00:40:35.730270+00:00,EV011948,09,2,20261003093712,20261002211457,20261003052334,,EV
2026-10-03T00:40:35.730270+00:00,EV012058,02,2,20261003093106,20261002184844,20261002222710,,EV
2026-10-03T00:40:35.730270+00:00,EV012083,01,2,20261003093109,20261003091736,20261003092946,,EV
2026-10-03T00:40:35.730270+00:00,EV012712,03,1,20261003093413,20260930234332,20261001061625,,EV
2026-10-03T00:40:35.730270+00:00,EV012738,02,2,20261003093309,20261003011946,20261003080415,,EV
2026-10-03T00:40:35.730270+00:00,EV012760,02,2,20261003093709,20261002233407,20261003093516,,EV
2026-10-03T00:40:35.730270+00:00,EV012773,03,3,20261003093308,20261002081930,20261002160039,20261003093212,EV
2026-10-03T00:40:35.730270+00:00,EV012809,01,2,20261003093310,20261002173330,20261003031932,,EV
2026-10-03T00:40:35.730270+00:00,EV012813,03,2,20261003093109,20261002220016,20261003015527,,EV
2026-10-03T00:40:35.730270+00:00,EV013384,01,2,20261003093709,20261002203033,20261003084914,,EV
2026-10-03T00:40:35.730270+00:00,EV013436,03,3,20261003093309,20261002170317,20261002200828,20261003093215,EV
2026-10-03T00:40:35.730270+00:00,EV013537,01,3,20261003093712,20261002072040,20261002101411,20261003093609,EV
2026-10-03T00:40:35.730270+00:00,EV013813,02,3,20261003093914,20260928083918,20260928095913,20261003093757,EV
2026-10-03T00:40:35.730270+00:00,EV013840,01,2,20261003093508,20260930135344,20260930140308,,EV
2026-10-03T00:40:35.730270+00:00,EV013874,01,3,20261003093509,20261002190224,20261003020539,20261003093357,EV
2026-10-03T00:40:35.730270+00:00,EV013904,01,3,20261003093109,20261003073601,20261003075916,20261003093023,EV
2026-10-03T00:40:35.730270+00:00,EV014030,02,2,20261003093310,20261002210820,20261003005825,,EV
2026-10-03T00:40:35.730270+00:00,EV014110,05,3,20261003093913,20260929213644,20260930021756,20261003093913,EV
2026-10-03T00:40:35.730270+00:00,EV014188,01,3,20261003093410,20261002231530,20261003024825,20261003093310,EV
2026-10-03T00:40:35.730270+00:00,EV014316,07,3,20261003093309,20260928120820,20260928182323,20261003093309,EV
2026-10-03T00:40:35.730270+00:00,EV014375,02,2,20261003093509,20261002204239,20261002222613,,EV
2026-10-03T00:40:35.730270+00:00,EV014436,01,2,20261003093108,20261002184950,20261002214019,,EV
2026-10-03T00:40:35.730270+00:00,EV014466,01,2,20261003093308,20261003002523,20261003075511,,EV
2026-10-03T00:40:35.730270+00:00,EV014495,03,3,20261003093509,20261002073146,20261002090801,20261003093400,EV
2026-10-03T00:40:35.730270+00:00,EV014508,10,3,20261003093108,20261002180418,20261002190007,20261003092914,EV
2026-10-03T00:40:35.730270+00:00,EV015295,04,2,20261003093915,20261002225129,20261003042432,,EV
2026-10-03T00:40:35.730270+00:00,EV015391,02,2,20261003093712,20261002224821,20261003001444,,EV
2026-10-03T00:40:35.730270+00:00,EV015587,03,2,20261003093711,20261002172334,20261002201929,,EV
2026-10-03T00:40:35.730270+00:00,EV015597,01,2,20261003093509,20261003011550,20261003065927,,EV
2026-10-03T00:40:35.730270+00:00,EV015604,01,2,20261003093106,20261002215357,20261002235157,,EV
2026-10-03T00:40:35.730270+00:00,EV015606,01,3,20261003093308,20261002160942,20261002183531,20261003093122,EV
2026-10-03T00:40:35.730270+00:00,EV015998,01,2,20261003093709,20261002222159,20261003003409,,EV
2026-10-03T00:40:35.730270+00:00,EV016447,02,2,20261003093310,20261002221420,20261003002915,,EV
2026-10-03T00:40:35.730270+00:00,EV016447,05,2,20261003093310,20261002205715,20261003000205,,EV
2026-10-03T00:40:35.730270+00:00,EV017149,03,2,20261003093511,20261002181847,20261003004304,,EV
2026-10-03T00:40:35.730270+00:00,EV017483,01,2,20261003093311,20261002205752,20261003010945,,EV
2026-10-03T00:40:35.730270+00:00,EV017502,04,2,20261003093712,20261002220127,20261002232801,,EV
2026-10-03T00:40:35.730270+00:00,EV017504,10,3,20261003093109,20261003013907,20261003064119,20261003093109,EV
2026-10-03T00:40:35.730270+00:00,EV017509,04,2,20261003093712,20261002225948,20261003054339,,EV
2026-10-03T00:40:35.730270+00:00,EV017511,04,3,20261003093310,20261002213740,20261003093016,20261003093120,EV
2026-10-03T00:40:35.730270+00:00,EV017512,05,2,20261003093712,20261002173351,20261002211601,,EV
2026-10-03T00:40:35.730270+00:00,EV017911,01,2,20261003093712,20261002222736,20261003023202,,EV
2026-10-03T00:40:35.730270+00:00,EV017935,02,3,20261003093915,20261003051037,20261003055006,20261003093855,EV
2026-10-03T00:40:35.730270+00:00,EV017936,03,2,20261003093310,20261002183035,20261002232031,,EV
2026-10-03T00:40:35.730270+00:00,EV017937,01,3,20261003093712,20261002184359,20261003070546,20261003084119,EV
2026-10-03T00:40:35.730270+00:00,EV018244,01,2,20261003093106,20261002172124,20261002225052,,EV
2026-10-03T00:40:35.730270+00:00,EV018248,01,2,20261003093309,20261002214240,20261003085857,,EV
2026-10-03T00:40:35.730270+00:00,EV018285,03,2,20261003093308,20261002180014,20261003012026,,EV
2026-10-03T00:40:35.730270+00:00,EV018388,01,3,20261003093709,20261002192402,20261002232913,20261003093613,EV
2026-10-03T00:40:35.730270+00:00,EV018447,02,2,20261003093510,20261002183920,20261003023332,,EV
2026-10-03T00:40:35.730270+00:00,EV018542,02,2,20261003093106,20261003023845,20261003042920,,EV
2026-10-03T00:40:35.730270+00:00,EV018542,03,2,20261003093913,20261002215233,20261003040731,,EV
2026-10-03T00:40:35.730270+00:00,EV018646,03,2,20261003093508,20261002194705,20261002204030,,EV
2026-10-03T00:40:35.730270+00:00,EV018647,03,2,20261003093508,20261002193816,20261003000943,,EV
2026-10-03T00:40:35.730270+00:00,EV018670,01,2,20261003093912,20260930223539,20261001020915,,EV
2026-10-03T00:40:35.730270+00:00,EV018670,03,2,20261003093912,20260930195333,20261001052422,,EV
2026-10-03T00:40:35.730270+00:00,EV018910,01,2,20261003093913,20261002114300,20261003001222,,EV
2026-10-03T00:40:35.730270+00:00,EV019211,01,2,20261003093709,20261002161943,20261002202835,,EV
2026-10-03T00:40:35.730270+00:00,EV019218,01,2,20261003093508,20261002211614,20261003005205,,EV
2026-10-03T00:40:35.730270+00:00,EV019386,03,2,20261003093914,20261002184713,20261002230407,,EV
2026-10-03T00:40:35.730270+00:00,EV019497,03,2,20261003093107,20261002160706,20261003030205,,EV
2026-10-03T00:40:35.730270+00:00,EV019504,04,2,20261003093712,20261002181736,20261003013508,,EV
2026-10-03T00:40:35.730270+00:00,EV019677,01,3,20261003093712,20261002203846,20261002214811,20261003093508,EV
2026-10-03T00:40:35.730270+00:00,EV019678,02,2,20261003093108,20261003081706,20261003092858,,EV
2026-10-03T00:40:35.730270+00:00,EV019814,02,3,20261003093711,20261001175954,20261002000358,20261003093600,EV
2026-10-03T00:40:35.730270+00:00,EV019954,01,2,20261003093310,20261002200529,20261003024752,,EV
2026-10-03T00:40:35.730270+00:00,EV019958,04,2,20261003093511,20261002140720,20261003040720,,EV
2026-10-03T00:40:35.730270+00:00,EV019960,02,2,20261003093511,20261002213954,20261003055946,,EV
2026-10-03T00:40:35.730270+00:00,EV019967,01,3,20261003093511,20261002184740,20261003023742,20261003062014,EV
2026-10-03T00:40:35.730270+00:00,EV020167,04,2,20261003093712,20261002212342,20261003064746,,EV
2026-10-03T00:40:35.730270+00:00,EV020176,01,2,20261003093108,20261002204045,20261002232559,,EV
2026-10-03T00:40:35.730270+00:00,EV020519,01,3,20261003093307,20261002170129,20261002175537,20261003074815,EV
2026-10-03T00:40:35.730270+00:00,EV020995,01,2,20261003093912,20261002215739,20261003054621,,EV
2026-10-03T00:40:35.730270+00:00,HD000013,01,2,20261003094000,20261003043005,20261003045137,,HD
2026-10-03T00:40:35.730270+00:00,HD000013,02,2,20261003094000,20261003073430,20261003074513,,HD
2026-10-03T00:40:35.730270+00:00,HD000013,03,2,20261003094000,20261003063958,20261003065245,,HD
2026-10-03T00:40:35.730270+00:00,HD000013,04,2,20261003094000,20261002181810,20261002185941,,HD
2026-10-03T00:40:35.730270+00:00,HD000013,05,2,20261003094000,20261002170702,20261002173217,,HD
2026-10-03T00:40:35.730270+00:00,HD000013,06,2,20261003094000,20261002231215,20261002233019,,HD
2026-10-03T00:40:35.730270+00:00,HD000014,02,2,20261003093800,20261003090138,20261003093659,,HD
2026-10-03T00:40:35.730270+00:00,HD000017,01,2,20261003094000,20261003085042,20261003091030,,HD
2026-10-03T00:40:35.730270+00:00,HD000017,02,2,20261003094000,20261002222152,20261002222646,,HD
2026-10-03T00:40:35.730270+00:00,HD000017,03,2,20261003094000,20261002233332,20261002234131,,HD
2026-10-03T00:40:35.730270+00:00,HD000023,01,2,20261003094000,20261003090337,20261003092349,,HD
2026-10-03T00:40:35.730270+00:00,HD000023,02,2,20261003094000,20261003031529,20261003040032,,HD
2026-10-03T00:40:35.730270+00:00,HD000023,03,3,20261003094000,20261003092308,20261003075353,20261003092308,HD
2026-10-03T00:40:35.730270+00:00,HD000023,04,2,20261003094000,20261003063447,20261002180201,,HD
2026-10-03T00:40:35.730270+00:00,HD000023,05,3,20261003094000,20261003091910,20261003082602,20261003091910,HD
2026-10-03T00:40:35.730270+00:00,HD000023,06,2,20261003094000,20261003080331,20261003084530,,HD
2026-10-03T00:40:35.730270+00:00,HD000039,01,2,20261003094001,20261002175707,20261002183328,,HD
2026-10-03T00:40:35.730270+00:00,HD000039,02,2,20261003094001,20261002131445,20261002133550,,HD
2026-10-03T00:40:35.730270+00:00,HD000039,03,2,20261003094001,20261002090204,20261002093114,,HD
2026-10-03T00:40:35.730270+00:00,HD000039,04,2,20261003094001,20261002221344,20261002224138,,HD
2026-10-03T00:40:35.730270+00:00,HD000040,01,2,20261003094001,20261001004157,20261001010413,,HD
2026-10-03T00:40:35.730270+00:00,HD000040,02,2,20261003094001,20261003041403,20261003044237,,HD
2026-10-03T00:40:35.730270+00:00,HD000040,03,2,20261003094001,20261002171136,20261002173525,,HD
2026-10-03T00:40:35.730270+00:00,HD000040,04,2,20261003094001,20261002220702,20261002223839,,HD
2026-10-03T00:40:35.730270+00:00,HE000443,01,5,20261003093700,20261002145600,20261002154400,,HE
2026-10-03T00:40:35.730270+00:00,HE001015,01,3,20261003093600,20261003093600,20261003045300,20261003093600,HE
2026-10-03T00:40:35.730270+00:00,HE001015,05,3,20261003093600,20261003093600,20261003093300,20261003093600,HE
2026-10-03T00:40:35.730270+00:00,HE001047,04,2,20261003093700,20261002183800,20261003093700,,HE
2026-10-03T00:40:35.730270+00:00,HE001047,19,3,20261003093600,20261003093600,20261002220100,20261003093600,HE
2026-10-03T00:40:35.730270+00:00,HE001140,03,3,20261003093100,20261003093100,20261002195400,20261003093100,HE
2026-10-03T00:40:35.730270+00:00,HE202625,02,3,20261003093600,20261003093600,20260929012600,20261003093600,HE
2026-10-03T00:40:35.730270+00:00,HE212787,01,2,20261003093800,20261002235600,20261003093800,,HE
2026-10-03T00:40:35.730270+00:00,HE240215,07,2,20261003093200,20261003082900,20261003093200,,HE
2026-10-03T00:40:35.730270+00:00,HE240240,02,2,20261003093800,20261002202800,20261003093800,,HE
2026-10-03T00:40:35.730270+00:00,HE240300,01,9,20261003093810,20261003085700,20261003085000,20261003085700,HE
2026-10-03T00:40:35.730270+00:00,HE240415,01,2,20261003093300,20261002190100,20261003093300,,HE
2026-10-03T00:40:35.730270+00:00,HE240457,03,2,20261003093500,20261003015500,20261003093500,,HE
2026-10-03T00:40:35.730270+00:00,HE240522,02,2,20261003093500,20261001181200,20261003093500,,HE
2026-10-03T00:40:35.730270+00:00,HJ000005,02,2,20261003093400,20261003091724,20261003093312,,HJ
2026-10-03T00:40:35.730270+00:00,HM000160,01,2,20261003093401,20261002215942,20261002232817,,HM
2026-10-03T00:40:35.730270+00:00,HM000455,06,2,20261003094007,20261003065417,20261003093817,,HM
2026-10-03T00:40:35.730270+00:00,HM000466,11,2,20261003093606,20261002190439,20261003091304,,HM
2026-10-03T00:40:35.730270+00:00,HM000560,21,2,20261003094009,20261003083655,20261003093848,,HM
2026-10-03T00:40:35.730270+00:00,HM000680,09,3,20261003093410,20261002140526,20261002145010,20261003093241,HM
2026-10-03T00:40:35.730270+00:00,HM000761,37,2,20261003093809,20261003073308,20261003093635,,HM
2026-10-03T00:40:35.730270+00:00,HM001078,15,2,20261003093614,20261002194537,20261003043213,,HM
2026-10-03T00:40:35.730270+00:00,HM001251,02,3,20261003093213,20261002082745,20261002091507,20261003093141,HM
2026-10-03T00:40:35.730270+00:00,HM001396,26,3,20261003093814,20261002195547,20261002204232,20261003093754,HM
2026-10-03T00:40:35.730270+00:00,HM110111,02,2,20261003093819,20261003075402,20261003092808,,HM
2026-10-03T00:40:35.730270+00:00,HM110116,01,3,20261003093819,20261003090108,20261003093423,20261003093716,HM
2026-10-03T00:40:35.730270+00:00,HM110133,03,3,20261003093620,20261002165150,20261003025129,20261003093519,HM
2026-10-03T00:40:35.730270+00:00,HM110198,01,3,20261003093820,20261002124059,20261002131500,20261003093708,HM
2026-10-03T00:40:35.730270+00:00,HM110291,06,3,20261003093221,20261003071520,20261003082856,20261003093048,HM
2026-10-03T00:40:35.730270+00:00,HM110291,07,3,20261003093424,20261003021516,20261003074336,20261003093341,HM
2026-10-03T00:40:35.730270+00:00,HM110384,01,3,20261003093222,20260930083228,20260930095035,20261003093222,HM
2026-10-03T00:40:35.730270+00:00,HM110384,02,1,20261003093622,20260923135350,20260923144154,,HM
2026-10-03T00:40:35.730270+00:00,HY000003,03,2,20261003094001,20260709154228,20260820145526,,HY
2026-10-03T00:40:35.730270+00:00,HY000003,04,2,20261003094001,20261002125806,20261002125806,,HY
2026-10-03T00:40:35.730270+00:00,HY000019,02,3,20261003094002,20261002101740,20260930160535,20261002101740,HY
2026-10-03T00:40:35.730270+00:00,HY000019,03,2,20261003094002,20261001200646,20261002064706,,HY
2026-10-03T00:40:35.730270+00:00,HY000019,05,3,20261003094002,20261002161751,20261001071822,20261002161751,HY
2026-10-03T00:40:35.730270+00:00,HY000019,08,3,20261003094002,20261002100945,20261001065130,20261002100945,HY
2026-10-03T00:40:35.730270+00:00,HY000019,09,3,20261003094002,20261002135730,20261002135600,20261002135730,HY
2026-10-03T00:40:35.730270+00:00,HY000019,11,3,20261003094002,20261002181513,20260924122953,20261002181513,HY
2026-10-03T00:40:35.730270+00:00,HY000353,01,3,20261003093103,20261003093052,20261003070054,20261003093052,HY
2026-10-03T00:40:35.730270+00:00,HY000530,23,2,20261003093104,20261002222429,20261003071646,,HY
2026-10-03T00:40:35.730270+00:00,HY000606,03,3,20261003094007,20261003093906,20261002183552,20261003093906,HY
2026-10-03T00:40:35.730270+00:00,HY000606,16,3,20261003093205,20261003093110,20261002162902,20261003093110,HY
2026-10-03T00:40:35.730270+00:00,HY000816,15,2,20261003093605,20261003093528,20261003093528,,HY
2026-10-03T00:40:35.730270+00:00,HY001091,07,2,20261003093703,20261002223909,20261003093657,,HY
2026-10-03T00:40:35.730270+00:00,HY001231,15,2,20261003093102,20261002231548,20261003022217,,HY
2026-10-03T00:40:35.730270+00:00,HY001231,29,2,20261003093802,20261003010225,20261003093743,,HY
2026-10-03T00:40:35.730270+00:00,HY001540,07,2,20261003094005,20261002225951,20261002230130,,HY
2026-10-03T00:40:35.730270+00:00,HY001687,03,2,20261003093403,20261001171323,20261003093338,,HY
2026-10-03T00:40:35.730270+00:00,HY001696,02,2,20261003093504,20261002201210,20261003093424,,HY
2026-10-03T00:40:35.730270+00:00,HY001714,03,2,20261003093806,20261002224444,20261003093753,,HY
2026-10-03T00:40:35.730270+00:00,IM000317,02,3,20261003093359,20261003093059,20261003092823,20261003093359,IM
2026-10-03T00:40:35.730270+00:00,JA110060,15,3,20261003094007,20261003094007,20261002163510,20261003094007,JA
2026-10-03T00:40:35.730270+00:00,JA110077,14,2,20261003094007,20261003083507,20261003094007,,JA
2026-10-03T00:40:35.730270+00:00,JA110095,04,2,20261003093506,20261003074909,20261003093506,,JA
2026-10-03T00:40:35.730270+00:00,JA110136,02,2,20261003093510,20261003083016,20261003093510,,JA
2026-10-03T00:40:35.730270+00:00,JA110175,01,2,20261003093514,20261003081414,20261003093514,,JA
2026-10-03T00:40:35.730270+00:00,JA110198,01,2,20261003093516,20261003092116,20261003093516,,JA
2026-10-03T00:40:35.730270+00:00,JA110198,05,3,20261003093516,20261003093516,20261003092116,20261003093516,JA
2026-10-03T00:40:35.730270+00:00,JA110210,15,3,20261003093517,20261003093517,20261003092021,20261003093517,JA
2026-10-03T00:40:35.730270+00:00,JA110210,16,3,20261003093517,20261003093517,20261003092021,20261003093517,JA
2026-10-03T00:40:35.730270+00:00,JA110210,17,3,20261003093517,20261003093517,20261003092021,20261003093517,JA
2026-10-03T00:40:35.730270+00:00,JA110210,19,3,20261003093517,20261003093517,20261003092021,20261003093517,JA
2026-10-03T00:40:35.730270+00:00,JA110210,20,2,20261003093517,20261003092021,20261003093517,,JA
2026-10-03T00:40:35.730270+00:00,KE000718,01,3,20261003093800,20261003093737,20261003071746,20261003093737,KE
2026-10-03T00:40:35.730270+00:00,KE000737,01,2,20261003093059,20261002191007,20261003093025,,KE
2026-10-03T00:40:35.730270+00:00,KE000869,06,2,20261003093859,20261003080753,20261003093803,,KE
2026-10-03T00:40:35.730270+00:00,KE000934,02,2,20261003093859,20261003042211,20261003093856,,KE
2026-10-03T00:40:35.730270+00:00,KE001174,01,9,20261003093310,20261002155505,20261002155511,,KE
2026-10-03T00:40:35.730270+00:00,KL001431,02,2,20261003094001,20261003064454,20261003093935,,KL
2026-10-03T00:40:35.730270+00:00,KL001868,09,3,20261003093953,20261003093953,20261003043329,20261003035435,KL
2026-10-03T00:40:35.730270+00:00,KL001871,01,2,20261003094001,20261003074638,20261003093903,,KL
2026-10-03T00:40:35.730270+00:00,KL002116,02,2,20261003093601,20261003042457,20261003093025,,KL
2026-10-03T00:40:35.730270+00:00,KL002401,09,3,20261003093601,20261003093601,20260930041842,20261003092840,KL
2026-10-03T00:40:35.730270+00:00,KL200168,22,3,20261003093846,20261003093846,20260918135617,20261003093845,KL
2026-10-03T00:40:35.730270+00:00,KP000010,06,3,20261003094004,20261003000626,20261003003605,20261003093310,KP
2026-10-03T00:40:35.730270+00:00,KP000283,02,3,20261003094008,20261002144435,20261002155025,20261003093606,KP
2026-10-03T00:40:35.730270+00:00,KP000296,03,5,20261003094006,20260623164253,20260624091514,,KP
2026-10-03T00:40:35.730270+00:00,KP000711,03,3,20261003094006,20261002231930,20261003045350,20261003093110,KP
2026-10-03T00:40:35.730270+00:00,KP001374,04,3,20261003094006,20261002190512,20261002210514,20261003093024,KP
2026-10-03T00:40:35.730270+00:00,KP003149,01,3,20261003094004,20261003074151,20261003081702,20261003093418,KP
2026-10-03T00:40:35.730270+00:00,KP003266,01,3,20261003094004,20261002165329,20261002183146,20261003093335,KP
2026-10-03T00:40:35.730270+00:00,LI000358,01,2,20261003093635,20261003093634,20261003093635,,LI
2026-10-03T00:40:35.730270+00:00,LU000041,01,2,20261003093520,20261002235703,20261003081904,,LU
2026-10-03T00:40:35.730270+00:00,LU000176,01,2,20261003093544,20261002190611,20261003014221,,LU
2026-10-03T00:40:35.730270+00:00,LU000317,05,2,20261003093801,20261002234101,20261003015101,,LU
2026-10-03T00:40:35.730270+00:00,LU000942,03,3,20261003093940,20261003093949,20261002190748,20261002174505,LU
2026-10-03T00:40:35.730270+00:00,LU000946,03,2,20261003093709,20261002155609,20261002184205,,LU
2026-10-03T00:40:35.730270+00:00,LU000997,17,3,20261003093223,20261003093233,20261001124429,20261001112144,LU
2026-10-03T00:40:35.730270+00:00,LU001004,05,2,20261003093037,20261003001752,20261003054647,,LU
2026-10-03T00:40:35.730270+00:00,LU001004,52,3,20261003093500,20261003093500,20261003091554,20261003093500,LU
2026-10-03T00:40:35.730270+00:00,LU001236,04,2,20261003093718,20261002123857,20261002190405,,LU
2026-10-03T00:40:35.730270+00:00,LU001456,05,2,20261003093351,20261002192141,20261003054140,,LU
2026-10-03T00:40:35.730270+00:00,LU001456,06,2,20261003093616,20261002210605,20261003002744,,LU
2026-10-03T00:40:35.730270+00:00,LU001456,11,3,20261003093414,20261003093427,20261003031609,20261002230640,LU
2026-10-03T00:40:35.730270+00:00,LU001814,01,3,20261003093734,20261003093740,20261002144318,20261002131827,LU
2026-10-03T00:40:35.730270+00:00,LU002224,10,2,20261003093107,20261002190650,20261002233438,,LU
2026-10-03T00:40:35.730270+00:00,LU002297,49,2,20261003093318,20261002173104,20261002192652,,LU
2026-10-03T00:40:35.730270+00:00,LU002297,59,3,20261003093508,20261003093516,20260929015610,20261003093508,LU
2026-10-03T00:40:35.730270+00:00,LU002331,09,3,20261003093623,20261003093635,20260928211402,20261003093623,LU
2026-10-03T00:40:35.730270+00:00,LU002734,04,2,20261003093436,20261002212331,20261003072615,,LU
2026-10-03T00:40:35.730270+00:00,LU002881,13,2,20261003093832,20261002192052,20261003020625,,LU
2026-10-03T00:40:35.730270+00:00,LU002964,04,2,20261003093332,20261002204356,20261003043430,,LU
2026-10-03T00:40:35.730270+00:00,LU002979,07,2,20261003093908,20261003054007,20261003082025,,LU
2026-10-03T00:40:35.730270+00:00,LU003070,06,3,20261003093951,20261003093957,20261003074255,20261003034135,LU
2026-10-03T00:40:35.730270+00:00,LU003085,17,2,20261003093652,20261003025444,20261003093652,,LU
2026-10-03T00:40:35.730270+00:00,LU003214,10,2,20261003093753,20261002220256,20261003071207,,LU
2026-10-03T00:40:35.730270+00:00,LU003300,06,2,20261003093921,20261003010205,20261003064405,,LU
2026-10-03T00:40:35.730270+00:00,LU003336,02,3,20261003093340,20261003093401,20261002183644,20261002173146,LU
2026-10-03T00:40:35.730270+00:00,LU003358,04,2,20261003093948,20261002185206,20261002195340,,LU
2026-10-03T00:40:35.730270+00:00,LU003447,02,2,20261003093128,20261002233318,20261003033224,,LU
2026-10-03T00:40:35.730270+00:00,LU003518,04,2,20261003094003,20261002160221,20261002192956,,LU
2026-10-03T00:40:35.730270+00:00,LU003606,02,2,20261003093855,20261003075945,20261003093850,,LU
2026-10-03T00:40:35.730270+00:00,LU003789,09,3,20261003093047,20261003093053,20261002052648,20261001190026,LU
2026-10-03T00:40:35.730270+00:00,LU003835,07,2,20261003093928,20261002201837,20261002231621,,LU
2026-10-03T00:40:35.730270+00:00,LU003835,21,2,20261003093433,20261002221658,20261003032512,,LU
2026-10-03T00:40:35.730270+00:00,LU003943,04,2,20261003093745,20261002230957,20261003024028,,LU
2026-10-03T00:40:35.730270+00:00,LU003977,17,2,20261003093851,20261002223458,20261003035156,,LU
2026-10-03T00:40:35.730270+00:00,LU003979,03,2,20261003093704,20261002210418,20261003004523,,LU
2026-10-03T00:40:35.730270+00:00,LU004023,04,2,20261003093120,20261003070558,20261003084539,,LU
2026-10-03T00:40:35.730270+00:00,LU100137,03,2,20261003093647,20261002153542,20261002203942,,LU
2026-10-03T00:40:35.730270+00:00,LU100200,07,2,20261003093748,20261002115931,20261002125635,,LU
2026-10-03T00:40:35.730270+00:00,LU100200,17,3,20261003093703,20261003093739,20261002224249,20261002222504,LU
2026-10-03T00:40:35.730270+00:00,LU100248,05,2,20261003093925,20261002235106,20261003053822,,LU
2026-10-03T00:40:35.730270+00:00,LU100308,01,2,20261003093612,20261002223207,20261003052525,,LU
2026-10-03T00:40:35.730270+00:00,LU100308,07,2,20261003093408,20261003014559,20261003093354,,LU
2026-10-03T00:40:35.730270+00:00,LU100368,25,3,20261003093502,20261003093510,20261002034832,20261001235617,LU
2026-10-03T00:40:35.730270+00:00,LU100368,29,2,20261003093129,20261002204302,20261003025554,,LU
2026-10-03T00:40:35.730270+00:00,LU100368,62,3,20261003093204,20261003093209,20261002110934,20261002102105,LU
2026-10-03T00:40:35.730270+00:00,LU100411,01,2,20261003093944,20261003091142,20261003093854,,LU
2026-10-03T00:40:35.730270+00:00,LU100474,24,2,20261003093441,20261002184205,20261002203210,,LU
2026-10-03T00:40:35.730270+00:00,LU100688,10,2,20261003093347,20261003034026,20261003052241,,LU
2026-10-03T00:40:35.730270+00:00,LU100856,22,3,20261003093754,20261003074349,20261003093751,20261003074349,LU
2026-10-03T00:40:35.730270+00:00,LU100913,03,2,20261003093331,20261003021105,20261003093155,,LU
2026-10-03T00:40:35.730270+00:00,LU101044,01,2,20261003093216,20261002182605,20261002233447,,LU
2026-10-03T00:40:35.730270+00:00,LU101445,02,2,20261003093517,20261002181059,20261003004508,,LU
2026-10-03T00:40:35.730270+00:00,LU101445,09,2,20261003093435,20261002195232,20261003024745,,LU
2026-10-03T00:40:35.730270+00:00,LU101573,38,2,20261003093257,20261002183643,20261003020849,,LU
2026-10-03T00:40:35.730270+00:00,LU101641,07,3,20261003093944,20261002164305,20261002202220,20261002164305,LU
2026-10-03T00:40:35.730270+00:00,LU101661,07,2,20261003094008,20261002235818,20261003040210,,LU
2026-10-03T00:40:35.730270+00:00,LU101683,39,2,20261003093808,20261002202819,20261003085031,,LU
2026-10-03T00:40:35.730270+00:00,LU101683,44,2,20261003093214,20261002211205,20261003012010,,LU
2026-10-03T00:40:35.730270+00:00,LU101683,47,2,20261003093302,20261002194843,20261003015910,,LU
2026-10-03T00:40:35.730270+00:00,LU101683,91,2,20261003093506,20261002194623,20261002221220,,LU
2026-10-03T00:40:35.730270+00:00,LU101684,03,2,20261003093611,20261002210216,20261003082705,,LU
2026-10-03T00:40:35.730270+00:00,LU101686,01,2,20261003093357,20261002171936,20261002211441,,LU
2026-10-03T00:40:35.730270+00:00,LU101686,12,2,20261003093654,20261002192242,20261003011833,,LU
2026-10-03T00:40:35.730270+00:00,LU101692,01,2,20261003093813,20261003030622,20261003052607,,LU
2026-10-03T00:40:35.730270+00:00,LU101706,08,2,20261003094009,20261002165903,20261002211527,,LU
2026-10-03T00:40:35.730270+00:00,LU101707,15,2,20261003093146,20261002192041,20261002204533,,LU
2026-10-03T00:40:35.730270+00:00,LU101768,03,3,20261003093432,20261003093453,20261002191025,20261002171731,LU
2026-10-03T00:40:35.730270+00:00,MO116803,01,2,20261003093910,20261003091456,20261003091457,,MO
2026-10-03T00:40:35.730270+00:00,MO910140,02,3,20261003093243,20261003093243,20261001181447,20261003093243,MO
2026-10-03T00:40:35.730270+00:00,NH110001,04,2,20261003093500,20261002215600,20261002233000,,NH
2026-10-03T00:40:35.730270+00:00,NT100056,28,3,20261003093050,20261003093050,20260929081850,20261003093050,NT
2026-10-03T00:40:35.730270+00:00,NT100120,04,2,20261003093050,20261003034150,20261003093050,,NT
2026-10-03T00:40:35.730270+00:00,NT100156,08,2,20261003093050,20261002163650,20261003093050,,NT
2026-10-03T00:40:35.730270+00:00,NT100363,01,2,20261003093750,20261003051050,20261003093750,,NT
2026-10-03T00:40:35.730270+00:00,NT100373,39,3,20261003093450,20261003093450,20261002175250,20261003093450,NT
2026-10-03T00:40:35.730270+00:00,NT100408,06,2,20261003093650,20261002203250,20261003093650,,NT
2026-10-03T00:40:35.730270+00:00,NT100420,09,2,20261003093450,20261002175850,20261003093450,,NT
2026-10-03T00:40:35.730270+00:00,NT100477,25,3,20261003093350,20261003093350,20261002140250,20261003093350,NT
2026-10-03T00:40:35.730270+00:00,NT100575,01,2,20261003093550,20261002221650,20261003093550,,NT
2026-10-03T00:40:35.730270+00:00,NT100905,03,3,20261003093650,20261003093650,20261003092250,20261003093650,NT
2026-10-03T00:40:35.730270+00:00,NT101121,09,3,20261003093550,20261003093550,20261003093450,20261003093550,NT
2026-10-03T00:40:35.730270+00:00,NT101142,01,2,20261003093450,20261003083550,20261003093450,,NT
2026-10-03T00:40:35.730270+00:00,NT101387,04,3,20261003093950,20261003093950,20261002133250,20261003093950,NT
2026-10-03T00:40:35.730270+00:00,NT101387,11,3,20261003093650,20261003093650,20261002131350,20261003093650,NT
2026-10-03T00:40:35.730270+00:00,NT101439,04,3,20261003093850,20261003093850,20261002195850,20261003093850,NT
2026-10-03T00:40:35.730270+00:00,NT101454,04,2,20261003093050,20261002192950,20261003093050,,NT
2026-10-03T00:40:35.730270+00:00,NT101519,04,3,20261003093050,20261003093050,20261003005950,20261003093050,NT
2026-10-03T00:40:35.730270+00:00,NT101545,04,3,20261003093150,20261003093150,20260926154350,20261003093150,NT
2026-10-03T00:40:35.730270+00:00,NT101586,04,2,20261003093950,20261002205150,20261003093950,,NT
2026-10-03T00:40:35.730270+00:00,NT101669,11,2,20261003093950,20261002200350,20261003093950,,NT
2026-10-03T00:40:35.730270+00:00,NT101781,03,2,20261003093850,20261002223050,20261003093850,,NT
2026-10-03T00:40:35.730270+00:00,NT102008,07,2,20261003093850,20261002193350,20261003093850,,NT
2026-10-03T00:40:35.730270+00:00,NT102171,09,2,20261003093350,20261002201050,20261003093350,,NT
2026-10-03T00:40:35.730270+00:00,NT102216,02,9,20261003093950,20261002222950,20261003093950,,NT
2026-10-03T00:40:35.730270+00:00,NT102502,02,3,20261003093850,20261003093850,20261003074850,20261003093850,NT
2026-10-03T00:40:35.730270+00:00,NT102575,07,3,20261003093550,20261003093550,20261002073950,20261003093550,NT
2026-10-03T00:40:35.730270+00:00,NT102586,29,2,20261003093150,20261002163850,20261003093150,,NT
2026-10-03T00:40:35.730270+00:00,NT102614,20,2,20261003093350,20261003002350,20261003093350,,NT
2026-10-03T00:40:35.730270+00:00,NT102621,15,3,20261003093750,20261003093750,20261003053450,20261003093750,NT
2026-10-03T00:40:35.730270+00:00,NT102644,04,2,20261003093550,20261002210750,20261003093550,,NT
2026-10-03T00:40:35.730270+00:00,NT102684,01,2,20261003093950,20261002233350,20261003093950,,NT
2026-10-03T00:40:35.730270+00:00,NT102732,21,2,20261003093250,20260929192850,20260930071650,,NT
2026-10-03T00:40:35.730270+00:00,NT102732,22,2,20261003093250,20261002211350,20261003055850,,NT
2026-10-03T00:40:35.730270+00:00,NT102732,23,2,20261003093050,20260924191550,20260925133750,,NT
2026-10-03T00:40:35.730270+00:00,NT102765,54,2,20261003093150,20261003001350,20261003093150,,NT
2026-10-03T00:40:35.730270+00:00,NT102766,15,2,20261003093150,20261002200850,20261003093150,,NT
2026-10-03T00:40:35.730270+00:00,NT102766,18,3,20261003093250,20261003093250,20261003093150,20261003093250,NT
2026-10-03T00:40:35.730270+00:00,NT102799,19,2,20261003093750,20261002191650,20261003093750,,NT
2026-10-03T00:40:35.730270+00:00,NT102873,02,2,20261003093950,20261002191850,20261003093950,,NT
2026-10-03T00:40:35.730270+00:00,NT102885,71,2,20261003093450,20261002205050,20261003093450,,NT
2026-10-03T00:40:35.730270+00:00,NT102949,17,2,20261003093250,20261002211950,20261003093250,,NT
2026-10-03T00:40:35.730270+00:00,NT200210,05,2,20261003093150,20261002222750,20261003093150,,NT
2026-10-03T00:40:35.730270+00:00,PC000110,01,2,20261003093357,20261003022443,20261003093327,,PC
2026-10-03T00:40:35.730270+00:00,PC000350,04,2,20261003093707,20261002214549,20261003065940,,PC
2026-10-03T00:40:35.730270+00:00,PC000421,05,2,20261003093555,20261003090706,20261003093455,,PC
2026-10-03T00:40:35.730270+00:00,PC000464,03,2,20261003093604,20261002222504,20261003014119,,PC
2026-10-03T00:40:35.730270+00:00,PC000490,10,2,20261003093225,20261002222942,20261003000254,,PC
2026-10-03T00:40:35.730270+00:00,PC000505,43,3,20261003093748,20261002185952,20261003014949,20261003093748,PC
2026-10-03T00:40:35.730270+00:00,PC000648,01,3,20261003093756,20261002151357,20261003093738,20261003093756,PC
2026-10-03T00:40:35.730270+00:00,PC000648,08,2,20261003093056,20261002224150,20261003015053,,PC
2026-10-03T00:40:35.730270+00:00,PC000723,02,3,20261003093527,20261002203105,20261003093526,20261003093527,PC
2026-10-03T00:40:35.730270+00:00,PC001170,01,3,20261003093943,20261003093637,20261003093746,20261003093943,PC
2026-10-03T00:40:35.730270+00:00,PI000259,01,3,20261003093608,20261003093343,20261001170427,20261003093608,PI
2026-10-03T00:40:35.730270+00:00,PI015659,01,3,20261003093040,20261003092614,20261003091631,20261003093040,PI
2026-10-03T00:40:35.730270+00:00,PI121500,04,2,20261003093615,20260928211515,20260929082633,,PI
2026-10-03T00:40:35.730270+00:00,PI122360,02,9,20261003093310,20260723184257,20260723202905,,PI
2026-10-03T00:40:35.730270+00:00,PI200361,18,2,20261003093839,20261002175155,20261002200425,,PI
2026-10-03T00:40:35.730270+00:00,PI200383,04,2,20261003093611,20261003030814,20261003082542,,PI
2026-10-03T00:40:35.730270+00:00,PI200399,06,9,20261003093810,20261001141240,20260922090301,,PI
2026-10-03T00:40:35.730270+00:00,PI200708,08,2,20261003093114,20261003085812,20261003092619,,PI
2026-10-03T00:40:35.730270+00:00,PI200715,05,2,20261003093616,20261003032421,20261003084303,,PI
2026-10-03T00:40:35.730270+00:00,PI200720,36,2,20261003093655,20260922081059,20260922082535,,PI
2026-10-03T00:40:35.730270+00:00,PI200726,11,2,20261003093627,20261002183257,20261003083303,,PI
2026-10-03T00:40:35.730270+00:00,PI200765,06,2,20261003093756,20261002181109,20261002181307,,PI
2026-10-03T00:40:35.730270+00:00,PI200798,05,3,20261003093617,20261003093148,20261002101548,20261003093617,PI
2026-10-03T00:40:35.730270+00:00,PI200861,03,2,20261003093619,20261003070742,20261003083311,,PI
2026-10-03T00:40:35.730270+00:00,PI200872,21,9,20261003093810,20261002232627,20260928033745,20261002232635,PI
2026-10-03T00:40:35.730270+00:00,PI200872,75,2,20261003093631,20261002232407,20261003083335,,PI
2026-10-03T00:40:35.730270+00:00,PI200894,15,3,20261003093116,20261003092836,20261002183238,20261003093116,PI
2026-10-03T00:40:35.730270+00:00,PI200903,01,2,20261003093620,20261003072436,20261003083314,,PI
2026-10-03T00:40:35.730270+00:00,PI200941,15,3,20261003093621,20261003093344,20260930155946,20261003093621,PI
2026-10-03T00:40:35.730270+00:00,PI200959,05,3,20261003093624,20261003093218,20261002153628,20261003093624,PI
2026-10-03T00:40:35.730270+00:00,PI200959,06,3,20261003093119,20261003092843,20261002201218,20261003093119,PI
2026-10-03T00:40:35.730270+00:00,PI200988,02,2,20261003093120,20261003085906,20261003092759,,PI
2026-10-03T00:40:35.730270+00:00,PI200996,03,2,20261003093625,20261002231829,20261003083140,,PI
2026-10-03T00:40:35.730270+00:00,PI202584,14,3,20261003093241,20261003093217,20261003080328,20261003093241,PI
2026-10-03T00:40:35.730270+00:00,PI202988,06,2,20261003093311,20261002210430,20261003000422,,PI
2026-10-03T00:40:35.730270+00:00,PI204015,01,2,20261003093628,20261002232420,20261003082745,,PI
2026-10-03T00:40:35.730270+00:00,PI204092,18,2,20261003093631,20261003084125,20261002110331,,PI
2026-10-03T00:40:35.730270+00:00,PI204098,01,2,20261003093631,20260927111341,20260927111720,,PI
2026-10-03T00:40:35.730270+00:00,PI204121,05,3,20261003093633,20261003093433,20260929151156,20261003093633,PI
2026-10-03T00:40:35.730270+00:00,PI204124,03,3,20261003093633,20261003093428,20261003040434,20261003093633,PI
2026-10-03T00:40:35.730270+00:00,PI204136,10,2,20261003093635,20261003004830,20260924134254,,PI
2026-10-03T00:40:35.730270+00:00,PI204136,36,2,20261003093635,20261003070608,20261003093450,,PI
2026-10-03T00:40:35.730270+00:00,PI204146,01,3,20261003093637,20261003093546,20261002050316,20261003093637,PI
2026-10-03T00:40:35.730270+00:00,PI204162,12,3,20261003093638,20261003093402,20261003065317,20261003093638,PI
2026-10-03T00:40:35.730270+00:00,PI204209,01,2,20261003093642,20261002195717,20261003083019,,PI
2026-10-03T00:40:35.730270+00:00,PI204252,04,2,20261003093142,20261003091400,20261003092928,,PI
2026-10-03T00:40:35.730270+00:00,PI204254,02,2,20261003093647,20261003090452,20261002201257,,PI
2026-10-03T00:40:35.730270+00:00,PI204263,02,3,20261003093144,20261003092729,20261003070604,20261003093144,PI
2026-10-03T00:40:35.730270+00:00,PI204288,02,2,20261003093146,20261003075825,20261003092847,,PI
2026-10-03T00:40:35.730270+00:00,PI204334,01,3,20261003093148,20261003092745,20261001065630,20261003093148,PI
2026-10-03T00:40:35.730270+00:00,PI306208,06,2,20261003093623,20261003003338,20261003083006,,PI
2026-10-03T00:40:35.730270+00:00,PI645447,02,3,20261003093249,20261003093158,20261002221955,20261003093249,PI
2026-10-03T00:40:35.730270+00:00,PI707040,01,2,20261003093507,20261002174336,20261003092918,,PI
2026-10-03T00:40:35.730270+00:00,PI707214,13,2,20261003093315,20261002155510,20261002180047,,PI
2026-10-03T00:40:35.730270+00:00,PI707758,38,2,20261003094009,20261002213649,20261003093550,,PI
2026-10-03T00:40:35.730270+00:00,PI708221,03,2,20261003093511,20261003001509,20261003092127,,PI
2026-10-03T00:40:35.730270+00:00,PI708252,24,2,20261003093513,20261002223126,20261003092527,,PI
2026-10-03T00:40:35.730270+00:00,PI709239,02,3,20261003093514,20261003093335,20261002174102,20261003093514,PI
2026-10-03T00:40:35.730270+00:00,PI709314,07,2,20261003093514,20261002224927,20261003093234,,PI
2026-10-03T00:40:35.730270+00:00,PI709940,02,2,20261003093527,20260930214609,20261003093501,,PI
2026-10-03T00:40:35.730270+00:00,PI709997,01,2,20261003094005,20261003082101,20261003093958,,PI
2026-10-03T00:40:35.730270+00:00,PI710321,07,2,20261003093528,20261002223656,20261003093415,,PI
2026-10-03T00:40:35.730270+00:00,PI711827,10,2,20261003093524,20261002210247,20261003023241,,PI
2026-10-03T00:40:35.730270+00:00,PI712090,08,2,20261003093527,20261003005243,20261003034035,,PI
2026-10-03T00:40:35.730270+00:00,PI712247,30,2,20261003093527,20260917214615,20261001112924,,PI
2026-10-03T00:40:35.730270+00:00,PI712346,03,3,20261003093517,20261003093202,20261002145815,20261003093517,PI
2026-10-03T00:40:35.730270+00:00,PI712509,16,3,20261003093532,20261003093422,20261002100550,20261003093532,PI
2026-10-03T00:40:35.730270+00:00,PI713370,34,3,20261003093533,20261003093246,20261001191009,20261003093533,PI
2026-10-03T00:40:35.730270+00:00,PI714065,03,2,20261003093531,20261002213841,20261003024804,,PI
2026-10-03T00:40:35.730270+00:00,PI716788,10,2,20261003093043,20261002183215,20261003005136,,PI
2026-10-03T00:40:35.730270+00:00,PI716788,12,3,20261003093043,20261003092920,20261003050846,20261003093043,PI
2026-10-03T00:40:35.730270+00:00,PI717737,01,3,20261003093043,20261003092617,20261002094921,20261003093043,PI
2026-10-03T00:40:35.730270+00:00,PI721016,05,2,20261003093307,20261002181037,20261002231227,,PI
2026-10-03T00:40:35.730270+00:00,PI721126,22,2,20261003093332,20261002175322,20261003014948,,PI
2026-10-03T00:40:35.730270+00:00,PI723121,25,2,20261003093244,20261002172704,20261002224435,,PI
2026-10-03T00:40:35.730270+00:00,PI724834,01,2,20261003093736,20261002222913,20261003014338,,PI
2026-10-03T00:40:35.730270+00:00,PI747249,02,2,20261003093757,20261003041114,20261003093420,,PI
2026-10-03T00:40:35.730270+00:00,PI751290,05,3,20261003093039,20261003092643,20261002180646,20261003093039,PI
2026-10-03T00:40:35.730270+00:00,PI751544,06,3,20261003093040,20261003092642,20260930232258,20261003093040,PI
2026-10-03T00:40:35.730270+00:00,PI752917,17,2,20261003093553,20261002200054,20261003004715,,PI
2026-10-03T00:40:35.730270+00:00,PI755112,03,3,20261003093039,20261003092925,20261003064258,20261003093039,PI
2026-10-03T00:40:35.730270+00:00,PI760217,06,2,20261003093516,20261002170612,20261002181226,,PI
2026-10-03T00:40:35.730270+00:00,PI762504,09,2,20261003093530,20261002211359,20261003033145,,PI
2026-10-03T00:40:35.730270+00:00,PI762555,03,3,20261003093531,20261003093405,20261002200108,20261003093531,PI
2026-10-03T00:40:35.730270+00:00,PI763036,09,2,20261003093533,20261002225200,20261002233256,,PI
2026-10-03T00:40:35.730270+00:00,PI764997,44,2,20261003093040,20261002225850,20261003040715,,PI
2026-10-03T00:40:35.730270+00:00,PI766662,09,3,20261003093052,20261003092943,20261003004327,20261003093052,PI
2026-10-03T00:40:35.730270+00:00,PI767542,02,2,20261003093050,20261002221534,20261003084200,,PI
2026-10-03T00:40:35.730270+00:00,PI768495,01,2,20261003093601,20261002165202,20261003002307,,PI
2026-10-03T00:40:35.730270+00:00,PI772848,05,2,20261003093740,20261002221548,20261003085141,,PI
2026-10-03T00:40:35.730270+00:00,PI773274,02,2,20261003093155,20261002193822,20261002232633,,PI
2026-10-03T00:40:35.730270+00:00,PI773376,03,2,20261003093235,20261002193250,20261002225300,,PI
2026-10-03T00:40:35.730270+00:00,PI773463,05,2,20261003093238,20261003064205,20261003092909,,PI
2026-10-03T00:40:35.730270+00:00,PI773987,01,3,20261003093749,20261003093616,20261002191414,20261003093749,PI
2026-10-03T00:40:35.730270+00:00,PI774073,15,2,20261003093755,20261002213526,20261003083618,,PI
2026-10-03T00:40:35.730270+00:00,PI775033,04,2,20261003093303,20261002200645,20261003022456,,PI
2026-10-03T00:40:35.730270+00:00,PI793830,07,2,20261003093256,20261002215011,20261003012410,,PI
2026-10-03T00:40:35.730270+00:00,PI793855,29,2,20261003093256,20261002204343,20261003005531,,PI
2026-10-03T00:40:35.730270+00:00,PI793914,04,2,20261003093258,20261002214919,20261003064320,,PI
2026-10-03T00:40:35.730270+00:00,PI794276,05,3,20261003093802,20261003093439,20261003041650,20261003093802,PI
2026-10-03T00:40:35.730270+00:00,PI794299,07,3,20261003093258,20261003093155,20261003041123,20261003093258,PI
2026-10-03T00:40:35.730270+00:00,PI795797,13,2,20261003093804,20261002184537,20261003025702,,PI
2026-10-03T00:40:35.730270+00:00,PI796661,01,3,20261003093813,20261003093311,20261002114732,20261003093813,PI
2026-10-03T00:40:35.730270+00:00,PI796661,10,2,20261003093306,20261002223523,20261003062734,,PI
2026-10-03T00:40:35.730270+00:00,PI800215,02,3,20261003093739,20261003093445,20261002210240,20261003093739,PI
2026-10-03T00:40:35.730270+00:00,PI800774,09,2,20261003093238,20261002174744,20261003013420,,PI
2026-10-03T00:40:35.730270+00:00,PI801810,08,2,20261003093242,20261002195917,20261003001235,,PI
2026-10-03T00:40:35.730270+00:00,PI807782,03,2,20261003093816,20261002222613,20261003042854,,PI
2026-10-03T00:40:35.730270+00:00,PI807782,05,3,20261003093816,20261003093758,20261002220011,20261003093816,PI
2026-10-03T00:40:35.730270+00:00,PI807977,03,2,20261003093817,20261002211756,20261003074009,,PI
2026-10-03T00:40:35.730270+00:00,PI809544,13,3,20261003093820,20261003093647,20261003091948,20261003093820,PI
2026-10-03T00:40:35.730270+00:00,PIH00029,01,2,20261003093724,20261002155033,20261003093538,,PI
2026-10-03T00:40:35.730270+00:00,PIH00080,13,2,20261003093216,20261002172642,20261003092713,,PI
2026-10-03T00:40:35.730270+00:00,PIH00210,87,2,20261003093723,20261002184433,20261002201633,,PI
2026-10-03T00:40:35.730270+00:00,PIH00270,34,2,20261003093724,20261003002057,20261003093602,,PI
2026-10-03T00:40:35.730270+00:00,PIH00304,03,2,20261003093722,20261002160125,20261003093709,,PI
2026-10-03T00:40:35.730270+00:00,PIH00304,10,3,20261003093216,20261003093009,20261003011612,20261003093216,PI
2026-10-03T00:40:35.730270+00:00,PIH00851,02,3,20261003093714,20261003093617,20261003050755,20261003093714,PI
2026-10-03T00:40:35.730270+00:00,PIH00929,14,2,20261003093220,20261002182728,20261003093203,,PI
2026-10-03T00:40:35.730270+00:00,PIH01838,07,2,20261003093714,20261002182009,20261003021212,,PI
2026-10-03T00:40:35.730270+00:00,PIH01948,09,2,20261003093215,20261002181329,20261002202131,,PI
2026-10-03T00:40:35.730270+00:00,PIH01967,02,3,20261003093206,20261003093144,20261002164947,20261003093206,PI
2026-10-03T00:40:35.730270+00:00,PIS00028,23,3,20261003093315,20261003093124,20261003091230,20261003093315,PI
2026-10-03T00:40:35.730270+00:00,PIS00049,05,3,20261003093823,20261003093457,20261002143747,20261003093823,PI
2026-10-03T00:40:35.730270+00:00,PIS00052,05,3,20261003093823,20261003093348,20261003071735,20261003093823,PI
2026-10-03T00:40:35.730270+00:00,PK000005,02,2,20261003093142,20261003085730,20261003092714,,PK
2026-10-03T00:40:35.730270+00:00,PK000006,18,2,20261003093142,20261003090601,20261003092724,,PK
2026-10-03T00:40:35.730270+00:00,PK000007,10,3,20261003093142,20261003080956,20261003083313,20261003093044,PK
2026-10-03T00:40:35.730270+00:00,PK000007,21,3,20261003093144,20261003072140,20261003074427,20261003092916,PK
2026-10-03T00:40:35.730270+00:00,PK000007,31,2,20261003093144,20261003085035,20261003092808,,PK
2026-10-03T00:40:35.730270+00:00,PK000008,07,3,20261003093144,20261003080844,20261003085750,20261003092557,PK
2026-10-03T00:40:35.730270+00:00,PK000009,09,3,20261003093141,20261003085447,20261003091857,20261003092754,PK
2026-10-03T00:40:35.730270+00:00,PK000009,10,3,20261003093141,20261003085517,20261003091857,20261003092827,PK
2026-10-03T00:40:35.730270+00:00,PK000009,13,2,20261003093141,20261003090514,20261003092841,,PK
2026-10-03T00:40:35.730270+00:00,PK000009,14,2,20261003093141,20261003090543,20261003092841,,PK
2026-10-03T00:40:35.730270+00:00,PK000021,12,3,20261003093139,20261003083313,20261003090036,20261003092706,PK
2026-10-03T00:40:35.730270+00:00,PK000021,16,2,20261003093140,20261003090221,20261003092124,,PK
2026-10-03T00:40:35.730270+00:00,PK000021,18,3,20261003093140,20261003072342,20261003074225,20261003092407,PK
2026-10-03T00:40:35.730270+00:00,PK000025,22,3,20261003093141,20261003092319,20261003092336,20261003092444,PK
2026-10-03T00:40:35.730270+00:00,PK000028,22,3,20261003093141,20261003085336,20261003091623,20261003092155,PK
2026-10-03T00:40:35.730270+00:00,PK000028,23,3,20261003093141,20261003084741,20261003091530,20261003092632,PK
2026-10-03T00:40:35.730270+00:00,PK000028,25,3,20261003093141,20261003083008,20261003085708,20261003092236,PK
2026-10-03T00:40:35.730270+00:00,PK000028,26,3,20261003093141,20261003083049,20261003085709,20261003092319,PK
2026-10-03T00:40:35.730270+00:00,PK000028,27,9,20261003093141,20261003090544,20261003092125,,PK
2026-10-03T00:40:35.730270+00:00,PK000028,28,9,20261003093141,20261003090623,20261003092125,,PK
2026-10-03T00:40:35.730270+00:00,PK000077,11,2,20261003093141,20261003085727,20261003092813,,PK
2026-10-03T00:40:35.730270+00:00,PK000148,01,3,20261003093139,20261003090014,20261003091222,20261003092201,PK
2026-10-03T00:40:35.730270+00:00,PK000148,02,3,20261003093139,20261003084323,20261003091355,20261003093036,PK
2026-10-03T00:40:35.730270+00:00,PK000148,04,2,20261003093139,20261003085446,20261003092312,,PK
2026-10-03T00:40:35.730270+00:00,PK000148,09,2,20261003093139,20261003085325,20261003092601,,PK
2026-10-03T00:40:35.730270+00:00,PK000148,12,2,20261003093139,20261003090058,20261003091817,,PK
2026-10-03T00:40:35.730270+00:00,PK000148,15,9,20261003093139,20261003090021,20261003092840,,PK
2026-10-03T00:40:35.730270+00:00,PK000148,16,9,20261003093139,20261003090055,20261003092840,,PK
2026-10-03T00:40:35.730270+00:00,PK000148,21,2,20261003093142,20261003090151,20261003092255,,PK
2026-10-03T00:40:35.730270+00:00,PK000148,22,9,20261003093142,20261003083747,20261003093107,,PK
2026-10-03T00:40:35.730270+00:00,PK000148,23,9,20261003093142,20261003090553,20261003092630,,PK
2026-10-03T00:40:35.730270+00:00,PK000148,24,9,20261003093141,20261003090629,20261003092630,,PK
2026-10-03T00:40:35.730270+00:00,PK000156,01,3,20261003093140,20261002222850,20261002231648,20261003092750,PK
2026-10-03T00:40:35.730270+00:00,PK000156,03,2,20261003093140,20261003082552,20261003092703,,PK
2026-10-03T00:40:35.730270+00:00,PK000156,05,2,20261003093140,20261003084207,20261003093018,,PK
2026-10-03T00:40:35.730270+00:00,PK000156,06,2,20261003093140,20261003084245,20261003093019,,PK
2026-10-03T00:40:35.730270+00:00,PK000156,13,2,20261003093140,20261003082225,20261003092113,,PK
2026-10-03T00:40:35.730270+00:00,PK000156,15,3,20261003093140,20261003081525,20261003090148,20261003092142,PK
2026-10-03T00:40:35.730270+00:00,PK000156,16,3,20261003093140,20261003081604,20261003090149,20261003092219,PK
2026-10-03T00:40:35.730270+00:00,PK000158,01,3,20261003093142,20261003074801,20261003081042,20261003092644,PK
2026-10-03T00:40:35.730270+00:00,PK000161,01,3,20261003093142,20261003084320,20261003090050,20261003093032,PK
2026-10-03T00:40:35.730270+00:00,PK000161,02,3,20261003093142,20261003084355,20261003090050,20261003093105,PK
2026-10-03T00:40:35.730270+00:00,PK000161,05,2,20261003093142,20261003090132,20261003092424,,PK
2026-10-03T00:40:35.730270+00:00,PK000161,06,2,20261003093142,20261003090206,20261003092424,,PK
2026-10-03T00:40:35.730270+00:00,PK000185,07,2,20261003093143,20261003090124,20261003091335,,PK
2026-10-03T00:40:35.730270+00:00,PK000185,09,3,20261003093143,20261003083808,20261003085714,20261003092345,PK
2026-10-03T00:40:35.730270+00:00,PK000186,09,2,20261003093143,20261003082248,20261003092558,,PK
2026-10-03T00:40:35.730270+00:00,PK000186,10,3,20261003093143,20261003080516,20261003091701,20261003093010,PK
2026-10-03T00:40:35.730270+00:00,PK000186,12,2,20261003093143,20261003090513,20261003093050,,PK
2026-10-03T00:40:35.730270+00:00,PK000288,02,3,20261003093141,20261003085336,20261003091623,20261003092155,PK
2026-10-03T00:40:35.730270+00:00,PK000288,03,3,20261003093141,20261003084741,20261003091530,20261003092632,PK
2026-10-03T00:40:35.730270+00:00,PK000288,05,3,20261003093141,20261003083008,20261003085708,20261003092236,PK
2026-10-03T00:40:35.730270+00:00,PK000288,06,3,20261003093141,20261003083049,20261003085709,20261003092319,PK
2026-10-03T00:40:35.730270+00:00,PK000288,07,9,20261003093141,20261003090544,20261003092125,,PK
2026-10-03T00:40:35.730270+00:00,PK000288,08,9,20261003093141,20261003090623,20261003092125,,PK
2026-10-03T00:40:35.730270+00:00,PK000289,01,2,20261003093140,20261003085813,20261003092656,,PK
2026-10-03T00:40:35.730270+00:00,PK000290,01,3,20261003093139,20261003005903,20261003014155,20261003092654,PK
2026-10-03T00:40:35.730270+00:00,PK000291,07,2,20261003093139,20261003085424,20261003092738,,PK
2026-10-03T00:40:35.730270+00:00,PK000291,08,9,20261003093139,20261003091934,20261003093024,,PK
2026-10-03T00:40:35.730270+00:00,PK000295,01,2,20261003093139,20261003084319,20261003092415,,PK
2026-10-03T00:40:35.730270+00:00,PK000295,06,2,20261003093142,20261003090803,20261003092251,,PK
2026-10-03T00:40:35.730270+00:00,PK000295,07,3,20261003093142,20261003082522,20261003085826,20261003092513,PK
2026-10-03T00:40:35.730270+00:00,PK000296,02,3,20261003093139,20261003083313,20261003090036,20261003092706,PK
2026-10-03T00:40:35.730270+00:00,PK000296,06,2,20261003093140,20261003090221,20261003092124,,PK
2026-10-03T00:40:35.730270+00:00,PK000296,08,3,20261003093140,20261003072342,20261003074225,20261003092407,PK
2026-10-03T00:40:35.730270+00:00,PK000297,08,3,20261003093141,20261003092319,20261003092336,20261003092444,PK
2026-10-03T00:40:35.730270+00:00,PK000322,11,2,20261003093141,20261003085727,20261003092813,,PK
2026-10-03T00:40:35.730270+00:00,PK000474,07,3,20261003093141,20261003002021,20261003004139,20261003092735,PK
2026-10-03T00:40:35.730270+00:00,PK000474,08,3,20261003093141,20261003071057,20261003072628,20261003092810,PK
2026-10-03T00:40:35.730270+00:00,PK000474,11,2,20261003093141,20261003090654,20261003092242,,PK
2026-10-03T00:40:35.730270+00:00,PL000038,19,2,20261003093551,20261002203645,20261003093551,,PL
2026-10-03T00:40:35.730270+00:00,PL000077,01,2,20261003093511,20261002174356,20261003093511,,PL
2026-10-03T00:40:35.730270+00:00,PL000110,02,3,20261003093710,20261003093710,20261003070404,20261003093710,PL
2026-10-03T00:40:35.730270+00:00,PL000231,07,2,20261003093603,20261002232817,20261003093603,,PL
2026-10-03T00:40:35.730270+00:00,PL000250,01,2,20261003093759,20261003083904,20261003093759,,PL
2026-10-03T00:40:35.730270+00:00,PL000406,10,2,20261003093205,20261002213333,20261003093205,,PL
2026-10-03T00:40:35.730270+00:00,PL000464,04,2,20261003093213,20261002191600,20261003093213,,PL
2026-10-03T00:40:35.730270+00:00,PL000550,01,2,20261003093303,20261002203118,20261003093303,,PL
2026-10-03T00:40:35.730270+00:00,PL000618,19,2,20261003093421,20261002164627,20261003093421,,PL
2026-10-03T00:40:35.730270+00:00,PL000618,32,3,20261003093226,20261003093226,20261002083731,20261003093226,PL
2026-10-03T00:40:35.730270+00:00,PL000696,09,2,20261003093926,20261003001952,20261003093926,,PL
2026-10-03T00:40:35.730270+00:00,PL000746,02,2,20261003093821,20261002195045,20261003093821,,PL
2026-10-03T00:40:35.730270+00:00,PL000746,18,3,20261003093105,20261003093105,20261002142250,20261003093105,PL
2026-10-03T00:40:35.730270+00:00,PL000797,21,2,20261003093359,20261002183914,20261003093359,,PL
2026-10-03T00:40:35.730270+00:00,PL000873,00,2,20261003093646,20261002232755,20261003093646,,PL
2026-10-03T00:40:35.730270+00:00,PL000934,02,2,20261003093928,20261003093925,20261003093928,,PL
2026-10-03T00:40:35.730270+00:00,PL000976,13,2,20261003093631,20261002213025,20261003093631,,PL
2026-10-03T00:40:35.730270+00:00,PL000976,34,2,20261003093248,20261002222020,20261003093248,,PL
2026-10-03T00:40:35.730270+00:00,PL000993,21,2,20261003093754,20261003075041,20261003093754,,PL
2026-10-03T00:40:35.730270+00:00,PL001070,01,3,20261003093636,20261003093636,20261003050307,20261003093636,PL
2026-10-03T00:40:35.730270+00:00,PL001850,16,2,20261003093826,20261002140155,20261003093826,,PL
2026-10-03T00:40:35.730270+00:00,PL001945,08,2,20261003093317,20261002172427,20261003093317,,PL
2026-10-03T00:40:35.730270+00:00,PL001945,26,2,20261003093619,20261002222512,20261003093619,,PL
2026-10-03T00:40:35.730270+00:00,PL001951,55,2,20261003093831,20261002171243,20261003093831,,PL
2026-10-03T00:40:35.730270+00:00,PL002690,08,2,20261003093150,20261003091231,20261003093150,,PL
2026-10-03T00:40:35.730270+00:00,PL002732,00,2,20261003093322,20261002203807,20261003093322,,PL
2026-10-03T00:40:35.730270+00:00,PL002732,13,3,20261003093558,20261003093558,20261003071934,20261003093558,PL
2026-10-03T00:40:35.730270+00:00,PL003509,04,2,20261003093912,20261003005538,20261003093912,,PL
2026-10-03T00:40:35.730270+00:00,PL003526,64,2,20261003093139,20261003005027,20261003093139,,PL
2026-10-03T00:40:35.730270+00:00,PL003817,01,2,20261003093426,20261002205456,20261003093426,,PL
2026-10-03T00:40:35.730270+00:00,PL003999,01,2,20261003093317,20261002183627,20261003093317,,PL
2026-10-03T00:40:35.730270+00:00,PL005113,05,3,20261003093256,20261003093256,20261002174758,20261003093256,PL
2026-10-03T00:40:35.730270+00:00,PL005528,00,3,20261003093139,20261003093139,20261001080534,20261003093139,PL
2026-10-03T00:40:35.730270+00:00,PL027905,01,3,20261003093450,20261003093450,20261003080101,20261003093450,PL
2026-10-03T00:40:35.730270+00:00,PL029803,09,2,20261003093138,20261002203227,20261003093138,,PL
2026-10-03T00:40:35.730270+00:00,PL030406,03,2,20261003093118,20261002231756,20261003093118,,PL
2026-10-03T00:40:35.730270+00:00,PL030485,04,2,20261003093534,20261002233027,20261003093534,,PL
2026-10-03T00:40:35.730270+00:00,PL030511,10,2,20261003093035,20261002200834,20261003093035,,PL
2026-10-03T00:40:35.730270+00:00,PL030511,17,2,20261003093738,20261002232759,20261003093738,,PL
2026-10-03T00:40:35.730270+00:00,PL030552,00,2,20261003093935,20261002175602,20261003093935,,PL
2026-10-03T00:40:35.730270+00:00,PL030666,07,2,20261003093805,20260930211113,20261003093805,,PL
2026-10-03T00:40:35.730270+00:00,PL030675,15,3,20261003093800,20261003093800,20261002190725,20261003093800,PL
2026-10-03T00:40:35.730270+00:00,PL030718,03,2,20261003093146,20261002232248,20261003093146,,PL
2026-10-03T00:40:35.730270+00:00,PL030866,12,3,20261003093930,20261003093930,20261003044840,20261003093930,PL
2026-10-03T00:40:35.730270+00:00,PL031098,02,2,20261003093953,20261002191848,20261003093953,,PL
2026-10-03T00:40:35.730270+00:00,PL031240,01,2,20261003093514,20261002174207,20261003093514,,PL
2026-10-03T00:40:35.730270+00:00,PL031264,01,3,20261003093646,20261003093646,20261003011856,20261003093646,PL
2026-10-03T00:40:35.730270+00:00,PL031461,11,2,20261003093202,20261002214217,20261003093202,,PL
2026-10-03T00:40:35.730270+00:00,PL031656,00,2,20261003093930,20261002232340,20261003093930,,PL
2026-10-03T00:40:35.730270+00:00,PL031727,17,2,20261003093526,20261003093516,20261003093526,,PL
2026-10-03T00:40:35.730270+00:00,PL031768,16,2,20261003093201,20261002230755,20261003093201,,PL
2026-10-03T00:40:35.730270+00:00,PL032196,04,3,20261003093614,20261003093614,20261002224918,20261003093614,PL
2026-10-03T00:40:35.730270+00:00,PL032262,07,2,20261003093249,20261002234952,20261003093249,,PL
2026-10-03T00:40:35.730270+00:00,PL032398,14,2,20261003093627,20261001160204,20261003093627,,PL
2026-10-03T00:40:35.730270+00:00,PL032428,01,2,20261003093821,20261002233400,20261003093821,,PL
2026-10-03T00:40:35.730270+00:00,PL032515,05,2,20261003094010,20261002231444,20261003094010,,PL
2026-10-03T00:40:35.730270+00:00,PL032549,01,3,20261003093159,20261003093159,20261003044733,20261003093159,PL
2026-10-03T00:40:35.730270+00:00,PL032604,02,2,20261003093702,20261003013740,20261003093702,,PL
2026-10-03T00:40:35.730270+00:00,PL032604,06,3,20261003093207,20261003093207,20260929064338,20261003093207,PL
2026-10-03T00:40:35.730270+00:00,PL032609,07,2,20261003093627,20261002131817,20261003093627,,PL
2026-10-03T00:40:35.730270+00:00,PL032616,00,2,20261003093846,20261003000516,20261003093846,,PL
2026-10-03T00:40:35.730270+00:00,PL032658,05,2,20261003093121,20261002192427,20261003093121,,PL
2026-10-03T00:40:35.730270+00:00,PL032673,08,2,20261003093931,20261003000102,20261003093931,,PL
2026-10-03T00:40:35.730270+00:00,PL032673,13,3,20261003093855,20261003093855,20261003092228,20261003093855,PL
2026-10-03T00:40:35.730270+00:00,PL032673,14,2,20261003093925,20261002200902,20261003093925,,PL
2026-10-03T00:40:35.730270+00:00,PL032701,13,3,20261003093116,20261003093116,20261003093057,20261003093116,PL
2026-10-03T00:40:35.730270+00:00,PL032708,08,2,20261003093933,20261002232824,20261003093933,,PL
2026-10-03T00:40:35.730270+00:00,PL032708,29,3,20261003093536,20261003093536,20261003083759,20261003093536,PL
2026-10-03T00:40:35.730270+00:00,PL032708,57,3,20261003093140,20261003093140,20261003092458,20261003093140,PL
2026-10-03T00:40:35.730270+00:00,PL032711,00,2,20261003093621,20261003072349,20261003093621,,PL
2026-10-03T00:40:35.730270+00:00,PL032803,15,3,20261003093738,20261003093738,20261003082249,20261003093738,PL
2026-10-03T00:40:35.730270+00:00,PL032820,07,2,20261003093714,20261002185930,20261003093714,,PL
2026-10-03T00:40:35.730270+00:00,PL032832,07,2,20261003093758,20261002212400,20261003093758,,PL
2026-10-03T00:40:35.730270+00:00,PL032844,06,2,20261003093455,20261002191225,20261003093455,,PL
2026-10-03T00:40:35.730270+00:00,PL033100,02,2,20261003093235,20261002221115,20261003093235,,PL
2026-10-03T00:40:35.730270+00:00,PL033100,18,3,20261003093044,20261003093044,20261003093044,20261003093044,PL
2026-10-03T00:40:35.730270+00:00,PL033117,01,2,20261003093902,20261003093515,20261003093902,,PL
2026-10-03T00:40:35.730270+00:00,PL033324,01,2,20261003093436,20261001223600,20261003093436,,PL
2026-10-03T00:40:35.730270+00:00,PL033400,08,2,20261003093506,20261002201252,20261003093506,,PL
2026-10-03T00:40:35.730270+00:00,PL033400,10,2,20261003093806,20261002172523,20261003093806,,PL
2026-10-03T00:40:35.730270+00:00,PL033409,15,2,20261003093859,20261002214334,20261003093859,,PL
2026-10-03T00:40:35.730270+00:00,PL033487,10,2,20261003093759,20261002110548,20261003093759,,PL
2026-10-03T00:40:35.730270+00:00,PL033498,09,2,20261003093311,20261003085338,20261003093311,,PL
2026-10-03T00:40:35.730270+00:00,PL033631,04,3,20261003093538,20261003093538,20261002082514,20261003093538,PL
2026-10-03T00:40:35.730270+00:00,PL033631,05,2,20261003093245,20261003092941,20261003093245,,PL
2026-10-03T00:40:35.730270+00:00,PL033669,01,2,20261003093703,20261002221530,20261003093703,,PL
2026-10-03T00:40:35.730270+00:00,PL033728,04,3,20261003093746,20261003093746,20261003060044,20261003093746,PL
2026-10-03T00:40:35.730270+00:00,PL033735,03,2,20261003094002,20261002225716,20261003094002,,PL
2026-10-03T00:40:35.730270+00:00,PL100006,05,2,20261003093810,20261002162653,20261003093810,,PL
2026-10-03T00:40:35.730270+00:00,PL832708,09,2,20261003093827,20261002221830,20261003093827,,PL
2026-10-03T00:40:35.730270+00:00,PL832708,33,2,20261003093832,20261003093830,20261003093832,,PL
2026-10-03T00:40:35.730270+00:00,PL901618,04,2,20261003093421,20261003010251,20261003093421,,PL
2026-10-03T00:40:35.730270+00:00,PW000425,02,2,20261003093110,20261002212509,20261003002525,,PW
2026-10-03T00:40:35.730270+00:00,PW000922,01,3,20261003093411,20261003093411,20261003054234,20261003093255,PW
2026-10-03T00:40:35.730270+00:00,PW000922,02,2,20261003093908,20261002205122,20261002222134,,PW
2026-10-03T00:40:35.730270+00:00,PW011044,02,3,20261003093910,20261003093910,20261003053928,20261003093516,PW
2026-10-03T00:40:35.730270+00:00,PW011045,02,3,20261003093910,20261003093910,20261003004857,20261003093505,PW
2026-10-03T00:40:35.730270+00:00,PW011088,04,3,20261003093511,20261003093511,20261001182446,20261003093151,PW
2026-10-03T00:40:35.730270+00:00,PW011178,01,2,20261003093911,20261002225812,20261003004332,,PW
2026-10-03T00:40:35.730270+00:00,PW011178,07,2,20261003093511,20261002213936,20261003070115,,PW
2026-10-03T00:40:35.730270+00:00,PW011598,02,2,20261003093207,20261002192012,20261003020543,,PW
2026-10-03T00:40:35.730270+00:00,PW012035,03,3,20261003093912,20261003093912,20261001014534,20261003093829,PW
2026-10-03T00:40:35.730270+00:00,PW012593,03,2,20261003093110,20261002223342,20261003060419,,PW
2026-10-03T00:40:35.730270+00:00,PW012678,02,2,20261003093612,20261003000437,20261003033502,,PW
2026-10-03T00:40:35.730270+00:00,PW012720,02,2,20261003094008,20261002211924,20261003044530,,PW
2026-10-03T00:40:35.730270+00:00,PW012747,03,2,20261003093110,20261002214451,20261003053044,,PW
2026-10-03T00:40:35.730270+00:00,PW013039,07,3,20261003093623,20261003093623,20261003044805,20261003093325,PW
2026-10-03T00:40:35.730270+00:00,PW013112,01,3,20261003093624,20261003093624,20261001110800,20261003093542,PW
2026-10-03T00:40:35.730270+00:00,PW013139,54,2,20261003093634,20261002184406,20261002223136,,PW
2026-10-03T00:40:35.730270+00:00,PW013231,27,2,20261003093636,20261003075903,20261003093617,,PW
2026-10-03T00:40:35.730270+00:00,PW013342,09,2,20261003093637,20261002163616,20261003022205,,PW
2026-10-03T00:40:35.730270+00:00,PW013432,22,2,20261003093146,20261002194739,20261003001547,,PW
2026-10-03T00:40:35.730270+00:00,PW013432,26,2,20261003093647,20261002214837,20261003051604,,PW
2026-10-03T00:40:35.730270+00:00,PW013447,09,3,20261003093647,20261003093647,20261003030918,20261003093440,PW
2026-10-03T00:40:35.730270+00:00,PW013510,06,2,20261003093649,20261002211654,20261003041605,,PW
2026-10-03T00:40:35.730270+00:00,PW014149,12,2,20261003093715,20261002002320,20261002023846,,PW
2026-10-03T00:40:35.730270+00:00,PW014376,01,2,20261003093726,20261002145328,20261002154525,,PW
2026-10-03T00:40:35.730270+00:00,PW014501,43,2,20261003093735,20261002171040,20261002234613,,PW
2026-10-03T00:40:35.730270+00:00,PW014880,01,2,20261003093748,20261002193449,20261003014624,,PW
2026-10-03T00:40:35.730270+00:00,PW015056,01,2,20261003093309,20261002193839,20261003023120,,PW
2026-10-03T00:40:35.730270+00:00,PW100645,05,3,20261003093510,20261003093510,20261002163546,20261003093330,PW
2026-10-03T00:40:35.730270+00:00,PW100647,02,2,20261003093108,20261002210239,20261002230253,,PW
2026-10-03T00:40:35.730270+00:00,PW800253,13,2,20261003093608,20261002131903,20261002185257,,PW
2026-10-03T00:40:35.730270+00:00,PW800803,03,2,20261003093712,20261002224910,20261003010357,,PW
2026-10-03T00:40:35.730270+00:00,PW800888,03,2,20261003093810,20261003072453,20261003081131,,PW
2026-10-03T00:40:35.730270+00:00,PW800888,07,2,20261003093309,20261003080108,20261003080201,,PW
2026-10-03T00:40:35.730270+00:00,PW800888,11,2,20261003093810,20261002231031,20261003024353,,PW
2026-10-03T00:40:35.730270+00:00,PW801095,05,2,20261003093319,20261002225230,20261003010208,,PW
2026-10-03T00:40:35.730270+00:00,PW801397,02,2,20261003093332,20261002201556,20261003003606,,PW
2026-10-03T00:40:35.730270+00:00,PW801420,01,2,20261003093835,20261002220458,20261003093428,,PW
2026-10-03T00:40:35.730270+00:00,PW801420,08,2,20261003093835,20261002183944,20261003093715,,PW
2026-10-03T00:40:35.730270+00:00,PW801466,26,3,20261003093338,20261003093338,20260930104731,20261003093015,PW
2026-10-03T00:40:35.730270+00:00,PW801481,10,2,20261003093339,20261003080731,20261003093107,,PW
2026-10-03T00:40:35.730270+00:00,PW801494,05,2,20261003093843,20261003063725,20261003093827,,PW
2026-10-03T00:40:35.730270+00:00,PW801496,09,2,20261003093339,20261002174610,20261003081258,,PW
2026-10-03T00:40:35.730270+00:00,PWE00619,28,3,20261003093918,20261003093918,20261003091222,20261003093918,PW
2026-10-03T00:40:35.730270+00:00,PWE01518,04,2,20261003093720,20261002193022,20261003093720,,PW
2026-10-03T00:40:35.730270+00:00,PWE02214,06,2,20261003093722,20261003013137,20261003093722,,PW
2026-10-03T00:40:35.730270+00:00,PWE06084,04,2,20261003093108,20261003002109,20261003093108,,PW
2026-10-03T00:40:35.730270+00:00,RE000182,03,2,20261003093602,20261003091643,20261003093523,,RE
2026-10-03T00:40:35.730270+00:00,SE000001,01,2,20261003093741,20261002191048,20261002195052,,SE
2026-10-03T00:40:35.730270+00:00,SE000014,06,3,20261003093741,20261003093706,20261002191445,20261003093706,SE
2026-10-03T00:40:35.730270+00:00,SE000043,06,3,20261003093742,20261003093719,20261003093608,20261003093719,SE
2026-10-03T00:40:35.730270+00:00,SE000075,01,3,20261003093342,20261003093334,20261003041055,20261003093334,SE
2026-10-03T00:40:35.730270+00:00,SE000086,04,3,20261003093542,20261003093536,20261002232259,20261003093536,SE
2026-10-03T00:40:35.730270+00:00,SE000132,02,3,20261003093142,20261003093111,20261002202218,20261003093111,SE
2026-10-03T00:40:35.730270+00:00,SE000139,01,3,20261003093742,20261003093644,20261003004835,20261003093644,SE
2026-10-03T00:40:35.730270+00:00,SE000142,03,2,20261003093042,20261003090919,20261003093002,,SE
2026-10-03T00:40:35.730270+00:00,SE000149,01,2,20261003093542,20261003091018,20261003093535,,SE
2026-10-03T00:40:35.730270+00:00,SE000197,03,2,20261003093642,20261003080909,20261003093642,,SE
2026-10-03T00:40:35.730270+00:00,SE000204,08,3,20261003093442,20261003093423,20261003091510,20261003093423,SE
2026-10-03T00:40:35.730270+00:00,SE000206,01,2,20261003093542,20261003090123,20261003093522,,SE
2026-10-03T00:40:35.730270+00:00,SE000220,02,2,20261003093442,20261003091755,20261003093345,,SE
2026-10-03T00:40:35.730270+00:00,SF000768,15,3,20261003093510,20261003093510,20261003081820,20261002164147,SF
2026-10-03T00:40:35.730270+00:00,SF001303,25,2,20261003093512,20261003004027,20261003093154,,SF
2026-10-03T00:40:35.730270+00:00,SF001315,22,2,20261003093443,20261003074725,20261003092259,,SF
2026-10-03T00:40:35.730270+00:00,SF001372,93,3,20261003093452,20261003093452,20260930140647,20261003090816,SF
2026-10-03T00:40:35.730270+00:00,SF002279,04,2,20261003093457,20261002230922,20261003092258,,SF
2026-10-03T00:40:35.730270+00:00,SF002417,12,3,20261003093457,20261003093457,20261002170821,20261003090606,SF
2026-10-03T00:40:35.730270+00:00,SF002753,03,3,20261003093521,20261003093521,20261003082513,20261002190041,SF
2026-10-03T00:40:35.730270+00:00,SF002771,09,2,20261003093459,20261002224850,20261003093052,,SF
2026-10-03T00:40:35.730270+00:00,SF003354,01,3,20261003093510,20261003093510,20261002111802,20261003091022,SF
2026-10-03T00:40:35.730270+00:00,SF003725,00,3,20261003093449,20261003093449,20261002233037,20261003092929,SF
2026-10-03T00:40:35.730270+00:00,SN000029,05,3,20261003093941,20261003093920,20261003085127,20261003093920,SN
2026-10-03T00:40:35.730270+00:00,ST111414,04,3,20261003093833,20261003013613,20261003024009,20261003093833,ST
2026-10-03T00:40:35.730270+00:00,ST111422,01,3,20261003093850,20261003070631,20261003071502,20261003093850,ST
2026-10-03T00:40:35.730270+00:00,ST112004,04,2,20261003093903,20260930174744,20261001094632,,ST
2026-10-03T00:40:35.730270+00:00,ST112102,01,3,20261003093107,20261003041121,20261003050423,20261003093107,ST
2026-10-03T00:40:35.730270+00:00,ST112103,01,3,20261003093246,20261003042957,20261003050205,20261003093246,ST
2026-10-03T00:40:35.730270+00:00,ST113002,02,3,20261003093849,20261002221328,20261003092308,20261003093849,ST
2026-10-03T00:40:35.730270+00:00,ST113808,01,3,20261003093502,20261003093502,20261003090858,20261003064359,ST
2026-10-03T00:40:35.730270+00:00,ST113808,02,2,20261003093119,20261003061716,20261003064805,,ST
2026-10-03T00:40:35.730270+00:00,ST114420,04,3,20261003093843,20261003022955,20261003030743,20261003093843,ST
2026-10-03T00:40:35.730270+00:00,ST114420,06,2,20261003093634,20261003035732,20261003044316,,ST
2026-10-03T00:40:35.730270+00:00,ST115010,02,3,20261003093654,20261001090353,20261001093144,20261003093654,ST
2026-10-03T00:40:35.730270+00:00,ST115012,04,2,20261003093036,20261003083026,20261003093036,,ST
2026-10-03T00:40:35.730270+00:00,ST115018,01,2,20261003093448,20261002145433,20261003022000,,ST
2026-10-03T00:40:35.730270+00:00,ST116524,03,2,20261003093501,20261003091056,20261003093501,,ST
2026-10-03T00:40:35.730270+00:00,ST116535,09,3,20261003093252,20260929090218,20261001123156,20261003093252,ST
2026-10-03T00:40:35.730270+00:00,ST116804,01,3,20261003093449,20261002065055,20261002232557,20261003093449,ST
2026-10-03T00:40:35.730270+00:00,ST116814,07,2,20261003093311,20260929195717,20261001193647,,ST
2026-10-03T00:40:35.730270+00:00,ST117109,01,3,20261003093909,20261003093909,20261003085312,20261003064312,ST
2026-10-03T00:40:35.730270+00:00,ST117109,02,3,20261003093441,20261003093441,20261003082633,20261003064354,ST
2026-10-03T00:40:35.730270+00:00,ST117118,04,3,20261003093448,20261003093448,20261003053643,20261003044038,ST
2026-10-03T00:40:35.730270+00:00,ST117118,08,2,20261003093310,20261003045313,20261003060027,,ST
2026-10-03T00:40:35.730270+00:00,ST117403,01,2,20261003093524,20261002234755,20261003000538,,ST
2026-10-03T00:40:35.730270+00:00,ST600071,05,2,20261003093120,20261002192257,20261003093120,,ST
2026-10-03T00:40:35.730270+00:00,ST601147,04,3,20261003093049,20261003093049,20261003061443,20261003050353,ST
2026-10-03T00:40:35.730270+00:00,ST601190,02,3,20261003093630,20261003054913,20261003063917,20261003093630,ST
2026-10-03T00:40:35.730270+00:00,ST601431,01,3,20261003093907,20261001002215,20261002130431,20261003093907,ST
2026-10-03T00:40:35.730270+00:00,ST601470,01,3,20261003093052,20261003093052,20261003070058,20261003054120,ST
2026-10-03T00:40:35.730270+00:00,ST601497,01,2,20261003093246,20261003025609,20261003033051,,ST
2026-10-03T00:40:35.730270+00:00,ST601521,02,3,20261003093516,20261003023505,20261003030938,20261003093516,ST
2026-10-03T00:40:35.730270+00:00,ST601521,05,3,20261003093827,20260930201222,20261002160840,20261003093827,ST
2026-10-03T00:40:35.730270+00:00,SZBA0005,04,3,20261003093153,20261003093153,20261003045234,20261003093153,SZ
2026-10-03T00:40:35.730270+00:00,SZBA0108,03,3,20261003093619,20261003093619,20261003012242,20261003093619,SZ
