fetched_at,statId,chgerId,stat,statUpdDt,lastTsdt,lastTedt,nowTsdt,busiId
2026-10-02T00:00:52.837065+00:00,ME174013,01,2,20261002085741,20261001115725,20261001123728,,ME
2026-10-02T00:00:52.837065+00:00,ME174027,01,2,20261002085748,20261002075136,20261002083457,,ME
2026-10-02T00:00:52.837065+00:00,ME174039,01,2,20261002085750,20260929103213,20260929105255,,ME
2026-10-02T00:00:52.837065+00:00,ME178009,01,2,20261002085757,20261002074401,20261002080030,,ME
2026-10-02T00:00:52.837065+00:00,ME178009,02,2,20261002085802,20261002062334,20261002065335,,ME
2026-10-02T00:00:52.837065+00:00,ME181102,01,2,20261002085805,20261001150545,20261001152810,,ME
2026-10-02T00:00:52.837065+00:00,ME181150,12,2,20261002085812,20261001125333,20261001133654,,ME
2026-10-02T00:00:52.837065+00:00,ME181150,13,2,20261002085817,20260926151936,20260926160257,,ME
2026-10-02T00:00:52.837065+00:00,ME183001,01,2,20261002085823,20261001172425,20261001175144,,ME
2026-10-02T00:00:52.837065+00:00,ME183002,01,2,20261002085827,20261001214109,20261001222130,,ME
2026-10-02T00:00:52.837065+00:00,ME183003,01,2,20261002085831,20260929212028,20260929215044,,ME
2026-10-02T00:00:52.837065+00:00,ME183004,01,2,20261002085836,20261001170851,20261001172932,,ME
2026-10-02T00:00:52.837065+00:00,ME183006,01,2,20261002085839,20261002005201,20261002010216,,ME
2026-10-02T00:00:52.837065+00:00,ME183008,01,2,20261002085844,20261001113221,20261001120315,,ME
2026-10-02T00:00:52.837065+00:00,ME183009,01,2,20261002085849,20260929151830,20260929160034,,ME
2026-10-02T00:00:52.837065+00:00,ME183103,01,2,20261002085853,20261002083248,20261002084449,,ME
2026-10-02T00:00:52.837065+00:00,ME183103,02,2,20261002085902,20261001174152,20261001181628,,ME
2026-10-02T00:00:52.837065+00:00,ME183103,52,2,20261002085859,20261001161853,20261001163450,,ME
2026-10-02T00:00:52.837065+00:00,ME183219,01,2,20261002085907,20261002075327,20261002083938,,ME
2026-10-02T00:00:52.837065+00:00,ME183219,02,2,20261002085414,20261001132505,20261001134945,,ME
2026-10-02T00:00:52.837065+00:00,ME183219,52,3,20261002085611,20261001201712,20261001203810,20261002085609,ME
2026-10-02T00:00:52.837065+00:00,ME184075,01,2,20261002085426,20261001165202,20261001171050,,ME
2026-10-02T00:00:52.837065+00:00,ME184076,01,2,20261002085423,20261002041319,20261002043630,,ME
2026-10-02T00:00:52.837065+00:00,ME18B159,01,2,20261002085426,20261002015233,20261002015815,,ME
2026-10-02T00:00:52.837065+00:00,ME18B163,01,2,20261002085434,20261001184712,20261001192913,,ME
2026-10-02T00:00:52.837065+00:00,ME18B164,01,3,20261002085437,20261002080939,20261002085245,20261002085421,ME
2026-10-02T00:00:52.837065+00:00,ME18B165,01,2,20261002085657,20261001213343,20261001220047,,ME
2026-10-02T00:00:52.837065+00:00,ME18B166,01,2,20261002085424,20261002023413,20261002030148,,ME
2026-10-02T00:00:52.837065+00:00,ME18B168,01,2,20261002085445,20260930110919,20260930114450,,ME
2026-10-02T00:00:52.837065+00:00,ME18B169,01,2,20261002085449,20261002070216,20261002072617,,ME
2026-10-02T00:00:52.837065+00:00,ME18B170,01,2,20261002085454,20261001223144,20261001224355,,ME
2026-10-02T00:00:52.837065+00:00,ME18B175,01,2,20261002085457,20260930063908,20260930064846,,ME
2026-10-02T00:00:52.837065+00:00,ME18B176,01,2,20261002085457,20261002055654,20261002063349,,ME
2026-10-02T00:00:52.837065+00:00,ME18B179,01,2,20261002085502,20261001195531,20261001203837,,ME
2026-10-02T00:00:52.837065+00:00,ME18B180,01,2,20261002085509,20261002064142,20261002072554,,ME
2026-10-02T00:00:52.837065+00:00,ME18B181,01,2,20261002085510,20261002055525,20261002062841,,ME
2026-10-02T00:00:52.837065+00:00,ME18B183,01,2,20261002085516,20261001220014,20261001224319,,ME
2026-10-02T00:00:52.837065+00:00,ME18B278,11,2,20261002085521,20261002074307,20261002082249,,ME
2026-10-02T00:00:52.837065+00:00,ME18B278,12,2,20261002085519,20261002060521,20261002062650,,ME
2026-10-02T00:00:52.837065+00:00,ME18B279,11,2,20261002085528,20261002061519,20261002075033,,ME
2026-10-02T00:00:52.837065+00:00,ME18B279,12,2,20261002085530,20261002075142,20261002083445,,ME
2026-10-02T00:00:52.837065+00:00,ME18B284,11,2,20261002085529,20261002022224,20261002024155,,ME
2026-10-02T00:00:52.837065+00:00,ME18B284,12,3,20261002085533,20261002073146,20261002081314,20261002084938,ME
2026-10-02T00:00:52.837065+00:00,ME18B288,11,2,20261002085537,20260930140003,20260930144216,,ME
2026-10-02T00:00:52.837065+00:00,ME18B288,12,2,20261002085539,20261001114212,20261001121129,,ME
2026-10-02T00:00:52.837065+00:00,ME19A152,01,2,20261002085630,20261001132944,20261001135629,,ME
2026-10-02T00:00:52.837065+00:00,ME19A153,01,2,20261002085549,20261002074542,20261002082723,,ME
2026-10-02T00:00:52.837065+00:00,ME19A160,01,2,20261002085552,20261001153032,20261001161048,,ME
2026-10-02T00:00:52.837065+00:00,ME19A164,01,2,20261002085558,20261002080521,20261002084825,,ME
2026-10-02T00:00:52.837065+00:00,ME19A170,01,2,20261002085551,20261001135321,20261001143326,,ME
2026-10-02T00:00:52.837065+00:00,ME19A265,22,3,20261002085729,20261002065517,20261002073525,20261002084949,ME
2026-10-02T00:00:52.837065+00:00,ME19A601,22,3,20261002085756,20261002011742,20261002014227,20261002083330,ME
2026-10-02T00:00:52.837065+00:00,ME19D118,01,2,20261002085654,20261001175351,20261001182734,,ME
2026-10-02T00:00:52.837065+00:00,ME19X403,42,2,20261002085710,20261002072617,20261002074759,,ME
2026-10-02T00:00:52.837065+00:00,ME19X403,43,2,20261002085747,20261001130454,20261001131732,,ME
2026-10-02T00:00:52.837065+00:00,ME19X403,44,2,20261002085706,20261002053033,20261002055950,,ME
2026-10-02T00:00:52.837065+00:00,ME19X403,45,2,20261002085744,20261001191108,20261001193508,,ME
2026-10-02T00:00:52.837065+00:00,ME19X417,41,2,20261002085716,20260928160118,20260928162510,,ME
2026-10-02T00:00:52.837065+00:00,ME19X417,42,2,20261002085716,20260930084220,20260930092220,,ME
2026-10-02T00:00:52.837065+00:00,ME19X417,43,2,20261002085710,20261001132853,20261001140853,,ME
2026-10-02T00:00:52.837065+00:00,ME19X417,44,2,20261002085659,20261002071331,20261002075331,,ME
2026-10-02T00:00:52.837065+00:00,ME19X417,45,2,20261002085711,20261002075943,20261002082815,,ME
2026-10-02T00:00:52.837065+00:00,ME19Y284,21,2,20261002085725,20261002081214,20261002085214,,ME
2026-10-02T00:00:52.837065+00:00,ME19Y284,22,2,20261002085725,20261002083059,20261002083734,,ME
2026-10-02T00:00:52.837065+00:00,ME19Y601,21,2,20261002085531,20261002044150,20261002052150,,ME
2026-10-02T00:00:52.837065+00:00,ME19Y601,22,2,20261002085531,20261002060850,20261002064850,,ME
2026-10-02T00:00:52.837065+00:00,ME19Y601,25,2,20261002085737,20261001134257,20261001135807,,ME
2026-10-02T00:00:52.837065+00:00,ME19Y601,26,3,20261002085559,20261002061553,20261002065553,20261002081757,ME
2026-10-02T00:00:52.837065+00:00,ME20A193,01,2,20261002085708,20261002061154,20261002063315,,ME
2026-10-02T00:00:52.837065+00:00,ME20A194,01,2,20261002085708,20261002071218,20261002072213,,ME
2026-10-02T00:00:52.837065+00:00,ME20A195,01,2,20261002085711,20261001163018,20261001165126,,ME
2026-10-02T00:00:52.837065+00:00,ME20A196,01,2,20261002085708,20261002051054,20261002055054,,ME
2026-10-02T00:00:52.837065+00:00,ME20A197,01,2,20261002085712,20261002022308,20261002030308,,ME
2026-10-02T00:00:52.837065+00:00,ME20A198,01,2,20261002085708,20260924114711,20260924120154,,ME
2026-10-02T00:00:52.837065+00:00,ME20A199,01,2,20261002085701,20261002072905,20261002080905,,ME
2026-10-02T00:00:52.837065+00:00,ME20A1a0,01,2,20261002085714,20260930211119,20260930212304,,ME
2026-10-02T00:00:52.837065+00:00,ME20A1a1,01,2,20261002085709,20261001114634,20261001115830,,ME
2026-10-02T00:00:52.837065+00:00,ME20A1a2,01,2,20261002085709,20261001182832,20261001190832,,ME
2026-10-02T00:00:52.837065+00:00,ME20A1a3,01,2,20261002085700,20261002062822,20261002070822,,ME
2026-10-02T00:00:52.837065+00:00,ME20A1a4,01,2,20261002085709,20260929172748,20260929180748,,ME
2026-10-02T00:00:52.837065+00:00,ME20A1a5,01,2,20261002085714,20261001191707,20261001195707,,ME
2026-10-02T00:00:52.837065+00:00,ME20A1a6,01,2,20261002085715,20261002081632,20261002085632,,ME
2026-10-02T00:00:52.837065+00:00,ME20A1a7,01,2,20261002085703,20260930142439,20260930144230,,ME
2026-10-02T00:00:52.837065+00:00,ME20A1a8,01,2,20261002085714,20261002065100,20261002073100,,ME
2026-10-02T00:00:52.837065+00:00,ME20A1a9,01,2,20261002085709,20261001202305,20261001202818,,ME
2026-10-02T00:00:52.837065+00:00,ME20A1b0,01,2,20261002085613,20261002064406,20261002072406,,ME
2026-10-02T00:00:52.837065+00:00,ME20A278,21,2,20261002085703,20261002035123,20261002041435,,ME
2026-10-02T00:00:52.837065+00:00,ME20A278,22,2,20261002085703,20261002030802,20261002034802,,ME
2026-10-02T00:00:52.837065+00:00,ME20A279,21,2,20261002085714,20260930195919,20260930203919,,ME
2026-10-02T00:00:52.837065+00:00,ME20A279,22,2,20261002085714,20261001165303,20261001173303,,ME
2026-10-02T00:00:52.837065+00:00,ME20A280,01,2,20261002085736,20260929172140,20260929180140,,ME
2026-10-02T00:00:52.837065+00:00,ME20A280,02,2,20261002085801,20261001151845,20261001152148,,ME
2026-10-02T00:00:52.837065+00:00,ME20A301,01,2,20261002085735,20260929132007,20260929140007,,ME
2026-10-02T00:00:52.837065+00:00,ME20A301,21,2,20261002085723,20261001090227,20261001092940,,ME
2026-10-02T00:00:52.837065+00:00,ME20A301,22,2,20261002085723,20260930171540,20260930175540,,ME
2026-10-02T00:00:52.837065+00:00,ME20A409,21,2,20261002085649,20261001174744,20261001182744,,ME
2026-10-02T00:00:52.837065+00:00,ME20A409,22,3,20261002085640,20261001175436,20261001183436,20261002085139,ME
2026-10-02T00:00:52.837065+00:00,ME20A409,23,2,20261002085742,20261002061710,20261002065710,,ME
2026-10-02T00:00:52.837065+00:00,ME20A409,24,2,20261002085742,20261001213933,20261001221933,,ME
2026-10-02T00:00:52.837065+00:00,ME20A410,01,2,20261002085743,20261002075121,20261002083121,,ME
2026-10-02T00:00:52.837065+00:00,ME20A410,02,2,20261002085744,20261001144248,20261001152248,,ME
2026-10-02T00:00:52.837065+00:00,ME20A410,03,2,20261002085809,20261001175143,20261001181003,,ME
2026-10-02T00:00:52.837065+00:00,ME20A410,91,2,20261002085752,20261001153449,20261001160945,,ME
2026-10-02T00:00:52.837065+00:00,ME20A411,01,2,20261002085823,20261001202604,20261001204949,,ME
2026-10-02T00:00:52.837065+00:00,ME20A411,02,3,20261002085657,20260930133726,20260930133826,20261002085656,ME
2026-10-02T00:00:52.837065+00:00,ME20A411,03,2,20261002085827,20261001142015,20261001143709,,ME
2026-10-02T00:00:52.837065+00:00,ME20A411,04,2,20261002085822,20260930135804,20260930143223,,ME
2026-10-02T00:00:52.837065+00:00,ME21B211,01,2,20261002085425,20261002081414,20261002085420,,ME
2026-10-02T00:00:52.837065+00:00,ME21C250,21,2,20261002085902,20261002020943,20261002022201,,ME
2026-10-02T00:00:52.837065+00:00,ME21C250,22,2,20261002085902,20261001173907,20261001174839,,ME
2026-10-02T00:00:52.837065+00:00,ME21C251,21,2,20261002085810,20261002073739,20261002081740,,ME
2026-10-02T00:00:52.837065+00:00,ME21C251,22,2,20261002085810,20261002033323,20261002035953,,ME
2026-10-02T00:00:52.837065+00:00,ME22C1B8,01,2,20261002085842,20261001210933,20261001213936,,ME
2026-10-02T00:00:52.837065+00:00,ME22C1B9,01,2,20261002085828,20261002072802,20261002080803,,ME
2026-10-02T00:00:52.837065+00:00,ME22C1C0,01,2,20261002085820,20260927112449,20260927120450,,ME
2026-10-02T00:00:52.837065+00:00,ME22C802,01,2,20261002085831,20261001160826,20261001163120,,ME
2026-10-02T00:00:52.837065+00:00,ME22C802,02,2,20261002085822,20261002072556,20261002074055,,ME
2026-10-02T00:00:52.837065+00:00,ME22C802,03,3,20261002085850,20261001195126,20261001201950,20261002083207,ME
2026-10-02T00:00:52.837065+00:00,ME22C802,04,2,20261002085813,20261001161526,20261001165527,,ME
2026-10-02T00:00:52.837065+00:00,ME22C802,05,2,20261002085818,20260930080310,20260930084314,,ME
2026-10-02T00:00:52.837065+00:00,ME22C802,06,2,20261002085825,20261001165943,20261001173054,,ME
2026-10-02T00:00:52.837065+00:00,ME22C802,07,2,20261002085844,20261001093407,20261001095201,,ME
2026-10-02T00:00:52.837065+00:00,ME22C802,08,2,20261002085833,20261001153753,20261001161755,,ME
2026-10-02T00:00:52.837065+00:00,ME22D121,01,2,20261002085819,20261002001736,20261002003621,,ME
2026-10-02T00:00:52.837065+00:00,ME22D134,01,2,20261002085825,20261002052402,20261002055831,,ME
2026-10-02T00:00:52.837065+00:00,ME22D152,01,2,20261002085902,20261001183954,20261001191956,,ME
2026-10-02T00:00:52.837065+00:00,ME22D205,01,2,20261002085834,20261001164926,20261001172929,,ME
2026-10-02T00:00:52.837065+00:00,ME22D205,02,2,20261002085839,20261001131609,20261001135612,,ME
2026-10-02T00:00:52.837065+00:00,ME22D402,01,2,20261002085825,20261001062519,20261001064207,,ME
2026-10-02T00:00:52.837065+00:00,ME22D402,02,2,20261002085814,20261002073605,20261002080122,,ME
2026-10-02T00:00:52.837065+00:00,ME22D402,03,2,20261002085810,20260929235358,20260930000701,,ME
2026-10-02T00:00:52.837065+00:00,ME22M301,01,2,20261002085905,20261001205717,20261001213435,,ME
2026-10-02T00:00:52.837065+00:00,ME22M301,02,2,20261002085901,20261002005335,20261002011742,,ME
2026-10-02T00:00:52.837065+00:00,ME22M301,81,2,20261002085811,20261002072331,20261002074231,,ME
2026-10-02T00:00:52.837065+00:00,ME22M301,82,5,20261002085756,20261001160256,20261001163044,,ME
2026-10-02T00:00:52.837065+00:00,ME22M301,83,2,20261002085907,20261002023331,20261002025146,,ME
2026-10-02T00:00:52.837065+00:00,ME22M301,84,2,20261002085815,20260930161732,20260930161747,,ME
2026-10-02T00:00:52.837065+00:00,ME22M302,24,9,20261002085310,20260921143120,20260921143140,,ME
2026-10-02T00:00:52.837065+00:00,ME22M302,33,2,20261002085842,20261001171400,20261001172747,,ME
2026-10-02T00:00:52.837065+00:00,ME22M302,34,2,20261002085848,20260928104130,20260928112131,,ME
2026-10-02T00:00:52.837065+00:00,ME22M302,35,2,20261002085813,20260926140047,20260926144048,,ME
2026-10-02T00:00:52.837065+00:00,ME22M302,36,2,20261002085848,20260930065914,20260930073606,,ME
2026-10-02T00:00:52.837065+00:00,ME25A102,01,2,20261002085513,20261002062916,20261002070935,,ME
2026-10-02T00:00:52.837065+00:00,ME25A107,01,2,20261002085455,20260928075203,20260928082134,,ME
2026-10-02T00:00:52.837065+00:00,ME25A108,01,2,20261002085555,20260916152726,20260916155313,,ME
2026-10-02T00:00:52.837065+00:00,ME25A109,01,2,20261002085527,20261001171957,20261001180016,,ME
2026-10-02T00:00:52.837065+00:00,ME25A401,21,2,20261002085510,20261002064444,20261002070204,,ME
2026-10-02T00:00:52.837065+00:00,ME25A401,22,2,20261002085512,20260930135641,20260930135801,,ME
2026-10-02T00:00:52.837065+00:00,ME25A401,23,2,20261002085524,20261001214340,20261001221432,,ME
2026-10-02T00:00:52.837065+00:00,ME25A401,24,2,20261002085526,20260929102023,20260929102609,,ME
2026-10-02T00:00:52.837065+00:00,ME25A403,21,2,20261002085551,20261001174408,20261002075516,,ME
2026-10-02T00:00:52.837065+00:00,ME25A403,22,2,20261002085553,20260923065817,20260923073818,,ME
2026-10-02T00:00:52.837065+00:00,ME25A403,23,2,20261002085536,20261001125825,20261001174231,,ME
2026-10-02T00:00:52.837065+00:00,ME25A403,24,2,20261002085538,20261002073801,20261002081806,,ME
2026-10-02T00:00:52.837065+00:00,ME25A404,21,2,20261002085549,20261001155732,20261001161229,,ME
2026-10-02T00:00:52.837065+00:00,ME25A404,22,2,20261002085552,20261002065928,20261002071423,,ME
2026-10-02T00:00:52.837065+00:00,ME25A404,23,2,20261002085603,20261002075836,20261002080116,,ME
2026-10-02T00:00:52.837065+00:00,ME25A404,24,2,20261002085606,20260915112557,20260915120602,,ME
2026-10-02T00:00:52.837065+00:00,ME25A405,21,2,20261002085618,20261001151213,20261001152451,,ME
2026-10-02T00:00:52.837065+00:00,ME25A405,22,2,20261002085621,20261001230458,20261001231056,,ME
2026-10-02T00:00:52.837065+00:00,ME25A405,23,2,20261002085652,20261001140516,20261001142421,,ME
2026-10-02T00:00:52.837065+00:00,ME25A405,24,2,20261002085655,20260930185209,20260930191713,,ME
2026-10-02T00:00:52.837065+00:00,ME25A406,21,2,20261002085630,20260930185457,20260930190048,,ME
2026-10-02T00:00:52.837065+00:00,ME25A406,22,2,20261002085633,20261001131059,20261001132514,,ME
2026-10-02T00:00:52.837065+00:00,ME25A406,23,2,20261002085719,20260930124123,20260930124627,,ME
2026-10-02T00:00:52.837065+00:00,ME25A406,24,2,20261002085721,20260928125427,20260928131758,,ME
2026-10-02T00:00:52.837065+00:00,AH000021,05,3,20261002085823,20261002085823,20261001011052,20261002085823,AH
2026-10-02T00:00:52.837065+00:00,AH000121,02,3,20261002085824,20261002085824,20261001102632,20261002085823,AH
2026-10-02T00:00:52.837065+00:00,AH000121,03,3,20261002085824,20261002085824,20261001114141,20261002085823,AH
2026-10-02T00:00:52.837065+00:00,ALAL0005,01,2,20261002085558,20261001174532,20261002085558,,AL
2026-10-02T00:00:52.837065+00:00,ALAL0018,03,3,20261002085558,20261002085558,20261001154529,20261002085558,AL
2026-10-02T00:00:52.837065+00:00,AM900044,01,2,20261002085914,20260922010951,20260923110909,,AM
2026-10-02T00:00:52.837065+00:00,BNBN0092,01,3,20261002085410,20261001081354,20261001094307,20261001081354,BN
2026-10-02T00:00:52.837065+00:00,BNBN0180,01,3,20261002085703,20260930115724,20260930124907,20260930115724,BN
2026-10-02T00:00:52.837065+00:00,BNBN0411,01,2,20261002085704,20261002081648,20261002085446,,BN
2026-10-02T00:00:52.837065+00:00,BNBN0822,05,3,20261002085711,20261001193710,20261001200034,20261001193710,BN
2026-10-02T00:00:52.837065+00:00,BNBN0822,10,2,20261002085410,20261001184544,20261001194952,,BN
2026-10-02T00:00:52.837065+00:00,BNBN0844,04,3,20261002085108,20261002000827,20261002004908,20261002000827,BN
2026-10-02T00:00:52.837065+00:00,BNBN0846,03,2,20261002085407,20261002083027,20261002085135,,BN
2026-10-02T00:00:52.837065+00:00,BNBN0863,01,3,20261002085108,20261001203504,20261001210520,20261001203504,BN
2026-10-02T00:00:52.837065+00:00,BT000131,02,9,20261002085810,20261002082312,20261001095841,20261002082312,BT
2026-10-02T00:00:52.837065+00:00,BT000149,01,2,20261002085427,20261002085414,20261002085427,,BT
2026-10-02T00:00:52.837065+00:00,BT000174,01,3,20261002085206,20261002085206,20261002062433,20261002085206,BT
2026-10-02T00:00:52.837065+00:00,BT200001,03,3,20261002085959,20261002085959,20261002085959,20261002085959,BT
2026-10-02T00:00:52.837065+00:00,BT200001,09,3,20261002085959,20261002085959,20261002085954,20261002085959,BT
2026-10-02T00:00:52.837065+00:00,BT200001,12,3,20261002085959,20261002085959,20261002085959,20261002085959,BT
2026-10-02T00:00:52.837065+00:00,CA000107,11,2,20261002085150,20260928174950,20260928174950,,CA
2026-10-02T00:00:52.837065+00:00,CA000107,21,2,20261002085150,20260909115450,20260909115450,,CA
2026-10-02T00:00:52.837065+00:00,CGA00078,05,2,20261002090009,20261001204735,20261002045634,,CG
2026-10-02T00:00:52.837065+00:00,CGA00129,01,2,20261002090007,20261001205205,20261001233615,,CG
2026-10-02T00:00:52.837065+00:00,CGA00228,03,2,20261002090009,20261001225526,20261002013450,,CG
2026-10-02T00:00:52.837065+00:00,CI0I0001,03,3,20261002085934,20261002085934,20261001181720,20261002085934,CI
2026-10-02T00:00:52.837065+00:00,CI0I0001,14,3,20261002085917,20261002085917,20261001173010,20261002085917,CI
2026-10-02T00:00:52.837065+00:00,CO000019,01,3,20261002085700,20261002085700,20260922102800,20261002085700,CO
2026-10-02T00:00:52.837065+00:00,CSSGI027,02,3,20261002085830,20261001004602,20261001004623,20261002085830,CS
2026-10-02T00:00:52.837065+00:00,CU200009,01,3,20261002085612,20261001211106,20261002022311,20261002085614,CU
2026-10-02T00:00:52.837065+00:00,CU200016,09,2,20261002085129,20261001211928,20261002084054,,CU
2026-10-02T00:00:52.837065+00:00,CV000114,04,3,20261002085516,20261002085443,20261002085444,20261002085516,CV
2026-10-02T00:00:52.837065+00:00,CV000887,05,3,20261002085519,20261002085506,20261002085509,20261002085519,CV
2026-10-02T00:00:52.837065+00:00,CV001112,06,3,20261002085526,20261002085204,20261002085209,20261002085204,CV
2026-10-02T00:00:52.837065+00:00,CV001287,01,3,20261002085522,20261002085420,20261002085431,20261002085420,CV
2026-10-02T00:00:52.837065+00:00,CV001457,04,3,20261002085522,20261002085100,20261002085100,20261002085522,CV
2026-10-02T00:00:52.837065+00:00,CV001527,04,3,20261002085523,20261002085343,20261002085345,20261002085523,CV
2026-10-02T00:00:52.837065+00:00,CV001596,03,3,20261002085523,20261002085420,20261002085424,20261002085523,CV
2026-10-02T00:00:52.837065+00:00,CV001714,01,3,20261002085524,20261002085247,20261002085253,20261002085247,CV
2026-10-02T00:00:52.837065+00:00,CV002121,01,2,20261002085532,20261002084052,20261002085105,,CV
2026-10-02T00:00:52.837065+00:00,CV002165,01,2,20261002085533,20261002075935,20261002085403,,CV
2026-10-02T00:00:52.837065+00:00,CV002274,17,2,20261002085549,20261002075207,20261002085207,,CV
2026-10-02T00:00:52.837065+00:00,CV002751,02,2,20261002085540,20261002082124,20261002085358,,CV
2026-10-02T00:00:52.837065+00:00,CV002760,01,3,20261002085539,20261002085423,20261002085424,20261002085539,CV
2026-10-02T00:00:52.837065+00:00,CV002938,03,2,20261002085523,20261002075833,20261002085414,,CV
2026-10-02T00:00:52.837065+00:00,CV003700,02,3,20261002085549,20261002085037,20261002085036,20261002085037,CV
2026-10-02T00:00:52.837065+00:00,CV003814,05,3,20261002085549,20261002085344,20261002085344,20261002085549,CV
2026-10-02T00:00:52.837065+00:00,CV003815,03,3,20261002085549,20261002085454,20261002085456,20261002085549,CV
2026-10-02T00:00:52.837065+00:00,CV003959,01,2,20261002085549,20261002082749,20261002085309,,CV
2026-10-02T00:00:52.837065+00:00,CV003960,02,3,20261002085550,20261002085202,20261002085202,20261002085550,CV
2026-10-02T00:00:52.837065+00:00,CV003975,01,3,20261002085538,20261002085218,20261002085217,20261002085538,CV
2026-10-02T00:00:52.837065+00:00,CV004090,02,2,20261002085551,20261002080841,20261002085304,,CV
2026-10-02T00:00:52.837065+00:00,CV004337,01,3,20261002085533,20261002085119,20261002085120,20261002085119,CV
2026-10-02T00:00:52.837065+00:00,CV004456,02,2,20261002085520,20261002075131,20261002085130,,CV
2026-10-02T00:00:52.837065+00:00,CV004483,01,3,20261002085053,20261002084718,20261002084718,20261002084718,CV
2026-10-02T00:00:52.837065+00:00,CV004728,01,2,20261002085554,20261002081616,20261002085225,,CV
2026-10-02T00:00:52.837065+00:00,CV004728,02,2,20261002085054,20261002074803,20261002084809,,CV
2026-10-02T00:00:52.837065+00:00,CV004753,03,3,20261002085554,20261002085233,20261002085239,20261002085233,CV
2026-10-02T00:00:52.837065+00:00,CV004754,01,3,20261002085555,20261002085031,20261002085029,20261002085555,CV
2026-10-02T00:00:52.837065+00:00,CV004754,05,2,20261002085555,20261002074030,20261002085120,,CV
2026-10-02T00:00:52.837065+00:00,DO000010,01,2,20261002085937,20261002064527,20261002085937,,DO
2026-10-02T00:00:52.837065+00:00,DO000060,01,3,20261002085134,20261002085134,20261002085131,20261002085134,DO
2026-10-02T00:00:52.837065+00:00,DYME2066,89,2,20261002085303,20261001205302,20261002085303,,DY
2026-10-02T00:00:52.837065+00:00,EASGGSSG,03,3,20261002090001,20261002090001,20261001124500,20261002090001,EA
2026-10-02T00:00:52.837065+00:00,EC000384,02,2,20261002085201,20261001130537,20261001220537,,EC
2026-10-02T00:00:52.837065+00:00,EC000390,01,2,20261002085601,20261001183241,20261002022301,,EC
2026-10-02T00:00:52.837065+00:00,EC001018,10,3,20261002085201,20261002085143,20261002053427,20261002085143,EC
2026-10-02T00:00:52.837065+00:00,EC001023,17,3,20261002085601,20261002085456,20260929170658,20261002085456,EC
2026-10-02T00:00:52.837065+00:00,EC001038,01,2,20261002085401,20261001203853,20261001212503,,EC
2026-10-02T00:00:52.837065+00:00,EC001049,06,3,20261002085601,20261002085420,20261001190608,20261002085420,EC
2026-10-02T00:00:52.837065+00:00,EC003207,02,2,20261002090002,20261001181655,20261001200516,,EC
2026-10-02T00:00:52.837065+00:00,EC004802,02,3,20261002085802,20260930130838,20260930201727,20260930130838,EC
2026-10-02T00:00:52.837065+00:00,EC004960,03,3,20261002090003,20261002033048,20261002033609,20261002033048,EC
2026-10-02T00:00:52.837065+00:00,EC110021,04,3,20261002085402,20261002085233,20261001180530,20261002085233,EC
2026-10-02T00:00:52.837065+00:00,EC110042,02,3,20261002085202,20261002085128,20261001180912,20261002085128,EC
2026-10-02T00:00:52.837065+00:00,EC110104,02,3,20261002085602,20261002085555,20261002082429,20261002085555,EC
2026-10-02T00:00:52.837065+00:00,EO000121,04,3,20261002085151,20261002085151,20261001184159,20261002085151,EO
2026-10-02T00:00:52.837065+00:00,EP210167,02,3,20261002085454,20261002085454,20261002061019,20261002074457,EP
2026-10-02T00:00:52.837065+00:00,ER000245,06,3,20261002085141,20261001121151,20261001085838,20261002085141,ER
2026-10-02T00:00:52.837065+00:00,ER000251,02,2,20261002085801,20261002085156,20261001170851,,ER
2026-10-02T00:00:52.837065+00:00,ER000397,31,2,20261002085402,20261002040437,20261001181548,,ER
2026-10-02T00:00:52.837065+00:00,ER000397,36,2,20261002085653,20261002002457,20261001202734,,ER
2026-10-02T00:00:52.837065+00:00,ER000399,09,3,20261002085927,20261001143836,20261001135114,20261002085900,ER
2026-10-02T00:00:52.837065+00:00,ER000460,07,2,20261002085141,20261002011005,20261001213508,,ER
2026-10-02T00:00:52.837065+00:00,ER000555,03,3,20261002085258,20261001012144,20260930185729,20261002085239,ER
2026-10-02T00:00:52.837065+00:00,ER000558,14,2,20261002085207,20261002074859,20261001233848,,ER
2026-10-02T00:00:52.837065+00:00,ER000558,27,2,20261002085437,20261002000133,20261001204111,,ER
2026-10-02T00:00:52.837065+00:00,ER000560,09,2,20261002085555,20261002081112,20261002023642,,ER
2026-10-02T00:00:52.837065+00:00,EV000007,03,1,20261002085152,20261001204910,20261002025937,,EV
2026-10-02T00:00:52.837065+00:00,EV000062,01,9,20261002085856,20261001052610,20261001150555,,EV
2026-10-02T00:00:52.837065+00:00,EV000498,01,3,20261002085646,20261001164903,20261001201304,20261002085512,EV
2026-10-02T00:00:52.837065+00:00,EV001175,03,3,20261002085645,20261001211341,20261002051351,20261002085525,EV
2026-10-02T00:00:52.837065+00:00,EV001260,01,3,20261002085244,20261002012748,20261002013821,20261002085126,EV
2026-10-02T00:00:52.837065+00:00,EV001527,02,2,20261002085855,20261001191325,20261002053443,,EV
2026-10-02T00:00:52.837065+00:00,EV001527,03,2,20261002085845,20261001194948,20261001234651,,EV
2026-10-02T00:00:52.837065+00:00,EV001585,01,2,20261002085444,20261001175234,20261001192649,,EV
2026-10-02T00:00:52.837065+00:00,EV001887,02,2,20261002085241,20261001182704,20261002002811,,EV
2026-10-02T00:00:52.837065+00:00,EV001916,01,1,20261002085151,20260930204905,20261001131000,,EV
2026-10-02T00:00:52.837065+00:00,EV002031,02,3,20261002085442,20261001185211,20261001203734,20261002085400,EV
2026-10-02T00:00:52.837065+00:00,EV002485,02,2,20261002085848,20261001191208,20261001230844,,EV
2026-10-02T00:00:52.837065+00:00,EV002900,02,2,20261002085643,20261002081837,20261002085553,,EV
2026-10-02T00:00:52.837065+00:00,EV002936,03,2,20261002085242,20261001230156,20261002001431,,EV
2026-10-02T00:00:52.837065+00:00,EV003079,01,2,20261002085445,20261001233313,20261002015223,,EV
2026-10-02T00:00:52.837065+00:00,EV003254,02,2,20261002085244,20261002080524,20261002084955,,EV
2026-10-02T00:00:52.837065+00:00,EV003312,02,2,20261002085645,20261002072828,20261002085350,,EV
2026-10-02T00:00:52.837065+00:00,EV003668,02,3,20261002085643,20260923085536,20260923140634,20261002085512,EV
2026-10-02T00:00:52.837065+00:00,EV003740,05,3,20261002085444,20261001090158,20261001111659,20261002085248,EV
2026-10-02T00:00:52.837065+00:00,EV004427,01,2,20261002085845,20261001220624,20261002000458,,EV
2026-10-02T00:00:52.837065+00:00,EV004427,03,9,20261002085853,20261001224554,20261002023722,,EV
2026-10-02T00:00:52.837065+00:00,EV004850,04,2,20261002085849,20261001164801,20261001224000,,EV
2026-10-02T00:00:52.837065+00:00,EV005017,05,2,20261002085646,20261001210046,20261002001341,,EV
2026-10-02T00:00:52.837065+00:00,EV005032,04,9,20261002085845,20260930014901,20260930141010,,EV
2026-10-02T00:00:52.837065+00:00,EV005101,01,2,20261002085446,20261001203852,20261002013018,,EV
2026-10-02T00:00:52.837065+00:00,EV005151,01,2,20261002085152,20261001184719,20261002011928,,EV
2026-10-02T00:00:52.837065+00:00,EV005180,02,9,20261002085847,20260930220932,20261001100452,,EV
2026-10-02T00:00:52.837065+00:00,EV005276,03,3,20261002085644,20261001214736,20261002044743,20261002083146,EV
2026-10-02T00:00:52.837065+00:00,EV005577,01,3,20261002085853,20261001180018,20261002031822,20261002085853,EV
2026-10-02T00:00:52.837065+00:00,EV005688,01,3,20261002085856,20261001235124,20261002033620,20261002085856,EV
2026-10-02T00:00:52.837065+00:00,EV005908,02,3,20261002085443,20260930214851,20261001020828,20261002085337,EV
2026-10-02T00:00:52.837065+00:00,EV006017,01,2,20261002085644,20261001235313,20261002050636,,EV
2026-10-02T00:00:52.837065+00:00,EV006082,07,2,20261002085643,20261001231342,20261002013422,,EV
2026-10-02T00:00:52.837065+00:00,EV006267,04,3,20261002085848,20261002064705,20261002080121,20261002092543,EV
2026-10-02T00:00:52.837065+00:00,EV006268,01,1,20261002085854,20260914085932,20260914090024,,EV
2026-10-02T00:00:52.837065+00:00,EV006268,02,2,20261002085153,20260918140545,20260918145018,,EV
2026-10-02T00:00:52.837065+00:00,EV006338,01,2,20261002085446,20261002060930,20261002085142,,EV
2026-10-02T00:00:52.837065+00:00,EV006972,02,3,20261002085443,20260929081836,20260929163735,20261002085443,EV
2026-10-02T00:00:52.837065+00:00,EV007139,01,2,20261002085647,20261001175547,20261001225749,,EV
2026-10-02T00:00:52.837065+00:00,EV007379,02,2,20261002085243,20261001202838,20261002045943,,EV
2026-10-02T00:00:52.837065+00:00,EV007548,04,3,20261002085644,20260925062826,20260925113610,20261002085644,EV
2026-10-02T00:00:52.837065+00:00,EV007954,01,2,20261002085443,20260927063124,20260927091454,,EV
2026-10-02T00:00:52.837065+00:00,EV007954,02,2,20261002085443,20260929134252,20260929181403,,EV
2026-10-02T00:00:52.837065+00:00,EV008232,01,3,20261002085855,20260930183715,20260930224946,20261002011113,EV
2026-10-02T00:00:52.837065+00:00,EV008718,02,2,20261002085644,20261001210411,20261002045313,,EV
2026-10-02T00:00:52.837065+00:00,EV008804,04,2,20261002085443,20261001211938,20261001212014,,EV
2026-10-02T00:00:52.837065+00:00,EV008807,01,2,20261002085847,20261001205143,20261001230715,,EV
2026-10-02T00:00:52.837065+00:00,EV008876,01,2,20261002085646,20261001213747,20261002024708,,EV
2026-10-02T00:00:52.837065+00:00,EV008903,01,2,20261002085443,20261001205732,20261001221030,,EV
2026-10-02T00:00:52.837065+00:00,EV010082,05,3,20261002085446,20261001140240,20261001151349,20261002085420,EV
2026-10-02T00:00:52.837065+00:00,EV010230,01,2,20261002085445,20261001181946,20261001220916,,EV
2026-10-02T00:00:52.837065+00:00,EV010469,05,2,20261002085445,20261001194043,20261002050801,,EV
2026-10-02T00:00:52.837065+00:00,EV010579,04,2,20261002085244,20261001172955,20261002023119,,EV
2026-10-02T00:00:52.837065+00:00,EV010700,03,2,20261002085647,20261001180832,20261002033751,,EV
2026-10-02T00:00:52.837065+00:00,EV010791,01,2,20261002085242,20261001173757,20261002072353,,EV
2026-10-02T00:00:52.837065+00:00,EV010839,02,2,20261002085153,20261002082635,20261002085013,,EV
2026-10-02T00:00:52.837065+00:00,EV011072,02,2,20261002085240,20261001202725,20261001221129,,EV
2026-10-02T00:00:52.837065+00:00,EV011133,01,3,20261002085444,20260928084157,20260928174731,20261002085356,EV
2026-10-02T00:00:52.837065+00:00,EV011148,01,2,20261002085647,20261001170136,20261001214729,,EV
2026-10-02T00:00:52.837065+00:00,EV011228,02,2,20261002085647,20261001200018,20261002040704,,EV
2026-10-02T00:00:52.837065+00:00,EV011233,01,3,20261002085845,20261001070853,20261001085333,20261002085655,EV
2026-10-02T00:00:52.837065+00:00,EV011233,04,2,20261002085442,20261002080352,20261002085334,,EV
2026-10-02T00:00:52.837065+00:00,EV011608,02,2,20261002085848,20260930181849,20260930213215,,EV
2026-10-02T00:00:52.837065+00:00,EV012083,04,2,20261002085849,20261001174548,20261002002214,,EV
2026-10-02T00:00:52.837065+00:00,EV012087,04,3,20261002085446,20261001162220,20261001215023,20261002085350,EV
2026-10-02T00:00:52.837065+00:00,EV012088,03,3,20261002085446,20260930183113,20261001034224,20261002085412,EV
2026-10-02T00:00:52.837065+00:00,EV012502,01,3,20261002085244,20261001163407,20261001172645,20261002085135,EV
2026-10-02T00:00:52.837065+00:00,EV012690,03,3,20261002085241,20261001172231,20261002020310,20261002085201,EV
2026-10-02T00:00:52.837065+00:00,EV012691,03,2,20261002085644,20261001155542,20261001203608,,EV
2026-10-02T00:00:52.837065+00:00,EV012744,01,3,20261002085645,20261001182905,20261001211246,20261002085628,EV
2026-10-02T00:00:52.837065+00:00,EV012759,02,2,20261002085243,20261001163535,20261002004629,,EV
2026-10-02T00:00:52.837065+00:00,EV012784,03,2,20261002085244,20261001195258,20261002020722,,EV
2026-10-02T00:00:52.837065+00:00,EV012791,03,2,20261002085647,20261001211526,20261002011052,,EV
2026-10-02T00:00:52.837065+00:00,EV012794,03,2,20261002085445,20261002073912,20261002083012,,EV
2026-10-02T00:00:52.837065+00:00,EV012798,01,3,20261002085244,20260930211823,20261001013946,20261002071514,EV
2026-10-02T00:00:52.837065+00:00,EV012804,02,2,20261002085244,20261001181937,20261001214527,,EV
2026-10-02T00:00:52.837065+00:00,EV012876,06,3,20261002085155,20260930084717,20260930121948,20261002085043,EV
2026-10-02T00:00:52.837065+00:00,EV013174,06,3,20261002085445,20261001091809,20261001103059,20261002085341,EV
2026-10-02T00:00:52.837065+00:00,EV013198,05,3,20261002085646,20261001144104,20261001153219,20261002085646,EV
2026-10-02T00:00:52.837065+00:00,EV013324,04,3,20261002085444,20261001104249,20261001174535,20261002085319,EV
2026-10-02T00:00:52.837065+00:00,EV013428,04,3,20261002085446,20260927152027,20260927211915,20261002085310,EV
2026-10-02T00:00:52.837065+00:00,EV013538,03,3,20261002085647,20261001093215,20261001113707,20261002085449,EV
2026-10-02T00:00:52.837065+00:00,EV013823,04,2,20261002085243,20261001203532,20261001233600,,EV
2026-10-02T00:00:52.837065+00:00,EV013840,01,2,20261002085845,20260930135344,20260930140308,,EV
2026-10-02T00:00:52.837065+00:00,EV013840,03,2,20261002085241,20260930202940,20260930221846,,EV
2026-10-02T00:00:52.837065+00:00,EV013941,04,2,20261002085848,20261001180451,20261001234519,,EV
2026-10-02T00:00:52.837065+00:00,EV014400,02,3,20261002085244,20260915163445,20260915181909,20261002085244,EV
2026-10-02T00:00:52.837065+00:00,EV014436,03,2,20261002085243,20261001191601,20261001213030,,EV
2026-10-02T00:00:52.837065+00:00,EV014480,01,2,20261002085845,20261002065024,20261002081940,,EV
2026-10-02T00:00:52.837065+00:00,EV014595,02,2,20261002085154,20261001221232,20261002075022,,EV
2026-10-02T00:00:52.837065+00:00,EV014734,01,3,20261002085442,20261001111304,20261001140026,20261002085259,EV
2026-10-02T00:00:52.837065+00:00,EV014901,06,3,20261002085644,20261001224313,20261002055917,20261002085615,EV
2026-10-02T00:00:52.837065+00:00,EV015097,02,3,20261002085646,20261001092109,20261001110419,20261002085646,EV
2026-10-02T00:00:52.837065+00:00,EV015180,02,2,20261002085446,20261001192703,20261002000844,,EV
2026-10-02T00:00:52.837065+00:00,EV015457,03,2,20261002085243,20261002012941,20261002045441,,EV
2026-10-02T00:00:52.837065+00:00,EV015550,01,3,20261002085852,20261001153940,20261001215654,20261002085852,EV
2026-10-02T00:00:52.837065+00:00,EV015587,04,2,20261002085847,20261001170512,20261002012048,,EV
2026-10-02T00:00:52.837065+00:00,EV015765,01,3,20261002085241,20261001112549,20261001141923,20261002085149,EV
2026-10-02T00:00:52.837065+00:00,EV015846,01,2,20261002085848,20261001201938,20261001230731,,EV
2026-10-02T00:00:52.837065+00:00,EV015849,01,2,20261002085848,20261001195954,20261001213119,,EV
2026-10-02T00:00:52.837065+00:00,EV016289,01,2,20261002085646,20261001193637,20261002063340,,EV
2026-10-02T00:00:52.837065+00:00,EV017511,03,2,20261002085647,20261001200623,20261001223732,,EV
2026-10-02T00:00:52.837065+00:00,EV017513,04,2,20261002085849,20261001194240,20261001214624,,EV
2026-10-02T00:00:52.837065+00:00,EV017664,01,3,20261002085444,20260930184418,20261001003414,20261002085339,EV
2026-10-02T00:00:52.837065+00:00,EV017712,04,2,20261002085244,20261001194015,20261002035932,,EV
2026-10-02T00:00:52.837065+00:00,EV017715,01,2,20261002085845,20261001225144,20261002043050,,EV
2026-10-02T00:00:52.837065+00:00,EV017715,03,2,20261002085845,20261001185155,20261001212251,,EV
2026-10-02T00:00:52.837065+00:00,EV017769,03,2,20261002085848,20261001171753,20261001181637,,EV
2026-10-02T00:00:52.837065+00:00,EV017782,01,3,20261002085643,20261001174527,20261001203220,20261002085506,EV
2026-10-02T00:00:52.837065+00:00,EV017782,03,3,20261002085150,20261001182131,20261001203506,20261002085038,EV
2026-10-02T00:00:52.837065+00:00,EV017870,01,2,20261002085243,20261001193613,20261001204031,,EV
2026-10-02T00:00:52.837065+00:00,EV017918,02,1,20261002085153,20261001215912,20261002033355,,EV
2026-10-02T00:00:52.837065+00:00,EV017923,01,3,20261002085854,20261001173357,20261001200717,20261002035700,EV
2026-10-02T00:00:52.837065+00:00,EV017930,09,2,20261002085244,20261001172805,20261001195950,,EV
2026-10-02T00:00:52.837065+00:00,EV017932,08,2,20261002085244,20261001185503,20261002032015,,EV
2026-10-02T00:00:52.837065+00:00,EV017934,02,2,20261002085848,20261001232308,20261002021153,,EV
2026-10-02T00:00:52.837065+00:00,EV018259,01,2,20261002085445,20260929204956,20260930053806,,EV
2026-10-02T00:00:52.837065+00:00,EV018362,06,3,20261002085647,20261001094000,20261001141213,20261002085529,EV
2026-10-02T00:00:52.837065+00:00,EV018548,01,2,20261002085853,20261001192042,20261001230333,,EV
2026-10-02T00:00:52.837065+00:00,EV018848,05,3,20261002085848,20260930200900,20261001002643,20261002085848,EV
2026-10-02T00:00:52.837065+00:00,EV018894,02,2,20261002085846,20261001170556,20261002015521,,EV
2026-10-02T00:00:52.837065+00:00,EV018912,01,3,20261002085852,20261001224418,20261002031404,20261002085852,EV
2026-10-02T00:00:52.837065+00:00,EV019409,01,2,20261002085442,20261002004235,20261002041243,,EV
2026-10-02T00:00:52.837065+00:00,EV019427,04,2,20261002085443,20261001194649,20261002005748,,EV
2026-10-02T00:00:52.837065+00:00,EV019432,01,2,20261002085445,20261001210234,20261002030200,,EV
2026-10-02T00:00:52.837065+00:00,EV019681,03,2,20261002085244,20261001185753,20261002083412,,EV
2026-10-02T00:00:52.837065+00:00,EV019732,01,2,20261002085646,20261001201007,20261002010233,,EV
2026-10-02T00:00:52.837065+00:00,EV019836,03,2,20261002085856,20260929203403,20260930031810,,EV
2026-10-02T00:00:52.837065+00:00,EV019853,01,3,20261002085849,20261001092203,20261001160558,20261002085722,EV
2026-10-02T00:00:52.837065+00:00,EV020081,01,2,20261002085848,20261001221304,20261002062357,,EV
2026-10-02T00:00:52.837065+00:00,EV020333,01,9,20261002085855,20261001194655,20261002051842,,EV
2026-10-02T00:00:52.837065+00:00,EV020381,02,2,20261002085444,20261001202045,20261002055348,,EV
2026-10-02T00:00:52.837065+00:00,EV020439,03,3,20261002085646,20261001231458,20261002074806,20261002085548,EV
2026-10-02T00:00:52.837065+00:00,EV020854,01,2,20261002085444,20261001182619,20261001211059,,EV
2026-10-02T00:00:52.837065+00:00,EV020995,01,2,20261002085644,20261001200946,20261001220036,,EV
2026-10-02T00:00:52.837065+00:00,GS000009,02,3,20261002085657,20261002085657,20261002085356,20261002085657,GS
2026-10-02T00:00:52.837065+00:00,GS000009,04,2,20261002085958,20261002080544,20261002085958,,GS
2026-10-02T00:00:52.837065+00:00,GS000077,01,3,20261002085958,20261002085958,20261001134846,20261002085958,GS
2026-10-02T00:00:52.837065+00:00,GS000106,01,2,20261002085356,20261002082951,20261002085356,,GS
2026-10-02T00:00:52.837065+00:00,HD000013,01,3,20261002090001,20261002024321,20261002024346,20261002024321,HD
2026-10-02T00:00:52.837065+00:00,HD000013,02,2,20261002090001,20261002052522,20261002055045,,HD
2026-10-02T00:00:52.837065+00:00,HD000013,03,2,20261002090001,20261002023145,20261002024953,,HD
2026-10-02T00:00:52.837065+00:00,HD000013,04,2,20261002090001,20260930234120,20261001000157,,HD
2026-10-02T00:00:52.837065+00:00,HD000013,05,2,20261002090001,20261001141333,20261001150706,,HD
2026-10-02T00:00:52.837065+00:00,HD000013,06,2,20261002090001,20261001203245,20261001204552,,HD
2026-10-02T00:00:52.837065+00:00,HD000017,01,2,20261002090002,20261001184405,20261001184618,,HD
2026-10-02T00:00:52.837065+00:00,HD000017,02,2,20261002090002,20261001180258,20261001183053,,HD
2026-10-02T00:00:52.837065+00:00,HD000017,03,2,20261002090002,20261001174146,20261001175833,,HD
2026-10-02T00:00:52.837065+00:00,HD000019,04,3,20261002085200,20261002085124,20261002025530,20261002085124,HD
2026-10-02T00:00:52.837065+00:00,HD000023,01,2,20261002090002,20261002034529,20261002043250,,HD
2026-10-02T00:00:52.837065+00:00,HD000023,03,2,20261002090003,20261002081307,20261002083715,,HD
2026-10-02T00:00:52.837065+00:00,HD000023,04,2,20261002090003,20261002071730,20261002061356,,HD
2026-10-02T00:00:52.837065+00:00,HD000023,05,2,20261002090003,20261002080131,20261002084449,,HD
2026-10-02T00:00:52.837065+00:00,HD000023,06,2,20261002090003,20261001210447,20261001211118,,HD
2026-10-02T00:00:52.837065+00:00,HD000034,01,2,20261002090004,20261002085758,20261002085920,,HD
2026-10-02T00:00:52.837065+00:00,HD000039,01,2,20261002090004,20260929170102,20260929173038,,HD
2026-10-02T00:00:52.837065+00:00,HD000039,02,2,20261002090004,20261001182103,20261001185135,,HD
2026-10-02T00:00:52.837065+00:00,HD000039,03,2,20261002090004,20260928085722,20260928090809,,HD
2026-10-02T00:00:52.837065+00:00,HD000039,04,2,20261002090005,20261002051219,20261002052648,,HD
2026-10-02T00:00:52.837065+00:00,HD000040,01,2,20261002090005,20261001004157,20261001010413,,HD
2026-10-02T00:00:52.837065+00:00,HD000040,02,2,20261002090005,20260930123018,20260930131535,,HD
2026-10-02T00:00:52.837065+00:00,HD000040,03,2,20261002090005,20261001213046,20261001215011,,HD
2026-10-02T00:00:52.837065+00:00,HD000040,04,2,20261002090005,20261001140408,20261001142518,,HD
2026-10-02T00:00:52.837065+00:00,HD000047,05,3,20261002085501,20261002085502,20261001152339,20261001144643,HD
2026-10-02T00:00:52.837065+00:00,HD000091,02,3,20261002085202,20261002085116,20261001165340,20261002085116,HD
2026-10-02T00:00:52.837065+00:00,HE000763,01,3,20261002085300,20261002085300,20261002082000,20261002085300,HE
2026-10-02T00:00:52.837065+00:00,HE001015,01,3,20261002085800,20261002085800,20261002062400,20261002085800,HE
2026-10-02T00:00:52.837065+00:00,HE192301,10,3,20261002085500,20261002085500,20261002023300,20261002085500,HE
2026-10-02T00:00:52.837065+00:00,HE240170,02,3,20261002085700,20261002085700,20260921125328,20261002085700,HE
2026-10-02T00:00:52.837065+00:00,HE240401,01,2,20261002090001,20260929160347,20260930061003,,HE
2026-10-02T00:00:52.837065+00:00,HE240401,02,2,20261002090001,20260927194253,20260928025657,,HE
2026-10-02T00:00:52.837065+00:00,HE240401,03,2,20261002090001,20261001123311,20261001142206,,HE
2026-10-02T00:00:52.837065+00:00,HE240404,03,2,20261002090001,20261001174614,20261002041543,,HE
2026-10-02T00:00:52.837065+00:00,HE240515,03,3,20261002085300,20261002085300,20261001234630,20261002085300,HE
2026-10-02T00:00:52.837065+00:00,HJ000005,52,3,20261002090000,20261002004255,20261002013332,20261002004255,HJ
2026-10-02T00:00:52.837065+00:00,HM000001,19,3,20261002085400,20261001100214,20261001110541,20261002085217,HM
2026-10-02T00:00:52.837065+00:00,HM000065,07,2,20261002085800,20261002081831,20261002085547,,HM
2026-10-02T00:00:52.837065+00:00,HM000068,02,3,20261002085800,20261001133951,20261001150718,20261002085744,HM
2026-10-02T00:00:52.837065+00:00,HM000087,08,2,20261002085800,20261001161258,20261001231759,,HM
2026-10-02T00:00:52.837065+00:00,HM000126,02,3,20261002090006,20261001082832,20261001093520,20261002085951,HM
2026-10-02T00:00:52.837065+00:00,HM000126,06,3,20261002085601,20261001100745,20261001122752,20261002085445,HM
2026-10-02T00:00:52.837065+00:00,HM000560,23,2,20261002085407,20261002024718,20261002085218,,HM
2026-10-02T00:00:52.837065+00:00,HM000617,01,2,20261002085609,20261002065837,20261002085527,,HM
2026-10-02T00:00:52.837065+00:00,HM000648,03,2,20261002085209,20261002084818,20261002085143,,HM
2026-10-02T00:00:52.837065+00:00,HM000700,03,3,20261002085409,20260930084844,20260930112420,20261002085328,HM
2026-10-02T00:00:52.837065+00:00,HM001012,05,3,20261002085813,20261001062203,20261001082629,20261002085729,HM
2026-10-02T00:00:52.837065+00:00,HM001078,04,2,20261002085413,20261001211239,20261002075150,,HM
2026-10-02T00:00:52.837065+00:00,HM001090,05,3,20261002085413,20261002073009,20261002080321,20261002085315,HM
2026-10-02T00:00:52.837065+00:00,HM001251,03,3,20261002085215,20261001150551,20261001175826,20261002085113,HM
2026-10-02T00:00:52.837065+00:00,HM001251,08,3,20261002085415,20261001093905,20261001194636,20261002085333,HM
2026-10-02T00:00:52.837065+00:00,HM001251,16,3,20261002085815,20260929093604,20260929102852,20261002085706,HM
2026-10-02T00:00:52.837065+00:00,HM001290,07,2,20261002085415,20261001162818,20261001221654,,HM
2026-10-02T00:00:52.837065+00:00,HM001693,01,3,20261002085419,20261001090747,20261001151714,20261002085358,HM
2026-10-02T00:00:52.837065+00:00,HM001718,02,2,20261002085419,20261001220844,20261002085250,,HM
2026-10-02T00:00:52.837065+00:00,HM001718,09,2,20261002085419,20261002021111,20261002085337,,HM
2026-10-02T00:00:52.837065+00:00,HM110020,02,3,20261002085421,20261001071920,20261001095700,20261002085304,HM
2026-10-02T00:00:52.837065+00:00,HM110095,02,3,20261002085421,20261002060022,20261002070133,20261002085251,HM
2026-10-02T00:00:52.837065+00:00,HM110101,01,3,20261002085421,20261001084822,20261001095512,20261002085201,HM
2026-10-02T00:00:52.837065+00:00,HM110102,01,2,20261002085421,20261002075351,20261002085235,,HM
2026-10-02T00:00:52.837065+00:00,HM110111,02,3,20261002085823,20261001073948,20261001081620,20261002085632,HM
2026-10-02T00:00:52.837065+00:00,HM110116,03,3,20261002085823,20261001125311,20261001134946,20261002085725,HM
2026-10-02T00:00:52.837065+00:00,HM110116,08,3,20261002085220,20261001092528,20261001165414,20261002085103,HM
2026-10-02T00:00:52.837065+00:00,HM110116,19,3,20261002085421,20261001082551,20261001155523,20261002085227,HM
2026-10-02T00:00:52.837065+00:00,HM110157,01,2,20261002085823,20261002083528,20261002085649,,HM
2026-10-02T00:00:52.837065+00:00,HM110158,14,3,20261002085422,20261001084337,20261001103349,20261002085230,HM
2026-10-02T00:00:52.837065+00:00,HM110198,17,3,20261002085621,20260930085408,20260930141401,20261002085420,HM
2026-10-02T00:00:52.837065+00:00,HM110198,21,3,20261002085824,20261001125442,20261001144517,20261002085625,HM
2026-10-02T00:00:52.837065+00:00,HM110219,08,3,20261002085423,20261001151402,20261001163615,20261002085340,HM
2026-10-02T00:00:52.837065+00:00,HM110247,02,3,20261002085222,20261001080204,20261001112040,20261002085030,HM
2026-10-02T00:00:52.837065+00:00,HM110251,05,3,20261002085423,20261001084428,20261001133229,20261002085354,HM
2026-10-02T00:00:52.837065+00:00,HM110280,03,3,20261002085222,20261001100836,20261001172539,20261002085139,HM
2026-10-02T00:00:52.837065+00:00,HM110307,03,3,20261002085623,20260922100111,20260922172009,20261002085550,HM
2026-10-02T00:00:52.837065+00:00,HP250010,02,2,20261002085317,20261002043219,20261002085317,,HP
2026-10-02T00:00:52.837065+00:00,HU200032,04,3,20261002090009,20260929194318,20260929220412,20261002085607,HU
2026-10-02T00:00:52.837065+00:00,HU200034,09,3,20261002090009,20261001154243,20261001184216,20261002085622,HU
2026-10-02T00:00:52.837065+00:00,HY000003,03,2,20261002090001,20260709154228,20260820145526,,HY
2026-10-02T00:00:52.837065+00:00,HY000003,04,2,20261002090001,20261001110849,20261001110849,,HY
2026-10-02T00:00:52.837065+00:00,HY000019,02,2,20261002090003,20260930134027,20260930160535,,HY
2026-10-02T00:00:52.837065+00:00,HY000019,03,2,20261002090003,20261001200646,20261002064706,,HY
2026-10-02T00:00:52.837065+00:00,HY000019,05,2,20261002090003,20260930185352,20261001071822,,HY
2026-10-02T00:00:52.837065+00:00,HY000019,08,2,20261002090003,20260930175854,20261001065130,,HY
2026-10-02T00:00:52.837065+00:00,HY000019,09,2,20261002090003,20261001153626,20261002081347,,HY
2026-10-02T00:00:52.837065+00:00,HY000019,11,2,20261002090003,20260923141829,20260924122953,,HY
2026-10-02T00:00:52.837065+00:00,HY000406,12,2,20261002085304,20261001220422,20261002085253,,HY
2026-10-02T00:00:52.837065+00:00,HY000411,01,3,20261002085404,20261002085259,20261001185816,20261002085259,HY
2026-10-02T00:00:52.837065+00:00,HY000530,17,2,20261002085805,20261001183031,20261002085723,,HY
2026-10-02T00:00:52.837065+00:00,HY000627,05,2,20261002085405,20261001184845,20261002085348,,HY
2026-10-02T00:00:52.837065+00:00,HY000718,02,3,20261002085803,20261002085720,20261002085720,20261002085720,HY
2026-10-02T00:00:52.837065+00:00,HY000720,04,3,20261002085202,20261002085110,20260923194028,20261002085110,HY
2026-10-02T00:00:52.837065+00:00,HY000826,04,2,20261002085204,20261001214729,20261002085109,,HY
2026-10-02T00:00:52.837065+00:00,HY000826,05,3,20261002085805,20261002085706,20261001212848,20261002085706,HY
2026-10-02T00:00:52.837065+00:00,HY001060,01,2,20261002085904,20261001191743,20261002085820,,HY
2026-10-02T00:00:52.837065+00:00,HY001091,09,2,20261002085404,20261001221935,20261002085353,,HY
2026-10-02T00:00:52.837065+00:00,HY001284,04,3,20261002085204,20261002085129,20261001163908,20261002085129,HY
2026-10-02T00:00:52.837065+00:00,HY001291,06,2,20261002085404,20261001233933,20261002085329,,HY
2026-10-02T00:00:52.837065+00:00,HY001383,15,2,20261002085106,20261002073323,20261002085026,,HY
2026-10-02T00:00:52.837065+00:00,HY001406,07,2,20261002085506,20261001194510,20261002003151,,HY
2026-10-02T00:00:52.837065+00:00,HY001407,03,2,20261002085306,20261001212739,20261002085235,,HY
2026-10-02T00:00:52.837065+00:00,HY001423,05,2,20261002085406,20261001223838,20261002085351,,HY
2026-10-02T00:00:52.837065+00:00,HY001681,05,3,20261002085504,20261002085457,20261002052030,20261002085457,HY
2026-10-02T00:00:52.837065+00:00,HY001687,04,3,20261002085702,20261002085953,20261002085857,20261002085647,HY
2026-10-02T00:00:52.837065+00:00,HY001696,13,3,20261002085604,20261002085533,20261001134546,20261002085533,HY
2026-10-02T00:00:52.837065+00:00,HY001809,02,2,20261002085704,20261001212255,20261002085637,,HY
2026-10-02T00:00:52.837065+00:00,IM000283,01,3,20261002085737,20261002085535,20261001125218,20261002085737,IM
2026-10-02T00:00:52.837065+00:00,JA110012,05,2,20261002090003,20261002073001,20261002090003,,JA
2026-10-02T00:00:52.837065+00:00,JA110019,03,3,20261002085601,20261002085601,20261002082002,20261002085601,JA
2026-10-02T00:00:52.837065+00:00,JA110024,03,3,20261002090004,20261002090004,20261001173502,20261002090004,JA
2026-10-02T00:00:52.837065+00:00,JA110025,05,3,20261002085601,20261002085601,20261001214004,20261002085601,JA
2026-10-02T00:00:52.837065+00:00,JA110026,17,3,20261002090002,20261002090002,20261001160700,20261002090002,JA
2026-10-02T00:00:52.837065+00:00,JA110027,04,3,20261002090004,20261002090004,20261001172802,20261002090004,JA
2026-10-02T00:00:52.837065+00:00,JA110031,21,3,20261002085602,20261002085602,20261001002802,20261002085602,JA
2026-10-02T00:00:52.837065+00:00,JA110040,14,3,20261002090007,20261002090007,20260929210704,20261002090007,JA
2026-10-02T00:00:52.837065+00:00,JA110042,05,2,20261002085604,20261002070704,20261002085604,,JA
2026-10-02T00:00:52.837065+00:00,JA110075,11,3,20261002090009,20261002090009,20261001173507,20261002090009,JA
2026-10-02T00:00:52.837065+00:00,JA110078,01,2,20261002085606,20261002074906,20261002085606,,JA
2026-10-02T00:00:52.837065+00:00,JA110097,01,3,20261002085607,20261002085607,20260922110709,20261002085607,JA
2026-10-02T00:00:52.837065+00:00,JA110104,02,3,20261002085608,20261002085608,20261001153510,20261002085608,JA
2026-10-02T00:00:52.837065+00:00,JA110108,02,3,20261002085608,20261002085608,20261001180709,20261002085608,JA
2026-10-02T00:00:52.837065+00:00,JA110120,01,3,20261002085609,20261002085609,20260925164008,20261002085609,JA
2026-10-02T00:00:52.837065+00:00,JA110128,01,3,20261002085610,20261002085610,20261002065609,20261002085610,JA
2026-10-02T00:00:52.837065+00:00,JA110138,04,2,20261002085611,20261001203513,20261002085611,,JA
2026-10-02T00:00:52.837065+00:00,JA110176,07,2,20261002085616,20261002075615,20261002085616,,JA
2026-10-02T00:00:52.837065+00:00,JA110180,05,2,20261002085617,20261001185617,20261002085617,,JA
2026-10-02T00:00:52.837065+00:00,JA110197,07,3,20261002085619,20261002085619,20261002084219,20261002085619,JA
2026-10-02T00:00:52.837065+00:00,JA110197,08,2,20261002085619,20261002084219,20261002085619,,JA
2026-10-02T00:00:52.837065+00:00,JA110197,09,2,20261002085619,20261002082022,20261002085619,,JA
2026-10-02T00:00:52.837065+00:00,JA110197,12,2,20261002085619,20261002084219,20261002085619,,JA
2026-10-02T00:00:52.837065+00:00,JA110198,03,3,20261002085619,20261002085619,20261002084920,20261002085619,JA
2026-10-02T00:00:52.837065+00:00,JA110198,05,3,20261002085619,20261002085619,20261002084920,20261002085619,JA
2026-10-02T00:00:52.837065+00:00,JA110198,06,3,20261002085619,20261002085619,20261002084920,20261002085619,JA
2026-10-02T00:00:52.837065+00:00,JA110201,07,2,20261002085619,20261002084920,20261002085619,,JA
2026-10-02T00:00:52.837065+00:00,JA110201,08,2,20261002085619,20261002084920,20261002085619,,JA
2026-10-02T00:00:52.837065+00:00,JA110202,07,3,20261002085619,20261002085619,20261002082816,20261002085619,JA
2026-10-02T00:00:52.837065+00:00,JA110202,19,2,20261002085619,20261002084020,20261002085619,,JA
2026-10-02T00:00:52.837065+00:00,JA110210,01,2,20261002085619,20261002082816,20261002085619,,JA
2026-10-02T00:00:52.837065+00:00,JA110210,02,2,20261002085619,20261002082816,20261002085619,,JA
2026-10-02T00:00:52.837065+00:00,JA110210,05,3,20261002085619,20261002085619,20261002053519,20261002085619,JA
2026-10-02T00:00:52.837065+00:00,JA110210,09,2,20261002085619,20261002072019,20261002085619,,JA
2026-10-02T00:00:52.837065+00:00,JA110210,10,3,20261002085619,20261002085619,20261002082816,20261002085619,JA
2026-10-02T00:00:52.837065+00:00,JA110210,13,3,20261002085619,20261002085619,20261002082816,20261002085619,JA
2026-10-02T00:00:52.837065+00:00,JA110210,14,2,20261002085619,20261002082816,20261002085619,,JA
2026-10-02T00:00:52.837065+00:00,JA110210,17,3,20261002085619,20261002085619,20261002082816,20261002085619,JA
2026-10-02T00:00:52.837065+00:00,JA110210,19,2,20261002085619,20261002081418,20261002085619,,JA
2026-10-02T00:00:52.837065+00:00,JA110210,20,2,20261002085619,20261002074218,20261002085619,,JA
2026-10-02T00:00:52.837065+00:00,KE000735,02,3,20261002085800,20261002085726,20260930042320,20261002085726,KE
2026-10-02T00:00:52.837065+00:00,KE000988,03,3,20261002085600,20261002085514,20261002080738,20261002085514,KE
2026-10-02T00:00:52.837065+00:00,KE000996,05,2,20261002085200,20260928133056,20260928133108,,KE
2026-10-02T00:00:52.837065+00:00,KE001174,03,3,20261002085859,20261002085830,20261001123128,20261002085830,KE
2026-10-02T00:00:52.837065+00:00,KE001185,01,3,20261002085600,20261002085517,20261001112050,20261002085517,KE
2026-10-02T00:00:52.837065+00:00,KE001234,09,3,20261002085400,20261002085340,20260929153115,20261002085340,KE
2026-10-02T00:00:52.837065+00:00,KE001249,02,3,20261002085759,20261002085747,20261001184700,20261002085747,KE
2026-10-02T00:00:52.837065+00:00,KE001322,01,3,20261002085459,20261002085414,20261001211445,20261002085414,KE
2026-10-02T00:00:52.837065+00:00,KE001380,01,3,20261002085800,20261002085734,20261001131234,20261002085734,KE
2026-10-02T00:00:52.837065+00:00,KE001537,01,3,20261002085059,20261002085049,20261001145754,20261002085049,KE
2026-10-02T00:00:52.837065+00:00,KE001537,02,3,20261002085959,20261002085956,20260930155253,20261002085956,KE
2026-10-02T00:00:52.837065+00:00,KL001159,02,2,20261002085202,20261002081751,20261002085124,,KL
2026-10-02T00:00:52.837065+00:00,KL001364,01,3,20261002085102,20261002085102,20261001153434,20261002084919,KL
2026-10-02T00:00:52.837065+00:00,KL002026,03,3,20261002085802,20261002085802,20261001195116,20261002085706,KL
2026-10-02T00:00:52.837065+00:00,KL002120,05,2,20261002085402,20261002024310,20261002084839,,KL
2026-10-02T00:00:52.837065+00:00,KL002139,01,3,20261002085902,20261002085902,20261001032941,20261002085804,KL
2026-10-02T00:00:52.837065+00:00,KL200145,28,9,20261002085701,20261002014151,20261002085700,,KL
2026-10-02T00:00:52.837065+00:00,KL200203,03,2,20261002085719,20261002065226,20261002074152,,KL
2026-10-02T00:00:52.837065+00:00,KP000711,02,3,20261002090007,20261001163510,20261001232202,20261002084555,KP
2026-10-02T00:00:52.837065+00:00,KP000816,01,3,20261002090005,20260929225938,20260930000307,20261002085211,KP
2026-10-02T00:00:52.837065+00:00,KP001002,02,2,20261002090006,20261002024748,20261002084818,,KP
2026-10-02T00:00:52.837065+00:00,KP003129,01,3,20261002090007,20260926190430,20260927053001,20261002090007,KP
2026-10-02T00:00:52.837065+00:00,KRC10141,01,3,20261002085528,20261001235534,20261001235534,20261002085528,KR
2026-10-02T00:00:52.837065+00:00,LI000358,01,2,20261002085825,20261002085824,20261002085825,,LI
2026-10-02T00:00:52.837065+00:00,LI000358,02,3,20261002085750,20261002085750,20261002085519,20261002085750,LI
2026-10-02T00:00:52.837065+00:00,LU000002,09,3,20261002085256,20261002085308,20261001111347,20261001080109,LU
2026-10-02T00:00:52.837065+00:00,LU000171,04,3,20261002085518,20261001195405,20261002085517,20261001195405,LU
2026-10-02T00:00:52.837065+00:00,LU000942,06,3,20261002085132,20261002085137,20261001222858,20261001210825,LU
2026-10-02T00:00:52.837065+00:00,LU000997,12,2,20261002085955,20261002005107,20261002045530,,LU
2026-10-02T00:00:52.837065+00:00,LU000997,21,3,20261002085632,20261002085745,20261001071008,20260930235758,LU
2026-10-02T00:00:52.837065+00:00,LU001004,30,2,20261002085815,20261001220948,20261002004908,,LU
2026-10-02T00:00:52.837065+00:00,LU001165,03,3,20261002085323,20261002085335,20261001161831,20261001111217,LU
2026-10-02T00:00:52.837065+00:00,LU001379,04,2,20261002085520,20261001220908,20261002024832,,LU
2026-10-02T00:00:52.837065+00:00,LU001535,03,2,20261002085735,20261001193113,20261002053452,,LU
2026-10-02T00:00:52.837065+00:00,LU001535,06,2,20261002085948,20261001225408,20261002013801,,LU
2026-10-02T00:00:52.837065+00:00,LU001582,03,2,20261002085210,20261002072027,20261002085208,,LU
2026-10-02T00:00:52.837065+00:00,LU001716,09,3,20261002085155,20261002085205,20261001142457,20261001114226,LU
2026-10-02T00:00:52.837065+00:00,LU001719,02,3,20261002085056,20261002085115,20261002084824,20261002084747,LU
2026-10-02T00:00:52.837065+00:00,LU001719,04,3,20261002085836,20261002085843,20261001115552,20261001092448,LU
2026-10-02T00:00:52.837065+00:00,LU001732,38,2,20261002085410,20261001200110,20261002023211,,LU
2026-10-02T00:00:52.837065+00:00,LU001982,04,3,20261002085343,20261002085353,20261001110557,20261001074936,LU
2026-10-02T00:00:52.837065+00:00,LU001988,02,3,20261002085151,20261002085201,20261001115325,20261001091501,LU
2026-10-02T00:00:52.837065+00:00,LU001990,01,3,20261002085134,20261002085214,20260930155221,20260930113613,LU
2026-10-02T00:00:52.837065+00:00,LU002030,01,3,20261002085536,20261002085545,20261001151647,20261001083734,LU
2026-10-02T00:00:52.837065+00:00,LU002091,03,3,20261002085054,20261002085100,20261002002948,20261001185824,LU
2026-10-02T00:00:52.837065+00:00,LU002295,16,3,20261002085057,20261002064159,20261002085055,20261002064159,LU
2026-10-02T00:00:52.837065+00:00,LU002297,74,2,20261002085353,20261002073344,20261002085353,,LU
2026-10-02T00:00:52.837065+00:00,LU002513,03,3,20261002085451,20261002085507,20261002050114,20261001223105,LU
2026-10-02T00:00:52.837065+00:00,LU002514,03,3,20261002085709,20261002085814,20261001122631,20261001071823,LU
2026-10-02T00:00:52.837065+00:00,LU002654,03,2,20261002085714,20261002080128,20261002085706,,LU
2026-10-02T00:00:52.837065+00:00,LU002705,03,3,20261002085730,20261002085734,20261001224117,20261001171741,LU
2026-10-02T00:00:52.837065+00:00,LU002751,01,2,20261002085701,20261001221423,20261002015909,,LU
2026-10-02T00:00:52.837065+00:00,LU002751,03,2,20261002085511,20261001184526,20261001210812,,LU
2026-10-02T00:00:52.837065+00:00,LU002791,04,2,20261002085421,20261001150839,20261002004536,,LU
2026-10-02T00:00:52.837065+00:00,LU002964,01,2,20261002085716,20261001220715,20261002042157,,LU
2026-10-02T00:00:52.837065+00:00,LU003021,17,2,20261002085621,20261002074131,20261002085611,,LU
2026-10-02T00:00:52.837065+00:00,LU003069,03,2,20261002085942,20261001190832,20261002002602,,LU
2026-10-02T00:00:52.837065+00:00,LU003137,01,3,20261002085915,20261002085923,20261001155321,20261001101138,LU
2026-10-02T00:00:52.837065+00:00,LU003186,03,3,20261002085229,20261002085237,20261002033615,20261001225436,LU
2026-10-02T00:00:52.837065+00:00,LU003312,03,3,20261002085140,20261002085157,20261002044304,20261001214452,LU
2026-10-02T00:00:52.837065+00:00,LU003556,05,3,20261002085609,20261002012701,20261002085608,20261002012701,LU
2026-10-02T00:00:52.837065+00:00,LU003752,09,2,20261002085246,20261001221605,20261002032037,,LU
2026-10-02T00:00:52.837065+00:00,LU003755,08,3,20261002085441,20261002085457,20261001121303,20261001082558,LU
2026-10-02T00:00:52.837065+00:00,LU003835,24,2,20261002085652,20261001213007,20261002014610,,LU
2026-10-02T00:00:52.837065+00:00,LU003842,19,2,20261002085324,20261001222644,20261002010219,,LU
2026-10-02T00:00:52.837065+00:00,LU003842,20,2,20261002085336,20261001184710,20261002004129,,LU
2026-10-02T00:00:52.837065+00:00,LU003943,02,2,20261002085204,20261001222312,20261002050401,,LU
2026-10-02T00:00:52.837065+00:00,LU004023,01,3,20261002085832,20261002085840,20261001223852,20261001194704,LU
2026-10-02T00:00:52.837065+00:00,LU004023,04,2,20261002085554,20261002061153,20261002085544,,LU
2026-10-02T00:00:52.837065+00:00,LU004023,09,3,20261002085808,20261001200926,20261001220115,20261001200926,LU
2026-10-02T00:00:52.837065+00:00,LU004169,02,3,20261002085842,20261002085850,20261001125915,20261001090420,LU
2026-10-02T00:00:52.837065+00:00,LU004181,01,3,20261002085515,20261002085530,20261002004914,20261001183223,LU
2026-10-02T00:00:52.837065+00:00,LU004210,03,2,20261002085053,20261001215439,20261001232711,,LU
2026-10-02T00:00:52.837065+00:00,LU004210,16,2,20261002085315,20261001194541,20261002013628,,LU
2026-10-02T00:00:52.837065+00:00,LU100138,04,2,20261002085237,20261001195628,20261001235010,,LU
2026-10-02T00:00:52.837065+00:00,LU100248,03,2,20261002085221,20261001202449,20261002024111,,LU
2026-10-02T00:00:52.837065+00:00,LU100248,17,2,20261002085745,20261001191251,20261002034852,,LU
2026-10-02T00:00:52.837065+00:00,LU100248,20,2,20261002085602,20261002064828,20261002081555,,LU
2026-10-02T00:00:52.837065+00:00,LU100248,33,2,20261002085322,20261001193754,20261001231903,,LU
2026-10-02T00:00:52.837065+00:00,LU100368,06,2,20261002085400,20261001224305,20261002053902,,LU
2026-10-02T00:00:52.837065+00:00,LU100368,15,2,20261002085701,20261001182548,20261001215929,,LU
2026-10-02T00:00:52.837065+00:00,LU100368,25,2,20261002085623,20261001235617,20261002034832,,LU
2026-10-02T00:00:52.837065+00:00,LU100368,32,2,20261002085108,20261001224933,20261002001017,,LU
2026-10-02T00:00:52.837065+00:00,LU100436,03,3,20261002085155,20261002085206,20261001151744,20261001150852,LU
2026-10-02T00:00:52.837065+00:00,LU100474,16,2,20261002085128,20261001173652,20261001185046,,LU
2026-10-02T00:00:52.837065+00:00,LU100474,28,2,20261002085208,20261001211943,20261002034744,,LU
2026-10-02T00:00:52.837065+00:00,LU100480,02,2,20261002085208,20261001214431,20261002064133,,LU
2026-10-02T00:00:52.837065+00:00,LU100784,06,3,20261002085704,20261002085730,20261001104543,20261001094258,LU
2026-10-02T00:00:52.837065+00:00,LU100856,04,3,20261002085101,20261002085108,20261001140205,20261001073627,LU
2026-10-02T00:00:52.837065+00:00,LU100856,12,3,20261002085900,20261002085928,20261001135535,20261001130725,LU
2026-10-02T00:00:52.837065+00:00,LU101069,05,2,20261002085204,20261001194008,20261001221005,,LU
2026-10-02T00:00:52.837065+00:00,LU101100,06,3,20261002085840,20261002085854,20261001021228,20260930194156,LU
2026-10-02T00:00:52.837065+00:00,LU101357,01,3,20261002085102,20261002015653,20261002085100,20261002015653,LU
2026-10-02T00:00:52.837065+00:00,LU101445,09,2,20261002085155,20261001195046,20261001234045,,LU
2026-10-02T00:00:52.837065+00:00,LU101445,13,2,20261002085320,20261001180547,20261001223044,,LU
2026-10-02T00:00:52.837065+00:00,LU101446,05,2,20261002085809,20261001183530,20261001203928,,LU
2026-10-02T00:00:52.837065+00:00,LU101451,18,3,20261002085114,20261002085128,20261001223344,20261001201136,LU
2026-10-02T00:00:52.837065+00:00,LU101504,04,3,20261002085612,20261002071726,20261002085610,20261002071726,LU
2026-10-02T00:00:52.837065+00:00,LU101504,08,3,20261002085705,20261002085708,20260928111217,20261002085705,LU
2026-10-02T00:00:52.837065+00:00,LU101573,36,3,20261002085306,20261002083803,20261002085305,20261002083803,LU
2026-10-02T00:00:52.837065+00:00,LU101603,01,3,20261002085736,20261002060627,20261002085736,20261002060627,LU
2026-10-02T00:00:52.837065+00:00,LU101631,04,2,20261002085436,20261001210552,20261001235808,,LU
2026-10-02T00:00:52.837065+00:00,LU101683,07,2,20261002085535,20261001164625,20261002001223,,LU
2026-10-02T00:00:52.837065+00:00,LU101683,16,2,20261002085729,20261001171516,20261002024646,,LU
2026-10-02T00:00:52.837065+00:00,LU101683,37,2,20261002085244,20261001214413,20261001234544,,LU
2026-10-02T00:00:52.837065+00:00,LU101686,04,3,20261002085724,20261002085756,20261001212447,20261001200734,LU
2026-10-02T00:00:52.837065+00:00,LU101686,06,2,20261002085705,20261002081116,20261002085704,,LU
2026-10-02T00:00:52.837065+00:00,LU101686,39,2,20261002085913,20261001225701,20261002043358,,LU
2026-10-02T00:00:52.837065+00:00,LU101706,06,2,20261002085716,20261001194010,20261001214358,,LU
2026-10-02T00:00:52.837065+00:00,LU101706,15,2,20261002085733,20261001193803,20261002075403,,LU
2026-10-02T00:00:52.837065+00:00,LU101766,20,2,20261002085934,20261001195009,20261002003601,,LU
2026-10-02T00:00:52.837065+00:00,LU101768,13,2,20261002085320,20261001200843,20261001223907,,LU
2026-10-02T00:00:52.837065+00:00,MO112910,01,2,20261002090004,20261002090003,20261002090004,,MO
2026-10-02T00:00:52.837065+00:00,MO112910,03,2,20261002090004,20260901220003,20260901220005,,MO
2026-10-02T00:00:52.837065+00:00,MO112911,01,2,20261002090004,20261001224319,20261001224409,,MO
2026-10-02T00:00:52.837065+00:00,MO114401,01,2,20261002090004,20260919201150,20260920052309,,MO
2026-10-02T00:00:52.837065+00:00,MO114401,02,2,20261002090004,20260917193804,20260918025432,,MO
2026-10-02T00:00:52.837065+00:00,MO114403,01,2,20261002090004,20260915105045,20260915175804,,MO
2026-10-02T00:00:52.837065+00:00,MO114701,01,3,20261002090004,20261002090004,20261002090003,20261002090004,MO
2026-10-02T00:00:52.837065+00:00,MO114703,01,9,20261002090004,20261002062801,20261002062809,,MO
2026-10-02T00:00:52.837065+00:00,MO114703,03,2,20261002090004,20261002090003,20261002090004,,MO
2026-10-02T00:00:52.837065+00:00,MO115004,01,2,20261002090004,20240801062802,20240801062812,,MO
2026-10-02T00:00:52.837065+00:00,MO115004,02,2,20261002090004,20240730062802,20240730062816,,MO
2026-10-02T00:00:52.837065+00:00,MO115004,03,2,20261002090004,20240731202116,20240731202127,,MO
2026-10-02T00:00:52.837065+00:00,MO115307,01,2,20261002090004,20260708070003,20260708070004,,MO
2026-10-02T00:00:52.837065+00:00,MO115309,01,2,20261002090004,20260615090004,20260615090004,,MO
2026-10-02T00:00:52.837065+00:00,MO116803,01,2,20261002090004,20261002040001,20261002040004,,MO
2026-10-02T00:00:52.837065+00:00,MO116804,01,2,20261002090004,20260310125633,20260310125652,,MO
2026-10-02T00:00:52.837065+00:00,NS850091,01,3,20261002085341,20260930080935,20260930110954,20261002085341,NS
2026-10-02T00:00:52.837065+00:00,NT100060,05,3,20261002085950,20261002085950,20261001211350,20261002085950,NT
2026-10-02T00:00:52.837065+00:00,NT100095,14,2,20261002085650,20261001202950,20261002085650,,NT
2026-10-02T00:00:52.837065+00:00,NT100129,18,2,20261002085150,20261002020950,20261002085150,,NT
2026-10-02T00:00:52.837065+00:00,NT100157,06,2,20261002085950,20261002074450,20261002085950,,NT
2026-10-02T00:00:52.837065+00:00,NT100207,02,3,20261002085650,20261002085650,20260928192650,20261002085650,NT
2026-10-02T00:00:52.837065+00:00,NT100279,11,3,20261002085550,20261002085550,20261002075550,20261002085550,NT
2026-10-02T00:00:52.837065+00:00,NT100417,04,2,20261002085150,20261001225350,20261002085150,,NT
2026-10-02T00:00:52.837065+00:00,NT100444,02,2,20261002085950,20261001190050,20261002085950,,NT
2026-10-02T00:00:52.837065+00:00,NT100477,29,9,20261002085250,20261002064550,20261002085250,,NT
2026-10-02T00:00:52.837065+00:00,NT100548,02,3,20261002085750,20261002085750,20261001180350,20261002085750,NT
2026-10-02T00:00:52.837065+00:00,NT100582,14,3,20261002085650,20261002085650,20260923093150,20261002085650,NT
2026-10-02T00:00:52.837065+00:00,NT100585,07,2,20261002085750,20261001193350,20261002085750,,NT
2026-10-02T00:00:52.837065+00:00,NT100675,03,2,20261002085150,20261001205950,20261002085150,,NT
2026-10-02T00:00:52.837065+00:00,NT100680,04,3,20261002085250,20261002085250,20261001191350,20261002085250,NT
2026-10-02T00:00:52.837065+00:00,NT100844,03,2,20261002085950,20261001190150,20261002085950,,NT
2026-10-02T00:00:52.837065+00:00,NT100899,02,3,20261002085550,20261002085550,20261002085450,20261002085550,NT
2026-10-02T00:00:52.837065+00:00,NT100978,15,2,20261002085750,20261001195150,20261002085750,,NT
2026-10-02T00:00:52.837065+00:00,NT101038,05,3,20261002085150,20261002085150,20260930180650,20261002085150,NT
2026-10-02T00:00:52.837065+00:00,NT101047,04,2,20261002085950,20261002065350,20261002085950,,NT
2026-10-02T00:00:52.837065+00:00,NT101145,12,2,20261002085850,20261002083350,20261002085850,,NT
2026-10-02T00:00:52.837065+00:00,NT101179,02,2,20261002085750,20261002071850,20261002085750,,NT
2026-10-02T00:00:52.837065+00:00,NT101182,01,2,20261002085650,20261001202850,20261002085650,,NT
2026-10-02T00:00:52.837065+00:00,NT101387,03,3,20261002085550,20261002085550,20261001212850,20261002085550,NT
2026-10-02T00:00:52.837065+00:00,NT101545,19,3,20261002085850,20261002085850,20260929220950,20261002085850,NT
2026-10-02T00:00:52.837065+00:00,NT101583,04,3,20261002085350,20261002085350,20261001200750,20261002085350,NT
2026-10-02T00:00:52.837065+00:00,NT101615,01,3,20261002085350,20261002085350,20261001065450,20261002085350,NT
2026-10-02T00:00:52.837065+00:00,NT101634,01,3,20261002085150,20261002085150,20261001195750,20261002085150,NT
2026-10-02T00:00:52.837065+00:00,NT101741,01,2,20261002085250,20261002082550,20261002085150,,NT
2026-10-02T00:00:52.837065+00:00,NT101784,03,3,20261002085550,20261002085550,20261001193350,20261002085550,NT
2026-10-02T00:00:52.837065+00:00,NT101819,03,2,20261002085950,20260930184250,20261001042850,,NT
2026-10-02T00:00:52.837065+00:00,NT101819,04,2,20261002085950,20260912133550,20260912182050,,NT
2026-10-02T00:00:52.837065+00:00,NT101826,02,2,20261002085350,20261001163450,20261002085350,,NT
2026-10-02T00:00:52.837065+00:00,NT101945,01,2,20261002085350,20261001212050,20261002085350,,NT
2026-10-02T00:00:52.837065+00:00,NT101945,06,2,20261002085350,20261001223750,20261002085350,,NT
2026-10-02T00:00:52.837065+00:00,NT101945,18,9,20261002085450,20261002070350,20261002085450,,NT
2026-10-02T00:00:52.837065+00:00,NT102002,04,2,20261002085750,20261001224650,20261002085750,,NT
2026-10-02T00:00:52.837065+00:00,NT102003,04,2,20261002085750,20261001220750,20261002085750,,NT
2026-10-02T00:00:52.837065+00:00,NT102003,07,3,20261002085250,20261002085250,20261002061350,20261002085250,NT
2026-10-02T00:00:52.837065+00:00,NT102053,05,2,20261002085450,20261001185250,20261002085450,,NT
2026-10-02T00:00:52.837065+00:00,NT102083,06,3,20261002085350,20261002085350,20261001062850,20261002085350,NT
2026-10-02T00:00:52.837065+00:00,NT102131,01,2,20261002085350,20261001213950,20261002085350,,NT
2026-10-02T00:00:52.837065+00:00,NT102153,50,2,20261002085650,20261001175250,20261002085650,,NT
2026-10-02T00:00:52.837065+00:00,NT102153,62,2,20261002085850,20261001202750,20261002085850,,NT
2026-10-02T00:00:52.837065+00:00,NT102163,07,3,20261002085450,20261002085450,20261002083950,20261002085450,NT
2026-10-02T00:00:52.837065+00:00,NT102277,12,2,20261002085850,20261002052050,20261002085850,,NT
2026-10-02T00:00:52.837065+00:00,NT102301,06,2,20261002085650,20261002014650,20261002085650,,NT
2026-10-02T00:00:52.837065+00:00,NT102414,11,2,20261002085650,20261001180250,20261002085650,,NT
2026-10-02T00:00:52.837065+00:00,NT102430,10,2,20261002085150,20261001182150,20261002084150,,NT
2026-10-02T00:00:52.837065+00:00,NT102445,05,1,20261002085850,20261001214750,20261002084850,,NT
2026-10-02T00:00:52.837065+00:00,NT102489,04,2,20261002085150,20261002014250,20261002085150,,NT
2026-10-02T00:00:52.837065+00:00,NT102512,07,3,20261002085850,20261002085850,20261001200150,20261002085850,NT
2026-10-02T00:00:52.837065+00:00,NT102540,08,2,20261002085550,20261002040750,20261002085550,,NT
2026-10-02T00:00:52.837065+00:00,NT102541,03,2,20261002085750,20261001185150,20261002085750,,NT
2026-10-02T00:00:52.837065+00:00,NT102614,18,3,20261002085450,20261002085450,20261002075350,20261002085450,NT
2026-10-02T00:00:52.837065+00:00,NT102625,02,2,20261002085550,20261001215650,20261002085550,,NT
2026-10-02T00:00:52.837065+00:00,NT102763,17,2,20261002085350,20261001205450,20261002085350,,NT
2026-10-02T00:00:52.837065+00:00,NT102763,24,2,20261002085850,20261001191550,20261002085850,,NT
2026-10-02T00:00:52.837065+00:00,NT102763,26,2,20261002085150,20261001223550,20261002085150,,NT
2026-10-02T00:00:52.837065+00:00,NT102765,07,2,20261002085750,20261001214450,20261002085750,,NT
2026-10-02T00:00:52.837065+00:00,NT102765,37,2,20261002085150,20261001185450,20261002085150,,NT
2026-10-02T00:00:52.837065+00:00,NT102766,64,2,20261002085250,20261001201150,20261002085250,,NT
2026-10-02T00:00:52.837065+00:00,NT102810,02,3,20261002085950,20261002085950,20261002065550,20261002085950,NT
2026-10-02T00:00:52.837065+00:00,NT102855,07,3,20261002085250,20261002085250,20261002083350,20261002085250,NT
2026-10-02T00:00:52.837065+00:00,NT102885,20,2,20261002085250,20261001180650,20261002085250,,NT
2026-10-02T00:00:52.837065+00:00,NT102885,50,2,20261002085150,20261001185250,20261002085150,,NT
2026-10-02T00:00:52.837065+00:00,NT102886,56,2,20261002085150,20261001215250,20261002085150,,NT
2026-10-02T00:00:52.837065+00:00,NT102921,02,3,20261002085950,20261002085950,20261001150150,20261002085950,NT
2026-10-02T00:00:52.837065+00:00,NT102972,01,2,20261002085450,20261001172050,20261002085450,,NT
2026-10-02T00:00:52.837065+00:00,NT300096,06,2,20261002085850,20261002031550,20261002085850,,NT
2026-10-02T00:00:52.837065+00:00,PA110004,04,1,20261002085823,20261002060815,20261002060816,,PA
2026-10-02T00:00:52.837065+00:00,PA110004,05,1,20261002085823,20261002065352,20261002065352,,PA
2026-10-02T00:00:52.837065+00:00,PA110004,06,1,20261002085823,20261002061132,20261002061133,,PA
2026-10-02T00:00:52.837065+00:00,PA110010,05,2,20261002085905,20261002085904,20261002085905,,PA
2026-10-02T00:00:52.837065+00:00,PC000110,10,2,20261002085520,20261001210750,20261002085422,,PC
2026-10-02T00:00:52.837065+00:00,PC000154,03,3,20261002085346,20261001084958,20261001181846,20261002085346,PC
2026-10-02T00:00:52.837065+00:00,PC000172,05,2,20261002085458,20260930183331,20261002085400,,PC
2026-10-02T00:00:52.837065+00:00,PC000172,09,2,20261002085358,20261001205142,20261002085300,,PC
2026-10-02T00:00:52.837065+00:00,PC000301,01,2,20261002085709,20261001210158,20261002085612,,PC
2026-10-02T00:00:52.837065+00:00,PC000301,03,2,20261002085641,20261001182925,20261002085542,,PC
2026-10-02T00:00:52.837065+00:00,PC000301,04,2,20261002085702,20261001203347,20261002085604,,PC
2026-10-02T00:00:52.837065+00:00,PC000301,05,2,20261002085720,20261001195347,20261002085710,,PC
2026-10-02T00:00:52.837065+00:00,PC000342,02,3,20261002085719,20261001162234,20261002085420,20261002085719,PC
2026-10-02T00:00:52.837065+00:00,PC000342,04,2,20261002085718,20261001191411,20261002085718,,PC
2026-10-02T00:00:52.837065+00:00,PC000416,07,3,20261002085520,20261001131912,20261001173059,20261002085520,PC
2026-10-02T00:00:52.837065+00:00,PC000444,04,2,20261002085858,20261001224646,20261002055959,,PC
2026-10-02T00:00:52.837065+00:00,PC000505,64,2,20261002085145,20261001223441,20261002021450,,PC
2026-10-02T00:00:52.837065+00:00,PC000513,02,2,20261002085207,20261001224129,20261002042936,,PC
2026-10-02T00:00:52.837065+00:00,PC000545,03,2,20261002085655,20261001225658,20261002063200,,PC
2026-10-02T00:00:52.837065+00:00,PC000599,15,3,20261002085902,20260930195657,20261001023423,20261002085902,PC
2026-10-02T00:00:52.837065+00:00,PC000638,04,2,20261002085510,20261001224802,20261002010852,,PC
2026-10-02T00:00:52.837065+00:00,PC000658,10,3,20261002085255,20260930232315,20261001045919,20261002085255,PC
2026-10-02T00:00:52.837065+00:00,PC000721,02,3,20261002085720,20261001120510,20261001202647,20261002085720,PC
2026-10-02T00:00:52.837065+00:00,PC000723,09,2,20261002085449,20261001011016,20261001110401,,PC
2026-10-02T00:00:52.837065+00:00,PC001127,01,2,20261002085829,20261001220757,20261002085757,,PC
2026-10-02T00:00:52.837065+00:00,PC001156,15,2,20261002085113,20261002084941,20261002085059,,PC
2026-10-02T00:00:52.837065+00:00,PC001164,01,3,20261002085212,20260930085512,20260930165655,20261002085212,PC
2026-10-02T00:00:52.837065+00:00,PC001201,17,2,20261002085532,20260922084818,20260922224821,,PC
2026-10-02T00:00:52.837065+00:00,PC001220,02,2,20261002085730,20261001203751,20261001215032,,PC
2026-10-02T00:00:52.837065+00:00,PC001221,06,2,20261002085511,20261001232325,20261002085414,,PC
2026-10-02T00:00:52.837065+00:00,PC001222,18,3,20261002085738,20260930090714,20260928181609,20261002085738,PC
2026-10-02T00:00:52.837065+00:00,PC001244,07,3,20261002085248,20261001095532,20261001180223,20261002085248,PC
2026-10-02T00:00:52.837065+00:00,PC001266,03,3,20261002085328,20261001171037,20261001180357,20261002085328,PC
2026-10-02T00:00:52.837065+00:00,PC001356,03,3,20261002085233,20261001154556,20261001162055,20261002085233,PC
2026-10-02T00:00:52.837065+00:00,PC001356,14,3,20261002090003,20260904092059,20260904092159,20261002090003,PC
2026-10-02T00:00:52.837065+00:00,PC001385,01,3,20261002085534,20261001094354,20261001111710,20261002085534,PC
2026-10-02T00:00:52.837065+00:00,PC001488,01,2,20261002085337,20261001202138,20261002000130,,PC
2026-10-02T00:00:52.837065+00:00,PC001488,02,2,20261002085933,20261001184307,20261002024805,,PC
2026-10-02T00:00:52.837065+00:00,PC001745,04,3,20261002085811,20260923064607,20260923100547,20261002085811,PC
2026-10-02T00:00:52.837065+00:00,PC001761,06,2,20261002085059,20261001190015,20261002030021,,PC
2026-10-02T00:00:52.837065+00:00,PC001861,05,3,20261002085929,20260930214252,20261001023717,20261002085929,PC
2026-10-02T00:00:52.837065+00:00,PC001956,07,3,20261002085903,20260930140733,20260930151858,20261002085903,PC
2026-10-02T00:00:52.837065+00:00,PC001957,01,3,20261002090007,20260930145724,20260930153358,20261002090007,PC
2026-10-02T00:00:52.837065+00:00,PC001957,04,3,20261002085841,20261001165033,20261001171908,20261002085841,PC
2026-10-02T00:00:52.837065+00:00,PE000021,02,3,20261002090000,20261002090000,20261001175000,20261002090000,PE
2026-10-02T00:00:52.837065+00:00,PI000020,01,3,20261002085612,20261002085322,20261001232901,20261002085612,PI
2026-10-02T00:00:52.837065+00:00,PI000342,01,3,20261002085612,20261002085537,20261002015135,20261002085612,PI
2026-10-02T00:00:52.837065+00:00,PI000551,01,3,20261002085612,20261002085237,20261001204144,20261002085612,PI
2026-10-02T00:00:52.837065+00:00,PI000671,02,3,20261002085309,20261002085008,20261001191448,20261002085309,PI
2026-10-02T00:00:52.837065+00:00,PI019146,08,3,20261002085608,20261002085541,20260930153435,20261002085608,PI
2026-10-02T00:00:52.837065+00:00,PI067342,03,3,20261002085057,20261002084657,20261001142618,20261002085057,PI
2026-10-02T00:00:52.837065+00:00,PI069349,01,3,20261002085602,20261002085441,20261001144042,20261002085602,PI
2026-10-02T00:00:52.837065+00:00,PI070431,02,3,20261002085107,20261002084640,20261001224959,20261002085107,PI
2026-10-02T00:00:52.837065+00:00,PI070431,07,2,20261002085609,20261002084730,20261002085239,,PI
2026-10-02T00:00:52.837065+00:00,PI200330,12,2,20261002085623,20261002065507,20261002075205,,PI
2026-10-02T00:00:52.837065+00:00,PI200353,02,3,20261002085615,20261002085120,20260930160145,20261002085615,PI
2026-10-02T00:00:52.837065+00:00,PI200386,03,3,20261002085615,20261002085531,20261001135214,20261002085615,PI
2026-10-02T00:00:52.837065+00:00,PI200396,02,3,20261002085615,20261002085312,20260930120130,20261002085615,PI
2026-10-02T00:00:52.837065+00:00,PI200399,06,9,20261002085310,20261001141240,20260922090301,,PI
2026-10-02T00:00:52.837065+00:00,PI200790,05,3,20261002085622,20261002085354,20261001134223,20261002085622,PI
2026-10-02T00:00:52.837065+00:00,PI200791,03,3,20261002085119,20261002084956,20261001134633,20261002085119,PI
2026-10-02T00:00:52.837065+00:00,PI200806,08,2,20261002085705,20261002000247,20261002005201,,PI
2026-10-02T00:00:52.837065+00:00,PI200813,02,3,20261002085705,20261002085422,20261001103006,20261002085705,PI
2026-10-02T00:00:52.837065+00:00,PI200813,05,3,20261002085253,20261002085007,20261001205806,20261002085253,PI
2026-10-02T00:00:52.837065+00:00,PI200863,07,3,20261002085641,20261002085147,20261001223430,20261002085641,PI
2026-10-02T00:00:52.837065+00:00,PI200918,13,9,20261002085810,20261001221521,20261001014932,20261001221640,PI
2026-10-02T00:00:52.837065+00:00,PI200918,14,3,20261002085625,20261002085152,20261002005941,20261002085625,PI
2026-10-02T00:00:52.837065+00:00,PI200928,01,3,20261002085122,20261002085106,20261001162617,20261002085122,PI
2026-10-02T00:00:52.837065+00:00,PI200941,21,2,20261002085629,20261002084851,20261002085343,,PI
2026-10-02T00:00:52.837065+00:00,PI200941,22,3,20261002085629,20261002085405,20261001160015,20261002085629,PI
2026-10-02T00:00:52.837065+00:00,PI200943,03,3,20261002085626,20261002085223,20261001194757,20261002085626,PI
2026-10-02T00:00:52.837065+00:00,PI200944,12,3,20261002085626,20261002085125,20261001232836,20261002085626,PI
2026-10-02T00:00:52.837065+00:00,PI200946,01,3,20261002085627,20261002085400,20261002064036,20261002085627,PI
2026-10-02T00:00:52.837065+00:00,PI200950,01,3,20261002085123,20261002084720,20260930021858,20261002085123,PI
2026-10-02T00:00:52.837065+00:00,PI200963,05,3,20261002085126,20261002084959,20261001010616,20261002085126,PI
2026-10-02T00:00:52.837065+00:00,PI200963,08,3,20261002085126,20261002084629,20260930092631,20261002085126,PI
2026-10-02T00:00:52.837065+00:00,PI200973,03,3,20261002085127,20261002085125,20260928192003,20261002085127,PI
2026-10-02T00:00:52.837065+00:00,PI200995,02,2,20261002085631,20261001232806,20261002085459,,PI
2026-10-02T00:00:52.837065+00:00,PI202661,04,3,20261002085117,20261002084914,20260922154044,20261002085117,PI
2026-10-02T00:00:52.837065+00:00,PI203027,02,3,20261002085115,20261002084703,20261001125933,20261002085115,PI
2026-10-02T00:00:52.837065+00:00,PI203027,08,3,20261002085628,20261002085516,20261001110055,20261002085628,PI
2026-10-02T00:00:52.837065+00:00,PI203097,03,3,20261002085619,20261002085546,20261001104658,20261002085619,PI
2026-10-02T00:00:52.837065+00:00,PI203102,02,2,20261002085619,20261002051125,20261002085434,,PI
2026-10-02T00:00:52.837065+00:00,PI204008,02,2,20261002085632,20261002022543,20261002074849,,PI
2026-10-02T00:00:52.837065+00:00,PI204010,06,3,20261002085129,20261002084640,20261001112637,20261002085129,PI
2026-10-02T00:00:52.837065+00:00,PI204013,05,3,20261002085129,20261002084734,20261001230530,20261002085129,PI
2026-10-02T00:00:52.837065+00:00,PI204113,01,3,20261002085134,20261002085049,20261002015911,20261002085134,PI
2026-10-02T00:00:52.837065+00:00,PI204113,03,3,20261002085639,20261002085328,20261001144648,20261002085639,PI
2026-10-02T00:00:52.837065+00:00,PI204119,26,3,20261002085639,20261002085534,20260930155611,20261002085639,PI
2026-10-02T00:00:52.837065+00:00,PI204119,44,3,20261002085639,20261002085156,20261001125808,20261002085639,PI
2026-10-02T00:00:52.837065+00:00,PI204153,06,3,20261002085644,20261002085209,20261001173835,20261002085644,PI
2026-10-02T00:00:52.837065+00:00,PI204153,19,3,20261002085139,20261002085109,20261001112942,20261002085139,PI
2026-10-02T00:00:52.837065+00:00,PI204154,10,3,20261002085644,20261002085320,20261001135536,20261002085644,PI
2026-10-02T00:00:52.837065+00:00,PI204162,06,3,20261002085140,20261002084844,20261001201518,20261002085140,PI
2026-10-02T00:00:52.837065+00:00,PI204164,05,3,20261002085140,20261002084758,20261001140406,20261002085140,PI
2026-10-02T00:00:52.837065+00:00,PI204183,06,2,20261002085648,20261001175011,20261002075015,,PI
2026-10-02T00:00:52.837065+00:00,PI204195,07,3,20261002085143,20261002084959,20260930155734,20261002085143,PI
2026-10-02T00:00:52.837065+00:00,PI204202,04,3,20261002085144,20261002084736,20261002023158,20261002085144,PI
2026-10-02T00:00:52.837065+00:00,PI204212,12,3,20261002085144,20261002085047,20261002012858,20261002085144,PI
2026-10-02T00:00:52.837065+00:00,PI204214,03,3,20261002085650,20261002085333,20261001215421,20261002085650,PI
2026-10-02T00:00:52.837065+00:00,PI204215,02,2,20261002085145,20261002070350,20261001161055,,PI
2026-10-02T00:00:52.837065+00:00,PI204234,01,3,20261002085147,20261002084712,20261001183416,20261002085147,PI
2026-10-02T00:00:52.837065+00:00,PI204249,03,3,20261002085157,20261002084657,20261001150353,20261002085157,PI
2026-10-02T00:00:52.837065+00:00,PI204262,01,3,20261002085656,20261002085150,20261001194910,20261002085656,PI
2026-10-02T00:00:52.837065+00:00,PI204291,01,2,20261002085659,20261001205834,20261002075239,,PI
2026-10-02T00:00:52.837065+00:00,PI204298,01,2,20261002085659,20261002074423,20261002074520,,PI
2026-10-02T00:00:52.837065+00:00,PI204327,07,3,20261002085701,20261002085643,20260930093047,20261002085701,PI
2026-10-02T00:00:52.837065+00:00,PI204353,02,3,20261002085704,20261002085611,20261001172817,20261002085704,PI
2026-10-02T00:00:52.837065+00:00,PI306170,15,2,20261002085357,20261001225306,20261002062938,,PI
2026-10-02T00:00:52.837065+00:00,PI645011,04,3,20261002085245,20261002084922,20261001235216,20261002085245,PI
2026-10-02T00:00:52.837065+00:00,PI645104,06,3,20261002085748,20261002085356,20261001130424,20261002085748,PI
2026-10-02T00:00:52.837065+00:00,PI700014,09,3,20261002085356,20261002085251,20261001161901,20261002085356,PI
2026-10-02T00:00:52.837065+00:00,PI700022,01,3,20261002090003,20261002085941,20261001152215,20261002090003,PI
2026-10-02T00:00:52.837065+00:00,PI700041,04,2,20261002085505,20261002061553,20261002085130,,PI
2026-10-02T00:00:52.837065+00:00,PI700043,05,2,20261002085505,20261001171945,20261002085347,,PI
2026-10-02T00:00:52.837065+00:00,PI700043,06,2,20261002090003,20261001170355,20261002085641,,PI
2026-10-02T00:00:52.837065+00:00,PI707103,07,2,20261002085751,20261001214645,20261001233748,,PI
2026-10-02T00:00:52.837065+00:00,PI707214,13,2,20261002085337,20261001160321,20261001175949,,PI
2026-10-02T00:00:52.837065+00:00,PI707856,54,2,20261002085512,20261002004425,20261002084206,,PI
2026-10-02T00:00:52.837065+00:00,PI707937,02,2,20261002085512,20260930174420,20261002084407,,PI
2026-10-02T00:00:52.837065+00:00,PI708002,01,2,20261002085512,20261001215316,20261002084248,,PI
2026-10-02T00:00:52.837065+00:00,PI709168,01,3,20261002085515,20261002085230,20261002082809,20261002085515,PI
2026-10-02T00:00:52.837065+00:00,PI709623,25,2,20261002085528,20261001213734,20261002084202,,PI
2026-10-02T00:00:52.837065+00:00,PI711248,08,2,20261002085523,20261001223523,20261002030036,,PI
2026-10-02T00:00:52.837065+00:00,PI711827,01,2,20261002085524,20261001221849,20261002065426,,PI
2026-10-02T00:00:52.837065+00:00,PI712282,03,2,20261002085527,20261001200415,20261001222035,,PI
2026-10-02T00:00:52.837065+00:00,PI712346,28,2,20261002085518,20261001210137,20261001225527,,PI
2026-10-02T00:00:52.837065+00:00,PI713648,12,2,20261002085306,20261001211130,20261002030423,,PI
2026-10-02T00:00:52.837065+00:00,PI715314,12,3,20261002085542,20261002085248,20261002032545,20261002085542,PI
2026-10-02T00:00:52.837065+00:00,PI716055,05,2,20261002085546,20261001060859,20261001120413,,PI
2026-10-02T00:00:52.837065+00:00,PI717723,03,2,20261002085556,20261001191717,20261001215433,,PI
2026-10-02T00:00:52.837065+00:00,PI719648,05,3,20261002085207,20261002084943,20261001170033,20261002085207,PI
2026-10-02T00:00:52.837065+00:00,PI722666,14,2,20261002085833,20261001213102,20261002054309,,PI
2026-10-02T00:00:52.837065+00:00,PI724420,02,3,20261002085204,20261002084800,20260930120207,20261002085204,PI
2026-10-02T00:00:52.837065+00:00,PI740336,01,2,20261002090009,20261001210325,20261002015159,,PI
2026-10-02T00:00:52.837065+00:00,PI740766,07,3,20261002085806,20261002085621,20261001134538,20261002085806,PI
2026-10-02T00:00:52.837065+00:00,PI740766,08,3,20261002085306,20261002085024,20261002003201,20261002085306,PI
2026-10-02T00:00:52.837065+00:00,PI747253,01,2,20261002085759,20261001181950,20261002072553,,PI
2026-10-02T00:00:52.837065+00:00,PI750011,05,2,20261002085510,20261001200407,20261002001915,,PI
2026-10-02T00:00:52.837065+00:00,PI751290,02,2,20261002085543,20261001205021,20261001223116,,PI
2026-10-02T00:00:52.837065+00:00,PI752859,06,2,20261002085550,20261001223534,20261002045907,,PI
2026-10-02T00:00:52.837065+00:00,PI752983,03,3,20261002085056,20261002084827,20261001164225,20261002085056,PI
2026-10-02T00:00:52.837065+00:00,PI755202,02,2,20261002085543,20261001101238,20261001110008,,PI
2026-10-02T00:00:52.837065+00:00,PI760118,05,2,20261002085518,20261002002850,20261002052005,,PI
2026-10-02T00:00:52.837065+00:00,PI760126,02,2,20261002085520,20261001225835,20261002041952,,PI
2026-10-02T00:00:52.837065+00:00,PI760326,13,2,20261002085518,20261002003111,20261002023513,,PI
2026-10-02T00:00:52.837065+00:00,PI762555,06,2,20261002085531,20261001193003,20261001214335,,PI
2026-10-02T00:00:52.837065+00:00,PI762720,07,2,20261002085531,20261001202150,20261002023718,,PI
2026-10-02T00:00:52.837065+00:00,PI762720,08,2,20261002085531,20261001201953,20261002045834,,PI
2026-10-02T00:00:52.837065+00:00,PI763057,06,2,20261002085533,20261001184258,20261001195645,,PI
2026-10-02T00:00:52.837065+00:00,PI764757,05,2,20261002085540,20261001104504,20261001130131,,PI
2026-10-02T00:00:52.837065+00:00,PI764997,20,2,20261002085540,20260926152712,20260926185407,,PI
2026-10-02T00:00:52.837065+00:00,PI766662,57,3,20261002085056,20261002084918,20261001222156,20261002085056,PI
2026-10-02T00:00:52.837065+00:00,PI766993,11,2,20261002085553,20261002032915,20261002062743,,PI
2026-10-02T00:00:52.837065+00:00,PI767262,06,2,20261002085054,20261002023745,20261002070224,,PI
2026-10-02T00:00:52.837065+00:00,PI767383,01,3,20261002085100,20261002084918,20261001191544,20261002085100,PI
2026-10-02T00:00:52.837065+00:00,PI768702,05,3,20261002085103,20261002084814,20261001173522,20261002085103,PI
2026-10-02T00:00:52.837065+00:00,PI768702,11,3,20261002085103,20261002084618,20261002034101,20261002085103,PI
2026-10-02T00:00:52.837065+00:00,PI768986,09,2,20261002085100,20261001233008,20261002000709,,PI
2026-10-02T00:00:52.837065+00:00,PI768986,18,2,20261002085100,20261001234812,20261002051054,,PI
2026-10-02T00:00:52.837065+00:00,PI769019,02,3,20261002085101,20261002084708,20260821012854,20261002085101,PI
2026-10-02T00:00:52.837065+00:00,PI769680,25,2,20261002085102,20261001211831,20261002052350,,PI
2026-10-02T00:00:52.837065+00:00,PI769680,35,2,20261002085604,20261001193407,20261002051252,,PI
2026-10-02T00:00:52.837065+00:00,PI770215,01,2,20261002085205,20261002072205,20261002084914,,PI
2026-10-02T00:00:52.837065+00:00,PI770215,02,3,20261002085710,20261002085321,20261002084246,20261002085710,PI
2026-10-02T00:00:52.837065+00:00,PI770284,01,3,20261002085202,20261002084806,20260930152533,20261002085202,PI
2026-10-02T00:00:52.837065+00:00,PI770284,02,3,20261002085202,20261002085023,20261001083722,20261002085202,PI
2026-10-02T00:00:52.837065+00:00,PI770651,06,3,20261002085206,20261002084739,20261001125658,20261002085206,PI
2026-10-02T00:00:52.837065+00:00,PI771881,03,2,20261002085705,20261001200007,20261001213749,,PI
2026-10-02T00:00:52.837065+00:00,PI772795,08,2,20261002085108,20261001150908,20261001203024,,PI
2026-10-02T00:00:52.837065+00:00,PI772848,06,2,20261002085248,20261002071653,20261002082056,,PI
2026-10-02T00:00:52.837065+00:00,PI772848,10,2,20261002085250,20261002084740,20261002084812,,PI
2026-10-02T00:00:52.837065+00:00,PI773498,01,2,20261002085249,20261002010819,20261002061012,,PI
2026-10-02T00:00:52.837065+00:00,PI773589,03,2,20261002085253,20261001190003,20261002002124,,PI
2026-10-02T00:00:52.837065+00:00,PI773717,05,2,20261002085757,20261002072516,20261002085707,,PI
2026-10-02T00:00:52.837065+00:00,PI775033,09,2,20261002085325,20261001190521,20261002045451,,PI
2026-10-02T00:00:52.837065+00:00,PI775220,03,3,20261002085326,20261002085014,20260929165542,20261002085326,PI
2026-10-02T00:00:52.837065+00:00,PI775303,08,2,20261002085329,20261001195226,20261002070733,,PI
2026-10-02T00:00:52.837065+00:00,PI780122,03,2,20261002085508,20261002060755,20261001065423,,PI
2026-10-02T00:00:52.837065+00:00,PI793300,22,2,20261002085309,20261001212145,20261001221256,,PI
2026-10-02T00:00:52.837065+00:00,PI794600,18,2,20261002085319,20261001172838,20261001225033,,PI
2026-10-02T00:00:52.837065+00:00,PI795306,17,2,20261002085316,20261001203712,20261002043556,,PI
2026-10-02T00:00:52.837065+00:00,PI795328,02,2,20261002085316,20261002011246,20261002084844,,PI
2026-10-02T00:00:52.837065+00:00,PI795328,03,2,20261002085316,20261001214016,20261002005559,,PI
2026-10-02T00:00:52.837065+00:00,PI795328,11,2,20261002085815,20261001172515,20261001190733,,PI
2026-10-02T00:00:52.837065+00:00,PI795355,04,3,20261002085316,20261002085002,20261001202404,20261002085316,PI
2026-10-02T00:00:52.837065+00:00,PI796107,12,2,20261002085326,20261001234650,20261002035235,,PI
2026-10-02T00:00:52.837065+00:00,PI796676,01,2,20261002085328,20261002010727,20261002031306,,PI
2026-10-02T00:00:52.837065+00:00,PI800086,03,2,20261002085750,20261001200633,20261002000309,,PI
2026-10-02T00:00:52.837065+00:00,PI801210,03,3,20261002085759,20261002085726,20261001142849,20261002085759,PI
2026-10-02T00:00:52.837065+00:00,PI802804,05,3,20261002085304,20261002085239,20260930233535,20261002085304,PI
2026-10-02T00:00:52.837065+00:00,PI807782,04,2,20261002085833,20261001215730,20261002044330,,PI
2026-10-02T00:00:52.837065+00:00,PI807805,01,2,20261002085331,20261001191032,20261001210804,,PI
2026-10-02T00:00:52.837065+00:00,PI808426,08,3,20261002085835,20261002085620,20261001191628,20261002085835,PI
2026-10-02T00:00:52.837065+00:00,PI808828,04,2,20261002085334,20261001205215,20261001233625,,PI
2026-10-02T00:00:52.837065+00:00,PI809448,06,2,20261002085335,20261001183900,20261002030046,,PI
2026-10-02T00:00:52.837065+00:00,PI809564,02,2,20261002085837,20261001151105,20261001232944,,PI
2026-10-02T00:00:52.837065+00:00,PI809605,07,2,20261002085336,20261001193328,20261002021005,,PI
2026-10-02T00:00:52.837065+00:00,PI809652,07,3,20261002085336,20261002085129,20261002001253,20261002085336,PI
2026-10-02T00:00:52.837065+00:00,PI809914,05,2,20261002085336,20261001175541,20261001192109,,PI
2026-10-02T00:00:52.837065+00:00,PIA00089,17,3,20261002085337,20261002084949,20261001125110,20261002085337,PI
2026-10-02T00:00:52.837065+00:00,PIA00089,20,3,20261002085900,20261002085704,20261002085631,20261002085900,PI
2026-10-02T00:00:52.837065+00:00,PIA00089,22,3,20261002085356,20261002085019,20261001143800,20261002085356,PI
2026-10-02T00:00:52.837065+00:00,PIA00212,05,3,20261002085357,20261002085328,20260930142653,20261002085357,PI
2026-10-02T00:00:52.837065+00:00,PIA00265,05,3,20261002085836,20261002085616,20261001180643,20261002085836,PI
2026-10-02T00:00:52.837065+00:00,PIH00019,03,2,20261002085735,20261001234437,20261002042344,,PI
2026-10-02T00:00:52.837065+00:00,PIH00084,03,2,20261002085232,20261001200604,20261002085223,,PI
2026-10-02T00:00:52.837065+00:00,PIH00168,01,3,20261002085737,20261002085651,20261001154239,20261002085737,PI
2026-10-02T00:00:52.837065+00:00,PIH00171,10,2,20261002085231,20261001180458,20261002084745,,PI
2026-10-02T00:00:52.837065+00:00,PIH00199,05,3,20261002085230,20261002085004,20261002084107,20261002085230,PI
2026-10-02T00:00:52.837065+00:00,PIH00210,83,2,20261002085229,20261001201223,20261001210849,,PI
2026-10-02T00:00:52.837065+00:00,PIH00287,29,2,20261002085737,20261001162548,20261002085330,,PI
2026-10-02T00:00:52.837065+00:00,PIH00423,12,3,20261002085233,20261002084756,20261001181151,20261002085233,PI
2026-10-02T00:00:52.837065+00:00,PIH00428,02,3,20261002085220,20261002084917,20261001165159,20261002085220,PI
2026-10-02T00:00:52.837065+00:00,PIH00433,02,3,20261002085220,20261002084924,20261001202636,20261002085220,PI
2026-10-02T00:00:52.837065+00:00,PIH00467,11,2,20261002085219,20261001171207,20261002005924,,PI
2026-10-02T00:00:52.837065+00:00,PIH00550,05,2,20261002085220,20261001143009,20261001143358,,PI
2026-10-02T00:00:52.837065+00:00,PIH00592,05,2,20261002085219,20261001203157,20261002011557,,PI
2026-10-02T00:00:52.837065+00:00,PIH00722,02,2,20261002085723,20261001190907,20261002032115,,PI
2026-10-02T00:00:52.837065+00:00,PIH01011,13,2,20261002085744,20261001210404,20261002085616,,PI
2026-10-02T00:00:52.837065+00:00,PIH01021,04,3,20261002085723,20261002085436,20261001180058,20261002085723,PI
2026-10-02T00:00:52.837065+00:00,PIH01026,01,2,20261002085732,20261001175327,20261002085457,,PI
2026-10-02T00:00:52.837065+00:00,PIH01059,17,2,20261002085738,20261001220547,20261002085553,,PI
2026-10-02T00:00:52.837065+00:00,PIH01116,02,3,20261002085738,20261002085658,20260930180521,20261002085738,PI
2026-10-02T00:00:52.837065+00:00,PIH01139,04,2,20261002085232,20261001181105,20261002000022,,PI
2026-10-02T00:00:52.837065+00:00,PIH01586,01,2,20261002085219,20261001160047,20261001224806,,PI
2026-10-02T00:00:52.837065+00:00,PIH01596,01,2,20261002085723,20261001232844,20261002023347,,PI
2026-10-02T00:00:52.837065+00:00,PIH01647,29,2,20261002085733,20261001225020,20261002085431,,PI
2026-10-02T00:00:52.837065+00:00,PIH01703,06,3,20261002085723,20261002085545,20261002085428,20261002085723,PI
2026-10-02T00:00:52.837065+00:00,PIH01799,01,3,20261002085219,20261002085154,20261001101205,20261002085219,PI
2026-10-02T00:00:52.837065+00:00,PIH01954,01,2,20261002085723,20261001205322,20261002012958,,PI
2026-10-02T00:00:52.837065+00:00,PIH01967,02,3,20261002085219,20261002084715,20261001200159,20261002085219,PI
2026-10-02T00:00:52.837065+00:00,PIS00009,01,2,20261002085338,20261001211210,20261001230103,,PI
2026-10-02T00:00:52.837065+00:00,PIS00010,03,3,20261002085337,20261002085147,20261001110001,20261002085337,PI
2026-10-02T00:00:52.837065+00:00,PIS00018,03,2,20261002085338,20261001234404,20261002084930,,PI
2026-10-02T00:00:52.837065+00:00,PIS00018,09,2,20261002085338,20261002063257,20261002084927,,PI
2026-10-02T00:00:52.837065+00:00,PIS00028,27,2,20261002085840,20261001131142,20261001142435,,PI
2026-10-02T00:00:52.837065+00:00,PIS00033,04,3,20261002085840,20261002085428,20261002020522,20261002085840,PI
2026-10-02T00:00:52.837065+00:00,PIS00036,02,2,20261002085338,20261001213830,20261002010604,,PI
2026-10-02T00:00:52.837065+00:00,PIS00050,05,3,20261002085339,20261002084913,20261002013634,20261002085339,PI
2026-10-02T00:00:52.837065+00:00,PIS00050,08,2,20261002085841,20261001224915,20261001235242,,PI
2026-10-02T00:00:52.837065+00:00,PIS00057,01,3,20261002085339,20261002085133,20261001183205,20261002085339,PI
2026-10-02T00:00:52.837065+00:00,PIS00061,01,2,20261002085339,20261002075413,20261002085325,,PI
2026-10-02T00:00:52.837065+00:00,PIS00082,01,2,20261002085339,20261001225156,20261002024809,,PI
2026-10-02T00:00:52.837065+00:00,PIS00089,02,2,20261002085339,20261001204600,20261002002703,,PI
2026-10-02T00:00:52.837065+00:00,PIS00092,06,3,20261002085339,20261002085101,20261001125326,20261002085339,PI
2026-10-02T00:00:52.837065+00:00,PK000005,02,2,20261002085142,20261002082504,20261002084501,,PK
2026-10-02T00:00:52.837065+00:00,PK000005,03,3,20261002085142,20261002065832,20261002073256,20261002084314,PK
2026-10-02T00:00:52.837065+00:00,PK000005,05,2,20261002085142,20261002081240,20261002084200,,PK
2026-10-02T00:00:52.837065+00:00,PK000006,16,3,20261002085141,20261002082049,20261002084046,20261002084148,PK
2026-10-02T00:00:52.837065+00:00,PK000007,09,3,20261002085142,20261002074950,20261002081451,20261002084426,PK
2026-10-02T00:00:52.837065+00:00,PK000007,10,2,20261002085142,20261002081824,20261002084527,,PK
2026-10-02T00:00:52.837065+00:00,PK000007,18,3,20261002085144,20261002080142,20261002082922,20261002084540,PK
2026-10-02T00:00:52.837065+00:00,PK000007,31,3,20261002085144,20261002064636,20261002071225,20261002084308,PK
2026-10-02T00:00:52.837065+00:00,PK000007,32,3,20261002085144,20261002064709,20261002071225,20261002084340,PK
2026-10-02T00:00:52.837065+00:00,PK000007,39,2,20261002085144,20261002081342,20261002084422,,PK
2026-10-02T00:00:52.837065+00:00,PK000007,40,2,20261002085144,20261002081417,20261002084422,,PK
2026-10-02T00:00:52.837065+00:00,PK000007,43,3,20261002085144,20261002074216,20261002075636,20261002084440,PK
2026-10-02T00:00:52.837065+00:00,PK000008,07,3,20261002085144,20261002075833,20261002082924,20261002084731,PK
2026-10-02T00:00:52.837065+00:00,PK000009,13,3,20261002085142,20261002082759,20261002083930,20261002085116,PK
2026-10-02T00:00:52.837065+00:00,PK000021,15,3,20261002085140,20261002075726,20261002081355,20261002084332,PK
2026-10-02T00:00:52.837065+00:00,PK000021,17,3,20261002085140,20261002072547,20261002073652,20261002084844,PK
2026-10-02T00:00:52.837065+00:00,PK000025,17,3,20261002085142,20261002011057,20261002015739,20261002085010,PK
2026-10-02T00:00:52.837065+00:00,PK000025,18,3,20261002085142,20261002000646,20261002002518,20261002085054,PK
2026-10-02T00:00:52.837065+00:00,PK000028,23,9,20261002085141,20261002083227,20261002084922,,PK
2026-10-02T00:00:52.837065+00:00,PK000028,24,9,20261002085141,20261002083307,20261002084922,,PK
2026-10-02T00:00:52.837065+00:00,PK000028,27,2,20261002085141,20261002081540,20261002083943,,PK
2026-10-02T00:00:52.837065+00:00,PK000028,28,2,20261002085141,20261002081456,20261002083946,,PK
2026-10-02T00:00:52.837065+00:00,PK000102,02,3,20261002085140,20261001202303,20261001205616,20261002084402,PK
2026-10-02T00:00:52.837065+00:00,PK000148,01,9,20261002085139,20261002081925,20261002084750,,PK
2026-10-02T00:00:52.837065+00:00,PK000148,04,9,20261002085139,20261002082754,20261002084839,,PK
2026-10-02T00:00:52.837065+00:00,PK000148,07,9,20261002085139,20261002080947,20261002085041,,PK
2026-10-02T00:00:52.837065+00:00,PK000148,09,3,20261002085138,20261002075413,20261002081535,20261002084625,PK
2026-10-02T00:00:52.837065+00:00,PK000148,10,3,20261002085139,20261002075449,20261002081536,20261002084658,PK
2026-10-02T00:00:52.837065+00:00,PK000148,12,2,20261002085139,20261002082041,20261002084511,,PK
2026-10-02T00:00:52.837065+00:00,PK000156,05,3,20261002085140,20261002073110,20261002081254,20261002084448,PK
2026-10-02T00:00:52.837065+00:00,PK000156,06,3,20261002085140,20261002073148,20261002075616,20261002084830,PK
2026-10-02T00:00:52.837065+00:00,PK000156,08,2,20261002085140,20261002082652,20261002084739,,PK
2026-10-02T00:00:52.837065+00:00,PK000161,01,2,20261002085143,20261002083635,20261002085003,,PK
2026-10-02T00:00:52.837065+00:00,PK000161,02,2,20261002085143,20261002083709,20261002085004,,PK
2026-10-02T00:00:52.837065+00:00,PK000161,03,3,20261002085143,20261002073100,20261002075733,20261002085047,PK
2026-10-02T00:00:52.837065+00:00,PK000161,04,3,20261002085143,20261002073133,20261002075732,20261002085121,PK
2026-10-02T00:00:52.837065+00:00,PK000161,06,3,20261002085143,20261002060512,20261002061458,20261002085111,PK
2026-10-02T00:00:52.837065+00:00,PK000185,02,3,20261002085143,20261002075252,20261002080140,20261002084724,PK
2026-10-02T00:00:52.837065+00:00,PK000185,05,2,20261002085143,20261002083458,20261002084634,,PK
2026-10-02T00:00:52.837065+00:00,PK000185,07,3,20261002085143,20261001231506,20261002001705,20261002085038,PK
2026-10-02T00:00:52.837065+00:00,PK000185,12,3,20261002085143,20261002082220,20261002083122,20261002084222,PK
2026-10-02T00:00:52.837065+00:00,PK000186,05,3,20261002085144,20261002063738,20261002070954,20261002084624,PK
2026-10-02T00:00:52.837065+00:00,PK000186,06,3,20261002085144,20261002073324,20261002082139,20261002084703,PK
2026-10-02T00:00:52.837065+00:00,PK000253,01,2,20261002085144,20261002083303,20261002084439,,PK
2026-10-02T00:00:52.837065+00:00,PK000288,03,9,20261002085141,20261002083227,20261002084922,,PK
2026-10-02T00:00:52.837065+00:00,PK000288,04,9,20261002085141,20261002083307,20261002084922,,PK
2026-10-02T00:00:52.837065+00:00,PK000288,07,2,20261002085141,20261002081540,20261002083943,,PK
2026-10-02T00:00:52.837065+00:00,PK000288,08,2,20261002085141,20261002081456,20261002083946,,PK
2026-10-02T00:00:52.837065+00:00,PK000291,01,3,20261002085139,20261002075602,20261002082816,20261002084815,PK
2026-10-02T00:00:52.837065+00:00,PK000291,02,3,20261002085139,20261002080709,20261002083917,20261002084729,PK
2026-10-02T00:00:52.837065+00:00,PK000292,01,3,20261002085142,20260930071246,20260930074206,20261002084832,PK
2026-10-02T00:00:52.837065+00:00,PK000292,02,3,20261002085142,20260930071322,20260930074207,20261002084908,PK
2026-10-02T00:00:52.837065+00:00,PK000295,03,2,20261002085138,20261002082104,20261002084150,,PK
2026-10-02T00:00:52.837065+00:00,PK000295,08,3,20261002085142,20261002074714,20261002081456,20261002084725,PK
2026-10-02T00:00:52.837065+00:00,PK000296,05,3,20261002085140,20261002075726,20261002081355,20261002084332,PK
2026-10-02T00:00:52.837065+00:00,PK000296,07,3,20261002085140,20261002072547,20261002073652,20261002084844,PK
2026-10-02T00:00:52.837065+00:00,PK000297,03,3,20261002085142,20261002011057,20261002015739,20261002085010,PK
2026-10-02T00:00:52.837065+00:00,PK000297,04,3,20261002085142,20261002000646,20261002002518,20261002085054,PK
2026-10-02T00:00:52.837065+00:00,PK000474,17,3,20261002085141,20261002052833,20261002053158,20261002084402,PK
2026-10-02T00:00:52.837065+00:00,PL000284,07,2,20261002085143,20261001201016,20261002085143,,PL
2026-10-02T00:00:52.837065+00:00,PL000333,05,2,20261002085449,20261002001801,20261002085449,,PL
2026-10-02T00:00:52.837065+00:00,PL000339,05,3,20261002085756,20261002085756,20261001172513,20261002085756,PL
2026-10-02T00:00:52.837065+00:00,PL000406,11,2,20261002085908,20260930202508,20261002085908,,PL
2026-10-02T00:00:52.837065+00:00,PL000618,15,2,20261002085244,20261001190550,20261002085244,,PL
2026-10-02T00:00:52.837065+00:00,PL000718,04,3,20261002085521,20261002085521,20261001185013,20261002085521,PL
2026-10-02T00:00:52.837065+00:00,PL000762,01,3,20261002085704,20261002085704,20261001180645,20261002085704,PL
2026-10-02T00:00:52.837065+00:00,PL000808,08,2,20261002085607,20261001204913,20261002085607,,PL
2026-10-02T00:00:52.837065+00:00,PL000976,17,2,20261002085902,20261001194951,20261002085902,,PL
2026-10-02T00:00:52.837065+00:00,PL000976,43,2,20261002085100,20261001205715,20261002085100,,PL
2026-10-02T00:00:52.837065+00:00,PL001023,00,2,20261002085423,20261002055309,20261002085423,,PL
2026-10-02T00:00:52.837065+00:00,PL001618,09,2,20261002085303,20261001231214,20261002085303,,PL
2026-10-02T00:00:52.837065+00:00,PL001618,19,2,20261002085545,20261001223731,20261002085545,,PL
2026-10-02T00:00:52.837065+00:00,PL001618,51,2,20261002085531,20261001220341,20261002085531,,PL
2026-10-02T00:00:52.837065+00:00,PL001850,09,2,20261002085304,20261001182036,20261002085304,,PL
2026-10-02T00:00:52.837065+00:00,PL001944,06,2,20261002085157,20261001230257,20261002085157,,PL
2026-10-02T00:00:52.837065+00:00,PL001944,33,2,20261002090007,20261001210032,20261002090007,,PL
2026-10-02T00:00:52.837065+00:00,PL001944,36,2,20261002085349,20261001220147,20261002085349,,PL
2026-10-02T00:00:52.837065+00:00,PL003526,59,2,20261002085948,20261001212220,20261002085948,,PL
2026-10-02T00:00:52.837065+00:00,PL003526,64,3,20261002085954,20261002085954,20261002074155,20261002085954,PL
2026-10-02T00:00:52.837065+00:00,PL004048,02,2,20261002085631,20261001183541,20261002085631,,PL
2026-10-02T00:00:52.837065+00:00,PL004295,17,2,20261002085321,20261001182344,20261002085321,,PL
2026-10-02T00:00:52.837065+00:00,PL004295,25,2,20261002085905,20261001204716,20261002085905,,PL
2026-10-02T00:00:52.837065+00:00,PL004389,03,2,20261002085937,20261001195811,20261002085937,,PL
2026-10-02T00:00:52.837065+00:00,PL005113,06,3,20261002085558,20261002085558,20261001214120,20261002085558,PL
2026-10-02T00:00:52.837065+00:00,PL005153,03,2,20261002085618,20261001212956,20261002085618,,PL
2026-10-02T00:00:52.837065+00:00,PL005153,11,2,20261002085810,20261001181224,20261002085810,,PL
2026-10-02T00:00:52.837065+00:00,PL005184,01,3,20261002085402,20261002085402,20261002075817,20261002085402,PL
2026-10-02T00:00:52.837065+00:00,PL030369,04,2,20261002085457,20261002010315,20261002085457,,PL
2026-10-02T00:00:52.837065+00:00,PL030380,00,3,20261002085904,20261002085904,20261001213532,20261002085904,PL
2026-10-02T00:00:52.837065+00:00,PL030468,00,2,20261002085355,20261001193622,20261002085355,,PL
2026-10-02T00:00:52.837065+00:00,PL030468,06,2,20261002085104,20261001155618,20261002085104,,PL
2026-10-02T00:00:52.837065+00:00,PL030468,16,2,20261002085745,20261001201944,20261002085745,,PL
2026-10-02T00:00:52.837065+00:00,PL030592,10,2,20261002085645,20261001193756,20261002085645,,PL
2026-10-02T00:00:52.837065+00:00,PL030940,24,2,20261002085423,20261001164810,20261002085423,,PL
2026-10-02T00:00:52.837065+00:00,PL030940,36,2,20261002085149,20261001201727,20261002085149,,PL
2026-10-02T00:00:52.837065+00:00,PL031129,03,2,20261002085734,20261002074307,20261002085734,,PL
2026-10-02T00:00:52.837065+00:00,PL031157,04,3,20261002085818,20261002085818,20260928180459,20261002085818,PL
2026-10-02T00:00:52.837065+00:00,PL031431,00,2,20261002085147,20261001193113,20261002085147,,PL
2026-10-02T00:00:52.837065+00:00,PL031632,10,3,20261002085657,20261002085657,20261001091813,20261002085657,PL
2026-10-02T00:00:52.837065+00:00,PL031768,21,2,20261002085332,20261002083730,20261002085332,,PL
2026-10-02T00:00:52.837065+00:00,PL031884,05,2,20261002085300,20261001210622,20261002085300,,PL
2026-10-02T00:00:52.837065+00:00,PL032030,03,2,20261002085058,20261001170233,20261002085058,,PL
2026-10-02T00:00:52.837065+00:00,PL032102,11,3,20261002085556,20261002085556,20261002085555,20261002085556,PL
2026-10-02T00:00:52.837065+00:00,PL032203,02,3,20261002090004,20261002090004,20261001215600,20261002090004,PL
2026-10-02T00:00:52.837065+00:00,PL032405,03,2,20261002085550,20261001172243,20261002085550,,PL
2026-10-02T00:00:52.837065+00:00,PL032428,02,2,20261002085454,20261001174325,20261002085454,,PL
2026-10-02T00:00:52.837065+00:00,PL032428,21,2,20261002085824,20261001234257,20261002085824,,PL
2026-10-02T00:00:52.837065+00:00,PL032432,01,2,20261002085753,20261002070718,20261002085753,,PL
2026-10-02T00:00:52.837065+00:00,PL032453,00,2,20261002085609,20261001181723,20261002085609,,PL
2026-10-02T00:00:52.837065+00:00,PL032453,10,2,20261002085514,20261001190403,20261002085514,,PL
2026-10-02T00:00:52.837065+00:00,PL032476,08,2,20261002085559,20261002002527,20261002085559,,PL
2026-10-02T00:00:52.837065+00:00,PL032511,06,2,20261002085724,20261001170705,20261002085724,,PL
2026-10-02T00:00:52.837065+00:00,PL032605,23,2,20261002085818,20261001163804,20261002085818,,PL
2026-10-02T00:00:52.837065+00:00,PL032605,37,2,20261002085221,20261001200617,20261002085221,,PL
2026-10-02T00:00:52.837065+00:00,PL032609,12,3,20261002085137,20261002085137,20261001083222,20261002085137,PL
2026-10-02T00:00:52.837065+00:00,PL032653,16,2,20261002085320,20261002014432,20261002085320,,PL
2026-10-02T00:00:52.837065+00:00,PL032701,13,3,20261002085212,20261002085212,20261002061938,20261002085212,PL
2026-10-02T00:00:52.837065+00:00,PL032708,20,2,20261002085704,20261001220822,20261002085704,,PL
2026-10-02T00:00:52.837065+00:00,PL032708,65,2,20261002085759,20261001170030,20261002085759,,PL
2026-10-02T00:00:52.837065+00:00,PL032710,02,2,20261002085121,20261001223245,20261002085121,,PL
2026-10-02T00:00:52.837065+00:00,PL032736,00,2,20261002085256,20261001194244,20261002085256,,PL
2026-10-02T00:00:52.837065+00:00,PL032817,03,2,20261002085511,20261001191136,20261002085511,,PL
2026-10-02T00:00:52.837065+00:00,PL032863,05,2,20261002085605,20261001195309,20261002085605,,PL
2026-10-02T00:00:52.837065+00:00,PL032960,01,2,20261002085418,20261001140550,20261002085418,,PL
2026-10-02T00:00:52.837065+00:00,PL033048,08,2,20261002090005,20261002085841,20261002090005,,PL
2026-10-02T00:00:52.837065+00:00,PL033048,09,2,20261002085356,20261001175045,20261002085356,,PL
2026-10-02T00:00:52.837065+00:00,PL033085,02,2,20261002085918,20261001190043,20261002085918,,PL
2026-10-02T00:00:52.837065+00:00,PL033085,03,2,20261002085401,20261001214436,20261002085401,,PL
2026-10-02T00:00:52.837065+00:00,PL033100,12,2,20261002085429,20261001215341,20261002085429,,PL
2026-10-02T00:00:52.837065+00:00,PL033218,02,2,20261002085843,20261001171708,20261002085843,,PL
2026-10-02T00:00:52.837065+00:00,PL033302,04,2,20261002085505,20261001233012,20261002085505,,PL
2026-10-02T00:00:52.837065+00:00,PL033655,10,2,20261002085546,20261001220944,20261002085546,,PL
2026-10-02T00:00:52.837065+00:00,PL033666,23,2,20261002085914,20261001200912,20261002085914,,PL
2026-10-02T00:00:52.837065+00:00,PL033756,04,2,20261002085444,20261001170434,20261002085444,,PL
2026-10-02T00:00:52.837065+00:00,PL034050,01,3,20261002085505,20261002085505,20261002075659,20261002085505,PL
2026-10-02T00:00:52.837065+00:00,PL100027,11,2,20261002085337,20261002065540,20261002085337,,PL
2026-10-02T00:00:52.837065+00:00,PL100027,18,2,20261002085420,20261001233128,20261002085420,,PL
2026-10-02T00:00:52.837065+00:00,PL832708,10,2,20261002085604,20261001175156,20261002085604,,PL
2026-10-02T00:00:52.837065+00:00,PL832708,45,2,20261002085511,20261001183821,20261002085511,,PL
2026-10-02T00:00:52.837065+00:00,PL900972,34,2,20261002085409,20261001182500,20261002085409,,PL
2026-10-02T00:00:52.837065+00:00,PL932708,42,2,20261002085341,20261002015401,20261002085341,,PL
2026-10-02T00:00:52.837065+00:00,PMP00502,01,9,20261002085310,20261001120013,20261001130013,,PM
2026-10-02T00:00:52.837065+00:00,PMP00502,02,9,20261002085310,20261001212013,20261001220013,,PM
2026-10-02T00:00:52.837065+00:00,PMP00502,03,9,20261002085310,20261001220013,20261001222013,,PM
2026-10-02T00:00:52.837065+00:00,PMP00502,04,9,20261002085310,20261001220013,20261001222013,,PM
2026-10-02T00:00:52.837065+00:00,PMP00502,05,9,20261002085310,20261001222013,20261001230013,,PM
2026-10-02T00:00:52.837065+00:00,PMP00502,06,9,20261002085310,20261002082013,20261001230013,20261002082013,PM
2026-10-02T00:00:52.837065+00:00,PMP00502,07,9,20261002085310,20261001230013,20261001232013,,PM
2026-10-02T00:00:52.837065+00:00,PMP00502,08,9,20261002085310,20261001130013,20261001132013,,PM
2026-10-02T00:00:52.837065+00:00,PMP00502,09,9,20261002085310,20261001190013,20261001202013,,PM
2026-10-02T00:00:52.837065+00:00,PMP00502,10,9,20261002085310,20261001152013,20261001160013,,PM
2026-10-02T00:00:52.837065+00:00,PMP00502,11,9,20261002085310,20261001220013,20261001222013,,PM
2026-10-02T00:00:52.837065+00:00,PMP00502,12,9,20261002085310,20261001220013,20261001222013,,PM
2026-10-02T00:00:52.837065+00:00,PMP00502,13,9,20261002085310,20261002012013,20261002024013,,PM
2026-10-02T00:00:52.837065+00:00,PMP00502,14,9,20261002085310,20261002012013,20261002014013,,PM
2026-10-02T00:00:52.837065+00:00,PMP00502,15,9,20261002085310,20260929013302,20260929023301,,PM
2026-10-02T00:00:52.837065+00:00,PMP00502,16,9,20261002085310,20260927085301,20260927091301,,PM
2026-10-02T00:00:52.837065+00:00,PMP00503,01,9,20261002085310,20261002050013,20261002052012,,PM
2026-10-02T00:00:52.837065+00:00,PMP00503,02,9,20261002085310,20261002014012,20261002024013,,PM
2026-10-02T00:00:52.837065+00:00,PMP00503,03,9,20261002085310,20261002052012,20261002060013,,PM
2026-10-02T00:00:52.837065+00:00,PMP00503,04,9,20261002085310,20261002082012,20261002060013,20261002082012,PM
2026-10-02T00:00:52.837065+00:00,PMP00503,05,9,20261002085310,20261002002012,20261002004013,,PM
2026-10-02T00:00:52.837065+00:00,PMP00503,06,9,20261002085310,20261002082012,20261002024013,20261002082012,PM
2026-10-02T00:00:52.837065+00:00,PMP00503,07,9,20261002085310,20261002050013,20261002060013,,PM
2026-10-02T00:00:52.837065+00:00,PMP00503,08,9,20261002085310,20261002050013,20261002060013,,PM
2026-10-02T00:00:52.837065+00:00,PMP00503,09,9,20261002085310,20261002062012,20261002070013,,PM
2026-10-02T00:00:52.837065+00:00,PMP00503,10,9,20261002085310,20261002062012,20261002070013,,PM
2026-10-02T00:00:52.837065+00:00,PMP00503,11,9,20261002085310,20261002060013,20261002062013,,PM
2026-10-02T00:00:52.837065+00:00,PMP00503,12,9,20261002085310,20261002002013,20261002012013,,PM
2026-10-02T00:00:52.837065+00:00,PMP00503,13,9,20261002085310,20261002020024,20261002030014,,PM
2026-10-02T00:00:52.837065+00:00,PMP00503,14,9,20261002085310,20261002002013,20261002012013,,PM
2026-10-02T00:00:52.837065+00:00,PMP00503,15,9,20261002085310,20261002030014,20261002044012,,PM
2026-10-02T00:00:52.837065+00:00,PMP00503,16,9,20261002085310,20261002032012,20261002044012,,PM
2026-10-02T00:00:52.837065+00:00,PMP00503,17,9,20261002085310,20260729081910,20260729091910,,PM
2026-10-02T00:00:52.837065+00:00,PMP00503,18,9,20261002085310,20260729081910,20260729091910,,PM
2026-10-02T00:00:52.837065+00:00,PMP00503,19,9,20261002085310,20261001220012,20261002002012,,PM
2026-10-02T00:00:52.837065+00:00,PMP00503,20,9,20261002085310,20261002012012,20261002020023,,PM
2026-10-02T00:00:52.837065+00:00,PMP00503,21,9,20261002085310,20261002062012,20261002082012,,PM
2026-10-02T00:00:52.837065+00:00,PMP00503,22,9,20261002085310,20261001210012,20261001220012,,PM
2026-10-02T00:00:52.837065+00:00,PMP00503,23,9,20261002085310,20261001222013,20261002002012,,PM
2026-10-02T00:00:52.837065+00:00,PMP00503,24,9,20261002085310,20261001222013,20261002002012,,PM
2026-10-02T00:00:52.837065+00:00,PMP00503,25,9,20261002085310,20261002012012,20261002060012,,PM
2026-10-02T00:00:52.837065+00:00,PMP00503,26,9,20261002085310,20261002020023,20261002024012,,PM
2026-10-02T00:00:52.837065+00:00,PMP00503,27,9,20261002085310,20261001224013,20261002002012,,PM
2026-10-02T00:00:52.837065+00:00,PMP00503,28,9,20261002085310,20261001222013,20261001232013,,PM
2026-10-02T00:00:52.837065+00:00,PMP00503,29,9,20261002085310,20261002024012,20261002030013,,PM
2026-10-02T00:00:52.837065+00:00,PMP00503,30,9,20261002085310,20261001232013,20261002004013,,PM
2026-10-02T00:00:52.837065+00:00,PMP00503,31,9,20261002085310,20261001230012,20261002004013,,PM
2026-10-02T00:00:52.837065+00:00,PMP00503,32,9,20261002085310,20261001230012,20261002002012,,PM
2026-10-02T00:00:52.837065+00:00,PMP00503,33,9,20261002085310,20261002004013,20261002012012,,PM
2026-10-02T00:00:52.837065+00:00,PMP00503,34,9,20261002085310,20261002002012,20261002012012,,PM
2026-10-02T00:00:52.837065+00:00,PMP00504,01,9,20261002085310,20261002070013,20261002020023,20261002070013,PM
2026-10-02T00:00:52.837065+00:00,PMP00504,02,9,20261002085310,20261002002012,20261002012012,,PM
2026-10-02T00:00:52.837065+00:00,PMP00504,03,9,20261002085310,20261002020023,20261002044012,,PM
2026-10-02T00:00:52.837065+00:00,PMP00504,04,9,20261002085310,20261001220012,20261001224013,,PM
2026-10-02T00:00:52.837065+00:00,PMP00504,05,9,20261002085310,20260930145302,20260930162013,,PM
2026-10-02T00:00:52.837065+00:00,PMP00504,06,9,20261002085310,20261002062012,20261002030013,20261002062012,PM
2026-10-02T00:00:52.837065+00:00,PMP00504,07,9,20261002085310,20261002082012,20261002070013,20261002082012,PM
2026-10-02T00:00:52.837065+00:00,PMP00504,08,9,20261002085310,20261002012012,20261002014012,,PM
2026-10-02T00:00:52.837065+00:00,PMP00504,09,9,20261002085310,20261001190012,20261001202012,,PM
2026-10-02T00:00:52.837065+00:00,PMP00504,10,9,20261002085310,20261002082012,20261001202012,20261002082012,PM
2026-10-02T00:00:52.837065+00:00,PMP00504,11,9,20261002085310,20261002070013,20261002082012,,PM
2026-10-02T00:00:52.837065+00:00,PMP00504,12,9,20261002085310,20261001230012,20261002002012,,PM
2026-10-02T00:00:52.837065+00:00,PMP00504,13,9,20261002085310,20261001224013,20261001230012,,PM
2026-10-02T00:00:52.837065+00:00,PMP00504,14,9,20261002085310,20261002002012,20261002004013,,PM
2026-10-02T00:00:52.837065+00:00,PMP00504,15,9,20261002085310,20261002070013,20261002082012,,PM
2026-10-02T00:00:52.837065+00:00,PMP00504,16,9,20261002085310,20261002070013,20261002082012,,PM
2026-10-02T00:00:52.837065+00:00,PMP00504,17,9,20261002085310,20261002004013,20261002020024,,PM
2026-10-02T00:00:52.837065+00:00,PMP00504,18,9,20261002085310,20261002002012,20261002004013,,PM
2026-10-02T00:00:52.837065+00:00,PMP00504,19,9,20261002085310,20261002070013,20261002082012,,PM
2026-10-02T00:00:52.837065+00:00,PMP00504,20,9,20261002085310,20261002070013,20261002082012,,PM
2026-10-02T00:00:52.837065+00:00,PMP00504,21,9,20261002085310,20261001220013,20261001224013,,PM
2026-10-02T00:00:52.837065+00:00,PMP00504,22,9,20261002085310,20261001232013,20261002002012,,PM
2026-10-02T00:00:52.837065+00:00,PMP00504,23,9,20261002085310,20261001230012,20261002012013,,PM
2026-10-02T00:00:52.837065+00:00,PMP00504,24,9,20261002085310,20261002082012,20261001130013,20261002082012,PM
2026-10-02T00:00:52.837065+00:00,PMP00504,25,9,20261002085310,20261001222013,20261002004013,,PM
2026-10-02T00:00:52.837065+00:00,PMP00504,26,9,20261002085310,20261002082012,20261001224013,20261002082012,PM
2026-10-02T00:00:52.837065+00:00,PMP00504,27,9,20261002085310,20260930230013,20261001002013,,PM
2026-10-02T00:00:52.837065+00:00,PMP00504,28,9,20261002085310,20261001224013,20261002002012,,PM
2026-10-02T00:00:52.837065+00:00,PMP00505,01,9,20261002085310,20261002060013,20261002082013,,PM
2026-10-02T00:00:52.837065+00:00,PMP00505,02,9,20261002085310,20261002060013,20261002070014,,PM
2026-10-02T00:00:52.837065+00:00,PMP00505,03,9,20261002085310,20261001210013,20261001220013,,PM
2026-10-02T00:00:52.837065+00:00,PMP00505,04,9,20261002085310,20261002002013,20261002024013,,PM
2026-10-02T00:00:52.837065+00:00,PMP00505,05,9,20261002085310,20261002002013,20261002014013,,PM
2026-10-02T00:00:52.837065+00:00,PMP00505,06,9,20261002085310,20261001212013,20261001220013,,PM
2026-10-02T00:00:52.837065+00:00,PMP00505,07,9,20261002085310,20261002082013,20261001224013,20261002082013,PM
2026-10-02T00:00:52.837065+00:00,PMP00505,08,9,20261002085310,20261002082013,20261002002013,20261002082013,PM
2026-10-02T00:00:52.837065+00:00,PMP00505,09,9,20261002085310,20261001232013,20261002004014,,PM
2026-10-02T00:00:52.837065+00:00,PMP00505,10,9,20261002085310,20261001220013,20261001224013,,PM
2026-10-02T00:00:52.837065+00:00,PMP00505,11,9,20261002085310,20261001212013,20261001230013,,PM
2026-10-02T00:00:52.837065+00:00,PMP00505,12,9,20261002085310,20261002082013,20261001220013,20261002082013,PM
2026-10-02T00:00:52.837065+00:00,PMP00505,13,9,20261002085310,20261002014013,20261002024013,,PM
2026-10-02T00:00:52.837065+00:00,PMP00505,14,9,20261002085310,20261001232013,20261002002013,,PM
2026-10-02T00:00:52.837065+00:00,PMP00505,15,9,20261002085310,20261002002013,20261002012013,,PM
2026-10-02T00:00:52.837065+00:00,PMP00505,16,9,20261002085310,20261002014013,20261002020027,,PM
2026-10-02T00:00:52.837065+00:00,PMP00505,17,9,20261002085310,20261002012013,20261002024013,,PM
2026-10-02T00:00:52.837065+00:00,PMP00505,18,9,20261002085310,20261002012013,20261002020027,,PM
2026-10-02T00:00:52.837065+00:00,PMP00505,19,9,20261002085310,20261001222013,20261001230013,,PM
2026-10-02T00:00:52.837065+00:00,PMP00505,20,9,20261002085310,20261001220013,20261001230013,,PM
2026-10-02T00:00:52.837065+00:00,PMP00505,21,9,20261002085310,20261002070014,20261002082013,,PM
2026-10-02T00:00:52.837065+00:00,PMP00505,22,9,20261002085310,20261002070014,20261002082013,,PM
2026-10-02T00:00:52.837065+00:00,PMP00505,23,9,20261002085310,20261002002013,20261002012013,,PM
2026-10-02T00:00:52.837065+00:00,PMP00505,24,9,20261002085310,20261001220013,20261001224013,,PM
2026-10-02T00:00:52.837065+00:00,PMP00505,25,9,20261002085310,20261002062013,20261002070014,,PM
2026-10-02T00:00:52.837065+00:00,PMP00505,26,9,20261002085310,20261001074013,20261001080015,,PM
2026-10-02T00:00:52.837065+00:00,PMP00505,27,9,20261002085310,20261001230013,20261002002013,,PM
2026-10-02T00:00:52.837065+00:00,PMP00505,28,9,20261002085310,20261001232013,20261002004014,,PM
2026-10-02T00:00:52.837065+00:00,PMP00506,01,9,20261002085310,20261001210013,20261001230013,,PM
2026-10-02T00:00:52.837065+00:00,PMP00506,02,9,20261002085310,20261001224013,20261002002013,,PM
2026-10-02T00:00:52.837065+00:00,PMP00506,03,9,20261002085310,20261001222013,20261001232013,,PM
2026-10-02T00:00:52.837065+00:00,PMP00506,04,9,20261002085310,20261001222013,20261002002013,,PM
2026-10-02T00:00:52.837065+00:00,PMP00506,05,9,20261002085310,20261002082013,20261001232013,20261002082013,PM
2026-10-02T00:00:52.837065+00:00,PMP00506,06,9,20261002085310,20261002082013,20261002002013,20261002082013,PM
2026-10-02T00:00:52.837065+00:00,PMP00506,07,9,20261002085310,20261002052013,20261002060013,,PM
2026-10-02T00:00:52.837065+00:00,PMP00506,08,9,20261002085310,20261002052013,20261002062013,,PM
2026-10-02T00:00:52.837065+00:00,PMP00508,01,9,20261002085310,20261001230013,20261002002013,,PM
2026-10-02T00:00:52.837065+00:00,PMP00508,02,9,20261002085310,20260929141301,20260929145302,,PM
2026-10-02T00:00:52.837065+00:00,PMP00508,03,9,20261002085310,20261002002013,20261002004013,,PM
2026-10-02T00:00:52.837065+00:00,PMP00508,04,9,20261002085310,20261002070013,20261002082013,,PM
2026-10-02T00:00:52.837065+00:00,PMP00509,01,9,20261002085310,20261001182012,20261001184012,,PM
2026-10-02T00:00:52.837065+00:00,PMP00509,02,9,20261002085310,20261001230012,20261002002012,,PM
2026-10-02T00:00:52.837065+00:00,PMP00509,03,9,20261002085310,20261002082012,20261002012012,20261002082012,PM
2026-10-02T00:00:52.837065+00:00,PMP00509,04,9,20261002085310,20261002070013,20261001230012,20261002070013,PM
2026-10-02T00:00:52.837065+00:00,PMP00509,05,9,20261002085310,20261001230012,20261001232012,,PM
2026-10-02T00:00:52.837065+00:00,PMP00509,06,9,20261002085310,20261002004012,20261002012012,,PM
2026-10-02T00:00:52.837065+00:00,PMP00509,07,9,20261002085310,20261002002012,20261002004012,,PM
2026-10-02T00:00:52.837065+00:00,PMP00509,08,9,20261002085310,20261002082012,20261001230012,20261002082012,PM
2026-10-02T00:00:52.837065+00:00,PMP00509,09,9,20261002085310,20261002002012,20261002004012,,PM
2026-10-02T00:00:52.837065+00:00,PMP00509,10,9,20261002085310,20261001220012,20261001222012,,PM
2026-10-02T00:00:52.837065+00:00,PMP00509,11,9,20261002085310,20261001222012,20261001232012,,PM
2026-10-02T00:00:52.837065+00:00,PMP00509,12,9,20261002085310,20261001210012,20261001212012,,PM
2026-10-02T00:00:52.837065+00:00,PMP00512,01,9,20261002085310,20261002070012,20261002082012,,PM
2026-10-02T00:00:52.837065+00:00,PMP00512,02,9,20261002085310,20261002070012,20261002082012,,PM
2026-10-02T00:00:52.837065+00:00,PMP00512,03,9,20261002085310,20261002060012,20261001224012,20261002060012,PM
2026-10-02T00:00:52.837065+00:00,PMP00512,04,9,20261002085310,20261002062012,20261001224012,20261002062012,PM
2026-10-02T00:00:52.837065+00:00,PMP00513,01,9,20261002085310,20261002082013,20261001232013,20261002082013,PM
2026-10-02T00:00:52.837065+00:00,PMP00513,02,9,20261002085310,20261002082013,20261002012013,20261002082013,PM
2026-10-02T00:00:52.837065+00:00,PMP00513,03,9,20261002085310,20261002044013,20261002060013,,PM
2026-10-02T00:00:52.837065+00:00,PMP00513,04,9,20261002085310,20261002052013,20261002060013,,PM
2026-10-02T00:00:52.837065+00:00,PMP00513,05,9,20261002085310,20261002062013,20261002082013,,PM
2026-10-02T00:00:52.837065+00:00,PMP00513,06,9,20261002085310,20261002070014,20261002082013,,PM
2026-10-02T00:00:52.837065+00:00,PMP00513,07,9,20261002085310,20261002050014,20261002060013,,PM
2026-10-02T00:00:52.837065+00:00,PMP00513,08,9,20261002085310,20261002050014,20261002060013,,PM
2026-10-02T00:00:52.837065+00:00,PMP00513,09,9,20261002085310,20261002062013,20261002052013,20261002062013,PM
2026-10-02T00:00:52.837065+00:00,PMP00513,10,9,20261002085310,20261002062013,20261002052013,20261002062013,PM
2026-10-02T00:00:52.837065+00:00,PMP00513,11,9,20261002085310,20261002044013,20261002050014,,PM
2026-10-02T00:00:52.837065+00:00,PMP00513,12,9,20261002085310,20261002002013,20261002004013,,PM
2026-10-02T00:00:52.837065+00:00,PMP00514,01,9,20261002085310,20261002050012,20261002052012,,PM
2026-10-02T00:00:52.837065+00:00,PMP00514,02,9,20261002085310,20261002004012,20261002012012,,PM
2026-10-02T00:00:52.837065+00:00,PMP00514,03,9,20261002085310,20261002052012,20261002060012,,PM
2026-10-02T00:00:52.837065+00:00,PMP00514,04,9,20261002085310,20261001232012,20261002002012,,PM
2026-10-02T00:00:52.837065+00:00,PMP00515,01,9,20261002085310,20261002002012,20261002014012,,PM
2026-10-02T00:00:52.837065+00:00,PMP00515,02,9,20261002085310,20261002002012,20261002024012,,PM
2026-10-02T00:00:52.837065+00:00,PMP00515,03,9,20261002085310,20260818111657,20260818115657,,PM
2026-10-02T00:00:52.837065+00:00,PMP00515,04,9,20261002085310,20260818111657,20260818115657,,PM
2026-10-02T00:00:52.837065+00:00,PMP00516,01,9,20261002085310,20261002082012,20261002020022,20261002082012,PM
2026-10-02T00:00:52.837065+00:00,PMP00516,02,9,20261002085310,20261002082012,20261002014012,20261002082012,PM
2026-10-02T00:00:52.837065+00:00,PMP00516,03,9,20261002085310,20261002082012,20261002020022,20261002082012,PM
2026-10-02T00:00:52.837065+00:00,PMP00516,04,9,20261002085310,20261002082012,20261002014012,20261002082012,PM
2026-10-02T00:00:52.837065+00:00,PMP00516,05,9,20261002085310,20261002082012,20261002060012,20261002082012,PM
2026-10-02T00:00:52.837065+00:00,PMP00516,06,9,20261002085310,20261002082012,20261002060012,20261002082012,PM
2026-10-02T00:00:52.837065+00:00,PMP00517,01,9,20261002085310,20261002070013,20261002062013,20261002070013,PM
2026-10-02T00:00:52.837065+00:00,PMP00517,02,9,20261002085310,20261002070013,20261002062013,20261002070013,PM
2026-10-02T00:00:52.837065+00:00,PMP00522,01,9,20261002085310,20260514105816,20260514110816,,PM
2026-10-02T00:00:52.837065+00:00,PMP00522,02,9,20261002085310,20261002002013,20261002012013,,PM
2026-10-02T00:00:52.837065+00:00,PMP00523,01,9,20261002085310,20261001220012,20261001224012,,PM
2026-10-02T00:00:52.837065+00:00,PMP00523,02,9,20261002085310,20261001220012,20261001224012,,PM
2026-10-02T00:00:52.837065+00:00,PMP00525,01,9,20261002085310,20261002060012,20261002070013,,PM
2026-10-02T00:00:52.837065+00:00,PMP00525,02,9,20261002085310,20261002060012,20261002012012,20261002060012,PM
2026-10-02T00:00:52.837065+00:00,PMP00525,03,9,20261002085310,20261002062012,20261002070013,,PM
2026-10-02T00:00:52.837065+00:00,PMP00525,04,9,20261002085310,20261002062012,20261002082012,,PM
2026-10-02T00:00:52.837065+00:00,PMP00525,05,9,20261002085310,20261002070013,20261002082012,,PM
2026-10-02T00:00:52.837065+00:00,PMP00525,06,9,20261002085310,20261002062012,20261002070013,,PM
2026-10-02T00:00:52.837065+00:00,PMP00525,07,9,20261002085310,20261002082012,20261001222012,20261002082012,PM
2026-10-02T00:00:52.837065+00:00,PMP00525,08,9,20261002085310,20261002082012,20261002070013,20261002082012,PM
2026-10-02T00:00:52.837065+00:00,PMP00526,01,9,20261002085310,20261002060012,20261002070012,,PM
2026-10-02T00:00:52.837065+00:00,PMP00526,02,9,20261002085310,20261001220012,20261001222012,,PM
2026-10-02T00:00:52.837065+00:00,PMP00526,03,9,20261002085310,20261002082012,20261001210012,20261002082012,PM
2026-10-02T00:00:52.837065+00:00,PMP00526,04,9,20261002085310,20261002082012,20260928191301,20261002082012,PM
2026-10-02T00:00:52.837065+00:00,PMP00527,01,9,20261002085310,20261002002013,20261002004013,,PM
2026-10-02T00:00:52.837065+00:00,PMP00527,02,9,20261002085310,20261002002013,20261002012013,,PM
2026-10-02T00:00:52.837065+00:00,PMP00527,03,9,20261002085310,20261001232013,20261002004013,,PM
2026-10-02T00:00:52.837065+00:00,PMP00527,04,9,20261002085310,20261002002013,20261002012013,,PM
2026-10-02T00:00:52.837065+00:00,PW000209,04,3,20261002085110,20261002085110,20261001140708,20261002084823,PW
2026-10-02T00:00:52.837065+00:00,PW000212,02,2,20261002085611,20261001180611,20261001213630,,PW
2026-10-02T00:00:52.837065+00:00,PW000425,01,2,20261002085110,20261002074504,20261002084703,,PW
2026-10-02T00:00:52.837065+00:00,PW000688,01,3,20261002085710,20261002085710,20261001235741,20261002085617,PW
2026-10-02T00:00:52.837065+00:00,PW000924,01,2,20261002085408,20261001184827,20261002011855,,PW
2026-10-02T00:00:52.837065+00:00,PW010768,08,2,20261002085610,20261001202130,20261002045206,,PW
2026-10-02T00:00:52.837065+00:00,PW010768,09,2,20261002085110,20261001200649,20261001212201,,PW
2026-10-02T00:00:52.837065+00:00,PW011045,05,2,20261002085712,20261002001917,20261002081955,,PW
2026-10-02T00:00:52.837065+00:00,PW011194,07,2,20261002085409,20261001164537,20261001200055,,PW
2026-10-02T00:00:52.837065+00:00,PW012283,01,2,20261002085808,20261001162100,20261001190628,,PW
2026-10-02T00:00:52.837065+00:00,PW012519,03,2,20261002085409,20261001172102,20261001213654,,PW
2026-10-02T00:00:52.837065+00:00,PW012593,03,2,20261002085410,20261002075052,20261002085154,,PW
2026-10-02T00:00:52.837065+00:00,PW012713,01,2,20261002085809,20260930191425,20261001121530,,PW
2026-10-02T00:00:52.837065+00:00,PW013080,02,3,20261002085822,20261002085822,20260930180845,20261002085541,PW
2026-10-02T00:00:52.837065+00:00,PW013094,04,2,20261002085422,20261001214434,20261002043009,,PW
2026-10-02T00:00:52.837065+00:00,PW013241,04,3,20261002085834,20261002085834,20261001033028,20261002085649,PW
2026-10-02T00:00:52.837065+00:00,PW013323,01,2,20261002085837,20261001202404,20261001231040,,PW
2026-10-02T00:00:52.837065+00:00,PW013448,19,2,20261002085847,20261001140938,20261001194014,,PW
2026-10-02T00:00:52.837065+00:00,PW013757,09,2,20261002085901,20261001224632,20261002033200,,PW
2026-10-02T00:00:52.837065+00:00,PW014121,06,2,20261002085513,20260930220636,20261001053742,,PW
2026-10-02T00:00:52.837065+00:00,PW014149,01,3,20261002085913,20261002085913,20261001132147,20261002085724,PW
2026-10-02T00:00:52.837065+00:00,PW014214,07,2,20261002085919,20261001171601,20261001223107,,PW
2026-10-02T00:00:52.837065+00:00,PW014217,02,3,20261002085522,20261002085522,20260930115230,20261002085500,PW
2026-10-02T00:00:52.837065+00:00,PW014495,08,3,20261002085533,20261002085533,20261001172413,20261002085034,PW
2026-10-02T00:00:52.837065+00:00,PW014501,32,3,20261002085931,20261002085931,20260930204456,20261002085705,PW
2026-10-02T00:00:52.837065+00:00,PW014608,02,2,20261002085536,20261001203355,20261002023427,,PW
2026-10-02T00:00:52.837065+00:00,PW014689,02,3,20261002085941,20261002085941,20260929105716,20261002085931,PW
2026-10-02T00:00:52.837065+00:00,PW014784,19,2,20261002085943,20261001211442,20261002003107,,PW
2026-10-02T00:00:52.837065+00:00,PW014904,10,3,20261002085549,20261002085549,20260924161833,20261002085301,PW
2026-10-02T00:00:52.837065+00:00,PW015149,07,2,20261002085610,20261001231420,20261002043117,,PW
2026-10-02T00:00:52.837065+00:00,PW015417,05,3,20261002085616,20261002085616,20261001133836,20261002085328,PW
2026-10-02T00:00:52.837065+00:00,PW100944,01,2,20261002085111,20261001215210,20261002003726,,PW
2026-10-02T00:00:52.837065+00:00,PW800064,01,2,20261002085610,20261001224307,20261002084446,,PW
2026-10-02T00:00:52.837065+00:00,PW800065,04,2,20261002085610,20261001200734,20261001231941,,PW
2026-10-02T00:00:52.837065+00:00,PW800512,04,2,20261002085322,20261001182330,20261002012341,,PW
2026-10-02T00:00:52.837065+00:00,PW800658,09,2,20261002085407,20261001220028,20261002015110,,PW
2026-10-02T00:00:52.837065+00:00,PW800658,23,2,20261002085407,20261001190239,20261001221320,,PW
2026-10-02T00:00:52.837065+00:00,PW800837,04,2,20261002085511,20260930232217,20261001033250,,PW
2026-10-02T00:00:52.837065+00:00,PW801068,20,3,20261002085922,20261002085922,20261001132748,20261002085710,PW
2026-10-02T00:00:52.837065+00:00,PW801090,05,2,20261002085525,20261001183605,20261001220404,,PW
2026-10-02T00:00:52.837065+00:00,PW801369,07,2,20261002085935,20261001192655,20261002085527,,PW
2026-10-02T00:00:52.837065+00:00,PW801420,06,2,20261002085540,20261001232953,20261002051003,,PW
2026-10-02T00:00:52.837065+00:00,PW801455,24,2,20261002085943,20261001204900,20261001231058,,PW
2026-10-02T00:00:52.837065+00:00,PW801481,13,3,20261002085144,20261002085144,20261001113906,20261002085052,PW
2026-10-02T00:00:52.837065+00:00,PW801494,16,2,20261002085946,20261001192630,20261002085601,,PW
2026-10-02T00:00:52.837065+00:00,PWE00863,45,3,20261002085907,20261002085907,20261002081338,20261002085907,PW
2026-10-02T00:00:52.837065+00:00,PWE01135,30,2,20261002085918,20261001182420,20261002085918,,PW
2026-10-02T00:00:52.837065+00:00,PWE05812,11,2,20261002085408,20261002001110,20261002085408,,PW
2026-10-02T00:00:52.837065+00:00,PWE06362,11,3,20261002085407,20261002085407,20261001144210,20261002085407,PW
2026-10-02T00:00:52.837065+00:00,RE000184,02,3,20261002090003,20261002084242,20261002085756,,RE
2026-10-02T00:00:52.837065+00:00,RE000334,04,2,20261002085603,20261001121654,20261001141804,,RE
2026-10-02T00:00:52.837065+00:00,SE000001,01,2,20261002085641,20261002081627,20261002085631,,SE
2026-10-02T00:00:52.837065+00:00,SE000056,01,2,20261002085641,20261002075052,20261002085610,,SE
2026-10-02T00:00:52.837065+00:00,SE000065,02,3,20261002085341,20261002085243,20261002030934,20261002085243,SE
2026-10-02T00:00:52.837065+00:00,SE000093,01,3,20261002085841,20261002085836,20261002063851,20261002085836,SE
2026-10-02T00:00:52.837065+00:00,SE000101,01,2,20261002085841,20261002085643,20261002085832,,SE
2026-10-02T00:00:52.837065+00:00,SE000102,03,2,20261002085141,20261002084951,20261002085052,,SE
2026-10-02T00:00:52.837065+00:00,SE000102,04,2,20261002085441,20261002085311,20261002085412,,SE
2026-10-02T00:00:52.837065+00:00,SE000102,05,2,20261002085741,20261002085551,20261002085652,,SE
2026-10-02T00:00:52.837065+00:00,SE000102,06,2,20261002085941,20261002085837,20261002085937,,SE
2026-10-02T00:00:52.837065+00:00,SE000140,01,2,20261002085941,20261002082813,20261002085851,,SE
2026-10-02T00:00:52.837065+00:00,SE000142,02,2,20261002085342,20261002081303,20261002085343,,SE
2026-10-02T00:00:52.837065+00:00,SE000175,01,3,20261002085842,20261002085742,20261002074643,20261002085742,SE
2026-10-02T00:00:52.837065+00:00,SE000184,01,2,20261002085441,20261002075028,20261002085437,,SE
2026-10-02T00:00:52.837065+00:00,SE000191,01,2,20261002085342,20261002081230,20261002085258,,SE
2026-10-02T00:00:52.837065+00:00,SE000214,01,2,20261002085742,20261002074047,20261002085714,,SE
2026-10-02T00:00:52.837065+00:00,SF000200,00,2,20261002085940,20261001161610,20261002085403,,SF
2026-10-02T00:00:52.837065+00:00,SF000422,05,2,20261002085940,20261002072149,20261002085940,,SF
2026-10-02T00:00:52.837065+00:00,SF000424,20,3,20261002085218,20261002085218,20261001120219,20261002084531,SF
2026-10-02T00:00:52.837065+00:00,SF000617,33,2,20261002085137,20261001205518,20261002084419,,SF
2026-10-02T00:00:52.837065+00:00,SF000817,08,2,20261002085958,20261002074222,20261002085055,,SF
2026-10-02T00:00:52.837065+00:00,SF000817,54,2,20261002085941,20261002071820,20261002085245,,SF
2026-10-02T00:00:52.837065+00:00,SF001104,16,3,20261002085936,20261002085936,20261001151628,20261002085443,SF
2026-10-02T00:00:52.837065+00:00,SF001186,23,3,20261002085155,20261002085155,20260905173113,20261002084607,SF
2026-10-02T00:00:52.837065+00:00,SF001238,25,2,20261002085938,20261001163104,20261002085555,,SF
2026-10-02T00:00:52.837065+00:00,SF001239,10,2,20261002085941,20261001213056,20261002082846,,SF
2026-10-02T00:00:52.837065+00:00,SF001315,21,3,20261002085941,20261002085941,20261001153653,20261002085359,SF
2026-10-02T00:00:52.837065+00:00,SF001340,10,2,20261002085202,20261001182137,20261002084325,,SF
2026-10-02T00:00:52.837065+00:00,SF001347,31,2,20261002085948,20261001214053,20261002085521,,SF
2026-10-02T00:00:52.837065+00:00,SF001900,04,3,20261002085949,20261002085949,20260930160321,20261002084934,SF
2026-10-02T00:00:52.837065+00:00,SF002518,05,3,20261002085138,20261002085138,20260929144435,20261002084613,SF
2026-10-02T00:00:52.837065+00:00,SF002648,38,3,20261002090002,20261002090002,20261001190252,20261002085632,SF
2026-10-02T00:00:52.837065+00:00,SF002992,42,2,20261002085156,20261002073829,20261002084542,,SF
2026-10-02T00:00:52.837065+00:00,SF003256,01,3,20261002085952,20261002085952,20260926025105,20261002085227,SF
2026-10-02T00:00:52.837065+00:00,SF003532,04,3,20261002085959,20261002085959,20261001164506,20261002085217,SF
2026-10-02T00:00:52.837065+00:00,SF003669,03,3,20261002085205,20261002085205,20261001232721,20261002084234,SF
2026-10-02T00:00:52.837065+00:00,SO000036,02,3,20261002085423,20261001083822,20261001095353,20261002084918,SO
2026-10-02T00:00:52.837065+00:00,ST111426,01,3,20261002085335,20261001222847,20261001223133,20261002085335,ST
2026-10-02T00:00:52.837065+00:00,ST111427,04,2,20261002085949,20261002060402,20261002062644,,ST
2026-10-02T00:00:52.837065+00:00,ST111706,01,2,20261002085752,20261002080953,20261002085752,,ST
2026-10-02T00:00:52.837065+00:00,ST111706,02,2,20261002085555,20261002040149,20261002043149,,ST
2026-10-02T00:00:52.837065+00:00,ST112102,01,3,20261002085533,20261002065050,20261002073638,20261002085533,ST
2026-10-02T00:00:52.837065+00:00,ST112605,01,2,20261002085333,20261002040152,20261002040437,,ST
2026-10-02T00:00:52.837065+00:00,ST113808,01,3,20261002085540,20261002085540,20261002085144,20261002074913,ST
2026-10-02T00:00:52.837065+00:00,ST114410,02,3,20261002085338,20261002085338,20260923165236,20261002085338,ST
2026-10-02T00:00:52.837065+00:00,ST114415,05,3,20261002085142,20261001092642,20261001211011,20261002085142,ST
2026-10-02T00:00:52.837065+00:00,ST115006,01,3,20261002085138,20261002035943,20261002043618,20261002085138,ST
2026-10-02T00:00:52.837065+00:00,ST115006,02,3,20261002085932,20261002085932,20260930185436,20260930173822,ST
2026-10-02T00:00:52.837065+00:00,ST115010,01,2,20261002085934,20261002085141,20261002085934,,ST
2026-10-02T00:00:52.837065+00:00,ST115013,01,3,20261002085544,20260930132301,20261001232228,20261002085544,ST
2026-10-02T00:00:52.837065+00:00,ST115017,01,2,20261002085950,20261002070457,20261002082546,,ST
2026-10-02T00:00:52.837065+00:00,ST115409,02,3,20261002085533,20260929132952,20260929204231,20261002085533,ST
2026-10-02T00:00:52.837065+00:00,ST115417,02,3,20261002085936,20260928081714,20260928192411,20261002085936,ST
2026-10-02T00:00:52.837065+00:00,ST115608,01,2,20261002085537,20261001095351,20261001203124,,ST
2026-10-02T00:00:52.837065+00:00,ST115621,01,2,20261002085159,20261002062232,20261002075059,,ST
2026-10-02T00:00:52.837065+00:00,ST115622,01,3,20261002085344,20261002085344,20261002074349,20261002062727,ST
2026-10-02T00:00:52.837065+00:00,ST116513,04,3,20261002085142,20261002085142,20261001121541,20261001085127,ST
2026-10-02T00:00:52.837065+00:00,ST116513,05,2,20261002085743,20261002082745,20261002085743,,ST
2026-10-02T00:00:52.837065+00:00,ST116513,06,2,20261002085148,20261002075740,20261002085148,,ST
2026-10-02T00:00:52.837065+00:00,ST116515,02,3,20261002085142,20260929082748,20260930091259,20261002085142,ST
2026-10-02T00:00:52.837065+00:00,ST116517,06,3,20261002085941,20261002031153,20261002034620,20261002085941,ST
2026-10-02T00:00:52.837065+00:00,ST116524,01,2,20261002085147,20261002042036,20261002074816,,ST
2026-10-02T00:00:52.837065+00:00,ST116524,03,3,20261002085545,20261002085545,20261001162944,20261002011033,ST
2026-10-02T00:00:52.837065+00:00,ST116529,04,2,20261002085736,20261001234830,20261002012023,,ST
2026-10-02T00:00:52.837065+00:00,ST116535,02,2,20261002085548,20260923042518,20260923042708,,ST
2026-10-02T00:00:52.837065+00:00,ST117112,02,3,20261002085342,20261002071814,20261002080150,20261002085342,ST
2026-10-02T00:00:52.837065+00:00,ST117114,02,2,20261002085546,20261001173007,20261002085546,,ST
2026-10-02T00:00:52.837065+00:00,ST117408,01,3,20261002085202,20260918085331,20260918102335,20261002085202,ST
2026-10-02T00:00:52.837065+00:00,ST600041,03,3,20261002085954,20260928063737,20261001133108,20261002085954,ST
2026-10-02T00:00:52.837065+00:00,ST600087,02,3,20261002085157,20261002022714,20261002035634,20261002085157,ST
2026-10-02T00:00:52.837065+00:00,ST600270,04,2,20261002085957,20260926114254,20261002085957,,ST
2026-10-02T00:00:52.837065+00:00,ST600280,02,3,20261002085201,20260924101621,20260924200830,20261002085201,ST
2026-10-02T00:00:52.837065+00:00,ST600323,02,2,20261002085356,20261001221538,20261002022701,,ST
2026-10-02T00:00:52.837065+00:00,ST601050,02,2,20261002085401,20261002081202,20261002085401,,ST
2026-10-02T00:00:52.837065+00:00,ST601187,02,2,20261002085406,20261002083208,20261002085406,,ST
2026-10-02T00:00:52.837065+00:00,ST601273,01,2,20261002085607,20261002082401,20261002085607,,ST
2026-10-02T00:00:52.837065+00:00,ST601333,14,2,20261002085608,20261002085017,20261002085608,,ST
2026-10-02T00:00:52.837065+00:00,ST601334,05,3,20261002085610,20261002085610,20261002085213,20261001175333,ST
2026-10-02T00:00:52.837065+00:00,ST601408,01,2,20261002085409,20261002081011,20261002085409,,ST
2026-10-02T00:00:52.837065+00:00,ST601472,01,2,20261002085613,20261002054600,20261002063056,,ST
2026-10-02T00:00:52.837065+00:00,ST601497,02,2,20261002085414,20261002081214,20261002085414,,ST
2026-10-02T00:00:52.837065+00:00,ST601498,02,3,20261002085617,20261002085617,20261002074417,20261002063653,ST
2026-10-02T00:00:52.837065+00:00,ST601516,14,3,20261002085411,20261002085411,20260930151546,20260929153446,ST
2026-10-02T00:00:52.837065+00:00,ST601592,06,3,20261002085614,20260925212406,20260928205423,20261002085614,ST
2026-10-02T00:00:52.837065+00:00,ST601646,05,4,20261002085415,20260929161716,20260929175122,,ST
2026-10-02T00:00:52.837065+00:00,SZBA0008,01,3,20261002085515,20261002085515,20261002083447,20261002085515,SZ
2026-10-02T00:00:52.837065+00:00,SZBA0008,02,3,20261002085425,20261002085425,20261002083448,20261002085425,SZ
2026-10-02T00:00:52.837065+00:00,SZBA0008,19,2,20261002085958,20261002084714,20261002085958,,SZ
2026-10-02T00:00:52.837065+00:00,SZBA0008,20,2,20261002085959,20261002084739,20261002085959,,SZ
2026-10-02T00:00:52.837065+00:00,SZBA0025,01,3,20261002085414,20261002085414,20261002084836,20261002085414,SZ
2026-10-02T00:00:52.837065+00:00,SZBA0025,02,3,20261002085501,20261002085501,20261002084837,20261002085501,SZ
2026-10-02T00:00:52.837065+00:00,SZBA0029,01,3,20261002085313,20261002085313,20261001190026,20261002085313,SZ
2026-10-02T00:00:52.837065+00:00,SZBA0029,02,3,20261002085237,20261002085237,20261001190027,20261002085237,SZ
2026-10-02T00:00:52.837065+00:00,SZBA0038,01,2,20261002085401,20261002084208,20261002085401,,SZ
2026-10-02T00:00:52.837065+00:00,SZBA0038,02,2,20261002085403,20261002084253,20261002085403,,SZ
2026-10-02T00:00:52.837065+00:00,SZBA0108,01,2,20261002085219,20261001235320,20261002010557,,SZ
2026-10-02T00:00:52.837065+00:00,SZBA0108,02,2,20261002085223,20261002000641,20261002002302,,SZ
2026-10-02T00:00:52.837065+00:00,TDA00058,01,1,20261002090003,20251002174407,20251002174711,,TD
2026-10-02T00:00:52.837065+00:00,TDA00061,02,3,20261002090003,20261002085207,20261001150122,20261002085207,TD
2026-10-02T00:00:52.837065+00:00,TDA00064,24,3,20261002090003,20261002084827,20261001202108,20261002084827,TD
2026-10-02T00:00:52.837065+00:00,TDA00072,04,3,20261002090001,20261002085937,20261001105246,20261002085937,TD
2026-10-02T00:00:52.837065+00:00,TDA00073,03,3,20261002090002,20261002084957,20261002084945,20261002084957,TD
